,4fgldr1,4fgldr1-cls1_x,4fgldr1-3fgl,4fgldr1_features,4fgldr1_labels,3fgl,3fgl-cls1,4fgldr1-cls1_y,4fgldr2,4fgldr2-cls1,4fgldr3,4fgldr3-cls1,4fgldr4,4fgldr4-cls1,predict_lr_dr1,predict_nn_dr1,predict_dnn_dr1,predict_rf_dr1
0,J0001.2-0747,bll,J0001.2-0748,"[2.1483261585235596, 2.1125879287719727, 2.024554967880249, 16.86919403076172, -30.887991467461568, -30.644358725904503, -28.06079986858458, -30.71729261759721, -23.502144869697013, 0.047278109937906265, 0.21193315088748932, 1.4176180362701416, 22.748435974121094, -0.10349427449326612, -0.44158761117213485, -0.6502833496902576, -0.43597098018235214, -0.781991583636568, -0.5599956038839945]",[1],J0001.2-0748,bll,bll,J0001.2-0747,bll,J0001.2-0747,bll,J0001.2-0747,bll,AGN,AGN,AGN,AGN
1,J0001.5+2113,fsrq,J0001.4+2120,"[2.6801705360412598, 2.5975513458251953, 2.255934715270996, 920.6774291992188, -27.6661492374601, -27.344056287527263, -27.82830431983423, -27.404256392505896, -23.431686664999813, 0.1480017751455307, 1.2660484313964844, 5.091225624084473, 30.666046142578125, -0.24777053655154188, -0.6425760847164207, -0.7864170271942148, -0.8775302004878974, -0.9997510248606083, -0.893159989234655]",[1],J0001.4+2120,fsrq,fsrq,J0001.5+2113,fsrq,J0001.5+2113,fsrq,J0001.5+2113,fsrq,AGN,AGN,AGN,AGN
2,J0001.6-4156,bcu,J0002.2-4152,"[1.8335938453674316, 1.7955886125564575, 1.7589176893234253, 13.750535011291504, -33.349621774847336, -33.079637623273136, -28.341509113620315, -33.24853005722194, -23.991594219285492, 0.02506304532289505, 0.4014294743537903, 0.40303584933280945, 11.464016914367676, -0.5563564395531876, -0.815654743065627, -0.3160638388937883, -0.2726878556631666, -0.5583562065032565, -0.14999126002880891]",[1],J0002.2-4152,bcu,bcu,J0001.6-4156,bcu,J0001.6-4156,bcu,J0001.6-4156,bcu,AGN,AGN,AGN,AGN
3,J0003.1-5248,bcu,J0003.2-5246,"[1.8454309701919556, 1.7601653337478638, 1.600625991821289, 5.56784200668335, -33.53153640424708, -33.24043971142041, -28.34562765277011, -33.34158577226078, -23.936244720775292, 0.07142607867717743, 0.0, 1.2588248252868652, 13.530243873596191, 0.9846709613020246, -0.7529764953182579, -0.4110734077331726, -0.3762006457360235, -0.4396728965612332, -0.46085278587609957]",[1],J0003.2-5246,bcu,bcu,J0003.1-5248,bcu,J0003.1-5248,bcu,J0003.1-5248,bcu,AGN,AGN,AGN,AGN
4,J0003.9-1149,bll,J0003.8-1151,"[2.1277146339416504, 2.000701665878296, 1.345658540725708, 4.72314453125, -31.844924205357852, -31.382747508875866, -28.447564927490887, -31.394621399918584, -23.929749573538828, 0.26229074597358704, 0.0, 2.7669737339019775, 10.2339448928833, 0.9995007950827747, -0.29548062535768244, -0.45793995479870986, -0.6076022998702563, -0.6580358887107409, -0.999999996145939]",[1],J0003.8-1151,bcu,bll,J0003.9-1149,bll,J0003.9-1149,bll,J0003.9-1149,bll,AGN,AGN,AGN,AGN
5,J0004.4-4737,fsrq,J0004.7-4740,"[2.414989471435547, 2.3563406467437744, 2.161555051803589, 123.41303253173828, -30.231696520897344, -29.971670642682167, -28.381953528568175, -30.04520325783268, -23.850996901611587, 0.0776294395327568, 0.8326564431190491, 1.6479105949401855, 19.20541763305664, -0.5088327115310213, -0.624675871175332, -0.6864400639097634, -0.6296223501911199, -0.8792684692682596, -0.9996954905713064]",[1],J0004.7-4740,fsrq,fsrq,J0004.4-4737,fsrq,J0004.4-4737,fsrq,J0004.4-4737,fsrq,AGN,AGN,AGN,AGN
6,J0005.9+3824,fsrq,J0006.4+3825,"[2.6667964458465576, 2.6316637992858887, 2.1998510360717773, 23.272005081176758, -28.853975296721988, -28.53243826923714, -28.04959375757635, -28.540477423533357, -23.743948888996474, 0.15494637191295624, 0.32257279753685, 2.530862808227539, 14.659770011901855, -0.3396690279249066, -0.6492034040517807, -0.7973691953288934, -0.8310779310083919, -0.9756107184201163, -0.997996218666879]",[1],J0006.4+3825,fsrq,fsrq,J0005.9+3824,fsrq,J0005.9+3824,fsrq,J0005.9+3824,fsrq,AGN,AGN,AGN,AGN
7,J0007.0+7303,PSR,J0007.0+7302,"[2.0279810428619385, 1.8605095148086548, 1.044554591178894, 4.1237053871154785, -29.394672080602046, -28.87280328701958, -26.391586925125832, -28.88025399784007, -21.457509400181127, 0.2732124626636505, 0.0, 62.408077239990234, 329.0935363769531, -0.03678414747786596, -0.18357183489908196, -0.3906637005774292, -0.5268493827041925, -0.8277249893550812, -0.9291841121047751]",[0],J0007.0+7302,PSR,PSR,J0007.0+7303,PSR,J0007.0+7303,PSR,J0007.0+7303,PSR,PSR,PSR,PSR,PSR
8,J0008.0+4711,bll,J0008.0+4713,"[2.052576780319214, 1.9346354007720947, 1.8158093690872192, 7.431258678436279, -30.806288289951556, -30.610055595821724, -27.520215964037696, -30.676750084047193, -23.131689644065375, 0.07939882576465607, 0.01702754572033882, 3.5582082271575928, 42.16299057006836, -0.6842743544285151, -0.2242280421226121, -0.5103292613956755, -0.44690555524488124, -0.617197336655815, -0.7025465356420763]",[1],J0008.0+4713,bll,bll,J0008.0+4711,bll,J0008.0+4711,bll,J0008.0+4711,bll,AGN,AGN,AGN,AGN
9,J0008.4-2339,bll,J0008.6-2340,"[1.6839512586593628, 1.480987548828125, 1.0323151350021362, 10.5847806930542, -34.385656400875426, -33.95195341997866, -28.333946558320765, -34.02872671773153, -24.041779878900254, 0.16281697154045105, 0.2256074994802475, 1.840216875076294, 10.519943237304688, 0.9758251836315807, -0.7381554610450558, -0.2765940248648487, -0.38996439560055374, 0.14149071610898864, -0.7594921551103461]",[1],J0008.6-2340,bll,bll,J0008.4-2339,bll,J0008.4-2339,bll,J0008.4-2339,bll,AGN,AGN,AGN,AGN
10,J0009.1+0628,bll,J0009.1+0630,"[2.117138624191284, 2.0867202281951904, 1.999100685119629, 11.290437698364258, -31.81349808206431, -31.580117579177234, -28.188668404046684, -31.684115714516302, -23.679511190085726, 0.04512153938412666, 0.23110011219978333, 0.9813812971115112, 13.052364349365234, 0.9991807564316246, 0.1635193210567474, -0.6908289915688088, -0.4201161411655252, -0.602862467464339, -0.4903843654409759]",[1],J0009.1+0630,bll,bll,J0009.1+0628,bll,J0009.1+0628,bll,J0009.1+0628,bll,AGN,AGN,AGN,AGN
11,J0009.3+5030,bll,J0009.3+5030,"[1.9870309829711914, 1.8825231790542603, 1.7909055948257446, 132.09710693359375, -30.609822047990917, -30.41218371779509, -27.461054102575066, -30.50317535172283, -23.028304672492443, 0.06981314718723297, 0.3889666497707367, 4.384577751159668, 54.228363037109375, 0.2176459228751099, -0.44758024151472386, -0.49609715853839037, -0.4564067587982485, -0.6103414831422604, -0.5451608223783598]",[1],J0009.3+5030,bll,bll,J0009.3+5030,bll,J0009.3+5030,bll,J0009.3+5030,bll,AGN,AGN,AGN,AGN
12,J0009.7-3217,rdg,J0009.6-3211,"[2.198152780532837, 2.1488535404205322, 2.0064148902893066, 16.0730037689209, -32.04181721283755, -31.77599020039433, -28.609457873237996, -31.88076693734776, -24.122917339653608, 0.07579900324344635, 0.540166974067688, 0.8613283038139343, 7.085835933685303, -0.9999934189102634, 0.999981559537703, -0.5080588932403236, -0.7994822752674213, -0.1573300652453447, -0.9999585622079897]",[1],J0009.6-3211,bcu,rdg,J0009.7-3217,rdg,J0009.7-3217,rdg,J0009.7-3217,rdg,AGN,AGN,AGN,AGN
13,J0012.0+7043,bcu,J0012.4+7040,"[2.474785327911377, 2.47369647026062, 2.425987958908081, 13.295852661132812, -31.416287885515914, -31.270830619013566, -27.537375806785253, -31.04988645726774, -23.53246776499303, 0.008237446658313274, 0.35219794511795044, 0.16537851095199585, 7.808200836181641, 0.9143199778794447, -0.7198110113003547, -0.7224102377869138, -0.6352235392261114, -0.6704732337157497, -0.9943312035209722]",[1],J0012.4+7040,bcu,bcu,J0012.0+7043,bcu,J0012.0+7043,bcu,J0012.0+7043,bcu,AGN,AGN,AGN,AGN
14,J0013.1-3955,bll,J0013.2-3954,"[2.0500717163085938, 1.980901837348938, 1.7801696062088013, 11.164630889892578, -32.1054349053975, -31.82963864795633, -28.355093693895643, -31.894389223547922, -23.861212793772534, 0.07450506091117859, 0.22682440280914307, 1.4529521465301514, 16.90583038330078, 0.7558755047356513, -0.32381836188679275, -0.5099508598922553, -0.5840131907810057, -0.36393547710441415, -0.9730556847937828]",[1],J0013.2-3954,bll,bll,J0013.1-3955,bll,J0013.1-3955,bll,J0013.1-3955,bll,AGN,AGN,AGN,AGN
15,J0013.9-1854,bll,J0013.9-1853,"[1.9660696983337402, 1.8764379024505615, 1.6217029094696045, 2.608107805252075, -32.77742988690368, -32.49507585048442, -28.41901234948237, -32.54547730777722, -23.961176568550762, 0.08232986181974411, 0.0, 1.2266416549682617, 11.50899600982666, -0.7748841889822307, -0.4590175565075695, -0.4506054083966389, -0.39003388474819356, -0.6016833860403772, -0.4578392955893909]",[1],J0013.9-1853,bll,bll,J0013.9-1854,bll,J0013.9-1854,bll,J0013.9-1854,bll,AGN,AGN,AGN,AGN
16,J0014.1-5022,bll,J0014.0-5025,"[1.9924736022949219, 1.8677359819412231, 1.5867220163345337, 1.6824188232421875, -32.78903117297839, -32.46782662690577, -28.498568990939972, -32.5386367485034, -24.0226090227511, 0.1357184201478958, 0.0, 1.7620410919189453, 10.176718711853027, 0.9285300874060958, -0.6754038577791616, -0.3540413868673038, -0.5579059920578666, -0.4151482938405895, -0.9998083086156024]",[1],J0014.0-5025,bll,bll,J0014.1-5022,bll,J0014.1-5022,bll,J0014.1-5022,bll,AGN,AGN,AGN,AGN
17,J0014.7+5801,bll,J0014.7+5802,"[1.7403266429901123, 1.6241787672042847, 1.3411040306091309, 12.931756019592285, -35.00237407997385, -34.53853099360009, -28.19055243852531, -34.633549325966, -23.66003306363199, 0.15785686671733856, 0.5282782316207886, 1.9213199615478516, 9.260634422302246, -0.9962923748175028, 0.9950866600154405, -0.6760727052990033, 0.14505652270411384, -0.3875114229428948, -0.4480388311657517]",[1],J0014.7+5802,bll,bll,J0014.7+5801,bll,J0014.7+5801,bll,J0014.7+5801,bll,AGN,AGN,AGN,AGN
18,J0014.8+6118,bcu,J0014.6+6119,"[2.0077273845672607, 1.658998966217041, 1.0941685438156128, 3.5426340103149414, -32.8392253040927, -32.405174085721264, -27.827376528212877, -32.433725209888415, -22.99974877136961, 0.2768091559410095, 0.0, 3.4934656620025635, 14.04809856414795, -0.8956940868137568, -0.46390439246935855, -0.314360610994805, -0.30697996071834543, -0.4602656893616224, -0.7904480230029498]",[1],J0014.6+6119,bcu,bcu,J0014.8+6118,bcu,J0014.8+6118,bcu,J0014.8+6118,bcu,AGN,AGN,AGN,AGN
19,J0015.6+5551,bll,J0015.7+5552,"[1.9079774618148804, 1.9389119148254395, 1.9070624113082886, 8.877668380737305, -34.07302561294025, -33.920069185307774, -28.15162888827241, -33.99497597732072, -23.57505807820404, -0.02944173477590084, 0.27289721369743347, 0.5630202889442444, 10.681838989257812, 0.7700384701876717, -0.5396964017156689, -0.6401996703637272, -0.46400206860901244, -0.46495737806790166, -0.1825568980241705]",[1],J0015.7+5552,bcu,bll,J0015.6+5551,bll,J0015.6+5551,bll,J0015.6+5551,bll,AGN,AGN,AGN,AGN
20,J0016.2-0016,fsrq,J0016.3-0013,"[2.726546049118042, 2.5850231647491455, 2.1430344581604004, 69.39717102050781, -27.785265334633646, -27.470071833962695, -28.021782195828536, -27.50879709330611, -23.68717147375632, 0.1865321546792984, 0.476826012134552, 4.009281158447266, 20.640504837036133, -0.10060008108128445, -0.6679757507605193, -0.7716552666712067, -0.9999999402525334, 0.9999915156249304, -0.9991738587198]",[1],J0016.3-0013,fsrq,fsrq,J0016.2-0016,fsrq,J0016.2-0016,fsrq,J0016.2-0016,fsrq,AGN,AGN,AGN,AGN
21,J0017.0-0649,bcu,J0017.2-0643,"[2.3924777507781982, 2.3704988956451416, 2.3008759021759033, 23.67684555053711, -30.549866631483024, -30.356533627817583, -28.266997936398425, -30.434918982623444, -23.814721670659676, 0.03640260174870491, 0.37011778354644775, 0.6606490612030029, 10.720091819763184, 0.994869351978031, -0.47349121872707367, -0.7328528785437392, -0.5602087110002903, -0.7724240115291429, -0.4417452673037978]",[1],J0017.2-0643,bcu,bcu,J0017.0-0649,bcu,J0017.0-0649,bcu,J0017.0-0649,bcu,AGN,AGN,AGN,AGN
22,J0017.5-0514,FSRQ,J0017.6-0512,"[2.5345942974090576, 2.5544698238372803, 2.2853481769561768, 224.7967529296875, -29.651524873108304, -29.38906899689723, -27.74949108446358, -29.40936280119366, -23.450407648078123, 0.11073661595582962, 0.9487254023551941, 3.1191134452819824, 23.148046493530273, 0.10308633744200085, -0.6072475842350086, -0.7549219487007155, -0.7826226002799961, -0.5794303668309007, -0.999826891058689]",[1],J0017.6-0512,FSRQ,FSRQ,J0017.5-0514,FSRQ,J0017.5-0514,FSRQ,J0017.5-0514,FSRQ,AGN,AGN,AGN,AGN
23,J0018.4+2946,bll,J0018.4+2947,"[1.7145041227340698, 1.5531558990478516, 1.3316689729690552, 5.411752700805664, -34.076158555452025, -33.65769618201063, -28.246297321102027, -33.80131003140727, -23.943870510309317, 0.1360732465982437, 0.0, 1.9924904108047485, 12.004144668579102, 0.9932207834059467, -0.834449227734563, 0.047492391885986744, -0.2534527494877892, -0.6159102550825641, 0.007773071663181076]",[1],J0018.4+2947,bll,bll,J0018.4+2946,bll,J0018.4+2946,bll,J0018.4+2946,bll,AGN,AGN,AGN,AGN
24,J0019.2-5640,bcu,J0019.1-5645,"[2.2656466960906982, 2.249429702758789, 2.127271890640259, 22.939634323120117, -31.738543820716234, -31.569062153954416, -28.667000897185478, -31.595933732180598, -24.190458775463757, 0.02424963004887104, 0.6054655313491821, 0.37399908900260925, 8.953907012939453, 0.8320316155435891, -0.378339110241436, -0.6847790020620831, -0.4924753712620076, -0.6508961719571879, -0.9998906113787898]",[1],J0019.1-5645,bcu,bcu,J0019.2-5640,bcu,J0019.2-5640,bcu,J0019.2-5640,bcu,AGN,AGN,AGN,AGN
25,J0019.3-8152,bll,J0018.9-8152,"[2.1021957397460938, 2.0818393230438232, 1.9339172840118408, 14.42039966583252, -32.25648942453063, -32.04446387499513, -28.220341534406298, -32.119535698817195, -23.723787810590867, 0.0187128484249115, 0.2904532849788666, 0.4083841145038605, 15.82794189453125, -0.6985618485766529, -0.5307329249717895, -0.5883422480952004, -0.4792611974510767, -0.44888208986566297, -0.8558035782328056]",[1],J0018.9-8152,bll,bll,J0019.3-8152,bll,J0019.3-8152,bll,J0019.3-8152,bll,AGN,AGN,AGN,AGN
26,J0019.6+2022,bll,J0019.4+2021,"[2.1520309448242188, 2.1249799728393555, 1.6649582386016846, 11.287679672241211, -31.957416877542943, -31.609262437659396, -28.425473256500297, -31.584287829454144, -23.920710091547598, 0.15015661716461182, 0.41340556740760803, 1.8228938579559326, 9.600922584533691, -0.5290041947635075, 0.9942901548562576, -0.5989147670257009, -0.6102986023103696, -0.8115976173983288, -0.4747271708807364]",[1],J0019.4+2021,bll,bll,J0019.6+2022,bll,J0019.6+2022,bll,J0019.6+2022,bll,AGN,AGN,AGN,AGN
27,J0021.5-2552,bll,J0021.6-2553,"[2.0997700691223145, 2.06636118888855, 1.9879281520843506, 24.355541229248047, -31.286579155197803, -31.065556335452598, -28.234165075298332, -31.169842897903745, -23.705129905254154, 0.038864485919475555, 0.3459525406360626, 1.1331720352172852, 21.203887939453125, -0.4363683175257779, -0.36094408603002437, -0.5567458780699738, -0.4818187894481669, -0.7465563408175016, -0.3217750140207927]",[1],J0021.6-2553,bll,bll,J0021.5-2552,bll,J0021.5-2552,bll,J0021.5-2552,bll,AGN,AGN,AGN,AGN
28,J0021.9-5140,bll,J0022.1-5141,"[2.042762041091919, 2.004706621170044, 1.9293819665908813, 18.849267959594727, -31.760365312666323, -31.54111273722987, -28.270217004264754, -31.645594330796456, -23.784668432389733, 0.0368097685277462, 0.26840725541114807, 1.0597529411315918, 22.871875762939453, 0.3224489535878261, -0.598734938176244, -0.4504860515840914, -0.5654227287517369, -0.44366338661299776, -0.567192805963708]",[1],J0022.1-5141,bll,bll,J0021.9-5140,bll,J0021.9-5140,bll,J0021.9-5140,bll,AGN,AGN,AGN,AGN
29,J0022.1-1854,bll,J0022.1-1855,"[1.9354254007339478, 1.8248175382614136, 1.6610536575317383, 3.06457257270813, -31.84903247225343, -31.53191554664719, -27.942310392287595, -31.636434913312, -23.561950653834153, 0.09708254039287567, 0.0, 2.653484344482422, 25.47849464416504, 0.8303519797464871, -0.5211309661148755, -0.32822761701813785, -0.39617791264026964, -0.7766300806545963, -0.1312788774700696]",[1],J0022.1-1855,bll,bll,J0022.1-1854,bll,J0022.1-1854,bll,J0022.1-1854,bll,AGN,AGN,AGN,AGN
30,J0022.5+0608,bll,J0022.5+0608,"[2.16977858543396, 2.1405155658721924, 2.060084581375122, 48.994625091552734, -30.32962048876348, -30.116834383847216, -27.762486733440113, -30.211697618635533, -23.178679893959842, 0.032631900161504745, 0.258208692073822, 1.612537145614624, 41.94831085205078, -0.12532182300464675, -0.5219664635718746, -0.5937423324126913, -0.5556525527285932, -0.6658049836008638, -0.7050968228394341]",[1],J0022.5+0608,bll,bll,J0022.5+0608,bll,J0022.5+0608,bll,J0022.5+0608,bll,AGN,AGN,AGN,AGN
31,J0023.4+0920,PSR,J0023.4+0923,"[2.252911329269409, 1.8338984251022339, 0.910202145576477, 7.111878395080566, -30.076027954264802, -29.5794773953958, -28.03867138377978, -29.62448178035588, -23.158856370352986, 0.44762367010116577, 0.039543237537145615, 6.8837971687316895, 22.644386291503906, -0.6917360621580445, -0.10896154743188632, -0.49726211793077296, -0.7325199400041754, -0.8432815943972884, -0.9967110067510565]",[0],J0023.4+0923,PSR,PSR,J0023.4+0920,PSR,J0023.4+0920,MSP,J0023.4+0920,MSP,PSR,PSR,PSR,AGN
32,J0023.7-6820,bcu,J0021.6-6835,"[2.765263080596924, 2.731978178024292, 2.514667272567749, 29.871028900146484, -28.746494817509515, -28.451504215941487, -28.414181030123405, -28.53750954643032, -24.16920534276188, 0.11925610899925232, 0.461667001247406, 1.921751618385315, 12.622714042663574, 0.2793556002154786, -0.7428983369815946, -0.8138158527880002, -0.6500102827078141, -0.9999529725561418, 0.02919986101935083]",[1],J0021.6-6835,bcu,bcu,J0023.7-6820,fsrq,J0023.7-6820,fsrq,J0023.7-6820,fsrq,AGN,AGN,AGN,AGN
33,J0023.7+4457,fsrq,J0023.5+4454,"[2.441999673843384, 2.3874292373657227, 2.205169677734375, 30.200374603271484, -30.195032344074903, -29.938153733609273, -28.245482833688772, -29.996385826626405, -23.79924834554184, 0.09911969304084778, 0.5027517676353455, 1.9071073532104492, 13.386444091796875, 0.9996273473143974, -0.5648693092177833, -0.6899956138729421, -0.7477152144647953, -0.7791981610190796, -0.4930235555295206]",[1],J0023.5+4454,fsrq,fsrq,J0023.7+4457,fsrq,J0023.7+4457,fsrq,J0023.7+4457,fsrq,AGN,AGN,AGN,AGN
34,J0024.7+0349,fsrq,J0024.4+0350,"[2.388739585876465, 2.3421759605407715, 2.232740879058838, 84.85297393798828, -31.226237625753797, -30.938001851936836, -28.331677418494003, -31.071578731476393, -23.99883998887898, 0.10263875871896744, 1.8932132720947266, 0.9701172113418579, 6.0540289878845215, -0.5164664229443177, 0.9991273387324453, -0.7895208888681361, -0.5534950129768569, -0.7131285547744517, -0.9999999820089842]",[1],J0024.4+0350,fsrq,fsrq,J0024.7+0349,fsrq,J0024.7+0349,fsrq,J0024.7+0349,fsrq,AGN,AGN,AGN,AGN
35,J0026.6-4600,bll,J0026.7-4603,"[1.964956521987915, 2.0060956478118896, 1.896991491317749, 12.27151107788086, -33.172703789421156, -33.04361416919788, -28.570918732555793, -33.0939698274406, -24.094415503668166, -0.027233807370066643, 0.49288007616996765, 0.4596438705921173, 9.678033828735352, 0.9999200519723871, -0.7103343394085984, -0.5745878070490694, -0.33943447383578806, -0.7588201032201892, 0.2726582784967517]",[1],J0026.7-4603,bll,bll,J0026.6-4600,bll,J0026.6-4600,bll,J0026.6-4600,bll,AGN,AGN,AGN,AGN
36,J0028.1+7505,bcu,J0028.6+7507,"[2.187124729156494, 1.902226448059082, 0.9147071242332458, 6.557798862457275, -32.47801107490398, -31.915225182390373, -28.595794912040617, -31.986452200921093, -23.548912829112176, 0.44364309310913086, 0.0, 3.3273303508758545, 7.89897346496582, -0.6920501878142516, -0.8610816159855952, 0.27477534813241244, -0.5801831378674507, -0.6459674749047539, -0.9997455747294876]",[1],J0028.6+7507,bcu,bcu,J0028.1+7505,bcu,J0028.1+7505,bcu,J0028.1+7505,bcu,AGN,AGN,AGN,AGN
37,J0028.4+2001,fsrq,J0028.8+1951,"[2.4357516765594482, 2.4110891819000244, 2.316662549972534, 27.655412673950195, -29.97376960157342, -29.70747700194164, -28.206027831117183, -29.68686662505944, -23.720515534951225, 0.05410553142428398, 0.40015169978141785, 1.1233530044555664, 13.547593116760254, 0.9969330185620104, -0.6049153030544326, -0.7253793725771723, -0.5985736296063514, -0.9223827876145031, -0.20462554242887987]",[1],J0028.8+1951,bcu,fsrq,J0028.4+2001,fsrq,J0028.5+2001,fsrq,J0028.5+2001,fsrq,AGN,AGN,AGN,AGN
38,J0029.0-7044,bll,J0029.1-7045,"[2.223806858062744, 2.182741641998291, 1.9683183431625366, 25.41967010498047, -31.394519469356574, -31.190279466734175, -28.312669481415387, -31.20414328833164, -23.796337512799184, 0.04705528914928436, 0.3183009922504425, 1.1358839273452759, 18.739412307739258, 0.9593503265839609, -0.6546150891659868, -0.6180761676762155, -0.40751260256524413, -0.844484922730362, -0.9993676241754615]",[1],J0029.1-7045,bll,bll,J0029.0-7044,bll,J0029.0-7044,bll,J0029.0-7044,bll,AGN,AGN,AGN,AGN
39,J0030.2-1647,bll,J0030.2-1646,"[1.7404136657714844, 1.592258095741272, 1.299436092376709, 29.728193283081055, -33.568504343228724, -33.149492664830284, -28.167332778401683, -33.2677986647495, -23.909100913145853, 0.14545471966266632, 0.647475004196167, 2.385913610458374, 13.651061058044434, -0.8537146510552688, 0.9986129814667211, -0.023397574373779408, -0.3047525582793582, -0.45447761851611435, -0.3125328831243457]",[1],J0030.2-1646,bcu,bll,J0030.2-1647,bll,J0030.2-1647,bll,J0030.2-1647,bll,AGN,AGN,AGN,AGN
40,J0030.3-4224,fsrq,J0030.3-4223,"[2.5207369327545166, 2.499926805496216, 2.410677909851074, 71.91012573242188, -29.085410749555752, -28.8669773927164, -28.075278096750715, -28.94590181530727, -23.54225735456185, 0.06309153139591217, 0.3213171362876892, 2.645674228668213, 35.29620361328125, -0.32578542649446973, -0.6368262677498236, -0.7452880243888815, -0.7064763472928445, -0.938382919279685, 0.11213995436074306]",[1],J0030.3-4223,fsrq,fsrq,J0030.3-4224,fsrq,J0030.3-4224,fsrq,J0030.3-4224,fsrq,AGN,AGN,AGN,AGN
41,J0030.4+0451,PSR,J0030.4+0451,"[2.088047981262207, 1.7581394910812378, 0.9148048162460327, 10.896864891052246, -29.108258125613006, -28.58658366470595, -27.493467994904506, -28.663169391777725, -22.352099493863623, 0.38857683539390564, 0.03098449483513832, 28.29245376586914, 120.39053344726562, -0.03538649536425044, -0.16498752591373386, -0.4578671018693912, -0.7380286879499091, -0.9547628707901424, -0.9999999983244953]",[0],J0030.4+0451,PSR,PSR,J0030.4+0451,PSR,J0030.4+0451,MSP,J0030.4+0451,MSP,PSR,PSR,PSR,PSR
42,J0030.6-0212,bcu,J0030.7-0209,"[2.392395257949829, 2.2715046405792236, 2.103788375854492, 695.0655517578125, -28.338352864228682, -28.11553729446158, -27.83403697590672, -28.200118640602785, -23.204146413133657, 0.10139001160860062, 0.9216076135635376, 4.341538906097412, 43.08195114135742, 0.29112796788576595, -0.5400823781090027, -0.7074836393430062, -0.6326802979844501, -0.8696996666836335, -0.9999999959107942]",[1],J0030.7-0209,bcu,bcu,J0030.6-0212,bcu,J0030.6-0212,fsrq,J0030.6-0212,fsrq,AGN,AGN,AGN,AGN
43,J0031.3+0726,bll,J0031.3+0724,"[1.9919337034225464, 2.068665027618408, 1.9009557962417603, 13.281997680664062, -33.20507205290076, -33.01060032979722, -28.46423476300782, -33.11124231966363, -23.958083627021985, -0.04689914360642433, 0.5212528705596924, 0.4985412657260895, 7.548757553100586, -0.4975947914142805, -0.8776600847067044, -0.07004214619256295, -0.7760397251587559, 0.1303752215953011, -0.5973499869621107]",[1],J0031.3+0724,bcu,bll,J0031.3+0726,bll,J0031.3+0726,bll,J0031.3+0726,bll,AGN,AGN,AGN,AGN
44,J0032.4-2849,bll,J0032.3-2852,"[2.2968099117279053, 2.233945608139038, 2.1731820106506348, 10.09860897064209, -31.217950601324276, -30.93107435962131, -28.62292910633909, -31.080886549695652, -24.113595725338, 0.08533845096826553, 0.36001262068748474, 0.9477518796920776, 7.599360466003418, -0.6072480678422679, -0.34991659887736537, -0.5948025516276729, -0.6804924130045634, -0.8462882145352112, 0.038034661201691626]",[1],J0032.3-2852,bll,bll,J0032.4-2849,bll,J0032.4-2849,bll,J0032.4-2849,bll,AGN,AGN,AGN,AGN
45,J0033.5-1921,bll,J0033.6-1921,"[1.766718864440918, 1.6376711130142212, 1.5681812763214111, 27.173614501953125, -30.949121925294346, -30.750742533442622, -27.177846358510944, -30.844080728254546, -22.945294259717972, 0.06644224375486374, 0.16308875381946564, 4.681310653686523, 62.083744049072266, 0.1366309338578892, -0.1656233580237251, -0.3985739100447784, -0.3366141564742239, -0.45248141303054756, -0.45245827178965625]",[1],J0033.6-1921,bll,bll,J0033.5-1921,bll,J0033.5-1921,bll,J0033.5-1921,bll,AGN,AGN,AGN,AGN
46,J0034.3-0534,PSR,J0034.3-0534,"[2.2133901119232178, 1.9943381547927856, 1.504067063331604, 4.971093654632568, -29.3562059489466, -28.969746936353637, -27.884077689492994, -29.048585468308843, -22.94951691882061, 0.22917644679546356, 0.0, 9.458191871643066, 51.41459274291992, -0.3264011883955806, -0.30360854519930974, -0.5483980951289689, -0.6902198488926716, -0.9238302061654575, -0.9999875923251208]",[0],J0034.3-0534,PSR,PSR,J0034.3-0534,PSR,J0034.3-0534,MSP,J0034.3-0534,MSP,PSR,PSR,PSR,AGN
47,J0035.2+1514,bll,J0035.2+1513,"[1.841721773147583, 1.7684717178344727, 1.644477128982544, 26.144092559814453, -32.34013889108633, -32.05987417269251, -27.70713046237846, -32.1591201920636, -23.399898355559497, 0.0631425678730011, 0.29206109046936035, 2.312174081802368, 29.396303176879883, 0.364095914176004, -0.4596828534114485, -0.4376524366966445, -0.3591245960095551, -0.46516541787073584, -0.4990138003745057]",[1],J0035.2+1513,bll,bll,J0035.2+1514,bll,J0035.2+1514,bll,J0035.2+1514,bll,AGN,AGN,AGN,AGN
48,J0035.9+5950,bll,J0035.9+5949,"[1.7547414302825928, 1.6547436714172363, 1.6118617057800293, 149.76358032226562, -32.03457660487546, -31.86925731611273, -27.111848505750103, -31.962754194385873, -22.812889521463614, 0.05110841989517212, 0.42588719725608826, 3.11930513381958, 61.3066291809082, 0.882102680600534, -0.30856454369644715, -0.47214673315326394, -0.2482097450844388, -0.42916678535885, -0.349388680933989]",[1],J0035.9+5949,bll,bll,J0035.9+5950,bll,J0035.9+5950,bll,J0035.9+5950,bll,AGN,AGN,AGN,AGN
49,J0037.8+1239,bll,J0037.9+1239,"[2.187443733215332, 2.1925430297851562, 2.158686637878418, 53.488197326660156, -31.084371890998778, -30.94759354257446, -28.06919052993431, -31.02787347370409, -23.527774980400856, -0.006546934135258198, 0.5709332823753357, 0.20076560974121094, 18.105642318725586, 0.13091398132178633, -0.594895879717419, -0.6426374455617576, -0.4932775723094085, -0.6033993834248044, -0.5503454935076864]",[1],J0037.9+1239,bll,bll,J0037.8+1239,bll,J0037.8+1239,bll,J0037.8+1239,bll,AGN,AGN,AGN,AGN
50,J0038.1+0012,bll,J0038.0+0012,"[2.035956382751465, 2.029378652572632, 1.9316914081573486, 3.821707010269165, -32.35593637642878, -32.19524656013496, -28.29515618659857, -32.24950281123441, -23.80311093152682, 0.006344212684780359, 0.0, 0.14986881613731384, 13.104911804199219, -0.47328220508592567, -0.23371579373959883, -0.7311968626918973, -0.2356293816889375, -0.4919716779659174, -0.6655874878821645]",[1],J0038.0+0012,bll,bll,J0038.1+0012,bll,J0038.1+0012,bll,J0038.1+0012,bll,AGN,AGN,AGN,AGN
51,J0038.2-2459,fsrq,J0038.0-2501,"[2.36381196975708, 2.290992259979248, 1.7643455266952515, 64.82243347167969, -30.67191662230036, -30.29902255310081, -28.50745443828068, -30.340019444371183, -24.01054493613931, 0.21493346989154816, 0.99329674243927, 2.686483383178711, 10.485855102539062, 0.8776353214467273, -0.5333365222155286, -0.7056088341967032, -0.5312546714041065, -0.9997571174212452, -0.7102897803686136]",[1],J0038.0-2501,fsrq,fsrq,J0038.2-2459,fsrq,J0038.2-2459,fsrq,J0038.2-2459,fsrq,AGN,AGN,AGN,AGN
52,J0039.0-0946,fsrq,J0039.1-0939,"[2.7169766426086426, 2.626371145248413, 2.316890239715576, 14.110697746276855, -28.621442632073123, -28.32545738001691, -28.321386100061957, -28.382605512632484, -23.977229200214392, 0.1167869046330452, 0.276827871799469, 1.4058161973953247, 10.354729652404785, -0.5534812789737055, -0.6064030238387588, -0.7878986449468963, -0.8090817214542534, -0.9999253579973064, 0.5012363588855371]",[1],J0039.1-0939,fsrq,fsrq,J0039.0-0946,fsrq,J0039.0-0946,fsrq,J0039.0-0946,fsrq,AGN,AGN,AGN,AGN
53,J0039.1-2219,bcu,J0039.0-2218,"[1.808301329612732, 1.711978793144226, 1.7106289863586426, 6.334054470062256, -33.57337150216939, -33.26227205364567, -28.40618265681494, -33.45883155411101, -24.066425182091365, 0.08384782075881958, 0.0, 1.1591497659683228, 9.915740966796875, 0.9089929351693515, -0.7712689111880678, -0.24769119592233668, -0.30242118525986195, -0.5242252355187529, -0.9999920800640811]",[1],J0039.0-2218,bcu,bcu,J0039.1-2219,bcu,J0039.1-2219,bll,J0039.1-2219,bll,AGN,AGN,AGN,AGN
54,J0039.1+4330,bcu,J0039.1+4330,"[2.0126612186431885, 1.88140869140625, 1.200745940208435, 22.64211654663086, -32.85487959109768, -32.37569729583008, -28.491136372188528, -32.41791582852647, -23.998322393088802, 0.2546277642250061, 0.5871909260749817, 2.2992377281188965, 8.829047203063965, 0.9788796368058967, 0.9966384668665685, -0.48005000757343835, -0.36109434212919755, -0.5840178091385063, -0.999719295924121]",[1],J0039.1+4330,bcu,bcu,J0039.1+4330,bcu,J0039.1+4330,bcu,J0039.1+4330,bcu,AGN,AGN,AGN,AGN
55,J0040.3+4050,bll,J0040.3+4049,"[1.9973711967468262, 2.067600727081299, 2.254772663116455, 16.018068313598633, -33.76402876097092, -33.88361102926351, -28.330168568492528, -33.82691769809883, -23.755719330184863, -0.10029807686805725, 0.6047163605690002, 2.4398932456970215, 8.012127876281738, 0.9945061305224319, -0.6187254175724771, -0.7683142451386468, -0.45258481270139084, -0.738780371093321, 0.37931244610715426]",[1],J0040.3+4049,bcu,bll,J0040.3+4050,bll,J0040.3+4050,bll,J0040.3+4050,bll,AGN,AGN,AGN,AGN
56,J0040.4-2340,bll,J0040.5-2339,"[2.1263959407806396, 2.0071327686309814, 1.5175272226333618, 16.127866744995117, -32.070627128370276, -31.684333829790504, -28.586952960542508, -31.73968686430004, -24.07375679948651, 0.22140584886074066, 0.6110852360725403, 2.122720718383789, 7.873680114746094, -0.19383345779747665, -0.4600268896071818, -0.5081291076638627, -0.7625647346722085, -0.29744975020268216, -0.9997534200923717]",[1],J0040.5-2339,bcu,bll,J0040.4-2340,bll,J0040.4-2340,bll,J0040.4-2340,bll,AGN,AGN,AGN,AGN
57,J0042.0+3640,bll,J0041.9+3639,"[2.168671131134033, 2.1229639053344727, 1.9913948774337769, 8.312981605529785, -32.57881965181718, -32.355908019759354, -28.47021584764208, -32.426898018329474, -24.021802604816237, 0.04581870883703232, 0.24144098162651062, 0.4537188410758972, 5.71588659286499, -0.9152316885845555, 0.9901405896147843, -0.8705734973618885, -0.12827643212820194, -0.596469051708327, -0.9999990706040649]",[1],J0041.9+3639,bll,bll,J0042.0+3640,bll,J0042.0+3640,bll,J0042.0+3640,bll,AGN,AGN,AGN,AGN
58,J0042.2+2319,fsrq,J0042.0+2318,"[2.288627862930298, 2.1724326610565186, 1.868554711341858, 14.183246612548828, -31.091888897300212, -30.757185353104752, -28.271097443651296, -30.836935071936978, -23.78447186789633, 0.1550655961036682, 0.3157281279563904, 2.1565093994140625, 12.997247695922852, 0.9999754653297268, -0.7100154093215916, -0.6041910383211032, -0.6310121405202667, -0.6946834242704547, -0.9999513281774393]",[1],J0042.0+2318,fsrq,fsrq,J0042.2+2319,fsrq,J0042.2+2319,fsrq,J0042.2+2319,fsrq,AGN,AGN,AGN,AGN
59,J0043.5-0442,bll,J0043.5-0444,"[1.9474424123764038, 1.9539130926132202, 1.8365095853805542, 10.856812477111816, -33.592749138927445, -33.441534304961024, -28.40533531612631, -33.48949150407262, -23.882169507729603, -0.005116315092891455, 0.20206277072429657, 0.07442747801542282, 7.255877494812012, -0.8424332728685436, -0.5502830840141949, -0.627211942169239, -0.36292798746294586, -0.5089659749448889, -0.16617754070787025]",[1],J0043.5-0444,bcu,bll,J0043.5-0442,bll,J0043.5-0442,bll,J0043.5-0442,bll,AGN,AGN,AGN,AGN
60,J0043.7-1116,bll,J0043.7-1117,"[1.9280754327774048, 1.733946442604065, 1.3688222169876099, 11.312284469604492, -32.86393447938855, -32.489625866426636, -28.361414775410857, -32.56135900392129, -23.93132590648188, 0.1743120402097702, 0.4147554934024811, 1.7606483697891235, 8.541921615600586, 0.9987971374119753, -0.8167602161888853, -0.3701859389185246, -0.36607125617122094, -0.6674387836639225, -0.5628659358273365]",[1],J0043.7-1117,bcu,bll,J0043.7-1116,bll,J0043.7-1116,bll,J0043.7-1116,bll,AGN,AGN,AGN,AGN
61,J0043.8+3425,fsrq,J0043.8+3425,"[1.9415438175201416, 1.8540557622909546, 1.7915990352630615, 190.25135803222656, -30.49151042361068, -30.328116739218483, -27.38478169974988, -30.40951805703059, -22.997252336731965, 0.04955409839749336, 0.5041026473045349, 3.2601449489593506, 51.227176666259766, 0.9961279639585949, -0.4088617719008256, -0.5266896291851397, -0.38996141407590507, -0.6036818086908243, -0.455861239773657]",[1],J0043.8+3425,fsrq,fsrq,J0043.8+3425,fsrq,J0043.8+3425,fsrq,J0043.8+3425,fsrq,AGN,AGN,AGN,AGN
62,J0044.2-8424,fsrq,J0046.7-8419,"[2.6145026683807373, 2.634160280227661, 2.5768747329711914, 37.876949310302734, -30.09694460239288, -29.909038098287034, -28.09047449991336, -30.00641166424394, -23.94862989151463, -0.02307216078042984, 0.7552075386047363, 0.31506603956222534, 7.020440578460693, -0.4474597249653509, -0.5751532604386421, -0.677665353475801, -0.8984765856260912, -0.006889063864252591, -0.9999808067047394]",[1],J0046.7-8419,fsrq,fsrq,J0044.2-8424,fsrq,J0044.2-8424,fsrq,J0044.2-8424,fsrq,AGN,AGN,AGN,AGN
63,J0045.1-3706,bcu,J0045.2-3704,"[2.5614771842956543, 2.5496602058410645, 2.5220677852630615, 96.88583374023438, -29.161861909980335, -28.953711755351538, -28.403588436265572, -29.067403914398447, -23.872447523876996, 0.018765566870570183, 0.6283195614814758, 0.5004929304122925, 18.92472267150879, -0.24097764499315072, -0.6798166639752042, -0.754414890620128, -0.7127825744815389, -0.869405059211526, 0.0068737166084923]",[1],J0045.2-3704,bcu,bcu,J0045.1-3706,fsrq,J0045.1-3706,fsrq,J0045.1-3706,fsrq,AGN,AGN,AGN,AGN
64,J0045.3+2128,bll,J0045.3+2126,"[1.7999823093414307, 1.6623224020004272, 1.5846318006515503, 144.95066833496094, -31.61501151462697, -31.423543102943547, -27.425335809744805, -31.50910848908708, -23.16502928442672, 0.07137957215309143, 0.7067996263504028, 3.2419979572296143, 43.481040954589844, -0.6404384001668527, -0.4157805047563686, -0.4011504560595779, -0.2914225024249943, -0.5432607631937266, -0.32593982190520954]",[1],J0045.3+2126,bll,bll,J0045.3+2128,bll,J0045.3+2128,bll,J0045.3+2128,bll,AGN,AGN,AGN,AGN
65,J0045.7+1217,bll,J0045.7+1217,"[1.9976658821105957, 1.987870216369629, 1.9113881587982178, 30.498245239257812, -31.839673859881202, -31.660307263263707, -27.902666794213065, -31.741504076878094, -23.445087110813287, 0.00864797830581665, 0.33712998032569885, 0.3147868812084198, 23.924524307250977, -0.21760326426386978, -0.4836393615890373, -0.5550879004408312, -0.4588188268023581, -0.4587274377753385, -0.5236090703130274]",[1],J0045.7+1217,bll,bll,J0045.7+1217,bll,J0045.7+1217,bll,J0045.7+1217,bll,AGN,AGN,AGN,AGN
66,J0047.0+5657,bll,J0047.0+5658,"[2.160459280014038, 2.077017307281494, 1.8050897121429443, 69.40971374511719, -31.815920893072015, -31.504440047319754, -27.896521565113414, -31.570253104006696, -23.425461159034654, 0.11459822952747345, 0.5940244197845459, 2.839125394821167, 20.321195602416992, 0.7161507305246407, -0.18357452803332786, -0.5979156347773368, -0.48297064370258935, -0.702372215600104, -0.6855787531001988]",[1],J0047.0+5658,bll,bll,J0047.0+5657,bll,J0047.0+5657,bll,J0047.0+5657,bll,AGN,AGN,AGN,AGN
67,J0047.9+3947,bll,J0048.0+3950,"[1.9829094409942627, 1.9576979875564575, 1.8791613578796387, 46.95185852050781, -32.117882395819485, -31.91823419615628, -28.082554690239046, -32.00942645696214, -23.633083076354424, 0.02410520613193512, 0.48219943046569824, 0.7998616695404053, 22.64307975769043, 0.6306265391179083, -0.48003316180467037, -0.5110517996174783, -0.48883861306223997, -0.4319667922147693, -0.5608609801362866]",[1],J0048.0+3950,bll,bll,J0047.9+3947,bll,J0047.9+3947,bll,J0047.9+3947,bll,AGN,AGN,AGN,AGN
68,J0047.9+5448,bcu,J0047.9+5447,"[1.5285090208053589, 1.521329641342163, 1.5530881881713867, 8.645206451416016, -36.44028866248362, -36.19032925106441, -28.5136174380715, -36.3074905672039, -24.102591859439585, 0.00689379358664155, 0.0, 0.06867656856775284, 6.546353340148926, -0.875606576149576, 0.995896237037532, -0.9496877498151571, 0.9404788604295178, -0.5301559109958649, -0.08794393796812218]",[1],J0047.9+5447,bcu,bcu,J0047.9+5448,bcu,J0047.9+5448,bcu,J0047.9+5448,bcu,AGN,AGN,AGN,AGN
69,J0047.9+2233,fsrq,J0048.0+2236,"[2.5273399353027344, 2.533836841583252, 2.4737489223480225, 93.98931121826172, -30.465647391081927, -30.334352518140808, -27.73709955073582, -30.367401162410854, -23.60056288711828, 0.013444209471344948, 1.0590407848358154, 0.36185330152511597, 10.826709747314453, 0.975756690257928, -0.6429928613457365, -0.7844134123471986, -0.563943124656412, -0.6782551283181802, -0.9999869759084321]",[1],J0048.0+2236,fsrq,fsrq,J0047.9+2233,fsrq,J0047.9+2233,fsrq,J0047.9+2233,fsrq,AGN,AGN,AGN,AGN
70,J0049.4-5402,bcu,J0049.4-5401,"[2.1877923011779785, 2.0534794330596924, 1.790012240409851, 6.806388854980469, -31.615642418071282, -31.261200821106613, -28.540377688282582, -31.356126866305992, -24.008158714509708, 0.15216344594955444, 0.0833025723695755, 1.851495385169983, 11.868011474609375, -0.5641197307085937, -0.5440679789612545, -0.5015436042986139, -0.5881976440839197, -0.5917598118121555, -0.9999862967226049]",[1],J0049.4-5401,bcu,bcu,J0049.4-5402,bcu,J0049.4-5402,bll,J0049.4-5402,bll,AGN,AGN,AGN,AGN
71,J0049.5-4150,bcu,J0049.4-4149,"[2.0535926818847656, 2.050060987472534, 1.9748141765594482, 3.195427894592285, -33.41318800459115, -33.29567319277028, -28.643079418785266, -33.33054170863764, -24.139842226861113, 0.011505169793963432, 0.0, 0.1780615746974945, 5.693571090698242, -0.999481768926176, 0.9929967688865234, -0.7650830750215408, -0.615235318719881, 0.04332845523165518, -0.6894652066238839]",[1],J0049.4-4149,bcu,bcu,J0049.5-4150,bcu,J0049.5-4150,bcu,J0049.5-4150,bcu,AGN,AGN,AGN,AGN
72,J0049.6-4500,bcu,J0050.0-4458,"[2.4936907291412354, 2.227466344833374, 1.787743330001831, 12.534839630126953, -30.767067801352127, -30.369777602321616, -28.60561544957281, -30.47298828380197, -24.282464229695336, 0.287691593170166, 0.48701921105384827, 1.777092695236206, 7.388803482055664, -0.7446169396077617, -0.4900191023921913, -0.6610857415946406, -0.7399727555293624, -0.9999355411451359, -0.9403999418643155]",[1],J0050.0-4458,bcu,bcu,J0049.6-4500,fsrq,J0049.6-4500,fsrq,J0049.6-4500,fsrq,AGN,AGN,AGN,AGN
73,J0049.7+0237,bll,J0049.7+0237,"[2.2396013736724854, 2.1994314193725586, 2.0727875232696533, 66.94254302978516, -30.257102620188505, -30.026301696158967, -28.029223277835044, -30.10792103805856, -23.419672642438805, 0.05117521062493324, 0.38097575306892395, 1.8710941076278687, 28.825519561767578, 0.7810274795637907, -0.5328669664191809, -0.6324046492412401, -0.5536214609175419, -0.7620746625194341, -0.6733478593531098]",[1],J0049.7+0237,bll,bll,J0049.7+0237,bll,J0049.7+0237,bll,J0049.7+0237,bll,AGN,AGN,AGN,AGN
74,J0050.0-5736,fsrq,J0049.8-5737,"[2.603365659713745, 2.609819173812866, 2.6295695304870605, 19.660661697387695, -29.949679119095588, -29.829139228212423, -28.324969196002872, -29.941497953571687, -24.046062386058438, -0.026931867003440857, 0.31604036688804626, 0.639385998249054, 15.205403327941895, -0.11002562564847673, -0.7510009198315388, -0.7607353719024916, -0.6526652367208421, -0.5848334565142975, -0.9999986122806136]",[1],J0049.8-5737,fsrq,fsrq,J0050.0-5736,fsrq,J0050.0-5736,fsrq,J0050.0-5736,fsrq,AGN,AGN,AGN,AGN
75,J0050.4-0452,fsrq,J0050.4-0449,"[2.3977253437042236, 2.364879846572876, 2.2194526195526123, 161.92079162597656, -29.685814507580123, -29.472481278201865, -27.955090684336415, -29.535775070780566, -23.385555336564398, 0.048587266355752945, 0.6615357995033264, 1.7000807523727417, 27.081424713134766, -0.27537364678312376, -0.5949154666535947, -0.688451417393316, -0.5571918893322918, -0.9239656514069284, -0.4908080741666119]",[1],J0050.4-0449,fsrq,fsrq,J0050.4-0452,fsrq,J0050.4-0452,fsrq,J0050.4-0452,fsrq,AGN,AGN,AGN,AGN
76,J0050.7-0929,BLL,J0050.6-0929,"[2.0404043197631836, 1.936932921409607, 1.8423534631729126, 134.4845428466797, -29.675694142182255, -29.47757500521924, -27.30812396429525, -29.564999185605483, -22.8220567418448, 0.07077627629041672, 0.32897359132766724, 5.089946269989014, 66.41314697265625, -0.045720464204974734, -0.3445196584978566, -0.5574302998815599, -0.49468141637501384, -0.6123605074060011, -0.7387073712171719]",[1],J0050.6-0929,BLL,BLL,J0050.7-0929,BLL,J0050.7-0929,BLL,J0050.7-0929,BLL,AGN,AGN,AGN,AGN
77,J0051.1-0648,fsrq,J0051.0-0649,"[2.3343279361724854, 2.1872832775115967, 1.9214205741882324, 145.84059143066406, -29.539269281688206, -29.24214083720105, -27.92037961687381, -29.32409033241008, -23.32460218904054, 0.16214220225811005, 0.8632879853248596, 4.029719352722168, 22.770898818969727, 0.999595331043181, -0.49295566725956175, -0.6219451457354467, -0.7105763991885161, -0.6072523817989856, -0.9999827409728611]",[1],J0051.0-0649,fsrq,fsrq,J0051.1-0648,fsrq,J0051.1-0648,fsrq,J0051.1-0648,fsrq,AGN,AGN,AGN,AGN
78,J0051.2-6242,bll,J0051.2-6241,"[1.7114965915679932, 1.5158039331436157, 1.354990005493164, 29.625205993652344, -32.233718924521966, -31.956090204112805, -27.549716630177777, -32.047383527236335, -23.359874918955178, 0.1100151315331459, 0.2357923835515976, 5.047303199768066, 44.77458190917969, 0.9999149471537921, 0.3387151199340466, -0.3539644571122516, -0.2144632037146492, -0.4341586201295254, -0.45005984901084195]",[1],J0051.2-6241,bcu,bll,J0051.2-6242,bll,J0051.2-6242,bll,J0051.2-6242,bll,AGN,AGN,AGN,AGN
79,J0054.7-2455,bll,J0054.8-2455,"[1.7468208074569702, 1.5869901180267334, 1.4566333293914795, 11.190835952758789, -32.290550682721545, -32.04092026492012, -27.724242295743075, -32.13035312356125, -23.480029995776448, 0.09162894636392593, 0.151498481631279, 3.030348062515259, 26.82680892944336, -0.7294811642293095, -0.2216331913439769, -0.3536942672011349, -0.30032350202716757, -0.4207060656669611, -0.40388972235516163]",[1],J0054.8-2455,bll,bll,J0054.7-2455,bll,J0054.7-2455,bll,J0054.7-2455,bll,AGN,AGN,AGN,AGN
80,J0055.1-1219,bcu,J0055.2-1213,"[2.3187096118927, 2.2341558933258057, 1.860637903213501, 91.55366516113281, -30.433873782665685, -30.11419062570527, -28.298368859529553, -30.168354971908926, -23.743065055443957, 0.1485808938741684, 0.8854143619537354, 2.661118745803833, 14.57268238067627, 0.9972564333848626, -0.5048045486974503, -0.5744748692696829, -0.7249544865568118, -0.7518715910536214, -0.999964176177434]",[1],J0055.2-1213,bcu,bcu,J0055.1-1219,bcu,J0055.1-1219,bcu,J0055.1-1219,bcu,AGN,AGN,AGN,AGN
81,J0056.3-0935,bll,J0056.3-0935,"[1.870928168296814, 1.867004632949829, 1.8373243808746338, 18.438264846801758, -32.6441814203968, -32.463551788070234, -27.926520625915902, -32.572883808910206, -23.560643732155874, 0.0034685134887695312, 0.3024023473262787, 0.10548586398363113, 20.420991897583008, -0.8919672057139078, -0.17643930746449876, -0.49630285682051856, -0.46623461804646604, -0.4686543038492585, -0.2006367919653457]",[1],J0056.3-0935,bll,bll,J0056.3-0935,bll,J0056.3-0935,bll,J0056.3-0935,bll,AGN,AGN,AGN,AGN
82,J0056.4-2118,bll,J0056.3-2116,"[1.917425274848938, 1.7608815431594849, 1.5022026300430298, 6.8107829093933105, -31.667058636659604, -31.38057409287427, -27.959050635800562, -31.449984561490623, -23.49511545214064, 0.12235184013843536, 0.0, 3.4426989555358887, 23.01467514038086, 0.9989696658300931, 0.19550826020279394, -0.41094548925018654, -0.39972524074703203, -0.4933007270258219, -0.9141936284403355]",[1],J0056.3-2116,bll,bll,J0056.4-2118,bll,J0056.4-2118,bll,J0056.4-2118,bll,AGN,AGN,AGN,AGN
83,J0058.0-0539,fsrq,J0057.9-0542,"[2.4596993923187256, 2.457031488418579, 2.4237818717956543, 53.025474548339844, -30.069015874536685, -29.93262726465569, -28.12278050475791, -30.00073607928879, -23.688764534640228, 0.002762896241620183, 0.5662074685096741, 0.08438806235790253, 12.85505485534668, -0.09152028693693331, -0.7156668527204675, -0.7023884383522004, -0.4951203469898707, -0.9999998866976234, 0.999996336279498]",[1],J0057.9-0542,fsrq,fsrq,J0058.0-0539,fsrq,J0058.0-0539,fsrq,J0058.0-0539,fsrq,AGN,AGN,AGN,AGN
84,J0058.0-3233,bll,J0058.0-3233,"[2.1069655418395996, 1.9547475576400757, 1.7737730741500854, 61.18214416503906, -29.980812897178, -29.728550266684554, -27.874123068506226, -29.815513059204182, -23.28196688125586, 0.1120963916182518, 0.35089901089668274, 4.471376895904541, 38.284324645996094, 0.33613549097935186, -0.4777363457450341, -0.4991048898894073, -0.6128236071873636, -0.6322179868700794, -0.8965864386787691]",[1],J0058.0-3233,bll,bll,J0058.0-3233,bll,J0058.0-3233,bll,J0058.0-3233,bll,AGN,AGN,AGN,AGN
85,J0058.4+3315,fsrq,J0058.3+3315,"[2.3609817028045654, 2.3250274658203125, 2.153526544570923, 74.2668685913086, -31.115391363293227, -30.886124607178598, -28.380613092034036, -30.95090758981598, -23.97162592889465, 0.033863380551338196, 1.421905279159546, 0.3811585009098053, 7.979339599609375, -0.5063420136175479, -0.7839450651875833, -0.4368296301732886, -0.6852391923786013, -0.6046833456586918, -0.9991975306293462]",[1],J0058.3+3315,fsrq,fsrq,J0058.4+3315,fsrq,J0058.4+3315,fsrq,J0058.4+3315,fsrq,AGN,AGN,AGN,AGN
86,J0059.2+0006,fsrq,J0059.6+0003,"[2.358431339263916, 2.347633123397827, 2.2290637493133545, 10.756730079650879, -31.47523692397, -31.29999332564208, -28.30578501200192, -31.364596938507884, -23.980945684598296, 0.013310358859598637, 0.4036440849304199, 0.1150054931640625, 5.8568339347839355, -0.9986293217945581, 0.960294716120411, -0.7500582027275475, -0.4368829425632865, -0.647291291701343, -0.999924053843084]",[1],J0059.6+0003,fsrq,fsrq,J0059.2+0006,fsrq,J0059.2+0006,fsrq,J0059.2+0006,fsrq,AGN,AGN,AGN,AGN
87,J0059.3-0152,bll,J0059.2-0152,"[1.7836271524429321, 1.5983912944793701, 1.347377896308899, 6.105437755584717, -34.092475757395036, -33.62127693304799, -28.34169777298646, -33.76431833000259, -23.923779666615822, 0.160854771733284, 0.0, 1.5475319623947144, 8.841038703918457, -0.9882191106790157, 0.8206627693469253, -0.8873800680260006, 0.6057843838327317, -0.593972086590326, -0.4118580821664724]",[1],J0059.2-0152,bll,bll,J0059.3-0152,bll,J0059.3-0152,bll,J0059.3-0152,bll,AGN,AGN,AGN,AGN
88,J0100.3+0745,bll,J0100.2+0745,"[1.9051300287246704, 1.6723977327346802, 1.3909425735473633, 38.110313415527344, -31.2482090635797, -30.918692091387854, -27.613651917655908, -31.004174588236744, -23.13884397952095, 0.161037877202034, 0.30599427223205566, 5.196662425994873, 35.82908248901367, 0.8536099056558526, -0.004068531595093312, -0.3171897312533602, -0.40763124111874477, -0.5379530313900195, -0.8578585497688718]",[1],J0100.2+0745,bll,bll,J0100.3+0745,bll,J0100.3+0745,bll,J0100.3+0745,bll,AGN,AGN,AGN,AGN
89,J0101.1-6422,PSR,J0101.0-6422,"[2.14693284034729, 1.8117643594741821, 0.955246090888977, 6.279911518096924, -30.184073206545264, -29.68636006075345, -28.243410308610876, -29.759396709753286, -23.195074520890227, 0.4008009135723114, 0.0, 12.707289695739746, 50.42953109741211, 0.9999995367120392, -0.23477583588322104, -0.4266929659131728, -0.7260558290173424, -0.908467555233891, -0.998850662372232]",[0],J0101.0-6422,PSR,PSR,J0101.1-6422,PSR,J0101.1-6422,MSP,J0101.1-6422,MSP,PSR,PSR,PSR,PSR
90,J0102.4+4214,fsrq,J0102.3+4217,"[2.699760675430298, 2.6368014812469482, 2.3525502681732178, 116.45166015625, -28.55333638878225, -28.218417949193405, -28.192952420226707, -28.24073386193708, -23.84896008718017, 0.1274850070476532, 0.7900410294532776, 2.195561408996582, 15.959932327270508, 0.24211880721153925, -0.6906016926818426, -0.8329431366593604, -0.7889358229494648, -0.674161396689818, -0.9999644110128161]",[1],J0102.3+4217,fsrq,fsrq,J0102.4+4214,fsrq,J0102.4+4214,fsrq,J0102.4+4214,fsrq,AGN,AGN,AGN,AGN
91,J0102.8+5824,fsrq,J0102.8+5825,"[2.2876243591308594, 2.213956832885742, 2.120833158493042, 1215.542724609375, -29.36602767685108, -29.1568248443445, -27.16946937592247, -29.247632451849114, -22.722524914841827, 0.07165302336215973, 0.8895303606987, 4.911728858947754, 58.63571548461914, -0.17044071422799112, -0.49250082055881017, -0.6217461715877151, -0.649449783130693, -0.6851684880943427, -0.7407274612189223]",[1],J0102.8+5825,fsrq,fsrq,J0102.8+5824,fsrq,J0102.8+5824,fsrq,J0102.8+5824,fsrq,AGN,AGN,AGN,AGN
92,J0102.8+4839,PSR,J0102.8+4840,"[2.208928346633911, 2.054394483566284, 1.3659577369689941, 5.331156253814697, -30.589155282777856, -30.191456784870674, -27.745293653861694, -30.204883926862454, -22.992845225697227, 0.2710777521133423, 0.0, 8.905413627624512, 35.47665786743164, 0.9774841917839497, -0.4297095058416086, -0.4547496660035164, -0.6128713422655303, -0.8822086213974795, -0.999997846706422]",[0],J0102.8+4840,PSR,PSR,J0102.8+4839,PSR,J0102.8+4839,MSP,J0102.8+4839,MSP,PSR,PSR,PSR,AGN
93,J0103.5+5337,bll,J0103.4+5336,"[1.806544542312622, 1.7113341093063354, 1.5246765613555908, 28.97797203063965, -33.7753930398752, -33.36888550354574, -28.003463501988175, -33.535327572958614, -23.5481128447977, 0.1191600114107132, 0.4994446039199829, 2.5475993156433105, 17.115299224853516, -0.9999994322586021, 0.9999851620958575, 0.29715895214144455, -0.4737683649821584, -0.3929081168781104, -0.44423898156003033]",[1],J0103.4+5336,bll,bll,J0103.5+5337,bll,J0103.5+5337,bll,J0103.5+5337,bll,AGN,AGN,AGN,AGN
94,J0103.8+1321,bll,J0103.7+1323,"[2.1671621799468994, 2.129365921020508, 1.9734803438186646, 29.742412567138672, -31.861186221049, -31.653957606394794, -28.37324650275695, -31.70596191111836, -23.86874026066421, 0.03198469057679176, 0.7071859240531921, 0.45606914162635803, 10.405658721923828, -0.1845036433463796, -0.5435073163783768, -0.5286672842854091, -0.4390410752237073, -0.731698086300608, -0.5640337440586922]",[1],J0103.7+1323,bcu,bll,J0103.8+1321,bll,J0103.8+1321,bll,J0103.8+1321,bll,AGN,AGN,AGN,AGN
95,J0104.8-2416,fsrq,J0105.1-2415,"[2.6157641410827637, 2.545454263687134, 2.323288917541504, 51.464599609375, -28.834865219664653, -28.520649920213966, -28.364712633238593, -28.606323377983475, -23.87556326736321, 0.11263535171747208, 0.5187515616416931, 1.9131633043289185, 16.34297752380371, 0.16689901448873198, -0.5767293509174236, -0.7940756675308474, -0.8297214357589735, -0.5955299354532393, -0.9999978504879441]",[1],J0105.1-2415,fsrq,fsrq,J0104.8-2416,fsrq,J0104.8-2416,fsrq,J0104.8-2416,fsrq,AGN,AGN,AGN,AGN
96,J0105.1+3929,bll,J0105.3+3928,"[2.2915737628936768, 2.224562406539917, 2.0480363368988037, 61.24788284301758, -30.687042787049062, -30.422805585000695, -28.28830108272818, -30.483479535173167, -23.737442959868734, 0.08038502186536789, 0.6629202961921692, 1.7395704984664917, 17.119482040405273, -0.1539619261039685, -0.6981668281799006, -0.5851998459317845, -0.5927852767421733, -0.8883955041506791, -0.44358561742271574]",[1],J0105.3+3928,bll,bll,J0105.1+3929,bll,J0105.1+3929,bll,J0105.1+3929,bll,AGN,AGN,AGN,AGN
97,J0106.4+4855,PSR,J0106.5+4855,"[2.1065850257873535, 1.797188639640808, 0.6645670533180237, 3.060504913330078, -30.876978592581327, -30.375839799773836, -27.820092293255268, -30.386085616853148, -22.824587392711173, 0.471081018447876, 0.0, 14.09506893157959, 48.74802780151367, 0.9567340408447744, 0.0016596820173725426, -0.34018016892244907, -0.5401613760429329, -0.9335843877339237, -0.9999977189450826]",[0],J0106.5+4855,PSR,PSR,J0106.4+4855,PSR,J0106.4+4855,PSR,J0106.4+4855,PSR,PSR,PSR,PSR,PSR
98,J0107.3-1210,bcu,J0107.0-1208,"[2.3180453777313232, 2.3088490962982178, 2.2536709308624268, 18.393007278442383, -31.18623581311117, -30.998263591646644, -28.411001884123102, -31.091525253773654, -23.956247802689475, 0.03969709202647209, 0.5276580452919006, 0.6029096841812134, 7.272835731506348, 0.9855532397213542, -0.5503736809032309, -0.7509417396738451, -0.4766841601556204, -0.8492573511515789, -0.04661542553554257]",[1],J0107.0-1208,bcu,bcu,J0107.3-1210,bcu,J0107.3-1210,bll,J0107.3-1210,bll,AGN,AGN,AGN,AGN
99,J0108.1-0039,fsrq,J0108.5-0035,"[2.668527364730835, 2.620277166366577, 2.341423273086548, 8.886929512023926, -29.85101103832063, -29.632387195948837, -28.04686755001486, -29.66247436435057, -23.951189680660843, 0.08525000512599945, 0.2711905241012573, 0.9036174416542053, 7.244866371154785, -0.02861495259183538, -0.6006726690394001, -0.7516135196811005, -0.5935263457332163, -0.9996933413266236, -0.7116544793044145]",[1],J0108.5-0035,fsrq,fsrq,J0108.1-0039,fsrq,J0108.1-0039,fsrq,J0108.1-0039,fsrq,AGN,AGN,AGN,AGN
100,J0108.6+0134,fsrq,J0108.7+0134,"[2.3532791137695312, 2.2754883766174316, 2.090500593185425, 4121.47509765625, -27.786967223061414, -27.50096084125614, -27.10680310977742, -27.589704348563906, -22.434137011527906, 0.09750407189130783, 0.8121191263198853, 12.683086395263672, 143.10995483398438, -0.20424173610285146, -0.5563631997595341, -0.6836645454546204, -0.6836800699652663, -0.8141801170150698, -0.9594541674556292]",[1],J0108.7+0134,fsrq,fsrq,J0108.6+0134,fsrq,J0108.6+0134,fsrq,J0108.6+0134,fsrq,AGN,AGN,AGN,AGN
101,J0109.1+1815,bll,J0109.1+1816,"[2.067446708679199, 2.0043067932128906, 1.8356343507766724, 4.681580066680908, -31.695090435289902, -31.432235442370676, -28.12192873417692, -31.507206248438667, -23.619009441592052, 0.06390506029129028, 0.0, 1.5655268430709839, 18.37801170349121, -0.3562032068431793, -0.5178001484365035, -0.4044337727007561, -0.5840473462444485, -0.44570621850377823, -0.8884546678194893]",[1],J0109.1+1816,bll,bll,J0109.1+1815,bll,J0109.1+1815,bll,J0109.1+1815,bll,AGN,AGN,AGN,AGN
102,J0109.7+6133,fsrq,J0109.8+6132,"[2.607088088989258, 2.5576207637786865, 2.11299204826355, 865.7294311523438, -28.912848313215616, -28.588373118834365, -26.987146429594514, -28.601610289347214, -22.88749861402054, 0.16205322742462158, 1.075520396232605, 6.549904823303223, 34.74128723144531, -0.1469917570983996, -0.5762243051756635, -0.732427599880335, -0.8048197086293793, -0.9085705476394236, -0.9999748802025051]",[1],J0109.8+6132,fsrq,fsrq,J0109.7+6133,fsrq,J0109.7+6133,fsrq,J0109.7+6133,fsrq,AGN,AGN,AGN,AGN
103,J0110.0-4019,bll,J0109.9-4020,"[1.7946929931640625, 1.6804084777832031, 1.526289463043213, 15.402684211730957, -33.776188958880006, -33.43457356540997, -28.48498230303387, -33.568181300377326, -24.144340093964413, 0.0978868156671524, 0.45781248807907104, 1.2299937009811401, 9.370814323425293, -0.9999900444331974, 0.9990482259784704, -0.07983150946207833, -0.43336976193684457, -0.7795892211285866, 0.37413261245781915]",[1],J0109.9-4020,bll,bll,J0110.0-4019,bll,J0110.0-4019,bll,J0110.0-4019,bll,AGN,AGN,AGN,AGN
104,J0110.1+6805,bll,J0110.2+6806,"[1.9960838556289673, 1.9882677793502808, 1.9448319673538208, 7.24593448638916, -32.23729959838379, -32.08224297998038, -27.517179858414014, -32.16568366659344, -23.012153822532955, 0.007811922580003738, 0.0, 0.4288831353187561, 38.452022552490234, 0.9466754262998407, -0.47187096560024583, -0.5952302478049363, -0.4809092348592019, -0.4500342599298633, -0.4960768696165536]",[1],J0110.2+6806,bll,bll,J0110.1+6805,bll,J0110.1+6805,bll,J0110.1+6805,bll,AGN,AGN,AGN,AGN
105,J0110.7-1254,bll,J0110.9-1254,"[1.9825665950775146, 1.991798996925354, 2.0255661010742188, 6.73499870300293, -33.13548567259498, -33.049739421885924, -28.41205787248219, -33.11302294637151, -23.913702003063456, -0.023275237530469894, 0.0, 0.4765404462814331, 8.351399421691895, 0.7544695607725965, 0.9674235141803791, -0.7003671330468073, -0.7405406874096736, -0.3923074689449916, 0.33757451485448203]",[1],J0110.9-1254,bll,bll,J0110.7-1254,bll,J0110.7-1254,bll,J0110.7-1254,bll,AGN,AGN,AGN,AGN
106,J0111.4+0534,bll,J0111.5+0535,"[1.9516994953155518, 1.8612596988677979, 1.659438967704773, 9.341590881347656, -33.67078596043379, -33.33843726053036, -28.566436145019882, -33.420466078977974, -24.051297964245318, 0.09627693146467209, 0.0629526823759079, 0.6276153922080994, 5.805865287780762, -0.9261195358885393, 0.9910094266200808, -0.7807472975986668, 0.024172843598635765, -0.7937231656716416, -0.2182656185953889]",[1],J0111.5+0535,bll,bll,J0111.4+0534,bll,J0111.4+0534,bll,J0111.4+0534,bll,AGN,AGN,AGN,AGN
107,J0112.1+2245,BLL,J0112.1+2245,"[2.071075439453125, 1.9900836944580078, 1.9163841009140015, 313.15142822265625, -29.044441225427697, -28.855883018807514, -27.03416471314072, -28.94744912420221, -22.538039156533703, 0.05689514800906181, 0.2932418882846832, 6.279885768890381, 111.41477966308594, 0.0349063437925627, -0.44206320161884294, -0.5570099633369614, -0.5297444565319026, -0.5961474052856865, -0.7548149131424589]",[1],J0112.1+2245,BLL,BLL,J0112.1+2245,BLL,J0112.1+2245,BLL,J0112.1+2245,BLL,AGN,AGN,AGN,AGN
108,J0112.8+3208,fsrq,J0112.8+3207,"[2.3686182498931885, 2.3040432929992676, 2.2163541316986084, 889.4927368164062, -28.301741252018683, -28.13950024958548, -27.675241885405953, -28.21569930209206, -23.106521247520078, 0.049941811710596085, 0.8327615261077881, 3.286616563796997, 58.18073654174805, -0.3048279406608845, -0.5861550668854629, -0.6731261152249541, -0.6340714311177309, -0.8457726737722749, -0.6634657428047087]",[1],J0112.8+3207,fsrq,fsrq,J0112.8+3208,fsrq,J0112.8+3208,fsrq,J0112.8+3208,fsrq,AGN,AGN,AGN,AGN
109,J0113.1-3553,fsrq,J0113.0-3554,"[2.3993542194366455, 2.3199641704559326, 2.0992894172668457, 33.30788803100586, -30.428954193994, -30.11929078588313, -28.55545189201943, -30.20137496999241, -24.039414875996172, 0.11294880509376526, 0.6945571303367615, 1.6049118041992188, 11.141371726989746, 0.9989877550897799, -0.5308030399555207, -0.5839015663001967, -0.8467398050553209, -0.6350985716444424, -0.9995692548168504]",[1],J0113.0-3554,fsrq,fsrq,J0113.1-3553,fsrq,J0113.1-3553,fsrq,J0113.1-3553,fsrq,AGN,AGN,AGN,AGN
110,J0113.4+4948,fsrq,J0113.4+4948,"[2.2328646183013916, 2.191521644592285, 2.0565567016601562, 37.58824920654297, -31.02324353266305, -30.785078008035818, -27.963751476882663, -30.85122632806337, -23.45953104788074, 0.06798969209194183, 0.36297693848609924, 2.2549352645874023, 24.470909118652344, 0.9996642622196419, -0.41815321722267446, -0.6297657427241143, -0.5954952875040506, -0.6598823515772853, -0.7915265457045902]",[1],J0113.4+4948,fsrq,fsrq,J0113.4+4948,fsrq,J0113.4+4948,fsrq,J0113.4+4948,fsrq,AGN,AGN,AGN,AGN
111,J0114.8+1326,bll,J0114.8+1326,"[2.066885232925415, 2.0528833866119385, 1.9755780696868896, 40.42911911010742, -31.254885618052498, -31.069202966905486, -27.908059540297927, -31.152994888048585, -23.404177684942933, 0.013717886060476303, 0.334987610578537, 0.5662057399749756, 28.73478126525879, -0.4301668872793124, -0.5360174273769802, -0.5863588116191931, -0.4584752364751728, -0.5912542084435544, -0.5344949827700606]",[1],J0114.8+1326,bll,bll,J0114.8+1326,bll,J0114.8+1326,bll,J0114.8+1326,bll,AGN,AGN,AGN,AGN
112,J0115.6+0356,bll,J0115.7+0356,"[2.0838780403137207, 1.9961202144622803, 1.8289625644683838, 17.95960235595703, -31.12276225094723, -30.81943096614936, -27.873424007421242, -30.92187716851651, -23.356537108216713, 0.08741509169340134, 0.18828627467155457, 2.511444568634033, 29.6135196685791, -0.7200597648569684, -0.33007911344783986, -0.5480492038488858, -0.5046445699142587, -0.6963765264091529, -0.7553224563391523]",[1],J0115.7+0356,bll,bll,J0115.6+0356,bll,J0115.6+0356,bll,J0115.6+0356,bll,AGN,AGN,AGN,AGN
113,J0115.8+2519,bll,J0115.8+2519,"[1.9745302200317383, 1.992364525794983, 1.9347100257873535, 42.22669219970703, -32.09939325401346, -31.96374382092488, -27.84336559807309, -32.03276948335561, -23.39027486009207, -0.01447861734777689, 0.4152788817882538, 0.6033501029014587, 26.748720169067383, -0.16898420405916095, -0.6593600376042216, -0.5748231344776819, -0.40853968321642986, -0.43782474177548, -0.4969434944608011]",[1],J0115.8+2519,bll,bll,J0115.8+2519,bll,J0115.8+2519,bll,J0115.8+2519,bll,AGN,AGN,AGN,AGN
114,J0116.0-1136,fsrq,J0116.0-1134,"[2.3908016681671143, 2.3675663471221924, 2.2831881046295166, 259.4283142089844, -29.512722913104366, -29.28031815944492, -28.09887634846237, -29.37644386853277, -23.47921827120066, 0.04215657711029053, 0.9204558730125427, 1.493166208267212, 28.428150177001953, -0.30538432985795655, -0.5770041157570914, -0.7081294178436714, -0.6102652267701316, -0.7564079439461052, -0.9997696201047007]",[1],J0116.0-1134,fsrq,fsrq,J0116.0-1136,fsrq,J0116.0-1136,fsrq,J0116.0-1136,fsrq,AGN,AGN,AGN,AGN
115,J0116.0-2745,bll,J0116.2-2744,"[1.7768272161483765, 1.6287590265274048, 1.2026737928390503, 9.572112083435059, -34.7346597111558, -34.337608187744, -28.552775898480334, -34.38182835363549, -24.050837104191075, 0.1416609138250351, 0.09905330836772919, 1.1122238636016846, 6.958048343658447, -0.9745738290105729, 0.9926886468740269, 0.25474276471650253, -0.45295865062104756, -0.43871023306513146, -0.14858303070030598]",[1],J0116.2-2744,bcu,bll,J0116.0-2745,bll,J0116.0-2745,bll,J0116.0-2745,bll,AGN,AGN,AGN,AGN
116,J0116.2-6153,bll,J0116.3-6153,"[1.8996840715408325, 1.847549319267273, 1.7125104665756226, 5.751179218292236, -33.28426901362396, -33.012562842041, -28.496612151285635, -33.10254657223141, -24.06760927016728, 0.0591643862426281, 0.0, 1.1796318292617798, 12.710594177246094, -0.9999858612852965, 0.9998033852444997, -0.360756992601181, -0.6146898180958259, -0.17237755943248764, -0.6353847731457607]",[1],J0116.3-6153,bll,bll,J0116.2-6153,bll,J0116.2-6153,bll,J0116.2-6153,bll,AGN,AGN,AGN,AGN
117,J0117.8-2109,fsrq,J0117.8-2113,"[2.3806893825531006, 2.3357958793640137, 2.0566766262054443, 93.3094711303711, -30.62630871197331, -30.373889071129778, -27.721604751646357, -30.418301161793543, -23.377581483763848, 0.11058332771062851, 0.7263376712799072, 2.583256483078003, 18.926124572753906, 0.9997739092220589, -0.3170719597596917, -0.6926087439169734, -0.6688959250925149, -0.6786594527896312, -0.9999912459690029]",[1],J0117.8-2113,fsrq,fsrq,J0117.8-2109,fsrq,J0117.8-2109,fsrq,J0117.8-2109,fsrq,AGN,AGN,AGN,AGN
118,J0118.9-2141,fsrq,J0118.8-2142,"[2.26943302154541, 2.246764659881592, 1.9876571893692017, 169.98922729492188, -29.83577669713084, -29.60112653773188, -27.34541647521875, -29.62376483082446, -22.896243925016424, 0.10583017766475677, 0.40601134300231934, 6.940942764282227, 53.63689422607422, -0.2326044726770627, -0.5853087034017913, -0.6355407449763224, -0.6071092810443731, -0.7792839145840854, -0.7692861163242941]",[1],J0118.8-2142,fsrq,fsrq,J0118.9-2141,fsrq,J0118.9-2141,fsrq,J0118.9-2141,fsrq,AGN,AGN,AGN,AGN
119,J0119.0-1458,bll,J0118.9-1457,"[1.7987903356552124, 1.6799206733703613, 1.4302418231964111, 6.431129455566406, -33.50076837820132, -33.15794163448248, -28.290165648452433, -33.24994076028741, -23.960148263295793, 0.10195356607437134, 0.0, 1.4522695541381836, 11.886982917785645, 0.9066270087618745, -0.2391997400172708, -0.5128155464386707, -0.27794511439181724, -0.46634866229765903, -0.5366392277790974]",[1],J0118.9-1457,bll,bll,J0119.0-1458,bll,J0119.0-1458,bll,J0119.0-1458,bll,AGN,AGN,AGN,AGN
120,J0120.4-2701,bll,J0120.4-2700,"[1.9018555879592896, 1.8053127527236938, 1.75491201877594, 26.235111236572266, -30.338356558746906, -30.171428407021097, -27.20504062755692, -30.25559972329019, -22.880017678610216, 0.05379296839237213, 0.12877124547958374, 4.079737663269043, 71.15261840820312, 0.9990419094414791, -0.36567920037375407, -0.46880190347220185, -0.4121987991226013, -0.5675559984509747, -0.44579894723765845]",[1],J0120.4-2700,bll,bll,J0120.4-2701,bll,J0120.4-2701,bll,J0120.4-2701,bll,AGN,AGN,AGN,AGN
121,J0121.7+5153,bcu,J0121.7+5154,"[1.7898269891738892, 1.7988559007644653, 1.467830777168274, 10.586156845092773, -34.81360758627559, -34.38221712675977, -28.40105466889937, -34.49527890282697, -23.905453901785112, 0.1620577573776245, 0.378307968378067, 1.5664993524551392, 4.5787739753723145, -0.9998956944190808, -0.9999598987673712, 0.9999996536488385, -0.20123913581278716, -0.9210487594031166, 0.5183318874965944]",[1],J0121.7+5154,bcu,bcu,J0121.7+5153,bcu,J0121.7+5153,bcu,J0121.7+5153,bcu,AGN,AGN,AGN,AGN
122,J0123.7-2311,bll,J0123.7-2312,"[1.8529654741287231, 1.8243615627288818, 1.7948174476623535, 20.807144165039062, -32.88838821195779, -32.6585816909962, -28.04496365826675, -32.79262938242601, -23.68431681841759, 0.027249827980995178, 0.3969684839248657, 0.7870944738388062, 18.81922149658203, -0.999993030403378, 0.9999032110766146, -0.40631889121621156, -0.4734200035866626, -0.5066589967574409, -0.16689282273335104]",[1],J0123.7-2312,bll,bll,J0123.7-2311,bll,J0123.7-2311,bll,J0123.7-2311,bll,AGN,AGN,AGN,AGN
123,J0124.8-0625,bll,J0125.2-0627,"[2.198047399520874, 1.993789553642273, 1.383360743522644, 37.6791877746582, -31.548944324143832, -31.08623080500703, -28.438692525657693, -31.081505357071766, -23.9206014292156, 0.28020548820495605, 1.0600781440734863, 2.3071835041046143, 8.531303405761719, -0.7824865865310761, -0.5770398163625458, -0.5719331523855397, -0.5536615438175958, -0.644753165618988, -0.999655553413663]",[1],J0125.2-0627,bll,bll,J0124.8-0625,bll,J0124.8-0625,bll,J0124.8-0625,bll,AGN,AGN,AGN,AGN
124,J0125.3-2548,bll,J0125.4-2548,"[2.2092559337615967, 2.1167123317718506, 1.7951371669769287, 18.367624282836914, -31.08146841215972, -30.80835470315593, -28.30533878640795, -30.83229590940712, -23.740599233960044, 0.09129135310649872, 0.2892974615097046, 1.71356999874115, 18.928665161132812, 0.999050634673393, -0.6278247647560378, -0.501919922250295, -0.5464687772386481, -0.8094363326049973, -0.9999478695306817]",[1],J0125.4-2548,bll,bll,J0125.3-2548,bll,J0125.3-2548,bll,J0125.3-2548,bll,AGN,AGN,AGN,AGN
125,J0126.0-2221,fsrq,J0126.1-2227,"[2.583914041519165, 2.53279709815979, 2.2600674629211426, 73.78884887695312, -29.505781148886683, -29.228381484677392, -28.17522441900801, -29.27132953491456, -23.819698156919063, 0.11903104186058044, 0.7767544984817505, 2.142432928085327, 15.167452812194824, 0.9995756970342825, -0.6322986688528677, -0.7090815249615182, -0.8571031144854793, -0.6420071694390155, -0.9996736820348465]",[1],J0126.1-2227,fsrq,fsrq,J0126.0-2221,fsrq,J0126.0-2221,fsrq,J0126.0-2221,fsrq,AGN,AGN,AGN,AGN
126,J0127.2-0819,bll,J0127.1-0818,"[2.212139368057251, 2.1416046619415283, 1.9196680784225464, 6.241169452667236, -30.858632335353242, -30.579285019559535, -28.166816577765804, -30.645506706004, -23.604672769788603, 0.10026155412197113, 0.0, 2.372568130493164, 19.727304458618164, 0.9957207221309318, -0.5414784998371913, -0.5557762793919162, -0.653209421153871, -0.6521465614160977, -0.9997417181013536]",[1],J0127.1-0818,bll,bll,J0127.2-0819,bll,J0127.2-0819,bll,J0127.2-0819,bll,AGN,AGN,AGN,AGN
127,J0127.2+0324,bll,J0127.2+0325,"[1.960916519165039, 1.8900649547576904, 1.7680280208587646, 42.021728515625, -32.17748013101423, -31.897650192580105, -28.063224648899848, -32.008719998889106, -23.633436860776666, 0.060210101306438446, 0.5979841947555542, 1.409725308418274, 18.056785583496094, -0.8317262067660806, 0.1790788167512575, -0.5544427885020472, -0.34663186850799166, -0.5405161206991094, -0.5582597028069147]",[1],J0127.2+0325,bcu,bll,J0127.2+0324,bll,J0127.2+0324,bll,J0127.2+0324,bll,AGN,AGN,AGN,AGN
128,J0128.5+4440,fsrq,J0128.5+4430,"[2.0685956478118896, 1.9619317054748535, 1.2351093292236328, 26.176773071289062, -33.175186107018106, -32.761355202475315, -28.5674632749023, -32.78606213267836, -24.069515066857395, 0.2460348755121231, 1.2539281845092773, 1.9234631061553955, 4.88075065612793, -0.9999999664075, 0.9999993691134426, -0.6583596554149381, -0.4780307360996428, -0.4385484491633019, -0.9999516595725432]",[1],J0128.5+4430,fsrq,fsrq,J0128.5+4440,fsrq,J0128.5+4440,fsrq,J0128.5+4440,fsrq,AGN,AGN,AGN,AGN
129,J0129.8+1440,fsrq,J0130.8+1441,"[2.7672476768493652, 2.716346263885498, 2.457139730453491, 9.293111801147461, -28.385344947098915, -28.055124738456417, -28.242664722186838, -28.13035510575101, -23.9728891606131, 0.09985987842082977, 0.2013540267944336, 1.1386698484420776, 8.911643028259277, -0.14830304737618724, -0.657019612502696, -0.8679737162676922, -0.6826603610059592, -0.9997795776461378, 0.9974191526388221]",[1],J0130.8+1441,fsrq,fsrq,J0129.8+1440,fsrq,J0129.8+1440,fsrq,J0129.8+1440,fsrq,AGN,AGN,AGN,AGN
130,J0131.1+6120,bll,J0131.2+6120,"[1.776171326637268, 1.635728120803833, 1.5376982688903809, 70.88094329833984, -32.823411310498805, -32.57781461399209, -27.482056406729072, -32.69521602379766, -23.05825558008878, 0.08837849646806717, 0.5611518621444702, 3.434678554534912, 32.377044677734375, -0.8217726793367411, -0.46100937094053435, -0.16060305929590732, -0.3217518541333388, -0.42687747327054154, -0.3252589065323212]",[1],J0131.2+6120,bll,bll,J0131.1+6120,bll,J0131.1+6120,bll,J0131.1+6120,bll,AGN,AGN,AGN,AGN
131,J0131.2+5547,bcu,J0131.3+5548,"[2.0960071086883545, 2.0754382610321045, 1.9400732517242432, 2.945758581161499, -32.577813660416325, -32.383910985526796, -28.01355053943059, -32.41089159046357, -23.53067215185297, 0.03377634659409523, 0.0, 0.6778711676597595, 11.358929634094238, 0.9985133648818516, -0.3854506638097039, -0.6657930639269188, -0.4908733379836109, -0.5597017774741966, -0.7056565481124555]",[1],J0131.3+5548,bcu,bcu,J0131.2+5547,bcu,J0131.2+5547,bcu,J0131.2+5547,bcu,AGN,AGN,AGN,AGN
132,J0132.7-1654,fsrq,J0132.6-1655,"[2.397991895675659, 2.316694498062134, 2.235429525375366, 176.92715454101562, -28.03554287513489, -27.86384479375483, -27.89934023554929, -27.950033960971712, -23.250300109474626, 0.062042754143476486, 0.4148433208465576, 3.2593133449554443, 50.2573127746582, -0.2300857589548498, -0.5839295097650155, -0.6870421812611558, -0.7058511127700431, -0.6503272534700408, -0.999982581602807]",[1],J0132.6-1655,fsrq,fsrq,J0132.7-1654,fsrq,J0132.7-1654,fsrq,J0132.7-1654,fsrq,AGN,AGN,AGN,AGN
133,J0132.7-0804,bcu,J0132.5-0802,"[1.8205769062042236, 1.6927472352981567, 1.4107979536056519, 1.2284388542175293, -33.36793655087013, -32.95932920021955, -28.278321643354033, -33.1004504327189, -23.922732770694, 0.15802104771137238, 0.0, 1.9683265686035156, 9.047406196594238, -0.9972375852875559, 0.9815305572613425, 0.057230265953233134, -0.5003842151758288, -0.5246952630809154, -0.49551296047687465]",[1],J0132.5-0802,bcu,bcu,J0132.7-0804,bcu,J0132.7-0804,fsrq,J0132.7-0804,fsrq,AGN,AGN,AGN,AGN
134,J0132.8-4413,bll,J0133.0-4413,"[2.2169113159179688, 2.2323784828186035, 2.215203285217285, 3.972212553024292, -31.503683482894125, -31.356174154040023, -28.546810276603583, -31.46602806410085, -24.012394988398437, -0.015465127304196358, 0.0, 0.32838425040245056, 12.897944450378418, 0.9996173096270448, -0.6738488243421459, -0.5004630785205807, -0.6247706843514592, -0.7790293113049149, 0.29686131506404995]",[1],J0133.0-4413,bll,bll,J0132.8-4413,bll,J0132.8-4413,bll,J0132.8-4413,bll,AGN,AGN,AGN,AGN
135,J0132.8+4324,bcu,J0133.3+4324,"[2.320540189743042, 2.315493583679199, 2.036231517791748, 15.236700057983398, -31.301014364831968, -30.722394194399254, -28.364476122358862, -30.814587536727974, -23.944913080479385, 0.24477162957191467, 0.5640379786491394, 2.0536129474639893, 7.334001064300537, -0.5864018788734322, 0.9892241328262125, -0.7532833981707897, -0.760613709505505, -0.603512449332938, -0.3552128951766859]",[1],J0133.3+4324,bcu,bcu,J0132.8+4324,bcu,J0132.8+4324,bcu,J0132.8+4324,bcu,AGN,AGN,AGN,AGN
136,J0133.1-5201,bcu,J0133.2-5159,"[2.5423996448516846, 2.4447550773620605, 2.2893080711364746, 357.7136535644531, -28.507321482475657, -28.28116939608279, -28.187796581654695, -28.363625822756443, -23.720441456759087, 0.09593915939331055, 0.9980195760726929, 2.7623932361602783, 27.691978454589844, -0.19146309755168775, -0.6101955562791344, -0.74297802594511, -0.7315999071581034, -0.8435612828239473, -0.9998479975260685]",[1],J0133.2-5159,bcu,bcu,J0133.1-5201,fsrq,J0133.1-5201,fsrq,J0133.1-5201,fsrq,AGN,AGN,AGN,AGN
137,J0134.3-3842,fsrq,J0134.3-3842,"[2.390967607498169, 2.283186435699463, 1.9498443603515625, 29.185087203979492, -30.750627325344606, -30.41343496092625, -28.676658998082683, -30.497896755252935, -24.19126240401485, 0.15829750895500183, 0.8278878927230835, 1.5470075607299805, 7.776139736175537, -0.49603300862331834, -0.03657490510410533, -0.6982996311642896, -0.6285993440581464, -0.9999107811058849, 0.15380677294958175]",[1],J0134.3-3842,fsrq,fsrq,J0134.3-3842,fsrq,J0134.3-3842,fsrq,J0134.3-3842,fsrq,AGN,AGN,AGN,AGN
138,J0134.5+2637,fsrq,J0134.5+2638,"[1.9554048776626587, 1.907666802406311, 1.7982659339904785, 11.420003890991211, -32.417063907733834, -32.183258142412235, -27.93451640394702, -32.279637028207624, -23.479295471922196, 0.0349612832069397, 0.1693541705608368, 0.9203711152076721, 21.996349334716797, -0.3779965185373703, -0.762169744142366, -0.5545603553515481, -0.2439841777891058, -0.5874458131560368, -0.5431973153867881]",[1],J0134.5+2638,bcu,fsrq,J0134.5+2637,fsrq,J0134.5+2637,fsrq,J0134.5+2637,bll,AGN,AGN,AGN,AGN
139,J0136.5+3906,bll,J0136.5+3905,"[1.7116307020187378, 1.5599591732025146, 1.447741150856018, 51.08218002319336, -31.237509437752514, -31.002625394671245, -26.96991821388617, -31.092317003220824, -22.78794765257901, 0.07951834052801132, 0.18838132917881012, 6.3246684074401855, 84.75225067138672, 0.9997871571352633, -0.2903692198764855, -0.3400438688324623, -0.28954825440964554, -0.34733017568353447, -0.537247771052588]",[1],J0136.5+3905,bll,bll,J0136.5+3906,bll,J0136.5+3906,bll,J0136.5+3906,bll,AGN,AGN,AGN,AGN
140,J0137.0+4751,fsrq,J0137.0+4752,"[2.290243625640869, 2.1907215118408203, 2.0153186321258545, 748.4690551757812, -28.875790276964896, -28.627910273729917, -27.426905929549708, -28.706992204769687, -22.84623390882, 0.09805931150913239, 0.5986430048942566, 7.695229530334473, 74.63551330566406, -0.21283592786161978, -0.5071600396528548, -0.6478579491019094, -0.6190596570087583, -0.7934226792199713, -0.8495014060184952]",[1],J0137.0+4752,fsrq,fsrq,J0137.0+4751,fsrq,J0137.0+4751,fsrq,J0137.0+4751,fsrq,AGN,AGN,AGN,AGN
141,J0137.6-2430,fsrq,J0137.6-2430,"[2.5145246982574463, 2.3856191635131836, 2.2167723178863525, 155.1201171875, -27.88711031734795, -27.65834462143073, -28.100798826958783, -27.74456543725996, -23.45082912485109, 0.11303188651800156, 0.44832494854927063, 4.006453037261963, 41.4567756652832, -0.2571612346970006, -0.5725176004239242, -0.7321020638748091, -0.7688166981236918, -0.8550276361314015, -0.999972538078397]",[1],J0137.6-2430,fsrq,fsrq,J0137.6-2430,fsrq,J0137.6-2430,fsrq,J0137.6-2430,fsrq,AGN,AGN,AGN,AGN
142,J0137.9+5814,bll,J0137.8+5813,"[1.958192229270935, 1.9363347291946411, 1.8858251571655273, 14.438074111938477, -32.485986284939855, -32.29457350772292, -27.716498522623063, -32.39721198406809, -23.2288763666275, 0.019354959949851036, 0.15780901908874512, 0.7923309803009033, 28.4631404876709, -0.5942228723666365, -0.5306020030161182, -0.4912125389692503, -0.49484744115985435, -0.43057777720676643, -0.46540015388448663]",[1],J0137.8+5813,bcu,bll,J0137.9+5814,bll,J0137.9+5814,bll,J0137.9+5814,bll,AGN,AGN,AGN,AGN
143,J0140.6+8736,bcu,J0139.9+8735,"[2.1156158447265625, 2.006763458251953, 1.6659393310546875, 24.346046447753906, -32.63848694555661, -32.24112209147369, -28.3801793302691, -32.27961668160232, -23.895444258893733, 0.17676930129528046, 0.6828529238700867, 1.9448953866958618, 7.157844066619873, 0.9941102687841251, 0.7057373473781242, -0.42125582728444716, -0.5736225579755824, -0.6826991567756977, -0.5168975452207122]",[1],J0139.9+8735,bcu,bcu,J0140.6+8736,bcu,J0140.6+8736,bcu,J0140.6+8736,bcu,AGN,AGN,AGN,AGN
144,J0141.4-0928,bll,J0141.4-0929,"[2.1664366722106934, 2.1497371196746826, 2.114215850830078, 48.19811248779297, -30.21027175261644, -30.023569118306607, -27.815094285675706, -30.13217070711227, -23.22468243127312, 0.019733065739274025, 0.25973275303840637, 1.0681768655776978, 44.51384735107422, -0.04486318789573779, -0.5080818454840705, -0.6079860179391297, -0.5557714274841946, -0.6366223757251717, -0.5598512261779691]",[1],J0141.4-0929,bll,bll,J0141.4-0928,bll,J0141.4-0928,bll,J0141.4-0928,bll,AGN,AGN,AGN,AGN
145,J0143.7-5846,bll,J0143.7-5845,"[1.8074455261230469, 1.750138521194458, 1.6471502780914307, 49.33107376098633, -32.352552245543215, -32.08465890345683, -27.78100762271597, -32.19466718466566, -23.55453424256373, 0.048178572207689285, 0.3515177071094513, 2.187407970428467, 38.193939208984375, 0.999793168366608, -0.40918129284186866, -0.3882286118928155, -0.45926039608580577, -0.46150880192591703, -0.25291508043512867]",[1],J0143.7-5845,bll,bll,J0143.7-5846,bll,J0143.7-5846,bll,J0143.7-5846,bll,AGN,AGN,AGN,AGN
146,J0144.6+2705,bll,J0144.6+2705,"[2.1350390911102295, 2.0370633602142334, 1.9274165630340576, 218.37362670898438, -29.148410636625446, -28.917530398132964, -27.25775326005075, -29.015395144032915, -22.67931597214318, 0.08026474714279175, 0.2841038405895233, 7.354279518127441, 88.00514221191406, 0.09581167219667305, -0.44692772441975215, -0.5628647604606126, -0.5743109982847195, -0.6881698454483114, -0.717983081258148]",[1],J0144.6+2705,bll,bll,J0144.6+2705,bll,J0144.6+2705,bll,J0144.6+2705,bll,AGN,AGN,AGN,AGN
147,J0145.0-2732,fsrq,J0145.1-2732,"[2.5887558460235596, 2.4715757369995117, 2.3170711994171143, 651.527099609375, -27.56644646162593, -27.370498825577542, -28.20537178451011, -27.44887724351133, -23.615487118252208, 0.09351441264152527, 1.2094841003417969, 2.8384487628936768, 30.785457611083984, -0.37372529178235253, -0.6357989442482285, -0.7416358481490166, -0.8391103554710261, -0.8991408712480559, -0.8447580992714168]",[1],J0145.1-2732,fsrq,fsrq,J0145.0-2732,fsrq,J0145.0-2732,fsrq,J0145.0-2732,fsrq,AGN,AGN,AGN,AGN
148,J0146.0-6746,bcu,J0146.4-6746,"[2.09230637550354, 1.9852324724197388, 1.8638232946395874, 37.91286849975586, -31.93039268674894, -31.589900918941595, -28.45484964259925, -31.717798478887186, -23.94147991433515, 0.1430530697107315, 0.6266748309135437, 2.73779559135437, 16.049442291259766, 0.9608125112882475, 0.14430516736855964, -0.4812798887341165, -0.5235871437708842, -0.782156984526838, -0.6879576079576006]",[1],J0146.4-6746,bcu,bcu,J0146.0-6746,bcu,J0146.0-6746,bll,J0146.0-6746,bll,AGN,AGN,AGN,AGN
149,J0146.9-5202,bll,J0147.0-5204,"[2.075545072555542, 1.9640170335769653, 1.7397077083587646, 5.719954490661621, -32.27124188572073, -31.996051651725463, -28.5134451420185, -32.066278184964084, -24.008711464519887, 0.08665912598371506, 0.0, 1.2503681182861328, 11.779996871948242, 0.9635788748973683, -0.3988844418141776, -0.5172319975328726, -0.5364777330040004, -0.3777253478843921, -0.9994813614791282]",[1],J0147.0-5204,bcu,bll,J0146.9-5202,bll,J0146.9-5202,bll,J0146.9-5202,bll,AGN,AGN,AGN,AGN
150,J0148.2+5201,bll,J0148.3+5200,"[1.8166112899780273, 1.7566124200820923, 1.6023578643798828, 14.522006034851074, -33.59998187274509, -33.30797243081675, -28.05860231380531, -33.40554568868019, -23.629200510741146, 0.06600072979927063, 0.2763742208480835, 1.7287724018096924, 17.682518005371094, -0.9965716840034687, 0.9994120239541712, -0.32663062446793123, -0.47454346953292276, -0.3098640431577896, -0.41202303013826636]",[1],J0148.3+5200,bcu,bll,J0148.2+5201,bll,J0148.2+5201,bll,J0148.2+5201,bll,AGN,AGN,AGN,AGN
151,J0148.6+0127,bll,J0148.6+0128,"[2.196918249130249, 2.23541522026062, 2.1773030757904053, 13.2481689453125, -32.11949778502975, -32.083075232484525, -28.32838823314344, -32.0749951398207, -23.883868821835716, -0.046164486557245255, 0.37586382031440735, 0.9673975706100464, 9.368369102478027, 0.9945478819112349, -0.6346568894802144, -0.716337850492277, -0.43462030393665335, -0.32805725010774484, -0.9999978759272437]",[1],J0148.6+0128,bll,bll,J0148.6+0127,bll,J0148.6+0127,bll,J0148.6+0127,bll,AGN,AGN,AGN,AGN
152,J0150.6-5448,bcu,J0150.5-5447,"[2.0253849029541016, 1.9211100339889526, 1.7519950866699219, 4.6880998611450195, -33.23231440462069, -32.81045406242772, -28.738308250212114, -33.047436289720316, -24.236448016917443, 0.05469775199890137, 0.0, 0.2643797993659973, 6.959935188293457, 0.7167473005746204, -0.8112439056214266, -0.561116674575091, -0.16019272960054845, -0.8090536049019904, 0.034209615438770664]",[1],J0150.5-5447,bcu,bcu,J0150.6-5448,bcu,J0150.6-5448,bcu,J0150.6-5448,bcu,AGN,AGN,AGN,AGN
153,J0151.0+0539,bcu,J0151.0+0537,"[2.386561870574951, 2.4510209560394287, 2.489715337753296, 6.22806978225708, -31.60728457146029, -31.677706596933227, -28.221001709263692, -31.621689245203108, -24.021330632461712, -0.10664427280426025, 0.0, 2.460996150970459, 7.266014099121094, 0.602441720667215, -0.8915545166398097, -0.7730018722464482, -0.17002025378064467, -0.28461132546260914, -0.9998765198222036]",[1],J0151.0+0537,bcu,bcu,J0151.0+0539,bcu,J0151.0+0539,bcu,J0151.0+0539,bcu,AGN,AGN,AGN,AGN
154,J0151.3+8601,bll,J0145.6+8600,"[2.2180256843566895, 2.199141502380371, 2.205306053161621, 9.504444122314453, -32.06735871238456, -31.875554630575273, -28.379360604593938, -32.018894855330835, -23.940766455706456, 0.02335057221353054, 0.18805336952209473, 0.43055036664009094, 11.232145309448242, -0.7505497454892772, -0.3812616649829368, -0.7429848372010122, -0.5422048092329511, -0.6450485462036322, -0.30731005269356854]",[1],J0145.6+8600,bcu,bll,J0151.3+8601,bll,J0151.3+8601,bll,J0151.3+8601,bll,AGN,AGN,AGN,AGN
155,J0151.4-3607,bcu,J0151.0-3609,"[2.2127742767333984, 2.161776065826416, 1.9287192821502686, 8.227295875549316, -31.94776316230904, -31.70824903644175, -28.655085041443165, -31.75021331547595, -24.16288896784765, 0.07066578418016434, 0.14042778313159943, 0.9153300523757935, 8.382390975952148, -0.892434711116796, 0.1890619380464464, -0.7052783514907909, -0.4833631737635214, -0.8025571578491211, -0.9994818927938607]",[1],J0151.0-3609,bcu,bcu,J0151.4-3607,bcu,J0151.4-3607,bcu,J0151.4-3607,bcu,AGN,AGN,AGN,AGN
156,J0152.2+3714,bcu,J0152.2+3707,"[2.3947479724884033, 2.3301713466644287, 2.0482215881347656, 22.871896743774414, -30.644657532047898, -30.342476948006283, -28.402014055864992, -30.41750467938359, -23.958301419965924, 0.12756727635860443, 0.6286837458610535, 1.5312856435775757, 7.611622333526611, 0.9999986359657407, -0.4953197904123096, -0.7662819151893439, -0.5230319649606602, -0.8935764822877988, -0.9959725811539154]",[1],J0152.2+3707,bcu,bcu,J0152.2+3714,bcu,J0152.2+3714,bcu,J0152.2+3714,bcu,AGN,AGN,AGN,AGN
157,J0152.2+2206,fsrq,J0151.6+2205,"[2.70941162109375, 2.646530866622925, 2.3956921100616455, 36.986419677734375, -28.401620349859627, -28.115103352332547, -28.12723483650791, -28.18329739130459, -23.79201429680098, 0.10684531927108765, 0.4646327793598175, 1.9732338190078735, 13.695157051086426, 0.04878404122940702, -0.7028080296563132, -0.7509540713813916, -0.7977970765598311, -0.9999999900349403, 0.9997771066468577]",[1],J0151.6+2205,fsrq,fsrq,J0152.2+2206,fsrq,J0152.2+2206,fsrq,J0152.2+2206,fsrq,AGN,AGN,AGN,AGN
158,J0152.6+0147,bll,J0152.6+0148,"[1.9550901651382446, 1.9800834655761719, 1.9167935848236084, 15.229206085205078, -32.242513526617685, -32.11891403388812, -27.91694017222703, -32.17745393287048, -23.482289600409036, -0.01923108659684658, 0.19387520849704742, 0.6845850348472595, 24.94210433959961, -0.2893648726541278, -0.4633479050226459, -0.5121882449991484, -0.4380714366089167, -0.5001418276968775, -0.25949660766039273]",[1],J0152.6+0148,bll,bll,J0152.6+0147,bll,J0152.6+0147,bll,J0152.6+0147,bll,AGN,AGN,AGN,AGN
159,J0153.0+7517,bll,J0152.8+7517,"[2.0319437980651855, 1.983725905418396, 1.8518341779708862, 7.004396438598633, -33.00722681474228, -32.74457110796372, -28.180594957532115, -32.83247519066427, -23.67095794181676, 0.06945794075727463, 0.0, 1.4939197301864624, 14.077804565429688, -0.819845149909502, -0.27766466960819924, -0.42567523125440127, -0.540179154676585, -0.5077655397153334, -0.6209242893104558]",[1],J0152.8+7517,bll,bll,J0153.0+7517,bll,J0153.0+7517,bll,J0153.0+7517,bll,AGN,AGN,AGN,AGN
160,J0153.4+7114,rdg,J0153.4+7114,"[1.8987863063812256, 1.9188586473464966, 2.0348076820373535, 7.7974653244018555, -34.35182985842062, -34.258372667356994, -28.146531006662464, -34.34359212810685, -23.551165019490927, -0.03091052733361721, 0.24562059342861176, 0.7439292669296265, 10.68677043914795, -0.9270859638624, 0.9984461376284769, -0.762798137594345, -0.38600619019674826, -0.39815308512701514, -0.5365882351169344]",[1],J0153.4+7114,bcu,rdg,J0153.4+7114,rdg,J0153.4+7114,rdg,J0153.4+7114,rdg,AGN,AGN,AGN,AGN
161,J0153.9+0823,bll,J0154.0+0824,"[1.938360333442688, 1.8061968088150024, 1.6296168565750122, 35.617401123046875, -31.008208381182474, -30.79079750063599, -27.539855670112253, -30.852173747062565, -23.126087035157703, 0.08228128403425217, 0.30383309721946716, 3.50525164604187, 35.95888137817383, -0.1826918660688973, -0.3223432438516252, -0.47783716430366346, -0.32377911251972274, -0.5748518483313694, -0.8104233025374967]",[1],J0154.0+0824,bll,bll,J0153.9+0823,bll,J0153.9+0823,bll,J0153.9+0823,bll,AGN,AGN,AGN,AGN
162,J0155.0+4433,bll,J0154.9+4433,"[2.1793875694274902, 1.9751873016357422, 1.6170635223388672, 19.130857467651367, -31.300539039524345, -30.859178658285387, -28.442291806472593, -30.98677051362086, -23.611931147527653, 0.26038283109664917, 0.358185738325119, 3.6190929412841797, 13.936826705932617, 0.9866379828293527, -0.10959548271406147, -0.4778110746270891, -0.7236006693833169, -0.6549254316252437, -0.3975263531350035]",[1],J0154.9+4433,bll,bll,J0155.0+4433,bll,J0155.0+4433,bll,J0155.0+4433,bll,AGN,AGN,AGN,AGN
163,J0156.5+3914,bcu,J0156.3+3913,"[2.4185914993286133, 2.40407133102417, 2.3789587020874023, 57.493125915527344, -30.0782958015611, -29.88005799122897, -28.255699365984025, -29.99125700922969, -23.736957713363072, 0.024493977427482605, 0.5900343060493469, 0.5943436026573181, 17.51325035095215, -0.0778110426574672, -0.5814409209025664, -0.7482967018896671, -0.6088203579080342, -0.7131420251105968, -0.6517663633071576]",[1],J0156.3+3913,bcu,bcu,J0156.5+3914,bcu,J0156.5+3914,fsrq,J0156.5+3914,fsrq,AGN,AGN,AGN,AGN
164,J0156.8-4744,bll,J0156.9-4742,"[2.310091733932495, 2.38199520111084, 2.32096791267395, 3.117746591567993, -31.54679581567393, -31.490112729252044, -28.532697874447717, -31.522176255958087, -24.096051161424626, -0.06351403146982193, 0.0, 1.2222541570663452, 9.642062187194824, -0.7153295948520947, -0.6075687749200189, -0.7966421296582408, -0.3679007402083671, -0.3690240694418512, -0.999580894758259]",[1],J0156.9-4742,bcu,bll,J0156.8-4744,bll,J0156.8-4744,bll,J0156.8-4744,bll,AGN,AGN,AGN,AGN
165,J0156.9-5301,bll,J0157.0-5301,"[1.7387460470199585, 1.6254193782806396, 1.5147380828857422, 43.41682052612305, -33.35473959441447, -32.97764420247758, -28.03678285552757, -33.136843886195365, -23.809108848562712, 0.09686428308486938, 0.5268844366073608, 2.3530352115631104, 21.779499053955078, -0.766253010256591, -0.5970962957385116, -0.04770536074027621, -0.3376276083138256, -0.5924328550379708, -0.09848862606947587]",[1],J0157.0-5301,bll,bll,J0156.9-5301,bll,J0156.9-5301,bll,J0156.9-5301,bll,AGN,AGN,AGN,AGN
166,J0157.7-4614,fsrq,J0157.9-4615,"[2.4165122509002686, 2.217942953109741, 1.7387986183166504, 83.59921264648438, -29.87052356487101, -29.532939114572226, -27.94569407583397, -29.569443251122042, -23.618082578627135, 0.24512945115566254, 0.6497080326080322, 4.152400016784668, 20.141904830932617, 0.9956906259343191, -0.44055653313739107, -0.6660970080717773, -0.7986193761859552, -0.8659881026612506, -0.9990581544370939]",[1],J0157.9-4615,fsrq,fsrq,J0157.7-4614,fsrq,J0157.7-4614,fsrq,J0157.7-4614,fsrq,AGN,AGN,AGN,AGN
167,J0158.5-3932,bll,J0158.6-3931,"[2.0406055450439453, 1.9760384559631348, 1.8950203657150269, 40.75382614135742, -31.41960954938848, -31.14465083969126, -28.12513215275775, -31.277567498264403, -23.643258051860986, 0.07123588770627975, 0.4233286380767822, 2.1958415508270264, 23.848915100097656, 0.9955967601954242, -0.36838969679044814, -0.5343089848867383, -0.60953199217125, -0.5347049525766738, -0.5164907539604758]",[1],J0158.6-3931,bll,bll,J0158.5-3932,bll,J0158.5-3932,bll,J0158.5-3932,bll,AGN,AGN,AGN,AGN
168,J0159.5+1046,bll,J0159.4+1046,"[2.0457382202148438, 2.0079665184020996, 1.9200483560562134, 19.945430755615234, -31.77022971563581, -31.555879598605095, -27.95846621724877, -31.646785065705956, -23.466034428682445, 0.038706667721271515, 0.2956552803516388, 1.1724271774291992, 21.2680721282959, 0.758549110926994, -0.4680020830116533, -0.49607626769993396, -0.6471576541453822, -0.3295180516850922, -0.5749500124846967]",[1],J0159.4+1046,bll,bll,J0159.5+1046,bll,J0159.5+1046,bll,J0159.5+1046,bll,AGN,AGN,AGN,AGN
169,J0159.7-2740,bll,J0159.8-2741,"[2.0574631690979004, 1.9909007549285889, 1.845116376876831, 9.156908988952637, -31.78719174204204, -31.478294734091367, -28.349828074258692, -31.595121308345277, -23.852795750747926, 0.08459386974573135, 0.1615278571844101, 1.6192973852157593, 16.152484893798828, 0.9988482899872054, -0.41777179257495123, -0.46841996491848725, -0.5716387998259923, -0.544801716133517, -0.6902519275488298]",[1],J0159.8-2741,bll,bll,J0159.7-2740,bll,J0159.7-2740,bll,J0159.7-2740,bll,AGN,AGN,AGN,AGN
170,J0200.6-6637,bcu,J0200.9-6635,"[2.5122482776641846, 2.503977060317993, 2.437129259109497, 43.338218688964844, -30.177772687052666, -30.000215317147294, -28.416125758179085, -30.073587198285832, -24.02514970018347, 0.024364138022065163, 0.5147587656974792, 0.5443211197853088, 13.89359188079834, -0.4642208347205035, -0.618839910493965, -0.7658425857410407, -0.5730435469788149, -0.7948814946710976, -0.9986592816008943]",[1],J0200.9-6635,bcu,bcu,J0200.6-6637,fsrq,J0200.6-6637,fsrq,J0200.6-6637,fsrq,AGN,AGN,AGN,AGN
171,J0202.4+0849,fsrq,J0202.3+0851,"[1.8276981115341187, 1.7018097639083862, 1.1384820938110352, 13.444212913513184, -34.00324992479609, -33.48572122821742, -28.380765561200196, -33.52168868601157, -23.92772762773638, 0.22294892370700836, 0.375896155834198, 1.9993724822998047, 6.790362358093262, 0.9885506884917744, -0.9550647391745345, 0.28824245506089347, -0.18060521488340153, -0.48382743053743216, -0.7298237229810824]",[1],J0202.3+0851,fsrq,fsrq,J0202.4+0849,fsrq,J0202.4+0849,fsrq,J0202.4+0849,bll,AGN,AGN,AGN,AGN
172,J0202.7+4204,bll,J0202.5+4206,"[2.19282865524292, 2.058882713317871, 1.7181804180145264, 28.121320724487305, -32.02001555655296, -31.708896321042573, -28.42958107605257, -31.768893467387358, -23.95520706300837, 0.12665365636348724, 0.8137991428375244, 1.3246880769729614, 6.832756042480469, -0.8802297657618443, 0.801974928332111, -0.6680455060449697, -0.4152237336707695, -0.7823630286562855, -0.9994933079558723]",[1],J0202.5+4206,bll,bll,J0202.7+4204,bll,J0202.7+4204,bll,J0202.7+4204,bll,AGN,AGN,AGN,AGN
173,J0202.9-0225,bcu,J0203.1-0227,"[1.9459309577941895, 1.881209135055542, 1.6820367574691772, 3.719968557357788, -33.42254673505188, -33.196593742767156, -28.39230361059962, -33.261914311833856, -23.887668022083087, 0.05380530282855034, 0.0, 0.6402552127838135, 6.701873302459717, -0.9903741918269378, 0.9963498688315042, -0.4334385903066226, -0.3756790439313707, -0.8597839490219324, 0.3741112882105719]",[1],J0203.1-0227,bcu,bcu,J0202.9-0225,bcu,J0202.9-0225,bcu,J0202.9-0225,bcu,AGN,AGN,AGN,AGN
174,J0203.6+7233,bll,J0204.0+7234,"[2.243953227996826, 2.2208147048950195, 2.070601463317871, 29.505813598632812, -32.56984464314502, -32.39002844861737, -27.69793559203601, -32.480115666239996, -23.413220384593412, 0.04595206677913666, 0.5914025902748108, 0.882571280002594, 10.957914352416992, 0.8991029597660263, -0.18839642600170223, -0.6357715868401682, -0.5717117247774562, -0.5683154888630656, -0.7346259995611009]",[1],J0204.0+7234,bll,bll,J0203.6+7233,bll,J0203.6+7233,bll,J0203.6+7233,bll,AGN,AGN,AGN,AGN
175,J0203.7+3042,bll,J0203.6+3043,"[2.223970890045166, 2.1348938941955566, 1.9533637762069702, 784.1946411132812, -29.92989296041493, -29.688395389241474, -27.580780065901102, -29.75602855965465, -23.09839024835395, 0.1007835865020752, 1.2147835493087769, 4.9991230964660645, 44.76860427856445, -0.33935907689561456, -0.41781686949341773, -0.6014998524735483, -0.5995400358847841, -0.7663550689190245, -0.7561672097378728]",[1],J0203.6+3043,bll,bll,J0203.7+3042,bll,J0203.7+3042,bll,J0203.7+3042,bll,AGN,AGN,AGN,AGN
176,J0204.3+2417,bcu,J0204.2+2420,"[1.9130173921585083, 1.6949505805969238, 1.152503252029419, 13.894061088562012, -33.92303667432517, -33.55431301681478, -28.512633915288145, -33.55202633816959, -23.997563553521086, 0.19186435639858246, 0.7621272802352905, 1.3155255317687988, 5.961608409881592, 0.9928466740805778, -0.6520674919546688, -0.6171426917355246, -0.3676936805786555, -0.08946128825787021, -0.9998909648678843]",[1],J0204.2+2420,bcu,bcu,J0204.3+2417,bll,J0204.3+2417,bll,J0204.3+2417,bll,AGN,AGN,AGN,AGN
177,J0204.8+1513,bcu,J0205.0+1510,"[2.3740837574005127, 2.2341268062591553, 1.911508560180664, 39.411251068115234, -29.642138619532172, -29.369325067785407, -28.008987705597452, -29.427038221775668, -23.479306173482644, 0.14189504086971283, 0.42912453413009644, 3.116670608520508, 18.39463996887207, 0.15352781654432487, -0.5821346500544831, -0.5914371160469973, -0.6917733681933393, -0.8765886603508667, -0.9999999992281124]",[1],J0205.0+1510,bcu,bcu,J0204.8+1513,bcu,J0204.8+1513,bcu,J0204.8+1513,bcu,AGN,AGN,AGN,AGN
178,J0205.0-1700,fsrq,J0205.2-1700,"[2.698188304901123, 2.576251745223999, 2.3719449043273926, 136.06594848632812, -27.18602796901636, -26.975161040120053, -28.19340085885227, -27.0446655170811, -23.667321817946064, 0.10512076318264008, 0.5035516023635864, 3.012495279312134, 28.368080139160156, -0.3486681501212523, -0.6738487433694862, -0.7846356542774292, -0.8761486167989548, -0.9998294486485721, -0.9694479352691198]",[1],J0205.2-1700,fsrq,fsrq,J0205.0-1700,fsrq,J0205.0-1700,fsrq,J0205.0-1700,fsrq,AGN,AGN,AGN,AGN
179,J0205.2+3212,fsrq,J0204.8+3212,"[2.669656276702881, 2.6433322429656982, 2.4273762702941895, 251.07223510742188, -28.72349504855973, -28.456038836272327, -27.95322236170764, -28.49569829471991, -23.630479751244238, 0.09515191614627838, 0.8246268033981323, 2.585728406906128, 22.609275817871094, -0.07815929343649847, -0.6976435232252316, -0.7868864518562168, -0.7432869163363587, -0.9026025218788686, -0.3550580719686936]",[1],J0204.8+3212,fsrq,fsrq,J0205.2+3212,fsrq,J0205.2+3212,fsrq,J0205.2+3212,fsrq,AGN,AGN,AGN,AGN
180,J0205.7+6449,PSR,J0205.5+6448,"[2.4665019512176514, 2.428987503051758, 1.983994722366333, 5.4596052169799805, -29.296992417251452, -29.018619433417058, -27.07588001105917, -29.013625925352024, -22.63040342296229, 0.15659067034721375, 0.0, 9.544778823852539, 66.27400207519531, -0.11874862244448979, -0.4892147650172424, -0.6905684594121207, -0.7584386218872747, -0.8789692508988386, -0.47519603612591094]",[0],J0205.5+6448,PSR,PSR,J0205.7+6449,PSR,J0205.7+6449,PSR,J0205.6+6449e,PWN,PSR,PSR,PSR,AGN
181,J0205.7+6449,PSR,J0205.5+6448,"[2.4665019512176514, 2.428987503051758, 1.983994722366333, 5.4596052169799805, -29.296992417251452, -29.018619433417058, -27.07588001105917, -29.013625925352024, -22.63040342296229, 0.15659067034721375, 0.0, 9.544778823852539, 66.27400207519531, -0.11874862244448979, -0.4892147650172424, -0.6905684594121207, -0.7584386218872747, -0.8789692508988386, -0.47519603612591094]",[0],J0205.5+6448,PSR,PSR,J0205.7+6449,PSR,J0205.7+6449,PSR,J0205.7+6449,PSR,PSR,PSR,PSR,AGN
182,J0206.4-1151,fsrq,J0206.4-1150,"[2.4183433055877686, 2.399733543395996, 2.2687301635742188, 138.3014678955078, -29.5515796574981, -29.336382096140444, -28.1003701053813, -29.38910083833849, -23.52006631711333, 0.04121536761522293, 0.6169430613517761, 1.4464302062988281, 27.151046752929688, -0.4028432027632587, -0.626035885654266, -0.6848641625867118, -0.5981190419214164, -0.8371119266314507, -0.999735030654592]",[1],J0206.4-1150,fsrq,fsrq,J0206.4-1151,fsrq,J0206.4-1151,fsrq,J0206.4-1151,fsrq,AGN,AGN,AGN,AGN
183,J0207.4-3855,bcu,J0207.9-3846,"[2.3687331676483154, 2.1143481731414795, 1.2797662019729614, 4.730271816253662, -30.662965492835728, -30.153973841488835, -28.58915930946643, -30.238908238734048, -24.068854521430875, 0.362453430891037, 0.0, 2.392061710357666, 8.858854293823242, -0.40961364882011986, -0.3494857354014908, -0.648920576150761, -0.8221111450419096, -0.6459501703244058, -0.9999997802212732]",[1],J0207.9-3846,bcu,bcu,J0207.4-3855,bcu,J0207.4-3855,bll,J0207.4-3855,bll,AGN,AGN,AGN,AGN
184,J0208.3-6838,bll,J0208.0-6838,"[2.2343811988830566, 2.2303104400634766, 2.1981427669525146, 18.60085105895996, -31.922250614775525, -31.77707990246557, -28.552864272063395, -31.85414500345904, -24.090368354683307, 0.007066347170621157, 0.29524534940719604, 0.16036006808280945, 11.266610145568848, 0.9803293070830147, -0.6138951807585058, -0.7046345879774437, -0.626727328354887, -0.3859134400934832, -0.7700190696581265]",[1],J0208.0-6838,bll,bll,J0208.3-6838,bll,J0208.3-6838,bll,J0208.3-6838,bll,AGN,AGN,AGN,AGN
185,J0208.6+3523,bll,J0208.6+3522,"[1.8795127868652344, 1.8274719715118408, 1.6394954919815063, 5.395402908325195, -33.658881798017255, -33.37971177342156, -28.34703899720997, -33.444543344004465, -23.86995358825328, 0.06784850358963013, 0.0, 1.031149983406067, 9.656116485595703, -0.5138144605112066, -0.689150637449644, -0.493963507691749, -0.30170782370569166, -0.5687862074676706, -0.26182527522338783]",[1],J0208.6+3522,bll,bll,J0208.6+3523,bll,J0208.6+3523,bll,J0208.6+3523,bll,AGN,AGN,AGN,AGN
186,J0209.3+4449,bll,J0209.5+4449,"[1.9396365880966187, 1.8057695627212524, 1.5942585468292236, 15.192359924316406, -33.210467533698456, -32.913428023502, -28.37798896843626, -33.01018468705624, -23.899514825888325, 0.08806168287992477, 0.39536812901496887, 1.040195107460022, 10.688108444213867, -0.45737471211005115, -0.6839081876304165, -0.3779202301254769, -0.5182278177060151, -0.4228118247839738, -0.468646128954725]",[1],J0209.5+4449,bll,bll,J0209.3+4449,bll,J0209.3+4449,bll,J0209.3+4449,bll,AGN,AGN,AGN,AGN
187,J0209.3-5228,bll,J0209.4-5229,"[1.8494272232055664, 1.8159229755401611, 1.742280125617981, 48.726837158203125, -32.19455156108861, -31.964445921172867, -27.66208160771241, -32.076861712999516, -23.37459622199227, 0.02422206476330757, 0.31180548667907715, 1.1696351766586304, 44.42600631713867, 0.9971850526663549, -0.48059551040449605, -0.5365986806837035, -0.32454599763038555, -0.5120989807827895, -0.3506201437184372]",[1],J0209.4-5229,bll,bll,J0209.3-5228,bll,J0209.3-5228,bll,J0209.3-5228,bll,AGN,AGN,AGN,AGN
188,J0210.7-5101,FSRQ,J0210.7-5101,"[2.353550672531128, 2.251269817352295, 2.0816760063171387, 712.1648559570312, -28.065967236101855, -27.845869732133632, -27.61241879099365, -27.923787777943225, -22.936842832243904, 0.08933389186859131, 0.45832234621047974, 7.807715892791748, 91.98107147216797, -0.23303831617200543, -0.5612740274975464, -0.6494930305425235, -0.7182705200313264, -0.8509113110736052, -0.9999245553090594]",[1],J0210.7-5101,BCU,FSRQ,J0210.7-5101,FSRQ,J0210.7-5101,FSRQ,J0210.7-5101,FSRQ,AGN,AGN,AGN,AGN
189,J0211.1-0646,bcu,J0211.2-0649,"[2.1120283603668213, 2.058943510055542, 1.920519232749939, 8.230857849121094, -32.19451142503877, -31.95868979827799, -28.4601601392021, -32.040192743767015, -23.953860554183755, 0.048584021627902985, 0.21206100285053253, 0.6656107902526855, 9.476760864257812, -0.40511537787505314, -0.7751683739782494, -0.07428113879638835, -0.5702734953712572, -0.6137561683249958, -0.424691501702289]",[1],J0211.2-0649,bcu,bcu,J0211.1-0646,bll,J0211.1-0646,bll,J0211.1-0646,bll,AGN,AGN,AGN,AGN
190,J0211.2+1051,BLL,J0211.2+1051,"[2.130549669265747, 2.065434455871582, 2.02117919921875, 292.1910095214844, -29.23004481298849, -29.04311942999172, -27.171569412787132, -29.148379549868576, -22.6728927369677, 0.050995707511901855, 0.36489877104759216, 4.582515239715576, 77.4021987915039, -0.06567663727803966, -0.4725548586684696, -0.593810863970343, -0.5556540286901988, -0.6284756879451374, -0.6460441539670676]",[1],J0211.2+1051,BLL,BLL,J0211.2+1051,BLL,J0211.2+1051,BLL,J0211.2+1051,BLL,AGN,AGN,AGN,AGN
191,J0212.4-3502,bll,J0212.8-3504,"[1.991411805152893, 1.931166172027588, 1.833037257194519, 14.292936325073242, -32.40960669869058, -32.184033205792616, -28.409884756655234, -32.280147332593096, -23.95410938078331, 0.04869772493839264, 0.34962451457977295, 0.9144644141197205, 13.289925575256348, 0.12387297708314969, -0.7086995559848239, -0.3762369972490694, -0.37743219332219824, -0.7655923050972678, -0.17527291117054886]",[1],J0212.8-3504,bll,bll,J0212.4-3502,bll,J0212.4-3502,bll,J0212.4-3502,bll,AGN,AGN,AGN,AGN
192,J0212.8-2721,bcu,J0213.1-2720,"[2.2741849422454834, 2.238753318786621, 2.152571201324463, 13.187747955322266, -31.287939746963655, -31.022048211377964, -28.598554463871825, -31.165077241388836, -24.075619048038796, 0.06532517075538635, 0.41189149022102356, 0.7536571025848389, 7.592004299163818, 0.9966764463059399, -0.1477538466167636, -0.5912527450206485, -0.809033567756283, -0.058283286105997936, -0.9999812391044625]",[1],J0213.1-2720,bcu,bcu,J0212.8-2721,bcu,J0212.8-2721,bcu,J0212.8-2721,bcu,AGN,AGN,AGN,AGN
193,J0212.9+2244,bll,J0213.0+2245,"[2.050785779953003, 1.9162312746047974, 1.698277473449707, 19.3101806640625, -31.514392935511687, -31.19265541422563, -27.998475693142925, -31.130455841667107, -23.424084637115577, 0.14264458417892456, 0.3568531274795532, 3.2442729473114014, 17.82404327392578, 0.9758081679468315, 0.26831806568537386, -0.4160466656900947, -0.5066484007003371, -0.7376449418986035, -0.5282056304963673]",[1],J0213.0+2245,bll,bll,J0212.9+2244,bll,J0212.9+2244,bll,J0212.9+2244,bll,AGN,AGN,AGN,AGN
194,J0214.3+5145,bll,J0214.4+5143,"[1.8784829378128052, 1.950963020324707, 1.958847999572754, 11.204202651977539, -33.365448090240875, -33.27601161099883, -28.139251678709012, -33.35464776758839, -23.67291001368565, -0.05471508577466011, 0.2222415655851364, 1.5136572122573853, 13.697335243225098, 0.9997599676397259, -0.7911104219005978, -0.3114643005253083, -0.45084845275713914, -0.5727366887764359, -0.24485007404402442]",[1],J0214.4+5143,bll,bll,J0214.3+5145,bll,J0214.3+5145,bll,J0214.3+5145,bll,AGN,AGN,AGN,AGN
195,J0214.4-5822,bcu,J0214.7-5823,"[2.167742967605591, 1.946079969406128, 1.466940999031067, 30.611526489257812, -32.73819573176069, -32.310463069079255, -28.807745384172883, -32.392883388393, -24.342660665971174, 0.24223269522190094, 1.1549972295761108, 1.3792030811309814, 5.1723480224609375, 0.9688504065599285, -0.541453233725794, -0.4194997783142171, -0.5304727046575639, -0.6886925061437225, -0.9995084541091313]",[1],J0214.7-5823,bcu,bcu,J0214.4-5822,bcu,J0214.4-5822,bcu,J0214.4-5822,bcu,AGN,AGN,AGN,AGN
196,J0216.6-1015,bcu,J0216.6-1019,"[2.3185484409332275, 2.2461037635803223, 1.9245915412902832, 32.48005294799805, -30.66485520193427, -30.334745117128858, -28.369034077425596, -30.397969603918654, -23.843614378156374, 0.14254164695739746, 0.5113638043403625, 2.3801920413970947, 12.08978271484375, 0.9413516069002106, -0.43439781495347973, -0.6947229075562474, -0.561815048126801, -0.8916341761627096, -0.9992097751782248]",[1],J0216.6-1019,bcu,bcu,J0216.6-1015,bcu,J0216.6-1015,bcu,J0216.6-1015,bcu,AGN,AGN,AGN,AGN
197,J0216.8-6635,bll,J0217.0-6635,"[1.9769668579101562, 1.7972718477249146, 1.6570889949798584, 29.111570358276367, -31.579208729108664, -31.313696821275894, -28.099851117083976, -31.41764650493171, -23.618117267952396, 0.12232472002506256, 0.3237993121147156, 3.2826192378997803, 23.39004135131836, 0.9853846253375069, -0.08724372722352124, -0.4463380728983277, -0.45888195798190234, -0.5439073303464127, -0.7858873832040478]",[1],J0217.0-6635,bll,bll,J0216.8-6635,bll,J0216.8-6635,bll,J0216.8-6635,bll,AGN,AGN,AGN,AGN
198,J0217.0-0821,fsrq,J0217.1-0833,"[2.3313143253326416, 2.2706243991851807, 2.01513934135437, 5.587076663970947, -30.690260142043723, -30.387767861944553, -28.345903956278526, -30.453423827379048, -23.8368556159306, 0.12238673865795135, 0.0, 1.9438477754592896, 11.724113464355469, -0.24485858104916652, -0.611532703881041, -0.6799579182556671, -0.6487475216559423, -0.7175472955688001, -0.9982891364009193]",[1],J0217.1-0833,fsrq,fsrq,J0217.0-0821,fsrq,J0217.0-0821,fsrq,J0217.0-0821,fsrq,AGN,AGN,AGN,AGN
199,J0217.2+0837,bll,J0217.2+0837,"[2.2260901927948, 2.188931703567505, 2.0525803565979004, 32.15545654296875, -30.374518530843268, -30.151587836860422, -27.828327563627017, -30.216398977041475, -23.25287477401861, 0.050837062299251556, 0.23212836682796478, 2.0101850032806396, 31.307910919189453, -0.12871315448721676, -0.6099173731624692, -0.5985401036597734, -0.5640416142581972, -0.7028983415987585, -0.6918992063149637]",[1],J0217.2+0837,bll,bll,J0217.2+0837,bll,J0217.2+0837,bll,J0217.2+0837,bll,AGN,AGN,AGN,AGN
200,J0217.4+7352,fsrq,J0217.5+7349,"[2.967742443084717, 2.928126096725464, 2.6557199954986572, 18.28236198425293, -27.262395081823716, -26.934506337872122, -27.563234304674943, -26.939360617745944, -23.636395138100116, 0.10982665419578552, 0.2151520699262619, 1.9171011447906494, 12.494246482849121, 0.0005512978122394907, -0.7395609989863449, -0.865317531108446, -0.8805955375341243, -0.9996515790111009, -0.9270118069693507]",[1],J0217.5+7349,fsrq,fsrq,J0217.4+7352,fsrq,J0217.4+7352,fsrq,J0217.4+7352,fsrq,AGN,AGN,AGN,AGN
201,J0217.8+0144,fsrq,J0217.8+0143,"[2.2155215740203857, 2.1378235816955566, 2.0312294960021973, 411.6006164550781, -28.940300207176513, -28.748790248607936, -27.510227526574297, -28.82914376520907, -22.940995075018527, 0.06209814175963402, 0.5884153842926025, 4.354125499725342, 60.85944747924805, -0.18175824915059755, -0.5310128275147257, -0.6019303155661113, -0.5837175438445665, -0.6761565511574745, -0.9006463762294245]",[1],J0217.8+0143,fsrq,fsrq,J0217.8+0144,fsrq,J0217.8+0144,fsrq,J0217.8+0144,fsrq,AGN,AGN,AGN,AGN
202,J0218.1+4232,PSR,J0218.1+4233,"[2.354914903640747, 2.2535035610198975, 1.8265846967697144, 11.292283058166504, -29.128596947747468, -28.803968734595532, -27.269843790754713, -28.848880900989855, -22.692948891193694, 0.16941849887371063, 0.04171749949455261, 11.468818664550781, 73.49676513671875, -0.19875371909270612, -0.4895918241452153, -0.6343060698539251, -0.7056611912259215, -0.9062381520795109, -0.9999030351639957]",[0],J0218.1+4233,PSR,PSR,J0218.1+4232,PSR,J0218.1+4232,MSP,J0218.1+4232,MSP,PSR,PSR,PSR,PSR
203,J0218.9+3643,bcu,J0218.9+3642,"[2.568354845046997, 2.523794651031494, 2.157109022140503, 124.14631652832031, -29.896151885157742, -29.613472808197404, -27.466524599971777, -29.660896881270613, -23.443113705644176, 0.15433944761753082, 0.7527127265930176, 3.1984386444091797, 18.48511505126953, -0.03875405608013372, -0.5553370173142854, -0.7142346465275451, -0.7102825764306853, -0.918088725640868, -0.9998781862749421]",[1],J0218.9+3642,bcu,bcu,J0218.9+3643,bcu,J0218.9+3643,bcu,J0218.9+3643,bcu,AGN,AGN,AGN,AGN
204,J0219.0+2443,bll,J0219.0+2440,"[1.910483479499817, 1.8942770957946777, 1.794201374053955, 12.445743560791016, -33.27005868901115, -33.06289452951165, -28.251471204170112, -33.126656205590166, -23.780645049859817, 0.030001243576407433, 0.3174414336681366, 0.7070901393890381, 11.985915184020996, -0.318986972523822, 0.9997791678420184, -0.634934999760007, -0.4872076828516486, -0.5344829055035489, -0.06077762598957679]",[1],J0219.0+2440,bcu,bll,J0219.0+2443,bll,J0219.0+2443,bll,J0219.0+2443,bll,AGN,AGN,AGN,AGN
205,J0221.1+3556,FSRQ,J0221.1+3556,"[2.2902512550354004, 2.256486654281616, 2.1887967586517334, 3327.032958984375, -28.902690624426956, -28.683803140241324, -27.01710522512496, -28.777678168913233, -22.577795258638993, 0.05033082142472267, 1.0667849779129028, 5.53253698348999, 110.0684585571289, -0.23574079638096299, -0.5322366227972095, -0.6697525851505706, -0.5987683003540433, -0.7487757601013263, -0.6076845404387949]",[1],J0221.1+3556,FSRQ,FSRQ,J0221.1+3556,FSRQ,J0221.1+3556,FSRQ,J0221.1+3556,FSRQ,AGN,AGN,AGN,AGN
206,J0222.0-1616,fsrq,J0222.1-1616,"[2.526247501373291, 2.526587963104248, 2.554344654083252, 34.002838134765625, -29.68601127871456, -29.519872688791278, -28.26210069052987, -29.67487392888292, -23.837641526684237, -0.0024556443095207214, 0.4673326909542084, 0.0, 13.786890029907227, 0.9777078233988526, -0.6847243562806207, -0.7941010881868705, -0.5451591347719014, -0.75665133255057, -0.21331184077404183]",[1],J0222.1-1616,fsrq,fsrq,J0222.0-1616,fsrq,J0222.0-1616,fsrq,J0222.0-1616,fsrq,AGN,AGN,AGN,AGN
207,J0222.6+4302,BLL,J0222.6+4301,"[1.9616838693618774, 1.882962703704834, 1.848466157913208, 976.1077270507812, -29.627001093782987, -29.476626571821004, -26.54868330347827, -29.562824851544363, -22.184902922145266, 0.044980064034461975, 0.40188539028167725, 5.0339860916137695, 163.8474884033203, -0.17067304246102827, -0.3592294664630597, -0.5087031593290006, -0.44543065297473544, -0.5689903247415915, -0.4750382053869661]",[1],J0222.6+4301,BLL,BLL,J0222.6+4302,BLL,J0222.6+4302,BLL,J0222.6+4302,BLL,AGN,AGN,AGN,AGN
208,J0223.0+6821,bll,J0223.3+6820,"[2.045198917388916, 2.002227306365967, 1.8566620349884033, 9.86569881439209, -33.14303326543143, -32.94263308178013, -27.953229768792216, -33.03072815148813, -23.442880030926005, 0.05477426201105118, 0.20178356766700745, 1.1252381801605225, 11.733713150024414, 0.9019742352331652, -0.28112311136923995, -0.6043433534088769, -0.416964719550539, -0.6595784924583596, -0.34144441398692915]",[1],J0223.3+6820,bcu,bll,J0223.0+6821,bll,J0223.0+6821,bll,J0223.0+6821,bll,AGN,AGN,AGN,AGN
209,J0223.1-1117,bll,J0222.9-1117,"[1.8643410205841064, 1.6604090929031372, 1.249577522277832, 13.461878776550293, -33.26649842500163, -32.88602584985595, -28.307893893177503, -32.94194705105861, -23.90712946149222, 0.14897094666957855, 0.41696661710739136, 1.7626456022262573, 11.91030502319336, 0.9999145461723129, -0.6287865888737275, -0.6351144087818398, -0.05735276531464389, -0.5018884961066779, -0.7037988258247737]",[1],J0222.9-1117,bll,bll,J0223.1-1117,bll,J0223.1-1117,bll,J0223.1-1117,bll,AGN,AGN,AGN,AGN
210,J0224.0-7941,bll,J0224.1-7941,"[2.2230350971221924, 2.242931842803955, 2.20419979095459, 12.344727516174316, -31.972475569775316, -31.857319821595453, -28.369041674942704, -31.926038090875384, -23.926572830888798, -0.024208078160881996, 0.20943982899188995, 0.49724575877189636, 10.550847053527832, 0.9106665285313053, -0.646220298074516, -0.6123428675359296, -0.7228529235102927, -0.2087245845322171, -0.7019444269827847]",[1],J0224.1-7941,bcu,bll,J0224.0-7941,bll,J0224.0-7941,bll,J0224.0-7941,bll,AGN,AGN,AGN,AGN
211,J0225.1-2604,bcu,J0225.2-2602,"[2.5516932010650635, 2.542283296585083, 2.4616355895996094, 126.86300659179688, -28.894362526896405, -28.688609868188845, -28.299596099761473, -28.771466522687803, -23.706091649879635, 0.016349565237760544, 0.5717403888702393, 0.4806334972381592, 25.52120018005371, -0.40107718216813537, -0.6319157991483856, -0.7323744240250691, -0.6806713395039184, -0.8969528612515633, -0.9999999936400273]",[1],J0225.2-2602,bcu,bcu,J0225.1-2604,bcu,J0225.1-2604,bcu,J0225.1-2604,bcu,AGN,AGN,AGN,AGN
212,J0226.5+0938,fsrq,J0226.3+0941,"[2.1190383434295654, 1.9749605655670166, 1.5995956659317017, 59.713531494140625, -32.02857323132229, -31.685367109469485, -28.23795414786358, -31.744144541796576, -23.736826672887023, 0.15846899151802063, 0.990666389465332, 2.0325679779052734, 9.461996078491211, -0.992239436053211, 0.8126056849979271, -0.6798936006307512, -0.23634163032746155, -0.7787041170156058, -0.6720930910776733]",[1],J0226.3+0941,fsrq,fsrq,J0226.5+0938,fsrq,J0226.5+0938,fsrq,J0226.5+0938,fsrq,AGN,AGN,AGN,AGN
213,J0226.5-4441,bll,J0226.5-4442,"[2.0166449546813965, 1.9739991426467896, 1.8928477764129639, 21.8039608001709, -33.201773578219125, -32.96780775045504, -28.327211511377623, -33.07640671097639, -23.810461960675806, 0.031214015558362007, 0.6299993395805359, 0.4040524661540985, 11.806358337402344, 0.9434906472766553, -0.6102487626269556, -0.5623113453144761, -0.47561362457557005, -0.5370454800116325, -0.5463951288297535]",[1],J0226.5-4442,bcu,bll,J0226.5-4441,bll,J0226.5-4441,bll,J0226.5-4441,bll,AGN,AGN,AGN,AGN
214,J0227.3+0201,bll,J0227.2+0201,"[1.980549931526184, 1.9376273155212402, 1.8836337327957153, 6.2896881103515625, -32.14378788029192, -31.905011676557724, -28.098983416581206, -32.02901303748287, -23.650651783342056, 0.04097114875912666, 0.0, 1.0596556663513184, 18.456899642944336, -0.43398943067903883, -0.5095604772332935, -0.5451710285817268, -0.32581758147848777, -0.6623123828291757, -0.49778446327144615]",[1],J0227.2+0201,bll,bll,J0227.3+0201,bll,J0227.3+0201,bll,J0227.3+0201,bll,AGN,AGN,AGN,AGN
215,J0227.8+2246,bcu,J0228.0+2248,"[2.1583032608032227, 1.9631903171539307, 1.4156361818313599, 57.89248275756836, -32.160716535348854, -31.85788515893783, -28.194163523533298, -31.884654321845144, -23.723876640476814, 0.20116020739078522, 1.5710132122039795, 1.7387306690216064, 6.641014099121094, -0.8693226338540337, 0.12017590665982658, -0.6230678289088352, -0.473500639951458, -0.7180793373085389, -0.9999170132859243]",[1],J0228.0+2248,bcu,bcu,J0227.8+2246,bcu,J0227.8+2246,bcu,J0227.8+2246,bcu,AGN,AGN,AGN,AGN
216,J0228.2-3102,bcu,J0228.7-3106,"[1.9655303955078125, 1.8156758546829224, 1.4014161825180054, 5.2841339111328125, -33.56487599412968, -33.23892539228049, -28.699034566971932, -33.28367838556124, -24.197464401374912, 0.1551017314195633, 0.0, 1.2622853517532349, 5.8343095779418945, 0.20242327263100712, -0.7993394534602315, -0.2231729278334144, -0.7968906514517552, 0.21986752152312347, -0.9998348712052093]",[1],J0228.7-3106,bcu,bcu,J0228.2-3102,bcu,J0228.2-3102,bcu,J0228.2-3102,bcu,AGN,AGN,AGN,AGN
217,J0228.3-5547,fsrq,J0228.3-5545,"[2.28389310836792, 2.288759469985962, 1.929613709449768, 812.0465698242188, -30.272495805925242, -29.983441138105892, -27.145837916915315, -29.968264073113087, -23.083481127300395, 0.12031495571136475, 0.8210665583610535, 7.006740093231201, 50.273494720458984, 0.2619864894752597, -0.37660829744157803, -0.6417763987726026, -0.6653142935046842, -0.7990872375980987, -0.9974125063003492]",[1],J0228.3-5545,fsrq,fsrq,J0228.3-5547,fsrq,J0228.3-5547,fsrq,J0228.3-5547,fsrq,AGN,AGN,AGN,AGN
218,J0229.5-3644,fsrq,J0229.3-3643,"[2.5914011001586914, 2.46885347366333, 2.281057119369507, 196.21026611328125, -27.917334781727877, -27.67576976633227, -28.138665735807987, -27.748327951862397, -23.604637739137708, 0.1185426265001297, 0.5612946152687073, 3.722187042236328, 32.3858528137207, -0.38980426473060603, -0.5924972869247856, -0.7601724608958658, -0.7985593412018974, -0.9999623088410644, 0.9988597156948756]",[1],J0229.3-3643,fsrq,fsrq,J0229.5-3644,fsrq,J0229.5-3644,fsrq,J0229.5-3644,fsrq,AGN,AGN,AGN,AGN
219,J0230.8+4032,fsrq,J0230.8+4032,"[2.4514946937561035, 2.300156354904175, 2.1353111267089844, 254.39813232421875, -29.32738106029588, -29.089248558545457, -27.761952694602428, -29.167670057207754, -23.45077075266663, 0.13692940771579742, 0.9027283191680908, 3.530040740966797, 27.076343536376953, 0.9883719792331748, -0.5889529895473598, -0.6793584387734704, -0.7311006739821125, -0.7890886011928422, -0.599894045028497]",[1],J0230.8+4032,fsrq,fsrq,J0230.8+4032,fsrq,J0230.8+4032,fsrq,J0230.8+4032,fsrq,AGN,AGN,AGN,AGN
220,J0231.2-5754,bll,J0230.6-5757,"[1.972182273864746, 2.030845880508423, 1.975348949432373, 13.018322944641113, -33.069123812312576, -32.946187029061015, -28.508383408241045, -33.02491714060731, -24.029703046172507, -0.03985769301652908, 0.33878159523010254, 0.7616162300109863, 11.067888259887695, 0.9859738659356884, -0.5889986914862487, -0.6589131110369835, -0.32584272745720694, -0.48191464460342387, -0.4550313628876658]",[1],J0230.6-5757,bll,bll,J0231.2-5754,bll,J0231.2-5754,bll,J0231.2-5754,bll,AGN,AGN,AGN,AGN
221,J0232.8+2018,bll,J0232.8+2016,"[1.7754167318344116, 1.8017079830169678, 1.767024040222168, 4.358242988586426, -34.24275651913534, -34.11269188577158, -28.194068325221817, -34.16065656828797, -23.7223030659429, -0.02437078393995762, 0.0, 0.46682050824165344, 11.064220428466797, 0.7023186867923057, -0.11236474778876909, -0.6044927557705007, -0.3719680767037889, -0.437678653505299, -0.06770675913636542]",[1],J0232.8+2016,bll,bll,J0232.8+2018,bll,J0232.8+2018,bll,J0232.8+2018,bll,AGN,AGN,AGN,AGN
222,J0232.9+2608,bll,J0232.9+2606,"[2.0137553215026855, 1.9179532527923584, 1.6833879947662354, 4.400803089141846, -33.25902517344407, -32.9519068518526, -28.43153760631324, -33.02968216529415, -23.92007161483979, 0.09203733503818512, 0.0, 1.0061954259872437, 7.951319217681885, -0.9670230408684308, 0.8919701014774775, -0.27197105507445274, -0.5555023200048479, -0.3879049485041244, -0.7608684653162553]",[1],J0232.9+2606,bcu,bll,J0232.9+2608,bll,J0232.9+2608,bll,J0232.9+2608,bll,AGN,AGN,AGN,AGN
223,J0236.8-6136,fsrq,J0236.7-6136,"[2.335627317428589, 2.2439892292022705, 2.17134428024292, 687.3759155273438, -29.227862562565942, -29.03682714430509, -28.028137124878107, -29.138875928109194, -23.501674068651347, 0.07392818480730057, 1.2888680696487427, 2.5362162590026855, 36.603736877441406, -0.5153706410612944, -0.43403134756903017, -0.7244533050760251, -0.5735078681603867, -0.7714967319964317, -0.7079838993390425]",[1],J0236.7-6136,fsrq,fsrq,J0236.8-6136,fsrq,J0236.8-6136,fsrq,J0236.8-6136,fsrq,AGN,AGN,AGN,AGN
224,J0237.6-3602,bll,J0237.5-3603,"[1.8386229276657104, 1.7900102138519287, 1.7260602712631226, 25.23805809020996, -33.39435283301227, -33.12703886916029, -28.289729479442656, -33.26703042836287, -23.906036510456516, 0.03602534905076027, 0.693935751914978, 0.6203780174255371, 11.924324035644531, 0.304661950096312, -0.7844328744876111, -0.09374401678737884, -0.35274750025527957, -0.7420885946896513, 0.15561872140911562]",[1],J0237.5-3603,bll,bll,J0237.6-3602,bll,J0237.6-3602,bll,J0237.6-3602,bll,AGN,AGN,AGN,AGN
225,J0237.8+2848,FSRQ,J0237.9+2848,"[2.3752634525299072, 2.2732839584350586, 2.1524572372436523, 3219.993408203125, -27.5904902023216, -27.360294984529496, -27.26385617832309, -27.462269973295598, -22.58233844046911, 0.08983504772186279, 0.8028199076652527, 9.96019458770752, 113.94786834716797, -0.25315915129655764, -0.5418962336794585, -0.6986514917132215, -0.6767375815874437, -0.7697777164214623, -0.9567637957648175]",[1],J0237.9+2848,FSRQ,FSRQ,J0237.8+2848,FSRQ,J0237.8+2848,FSRQ,J0237.8+2848,FSRQ,AGN,AGN,AGN,AGN
226,J0238.1-3905,bll,J0238.3-3904,"[1.9696929454803467, 1.85188627243042, 1.5861421823501587, 17.860593795776367, -32.60204480286378, -32.28173087107191, -28.446926627868454, -32.355984880609505, -24.001824413270846, 0.11053577065467834, 0.43566375970840454, 1.7811472415924072, 13.152538299560547, 0.00655261045975372, -0.3938767602558909, -0.5670920465565688, -0.25725618754757984, -0.7216972455515371, -0.35695786994235257]",[1],J0238.3-3904,bll,bll,J0238.1-3905,bll,J0238.1-3905,bll,J0238.1-3905,bll,AGN,AGN,AGN,AGN
227,J0238.4-3116,bll,J0238.4-3117,"[1.8017367124557495, 1.768746256828308, 1.7370543479919434, 33.440269470214844, -32.47352878385023, -32.22168329663541, -27.763604006823126, -32.369968381822844, -23.528289427672327, 0.025986600667238235, 0.31917211413383484, 1.0103163719177246, 31.73626136779785, 0.9240921611472185, -0.4230550023043811, -0.37691589983191365, -0.39327626459143966, -0.5424900555319707, -0.23250068475904165]",[1],J0238.4-3117,bll,bll,J0238.4-3116,bll,J0238.4-3116,bll,J0238.4-3116,bll,AGN,AGN,AGN,AGN
228,J0238.6+1637,BLL,J0238.6+1636,"[2.164231777191162, 2.0803990364074707, 1.9227319955825806, 4953.55224609375, -29.054992381041334, -28.784493450678283, -26.82510044609165, -28.862730595083285, -22.310489445991852, 0.09535861760377884, 1.1176573038101196, 11.333065032958984, 126.5773696899414, -0.08252901349943668, -0.451596803718944, -0.5987842510908856, -0.5659980714026993, -0.7354613864018997, -0.7344912465042228]",[1],J0238.6+1636,BLL,BLL,J0238.6+1637,BLL,J0238.6+1637,BLL,J0238.6+1637,BLL,AGN,AGN,AGN,AGN
229,J0241.3+6543,bll,J0241.3+6542,"[2.100707769393921, 2.0761096477508545, 2.001293420791626, 13.993295669555664, -32.40441732924271, -32.203438673882985, -27.678041800876173, -32.287880408136374, -23.202690107164948, 0.032569002360105515, 0.23220133781433105, 0.9823309183120728, 19.11206817626953, 0.7032819312771745, -0.583124644881847, -0.5250659578172172, -0.5226301673464043, -0.5749372595909862, -0.5399322497742086]",[1],J0241.3+6542,bcu,bll,J0241.3+6543,bll,J0241.3+6543,bll,J0241.3+6543,bll,AGN,AGN,AGN,AGN
230,J0242.3+1102,fsrq,J0242.3+1059,"[2.556400775909424, 2.3893837928771973, 1.6154720783233643, 86.9217758178711, -28.993676241546947, -28.580851197875685, -27.88878121257311, -28.60359437641474, -23.465937987704653, 0.30574849247932434, 0.8138998746871948, 4.250268459320068, 13.800954818725586, 0.09350919392634571, -0.5581224091954387, -0.698250992542165, -0.8454150305536386, -0.9997586272248834, 0.8642146914230799]",[1],J0242.3+1059,fsrq,fsrq,J0242.3+1102,fsrq,J0242.3+1102,fsrq,J0242.3+1102,fsrq,AGN,AGN,AGN,AGN
231,J0243.4+7119,bll,J0243.5+7119,"[2.1319336891174316, 2.1181790828704834, 1.878373622894287, 30.01600456237793, -32.569230400644145, -32.25614571100819, -27.934965616231903, -32.28690391403429, -23.479756507212887, 0.12393219769001007, 0.6035019159317017, 2.1894004344940186, 12.408138275146484, -0.9995780871427179, 0.9997669017230295, -0.5821586478697887, -0.5249610965971249, -0.6906302748528583, -0.5232511104381338]",[1],J0243.5+7119,bll,bll,J0243.4+7119,bll,J0243.4+7119,bll,J0243.4+7119,bll,AGN,AGN,AGN,AGN
232,J0244.6-5819,bll,J0244.8-5818,"[1.7677698135375977, 1.714453935623169, 1.6019788980484009, 35.0612907409668, -33.320184078715734, -33.04380324759888, -28.083469777814642, -33.16380668630226, -23.815976355021267, 0.0396052785217762, 0.4929894208908081, 1.1593701839447021, 22.210071563720703, 0.9898594726497311, -0.6862051021845728, -0.3998695792678166, -0.33411717467679714, -0.49511751209365135, -0.20388058030623224]",[1],J0244.8-5818,bll,bll,J0244.6-5819,bll,J0244.6-5819,bll,J0244.6-5819,bll,AGN,AGN,AGN,AGN
233,J0245.4+2408,fsrq,J0245.4+2410,"[2.6439201831817627, 2.6274020671844482, 2.5717453956604004, 99.77029418945312, -28.915570335808837, -28.67697084144158, -27.953742187894143, -28.781701968311214, -23.65332434106483, 0.045813534408807755, 0.9406319260597229, 0.9779154658317566, 12.432976722717285, 0.1725129266285103, -0.65479075541521, -0.8374634736689034, -0.5897524640407235, -0.7205202470757626, -0.9999855455551994]",[1],J0245.4+2410,fsrq,fsrq,J0245.4+2408,fsrq,J0245.4+2408,fsrq,J0245.4+2408,fsrq,AGN,AGN,AGN,AGN
234,J0245.9-4650,fsrq,J0245.9-4651,"[2.4186477661132812, 2.316697835922241, 2.143217086791992, 859.6746826171875, -28.08937473106618, -27.857598414051367, -27.71564022009341, -27.93421133964602, -23.079351390866343, 0.09650243818759918, 0.578745424747467, 6.650079250335693, 78.12725830078125, -0.231011804258137, -0.5688270100067877, -0.6955092200766857, -0.7381637043678663, -0.8246086793673122, -0.8519881414922303]",[1],J0245.9-4651,fsrq,fsrq,J0245.9-4650,fsrq,J0245.9-4650,fsrq,J0245.9-4650,fsrq,AGN,AGN,AGN,AGN
235,J0248.4+6021,PSR,J0248.5+6022,"[2.6548357009887695, 2.5439276695251465, 1.2365611791610718, 4.875349044799805, -29.92984833632043, -29.576993937829137, -27.053327740319563, -29.63091791016981, -22.58590023574081, 0.5136560797691345, 0.0, 8.07097053527832, 31.27358055114746, -0.24630903403314888, -0.44843161610732235, -0.5978936528592899, -0.8285132932467262, -0.9999999999900789, 0.9999998990593443]",[0],J0248.5+6022,PSR,PSR,J0248.4+6021,PSR,J0248.4+6021,PSR,J0248.4+6021,PSR,PSR,PSR,PSR,PSR
236,J0248.6+4230,PSR,J0248.5+4232,"[2.208634376525879, 2.0596559047698975, 2.437251532683149e-05, 2.1419148445129395, -32.14507995260453, -31.560762654933264, -29.050780971965644, -31.6721004957198, -23.71542028893542, 0.9300609827041626, 0.0, 4.768213272094727, 10.492594718933105, -0.9994261041790318, 0.9998184356220459, -0.2968685702647582, -0.5443019820391176, -0.9999999166829749, 0.9987591923956123]",[0],J0248.5+4232,psr,PSR,J0248.6+4230,PSR,J0248.6+4230,MSP,J0248.6+4230,MSP,PSR,AGN,AGN,AGN
237,J0250.2-8224,bcu,J0244.4-8224,"[2.6855602264404297, 2.6733343601226807, 2.5146687030792236, 55.904876708984375, -29.281235527562462, -29.085721723436393, -28.172991171407325, -29.11923263901647, -23.931464316479026, 0.015320849604904652, 0.7345156669616699, 0.27123063802719116, 11.08146858215332, -0.38079475138976127, -0.7640799683830547, -0.6390343506357798, -0.8614319056509375, -0.7916802478303914, -0.9995153381700392]",[1],J0244.4-8224,bcu,bcu,J0250.2-8224,bcu,J0250.2-8224,bcu,J0250.2-8224,bcu,AGN,AGN,AGN,AGN
238,J0250.6+1712,bll,J0250.6+1713,"[1.7928962707519531, 1.7219327688217163, 1.634162187576294, 17.462810516357422, -33.68302286065901, -33.39011745396138, -28.026096700681425, -33.52633371960621, -23.611319993289726, 0.057315438985824585, 0.42734360694885254, 1.0131789445877075, 13.710421562194824, 0.8478353971795269, -0.5923892984384704, -0.5812479468481035, -0.2094497707615198, -0.5791215758516051, -0.2208771367689694]",[1],J0250.6+1713,fsrq,bll,J0250.6+1712,bll,J0250.6+1712,bll,J0250.6+1712,bll,AGN,AGN,AGN,AGN
239,J0250.6+8435,bcu,J0249.1+8438,"[2.091341495513916, 1.9259599447250366, 1.4727050065994263, 18.57515525817871, -32.41094051469785, -32.03122014979937, -28.38222431348016, -32.04305091484802, -23.88274148256425, 0.1600458323955536, 0.32387661933898926, 2.543635129928589, 14.776139259338379, -0.6172914621849025, -0.3437148864206065, -0.6001747002348896, -0.3567711772179736, -0.6719311805369048, -0.9999158134516329]",[1],J0249.1+8438,bcu,bcu,J0250.6+8435,bcu,J0250.6+8435,bcu,J0250.6+8435,bcu,AGN,AGN,AGN,AGN
240,J0250.7+5630,bcu,J0250.6+5630,"[2.0812160968780518, 2.094879627227783, 2.141618013381958, 2.744666337966919, -33.0503281276782, -32.91044280179254, -27.76122231447025, -33.03687575431992, -23.280042558803697, -0.01824452169239521, 0.0, 0.3468068838119507, 10.582685470581055, -0.9378745668743519, 0.22320212894533792, -0.6698415803739877, -0.3897749307861896, -0.5317240562163633, -0.6083088288914839]",[1],J0250.6+5630,bcu,bcu,J0250.7+5630,bcu,J0250.7+5630,bcu,J0250.7+5630,bcu,AGN,AGN,AGN,AGN
241,J0251.0+2605,PSR,J0251.1+2603,"[2.233907461166382, 2.3367741107940674, 0.0, 5.6646342277526855, -31.708047520213793, -31.169002036958148, -28.66347492502522, -31.19465916192509, -23.35694332665856, 0.6737508177757263, 0.0, 7.18303108215332, 17.566877365112305, 0.9995386039903073, -0.2897901724953418, -0.2537252774344954, -0.7046243977996834, -0.999996700515287, -0.19418851878100638]",[0],J0251.1+2603,psr,PSR,J0251.0+2605,PSR,J0251.0+2605,MSP,J0251.0+2605,MSP,PSR,PSR,PSR,AGN
242,J0251.5-5958,fsrq,J0251.5-5959,"[2.229602098464966, 2.102280378341675, 1.7609035968780518, 22.00443458557129, -32.01910051523246, -31.729078042215658, -28.543365779295335, -31.783360059854708, -24.090244429921572, 0.10511121898889542, 0.6047475337982178, 1.0374960899353027, 9.872608184814453, -0.7248574775939585, -0.6290785962669087, -0.5529161147422434, -0.4919136197998705, -0.7224700741932597, -0.9999961354147437]",[1],J0251.5-5959,fsrq,fsrq,J0251.5-5958,fsrq,J0251.5-5958,fsrq,J0251.5-5958,fsrq,AGN,AGN,AGN,AGN
243,J0252.8-2219,fsrq,J0252.8-2218,"[2.3380026817321777, 2.2315895557403564, 2.1098172664642334, 954.8602905273438, -27.81202056423008, -27.59722420284675, -27.580099683857, -27.691587650520226, -22.853220232811438, 0.08788925409317017, 0.5352569222450256, 7.178895950317383, 94.39417266845703, -0.16038072320644234, -0.5530167778990925, -0.6662096741631074, -0.7102765918759457, -0.7568601114405145, -0.8307836824463924]",[1],J0252.8-2218,fsrq,fsrq,J0252.8-2219,fsrq,J0252.8-2219,fsrq,J0252.8-2219,fsrq,AGN,AGN,AGN,AGN
244,J0252.9+3834,fsrq,J0252.3+3830,"[2.5927786827087402, 2.4841420650482178, 2.212028741836548, 18.880657196044922, -29.69258138872763, -29.338090871283537, -28.26560274546151, -29.432340857591655, -23.968837136700717, 0.16820654273033142, 0.5360771417617798, 1.5040498971939087, 7.296144008636475, -0.695823563238099, -0.5632875836744233, -0.7898003502009445, -0.6741181576947004, -0.7556850776995326, -0.9999874382054017]",[1],J0252.3+3830,fsrq,fsrq,J0252.9+3834,fsrq,J0252.9+3834,fsrq,J0252.9+3834,fsrq,AGN,AGN,AGN,AGN
245,J0253.2-5441,fsrq,J0253.1-5438,"[2.48571515083313, 2.4382200241088867, 2.247610330581665, 19.572988510131836, -30.192794233859928, -29.934951066742375, -28.520438938990186, -29.99464426887873, -24.058024719380107, 0.06324216723442078, 0.376869261264801, 0.9867351055145264, 12.988433837890625, -0.47866645165981864, -0.5815362181245999, -0.6953297259237896, -0.7839021013416283, -0.6470162215629583, -0.99998348730521]",[1],J0253.1-5438,fsrq,fsrq,J0253.2-5441,fsrq,J0253.2-5441,fsrq,J0253.2-5441,fsrq,AGN,AGN,AGN,AGN
246,J0253.2-0124,bll,J0253.0-0125,"[2.036217212677002, 1.9773799180984497, 1.9102680683135986, 3.641413450241089, -32.45088213402215, -32.17948544595693, -28.339009044971327, -32.31164570296848, -23.844746276685072, 0.05892108380794525, 0.0, 0.9344466924667358, 10.380180358886719, 0.9657687920237872, -0.44503317690763255, -0.45158838186913436, -0.5600860199120739, -0.636787224386828, -0.15653969633896486]",[1],J0253.0-0125,bll,bll,J0253.2-0124,bll,J0253.2-0124,bll,J0253.2-0124,bll,AGN,AGN,AGN,AGN
247,J0253.5+3216,fsrq,J0253.5+3216,"[2.1872167587280273, 2.1531665325164795, 2.0319316387176514, 88.24179077148438, -31.664969910572484, -31.389648280846707, -28.18472127885931, -31.4885551752493, -23.697262841655547, 0.07860110700130463, 1.485137701034546, 1.5460821390151978, 10.913771629333496, 0.9440715232511011, 0.999395918681976, -0.697488331894974, -0.5940607838974441, -0.4384919347522566, -0.8148198193769433]",[1],J0253.5+3216,bcu,fsrq,J0253.5+3216,fsrq,J0253.5+3216,fsrq,J0253.5+3216,fsrq,AGN,AGN,AGN,AGN
248,J0253.9+5103,fsrq,J0253.8+5104,"[2.501894474029541, 2.4503519535064697, 2.3569986820220947, 66.15393829345703, -30.019658993831627, -29.7609467154561, -27.60198688910238, -29.842755238041086, -23.357365079647646, 0.08114130049943924, 0.5320443511009216, 2.2095186710357666, 17.889631271362305, 0.9997607367770878, -0.5426948551418869, -0.7585465653197184, -0.5805904926586628, -0.8333454675587749, -0.9997356426368765]",[1],J0253.8+5104,fsrq,fsrq,J0253.9+5103,fsrq,J0253.9+5103,fsrq,J0253.9+5103,fsrq,AGN,AGN,AGN,AGN
249,J0255.8+0534,bll,J0255.8+0532,"[2.0499441623687744, 1.7817997932434082, 0.7396215200424194, 15.410101890563965, -32.935483678320566, -32.4039315744822, -28.30835897594293, -32.39940621407009, -23.80575804654553, 0.41565337777137756, 0.7109718322753906, 2.213590383529663, 5.2488789558410645, -0.6898171136791058, -0.7789533272320956, -0.4743238928674408, -0.40242943770937945, -0.8526489759315867, -0.6317843291621381]",[1],J0255.8+0532,bcu,bll,J0255.8+0534,bll,J0255.8+0534,bll,J0255.8+0534,bll,AGN,AGN,AGN,AGN
250,J0256.3+0334,bll,J0256.3+0335,"[2.1664516925811768, 2.1785178184509277, 2.1511669158935547, 12.053457260131836, -31.924958975518525, -31.793334859096113, -28.18773329718203, -31.872640359320638, -23.70634595097432, -0.015971772372722626, 0.2753596901893616, 0.3805009424686432, 11.272072792053223, 0.25967330283949774, -0.626723041458233, -0.70200446421985, -0.5137263081248548, -0.3393131595225675, -0.8405179113564302]",[1],J0256.3+0335,bcu,bll,J0256.3+0334,bll,J0256.3+0334,bll,J0256.3+0334,bll,AGN,AGN,AGN,AGN
251,J0257.9-1215,fsrq,J0257.8-1216,"[2.666931629180908, 2.664170503616333, 2.6025469303131104, 44.61723709106445, -28.930914750496864, -28.76183036757677, -28.367151786357365, -28.838539616942125, -23.971291705904605, 0.003283123718574643, 0.8877856135368347, 0.05567549541592598, 8.085005760192871, -0.4663779154664638, -0.6653987172676651, -0.7814155736501196, -0.6490215729880517, -0.8835809071998397, -0.9999977361682183]",[1],J0257.8-1216,fsrq,fsrq,J0257.9-1215,fsrq,J0257.9-1215,fsrq,J0257.9-1215,fsrq,AGN,AGN,AGN,AGN
252,J0258.1+2030,bll,J0258.0+2030,"[2.143731117248535, 1.98861563205719, 1.5733463764190674, 29.099956512451172, -31.95820159071984, -31.55380870496663, -27.86393183003608, -31.611618536626107, -23.388157663280648, 0.1928100883960724, 0.7277331948280334, 2.332885980606079, 8.505953788757324, -0.9999999989254563, 0.9999999851067526, 0.23683375490239786, -0.6486517752775665, -0.5409905495584959, -0.763091874925788]",[1],J0258.0+2030,bll,bll,J0258.1+2030,bll,J0258.1+2030,bll,J0258.1+2030,bll,AGN,AGN,AGN,AGN
253,J0259.4+0746,fsrq,J0259.5+0746,"[2.1921615600585938, 2.1510860919952393, 2.0363142490386963, 232.62049865722656, -30.38693827456947, -30.14054906196113, -27.673234471840118, -30.23227221327143, -23.11272348118072, 0.05841928720474243, 0.6934995055198669, 2.671088218688965, 33.43289566040039, 0.6841847031844439, -0.498432970901917, -0.6182834895293084, -0.5656374093299236, -0.6756847936336396, -0.6795800347576508]",[1],J0259.5+0746,fsrq,fsrq,J0259.4+0746,fsrq,J0259.4+0746,fsrq,J0259.4+0746,fsrq,AGN,AGN,AGN,AGN
254,J0301.0-1652,bcu,J0301.4-1652,"[2.315781831741333, 2.306231737136841, 2.11505389213562, 26.15992546081543, -31.701752272866543, -31.563542718843507, -28.403382686552156, -31.564556428050814, -24.033092028671025, 0.016528189182281494, 1.008608341217041, 0.19585229456424713, 4.477280139923096, -0.942981912910177, 0.9993557323643493, -0.72283457364025, -0.5140215609797607, -0.630432078991738, -0.9998893585940407]",[1],J0301.4-1652,bcu,bcu,J0301.0-1652,bll,J0301.0-1652,bll,J0301.0-1652,bll,AGN,AGN,AGN,AGN
255,J0301.6-7155,fsrq,J0301.8-7157,"[2.650089979171753, 2.6182289123535156, 2.456399917602539, 47.74788284301758, -29.511311456424085, -29.278503189517632, -28.3976357810302, -29.340627799866727, -24.09457984817361, 0.057416874915361404, 0.6894751191139221, 0.9798190593719482, 12.605147361755371, -0.5543625017502074, -0.5937739559245172, -0.7032233096750715, -0.8239864094954548, -0.9998412450180939, -0.9618743544101862]",[1],J0301.8-7157,bcu,fsrq,J0301.6-7155,fsrq,J0301.6-7155,fsrq,J0301.5-7156,fsrq,AGN,AGN,AGN,AGN
256,J0301.9-2731,bcu,J0301.8-2721,"[2.3722751140594482, 2.3329334259033203, 2.1330225467681885, 3.9910614490509033, -30.81828161043835, -30.595897157476717, -28.560361738852333, -30.63454426083309, -24.072833349630823, 0.05722802132368088, 0.0, 0.7750030755996704, 8.513724327087402, 0.9999834044959688, -0.7176058723376257, -0.5975227793963384, -0.6799921059237758, -0.8065054642096916, -0.9998932382577096]",[1],J0301.8-2721,bcu,bcu,J0301.9-2731,bcu,J0301.9-2731,bcu,J0301.9-2731,bcu,AGN,AGN,AGN,AGN
257,J0303.2+3149,bcu,J0303.0+3150,"[2.4197423458099365, 2.2400453090667725, 1.5834128856658936, 6.221085548400879, -30.62460175255912, -30.28109801751826, -28.15913699627996, -30.306180244529898, -23.802508723530917, 0.2352328896522522, 0.0, 2.23360538482666, 6.261402606964111, -0.3157894499300892, -0.5842462218422599, -0.6305467714607481, -0.6224886434702044, -0.9811003392586986, -0.9981028931034825]",[1],J0303.0+3150,bcu,bcu,J0303.2+3149,bcu,J0303.2+3149,bcu,J0303.2+3149,bcu,AGN,AGN,AGN,AGN
258,J0303.3-7913,fsrq,J0302.5-7915,"[2.4089765548706055, 2.3749172687530518, 2.158679246902466, 22.379108428955078, -30.916918242338976, -30.697488860084707, -28.272025688465146, -30.74236976890396, -23.918296327330438, 0.04863610118627548, 0.521188497543335, 0.7749380469322205, 9.348575592041016, -0.49309349425216115, -0.5452091167548193, -0.7431184659118083, -0.4547061635408544, -0.8648183912724471, -0.9995804057581567]",[1],J0302.5-7915,fsrq,fsrq,J0303.3-7913,fsrq,J0303.3-7913,fsrq,J0303.3-7913,fsrq,AGN,AGN,AGN,AGN
259,J0303.4-2407,BLL,J0303.4-2407,"[1.899407148361206, 1.8460919857025146, 1.8255409002304077, 253.94854736328125, -29.756254853939186, -29.646282242017428, -26.98265240570021, -29.720002816655647, -22.68639152120724, 0.02656175009906292, 0.3540980815887451, 2.70916485786438, 98.47549438476562, 0.12038091511159152, -0.410007494318275, -0.48756949725152504, -0.4301836898200143, -0.5008751140057243, -0.4353372902721272]",[1],J0303.4-2407,BLL,BLL,J0303.4-2407,BLL,J0303.4-2407,BLL,J0303.4-2407,BLL,AGN,AGN,AGN,AGN
260,J0303.6+4716,bll,J0303.6+4716,"[2.2033584117889404, 2.1194682121276855, 2.042435646057129, 68.13389587402344, -29.860299781513092, -29.67065913863706, -27.482691829256428, -29.757212575176542, -23.012313996638444, 0.06694937497377396, 0.28866317868232727, 3.441580057144165, 44.57728576660156, 0.1164680533441554, -0.4648218003247664, -0.5896660301999256, -0.5833142006677474, -0.6979146892682428, -0.5137936480261323]",[1],J0303.6+4716,bll,bll,J0303.6+4716,bll,J0303.6+4716,bll,J0303.6+4716,bll,AGN,AGN,AGN,AGN
261,J0303.6-6211,fsrq,J0303.7-6211,"[2.4451920986175537, 2.4093868732452393, 2.2868800163269043, 121.67606353759766, -30.11770904601161, -29.89664049696741, -28.1390149719397, -29.9768231216801, -23.670829252777644, 0.055101506412029266, 0.5615888237953186, 1.6176581382751465, 27.52836799621582, -0.2293412468527671, -0.5638368967933678, -0.7343209360635679, -0.5826225852753174, -0.826289730201528, -0.999999096838486]",[1],J0303.7-6211,fsrq,fsrq,J0303.6-6211,fsrq,J0303.6-6211,fsrq,J0303.6-6211,fsrq,AGN,AGN,AGN,AGN
262,J0304.4-2833,bll,J0304.3-2836,"[1.686099886894226, 1.1268832683563232, 0.008217796683311462, 5.728074550628662, -34.513043845518006, -33.7091347779051, -28.475294487557726, -33.893584459051716, -24.1821972108552, 0.6043999195098877, 0.0, 2.6094634532928467, 8.158965110778809, -0.5029997242472601, 0.8315885041702473, -0.720262592247478, 0.27334448317239746, -0.42575389949681264, -0.6295612155136039]",[1],J0304.3-2836,bll,bll,J0304.4-2833,bll,J0304.4-2833,bll,J0304.4-2833,bll,AGN,AGN,AGN,AGN
263,J0304.5+6821,bcu,J0304.9+6817,"[2.6280438899993896, 2.7036843299865723, 1.9363807439804077, 45.918338775634766, -29.945899352768553, -29.564679949789202, -27.213669988292132, -29.44435404309605, -23.187789527056726, 0.2368641197681427, 0.38624370098114014, 5.257420539855957, 18.23984718322754, -0.28124305700347657, -0.5954599665912481, -0.7410171270570843, -0.8259017467927474, -0.8294989757783883, -0.9999924687857891]",[1],J0304.9+6817,bcu,bcu,J0304.5+6821,bcu,J0304.5+6821,bcu,J0304.5+6821,bcu,AGN,AGN,AGN,AGN
264,J0305.1-1608,bll,J0305.2-1607,"[1.7994756698608398, 1.681495189666748, 1.4092981815338135, 12.798483848571777, -33.92186384196096, -33.59345970367452, -28.299866743517544, -33.66270129162996, -23.87990125615812, 0.08685705065727234, 0.3090468645095825, 1.0987879037857056, 11.327092170715332, 0.9846144396738659, -0.6605829261014831, -0.5116876635068583, -0.2959010248303509, -0.2815716505734775, -0.4075091620798256]",[1],J0305.2-1607,bcu,bll,J0305.1-1608,bll,J0305.1-1608,bll,J0305.1-1608,bll,AGN,AGN,AGN,AGN
265,J0307.8+7443,PSR,J0308.0+7442,"[2.2401628494262695, 2.1055209636688232, 0.36135849356651306, 14.904891014099121, -30.871182611299265, -30.329491012558982, -28.121571601641843, -30.317696813807597, -22.958364868862823, 0.6249986290931702, 0.09786298125982285, 16.162158966064453, 44.540565490722656, 0.9990509136763434, 0.3568868235522423, -0.343550430457732, -0.7175948189439637, -0.9907738833378145, -0.9910005457563295]",[0],J0308.0+7442,PSR,PSR,J0307.8+7443,PSR,J0307.8+7443,MSP,J0307.8+7443,MSP,PSR,PSR,PSR,PSR
266,J0308.4+0407,rdg,J0308.6+0408,"[1.997160792350769, 1.9268624782562256, 1.7519760131835938, 25.640033721923828, -32.15572073016826, -31.870577708959885, -27.971896450856583, -31.967182301189414, -23.49729002540477, 0.08212563395500183, 0.39565134048461914, 1.9942957162857056, 17.871644973754883, -0.1279255594699358, 0.9226210166111297, -0.5100401168476135, -0.438600721032787, -0.6077305625271846, -0.4874411865563014]",[1],J0308.6+0408,rdg,rdg,J0308.4+0407,rdg,J0308.4+0407,rdg,J0308.4+0407,rdg,AGN,AGN,AGN,AGN
267,J0309.0+1029,fsrq,J0309.0+1029,"[2.369664430618286, 2.2676126956939697, 2.145576238632202, 458.2649841308594, -28.927968039019767, -28.695464590720395, -27.522528386629187, -28.790224474914513, -23.044537182980054, 0.08768213540315628, 1.061301589012146, 3.0544955730438232, 29.797130584716797, -0.37454090432764126, -0.47236637429967865, -0.6469306269951783, -0.7063296268760999, -0.7156051486441556, -0.6737730759072766]",[1],J0309.0+1029,fsrq,fsrq,J0309.0+1029,fsrq,J0309.0+1029,fsrq,J0309.0+1029,fsrq,AGN,AGN,AGN,AGN
268,J0309.7-0745,bll,J0309.5-0749,"[1.9526394605636597, 1.8481884002685547, 1.8558018207550049, 7.611019134521484, -32.830681570583785, -32.40527709620009, -28.24543793787211, -32.670483505680274, -23.780152253373718, 0.10008035600185394, 0.13486242294311523, 1.0958665609359741, 10.346658706665039, 0.9073447492719925, -0.6962217461251488, -0.5358256496705495, -0.08514341544389843, -0.8698185765956769, -0.1803919125535953]",[1],J0309.5-0749,bll,bll,J0309.7-0745,bll,J0309.7-0745,bll,J0309.7-0745,bll,AGN,AGN,AGN,AGN
269,J0309.9-6058,fsrq,J0309.9-6057,"[2.439786434173584, 2.35356068611145, 2.1356201171875, 640.4376831054688, -28.660079359759948, -28.41167959990507, -27.769766348320022, -28.48243393218485, -23.239063489880873, 0.11013831943273544, 0.658578634262085, 6.357528209686279, 61.8727912902832, -0.13667710119535717, -0.578422115340273, -0.7061240878139905, -0.7390799214306512, -0.816635846516079, -0.9997440833080378]",[1],J0309.9-6057,fsrq,fsrq,J0309.9-6058,fsrq,J0309.9-6058,fsrq,J0309.9-6058,fsrq,AGN,AGN,AGN,AGN
270,J0310.6-5017,bll,J0310.4-5015,"[1.753704309463501, 1.6845448017120361, 1.6254627704620361, 22.375286102294922, -33.61593194055648, -33.299520801266304, -28.176952533187848, -33.40494939013045, -23.886526384686075, 0.0619329959154129, 0.45551902055740356, 1.4090429544448853, 17.058216094970703, -0.998983487869353, 0.9841708017979152, -0.2885247949879376, -0.5602930818878354, -0.016417386285286717, -0.7320180250407433]",[1],J0310.4-5015,bcu,bll,J0310.6-5017,bll,J0310.6-5017,bll,J0310.6-5017,bll,AGN,AGN,AGN,AGN
271,J0310.9+3815,fsrq,J0310.8+3814,"[2.395671844482422, 2.3115320205688477, 1.9837884902954102, 12.8737154006958, -30.660193730046426, -30.354327220408578, -28.102985780701555, -30.40380978903358, -23.717452127622817, 0.12744033336639404, 0.2834532856941223, 2.0388848781585693, 11.235452651977539, 0.9990229388968177, -0.6347970278963898, -0.6568499174066255, -0.5837726024797889, -0.9100206634219995, -0.9999993644707291]",[1],J0310.8+3814,fsrq,fsrq,J0310.9+3815,fsrq,J0310.9+3815,fsrq,J0310.9+3815,fsrq,AGN,AGN,AGN,AGN
272,J0312.8+0134,fsrq,J0312.7+0133,"[2.412337303161621, 2.399489164352417, 2.3288657665252686, 96.52257537841797, -30.011206484371208, -29.816735684574798, -28.09707565286114, -29.89778709942765, -23.597379198136696, 0.017351681366562843, 0.9035965800285339, 0.39936205744743347, 15.076545715332031, 0.9977913795346997, -0.6068111595046815, -0.6477159409213269, -0.6662333868368274, -0.6098689760462385, -0.9999919013646138]",[1],J0312.7+0133,fsrq,fsrq,J0312.8+0134,fsrq,J0312.8+0134,fsrq,J0312.8+0134,fsrq,AGN,AGN,AGN,AGN
273,J0312.9+3614,bll,J0312.7+3613,"[1.9344515800476074, 1.9136590957641602, 1.8784377574920654, 8.649625778198242, -33.32028049581267, -33.089824386266294, -28.169449288521232, -33.22002515954524, -23.665480649451187, 0.028728431090712547, 0.24706055223941803, 0.6069340705871582, 11.267271041870117, -0.6268807911114633, 0.0726969996664934, -0.3127331381303533, -0.5329568356375521, -0.6325599891853932, -0.07702065237388245]",[1],J0312.7+3613,bll,bll,J0312.9+3614,bll,J0312.9+3614,bll,J0312.9+3614,bll,AGN,AGN,AGN,AGN
274,J0314.3-5103,bll,J0314.3-5103,"[2.0766823291778564, 2.0189876556396484, 1.8796457052230835, 18.16268539428711, -31.74086734643323, -31.49793094453696, -28.292909920653507, -31.57838020253661, -23.784171575957572, 0.061691850423812866, 0.26128098368644714, 1.651400089263916, 19.89914321899414, 0.997514516545642, -0.5734001032307773, -0.565628160715552, -0.5269294291913779, -0.5425679169674688, -0.6135979608194478]",[1],J0314.3-5103,bll,bll,J0314.3-5103,bll,J0314.3-5103,bll,J0314.3-5103,bll,AGN,AGN,AGN,AGN
275,J0315.9-1033,fsrq,J0315.5-1026,"[2.4489495754241943, 2.4051384925842285, 2.2246758937835693, 109.46503448486328, -29.63078084152719, -29.366281090346803, -28.091150779122668, -29.439724699365083, -23.58637167675918, 0.07405561953783035, 0.7893794178962708, 1.7270430326461792, 16.35384178161621, 0.39557954135518686, -0.556104469927475, -0.7403580145242357, -0.6161545533684183, -0.7453217253729398, -0.9999910504896429]",[1],J0315.5-1026,fsrq,fsrq,J0315.9-1033,fsrq,J0315.9-1033,fsrq,J0315.9-1033,fsrq,AGN,AGN,AGN,AGN
276,J0316.2-6437,bll,J0316.2-6436,"[1.7805356979370117, 1.6600675582885742, 1.5059664249420166, 8.981487274169922, -33.30705611315014, -32.93401053468915, -28.14395461079976, -33.068210902975956, -23.858094165625403, 0.11413782089948654, 0.1356598138809204, 2.722506046295166, 20.734516143798828, 0.9948477927708682, -0.45008682272248873, 0.0021421631287556753, -0.2948491459437587, -0.5816937929081257, -0.31668018013367366]",[1],J0316.2-6436,bll,bll,J0316.2-6437,bll,J0316.2-6437,bll,J0316.2-6437,bll,AGN,AGN,AGN,AGN
277,J0316.2+0905,bll,J0316.1+0904,"[1.9156934022903442, 1.784104824066162, 1.699357271194458, 54.74285125732422, -31.429180900889207, -31.22481075303447, -27.395473225894765, -31.31494709485605, -23.014585204218278, 0.07671105116605759, 0.4214418828487396, 2.800469160079956, 32.38679122924805, 0.9586437806451569, -0.4343141387412482, -0.36007720384756897, -0.4447869158767521, -0.4638204576307084, -0.5435154695016119]",[1],J0316.1+0904,bll,bll,J0316.2+0905,bll,J0316.2+0905,bll,J0316.2+0905,bll,AGN,AGN,AGN,AGN
278,J0316.2-2608,bll,J0316.1-2611,"[1.826574683189392, 1.603568434715271, 1.3618067502975464, 9.729288101196289, -32.31994714023741, -31.974022334708003, -28.008352262054878, -32.06979096694657, -23.60121782934406, 0.15818144381046295, 0.1612466722726822, 3.5360751152038574, 20.066158294677734, -0.9999738712936471, 0.9999657478048384, -0.4588933652726367, -0.19306085830337186, -0.6599413332964598, -0.5259093088139627]",[1],J0316.1-2611,bll,bll,J0316.2-2608,bll,J0316.2-2608,bll,J0316.2-2608,bll,AGN,AGN,AGN,AGN
279,J0316.8+4120,RDG,J0316.6+4119,"[1.7837440967559814, 1.931596040725708, 1.8586974143981934, 19.859634399414062, -35.185951606732836, -35.43689100112183, -28.022990939563076, -35.12955593673005, -23.342102699968034, -0.12346579879522324, 0.7911507487297058, 1.8371981382369995, 7.3064398765563965, 0.9607469321475683, -0.993010166511942, 0.6694071295543748, -0.8077567872523942, -0.2637321234926019, -0.16615025835342576]",[1],J0316.6+4119,rdg,RDG,J0316.8+4120,RDG,J0316.8+4120,RDG,J0316.8+4120,RDG,AGN,AGN,AGN,AGN
280,J0318.7+2135,bll,J0318.7+2134,"[2.0239675045013428, 1.9726386070251465, 1.8626757860183716, 17.474445343017578, -32.250729248964035, -31.99944807189908, -27.93532205946133, -32.10756826945892, -23.440188970657694, 0.05572056770324707, 0.3544946610927582, 1.30392587184906, 16.275449752807617, 0.016995420036481895, -0.4159994927614179, -0.48093786188619425, -0.4575735509365039, -0.6149006832688255, -0.3784343772597553]",[1],J0318.7+2134,bcu,bll,J0318.7+2135,bll,J0318.7+2135,bll,J0318.7+2135,bll,AGN,AGN,AGN,AGN
281,J0319.8+4130,RDG,J0319.8+4130,"[2.124204397201538, 2.0593087673187256, 1.9489961862564087, 1970.9835205078125, -28.61785184074499, -28.37861100929161, -26.41356536583519, -28.474519411351473, -21.879452416397143, 0.0665220096707344, 0.3461703956127167, 11.342757225036621, 190.38601684570312, -0.19132485693822396, -0.4178900304821847, -0.5797169410463918, -0.5516663436531029, -0.6697812596890155, -0.7262695972604715]",[1],J0319.8+4130,RDG,RDG,J0319.8+4130,RDG,J0319.8+4130,RDG,J0319.8+4130,RDG,AGN,AGN,AGN,AGN
282,J0319.8+1845,bll,J0319.8+1847,"[1.6678053140640259, 1.6142444610595703, 1.5549674034118652, 32.32929992675781, -33.93267107173813, -33.60757952172774, -27.896742509847833, -33.75889876166703, -23.641295031650742, 0.06392376869916916, 0.681133508682251, 1.698494791984558, 16.554874420166016, -0.9927692790585474, 0.3002066272175153, 0.9999872246291299, -0.4276095957172422, -0.29951388561934866, -0.38283477934104004]",[1],J0319.8+1847,bll,bll,J0319.8+1845,bll,J0319.8+1845,bll,J0319.8+1845,bll,AGN,AGN,AGN,AGN
283,J0322.0+2335,bll,J0322.0+2335,"[2.0172665119171143, 2.004420280456543, 1.9416922330856323, 6.312265396118164, -31.849286593075846, -31.663911218382, -27.757084725838567, -31.75327317139528, -23.274396597677534, 0.011834844946861267, 0.0, 0.502126932144165, 28.673131942749023, 0.9979610332101909, -0.5089965604740355, -0.5846028334302926, -0.47152854543492223, -0.5327735686003225, -0.39356527843422223]",[1],J0322.0+2335,bll,bll,J0322.0+2335,bll,J0322.0+2335,bll,J0322.0+2335,bll,AGN,AGN,AGN,AGN
284,J0323.7-0111,bll,J0323.6-0109,"[1.8812224864959717, 1.7824004888534546, 1.5621463060379028, 11.07020092010498, -32.486315382960846, -32.140607785586305, -27.908011268905422, -32.23450198469912, -23.536827518951398, 0.11143483221530914, 0.18269456923007965, 2.802490234375, 20.896772384643555, 0.9779228005275103, 0.38279952442135207, -0.442729026675425, -0.28718535361624636, -0.6510004249180195, -0.340192480740742]",[1],J0323.6-0109,bll,bll,J0323.7-0111,bll,J0323.7-0111,bll,J0323.7-0111,bll,AGN,AGN,AGN,AGN
285,J0324.8+3412,nlsy1,J0325.2+3410,"[2.818707227706909, 2.723574638366699, 2.544757843017578, 142.27996826171875, -26.52712000891909, -26.324126705062454, -27.60404501537644, -26.359858196791883, -23.375762279407226, 0.09649123251438141, 0.46466800570487976, 3.0688233375549316, 22.307334899902344, -0.4028212475152331, -0.746570119844093, -0.8301154867791632, -0.8223493196336279, -0.9365876299142514, 0.5199260244890969]",[1],J0325.2+3410,nlsy1,nlsy1,J0324.8+3412,nlsy1,J0324.8+3412,nlsy1,J0324.8+3412,nlsy1,AGN,AGN,AGN,AGN
286,J0325.5-5635,bll,J0325.2-5634,"[1.9450887441635132, 1.9314301013946533, 1.9096990823745728, 24.90243148803711, -32.66872807533388, -32.46231618665775, -28.324370958404874, -32.59498902558921, -23.89230161594059, 0.012372386641800404, 0.44109222292900085, 0.34936854243278503, 17.902359008789062, 0.9994715846724872, -0.4990915559985267, -0.4674825068096407, -0.591578507172514, -0.3284034146989365, -0.39745933076914697]",[1],J0325.2-5634,bll,bll,J0325.5-5635,bll,J0325.5-5635,bll,J0325.5-5635,bll,AGN,AGN,AGN,AGN
287,J0325.6-1646,bll,J0325.6-1648,"[1.8375781774520874, 1.7723292112350464, 1.6578937768936157, 28.366329193115234, -32.38956631919602, -32.11418359904126, -27.734723916001112, -32.219202581305794, -23.43590917603029, 0.0569281168282032, 0.2828720510005951, 2.1929848194122314, 30.41900062561035, -0.8269207749593666, -0.19071934394774734, -0.46515180524529887, -0.31089513036591904, -0.5559171693996388, -0.2551848737431529]",[1],J0325.6-1648,bll,bll,J0325.6-1646,bll,J0325.6-1646,bll,J0325.6-1646,bll,AGN,AGN,AGN,AGN
288,J0325.7+2225,fsrq,J0325.5+2223,"[2.6648337841033936, 2.5622382164001465, 2.2705724239349365, 199.8139190673828, -27.634177981721486, -27.35636658144866, -27.6610620291121, -27.42093286002116, -23.290052990301934, 0.12862716615200043, 0.558525025844574, 4.523492336273193, 28.81784439086914, -0.3371274759527262, -0.6719586861903784, -0.7627635216054249, -0.8136734432705707, -0.9458657080887187, -0.9900280926783328]",[1],J0325.5+2223,fsrq,fsrq,J0325.7+2225,fsrq,J0325.7+2225,fsrq,J0325.7+2225,fsrq,AGN,AGN,AGN,AGN
289,J0325.9-1843,bcu,J0326.0-1842,"[2.2318878173828125, 2.2261290550231934, 2.112772226333618, 6.092159748077393, -32.53312100917006, -32.406112103283846, -28.391614422380336, -32.42973256488416, -24.021937776808244, 0.026107998564839363, 0.0, 0.34842798113822937, 5.315913677215576, -0.9112778265920438, 0.9961888136320509, -0.8567127194939131, -0.27566149609777285, -0.6266444454360955, -0.422226435785851]",[1],J0326.0-1842,bcu,bcu,J0325.9-1843,bcu,J0325.9-1843,bcu,J0325.9-1843,bcu,AGN,AGN,AGN,AGN
290,J0326.2+0225,bll,J0326.2+0225,"[1.9158070087432861, 1.8904497623443604, 1.8213330507278442, 16.57412338256836, -32.545152382422955, -32.34135481584243, -27.900387747336662, -32.437540633836214, -23.471601067000247, 0.020617175847291946, 0.2826702892780304, 0.5797346830368042, 19.02744483947754, 0.9756688267154401, -0.5878645772629634, -0.6103738299545258, -0.2990849421417059, -0.4304882958451838, -0.5987464155139034]",[1],J0326.2+0225,bll,bll,J0326.2+0225,bll,J0326.2+0225,bll,J0326.2+0225,bll,AGN,AGN,AGN,AGN
291,J0331.3-6156,bll,J0331.3-6155,"[2.0118579864501953, 1.9420422315597534, 1.9293198585510254, 31.287683486938477, -31.9543439121083, -31.6710250859961, -28.171312221259885, -31.84467874914567, -23.704158556143877, 0.07183593511581421, 0.39672502875328064, 2.1217219829559326, 23.030241012573242, -0.6132399071928788, -0.17328305074223305, -0.44518600361459076, -0.5106850316759879, -0.7418264263254982, -0.2893999207898459]",[1],J0331.3-6155,bcu,bll,J0331.3-6156,bll,J0331.3-6156,bll,J0331.3-6156,bll,AGN,AGN,AGN,AGN
292,J0331.9+6307,bll,J0332.0+6308,"[2.108941078186035, 2.064459800720215, 1.9150545597076416, 20.93532371520996, -32.39142967269813, -32.110059077502676, -27.68966743847909, -32.203592796840454, -23.218043606283317, 0.07545003294944763, 0.3241513669490814, 1.9569758176803589, 17.464279174804688, -0.5021760862751798, -0.37981933337852675, -0.5070057971247478, -0.577286733140442, -0.6162376449084249, -0.23885043114242696]",[1],J0332.0+6308,bcu,bll,J0331.9+6307,bll,J0331.9+6307,bll,J0331.9+6307,bll,AGN,AGN,AGN,AGN
293,J0333.7+7851,bll,J0333.4+7853,"[2.0514578819274902, 1.9967756271362305, 1.8553787469863892, 8.415095329284668, -32.46435413100131, -32.22466625807193, -28.295444278043213, -32.30799777791443, -23.796561693483454, 0.048302531242370605, 0.10602223128080368, 1.1933461427688599, 19.2227725982666, 0.0003192221898468201, -0.5079262629838805, -0.566065765818989, -0.46059324422370024, -0.4719903506528697, -0.751295438621897]",[1],J0333.4+7853,bcu,bll,J0333.7+7851,bll,J0333.7+7851,bll,J0333.7+7851,bll,AGN,AGN,AGN,AGN
294,J0333.7+2916,bll,J0333.6+2916,"[1.9542591571807861, 1.8165382146835327, 1.6907185316085815, 18.373987197875977, -31.488977416938514, -31.267681630130877, -27.537949285075086, -31.35470618592397, -23.122041918805888, 0.08768358081579208, 0.21821965277194977, 3.1225569248199463, 31.005285263061523, -0.41753528661800676, -0.13502657899780635, -0.4173090174412645, -0.35772673133196614, -0.6390552860853588, -0.5092835522391792]",[1],J0333.6+2916,bll,bll,J0333.7+2916,bll,J0333.7+2916,bll,J0333.7+2916,bll,AGN,AGN,AGN,AGN
295,J0333.8+4007,bcu,J0333.4+4003,"[2.117140054702759, 1.9889887571334839, 1.631205439567566, 5.977281093597412, -32.55592044699351, -32.21723178880334, -28.269272988998406, -32.27604731257578, -23.787519363944902, 0.1604522466659546, 0.0, 1.8156801462173462, 7.646128177642822, -0.999357897993962, 0.9997379527395417, -0.535786112251573, -0.42983555729616035, -0.7283808407298856, -0.6551807777802169]",[1],J0333.4+4003,bcu,bcu,J0333.8+4007,bcu,J0333.8+4007,bcu,J0333.8+4007,bcu,AGN,AGN,AGN,AGN
296,J0333.9+6537,bll,J0333.9+6538,"[1.9530742168426514, 1.9061397314071655, 1.7373884916305542, 11.912091255187988, -33.0934233340595, -32.831740684929876, -27.80058285808067, -32.89000805651417, -23.272006048826242, 0.06584136188030243, 0.15960919857025146, 2.014742851257324, 21.366334915161133, 0.7535843124917091, 0.054356154217882875, -0.37419933097940256, -0.5301782808518133, -0.4403063940605044, -0.43470578653795383]",[1],J0333.9+6538,bll,bll,J0333.9+6537,bll,J0333.9+6537,bll,J0333.9+6537,bll,AGN,AGN,AGN,AGN
297,J0334.2-3725,bll,J0334.3-3726,"[2.0340099334716797, 1.9274811744689941, 1.88628089427948, 95.49938201904297, -29.97805721901209, -29.815323761861023, -27.440532855330186, -29.906244216568737, -23.018223771309817, 0.06323271244764328, 0.30679813027381897, 3.809685468673706, 61.5545654296875, -0.46676943845361163, -0.38264303245108766, -0.5341834305948271, -0.5138856126843289, -0.591082079414439, -0.5590226711779815]",[1],J0334.3-3726,bll,bll,J0334.2-3725,bll,J0334.2-3725,bll,J0334.2-3725,bll,AGN,AGN,AGN,AGN
298,J0334.2-4008,bll,J0334.3-4008,"[2.1803901195526123, 2.0764331817626953, 1.9867908954620361, 293.52581787109375, -28.793101571225957, -28.603459544407798, -27.56185808654208, -28.694130972801563, -22.957660859592536, 0.07271845638751984, 0.39704230427742004, 5.3051958084106445, 79.44003295898438, -0.2231315700820062, -0.43714690269086304, -0.6114684966142606, -0.5930524743768864, -0.6822437371103703, -0.7986753087531072]",[1],J0334.3-4008,bll,bll,J0334.2-4008,bll,J0334.2-4008,bll,J0334.2-4008,bll,AGN,AGN,AGN,AGN
299,J0334.3+3920,rdg,J0334.2+3915,"[1.8988999128341675, 1.899388074874878, 1.943129301071167, 12.127754211425781, -34.18218673661105, -33.99650004022433, -28.342659716676877, -34.14278251780737, -23.787780152570736, -0.00119024480227381, 0.38792529702186584, 0.03506552428007126, 7.746737957000732, -0.5938564499044838, -0.6317087494961314, -0.709432096891382, -0.130577632959735, -0.7765341419935667, 0.05147341879374708]",[1],J0334.2+3915,rdg,rdg,J0334.3+3920,rdg,J0334.3+3920,rdg,J0334.3+3920,rdg,AGN,AGN,AGN,AGN
300,J0335.1-4459,bll,J0335.3-4459,"[1.9720964431762695, 1.9584649801254272, 1.8692309856414795, 27.877120971679688, -32.325533858914724, -32.14211044695819, -28.318485370222575, -32.22016522058123, -23.88557463502196, 0.011871288530528545, 0.4598709046840668, 0.34598028659820557, 17.68922233581543, 0.997199415409704, -0.4261348084585085, -0.5411568527858491, -0.48974559259006367, -0.3555711290724696, -0.5196432961687278]",[1],J0335.3-4459,bll,bll,J0335.1-4459,bll,J0335.1-4459,bll,J0335.1-4459,bll,AGN,AGN,AGN,AGN
301,J0336.8-3612,fsrq,J0336.9-3622,"[2.770097255706787, 2.7626657485961914, 2.582944393157959, 7.2238450050354, -29.077516581215622, -28.907527715254492, -28.327470045127264, -28.922477060160343, -24.15197069228453, 0.009269175119698048, 0.0, 0.12027905881404877, 8.700719833374023, 0.6875077670829144, -0.7370245207007534, -0.7001786075607692, -0.7887300807152893, -0.9999555849698838, 0.6541924079795343]",[1],J0336.9-3622,fsrq,fsrq,J0336.8-3612,fsrq,J0336.8-3612,fsrq,J0336.8-3612,fsrq,AGN,AGN,AGN,AGN
302,J0338.1-2443,bll,J0338.1-2443,"[1.7702745199203491, 1.755216360092163, 1.59353506565094, 5.113556861877441, -34.72461437622149, -34.47698263216826, -28.558128558236735, -34.51711727451616, -24.08930382678451, 0.02733319066464901, 0.0, 0.3499999940395355, 6.262711048126221, 0.8787374521454469, 0.5984259738257757, -0.5625148506654402, -0.5894982363600832, -0.7035587676902546, 0.5999389994260003]",[1],J0338.1-2443,bll,bll,J0338.1-2443,bll,J0338.1-2443,bll,J0338.1-2443,bll,AGN,AGN,AGN,AGN
303,J0338.5+1302,bll,J0338.5+1303,"[1.806873083114624, 1.6102112531661987, 1.3620182275772095, 41.90265655517578, -32.32655689861588, -31.999642215371985, -27.451430273443535, -32.09356105122224, -23.04568682337368, 0.13859471678733826, 0.4291687309741974, 4.577078342437744, 29.62873649597168, -0.9999966980826471, 0.9999819830589896, -0.3646336251334169, -0.2630642633329416, -0.5047214860863536, -0.4482254427168115]",[1],J0338.5+1303,bcu,bll,J0338.5+1302,bll,J0338.5+1302,bll,J0338.5+1302,bll,AGN,AGN,AGN,AGN
304,J0339.2-1736,bll,J0339.2-1738,"[1.9635807275772095, 1.9243882894515991, 1.859304666519165, 14.503867149353027, -32.355637382923454, -32.10428581474984, -28.035078055299028, -32.22419612581765, -23.58039053862489, 0.04022439941763878, 0.27589142322540283, 1.0767920017242432, 17.638893127441406, -0.1676929631786784, -0.39437864448199755, -0.49127596990025335, -0.40512952790784174, -0.5574877797555504, -0.5364136344516652]",[1],J0339.2-1738,bcu,bll,J0339.2-1736,bll,J0339.2-1736,bll,J0339.2-1736,bll,AGN,AGN,AGN,AGN
305,J0339.5-0146,fsrq,J0339.5-0146,"[2.3426852226257324, 2.273195505142212, 2.1566569805145264, 1188.218505859375, -28.153608802915905, -27.906192100105585, -27.343165319165372, -28.003722529577086, -22.724045565508476, 0.07424143701791763, 0.596977174282074, 6.134982109069824, 81.05577850341797, -0.27442593181178876, -0.5344400155623473, -0.684795760935288, -0.6573670479981432, -0.7964832885112515, -0.6923532847874954]",[1],J0339.5-0146,fsrq,fsrq,J0339.5-0146,fsrq,J0339.5-0146,fsrq,J0339.5-0146,fsrq,AGN,AGN,AGN,AGN
306,J0340.3+4130,PSR,J0340.3+4130,"[2.035592555999756, 1.7082586288452148, 0.7224199175834656, 2.5958142280578613, -30.90922747917299, -30.403496874678375, -27.859042665541157, -30.423964964519772, -22.82613461661431, 0.42736098170280457, 0.0, 14.244086265563965, 49.035762786865234, 0.9988749294864498, 0.03523342345347732, -0.26194764221353956, -0.5122198136157813, -0.8629952222856988, -0.9999530744448893]",[0],J0340.3+4130,PSR,PSR,J0340.3+4130,PSR,J0340.3+4130,MSP,J0340.3+4130,MSP,PSR,PSR,PSR,PSR
307,J0340.5-2118,bll,J0340.5-2119,"[2.26315975189209, 2.217372417449951, 2.1441385746002197, 12.230757713317871, -30.515094976466422, -30.256192340343084, -28.18693790038065, -30.36955018294264, -23.597393452995007, 0.0644235908985138, 0.1551620215177536, 1.7557650804519653, 24.232013702392578, -0.1864169406195568, -0.458879349405824, -0.6375398104194451, -0.6873131935843455, -0.5181093480517605, -0.6530595803731274]",[1],J0340.5-2119,bll,bll,J0340.5-2118,bll,J0340.5-2118,bll,J0340.5-2118,bll,AGN,AGN,AGN,AGN
308,J0342.2+3858,fsrq,J0342.2+3857,"[2.2605905532836914, 2.1993250846862793, 2.0026040077209473, 88.1280746459961, -31.697575604303946, -31.453859527995245, -28.113912123712478, -31.505878666024397, -23.71072241602799, 0.07555849850177765, 1.4781063795089722, 1.1256568431854248, 9.35954475402832, 0.7341251381311987, -0.6641491972009623, -0.6512517101880753, -0.5421174117486189, -0.6028408509903257, -0.9997836729562714]",[1],J0342.2+3857,fsrq,fsrq,J0342.2+3858,fsrq,J0342.2+3858,fsrq,J0342.2+3858,fsrq,AGN,AGN,AGN,AGN
309,J0342.8-3007,bcu,J0342.6-3006,"[2.065394401550293, 1.5615164041519165, 0.1244816705584526, 4.137587070465088, -32.66887579396416, -32.04832749794132, -28.742570574223574, -32.034667517588964, -24.24191356328818, 0.6295207738876343, 0.0, 2.8167941570281982, 6.379706859588623, -0.2617295923767823, 0.9940391193966737, -0.2375679711842441, -0.3637797241217054, -0.8796859521002782, -0.9995826236429904]",[1],J0342.6-3006,bcu,bcu,J0342.8-3007,bcu,J0342.8-3007,bcu,J0342.8-3007,bcu,AGN,AGN,AGN,AGN
310,J0343.2-2529,fsrq,J0343.2-2534,"[2.5044994354248047, 2.373161792755127, 1.9874858856201172, 186.54673767089844, -29.314402571666825, -29.040200376710608, -28.10770653940858, -29.09126300414843, -23.729695558216452, 0.16170531511306763, 1.2067862749099731, 3.029278039932251, 17.722530364990234, 0.6648528473120422, -0.5899910716389941, -0.688374676801019, -0.7535814265503669, -0.8871136269521429, -0.9999999004103749]",[1],J0343.2-2534,fsrq,fsrq,J0343.2-2529,fsrq,J0343.2-2529,fsrq,J0343.2-2529,fsrq,AGN,AGN,AGN,AGN
311,J0343.2-6444,bll,J0343.3-6443,"[2.140777111053467, 2.093958616256714, 2.0106847286224365, 48.07606506347656, -31.244514422581318, -30.987542103415333, -28.150041598000822, -31.10281248305357, -23.61228862709291, 0.06229490786790848, 0.43256551027297974, 2.123260498046875, 25.743730545043945, -0.4934464121968971, 0.011617868102641187, -0.6141873913436782, -0.52594889175819, -0.7709630347910037, -0.28613456764371625]",[1],J0343.3-6443,bcu,bll,J0343.2-6444,bll,J0343.2-6444,bll,J0343.2-6444,bll,AGN,AGN,AGN,AGN
312,J0343.4+3621,fsrq,J0343.3+3622,"[2.335855484008789, 2.22931170463562, 1.8432506322860718, 5.2610273361206055, -31.23205580085143, -30.84071404525089, -27.89806063713779, -30.90252983613184, -23.558371180442247, 0.1738428920507431, 0.0, 1.921685814857483, 8.725091934204102, -0.3298477751763316, -0.838516839542499, -0.30931233784007617, -0.6921321554755036, -0.7550338733956231, -0.9999999997854606]",[1],J0343.3+3622,bcu,fsrq,J0343.4+3621,fsrq,J0343.4+3621,fsrq,J0343.4+3621,fsrq,AGN,AGN,AGN,AGN
313,J0345.2-2353,bll,J0345.1-2353,"[2.4928929805755615, 2.4695544242858887, 2.393319606781006, 13.14570140838623, -29.466030597805002, -29.255780745259145, -28.127297611390123, -29.34454038150215, -23.594445734766925, 0.04426046460866928, 0.12076471000909805, 1.254599690437317, 26.18576431274414, -0.38408716502399615, -0.6175663475673107, -0.7372783954300093, -0.6803976030638819, -0.6856945539364132, -0.9999975962704556]",[1],J0345.1-2353,bll,bll,J0345.2-2353,bll,J0345.2-2353,bll,J0345.2-2353,bll,AGN,AGN,AGN,AGN
314,J0348.5-2749,fsrq,J0348.6-2748,"[2.4443771839141846, 2.4184398651123047, 2.3078060150146484, 105.44493103027344, -29.58504402397163, -29.374925893843454, -28.269209258501416, -29.447878628486304, -23.695489925475407, 0.038367919623851776, 0.6095987558364868, 1.143986701965332, 20.658100128173828, 0.9854200369907223, -0.5876450314350947, -0.7406366804087823, -0.5820686574780992, -0.8936951623580267, -0.39843014673781146]",[1],J0348.6-2748,fsrq,fsrq,J0348.5-2749,fsrq,J0348.6-2749,fsrq,J0348.6-2749,fsrq,AGN,AGN,AGN,AGN
315,J0348.6-1609,bll,J0348.7-1606,"[2.3940517902374268, 2.380373001098633, 2.310500383377075, 29.230140686035156, -29.948894760493584, -29.748066160123873, -28.21774388127541, -29.839884030592977, -23.65474974626739, 0.018759405240416527, 0.3698362112045288, 0.5459333062171936, 19.131017684936523, 0.9999324478807351, -0.5977793065191944, -0.7261694076643763, -0.6076277528590901, -0.5397433029641676, -0.9998557943785948]",[1],J0348.7-1606,bll,bll,J0348.6-1609,bll,J0348.6-1609,bll,J0348.6-1609,bll,AGN,AGN,AGN,AGN
316,J0349.4-1159,bll,J0349.2-1158,"[1.7618284225463867, 1.712554931640625, 1.6589434146881104, 10.002602577209473, -33.85366780093571, -33.52166081067864, -28.20917023831946, -33.72785583364194, -23.858041216903914, 0.028888124972581863, 0.25680771470069885, 0.3793174922466278, 12.851081848144531, -0.14101483911407034, -0.7468232365946271, -0.6746666879174619, 0.16891769564191852, -0.47251773409611664, -0.5753401805493874]",[1],J0349.2-1158,bll,bll,J0349.4-1159,bll,J0349.4-1159,bll,J0349.4-1159,bll,AGN,AGN,AGN,AGN
317,J0349.8-2103,fsrq,J0349.9-2102,"[2.4943127632141113, 2.3516628742218018, 2.0304861068725586, 322.3104248046875, -28.326801931508747, -28.027601260508703, -27.97815143327173, -28.102510602332387, -23.378684274219413, 0.16361616551876068, 0.7488332390785217, 5.606898307800293, 34.20512008666992, 0.40719029654891464, -0.6091778248160287, -0.7094088480710129, -0.7939667478072298, -0.8368724349848127, -0.9980656660266897]",[1],J0349.9-2102,fsrq,fsrq,J0349.8-2103,fsrq,J0349.8-2103,fsrq,J0349.8-2103,fsrq,AGN,AGN,AGN,AGN
318,J0352.9-3623,bll,J0353.0-3622,"[1.6213902235031128, 1.383935809135437, 0.8589120507240295, 8.87851333618164, -34.6287124469392, -34.05772804151244, -28.419464483336476, -34.15449522281114, -24.223606456720134, 0.23536209762096405, 0.19779179990291595, 2.4980528354644775, 9.085569381713867, -0.8328041082632021, -0.9999841901492367, 0.9999037415560048, -0.6056359208716096, 0.208740798231176, -0.573074366081626]",[1],J0353.0-3622,bll,bll,J0352.9-3623,bll,J0352.9-3623,bll,J0352.9-3623,bll,AGN,AGN,AGN,AGN
319,J0353.0+5654,bll,J0352.9+5655,"[2.126927614212036, 2.126957654953003, 2.1275134086608887, 29.560775756835938, -33.04446040921365, -32.8789162500682, -27.820700774472083, -32.981941469162955, -23.38772192712933, 0.0038342964835464954, 0.6761678457260132, 0.06439415365457535, 9.643101692199707, 0.6854747575996352, 0.9825263462131681, -0.5399692055663667, -0.5969143959846054, -0.523782935055385, -0.5972086172976498]",[1],J0352.9+5655,bcu,bll,J0353.0+5654,bll,J0353.0+5654,bll,J0353.0+5654,bll,AGN,AGN,AGN,AGN
320,J0353.0-6831,bll,J0353.0-6831,"[1.632250189781189, 1.601158857345581, 1.4789067506790161, 5.0011515617370605, -34.938469671223544, -34.67737598556874, -28.294022954811314, -34.77020671938126, -23.948845285704074, 0.022917699068784714, 0.0, 0.41215360164642334, 13.0261812210083, -0.9422101978642928, 0.40974430494305153, -0.7194046141110463, -0.18789860004627743, -0.35249360907848487, -0.016217838290720397]",[1],J0353.0-6831,bll,bll,J0353.0-6831,bll,J0353.0-6831,bll,J0353.0-6831,bll,AGN,AGN,AGN,AGN
321,J0354.4+4643,bcu,J0354.1+4643,"[2.5613815784454346, 2.547063112258911, 2.282139778137207, 73.31034088134766, -30.088727297479707, -29.835153691762866, -27.454072314543502, -29.84754774673452, -23.36398056235126, 0.09401925653219223, 0.7230253219604492, 2.130751609802246, 13.827710151672363, 0.1553495958805901, -0.6256685264961473, -0.7444319102322164, -0.6658292859614969, -0.8077602856078431, -0.999184038939542]",[1],J0354.1+4643,bcu,bcu,J0354.4+4643,bcu,J0354.4+4643,bcu,J0354.4+4643,bcu,AGN,AGN,AGN,AGN
322,J0354.7+8009,bll,J0354.6+8011,"[2.2859537601470947, 2.2128849029541016, 1.8960427045822144, 281.2286071777344, -31.795741420863777, -31.434361688111135, -28.41878111529749, -31.504412420654447, -24.020277902160455, 0.12356751412153244, 2.011690378189087, 1.6708124876022339, 12.788975715637207, 0.04648775603254995, -0.3013747125497584, -0.5994362408335987, -0.6773488761046762, -0.623369274007067, -0.9994338392355918]",[1],J0354.6+8011,bll,bll,J0354.7+8009,bll,J0354.7+8009,bll,J0354.7+8009,bll,AGN,AGN,AGN,AGN
323,J0357.0-4955,bll,J0357.1-4957,"[2.1343212127685547, 2.050410509109497, 1.8888612985610962, 9.479532241821289, -31.569938679275822, -31.261637989083223, -28.483052798255486, -31.369683292559305, -23.945425244561257, 0.10211681574583054, 0.1378123015165329, 2.0783450603485107, 16.810405731201172, -0.7932466690719361, -0.18982392807010623, -0.6165131499075615, -0.6060659772740292, -0.5478826068659352, -0.7991650593386744]",[1],J0357.1-4957,bll,bll,J0357.0-4955,bll,J0357.0-4955,bll,J0357.0-4955,bll,AGN,AGN,AGN,AGN
324,J0357.2+2320,bcu,J0357.1+2325,"[2.2519643306732178, 2.2300755977630615, 2.146543264389038, 9.137431144714355, -31.652169868763014, -31.44023621886623, -28.18600837560373, -31.593369270882153, -23.75592256264718, 0.0471344068646431, 0.2630397379398346, 0.7187865972518921, 7.477686405181885, -0.7606527542458797, -0.6248262163429175, -0.7240076434574997, -0.4268575351993277, -0.6893066905460175, -0.7646397099366359]",[1],J0357.1+2325,bcu,bcu,J0357.2+2320,bcu,J0357.2+2320,bcu,J0357.2+2320,bcu,AGN,AGN,AGN,AGN
325,J0358.0-6946,bcu,J0356.3-6948,"[2.5500247478485107, 1.4090722799301147, 1.3128736019134521, 7.048584461212158, -30.45108484525089, -29.865900313091586, -28.365069932825445, -30.09844163202854, -24.135542555307595, 0.7241693139076233, 0.12453894317150116, 1.5536071062088013, 5.079222679138184, 0.9855735534422606, -0.8627406609685446, -0.34730565551888626, -0.7372234980180815, -0.999932483360181, -0.6689108778492484]",[1],J0356.3-6948,bcu,bcu,J0358.0-6946,bcu,J0358.0-6946,bcu,J0358.0-6946,bcu,AGN,AGN,AGN,AGN
326,J0358.6+0634,bcu,J0358.7+0633,"[2.5605249404907227, 2.4626541137695312, 1.9943020343780518, 41.12026596069336, -29.58867759052068, -29.232739111928566, -27.923829769713134, -29.276684551739717, -23.638464359133774, 0.21225015819072723, 0.9891484975814819, 2.2675275802612305, 7.575844764709473, 0.9875287928403321, -0.08839534418322699, -0.8171319849302242, -0.5823594821436084, -0.9998820869177379, 0.3137791146373368]",[1],J0358.7+0633,bcu,bcu,J0358.6+0634,bcu,J0358.6+0634,bcu,J0358.6+0634,bcu,AGN,AGN,AGN,AGN
327,J0358.9+6004,fsrq,J0358.8+6002,"[2.5742971897125244, 2.5961809158325195, 2.0795037746429443, 101.01709747314453, -30.128297951220507, -29.80988427687482, -27.561595066172472, -27.756711775997783, -23.478751699513733, 0.17826902866363525, 1.2741026878356934, 2.391140937805176, 8.852008819580078, 0.9973893491422513, -0.38424493790609904, -0.8330272030740158, -0.5881976365957184, -0.9806986532621312, 0.5776623174298171]",[1],J0358.8+6002,fsrq,fsrq,J0358.9+6004,fsrq,J0358.9+6004,fsrq,J0358.9+6004,fsrq,AGN,AGN,AGN,AGN
328,J0359.4-2616,bll,J0359.3-2612,"[2.1361114978790283, 2.0354163646698, 1.6470301151275635, 5.072164058685303, -32.56411739703955, -32.279618539318676, -28.44741278011062, -32.30539157822477, -23.971065173028578, 0.13465610146522522, 0.0, 1.3512039184570312, 7.4131598472595215, 0.9401627348547258, -0.6723893170067136, -0.5122296458746673, -0.5268345180958508, -0.34444449223543233, -0.9999999899268665]",[1],J0359.3-2612,bll,bll,J0359.4-2616,bll,J0359.4-2616,bll,J0359.4-2616,bll,AGN,AGN,AGN,AGN
329,J0401.7+2112,fsrq,J0401.4+2109,"[2.4290952682495117, 2.4103434085845947, 2.339292287826538, 114.7379379272461, -30.014578787358897, -29.743868960224695, -27.894142205303492, -29.825207510594293, -23.47769622148419, 0.0559995211660862, 0.9919065833091736, 1.2563506364822388, 14.00820255279541, 0.4498255636004979, -0.672008253473796, -0.7308809995625638, -0.6170709965819854, -0.6562531300054094, -0.9999530688152247]",[1],J0401.4+2109,fsrq,fsrq,J0401.7+2112,fsrq,J0401.7+2112,fsrq,J0401.7+2112,fsrq,AGN,AGN,AGN,AGN
330,J0402.0-2616,bll,J0402.1-2618,"[2.1652581691741943, 2.0988807678222656, 1.8534659147262573, 10.790477752685547, -31.724630504238114, -31.45769784719334, -28.241109857690535, -31.515623746458733, -23.738520431033265, 0.1136314794421196, 0.2026580274105072, 1.99534273147583, 13.183165550231934, -0.43771807890950737, -0.2907860727247578, -0.5623287628925273, -0.620637321685941, -0.4695025138712999, -0.9999999924678755]",[1],J0402.1-2618,bll,bll,J0402.0-2616,bll,J0402.0-2616,bll,J0402.0-2616,bll,AGN,AGN,AGN,AGN
331,J0402.1-3147,fsrq,J0401.8-3144,"[2.479409694671631, 2.4961371421813965, 2.4613523483276367, 15.188313484191895, -30.236245607019796, -30.114880030802794, -28.487600315354797, -30.185963184065397, -24.021082433964725, -0.02165139839053154, 0.32088688015937805, 0.39171573519706726, 10.378303527832031, -0.4122321397427769, -0.5943236718257616, -0.7873117003931823, -0.5558141732505701, -0.7267800835847021, -0.9997904317972295]",[1],J0401.8-3144,fsrq,fsrq,J0402.1-3147,fsrq,J0402.1-3147,fsrq,J0402.1-3147,fsrq,AGN,AGN,AGN,AGN
332,J0403.5-2437,bll,J0403.7-2442,"[2.404439926147461, 2.405949831008911, 2.431802749633789, 16.751815795898438, -30.83155106920862, -30.633894394519576, -28.45872500646048, -30.827139509801363, -24.036658593717743, -0.008243076503276825, 0.6014779210090637, 0.06393473595380783, 6.199706554412842, -0.3328594784262655, -0.49192947380809143, -0.7207033547635926, -0.7178415784770876, -0.9253567152310141, 0.7855466659710937]",[1],J0403.7-2442,fsrq,bll,J0403.5-2437,bll,J0403.5-2437,bll,J0403.5-2437,bll,AGN,AGN,AGN,AGN
333,J0403.9-3605,FSRQ,J0403.9-3604,"[2.5108249187469482, 2.3854146003723145, 2.12916898727417, 3873.537841796875, -27.107498301148215, -26.82676380698783, -27.43997193114251, -26.91266710291952, -22.748110848699447, 0.1363450139760971, 0.7107824087142944, 13.448922157287598, 138.67205810546875, -0.22383114026795775, -0.5885218224440492, -0.7572511738462815, -0.7917917649527884, -0.9114355397821444, -0.9993151665359286]",[1],J0403.9-3604,FSRQ,FSRQ,J0403.9-3605,FSRQ,J0403.9-3605,FSRQ,J0403.9-3605,FSRQ,AGN,AGN,AGN,AGN
334,J0405.6-1308,fsrq,J0405.5-1307,"[2.5448999404907227, 2.559891939163208, 2.5783305168151855, 78.50482177734375, -29.048760998455926, -28.89492605637036, -28.18227170389851, -29.044121443006222, -23.65233748256814, -0.022251365706324577, 0.5461114048957825, 0.712702214717865, 19.562021255493164, -0.3905697124824824, -0.6253973587572048, -0.8016989405313424, -0.5713969013396135, -0.9015671079607204, 0.10332917767472688]",[1],J0405.5-1307,fsrq,fsrq,J0405.6-1308,fsrq,J0405.6-1308,fsrq,J0405.6-1308,fsrq,AGN,AGN,AGN,AGN
335,J0407.0-3826,fsrq,J0407.1-3825,"[2.3614513874053955, 2.2311928272247314, 2.0463368892669678, 327.0699462890625, -28.77994069650882, -28.588349961328163, -27.669694426138392, -28.654659083186292, -23.129789977471116, 0.10858312249183655, 0.5919674634933472, 5.161989688873291, 41.566402435302734, 0.33271915989552375, -0.4246027560584537, -0.6418001682865513, -0.7103576293268391, -0.786568449518524, -0.999937881950381]",[1],J0407.1-3825,fsrq,fsrq,J0407.0-3826,fsrq,J0407.0-3826,fsrq,J0407.0-3826,fsrq,AGN,AGN,AGN,AGN
336,J0407.5+0741,bll,J0407.5+0740,"[2.2863707542419434, 2.2561628818511963, 2.1831793785095215, 33.561485290527344, -30.60399372295894, -30.35270262537495, -27.89858075248991, -30.46578987004186, -23.403708487236564, 0.05889231711626053, 0.44464778900146484, 1.5089998245239258, 15.792366981506348, 0.06568319400783101, -0.29226032641187166, -0.7055981545460503, -0.6762360127604755, -0.4966635986308418, -0.7492065989888139]",[1],J0407.5+0740,bll,bll,J0407.5+0741,bll,J0407.5+0741,bll,J0407.5+0741,bll,AGN,AGN,AGN,AGN
337,J0409.4+3201,bcu,J0409.4+3158,"[2.0438623428344727, 2.0438170433044434, 2.069084644317627, 2.5227372646331787, -33.1283976404536, -32.993872164851965, -28.199708535464868, -33.08759981168743, -23.691634903913155, -0.000708793755620718, 0.0, 0.0, 8.627029418945312, -0.3707585618234867, -0.8254479476306333, -0.5041806132498182, -0.3511781214705562, -0.46734123189545035, -0.8275183151926286]",[1],J0409.4+3158,bcu,bcu,J0409.4+3201,bcu,J0409.4+3201,bcu,J0409.4+3201,bcu,AGN,AGN,AGN,AGN
338,J0409.8-0359,bll,J0409.8-0358,"[2.0752456188201904, 1.694278359413147, 1.1509695053100586, 29.069622039794922, -31.46445359592058, -31.054992806146625, -28.163862750889596, -31.10445524859154, -23.448752958889138, 0.3042922019958496, 0.5704429745674133, 3.562730073928833, 15.91627025604248, -0.5903217354660711, -0.1280478974809541, -0.1898703562734625, -0.5447297544679139, -0.7187703622554752, -0.8153781302197376]",[1],J0409.8-0358,bll,bll,J0409.8-0359,bll,J0409.8-0359,bll,J0409.8-0359,bll,AGN,AGN,AGN,AGN
339,J0416.5-1852,fsrq,J0416.6-1850,"[2.39085054397583, 2.3616943359375, 2.3038852214813232, 128.57029724121094, -29.693576475548987, -29.458773567107052, -28.204687400803333, -29.575706193604866, -23.598101843555504, 0.04247063025832176, 0.7058906555175781, 1.325994610786438, 24.946460723876953, 0.2155960735600696, -0.606792069167315, -0.6801393865889905, -0.7350393413252948, -0.6061075573331393, -0.6075878486995931]",[1],J0416.6-1850,fsrq,fsrq,J0416.5-1852,fsrq,J0416.5-1852,fsrq,J0416.5-1852,fsrq,AGN,AGN,AGN,AGN
340,J0416.9+0105,bll,J0416.8+0104,"[1.8892322778701782, 1.9108729362487793, 1.9186196327209473, 9.755489349365234, -32.83343207899819, -32.702103419855156, -27.885213541646827, -32.79525135412682, -23.450877417142795, -0.018981551751494408, 0.1948034018278122, 0.6325172781944275, 19.53245735168457, -0.3058749747870097, -0.6159958901510268, -0.6085022942555708, -0.333191547250119, -0.5148848646629799, -0.3349185664780667]",[1],J0416.8+0104,bll,bll,J0416.9+0105,bll,J0416.9+0105,bll,J0416.9+0105,bll,AGN,AGN,AGN,AGN
341,J0418.1-0252,bcu,J0418.0-0251,"[2.315899133682251, 2.1343345642089844, 1.7397422790527344, 131.07754516601562, -30.18925780421553, -29.89339183807318, -27.872558390934845, -29.95906868339623, -23.426398571576744, 0.18889892101287842, 0.8510359525680542, 3.365466356277466, 19.25371742248535, 0.9994678045195315, -0.41263585032844047, -0.6315275680385787, -0.579646389703927, -0.8712069979871446, -0.9992284258849022]",[1],J0418.0-0251,bcu,bcu,J0418.1-0252,bcu,J0418.1-0252,bcu,J0418.1-0252,bcu,AGN,AGN,AGN,AGN
342,J0418.2+3807,rdg,J0418.5+3813c,"[2.7071831226348877, 2.6613869667053223, 2.350055456161499, 24.06987953186035, -28.105631842357493, -27.774900460967935, -27.34644435692416, -27.821828373336363, -23.159678554641282, 0.11426204442977905, 0.3005507290363312, 2.459402084350586, 12.815518379211426, -0.27693198000218777, -0.6683799819291802, -0.7889728718807832, -0.748026700578377, -0.9466931971639426, -0.9984130405600814]",[1],J0418.5+3813c,rdg,rdg,J0418.2+3807,rdg,J0418.2+3807,rdg,J0418.2+3807,rdg,AGN,AGN,AGN,AGN
343,J0422.1-0644,fsrq,J0422.1-0642,"[2.452394962310791, 2.4221389293670654, 2.2815656661987305, 343.9739074707031, -29.335371687143024, -29.09543516444008, -27.89374444444997, -29.157760668913276, -23.349633693618856, 0.07711922377347946, 0.8967953324317932, 2.2025322914123535, 28.58244514465332, -0.3295586652649353, -0.5585454295048051, -0.7494120816157174, -0.678097450361801, -0.7870566757332537, -0.9962626827763731]",[1],J0422.1-0642,fsrq,fsrq,J0422.1-0644,fsrq,J0422.1-0644,fsrq,J0422.1-0644,fsrq,AGN,AGN,AGN,AGN
344,J0423.3-0120,FSRQ,J0423.2-0119,"[2.3305656909942627, 2.2444770336151123, 2.133723020553589, 973.2626342773438, -28.50608581339559, -28.306164561537077, -27.38253818740364, -28.389188294365717, -22.83231462714933, 0.07575760036706924, 0.7642093300819397, 5.279281139373779, 65.38275909423828, -0.2578829993709919, -0.541679792105304, -0.6619531796032945, -0.6408355602841942, -0.7424822687902812, -0.8745143858470733]",[1],J0423.2-0119,FSRQ,FSRQ,J0423.3-0120,FSRQ,J0423.3-0120,FSRQ,J0423.3-0120,FSRQ,AGN,AGN,AGN,AGN
345,J0423.9+4150,bll,J0423.8+4150,"[1.9292218685150146, 1.78519606590271, 1.6151970624923706, 5.801004886627197, -31.44089432593467, -31.188235458190196, -27.273874355786752, -31.279701235481784, -22.839948071484468, 0.1013951450586319, 0.0, 4.764458656311035, 44.887176513671875, -0.4038803285779045, -0.4004677894512423, -0.4283421038081686, -0.334506628960373, -0.5615132795727665, -0.6004084042861623]",[1],J0423.8+4150,bll,bll,J0423.9+4150,bll,J0423.9+4150,bll,J0423.9+4150,bll,AGN,AGN,AGN,AGN
346,J0424.7+0036,bll,J0424.7+0035,"[2.183871030807495, 2.142677068710327, 2.0894625186920166, 39.70895004272461, -30.775298027271155, -30.560023579068005, -27.73792954375289, -30.675799312986314, -23.19200787679847, 0.04754677414894104, 0.2879355549812317, 1.8486754894256592, 35.18463134765625, -0.6308604104457073, -0.3435377323714272, -0.6292203741410681, -0.5432400450328427, -0.6780051479347228, -0.6885289925617504]",[1],J0424.7+0035,bll,bll,J0424.7+0036,bll,J0424.7+0036,bll,J0424.7+0036,bll,AGN,AGN,AGN,AGN
347,J0424.9-5331,bll,J0425.0-5331,"[2.2547028064727783, 2.1922576427459717, 1.921900749206543, 54.480369567871094, -30.55847189412932, -30.26992777034224, -28.29148872961308, -30.319146602480146, -23.6835109152424, 0.09321457147598267, 0.3985360264778137, 2.594834089279175, 28.935821533203125, -0.4945764146616203, -0.5396394071257534, -0.6034588368765601, -0.582879285049563, -0.8408549011681055, -0.8378556500651914]",[1],J0425.0-5331,bll,bll,J0424.9-5331,bll,J0424.9-5331,bll,J0424.9-5331,bll,AGN,AGN,AGN,AGN
348,J0425.3+6319,bcu,J0425.2+6319,"[1.8261265754699707, 1.741050124168396, 1.45195734500885, 9.056514739990234, -34.218407880357056, -33.9573777388648, -28.044143182511213, -33.995935565949544, -23.48309889021433, 0.058660052716732025, 0.1489315778017044, 1.0099639892578125, 14.115999221801758, -0.5360289301983151, -0.6400032311366306, -0.6712955078454014, -0.3036975033736421, -0.2640442287922642, -0.38843293342816976]",[1],J0425.2+6319,bcu,bcu,J0425.3+6319,bcu,J0425.3+6319,bcu,J0425.3+6319,bcu,AGN,AGN,AGN,AGN
349,J0426.7+6826,bcu,J0426.3+6827,"[2.1983978748321533, 2.180130958557129, 2.0656559467315674, 20.286046981811523, -32.048873069312705, -31.839369652208244, -28.114804664630043, -31.89986771187194, -23.679443155977932, 0.04296174272894859, 0.4154593050479889, 1.1880671977996826, 15.371834754943848, 0.9999965798000396, -0.5304753290072123, -0.611333809448492, -0.5918993519549579, -0.49601332983527496, -0.6881850311826421]",[1],J0426.3+6827,bcu,bcu,J0426.7+6826,bcu,J0426.7+6826,bcu,J0426.7+6826,bcu,AGN,AGN,AGN,AGN
350,J0427.3-3900,bcu,J0427.3-3900,"[2.815145492553711, 2.81205677986145, 2.7513694763183594, 17.753753662109375, -28.355066185191262, -28.17792772038899, -27.580889984690202, -28.229165411072973, -23.534094375790236, 0.01599098928272724, 0.1532619595527649, 0.4821176826953888, 21.56681251525879, -0.529214860290149, -0.651360137122022, -0.8156695532458413, -0.7702964656284655, -0.9704369982531373, 0.39893392735885574]",[1],J0427.3-3900,bcu,bcu,J0427.3-3900,bcu,J0427.3-3900,bcu,J0427.3-3900,bcu,AGN,AGN,AGN,AGN
351,J0428.6-3756,bll,J0428.6-3756,"[2.0990660190582275, 1.9943567514419556, 1.8774837255477905, 2683.052734375, -28.6239151485304, -28.390110416873085, -26.543311955935792, -28.47687328451878, -21.993079602293577, 0.085514135658741, 0.4421635866165161, 13.151459693908691, 221.24935913085938, -0.06421046242247383, -0.4097807352842793, -0.5637915870673815, -0.5423903882225027, -0.6876755612896082, -0.7505522719518851]",[1],J0428.6-3756,bll,bll,J0428.6-3756,bll,J0428.6-3756,bll,J0428.6-3756,bll,AGN,AGN,AGN,AGN
352,J0429.8+2843,bcu,J0429.8+2843,"[2.1345927715301514, 2.008915662765503, 1.6945481300354004, 10.83794116973877, -31.714581524335088, -31.414292991396938, -27.583661742066564, -31.46142979184965, -23.06426456525151, 0.15023136138916016, 0.19606149196624756, 2.9615988731384277, 14.469863891601562, -0.20583023672717912, -0.5518920119420253, -0.38056003750628575, -0.4723656485094005, -0.644117833621257, -0.7648976971257042]",[1],J0429.8+2843,bcu,bcu,J0429.8+2843,bcu,J0429.8+2843,bcu,J0429.8+2843,bcu,AGN,AGN,AGN,AGN
353,J0430.3-2507,bll,J0430.2-2508,"[2.0922584533691406, 2.039072036743164, 1.861162781715393, 7.941726207733154, -32.01925003205919, -31.786625427534926, -28.3363702191609, -31.829981889990126, -23.827227106077828, 0.056968096643686295, 0.10554567724466324, 1.0290818214416504, 13.098695755004883, 0.9971851977650009, -0.5365034680831977, -0.5500316029385067, -0.5093042361862159, -0.44294996317958024, -0.9999717291970732]",[1],J0430.2-2508,bll,bll,J0430.3-2507,bll,J0430.3-2507,bll,J0430.3-2507,bll,AGN,AGN,AGN,AGN
354,J0430.3+1654,bcu,J0430.5+1655,"[2.287597894668579, 2.3017172813415527, 2.1161789894104004, 22.398731231689453, -31.449346206963856, -31.21769490126596, -27.735376579441425, -31.211356263044916, -23.380707670582847, 0.08184831589460373, 0.5097966194152832, 1.5451446771621704, 10.911376953125, 0.9445803779225086, -0.38256415686442824, -0.7094694684259959, -0.6539869195742244, -0.5396785843114688, -0.6231024107370937]",[1],J0430.5+1655,bcu,bcu,J0430.3+1654,bcu,J0430.3+1654,bcu,J0430.3+1654,bcu,AGN,AGN,AGN,AGN
355,J0431.8+7403,bll,J0431.6+7403,"[1.993204951286316, 1.9618691205978394, 1.842112421989441, 17.245344161987305, -32.73481467187263, -32.49499421337056, -28.29659019697787, -32.53827336264396, -23.810795961354515, 0.02974311262369156, 0.29720598459243774, 0.7571142315864563, 17.643522262573242, 0.9978124921499667, -0.2812126587635401, -0.6092916323643495, -0.44796278353662583, -0.3326539305410706, -0.7563275287706157]",[1],J0431.6+7403,bcu,bll,J0431.8+7403,bll,J0431.8+7403,bll,J0431.8+7403,bll,AGN,AGN,AGN,AGN
356,J0433.1+3227,bll,J0433.1+3228,"[1.8693548440933228, 1.8421028852462769, 1.3951232433319092, 15.7990140914917, -33.966634191080246, -33.744401405189485, -28.066866424890108, -33.662407081211846, -23.512773940579688, 0.031061982735991478, 0.45117273926734924, 0.47703251242637634, 10.061059951782227, 0.9819465076064848, -0.7331850900438112, -0.6333451087114386, -0.29013670592932533, -0.41149323568058627, -0.6194738608722675]",[1],J0433.1+3228,bcu,bll,J0433.1+3227,bll,J0433.1+3227,bll,J0433.1+3227,bll,AGN,AGN,AGN,AGN
357,J0433.6-6030,fsrq,J0433.7-6028,"[2.4422383308410645, 2.3504526615142822, 2.1857411861419678, 127.40093994140625, -29.06162294178916, -28.82255685730907, -28.057472003756214, -28.90360997483359, -23.574633656205304, 0.10263600945472717, 0.5061690211296082, 3.526648998260498, 33.802825927734375, -0.3182936448399346, -0.49425109010376134, -0.7184583754789138, -0.7285318587851619, -0.8058254899843103, -0.9998615253019639]",[1],J0433.7-6028,bcu,fsrq,J0433.6-6030,fsrq,J0433.6-6030,fsrq,J0433.6-6030,fsrq,AGN,AGN,AGN,AGN
358,J0433.6+2905,bll,J0433.6+2905,"[2.093888282775879, 2.0207903385162354, 1.8847922086715698, 138.42689514160156, -30.962988258655244, -30.748672346684618, -27.09123815012489, -30.81100604298563, -22.724956047198496, 0.07360665500164032, 0.4722466766834259, 3.845611810684204, 42.12607192993164, 0.9073662841172615, -0.28830469574096096, -0.5342620580354132, -0.4963739337215195, -0.6177892338183312, -0.6029591024738001]",[1],J0433.6+2905,bll,bll,J0433.6+2905,bll,J0433.6+2905,bll,J0433.6+2905,bll,AGN,AGN,AGN,AGN
359,J0433.7-5725,bcu,J0434.0-5726,"[1.9701610803604126, 1.7774113416671753, 1.448536992073059, 15.725993156433105, -32.48716385898969, -32.108028587693035, -28.416754741513095, -32.193924111807654, -23.979621902497666, 0.17325161397457123, 0.32674238085746765, 2.7278618812561035, 17.61886978149414, 0.9974371083789414, -0.6030619988386443, -0.39492618092593906, -0.4176009012542873, -0.5470696443841228, -0.8735549868191287]",[1],J0434.0-5726,bcu,bcu,J0433.7-5725,bcu,J0433.7-5725,bll,J0433.7-5725,bll,AGN,AGN,AGN,AGN
360,J0434.1-2014,bll,J0434.0-2010,"[2.2858357429504395, 2.081948757171631, 1.7042808532714844, 25.443574905395508, -30.808966590135896, -30.373215833134296, -28.398474050671854, -30.48141704031872, -23.856372138600918, 0.25202128291130066, 0.5177457332611084, 2.6365790367126465, 10.877195358276367, -0.7798980404345227, -0.29209698111259286, -0.5356197924722349, -0.7895468379171706, -0.44791281648287296, -0.9999108572254676]",[1],J0434.0-2010,bll,bll,J0434.1-2014,bll,J0434.1-2014,bll,J0434.1-2014,bll,AGN,AGN,AGN,AGN
361,J0434.4-2342,bll,J0434.4-2341,"[2.4471371173858643, 2.4147517681121826, 2.2787210941314697, 7.942445278167725, -30.419674223438047, -30.19444760842104, -28.39633092227004, -30.26302281357941, -23.96519201618311, 0.039566170424222946, 0.12004595249891281, 0.5400115251541138, 8.860727310180664, -0.03612330197843901, -0.5633891333387244, -0.7230500177999651, -0.607556300550129, -0.5708655035950893, -0.9997409473339887]",[1],J0434.4-2341,bcu,bll,J0434.4-2342,bll,J0434.4-2342,bll,J0434.4-2342,bll,AGN,AGN,AGN,AGN
362,J0434.7+0922,bll,J0434.6+0921,"[2.0062711238861084, 1.9807403087615967, 1.9055194854736328, 27.18686294555664, -32.27616720023766, -32.05378747680432, -27.930794963441475, -32.1731419635036, -23.44274726398754, 0.020622102543711662, 0.4400632679462433, 0.5078651309013367, 16.75290298461914, -0.41963520551724826, -0.6453883921696952, -0.5040378195777291, -0.4572764359202771, -0.42250869977900957, -0.6388827298526615]",[1],J0434.6+0921,bcu,bll,J0434.7+0922,bll,J0434.7+0922,bll,J0434.7+0922,bll,AGN,AGN,AGN,AGN
363,J0437.2-4715,PSR,J0437.2-4713,"[2.335186004638672, 1.978926420211792, 0.5799986720085144, 9.085515975952148, -29.272326482344077, -28.709871513050526, -28.145699314480346, -28.76514660881497, -23.17373678621294, 0.5741164088249207, 0.04206625744700432, 16.414398193359375, 56.791114807128906, 0.2704803752686693, -0.2555741593387236, -0.6078678459695541, -0.918328084476025, -0.9999482719443292, -0.9872174595399864]",[0],J0437.2-4713,PSR,PSR,J0437.2-4715,PSR,J0437.2-4715,MSP,J0437.2-4715,MSP,PSR,PSR,PSR,AGN
364,J0438.4-1254,fsrq,J0438.3-1258,"[2.473223924636841, 2.4682037830352783, 2.3663339614868164, 23.386127471923828, -30.158796863316155, -29.990044164550955, -28.22050338502381, -30.044404354791773, -23.821744765945926, 0.008728398010134697, 0.48041075468063354, 0.16501136124134064, 8.761998176574707, 0.17470271853840194, -0.6781668726543256, -0.7649879613218171, -0.42474319697289814, -0.8880961485113223, -0.9964739941915028]",[1],J0438.3-1258,fsrq,fsrq,J0438.4-1254,fsrq,J0438.4-1254,fsrq,J0438.4-1254,fsrq,AGN,AGN,AGN,AGN
365,J0438.9-4521,bll,J0438.8-4519,"[2.4013054370880127, 2.2790169715881348, 2.127851724624634, 25.479822158813477, -29.51388069866417, -29.286539188409574, -28.059910777397672, -29.36705517514401, -23.596658548123816, 0.11614816635847092, 0.2448798418045044, 3.113352060317993, 26.3516845703125, 0.2671972697699134, -0.5622967020947993, -0.6480300298339526, -0.7480349075651076, -0.7306271060299132, -0.6923932566003128]",[1],J0438.8-4519,bll,bll,J0438.9-4521,bll,J0438.9-4521,bll,J0438.9-4521,bll,AGN,AGN,AGN,AGN
366,J0439.4-3202,bcu,J0439.6-3159,"[1.8831263780593872, 1.8423984050750732, 1.6704636812210083, 7.793253421783447, -33.21746835787253, -32.99037254491039, -28.333098076691286, -33.051264271692375, -23.915098549062616, 0.0357368141412735, 0.1324029117822647, 0.7042093276977539, 12.110804557800293, 0.6163475023526016, -0.41068970871672505, -0.5760619201909287, -0.38504606888286547, -0.2737045552312912, -0.6182741522790908]",[1],J0439.6-3159,bcu,bcu,J0439.4-3202,bcu,J0439.4-3202,bcu,J0439.4-3202,bcu,AGN,AGN,AGN,AGN
367,J0439.8-1859,bll,J0439.9-1859,"[1.8684282302856445, 1.726597785949707, 1.407861590385437, 11.64675235748291, -32.89975169510125, -32.526380361175846, -28.190035397253006, -32.5916553404156, -23.816651988968104, 0.1467503160238266, 0.26124632358551025, 2.7177441120147705, 15.236215591430664, 0.6837357567996275, 0.3716539139245368, -0.4695574715965845, -0.3043032727884279, -0.6531618527344042, -0.3766760758379288]",[1],J0439.9-1859,bcu,bll,J0439.8-1859,bll,J0439.8-1859,bll,J0439.8-1859,bll,AGN,AGN,AGN,AGN
368,J0440.2-2458,bll,J0440.3-2500,"[1.6108096837997437, 1.4756091833114624, 1.1879316568374634, 6.172123432159424, -34.675832548322184, -34.24550307092683, -28.286921727613986, -34.367713689074364, -24.06764486659777, 0.13252022862434387, 0.0, 1.8257921934127808, 11.228257179260254, -0.964487927168651, 0.9995710688481171, -0.28210300470215816, 0.04210533929985135, -0.4827249603156756, -0.12893428895974968]",[1],J0440.3-2500,bll,bll,J0440.2-2458,bll,J0440.2-2458,bll,J0440.2-2458,bll,AGN,AGN,AGN,AGN
369,J0440.4+1440,bcu,J0440.3+1444,"[2.311652660369873, 2.2550361156463623, 1.4258736371994019, 4.596793174743652, -31.61700482938875, -31.19115557647257, -27.65347048829054, -31.205998105301187, -23.33971527220857, 0.29066818952560425, 0.0, 2.949990749359131, 6.726588726043701, -0.9959079062327176, 0.9216083474625756, -0.37279610558144155, -0.7165274991598444, -0.7549067392008738, -0.999560640928538]",[1],J0440.3+1444,bcu,bcu,J0440.4+1440,bcu,J0440.4+1440,bcu,J0440.4+1440,bcu,AGN,AGN,AGN,AGN
370,J0440.8+2749,bll,J0440.8+2751,"[2.0813515186309814, 2.01885724067688, 1.8156137466430664, 9.667963027954102, -32.23825987907434, -31.995829496478265, -27.80214570248447, -32.0358176917817, -23.30812164998782, 0.0743522197008133, 0.1780495047569275, 1.7178937196731567, 15.900239944458008, -0.7295548626505403, -0.4345766497674222, -0.5971549938551887, -0.4606114552147177, -0.41390746874987755, -0.8580517059841831]",[1],J0440.8+2751,bll,bll,J0440.8+2749,bll,J0440.8+2749,bll,J0440.8+2749,bll,AGN,AGN,AGN,AGN
371,J0442.6-0017,fsrq,J0442.6-0017,"[2.436897039413452, 2.359391212463379, 2.24523663520813, 694.978515625, -27.67087955593322, -27.49182234814864, -27.492993688559185, -27.566245030877486, -22.892662650409296, 0.06383576989173889, 0.5279544591903687, 4.788665771484375, 74.01179504394531, -0.2983178365622776, -0.6064583811457476, -0.695196260377383, -0.7002996381328084, -0.843746694798426, -0.9999697054745905]",[1],J0442.6-0017,fsrq,fsrq,J0442.6-0017,fsrq,J0442.6-0017,fsrq,J0442.6-0017,fsrq,AGN,AGN,AGN,AGN
372,J0444.6+3425,bcu,J0444.5+3425,"[2.2136600017547607, 2.1753580570220947, 1.977663278579712, 9.401402473449707, -31.821671326210488, -31.58004057957397, -27.62973110124464, -31.615686229148633, -23.228524322810642, 0.07112374901771545, 0.17291010916233063, 1.5115188360214233, 11.25622272491455, -0.43395360188018534, -0.4439495825402106, -0.6328817347386466, -0.48129568276102974, -0.7491222285147873, -0.5940234810499047]",[1],J0444.5+3425,bcu,bcu,J0444.6+3425,bcu,J0444.6+3425,bcu,J0444.6+3425,bcu,AGN,AGN,AGN,AGN
373,J0445.1-6012,fsrq,J0444.6-6012,"[2.0346004962921143, 1.9782780408859253, 1.8765201568603516, 22.457042694091797, -32.716663998147695, -32.48215395882766, -28.566960600632857, -32.58534984220402, -24.073373490979456, 0.04977438226342201, 0.4564778506755829, 0.739345908164978, 10.370789527893066, 0.9450611983000611, -0.7539710763499077, -0.489672373244872, -0.5296508589379604, -0.3860973713230288, -0.7137146008982743]",[1],J0444.6-6012,fsrq,fsrq,J0445.1-6012,fsrq,J0445.1-6012,fsrq,J0445.1-6012,fsrq,AGN,AGN,AGN,AGN
374,J0448.6-1632,bll,J0448.6-1632,"[1.9119223356246948, 1.842371940612793, 1.7242358922958374, 17.143627166748047, -32.2070629091524, -31.93583557250023, -27.93742428423403, -32.03748818307018, -23.558400608838202, 0.06337255239486694, 0.26305198669433594, 2.0182321071624756, 23.367412567138672, 0.9930289979192907, -0.2558491608117698, -0.532902095259999, -0.4068361451858673, -0.48779305984903826, -0.45972028033824125]",[1],J0448.6-1632,bll,bll,J0448.6-1632,bll,J0448.6-1632,bll,J0448.6-1632,bll,AGN,AGN,AGN,AGN
375,J0449.1+1121,fsrq,J0449.0+1121,"[2.5051372051239014, 2.3952267169952393, 2.152747392654419, 149.29696655273438, -27.940887219057913, -27.649681087425463, -27.445686807521643, -27.737019928368813, -22.90556677224763, 0.12881606817245483, 0.38033342361450195, 5.690359592437744, 40.55579376220703, -0.2313943192138268, -0.5529376456810743, -0.7371035610216582, -0.7245894105997791, -0.8950687611646981, -0.9999993761537219]",[1],J0449.0+1121,fsrq,fsrq,J0449.1+1121,fsrq,J0449.1+1121,fsrq,J0449.1+1121,fsrq,AGN,AGN,AGN,AGN
376,J0449.4-4350,bll,J0449.4-4350,"[1.8452494144439697, 1.748496174812317, 1.699263572692871, 55.20225524902344, -30.44384756821904, -30.26942981915307, -26.679658302918252, -30.3489759605781, -22.41383661752693, 0.054312814027071, 0.12255252152681351, 5.257977485656738, 118.85810089111328, -0.3218249283474102, -0.314869453888585, -0.4297722537282906, -0.382988457700408, -0.51850397184774, -0.3884735582645854]",[1],J0449.4-4350,bll,bll,J0449.4-4350,bll,J0449.4-4350,bll,J0449.4-4350,bll,AGN,AGN,AGN,AGN
377,J0453.1-2806,fsrq,J0453.2-2808,"[2.647905111312866, 2.526608467102051, 2.3252110481262207, 246.35403442382812, -27.205853671872312, -27.00382891082013, -27.972688479427486, -27.069436810785426, -23.40484656837691, 0.10398747771978378, 0.4170888066291809, 4.095226764678955, 46.84724426269531, -0.3387689328723645, -0.6472842701919675, -0.7847172432548765, -0.8448672093319743, -0.8147500884742068, -0.999919163962223]",[1],J0453.2-2808,fsrq,fsrq,J0453.1-2806,fsrq,J0453.1-2806,fsrq,J0453.1-2806,fsrq,AGN,AGN,AGN,AGN
378,J0453.1+6322,bll,J0453.2+6321,"[2.02184796333313, 1.9818910360336304, 1.7972922325134277, 10.967422485351562, -33.573718652783406, -33.3841992506162, -28.139833005864865, -33.39652284468416, -23.611610752918438, 0.05356171354651451, 0.3264552652835846, 0.9599335193634033, 10.639690399169922, 0.9243357462850158, -0.8315703591059922, -0.7025875360049215, -0.30770566632119983, -0.5886092094606262, -0.4970267972931707]",[1],J0453.2+6321,bcu,bll,J0453.1+6322,bll,J0453.1+6322,bll,J0453.1+6322,bll,AGN,AGN,AGN,AGN
379,J0455.7-4617,fsrq,J0455.7-4617,"[2.5347836017608643, 2.5097241401672363, 2.3607587814331055, 145.94692993164062, -29.509945905129992, -29.313760118676434, -27.94202498887919, -29.358377133151567, -23.53882231143361, 0.0688224509358406, 0.4933730661869049, 2.1679561138153076, 31.680574417114258, -0.40913883993327743, -0.6544556851973083, -0.7539673106399449, -0.7077843343938988, -0.7404587913324621, -0.7212506231927983]",[1],J0455.7-4617,fsrq,fsrq,J0455.7-4617,fsrq,J0455.7-4617,fsrq,J0455.7-4617,fsrq,AGN,AGN,AGN,AGN
380,J0456.2+2702,bcu,J0456.3+2702,"[2.373939275741577, 2.309735059738159, 1.8773185014724731, 51.56709671020508, -30.82076953529233, -30.46434871153469, -27.551117466677603, -30.484503269434306, -23.25783316334845, 0.16736839711666107, 0.818599283695221, 2.630168914794922, 11.509489059448242, 0.5026332618406593, -0.6116274726203267, -0.5494318039300725, -0.7285645924011493, -0.7367777188847294, -0.9986213982197676]",[1],J0456.3+2702,bcu,bcu,J0456.2+2702,bcu,J0456.2+2702,bcu,J0456.2+2702,bcu,AGN,AGN,AGN,AGN
381,J0456.6-3136,fsrq,J0456.3-3131,"[2.5066909790039062, 2.412338972091675, 2.1657145023345947, 16.6281795501709, -29.69101346588354, -29.389092347188353, -28.399771771219136, -29.466705938891284, -23.89639899006965, 0.1062328964471817, 0.28240329027175903, 1.6172828674316406, 15.668312072753906, -0.23499905168798924, -0.5253540980549025, -0.7373979562877173, -0.6745203979950066, -0.9382562284675106, -0.9993645761474821]",[1],J0456.3-3131,fsrq,fsrq,J0456.6-3136,fsrq,J0456.6-3136,fsrq,J0456.6-3136,fsrq,AGN,AGN,AGN,AGN
382,J0457.0+0646,fsrq,J0457.0+0643,"[2.5299954414367676, 2.4657342433929443, 2.3641843795776367, 58.94944763183594, -30.03771899430377, -29.78412771017356, -27.98348968442842, -29.877297815604813, -23.692363193833494, 0.08861736208200455, 1.011319875717163, 1.1346018314361572, 10.18037223815918, 0.9754932388999565, -0.5711997473023162, -0.713708971056249, -0.8248705546686712, -0.7134685325734736, -0.9998512924246591]",[1],J0457.0+0643,fsrq,fsrq,J0457.0+0646,fsrq,J0457.0+0646,fsrq,J0457.0+0646,fsrq,AGN,AGN,AGN,AGN
383,J0457.0-2324,FSRQ,J0457.0-2324,"[2.201162338256836, 2.098330020904541, 2.010547637939453, 2958.739501953125, -27.516993430528, -27.30766326676908, -26.79611649295326, -27.41193977023382, -22.105003057359745, 0.07551103085279465, 0.41042718291282654, 12.93870735168457, 219.57412719726562, -0.16141792595222562, -0.48593909147225095, -0.6246881737055628, -0.6149159702778335, -0.7309502289307864, -0.7970719321711894]",[1],J0457.0-2324,FSRQ,FSRQ,J0457.0-2324,FSRQ,J0457.0-2324,FSRQ,J0457.0-2324,FSRQ,AGN,AGN,AGN,AGN
384,J0500.2+5237,bcu,J0500.3+5237,"[1.8692821264266968, 1.8556532859802246, 1.749079704284668, 8.042187690734863, -33.9462026083711, -33.77733413544481, -27.984272969582282, -33.827691030992504, -23.423503968388115, 0.013884564861655235, 0.18207339942455292, 0.3334486186504364, 13.628329277038574, -0.8392788177169282, 0.9999187198797951, -0.7587328969739684, -0.38633435212057277, -0.3853638870423008, -0.2597984357551469]",[1],J0500.3+5237,spp,bcu,J0500.2+5237,bcu,J0500.2+5237,bcu,J0500.2+5237,bll,AGN,AGN,AGN,AGN
385,J0501.2-0158,fsrq,J0501.2-0157,"[2.397155523300171, 2.295513868331909, 2.159803867340088, 706.2360229492188, -27.86117798793552, -27.655281828151992, -27.524152023741397, -27.740220964415606, -22.875146859695743, 0.08479857444763184, 0.5016764998435974, 6.162032127380371, 71.55265045166016, -0.1974923919019642, -0.5812358944196012, -0.6891851263523662, -0.6820710056675113, -0.8091289869634016, -0.9999634217317016]",[1],J0501.2-0157,fsrq,fsrq,J0501.2-0158,fsrq,J0501.2-0158,fsrq,J0501.2-0158,fsrq,AGN,AGN,AGN,AGN
386,J0501.7+3048,bcu,J0501.8+3046,"[1.9818867444992065, 2.000084638595581, 1.9906717538833618, 7.188733100891113, -33.88965583388992, -33.78235249238487, -27.96686361172769, -33.84251602756399, -23.4048605567783, -0.02424868755042553, 0.0, 0.3915247321128845, 6.867960453033447, 0.9987828327139774, 0.5264923505709839, -0.670945778121287, -0.7390278350843285, -0.09173898493758013, -0.415839463667222]",[1],J0501.8+3046,bcu,bcu,J0501.7+3048,bcu,J0501.7+3048,bcu,J0501.7+3048,bcu,AGN,AGN,AGN,AGN
387,J0502.4+0609,fsrq,J0502.5+0612,"[2.6544973850250244, 2.5237977504730225, 1.9851315021514893, 48.36302947998047, -29.85664879934863, -29.475093656091378, -27.643141277257442, -29.54595179363646, -23.61952699838766, 0.1632135659456253, 0.8275930285453796, 1.0300493240356445, 9.098038673400879, -0.6736702405996859, -0.5422186230777467, -0.7832948812807738, -0.7340018497281261, -0.9999999996174415, 0.9999999957922202]",[1],J0502.5+0612,fsrq,fsrq,J0502.4+0609,fsrq,J0502.4+0609,fsrq,J0502.4+0609,fsrq,AGN,AGN,AGN,AGN
388,J0502.5+3438,bcu,J0502.7+3438,"[2.3647937774658203, 2.241837978363037, 1.9580562114715576, 73.35653686523438, -29.88211351975047, -29.62368659320484, -27.321713030094546, -29.68464705498199, -22.950966922178875, 0.12618890404701233, 0.49505600333213806, 3.554668664932251, 21.364974975585938, -0.0695295488318559, -0.4715564097476927, -0.611305015652595, -0.6415257127580795, -0.7923318281260642, -0.9999939657477414]",[1],J0502.7+3438,bcu,bcu,J0502.5+3438,bcu,J0502.5+3438,bcu,J0502.5+3438,bcu,AGN,AGN,AGN,AGN
389,J0502.9+6533,bll,J0503.5+6538,"[1.82438063621521, 1.7737014293670654, 1.54983651638031, 2.2398905754089355, -34.832865609418, -34.6197246341169, -28.630610129719866, -34.63934053952448, -24.0881174721226, 0.057107940316200256, 0.0, 0.6915197968482971, 5.468042850494385, -0.999999479984749, 0.9999956562737227, 0.21430248386879597, -0.5666013318434727, -0.3060004424077481, -0.13582328859358858]",[1],J0503.5+6538,bll,bll,J0502.9+6533,bll,J0502.9+6533,bll,J0502.9+6533,bll,AGN,AGN,AGN,AGN
390,J0503.6+4518,bcu,J0503.4+4522,"[1.9650890827178955, 1.8524123430252075, 1.6195186376571655, 14.778090476989746, -33.054399575069205, -32.77682560411573, -27.791497739222837, -32.824971217031646, -23.260353628060066, 0.1104213297367096, 0.33705955743789673, 1.7353848218917847, 11.560352325439453, -0.9805039284473006, 0.9715484903223148, -0.537544712488618, -0.36929914899462085, -0.5422937552343756, -0.5252831187515841]",[1],J0503.4+4522,bcu,bcu,J0503.6+4518,bcu,J0503.6+4518,bcu,J0503.6+4518,bcu,AGN,AGN,AGN,AGN
391,J0505.3+0459,fsrq,J0505.3+0459,"[2.3461005687713623, 2.294421672821045, 2.0473713874816895, 2860.414306640625, -28.911109720902434, -28.664360471316257, -26.9566770762922, -28.70387720944112, -22.54321545653194, 0.09817752987146378, 1.2178820371627808, 8.491436004638672, 77.74858856201172, -0.19502991247387816, -0.5192597439318963, -0.6479326157293974, -0.6602432302990341, -0.8552709929825075, -0.9999852604803208]",[1],J0505.3+0459,fsrq,fsrq,J0505.3+0459,fsrq,J0505.3+0459,fsrq,J0505.3+0459,fsrq,AGN,AGN,AGN,AGN
392,J0505.6+0415,bll,J0505.5+0416,"[1.9091541767120361, 1.8023556470870972, 1.6129202842712402, 9.266216278076172, -33.309772086914755, -32.999444532339886, -27.894209983564224, -33.093046832746104, -23.369402509831083, 0.0908937156200409, 0.19774383306503296, 1.4526997804641724, 14.457587242126465, 0.9783758164215501, -0.7708404900746872, -0.4556549610603143, -0.39390225291131453, -0.4385387089124841, -0.58073181089529]",[1],J0505.5+0416,bll,bll,J0505.6+0415,bll,J0505.6+0415,bll,J0505.6+0415,bll,AGN,AGN,AGN,AGN
393,J0505.6-1558,bll,J0505.5-1558,"[2.0799973011016846, 2.0492777824401855, 1.8738397359848022, 18.499603271484375, -32.6455097529175, -32.41256353258455, -28.386685974943198, -32.460275286485334, -23.889232819434167, 0.042208362370729446, 0.4980412423610687, 0.6457172632217407, 8.101737976074219, 0.22113049293915582, -0.614246379491094, -0.4868509849010338, -0.6232336631411799, -0.3347843361829078, -0.7549157310217678]",[1],J0505.5-1558,bcu,bll,J0505.6-1558,bll,J0505.6-1558,bll,J0505.6-1558,bll,AGN,AGN,AGN,AGN
394,J0505.8-0419,fsrq,J0505.3-0422,"[2.408435583114624, 2.4165689945220947, 2.4204063415527344, 60.654048919677734, -30.485051109146983, -30.35740606437926, -27.96662828812157, -30.448330823730693, -23.588652919662525, -0.01471809484064579, 0.8140160441398621, 0.36509382724761963, 11.713504791259766, 0.9999952540521835, -0.3472097643979976, -0.7792505238536134, -0.4674266283548942, -0.8569157309608795, 0.07302439562544095]",[1],J0505.3-0422,fsrq,fsrq,J0505.8-0419,fsrq,J0505.8-0419,fsrq,J0505.8-0419,fsrq,AGN,AGN,AGN,AGN
395,J0506.0+6113,bll,J0505.9+6114,"[2.0269205570220947, 2.025144338607788, 1.9929090738296509, 17.791568756103516, -33.08857470140704, -32.92505062320212, -28.053156623100403, -33.00517129299811, -23.53623028403295, 0.0038183850701898336, 0.3796747624874115, 0.11118273437023163, 15.520010948181152, -0.868679171606273, 0.24181363454365373, -0.7544642299960089, -0.27073845301769095, -0.7051218131934397, -0.1077246790075131]",[1],J0505.9+6114,bll,bll,J0506.0+6113,bll,J0506.0+6113,bll,J0506.0+6113,bll,AGN,AGN,AGN,AGN
396,J0506.9-5435,bll,J0506.9-5435,"[1.6371943950653076, 1.3563255071640015, 1.1664007902145386, 15.140667915344238, -33.4648535670713, -33.11766327669365, -27.88024583477663, -33.220841430939416, -23.766489762172807, 0.14783434569835663, 0.28278112411499023, 3.2732796669006348, 23.891956329345703, -0.6120338210536085, -0.7392546631040242, -0.0774511961465869, -0.17141963084458284, -0.32597129084049364, -0.2811830742999765]",[1],J0506.9-5435,bcu,bll,J0506.9-5435,bll,J0506.9-5435,bll,J0506.9-5435,bll,AGN,AGN,AGN,AGN
397,J0507.9+6737,bll,J0508.0+6736,"[1.5784763097763062, 1.5449244976043701, 1.452952265739441, 39.183895111083984, -33.69827881698398, -33.42755059971889, -27.462383086707575, -33.534110325321514, -23.366257965269845, 0.028335528448224068, 0.2550155818462372, 1.9209463596343994, 55.366119384765625, 0.9899473528393833, 0.5992553654684515, -0.4612575387171241, -0.2060938909813771, -0.2562493585539618, -0.20083842043921318]",[1],J0508.0+6736,bll,bll,J0507.9+6737,bll,J0507.9+6737,bll,J0507.9+6737,bll,AGN,AGN,AGN,AGN
398,J0508.2-1937,fsrq,J0508.2-1936,"[2.3411457538604736, 2.0732266902923584, 1.3915600776672363, 10.43567180633545, -31.117713928743875, -30.598586012316858, -28.46821717355541, -30.700060750616725, -24.026900952663997, 0.3731188476085663, 0.3185368478298187, 2.5563411712646484, 7.366852283477783, 0.9741567766442654, 0.1305184828215404, -0.5723550100368406, -0.7178834290677633, -0.9999999802871482, 0.9950620930256183]",[1],J0508.2-1936,bcu,fsrq,J0508.2-1937,fsrq,J0508.2-1937,fsrq,J0508.2-1937,fsrq,AGN,AGN,AGN,AGN
399,J0509.4+1012,fsrq,J0509.3+1012,"[2.423137903213501, 2.3808987140655518, 2.238222599029541, 68.01214599609375, -30.035178053588197, -29.728484029404708, -27.834403971557276, -29.84512219865388, -23.427289072927515, 0.10272486507892609, 0.7850931882858276, 2.1113791465759277, 13.523526191711426, 0.9999973399936367, -0.5419938499615956, -0.7013687292667182, -0.7398928676992379, -0.7477835043817489, -0.5070845070597902]",[1],J0509.3+1012,fsrq,fsrq,J0509.4+1012,fsrq,J0509.4+1012,fsrq,J0509.4+1012,fsrq,AGN,AGN,AGN,AGN
400,J0509.4+0542,bll,J0509.4+0541,"[2.0751285552978516, 1.989832878112793, 1.9411901235580444, 245.90989685058594, -29.769185092409586, -29.623687487882535, -26.935525173773847, -29.702918687385626, -22.552194239134995, 0.05129630118608475, 0.3872019946575165, 3.7432217597961426, 77.42799377441406, -0.20952000714641358, -0.4395085543771717, -0.5553766575261476, -0.4848232216875986, -0.6742860449125082, -0.5002177120644362]",[1],J0509.4+0541,bll,bll,J0509.4+0542,bll,J0509.4+0542,bll,J0509.4+0542,bll,AGN,AGN,AGN,AGN
401,J0509.6-0402,bll,J0509.7-0400,"[2.018751621246338, 2.0888617038726807, 2.009382486343384, 10.26006031036377, -33.20618171256866, -33.165224425074236, -28.207784768110514, -33.159105053535704, -23.68408038678105, -0.0507064126431942, 0.3466038405895233, 0.9005448818206787, 8.34730052947998, 0.9995385522110859, -0.8033768641114486, -0.7414328260548416, -0.24752850459762749, -0.4906389877937046, -0.4613995099451291]",[1],J0509.7-0400,bll,bll,J0509.6-0402,bll,J0509.6-0402,bll,J0509.6-0402,bll,AGN,AGN,AGN,AGN
402,J0509.9-6417,bcu,J0509.7-6418,"[1.940192699432373, 1.9924992322921753, 1.942955732345581, 23.02305793762207, -33.26383104696996, -33.1815819982955, -28.42082999466656, -33.210799588807845, -23.94033078062207, -0.04353199526667595, 0.5023850202560425, 1.1550321578979492, 13.55405044555664, -0.6286662568293387, -0.6057459239455001, -0.6654877044976292, -0.40098184155992744, -0.232561438628422, -0.48001528976735514]",[1],J0509.7-6418,bcu,bcu,J0509.9-6417,bcu,J0509.9-6417,bll,J0509.9-6417,bll,AGN,AGN,AGN,AGN
403,J0510.0+1800,fsrq,J0510.0+1802,"[2.1806368827819824, 2.0651793479919434, 1.9153019189834595, 1685.5899658203125, -29.69345367437736, -29.486164104781405, -27.176296061348275, -29.558172777968796, -22.696531065851236, 0.08815477043390274, 1.6174588203430176, 5.0144219398498535, 54.17616271972656, -0.19010504458429311, -0.5358461732792321, -0.5566047869786256, -0.5360024668831174, -0.7347756622199764, -0.7936458999799991]",[1],J0510.0+1802,fsrq,fsrq,J0510.0+1800,fsrq,J0510.0+1800,fsrq,J0510.0+1800,fsrq,AGN,AGN,AGN,AGN
404,J0512.8+4041,bcu,J0512.9+4038,"[2.3517367839813232, 2.2986271381378174, 2.08328914642334, 41.727684020996094, -31.052337739606774, -30.812770578874407, -27.655367587701157, -30.841773118843637, -23.359305946205907, 0.05758475139737129, 0.5975567102432251, 1.0198051929473877, 12.4016752243042, -0.18857755336052276, -0.7757559791141655, -0.5725649558392932, -0.6025929969129319, -0.5583011601870901, -0.9999914504775513]",[1],J0512.9+4038,bcu,bcu,J0512.8+4041,bcu,J0512.8+4041,bcu,J0512.8+4041,bcu,AGN,AGN,AGN,AGN
405,J0515.5-0125,bcu,J0515.5-0123,"[1.9568095207214355, 1.52118718624115, 0.7876676917076111, 11.529661178588867, -33.370872586029336, -32.78512639648048, -28.31422352162046, -32.89359647342508, -23.807481659532684, 0.4128986895084381, 0.3361828923225403, 2.2967729568481445, 6.822096347808838, 0.9978913092121121, -0.6791209671434882, -0.5940721539234433, -0.1633426561862974, -0.6178515791745227, -0.6882606496317009]",[1],J0515.5-0123,bcu,bcu,J0515.5-0125,bcu,J0515.5-0125,bcu,J0515.5-0125,bcu,AGN,AGN,AGN,AGN
406,J0515.6-4556,fsrq,J0515.3-4557,"[2.5112545490264893, 2.5050175189971924, 2.417212963104248, 124.4912109375, -30.361267218211683, -30.246322687855177, -27.942930539311998, -30.24210366900932, -23.703454830459176, 0.022747309878468513, 0.8111221790313721, 0.6246687769889832, 19.298336029052734, 0.9867832497161314, -0.6082583421023782, -0.694885989515483, -0.6828524989087046, -0.6950806536859593, -0.9747245967108161]",[1],J0515.3-4557,fsrq,fsrq,J0515.6-4556,fsrq,J0515.6-4556,fsrq,J0515.6-4556,fsrq,AGN,AGN,AGN,AGN
407,J0515.8+1527,bll,J0515.8+1526,"[1.9319812059402466, 1.8595836162567139, 1.6906425952911377, 22.441896438598633, -32.36498307505566, -32.067651873835935, -27.57323687759567, -32.14562146550546, -23.106657176666523, 0.08255462348461151, 0.2674693465232849, 2.680011749267578, 27.653095245361328, -0.7463628377368805, -0.31327610971962827, -0.4011945915280118, -0.46062943390948574, -0.5628431282242486, -0.36392611481561266]",[1],J0515.8+1526,bll,bll,J0515.8+1527,bll,J0515.8+1527,bll,J0515.8+1527,bll,AGN,AGN,AGN,AGN
408,J0516.4+7350,bll,J0516.3+7351,"[1.8802485466003418, 1.8079129457473755, 1.7574831247329712, 4.183760166168213, -33.390415870522624, -33.10467850562612, -28.364455578469553, -33.2747896144202, -23.929526090795346, 0.055263716727495193, 0.0, 1.139331579208374, 16.103593826293945, 0.9991664295310706, -0.8068989705956765, -0.3025200323717564, -0.42185594693775813, -0.435890028210635, -0.5600806846551428]",[1],J0516.3+7351,bll,bll,J0516.4+7350,bll,J0516.4+7350,bll,J0516.4+7350,bll,AGN,AGN,AGN,AGN
409,J0516.7-6207,bll,J0516.7-6207,"[2.161980152130127, 2.0914313793182373, 2.027470111846924, 144.00442504882812, -29.832840937204317, -29.68793596331222, -27.589036374662538, -29.763157201508182, -23.17490775129406, 0.048114120960235596, 0.3784324526786804, 2.923194646835327, 55.95661163330078, 0.4270036666743285, -0.4840642729949215, -0.6073875066156013, -0.5082855323856299, -0.7108952991041961, -0.664347032758907]",[1],J0516.7-6207,bll,bll,J0516.7-6207,bll,J0516.7-6207,bll,J0516.7-6207,bll,AGN,AGN,AGN,AGN
410,J0517.5+0858,fsrq,J0517.5+0902,"[2.1666486263275146, 1.2861195802688599, 0.2870771884918213, 11.439399719238281, -32.7904893685797, -32.138044111474414, -27.824127898503818, -32.31263341314965, -23.411504409533062, 0.9331507682800293, 0.1271945685148239, 2.773770332336426, 5.442967414855957, -0.9980731940949493, 0.7385704558436869, 0.015871145038528656, -0.16992954751855396, -0.880134192396501, -0.9997488615272189]",[1],J0517.5+0902,fsrq,fsrq,J0517.5+0858,fsrq,J0517.5+0858,fsrq,J0517.5+0858,fsrq,AGN,AGN,AGN,AGN
411,J0519.0+0851,bcu,J0519.5+0852,"[2.553083658218384, 2.5774142742156982, 2.1979222297668457, 10.456570625305176, -29.583024893962914, -29.320361167289292, -27.41193619958174, -28.725133187423864, -23.228118886560956, 0.12814979255199432, 0.20704355835914612, 2.3436946868896484, 9.23098373413086, 0.7625975173766782, -0.6064000856470475, -0.801248373328789, -0.7056671833622647, -0.9339525796215034, 0.051277013282240144]",[1],J0519.5+0852,bcu,bcu,J0519.0+0851,bcu,J0519.0+0851,bcu,J0519.0+0851,bcu,AGN,AGN,AGN,AGN
412,J0519.6+2744,bcu,J0519.3+2746,"[2.1034536361694336, 1.345178246498108, 0.3369901478290558, 16.915904998779297, -33.154605677515654, -32.55555259222565, -27.933168876574346, -32.654661888037815, -23.474641446121144, 0.5916770100593567, 0.6665883660316467, 1.9027220010757446, 5.625527858734131, -0.6459005308438939, -0.8940303604552559, -0.41225484322679956, -0.358627893655019, -0.49987354385922894, -0.9998464503830278]",[1],J0519.3+2746,bcu,bcu,J0519.6+2744,bcu,J0519.6+2744,bcu,J0519.6+2744,bcu,AGN,AGN,AGN,AGN
413,J0519.6-4544,rdg,J0519.2-4542,"[2.4605796337127686, 2.4842536449432373, 2.5887339115142822, 2.761850595474243, -31.352643007055292, -31.362968200198125, -27.881015458951577, -31.379724118599412, -23.841978446196567, -0.07540418952703476, 0.0, 1.9636321067810059, 9.830525398254395, -0.26718448726515376, -0.8000587671782097, -0.7084571236542986, -0.6624106158005881, -0.7181625679674366, -0.19638594325167322]",[1],J0519.2-4542,rdg,rdg,J0519.6-4544,rdg,J0519.6-4544,rdg,J0519.6-4544,rdg,AGN,AGN,AGN,AGN
414,J0521.3-1734,fsrq,J0521.4-1740,"[2.32832670211792, 2.258857488632202, 1.5641365051269531, 3.967578172683716, -30.873872759446627, -30.42972546295762, -28.25558364937539, -30.443288557795086, -23.632649025552972, 0.27473485469818115, 0.0, 3.1845333576202393, 10.669146537780762, 0.995782918228654, 0.048961612749060225, -0.6444633885242237, -0.6943333376313082, -0.8312031994197286, -0.9998932990610759]",[1],J0521.4-1740,fsrq,fsrq,J0521.3-1734,fsrq,J0521.3-1734,fsrq,J0521.3-1734,fsrq,AGN,AGN,AGN,AGN
415,J0521.6+0103,bll,J0521.7+0103,"[1.964451551437378, 1.939863920211792, 1.7077641487121582, 21.296506881713867, -33.42187049042302, -33.21239721581332, -28.297606399318063, -33.217246812336754, -23.781764132339408, 0.04996293783187866, 0.9005666375160217, 0.8161383271217346, 8.187943458557129, 0.9998102379093072, 0.9980929508868988, -0.6649503630952418, -0.4811699688355841, -0.32967294117402185, -0.41328794017148884]",[1],J0521.7+0103,bcu,bll,J0521.6+0103,bll,J0521.6+0103,bll,J0521.6+0103,bll,AGN,AGN,AGN,AGN
416,J0521.7+2112,bll,J0521.7+2113,"[1.9225831031799316, 1.8468817472457886, 1.8185685873031616, 682.15771484375, -30.081017240131807, -29.94420518288833, -26.53361663878571, -30.02864405111919, -22.189102362608068, 0.040640365332365036, 0.453671395778656, 3.598506450653076, 113.24481964111328, -0.15483550296544452, -0.3793283942078223, -0.47171438831337725, -0.4308882176766852, -0.5457475591461037, -0.38627864386608646]",[1],J0521.7+2113,bll,bll,J0521.7+2112,bll,J0521.7+2112,bll,J0521.7+2112,bll,AGN,AGN,AGN,AGN
417,J0521.8-3848,bcu,J0521.9-3847,"[2.5401947498321533, 2.4917194843292236, 2.4019711017608643, 98.28958892822266, -29.798315062810698, -29.545371515402007, -28.27189376428493, -29.65587497615155, -23.876137564665385, 0.06694919615983963, 0.8238107562065125, 1.1629287004470825, 14.055007934570312, 0.022045282468596366, -0.6165253975959865, -0.7847924836104978, -0.6840718534191708, -0.5747295253319663, -0.9993790552757762]",[1],J0521.9-3847,bcu,bcu,J0521.8-3848,bcu,J0521.8-3848,bcu,J0521.8-3848,bcu,AGN,AGN,AGN,AGN
418,J0522.9-3628,AGN,J0522.9-3628,"[2.4521353244781494, 2.3689115047454834, 2.320709466934204, 621.5939331054688, -27.24257320809982, -27.067885522450535, -27.565495967019864, -27.1655646710121, -22.89310903931098, 0.06388199329376221, 0.3864654302597046, 4.091577053070068, 96.10491943359375, -0.30838030653275306, -0.5782566457703803, -0.7356640239141429, -0.7239422288004433, -0.7218568732685764, -0.6169469362604005]",[1],J0522.9-3628,BCU,AGN,J0522.9-3628,AGN,J0522.9-3628,AGN,J0522.9-3628,AGN,AGN,AGN,AGN,AGN
419,J0525.4-4600,fsrq,J0525.3-4558,"[2.3547284603118896, 2.122067928314209, 1.8321133852005005, 6.2480597496032715, -31.432718827990456, -31.1428788746885, -28.299728661612534, -31.213370156996774, -23.961409095479404, 0.17208300530910492, 0.0, 1.1927058696746826, 8.64109992980957, -0.7377372976755275, -0.7771026549517706, -0.4987932996149453, -0.468186252296254, -0.9086584706242268, -0.9995305230152178]",[1],J0525.3-4558,fsrq,fsrq,J0525.4-4600,fsrq,J0525.4-4600,fsrq,J0525.4-4600,fsrq,AGN,AGN,AGN,AGN
420,J0525.6-2008,bcu,J0525.8-2014,"[2.144771099090576, 1.8108735084533691, 1.1042271852493286, 12.423138618469238, -31.994171386680524, -31.576922160866005, -28.52930868521217, -31.62525841885876, -24.018667126022958, 0.30729660391807556, 0.4877155125141144, 2.142491102218628, 6.5977864265441895, -0.9692257868091385, 0.8347822619280647, -0.4486342933281211, -0.5230112704120381, -0.7064081837425176, -0.9999202728341599]",[1],J0525.8-2014,bcu,bcu,J0525.6-2008,bcu,J0525.6-2008,bll,J0525.6-2008,bll,AGN,AGN,AGN,AGN
421,J0525.6-6013,bcu,J0525.6-6013,"[1.7973605394363403, 1.7154921293258667, 1.5189430713653564, 12.240182876586914, -33.55265521849988, -33.25155825542251, -28.185085751944122, -33.337466176675356, -23.825975455579687, 0.06948629766702652, 0.2083662897348404, 1.6505842208862305, 19.281024932861328, 0.11233302366267607, -0.6106377250878948, -0.4726357670792018, -0.27155398484366366, -0.5429198022829291, -0.1881269117075426]",[1],J0525.6-6013,bcu,bcu,J0525.6-6013,bcu,J0525.6-6013,bcu,J0525.6-6013,bcu,AGN,AGN,AGN,AGN
422,J0526.1+6318,bcu,J0526.6+6321,"[2.179701089859009, 2.0266215801239014, 0.8685429096221924, 11.792722702026367, -32.94734554138718, -32.31478666987614, -28.458742929813095, -32.36108174370253, -24.02882382282651, 0.45478373765945435, 0.49466773867607117, 2.665114641189575, 5.153870582580566, -0.9716395988277645, 0.9951465822959283, -0.4229198691862396, -0.37784989698441523, -0.9999999959684401, 0.9999998793678316]",[1],J0526.6+6321,bcu,bcu,J0526.1+6318,bcu,J0526.1+6318,bcu,J0526.1+6318,bcu,AGN,AGN,AGN,AGN
423,J0526.2-4830,fsrq,J0526.2-4829,"[2.3211405277252197, 2.254014492034912, 2.096818447113037, 145.58802795410156, -29.66747268895104, -29.4775575686635, -27.50757797316529, -29.53220076270587, -23.168099930902322, 0.0710304006934166, 0.4050022065639496, 3.442551851272583, 43.710914611816406, -0.015975955090826683, -0.5142222846469428, -0.6727133816666296, -0.5900702207507351, -0.7517892357360076, -0.9999262573231337]",[1],J0526.2-4829,fsrq,fsrq,J0526.2-4830,fsrq,J0526.2-4830,fsrq,J0526.2-4830,fsrq,AGN,AGN,AGN,AGN
424,J0528.7-5920,bll,J0529.2-5917,"[2.083340644836426, 2.042250156402588, 1.8845304250717163, 9.998653411865234, -32.409694348694295, -32.21140524012242, -28.487384385342345, -32.27177767709678, -23.984518747411865, 0.040455400943756104, 0.20159459114074707, 0.7786065340042114, 11.787420272827148, -0.6089850479017117, -0.3414641992432511, -0.6067352427715079, -0.48941029926531227, -0.350460201929972, -0.8549999964442689]",[1],J0529.2-5917,bll,bll,J0528.7-5920,bll,J0528.7-5920,bll,J0528.7-5920,bll,AGN,AGN,AGN,AGN
425,J0529.1+0935,bcu,J0529.1+0933,"[1.9832587242126465, 1.9997594356536865, 1.888198733329773, 12.531307220458984, -33.27512512115055, -33.16401231059869, -27.991827248757332, -33.1922399191618, -23.453119152304275, -0.014298192225396633, 0.39040976762771606, 0.2455817461013794, 8.487152099609375, 0.35703849694892836, -0.5565116692156156, -0.7090983777931749, -0.5963157793896489, -0.1333643206987091, -0.47766299036927756]",[1],J0529.1+0933,bcu,bcu,J0529.1+0935,bcu,J0529.1+0935,bcu,J0529.1+0935,bcu,AGN,AGN,AGN,AGN
426,J0529.3-7243,bcu,J0529.8-7242,"[2.4100871086120605, 2.3942439556121826, 2.3121914863586426, 50.70038604736328, -31.489152607703687, -31.29485837264797, -28.10590505322347, -31.352151041077825, -23.904888345091244, 0.050210192799568176, 0.8361195921897888, 0.8459866046905518, 10.135485649108887, -0.08714592562513644, -0.6126687965413192, -0.7867092742546372, -0.49762302665607533, -0.6951238031318033, -0.6745744761257584]",[1],J0529.8-7242,bcu,bcu,J0529.3-7243,bcu,J0529.3-7243,bcu,J0529.3-7243,bcu,AGN,AGN,AGN,AGN
427,J0530.9+1332,FSRQ,J0530.8+1330,"[2.5757479667663574, 2.5015881061553955, 1.8862504959106445, 402.3596496582031, -28.79422874353797, -28.408987774520035, -26.992687767914997, -28.421593701151163, -22.851985288856568, 0.24374671280384064, 1.0224013328552246, 6.705853462219238, 26.916902542114258, -0.2585012416573674, -0.5366470548083719, -0.7547413955688226, -0.7671452209569399, -0.9172501008399496, -0.7290285291118919]",[1],J0530.8+1330,FSRQ,FSRQ,J0530.9+1332,FSRQ,J0530.9+1332,FSRQ,J0530.9+1332,FSRQ,AGN,AGN,AGN,AGN
428,J0532.0-4827,BLL,J0532.0-4827,"[2.169708490371704, 2.072645425796509, 1.9629936218261719, 2504.2861328125, -29.533837560544665, -29.33214171642184, -27.215864103704142, -29.409494870767396, -22.7709828874624, 0.07762563228607178, 1.3545472621917725, 5.828607559204102, 82.24505615234375, -0.08545566912084628, -0.4474317825263938, -0.5836700192575655, -0.5716261503245952, -0.6552890988656004, -0.812181772700732]",[1],J0532.0-4827,BCU,BLL,J0532.0-4827,BLL,J0532.0-4827,BLL,J0532.0-4827,BLL,AGN,AGN,AGN,AGN
429,J0532.6+0732,FSRQ,J0532.7+0732,"[2.349651575088501, 2.26680588722229, 2.119718551635742, 556.03955078125, -28.515199822032177, -28.28002679042135, -27.141824255318014, -28.36752003553932, -22.61065036756936, 0.08780484646558762, 0.5249197483062744, 6.878498077392578, 70.11323547363281, -0.19341340252535336, -0.547655849421133, -0.680188500216447, -0.633715530628088, -0.7669710709937941, -0.9014933230855501]",[1],J0532.7+0732,FSRQ,FSRQ,J0532.6+0732,FSRQ,J0532.6+0732,FSRQ,J0532.6+0732,FSRQ,AGN,AGN,AGN,AGN
430,J0532.8-3941,bcu,J0533.0-3939,"[2.5916221141815186, 2.5731356143951416, 2.578315496444702, 36.06966018676758, -29.466056665270916, -29.25228579558773, -28.246748361642926, -29.403999700060982, -23.858418059113458, 0.03275543451309204, 0.4498273432254791, 0.6503614783287048, 15.201358795166016, -0.5671344083987295, -0.6035265157107411, -0.7963177962584306, -0.7786697096181942, -0.4208421101055229, -0.7293546714582174]",[1],J0533.0-3939,bcu,bcu,J0532.8-3941,bcu,J0532.8-3941,bcu,J0532.8-3941,bcu,AGN,AGN,AGN,AGN
431,J0532.9-8325,fsrq,J0533.6-8323,"[2.143824338912964, 2.137965679168701, 1.9712491035461426, 87.0569076538086, -32.952636598597, -32.80182626655335, -28.073000033337845, -32.82982576166752, -23.654492098268175, 0.006463927682489157, 1.3909354209899902, 0.139265775680542, 8.55828857421875, 0.9843553228931134, -0.6200001815340286, -0.7431137001740733, -0.4213977841454111, -0.5849543923687748, -0.5843466003199412]",[1],J0533.6-8323,fsrq,fsrq,J0532.9-8325,fsrq,J0532.9-8325,fsrq,J0532.9-8325,fsrq,AGN,AGN,AGN,AGN
432,J0533.3+4823,fsrq,J0533.2+4822,"[2.424020290374756, 2.3253870010375977, 2.1051244735717773, 201.7211151123047, -28.79667123073817, -28.5235784961545, -27.480165518176733, -28.59795736264001, -22.98664733464378, 0.11809995025396347, 0.39782610535621643, 6.242508411407471, 46.352195739746094, -0.09617671111638071, -0.5597976815470266, -0.6842176562630867, -0.7206051416165566, -0.7664019370963692, -0.899597413359923]",[1],J0533.2+4822,fsrq,fsrq,J0533.3+4823,fsrq,J0533.3+4823,fsrq,J0533.3+4823,fsrq,AGN,AGN,AGN,AGN
433,J0533.8+6800,PSR,J0534.0+6759,"[2.0617353916168213, 1.7457890510559082, 0.9409692883491516, 10.582195281982422, -31.224550213030106, -30.730167679681934, -28.210274019100297, -30.794770597512617, -23.298576274136046, 0.3545120358467102, 0.08716140687465668, 8.903616905212402, 33.58705139160156, 0.9471079509672288, -0.2996573770309044, -0.32167760174602134, -0.4930504055297371, -0.8575725683523121, -0.9997941607347955]",[0],J0534.0+6759,PSR,PSR,J0533.8+6800,PSR,J0533.8+6800,MSP,J0533.8+6800,MSP,PSR,PSR,PSR,AGN
434,J0534.5+2200,PSR,J0534.5+2201,"[2.326856851577759, 2.2335662841796875, 1.8868681192398071, 62.37773132324219, -28.490329273363866, -27.132230826304298, -24.43808557540956, -28.080347430070226, -20.701851011915583, 0.2042023092508316, 0.03150287643074989, 30.17957878112793, 35.6076545715332, -0.2196428026510903, -0.4465851425728844, -0.6218995787802956, -0.6636199239917503, -0.8305763195193455, -0.9416882473036241]",[0],J0534.5+2201,PSR,PSR,J0534.5+2200,PSR,J0534.5+2200,PSR,J0534.5+2200,PSR,PSR,PSR,PSR,AGN
435,J0536.0-2754,bcu,J0535.6-2749,"[2.6821069717407227, 2.7022979259490967, 2.6842901706695557, 7.662019729614258, -30.23657444765315, -30.13463363536448, -28.08231621673059, -30.203686806115652, -24.08811526402152, -0.025631632655858994, 0.19104227423667908, 0.24916662275791168, 5.747335910797119, 0.38617006528575426, -0.7837695966222882, -0.742203368371541, -0.6748096864978166, -0.6016279518657494, -0.9993662205834216]",[1],J0535.6-2749,bcu,bcu,J0536.0-2754,bcu,J0536.0-2754,bcu,J0536.0-2754,bcu,AGN,AGN,AGN,AGN
436,J0537.7-5717,bll,J0537.4-5717,"[2.0324909687042236, 1.8613969087600708, 1.5191636085510254, 12.805706977844238, -32.41352266975817, -31.99444172751013, -28.375882056969235, -32.09512369257114, -23.885428992123256, 0.18607427179813385, 0.2900342345237732, 2.4133005142211914, 13.248950004577637, 0.9988665339562054, -0.7120715388037578, -0.3933875779601832, -0.4411812298500563, -0.59753882541351, -0.7850409436337905]",[1],J0537.4-5717,bll,bll,J0537.7-5717,bll,J0537.7-5717,bll,J0537.7-5717,bll,AGN,AGN,AGN,AGN
437,J0538.2-3910,bcu,J0538.4-3909,"[1.9137399196624756, 1.847716212272644, 1.7555663585662842, 30.492084503173828, -33.427389951051985, -33.172683801855584, -28.50750281982838, -33.29150939103787, -24.04476002191354, 0.06170747056603432, 1.1202815771102905, 0.8799356818199158, 8.34559154510498, -0.8940214142549101, 0.9504032363969471, -0.3498659452014, -0.4471107294845932, -0.5360286734872698, -0.43777060620192243]",[1],J0538.4-3909,bcu,bcu,J0538.2-3910,bll,J0538.2-3910,bll,J0538.2-3910,bll,AGN,AGN,AGN,AGN
438,J0538.8-4405,BLL,J0538.8-4405,"[2.106043815612793, 2.0162620544433594, 1.9452488422393799, 6703.2001953125, -28.144240670187877, -27.95604866517162, -26.673862760935183, -28.05339800122429, -22.102742988273338, 0.061614204198122025, 0.727870523929596, 10.228731155395508, 217.2726593017578, -0.011274313065823391, -0.4630630929867692, -0.5749699937540828, -0.5463009712947025, -0.6717299129276302, -0.701553898302503]",[1],J0538.8-4405,BLL,BLL,J0538.8-4405,BLL,J0538.8-4405,BLL,J0538.8-4405,BLL,AGN,AGN,AGN,AGN
439,J0539.6+1432,FSRQ,J0539.8+1434,"[2.5568907260894775, 2.4676668643951416, 2.034655809402466, 172.02590942382812, -29.55816896068326, -29.230503344380065, -27.513008307993836, -29.283465041724007, -23.276730182583403, 0.13896767795085907, 1.1652358770370483, 2.311655282974243, 14.3268404006958, -0.3386637934470724, -0.5455257128423587, -0.7153225622169316, -0.6972655069623546, -0.9997745556246886, 0.9732550782292807]",[1],J0539.8+1434,fsrq,FSRQ,J0539.6+1432,FSRQ,J0539.6+1432,FSRQ,J0539.6+1432,FSRQ,AGN,AGN,AGN,AGN
440,J0539.9-2839,fsrq,J0540.0-2837,"[2.7313766479492188, 2.7067489624023438, 2.4708924293518066, 80.64706420898438, -28.29398108583931, -28.03873103846717, -27.85752504936565, -28.069112647833407, -23.610108263121635, 0.09470556676387787, 0.36395150423049927, 3.119779348373413, 30.72956085205078, -0.3352400589111788, -0.6877033265056007, -0.7956020383210345, -0.8560245823589724, -0.7419607311203353, -0.9999904656811942]",[1],J0540.0-2837,fsrq,fsrq,J0539.9-2839,fsrq,J0539.9-2839,fsrq,J0539.9-2839,fsrq,AGN,AGN,AGN,AGN
441,J0540.5+5823,bll,J0540.4+5823,"[1.9411582946777344, 1.9479249715805054, 1.913205623626709, 14.262736320495605, -33.06855558021046, -32.93928949325808, -28.065666793046578, -33.00580793228093, -23.567566965241777, -0.006840402260422707, 0.26098424196243286, 0.23038174211978912, 18.76953887939453, 0.9857098486413095, -0.18938683886914393, -0.727415972647949, -0.3032885050602222, -0.580939707112044, -0.1541719978723749]",[1],J0540.4+5823,bll,bll,J0540.5+5823,bll,J0540.5+5823,bll,J0540.5+5823,bll,AGN,AGN,AGN,AGN
442,J0540.8-5415,fsrq,J0540.5-5416,"[2.634251594543457, 2.6256039142608643, 2.589961528778076, 95.62020874023438, -29.611003697105048, -29.430944226163135, -28.04594363511585, -29.506806119766516, -23.8421248022011, 0.042479828000068665, 0.9024134278297424, 0.866073489189148, 12.902965545654297, -0.5165077331237146, -0.46778850868163613, -0.7989199258402637, -0.7338375637243607, -0.7909345932753329, -0.38265610307242165]",[1],J0540.5-5416,fsrq,fsrq,J0540.8-5415,fsrq,J0540.8-5415,fsrq,J0540.8-5415,fsrq,AGN,AGN,AGN,AGN
443,J0542.9-0913,bcu,J0542.5-0907c,"[2.4993252754211426, 2.5635101795196533, 2.116905450820923, 39.242332458496094, -30.013128285605895, -29.706164917005648, -27.047651937369007, -29.603303068072535, -22.777548390080895, 0.1474204659461975, 0.5301358103752136, 3.2501180171966553, 11.809281349182129, 0.9988136480038022, -0.4562350484415281, -0.7825091359202497, -0.6627589203427963, -0.8088414239652103, -0.9882391157474472]",[1],J0542.5-0907c,bcu,bcu,J0542.9-0913,bcu,J0542.9-0913,bcu,J0542.9-0913,bcu,AGN,AGN,AGN,AGN
444,J0543.9-5531,bll,J0543.9-5531,"[1.7520482540130615, 1.6203738451004028, 1.572731852531433, 32.9852180480957, -31.96874079535465, -31.771977136990717, -27.534308886988157, -31.87445970671537, -23.28940803581509, 0.0675206258893013, 0.2707427442073822, 3.2105653285980225, 41.85131072998047, 0.9979609498719332, -0.333155916614727, -0.3346043558852279, -0.36930833521203044, -0.3920802414419028, -0.41770705954016235]",[1],J0543.9-5531,bll,bll,J0543.9-5531,bll,J0543.9-5531,bll,J0543.9-5531,bll,AGN,AGN,AGN,AGN
445,J0550.5-3216,bll,J0550.6-3217,"[1.886777400970459, 1.8860200643539429, 1.8101046085357666, 5.983492851257324, -33.25345452165796, -33.0469060631237, -28.315344426504307, -33.15758825385562, -23.886590545156192, 0.0007257243851199746, 0.0, 0.0, 11.807445526123047, 0.1618818633700906, -0.7165724402376394, -0.5057150564833864, -0.17471486405095613, -0.6596828099519538, -0.33884252053313285]",[1],J0550.6-3217,bll,bll,J0550.5-3216,bll,J0550.5-3216,bll,J0550.5-3216,bll,AGN,AGN,AGN,AGN
446,J0553.5-2034,bll,J0553.5-2036,"[1.9634904861450195, 1.86539888381958, 1.696051001548767, 10.996357917785645, -32.31778900452071, -31.970243224620347, -28.089504708556937, -32.09584122308731, -23.642143041667268, 0.11727745831012726, 0.2064913958311081, 2.5229313373565674, 17.787151336669922, 0.9996297885136479, -0.6139566756301185, -0.35576451841507334, -0.48856028128347395, -0.5288402165653007, -0.6557583543783843]",[1],J0553.5-2036,bcu,bll,J0553.5-2034,bll,J0553.5-2034,bll,J0553.5-2034,bll,AGN,AGN,AGN,AGN
447,J0554.1+3107,PSR,J0554.1+3104,"[2.3304622173309326, 2.224339008331299, 0.596149742603302, 5.235294818878174, -30.353112598465515, -29.842518088910325, -27.80524750601196, -29.91505918504466, -22.7294386951666, 0.5796316862106323, 0.0, 12.989678382873535, 36.96408462524414, -0.5467348939682157, -0.02954234891881692, -0.45033014509203206, -0.7809717105238205, -0.9999294012512197, -0.09322026667482636]",[0],J0554.1+3104,PSR,PSR,J0554.1+3107,PSR,J0554.1+3107,PSR,J0554.1+3107,PSR,PSR,PSR,PSR,PSR
448,J0556.2-4352,bll,J0556.0-4353,"[2.085683584213257, 1.9881595373153687, 1.7506897449493408, 20.93204689025879, -32.118649811483024, -31.770200056156924, -28.26578027222981, -31.876404716444483, -23.76179110586861, 0.13801074028015137, 0.44685977697372437, 2.456796884536743, 14.88083267211914, -0.9989012596629849, 0.9999999446256383, -0.37102350040679527, -0.6594295257148748, -0.5431055047776342, -0.6777619718932102]",[1],J0556.0-4353,bll,bll,J0556.2-4352,bll,J0556.2-4352,bll,J0556.2-4352,bll,AGN,AGN,AGN,AGN
449,J0558.0-3837,bll,J0558.1-3838,"[1.8796621561050415, 1.8216519355773926, 1.668312907218933, 15.017681121826172, -32.858364203062045, -32.58312622873707, -28.060865940721467, -32.668802617315215, -23.666680806492263, 0.05692412704229355, 0.27779215574264526, 1.4798719882965088, 20.644451141357422, 0.991677164837489, -0.6005466416558293, -0.4615024159313067, -0.37287523487436247, -0.4154732322131125, -0.6106155380808728]",[1],J0558.1-3838,bll,bll,J0558.0-3837,bll,J0558.0-3837,bll,J0558.0-3837,bll,AGN,AGN,AGN,AGN
450,J0558.8-7459,bll,J0558.6-7459,"[2.04166316986084, 1.9820740222930908, 1.825563669204712, 16.648080825805664, -32.37045060245282, -32.123364696778076, -28.190119497830327, -32.20138814920405, -23.693267286500927, 0.05532211810350418, 0.258585125207901, 1.2657878398895264, 17.74281883239746, -0.28499081346467997, -0.4758841770933872, -0.5879424831120699, -0.4149097241274021, -0.5549288802358338, -0.6160199003268676]",[1],J0558.6-7459,bll,bll,J0558.8-7459,bll,J0558.8-7459,bll,J0558.8-7459,bll,AGN,AGN,AGN,AGN
451,J0600.6-3939,fsrq,J0600.9-3943,"[2.8582212924957275, 2.7408361434936523, 2.415276527404785, 5.660979270935059, -27.675475016404473, -27.376018060130743, -28.077477064025278, -27.420469509549743, -23.939131252242493, 0.16329416632652283, 0.0, 2.143566131591797, 9.621070861816406, -0.03821346461059081, -0.690449063280761, -0.8813192147423881, -0.8071514177934905, -0.9999994641996337, 0.8974208243669334]",[1],J0600.9-3943,fsrq,fsrq,J0600.6-3939,fsrq,J0600.6-3939,fsrq,J0600.6-3939,fsrq,AGN,AGN,AGN,AGN
452,J0601.0+3838,bll,J0601.0+3837,"[1.9653819799423218, 1.923373818397522, 1.7760114669799805, 5.961052894592285, -32.99041252085281, -32.705433857425184, -27.862014408571124, -32.76445924220975, -23.342443764286244, 0.06829800456762314, 0.0, 1.6577680110931396, 17.246990203857422, 0.997200293817963, -0.35342667267555417, -0.5707309195629435, -0.3377319424169021, -0.6743951888226751, -0.23745871363465298]",[1],J0601.0+3837,bll,bll,J0601.0+3838,bll,J0601.0+3838,bll,J0601.0+3838,bll,AGN,AGN,AGN,AGN
453,J0601.1-7035,fsrq,J0601.2-7036,"[2.400998830795288, 2.3005597591400146, 2.1275360584259033, 323.4446105957031, -29.015766380827156, -28.76529448694731, -27.71884451940289, -28.857354775969696, -23.215237252743634, 0.1123121902346611, 0.6010797619819641, 5.422302722930908, 47.276058197021484, -0.18580428984926478, -0.5115317609159657, -0.7038589101970992, -0.6766698999203168, -0.7716582958438273, -0.8795942480858598]",[1],J0601.2-7036,fsrq,fsrq,J0601.1-7035,fsrq,J0601.1-7035,fsrq,J0601.1-7035,fsrq,AGN,AGN,AGN,AGN
454,J0602.0+5315,bcu,J0602.2+5314,"[1.936081886291504, 1.877210259437561, 1.7237160205841064, 52.42628479003906, -32.7479867154783, -32.47207134650197, -28.04230507002358, -32.55891120891055, -23.5812734272781, 0.06352382153272629, 0.5902413129806519, 1.9733086824417114, 22.620927810668945, 0.9995699831927578, -0.16449376184089343, -0.5271364716715331, -0.35772482732461286, -0.5699078676485767, -0.33677140566056796]",[1],J0602.2+5314,bcu,bcu,J0602.0+5315,bll,J0602.0+5315,bll,J0602.0+5315,bll,AGN,AGN,AGN,AGN
455,J0603.9+2159,bcu,J0603.8+2155,"[2.340852737426758, 2.342296838760376, 2.3577115535736084, 19.44329071044922, -31.65258467722289, -31.545396658049732, -27.21839367907603, -31.632680973028126, -23.077215505173783, -0.017621444538235664, 0.4777679443359375, 0.3681776523590088, 10.147228240966797, 0.9327686748893695, -0.5103493678475408, -0.8452117312076345, -0.33275635013757804, -0.8340294036978635, -0.07684505803157754]",[1],J0603.8+2155,bcu,bcu,J0603.9+2159,bcu,J0603.9+2159,bcu,J0603.9+2159,bcu,AGN,AGN,AGN,AGN
456,J0604.1-4816,bll,J0604.1-4817,"[1.7852399349212646, 1.724022388458252, 1.5365840196609497, 12.531393051147461, -33.940983987806526, -33.64694397625512, -28.292023828119447, -33.7401010707076, -23.89293160086556, 0.07409798353910446, 0.44416752457618713, 1.3098145723342896, 12.462549209594727, -0.9977432081410397, 0.9998376112651484, -0.08320535714199356, -0.4959976138591664, -0.4272186960191108, -0.17119189905622617]",[1],J0604.1-4817,bll,bll,J0604.1-4816,bll,J0604.1-4816,bll,J0604.1-4816,bll,AGN,AGN,AGN,AGN
457,J0604.5-4851,bcu,J0604.7-4849,"[2.3943936824798584, 2.408374786376953, 2.4112627506256104, 12.359683990478516, -31.564191187475355, -31.440147566539732, -28.385853488641928, -31.528574352153363, -24.117972786327417, -0.02382143959403038, 0.5279256701469421, 0.31219276785850525, 5.987315654754639, 0.779883377977497, -0.2639559094701764, -0.8659166398020601, -0.3352894904874924, -0.826646497165445, -0.12508129618976216]",[1],J0604.7-4849,bcu,bcu,J0604.5-4851,bcu,J0604.5-4851,bcu,J0604.5-4851,bcu,AGN,AGN,AGN,AGN
458,J0605.1+3757,PSR,J0605.0+3756,"[2.1894307136535645, 2.2326667308807373, 0.0036650130059570074, 9.725883483886719, -31.503571680152156, -30.796392191367367, -28.438171404768678, -30.994507265279392, -23.10831245035863, 0.7163365483283997, 0.11897458881139755, 9.380301475524902, 21.190086364746094, -0.9712314384236728, 0.9995671799093506, -0.36247005702414514, -0.7017519103663568, -0.9718189819627676, -0.9951002950364614]",[0],J0605.0+3756,PSR,PSR,J0605.1+3757,PSR,J0605.1+3757,MSP,J0605.1+3757,MSP,PSR,PSR,PSR,PSR
459,J0606.5-4730,bcu,J0606.4-4729,"[2.006361961364746, 1.921913504600525, 1.5783647298812866, 9.55050277709961, -32.56903306253372, -32.213439997950125, -28.344635849293958, -32.27110381635653, -23.861269190598534, 0.15065540373325348, 0.21325558423995972, 2.1818180084228516, 10.915895462036133, -0.6341547812728998, 0.9968286610073579, -0.5874655734132576, -0.48890844560701424, -0.4367192672561331, -0.9999866764925966]",[1],J0606.4-4729,bcu,bcu,J0606.5-4730,bcu,J0606.5-4730,bcu,J0606.5-4730,bcu,AGN,AGN,AGN,AGN
460,J0607.4+4739,bll,J0607.4+4739,"[2.03814959526062, 1.9142638444900513, 1.7934597730636597, 46.302669525146484, -30.471021401133317, -30.25425155643099, -27.46773158172695, -30.33732045870255, -22.986225878448373, 0.08544336259365082, 0.21472445130348206, 4.842557907104492, 52.26155471801758, 0.6951815546635043, -0.4452872284156451, -0.4871859014331011, -0.4492777338266769, -0.6319595645364183, -0.7686971840171005]",[1],J0607.4+4739,bll,bll,J0607.4+4739,bll,J0607.4+4739,bll,J0607.4+4739,bll,AGN,AGN,AGN,AGN
461,J0608.0-0835,fsrq,J0608.0-0835,"[2.435434341430664, 2.3752434253692627, 2.171074628829956, 277.31243896484375, -28.812679117409058, -28.57842097747102, -27.3523154534143, -28.61982990508862, -22.93335424277953, 0.07468989491462708, 0.8571922779083252, 2.8872172832489014, 26.4693546295166, -0.1471638300542314, -0.5892425995410867, -0.6820206352137625, -0.6749120071882607, -0.8428024921305666, -0.7033788253996561]",[1],J0608.0-0835,fsrq,fsrq,J0608.0-0835,fsrq,J0608.0-0835,fsrq,J0608.0-0835,fsrq,AGN,AGN,AGN,AGN
462,J0608.1-1521,fsrq,J0608.1-1522,"[2.55505108833313, 2.4285902976989746, 2.2430052757263184, 316.0159606933594, -28.02370110413899, -27.760122192263392, -27.695827315804966, -27.80953246892347, -23.263469629492484, 0.12800301611423492, 1.1529929637908936, 2.6899704933166504, 19.796207427978516, -0.1546238413907474, -0.5149806717240828, -0.7935531788458494, -0.7322246813397482, -0.7843393118509032, -0.9900688621247522]",[1],J0608.1-1522,fsrq,fsrq,J0608.1-1521,fsrq,J0608.1-1521,fsrq,J0608.1-1521,fsrq,AGN,AGN,AGN,AGN
463,J0609.2-0247,bll,J0609.4-0248,"[1.86063551902771, 1.6298152208328247, 1.3264007568359375, 7.200929164886475, -32.59262152502947, -32.2367139906681, -27.686208382861363, -32.34547662155257, -23.17017213259599, 0.17648059129714966, 0.0, 3.5454726219177246, 19.15264320373535, 0.9989506523476673, 0.9988709386809684, -0.08982234076533145, -0.2605421245545663, -0.3837617271086539, -0.748942686983188]",[1],J0609.4-0248,bll,bll,J0609.2-0247,bll,J0609.2-0247,bll,J0609.2-0247,bll,AGN,AGN,AGN,AGN
464,J0610.2-2100,PSR,J0610.2-2059,"[2.2316277027130127, 1.9893332719802856, 0.8648809194564819, 1.6540741920471191, -30.54939418910181, -30.077103038672018, -28.209602226045316, -30.079230892055065, -23.237519632062895, 0.4415678381919861, 0.0, 7.294651985168457, 22.5152530670166, 0.9962529554457533, -0.5608775581739232, -0.44465275698775686, -0.6984589465103526, -0.9984374073142274, -0.997038529217548]",[0],J0610.2-2059,PSR,PSR,J0610.2-2100,PSR,J0610.2-2100,MSP,J0610.2-2100,MSP,PSR,PSR,PSR,PSR
465,J0610.9-6054,fsrq,J0611.1-6100,"[2.521146774291992, 2.5153329372406006, 2.39469575881958, 20.98687171936035, -31.226225655258478, -31.039290574259777, -28.047720608842898, -31.06232668646166, -24.003254921384702, 0.07884541898965836, 0.5813263654708862, 0.990247368812561, 7.678099155426025, -0.7978942830822039, -0.4338044318395543, -0.7878648238666526, -0.6997837338164234, -0.571265544713085, -0.99999989840865]",[1],J0611.1-6100,fsrq,fsrq,J0610.9-6054,fsrq,J0610.9-6054,fsrq,J0610.9-6054,fsrq,AGN,AGN,AGN,AGN
466,J0611.1+4325,bcu,J0611.2+4323,"[1.873152494430542, 1.7654069662094116, 1.5474416017532349, 7.02973747253418, -33.38367684639324, -33.06939913388572, -28.133594367311343, -33.15175913713734, -23.673090531781025, 0.098196841776371, 0.0, 1.7852402925491333, 13.513644218444824, 0.7629684491868955, -0.33221415295952245, -0.6004217947712092, -0.2825148614746157, -0.4482009110300151, -0.37536249603117916]",[1],J0611.2+4323,bcu,bcu,J0611.1+4325,bcu,J0611.1+4325,bcu,J0611.1+4325,bcu,AGN,AGN,AGN,AGN
467,J0611.6+2803,bll,J0611.7+2759,"[2.2650136947631836, 2.043877124786377, 1.6209986209869385, 13.050324440002441, -31.616463215415145, -31.23494321079168, -27.675589505095836, -31.303088894177527, -23.318429127293296, 0.20931917428970337, 0.38753262162208557, 1.8966578245162964, 8.506842613220215, -0.9263689136015513, 0.08275493128096396, -0.4672338234411013, -0.5519804879632862, -0.7437907112814979, -0.9996414432716577]",[1],J0611.7+2759,bcu,bll,J0611.6+2803,bll,J0611.6+2803,bll,J0611.6+2803,bll,AGN,AGN,AGN,AGN
468,J0612.8+4122,bll,J0612.8+4122,"[1.9912364482879639, 1.834177851676941, 1.6777753829956055, 64.14250946044922, -30.20055745989799, -29.941335004201388, -27.23305697346496, -30.035186079380242, -22.711430807913846, 0.11027688533067703, 0.20038346946239471, 7.950257301330566, 72.7431869506836, -0.13611516174441302, -0.305825042573385, -0.45864974864320757, -0.47568888347175203, -0.5961555694577034, -0.7770533210512759]",[1],J0612.8+4122,bll,bll,J0612.8+4122,bll,J0612.8+4122,bll,J0612.8+4122,bll,AGN,AGN,AGN,AGN
469,J0613.7-0201,PSR,J0613.8-0201,"[2.2066593170166016, 1.999493956565857, 1.282650113105774, 4.4091010093688965, -29.594824259345494, -29.182004491787694, -27.41041434716056, -29.215316978826536, -22.51424465285883, 0.2966077923774719, 0.0, 14.278157234191895, 58.081809997558594, -0.2281292045428047, -0.3004489060875549, -0.5186373382069814, -0.6426054512217669, -0.9714030720884674, -0.999711252630385]",[0],J0613.8-0201,PSR,PSR,J0613.7-0201,PSR,J0613.7-0201,MSP,J0613.7-0201,MSP,PSR,PSR,PSR,PSR
470,J0614.1-3329,PSR,J0614.1-3329,"[1.912733554840088, 1.5955841541290283, 1.012703776359558, 4.871486663818359, -29.541587700224486, -29.042155320153977, -27.10704114251883, -29.1362363631369, -22.081832593132347, 0.29665565490722656, 0.0, 36.47158432006836, 175.51380920410156, -0.10731797966963151, -0.04708162953090762, -0.33819941004637444, -0.5085327955119596, -0.8371936105520156, -0.9522640341386138]",[0],J0614.1-3329,PSR,PSR,J0614.1-3329,PSR,J0614.1-3329,MSP,J0614.1-3329,MSP,PSR,PSR,PSR,PSR
471,J0615.3-3117,bll,J0615.4-3116,"[2.0724010467529297, 2.0552732944488525, 2.0841853618621826, 21.8153018951416, -32.45254032248198, -32.231454091084984, -28.255258540161844, -32.27791248714986, -23.755926450599556, 0.039758261293172836, 0.527847409248352, 0.6591442227363586, 11.329840660095215, 0.7961410115173827, -0.4688776242315853, -0.5428086084817472, -0.5457036197481157, -0.5937606339855196, -0.4528532527121939]",[1],J0615.4-3116,bll,bll,J0615.3-3117,bll,J0615.3-3117,bll,J0615.3-3117,bll,AGN,AGN,AGN,AGN
472,J0617.2+5701,bll,J0617.2+5701,"[2.0799026489257812, 2.054917097091675, 1.9680393934249878, 17.094924926757812, -31.62651254671034, -31.42227523786115, -28.083170250439327, -31.50587466699347, -23.573999311514765, 0.029458507895469666, 0.16674001514911652, 1.217871069908142, 31.026939392089844, -0.40215048400781217, -0.5578504595844582, -0.5829478875331048, -0.44439491126011993, -0.6618322331335696, -0.5043854541110651]",[1],J0617.2+5701,bll,bll,J0617.2+5701,bll,J0617.2+5701,bll,J0617.2+5701,bll,AGN,AGN,AGN,AGN
473,J0617.7-1715,bll,J0617.6-1717,"[1.9270292520523071, 1.7709810733795166, 1.5254061222076416, 15.028980255126953, -32.00039849072234, -31.7052436982943, -27.760515914964067, -31.776698275355354, -23.281649323894, 0.1238776370882988, 0.24483157694339752, 3.1741738319396973, 20.7126407623291, 0.8607357658189315, -0.4347388996128521, -0.37811601669317596, -0.39203638450105366, -0.4340373873804127, -0.8229586475760114]",[1],J0617.6-1717,bll,bll,J0617.7-1715,bll,J0617.7-1715,bll,J0617.7-1715,bll,AGN,AGN,AGN,AGN
474,J0618.1-2428,fsrq,J0618.2-2429,"[2.338791847229004, 2.2187089920043945, 1.783398151397705, 2.673860788345337, -31.379155521470533, -31.012294380872888, -28.208620591366103, -31.088284199993545, -23.84994609920383, 0.2243007868528366, 0.0, 1.7230224609375, 6.74838924407959, -0.7987696162904504, -0.2522592350077425, -0.6635675341033439, -0.6053046770281562, -0.7876300877759015, -0.9481974364996557]",[1],J0618.2-2429,bcu,fsrq,J0618.1-2428,fsrq,J0618.1-2428,fsrq,J0618.1-2428,fsrq,AGN,AGN,AGN,AGN
475,J0620.7+2643,bcu,J0620.4+2644,"[1.5357414484024048, 1.5260932445526123, 1.3801393508911133, 6.315804958343506, -35.65184683508322, -35.268236658384936, -28.13226430986764, -35.44512560651752, -23.814517506488677, 0.08973142504692078, 0.0, 1.452475905418396, 9.478474617004395, -0.9999340316376857, -0.9910804138129751, 0.9998909365809119, 0.5948527508611038, -0.5348779879955089, -0.05313149306591098]",[1],J0620.4+2644,bcu,bcu,J0620.7+2643,bcu,J0620.7+2643,bll,J0620.7+2643,bll,AGN,AGN,AGN,AGN
476,J0621.2+2512,PSR,J0621.0+2514,"[2.169342517852783, 2.080322742462158, 0.00011431907478254288, 6.955089569091797, -32.09850435797732, -31.36841670977543, -28.406833678040623, -31.595895510881956, -23.0886137747814, 0.9999802112579346, 0.0, 7.27564001083374, 12.559197425842285, 0.9950395951541551, 0.16154272764892963, 0.27704482848388307, -0.5066464957136877, -0.9996539837113517, -0.8635233568925521]",[0],J0621.0+2514,PSR,PSR,J0621.2+2512,PSR,J0621.2+2512,MSP,J0621.2+2512,MSP,PSR,PSR,PSR,PSR
477,J0622.2+3749,PSR,J0622.2+3747,"[2.4241976737976074, 2.620770215988159, 0.022648466750979424, 4.271587371826172, -29.93174644952846, -29.339721672409265, -27.929235396587494, -29.457571649403864, -22.935745363702466, 0.8202192783355713, 0.0, 16.45079231262207, 33.199405670166016, 0.13784321085588447, -0.19342796373433588, -0.5974927556918429, -0.940937780796676, -0.9993507705784058, -0.9999975522685554]",[0],J0622.2+3747,PSR,PSR,J0622.2+3749,PSR,J0622.2+3749,PSR,J0622.2+3749,PSR,PSR,PSR,PSR,AGN
478,J0622.3-2605,bll,J0622.4-2606,"[1.93534517288208, 1.900267481803894, 1.8355424404144287, 104.73825073242188, -31.714744434596533, -31.502637927483335, -27.58828812498619, -31.607075133767218, -23.195799063968785, 0.030461668968200684, 0.4741614758968353, 1.5617188215255737, 41.45706558227539, -0.6454304521123385, -0.32108534924344406, -0.4829053023269198, -0.49834656092195617, -0.4127041701003338, -0.5222825242730853]",[1],J0622.4-2606,bll,bll,J0622.3-2605,bll,J0622.3-2605,bll,J0622.3-2605,bll,AGN,AGN,AGN,AGN
479,J0622.9+3326,BCU,J0622.9+3326,"[2.215102434158325, 2.1256794929504395, 2.038299083709717, 2344.464599609375, -29.26343522759213, -29.06026772914432, -27.23290842281656, -29.154964527787147, -22.723202456504783, 0.0707157701253891, 1.4215760231018066, 4.688397407531738, 57.67141342163086, -0.2526653871137053, -0.4054756341500432, -0.6278522087386781, -0.5413986365923017, -0.7776154424601803, -0.6230495810351275]",[1],J0622.9+3326,BCU,BCU,J0622.9+3326,BCU,J0622.9+3326,BCU,J0622.9+3326,BCU,AGN,AGN,AGN,AGN
480,J0623.2+3044,bll,J0623.3+3043,"[1.997594952583313, 1.8699485063552856, 1.7367584705352783, 19.85332489013672, -33.11270879290033, -32.80602902193238, -27.912849045194495, -32.9132858107226, -23.381225891256683, 0.09107139706611633, 0.42420539259910583, 1.091010332107544, 13.070699691772461, 0.7415594246696833, -0.5740114129185258, -0.625110803654955, -0.22850028652767912, -0.5436322501094341, -0.6202546749241569]",[1],J0623.3+3043,bcu,bll,J0623.2+3044,bll,J0623.2+3044,bll,J0623.2+3044,bll,AGN,AGN,AGN,AGN
481,J0625.3+4439,bll,J0625.2+4440,"[2.1118111610412598, 2.055882692337036, 1.9108903408050537, 22.306934356689453, -31.64376863235557, -31.375861782584725, -28.103875402924686, -31.456195370171088, -23.589994427965056, 0.06717651337385178, 0.3110024631023407, 1.8750331401824951, 19.858863830566406, -0.45414662579731213, -0.3311328607080743, -0.5867643528691003, -0.5306562375073608, -0.6141534131863033, -0.5996149176857954]",[1],J0625.2+4440,bll,bll,J0625.3+4439,bll,J0625.3+4439,bll,J0625.3+4439,bll,AGN,AGN,AGN,AGN
482,J0625.8-5441,fsrq,J0626.0-5436,"[2.7657320499420166, 2.718062400817871, 2.5518648624420166, 25.521446228027344, -28.608979554908142, -28.348631421940457, -28.219971311664093, -28.448414950151665, -23.988524643549987, 0.07844013720750809, 0.508182942867279, 0.9410825967788696, 7.604499340057373, -0.32524945217376994, -0.6936359225227591, -0.8674213886349651, -0.48753931109049026, -0.999998477029066, 0.9594937365338253]",[1],J0626.0-5436,fsrq,fsrq,J0625.8-5441,fsrq,J0625.8-5441,fsrq,J0625.8-5441,fsrq,AGN,AGN,AGN,AGN
483,J0626.4-4259,bll,J0626.6-4259,"[1.8482613563537598, 1.492937445640564, 1.0836387872695923, 15.206997871398926, -33.59540966582191, -33.16529831403075, -28.36229890063684, -33.2343377691597, -23.939113092561826, 0.23680999875068665, 0.5945006608963013, 1.9930827617645264, 9.174256324768066, 0.9801253672293097, -0.7506009700661546, -0.44737310499587263, -0.37091499598445127, -0.2036386832963823, -0.8646882621290236]",[1],J0626.6-4259,bcu,bll,J0626.4-4259,bll,J0626.4-4259,bll,J0626.4-4259,bll,AGN,AGN,AGN,AGN
484,J0627.0-3529,rdg,J0627.0-3529,"[1.9006094932556152, 1.881796956062317, 1.86028254032135, 11.558624267578125, -31.962152129761503, -31.757288749362143, -27.698552610409767, -31.884858882182396, -23.34262186474909, 0.01656121201813221, 0.11689101904630661, 0.7979747653007507, 33.998260498046875, -0.23852625831018906, -0.5375494178498412, -0.4880372893542261, -0.38831547182341625, -0.48120180390538375, -0.5509334313665025]",[1],J0627.0-3529,rdg,rdg,J0627.0-3529,rdg,J0627.0-3529,rdg,J0627.0-3529,rdg,AGN,AGN,AGN,AGN
485,J0628.6+6900,bcu,J0630.3+6906,"[2.23913836479187, 2.199430227279663, 2.1482064723968506, 4.176389694213867, -31.977932752727078, -31.68592577489594, -28.574528489969097, -31.89202078886007, -24.122820280625223, 0.07796697318553925, 0.0, 1.0424041748046875, 7.717502117156982, -0.6076577758671861, -0.15421395845819216, -0.5004591575493484, -0.6872714865245328, -0.7433232765877732, -0.28466543022058216]",[1],J0630.3+6906,bcu,bcu,J0628.6+6900,bcu,J0628.6+6900,bcu,J0628.6+6900,bcu,AGN,AGN,AGN,AGN
486,J0628.8-6250,bll,J0629.0-6248,"[2.146263837814331, 2.079193353652954, 1.8888576030731201, 10.495610237121582, -31.612555522918946, -31.368473047330728, -28.27269638347905, -31.41585138367541, -23.746663294302696, 0.06854137778282166, 0.16294798254966736, 1.5820198059082031, 18.522977828979492, -0.31847741985133293, -0.6397441398126096, -0.5070376698397201, -0.5836635605045682, -0.4739346879613268, -0.9999966871107349]",[1],J0629.0-6248,bll,bll,J0628.8-6250,bll,J0628.8-6250,bll,J0628.8-6250,bll,AGN,AGN,AGN,AGN
487,J0629.3-1959,bll,J0629.4-1959,"[2.2039718627929688, 2.1214182376861572, 2.0089597702026367, 334.0182800292969, -29.532052631644714, -29.32865404313585, -27.46826453444678, -29.40286531640596, -22.952873110836485, 0.07054571062326431, 0.8203837871551514, 3.482428550720215, 36.74371337890625, 0.9998657658688714, -0.46931366164696986, -0.6250241480157392, -0.5477618406198516, -0.6694775574812531, -0.7205510860577765]",[1],J0629.4-1959,bll,bll,J0629.3-1959,bll,J0629.3-1959,bll,J0629.3-1959,bll,AGN,AGN,AGN,AGN
488,J0630.9-2406,bll,J0630.9-2406,"[1.8235175609588623, 1.6704992055892944, 1.5554040670394897, 38.6081428527832, -30.941815776454654, -30.718256362711553, -27.058326418563144, -30.80755350892436, -22.75250645229981, 0.08693276345729828, 0.18013985455036163, 5.906533718109131, 69.97814178466797, 0.5295535355626053, -0.16294363571998907, -0.3785751949173412, -0.38351944794461046, -0.43874330827830305, -0.5369139886363399]",[1],J0630.9-2406,bll,bll,J0630.9-2406,bll,J0630.9-2406,bll,J0630.9-2406,bll,AGN,AGN,AGN,AGN
489,J0631.1+2020,bcu,J0631.2+2019,"[2.3782804012298584, 2.22174334526062, 1.8597171306610107, 48.94165802001953, -31.188131508228167, -30.792952932704395, -27.544592047695023, -30.905021284719425, -23.3443251350014, 0.23137132823467255, 1.1266435384750366, 2.478424310684204, 12.105395317077637, -0.9360172994154004, 0.04642929478694336, -0.44783403012839146, -0.7090999723472069, -0.6563949684926397, -0.9999627224102667]",[1],J0631.2+2019,bcu,bcu,J0631.1+2020,bcu,J0631.1+2020,bcu,J0631.1+2020,bcu,AGN,AGN,AGN,AGN
490,J0631.5+1036,PSR,J0631.5+1036,"[2.199892282485962, 2.102407217025757, 1.0621840953826904, 3.1466667652130127, -30.60391967184151, -30.156938683977337, -27.301791013881036, -30.22086394640254, -22.390862442550628, 0.352256715297699, 0.0, 12.168445587158203, 38.73133087158203, 0.18118149571361228, -0.16477388660140893, -0.4093830646157608, -0.5420984949651292, -0.9473862734032562, -0.9725609825674157]",[0],J0631.5+1036,PSR,PSR,J0631.5+1036,PSR,J0631.5+1036,PSR,J0631.5+1036,PSR,PSR,PSR,PSR,PSR
491,J0633.7+0632,PSR,J0633.7+0632,"[2.230073928833008, 2.1183066368103027, 1.1101419925689697, 6.838747024536133, -29.55894221185815, -29.014833463989046, -26.630599558688296, -29.057780443768472, -21.864894700518082, 0.3775128424167633, 0.009796656668186188, 23.560930252075195, 76.92736053466797, 0.9971759418674492, 0.04497538139481293, -0.4530457716429713, -0.6881694964546191, -0.9408403501585065, -0.9999997803709393]",[0],J0633.7+0632,PSR,PSR,J0633.7+0632,PSR,J0633.7+0632,PSR,J0633.7+0632,PSR,PSR,PSR,PSR,PSR
492,J0633.9+1746,PSR,J0633.9+1746,"[2.090209722518921, 2.17147159576416, 1.0907472372055054, 12.698333740234375, -28.134967920120914, -27.3235852040866, -25.075263105628377, -27.333260764259038, -19.847057049555065, 0.37280118465423584, 0.005198557861149311, 207.65853881835938, 792.6913452148438, 0.14432050962180287, -0.15499993233033074, -0.41059982447310595, -0.6512480839521856, -0.9459628149588621, -0.9815010088055043]",[0],J0633.9+1746,PSR,PSR,J0633.9+1746,PSR,J0633.9+1746,PSR,J0633.9+1746,PSR,PSR,PSR,PSR,PSR
493,J0634.9-2335,fsrq,J0634.7-2334,"[2.601316213607788, 2.567129135131836, 2.420664072036743, 25.396297454833984, -29.3745887582896, -29.150971409787374, -27.92389355989316, -29.20216801206016, -23.642619355017437, 0.05516856536269188, 0.4454469680786133, 1.024734377861023, 11.175470352172852, 0.18394976072519664, -0.7754586908514525, -0.6824406537905523, -0.7734738848757393, -0.998317687604562, -0.9999936100428262]",[1],J0634.7-2334,fsrq,fsrq,J0634.9-2335,fsrq,J0634.9-2335,fsrq,J0634.9-2335,fsrq,AGN,AGN,AGN,AGN
494,J0635.6-7518,fsrq,J0635.7-7517,"[2.6743929386138916, 2.673266887664795, 2.6641645431518555, 450.2308654785156, -28.91195926967832, -28.72688964520981, -27.99471106705313, -28.836764493124402, -23.686528497344113, 0.0024295481853187084, 1.0540757179260254, 0.07707682996988297, 24.204601287841797, -0.4754760168910452, -0.6879870424262673, -0.7561381807718487, -0.7863326871280848, -0.7174330172940537, -0.5414257583734478]",[1],J0635.7-7517,fsrq,fsrq,J0635.6-7518,fsrq,J0635.6-7518,fsrq,J0635.6-7518,fsrq,AGN,AGN,AGN,AGN
495,J0638.6+7320,fsrq,J0638.6+7324,"[2.94407057762146, 2.942352771759033, 2.8519742488861084, 46.11189651489258, -28.375553060067766, -28.189667410049726, -28.164297590480412, -28.252736060573582, -24.20637627905792, 0.005049017257988453, 0.6191415786743164, 0.08023656159639359, 10.475442886352539, -0.5255124744861779, -0.6905506479268017, -0.8566728389457003, -0.7846418549886736, -0.9843994080675392, -0.9730599657096579]",[1],J0638.6+7324,fsrq,fsrq,J0638.6+7320,fsrq,J0638.6+7320,fsrq,J0638.6+7320,fsrq,AGN,AGN,AGN,AGN
496,J0640.0-1253,bll,J0640.0-1252,"[1.6376878023147583, 1.6177470684051514, 1.5415009260177612, 3.9138236045837402, -34.873619544219494, -34.555438568002415, -27.84467510846235, -34.68544568544447, -23.403909588413004, 0.02035302110016346, 0.0, 0.35789141058921814, 12.736279487609863, -0.8998428475352048, -0.5825503775248841, -0.3678760379367502, -0.20668512462482957, -0.49271538376316626, 0.04099461034775867]",[1],J0640.0-1252,bcu,bll,J0640.0-1253,bll,J0640.0-1253,bll,J0640.0-1253,bll,AGN,AGN,AGN,AGN
497,J0641.7-0320,FSRQ,J0641.8-0319,"[2.6678426265716553, 2.5448505878448486, 2.070418119430542, 334.90673828125, -27.817416178233493, -27.469871927916028, -27.041931045750633, -27.522337846901735, -22.79473974302741, 0.18692442774772644, 0.9066256284713745, 5.111675262451172, 21.189308166503906, -0.2671636917072553, -0.610287443230181, -0.7335383571361673, -0.8550839812332238, -0.9947305374734324, -0.9925640752700324]",[1],J0641.8-0319,bcu,FSRQ,J0641.7-0320,FSRQ,J0641.7-0320,FSRQ,J0641.7-0320,FSRQ,AGN,AGN,AGN,AGN
498,J0643.2-5356,bcu,J0643.4-5358,"[2.396202802658081, 2.3931684494018555, 2.295153856277466, 43.23802185058594, -30.958264760857173, -30.79244296898236, -28.338892628101974, -30.84524875788148, -23.95747985444273, 0.004411318339407444, 0.9289054870605469, 0.08498425036668777, 9.331611633300781, -0.39160577693807325, -0.7005277752704617, -0.5873594735348189, -0.6186512292898586, -0.8279105999062787, -0.9997952302420314]",[1],J0643.4-5358,bcu,bcu,J0643.2-5356,bcu,J0643.2-5356,bcu,J0643.2-5356,bcu,AGN,AGN,AGN,AGN
499,J0643.3+0857,fsrq,J0643.2+0859,"[2.540240526199341, 2.508841037750244, 2.0716700553894043, 342.7418212890625, -28.787035044934523, -28.43671686409127, -27.02326159365736, -28.45217354019999, -22.693808383475396, 0.17471177875995636, 0.9080229997634888, 5.903428554534912, 25.796850204467773, -0.08937824529196639, -0.548085877305985, -0.7388328843795438, -0.7533155243282091, -0.8531760837620859, -0.9999384693348086]",[1],J0643.2+0859,fsrq,fsrq,J0643.3+0857,fsrq,J0643.3+0857,fsrq,J0643.3+0857,fsrq,AGN,AGN,AGN,AGN
500,J0644.4-6712,bcu,J0644.3-6713,"[2.1411736011505127, 2.013782501220703, 1.8540585041046143, 1075.6689453125, -30.04863741653491, -29.838474555544376, -27.611082704462213, -29.90978121140416, -23.11663784322855, 0.09488752484321594, 1.2410246133804321, 4.987699508666992, 53.80695724487305, 0.5583956109707536, -0.40544097488001546, -0.5592917533056918, -0.5513226773892131, -0.6998304544336476, -0.9332651852959005]",[1],J0644.3-6713,bcu,bcu,J0644.4-6712,fsrq,J0644.4-6712,fsrq,J0644.4-6712,fsrq,AGN,AGN,AGN,AGN
501,J0644.6-2853,bcu,J0644.6-2853,"[1.8565465211868286, 1.6658270359039307, 0.9718720316886902, 12.253519058227539, -33.75924336905761, -33.287621703254395, -28.29818386806309, -33.31562765519141, -23.830732527488628, 0.23657259345054626, 0.37322238087654114, 2.3548943996429443, 7.5946946144104, -0.9997410599200071, 0.981535032215603, 0.27794379921592777, -0.5273227037642015, -0.3130139967415292, -0.6031449327083473]",[1],J0644.6-2853,bcu,bcu,J0644.6-2853,bcu,J0644.6-2853,bcu,J0644.6-2853,bcu,AGN,AGN,AGN,AGN
502,J0646.4-5455,bcu,J0646.4-5452,"[2.2228035926818848, 2.061919927597046, -0.48913195729255676, 2.2603418827056885, -31.968741638090673, -31.367454340087807, -28.77750661053615, -31.3839446044235, -23.4805126894262, 0.9565338492393494, 0.0, 6.332719802856445, 14.522989273071289, 0.8210102839386442, 0.29298207500339973, -0.002129940388660535, -0.6950783737697868, -0.9999999953661461, 0.9999023545401147]",[1],J0646.4-5452,bcu,bcu,J0646.4-5455,psr,J0646.4-5455,msp,J0646.4-5455,msp,PSR,PSR,PSR,PSR
503,J0646.7-3913,fsrq,J0645.9-3914,"[2.9151904582977295, 2.79026198387146, 2.471583366394043, 19.751359939575195, -27.434621056293324, -27.17124513723306, -28.16499213695074, -27.21865809371245, -24.004110555193925, 0.13454802334308624, 0.4593485891819, 1.254459261894226, 6.929251670837402, -0.5978423819133367, -0.7075296572375035, -0.8597354049067265, -0.9242131780611564, -0.9978953443252139, -0.9374879553570337]",[1],J0645.9-3914,fsrq,fsrq,J0646.7-3913,fsrq,J0646.7-3913,fsrq,J0646.7-3913,fsrq,AGN,AGN,AGN,AGN
504,J0647.0-5138,bcu,J0647.0-5134,"[1.8321303129196167, 1.7318395376205444, 1.6492613554000854, 11.023880958557129, -34.14728859406235, -33.835477554745644, -28.47184620827881, -33.99157870517175, -23.991853618379743, 0.07450652867555618, 0.19796471297740936, 0.7884862422943115, 8.037986755371094, -0.9630874456462128, 0.9971402356513686, -0.8118953185440853, 0.15482143202662435, -0.5703527691757146, -0.33438612107737903]",[1],J0647.0-5134,bcu,bcu,J0647.0-5138,bcu,J0647.0-5138,bll,J0647.0-5138,bll,AGN,AGN,AGN,AGN
505,J0647.7-6058,bcu,J0647.6-6058,"[2.4776084423065186, 2.4633140563964844, 2.3916573524475098, 50.40415954589844, -29.900495205690998, -29.71454574308888, -28.14866339060627, -29.77956909422838, -23.708514863178333, 0.023930957540869713, 0.4672662317752838, 0.6929079294204712, 17.183385848999023, -0.23427467307703884, -0.6873379300724232, -0.7244311020733202, -0.5967273263947287, -0.8816571684991305, -0.38663178666030357]",[1],J0647.6-6058,bcu,bcu,J0647.7-6058,bll,J0647.7-6058,bll,J0647.7-6058,bll,AGN,AGN,AGN,AGN
506,J0648.0-3045,fsrq,J0648.1-3045,"[2.4769856929779053, 2.3644773960113525, 2.1306753158569336, 416.1481628417969, -28.58433045598332, -28.309439562375072, -27.810304591387645, -28.38418667794517, -23.29975136899361, 0.13076110184192657, 1.0471632480621338, 3.5964369773864746, 25.04343032836914, -0.32956656618362135, -0.4798504199313076, -0.7401418756276801, -0.7629797753699105, -0.6232159578648833, -0.9999946660846402]",[1],J0648.1-3045,fsrq,fsrq,J0648.0-3045,fsrq,J0648.0-3045,fsrq,J0648.0-3045,fsrq,AGN,AGN,AGN,AGN
507,J0648.1+1605,bcu,J0648.1+1606,"[1.8398991823196411, 1.6954294443130493, 0.960010290145874, 5.66834020614624, -34.25259153751157, -33.76818787217543, -28.281601950482163, -33.8854433999392, -23.770407391004376, 0.2518787384033203, 0.0, 2.0368404388427734, 5.738986492156982, -0.9993214838386528, 0.6180980320931225, 0.9995579573723041, -0.5113614487399354, -0.5867401524311816, -0.3537857356859153]",[1],J0648.1+1606,bcu,bcu,J0648.1+1605,bcu,J0648.1+1605,bcu,J0648.1+1605,bcu,AGN,AGN,AGN,AGN
508,J0648.4-1743,fsrq,J0648.8-1740,"[2.574962615966797, 2.499847888946533, 2.079580783843994, 322.1819152832031, -28.879141769536098, -28.59051015208171, -27.319787089393056, -28.584783970060474, -23.07501667728017, 0.13557514548301697, 1.1476893424987793, 3.4534120559692383, 19.178640365600586, -0.3262310401479848, -0.6764002412836267, -0.6980198204466177, -0.7975449191282613, -0.9969652040585969, 0.8792180769350094]",[1],J0648.8-1740,fsrq,fsrq,J0648.4-1743,fsrq,J0648.4-1743,fsrq,J0648.4-1744,fsrq,AGN,AGN,AGN,AGN
509,J0648.7+1516,bll,J0648.8+1516,"[1.6969832181930542, 1.6587764024734497, 1.6524690389633179, 3.2038493156433105, -33.262399680770436, -32.99717238871424, -27.4574250875227, -33.16068553748927, -23.2012040833574, 0.03426666557788849, 0.0, 1.5055086612701416, 34.0086784362793, 0.8232267192895653, 0.9623093663551723, -0.36771244970408234, -0.3099710664874464, -0.3758048368668575, -0.41761330937877267]",[1],J0648.8+1516,bll,bll,J0648.7+1516,bll,J0648.7+1516,bll,J0648.7+1516,bll,AGN,AGN,AGN,AGN
510,J0649.5-3139,bll,J0649.6-3138,"[1.696571946144104, 1.5222138166427612, 1.2823225259780884, 17.661760330200195, -34.1018375598507, -33.67643971642268, -27.949197740260175, -33.83153359718925, -23.602385975766726, 0.13340377807617188, 0.4256380796432495, 2.187652587890625, 15.997032165527344, 0.004342747134453917, -0.8134261884030798, -0.5177686645659357, -0.0896381830886685, -0.42839872015130825, -0.2823412605165021]",[1],J0649.6-3138,bcu,bll,J0649.5-3139,bll,J0649.5-3139,bll,J0649.5-3139,bll,AGN,AGN,AGN,AGN
511,J0650.2-1636,bcu,J0650.4-1636,"[2.506446361541748, 2.4667320251464844, 2.3315563201904297, 47.752471923828125, -30.140934009853293, -29.90615844056701, -27.44109355633675, -29.958209628446912, -23.266746864389884, 0.06864340603351593, 0.7281175851821899, 1.2755793333053589, 11.064407348632812, 0.9689669749690387, -0.41522133711793746, -0.7561964185461882, -0.6556393221947544, -0.831212554794331, -0.5654815855496448]",[1],J0650.4-1636,bcu,bcu,J0650.2-1636,bcu,J0650.2-1636,bcu,J0650.2-1636,bcu,AGN,AGN,AGN,AGN
512,J0650.7+2503,bll,J0650.7+2503,"[1.7365180253982544, 1.663267970085144, 1.6308034658432007, 117.42559814453125, -31.38763188567139, -31.249461501528614, -27.110209196203037, -31.333875984739233, -22.909385650626774, 0.03482579439878464, 0.38198694586753845, 2.6472694873809814, 60.956642150878906, 0.9319451546227594, -0.1161365916587531, -0.4074353847901786, -0.29813401939383916, -0.527308332936645, -0.14768421000241663]",[1],J0650.7+2503,bll,bll,J0650.7+2503,bll,J0650.7+2503,bll,J0650.7+2503,bll,AGN,AGN,AGN,AGN
513,J0651.0+4013,bcu,J0651.3+4014,"[2.0929276943206787, 2.0366384983062744, 1.9846830368041992, 13.134206771850586, -31.927936350634596, -31.660463376559225, -28.23065321814467, -31.807044149869377, -23.722878072385523, 0.06497520208358765, 0.231645405292511, 1.4598246812820435, 15.550302505493164, -0.41944710301094396, -0.30816795268964364, -0.5240666039335277, -0.5862243231257388, -0.5825830342278874, -0.6509177053545686]",[1],J0651.3+4014,bcu,bcu,J0651.0+4013,bcu,J0651.0+4013,bll,J0651.0+4013,bll,AGN,AGN,AGN,AGN
514,J0652.1-4813,bcu,J0652.0-4808,"[2.078511953353882, 1.9770714044570923, 1.731787919998169, 12.634102821350098, -33.037186397863486, -32.75379887283946, -28.58441666971805, -32.803625743883124, -24.0896596157664, 0.09726747125387192, 0.5060182809829712, 0.7111820578575134, 4.974388599395752, 0.9998055871212828, -0.8642862918592916, -0.4879929538562641, -0.46688578296958455, -0.6646663745170068, -0.3491573601695162]",[1],J0652.0-4808,bcu,bcu,J0652.1-4813,bcu,J0652.1-4813,bll,J0652.1-4813,bll,AGN,AGN,AGN,AGN
515,J0653.7+2815,bll,J0653.6+2817,"[2.0347986221313477, 1.7159295082092285, 1.0319733619689941, 8.624500274658203, -31.944384055888488, -31.4697072942404, -28.35344663076938, -31.540218536369224, -23.489988532442233, 0.32189980149269104, 0.14213955402374268, 4.363865375518799, 15.585293769836426, -0.9992926602461476, 0.9971564681091281, -0.13479869879198556, -0.38603908864029757, -0.7435430673010532, -0.9996835349985995]",[1],J0653.6+2817,bcu,bll,J0653.7+2815,bll,J0653.7+2815,bll,J0653.7+2815,bll,AGN,AGN,AGN,AGN
516,J0654.3+0923,bcu,J0654.5+0926,"[2.112344264984131, 2.1079986095428467, 2.1185085773468018, 9.12662410736084, -32.87964587059801, -32.66683896702693, -28.08909837070972, -32.825261155891994, -23.62057033661122, 0.0296335406601429, 0.38110002875328064, 0.40627244114875793, 5.919356346130371, -0.6072115966072954, 0.9873171377630563, -0.6468440553277943, -0.5646882394589547, -0.44216039129162465, -0.6793134888151421]",[1],J0654.5+0926,bcu,bcu,J0654.3+0923,bcu,J0654.3+0923,bcu,J0654.3+0923,bcu,AGN,AGN,AGN,AGN
517,J0654.3+5042,fsrq,J0654.4+5042,"[2.210012197494507, 2.097442150115967, 1.9250624179840088, 245.751953125, -30.021179359470402, -29.778180341207822, -27.9181374711704, -29.86058496347787, -23.357205983268347, 0.10078885406255722, 0.7485737800598145, 4.35501766204834, 36.05702209472656, -0.35160468693001756, -0.481884329848815, -0.602134304933637, -0.6094887821396081, -0.6509567527445219, -0.9999995457774911]",[1],J0654.4+5042,fsrq,fsrq,J0654.3+5042,fsrq,J0654.3+5042,fsrq,J0654.3+5042,fsrq,AGN,AGN,AGN,AGN
518,J0654.4+4514,FSRQ,J0654.4+4514,"[2.2648909091949463, 2.189361333847046, 2.1219570636749268, 637.8843383789062, -29.808826873051633, -29.62886744793251, -27.64839690406836, -29.719770898842604, -23.242005822843765, 0.06645867973566055, 1.1295133829116821, 3.0202581882476807, 38.6958122253418, -0.23793170605145345, -0.45671561095268043, -0.6513978773360345, -0.5877938272869339, -0.7390528235391579, -0.5649435291552186]",[1],J0654.4+4514,FSRQ,FSRQ,J0654.4+4514,FSRQ,J0654.4+4514,FSRQ,J0654.4+4514,FSRQ,AGN,AGN,AGN,AGN
519,J0656.3-0322,fsrq,J0656.2-0323,"[2.580470085144043, 2.509766101837158, 2.0569210052490234, 110.77623748779297, -28.418899347953033, -28.043074434482488, -26.968013619810957, -28.083485118758162, -22.66568846681841, 0.1919412910938263, 0.46129924058914185, 6.119600296020508, 25.860260009765625, -0.16594704477211483, -0.5445824814788035, -0.7423916041729881, -0.7999285476079201, -0.8788542594181702, -0.9996985138565615]",[1],J0656.2-0323,fsrq,fsrq,J0656.3-0322,fsrq,J0656.3-0322,fsrq,J0656.3-0322,fsrq,AGN,AGN,AGN,AGN
520,J0656.3+4235,bll,J0656.4+4232,"[1.9371256828308105, 1.8978267908096313, 1.7429392337799072, 10.799379348754883, -34.13857548379521, -33.895018199979894, -28.24237005993294, -33.986701709722865, -23.68130174987022, 0.06781713664531708, 0.2916521728038788, 0.8356624245643616, 6.468008041381836, 0.9890493961539223, -0.881217014930391, -0.20970056241566126, -0.598264964626685, -0.8032800127835863, 0.44574907561067717]",[1],J0656.4+4232,bll,bll,J0656.3+4235,bll,J0656.3+4235,bll,J0656.3+4235,bll,AGN,AGN,AGN,AGN
521,J0658.1-5840,bcu,J0658.3-5832,"[2.1224637031555176, 2.0870373249053955, 2.023655891418457, 2.6065239906311035, -32.621932138946704, -32.335014242672464, -28.512132474346583, -32.5018569512939, -24.026509045688936, 0.06989054381847382, 0.0, 0.7928945422172546, 6.46753454208374, -0.3220276580619231, -0.1350690756412114, -0.26622194425257867, -0.7406982390814318, -0.7934551147252281, 0.13719788889673787]",[1],J0658.3-5832,bcu,bcu,J0658.1-5840,bcu,J0658.1-5840,bcu,J0658.1-5840,bcu,AGN,AGN,AGN,AGN
522,J0658.6+0636,bcu,J0658.6+0636,"[2.1635921001434326, 2.2012152671813965, 2.1295394897460938, 10.19381332397461, -32.720591046783575, -32.60698331695647, -27.949927167274137, -32.63288598483993, -23.54654212315039, -0.03620106726884842, 0.26253271102905273, 0.5959332585334778, 7.309088230133057, 0.003006117994980386, -0.7977933824440008, -0.4207912804799492, -0.6568845392032473, -0.3553913662507766, -0.6216157150918976]",[1],J0658.6+0636,bcu,bcu,J0658.6+0636,bcu,J0658.6+0636,bcu,J0658.6+0636,bcu,AGN,AGN,AGN,AGN
523,J0659.7+1416,PSR,J0659.5+1414,"[2.850292444229126, 2.657334327697754, 1.4289199113845825, 8.465733528137207, -27.057304400908098, -26.66838162399855, -27.619445133762284, -26.618921087294186, -23.410257422184504, 0.4775829613208771, 0.03767221048474312, 11.493876457214355, 36.68180465698242, -0.09073456560302777, -0.6662815692169181, -0.8948341140613425, -0.9788263035164424, -0.9914139546784323, -0.9999999996663862]",[0],J0659.5+1414,PSR,PSR,J0659.7+1416,PSR,J0659.7+1416,PSR,J0659.7+1416,PSR,PSR,PSR,PSR,AGN
524,J0659.9+1709,fsrq,J0700.0+1709,"[2.5545246601104736, 2.525254011154175, 2.386467456817627, 14.28564167022705, -30.160955488320983, -29.95137107685059, -27.972828709282606, -29.980960738581885, -23.757538228221158, 0.038235701620578766, 0.33589786291122437, 0.4872770607471466, 9.025684356689453, -0.3196629314166366, -0.6593221935094705, -0.725496802499918, -0.7240107810946845, -0.8165561008062693, -0.9994418412870884]",[1],J0700.0+1709,bcu,fsrq,J0659.9+1709,fsrq,J0659.9+1709,fsrq,J0659.9+1709,fsrq,AGN,AGN,AGN,AGN
525,J0700.1-6311,bcu,J0700.3-6310,"[1.9643244743347168, 1.6933590173721313, 0.9704607725143433, 16.557701110839844, -33.44747762932694, -33.017748983315336, -28.486141030566255, -33.04096674616587, -23.980682518718474, 0.26668304204940796, 0.49240654706954956, 2.2599213123321533, 8.467294692993164, -0.2119603481355838, 0.9929219028242986, -0.3765388698158787, -0.3779685735592783, -0.5713923884232304, -0.9999942881663363]",[1],J0700.3-6310,bcu,bcu,J0700.1-6311,bcu,J0700.1-6311,bcu,J0700.1-6311,bcu,AGN,AGN,AGN,AGN
526,J0700.2+1304,bll,J0700.2+1304,"[1.9993795156478882, 1.8923193216323853, 1.675750494003296, 2.935046911239624, -32.56478803731207, -32.28103964138404, -28.068442121359357, -32.355642728127215, -23.575901509372223, 0.09390933066606522, 0.0, 1.415895938873291, 13.206066131591797, 0.9440082805820601, -0.7258869465666565, -0.5026532820651926, -0.3654616168836944, -0.6486156291563605, -0.31608638518291804]",[1],J0700.2+1304,bcu,bll,J0700.2+1304,bll,J0700.2+1304,bll,J0700.2+1304,bll,AGN,AGN,AGN,AGN
527,J0700.5-6610,bll,J0700.6-6610,"[2.076094150543213, 1.9588285684585571, 1.8757662773132324, 243.3343963623047, -29.77812024647623, -29.5744181183103, -27.29629184691851, -29.667854128276222, -22.80417775653493, 0.08146379142999649, 0.33219385147094727, 6.12709903717041, 80.47279357910156, -0.014822382710797045, -0.3658095711053703, -0.5027161729997404, -0.559863032827849, -0.6476222007746424, -0.6732585418730548]",[1],J0700.6-6610,bll,bll,J0700.5-6610,bll,J0700.5-6610,bll,J0700.5-6610,bll,AGN,AGN,AGN,AGN
528,J0701.5-4634,fsrq,J0701.4-4634,"[2.45707368850708, 2.3423004150390625, 2.017860174179077, 368.7252502441406, -29.06101034304907, -28.762644256901, -27.8246267280013, -28.81807721415759, -23.33196604815601, 0.13745124638080597, 0.8886439204216003, 4.43179988861084, 30.461563110351562, -0.19979488973189533, -0.576763501579564, -0.6781778448221946, -0.6998229133484989, -0.8910776948644699, -0.9992769983681868]",[1],J0701.4-4634,fsrq,fsrq,J0701.5-4634,fsrq,J0701.5-4634,fsrq,J0701.5-4634,fsrq,AGN,AGN,AGN,AGN
529,J0702.7-1951,bll,J0702.7-1952,"[2.130002498626709, 2.079230546951294, 1.9175496101379395, 151.99378967285156, -31.060970873562965, -30.803250534880547, -27.496633208578817, -30.86843677446794, -22.985789866931267, 0.06563839316368103, 0.6572656035423279, 2.5151546001434326, 30.74677848815918, -0.25464526631274037, -0.4878838508570127, -0.539592803556956, -0.516215902215869, -0.6585020372123942, -0.6973824681041975]",[1],J0702.7-1952,bll,bll,J0702.7-1951,bll,J0702.7-1951,bll,J0702.7-1951,bll,AGN,AGN,AGN,AGN
530,J0703.2-3914,bll,J0703.4-3914,"[2.083292245864868, 2.0499284267425537, 1.9711759090423584, 8.992914199829102, -32.11990963741269, -31.86314895606493, -28.095867812450376, -31.97770968025547, -23.59531077394651, 0.06814989447593689, 0.19385813176631927, 1.6186109781265259, 14.7506685256958, 0.5355313264916151, -0.6961782132767352, -0.47362020954813716, -0.4690712632223563, -0.7112176295901375, -0.365335362174428]",[1],J0703.4-3914,bcu,bll,J0703.2-3914,bll,J0703.2-3914,bll,J0703.2-3914,bll,AGN,AGN,AGN,AGN
531,J0705.7-4848,bcu,J0706.1-4849,"[2.3277597427368164, 2.2987067699432373, 1.976311445236206, 11.331957817077637, -30.967576184912392, -30.7021151011357, -27.93358857792801, -30.690352352855033, -23.537868589241516, 0.1255359649658203, 0.1696995198726654, 2.6201424598693848, 13.923547744750977, 0.09272298898736184, -0.4113625026298119, -0.6999163348807963, -0.6535496898087323, -0.6953586082891821, -0.999965199797013]",[1],J0706.1-4849,bcu,bcu,J0705.7-4848,bcu,J0705.7-4848,bcu,J0705.7-4848,bcu,AGN,AGN,AGN,AGN
532,J0706.5+3744,bll,J0706.5+3744,"[1.8443094491958618, 1.7739359140396118, 1.6335780620574951, 3.514432191848755, -32.483663386367695, -32.19480078188892, -27.798797455290085, -32.29922359569978, -23.47877265454587, 0.06461755186319351, 0.0, 2.4718778133392334, 32.952232360839844, 0.910291487293839, -0.40871200680121544, -0.3803672089668057, -0.41805551679983977, -0.400411730073475, -0.4667811775257877]",[1],J0706.5+3744,bll,bll,J0706.5+3744,bll,J0706.5+3744,bll,J0706.5+3744,bll,AGN,AGN,AGN,AGN
533,J0706.8+7742,bll,J0707.0+7741,"[2.0446255207061768, 1.8817018270492554, 1.7015966176986694, 125.24504852294922, -30.963590991654385, -30.736535520624866, -27.9950766645015, -30.80513546537765, -23.50753761158337, 0.1046484187245369, 0.521801233291626, 4.0377197265625, 38.68784713745117, -0.5125072903876348, -0.31875670282698404, -0.46798965076483295, -0.44728841162781324, -0.6605179904360138, -0.7371873880262001]",[1],J0707.0+7741,bll,bll,J0706.8+7742,bll,J0706.8+7742,bll,J0706.8+7742,bll,AGN,AGN,AGN,AGN
534,J0706.9+6109,bll,J0707.2+6101,"[2.434072732925415, 2.4432966709136963, 2.44571590423584, 19.107402801513672, -30.689082728784495, -30.558300329294653, -28.44840905751224, -30.658167136418953, -24.04443445553279, -0.013468245044350624, 0.42782092094421387, 0.3116461932659149, 11.46657657623291, 0.42024416134064124, -0.6038242468992364, -0.7622569397080852, -0.47122732798954226, -0.731843474304056, -0.6363932608923586]",[1],J0707.2+6101,bll,bll,J0706.9+6109,bll,J0706.9+6109,bll,J0706.9+6109,bll,AGN,AGN,AGN,AGN
535,J0709.1+2241,bll,J0708.9+2239,"[2.06046199798584, 2.0118391513824463, 1.9504839181900024, 68.3090591430664, -31.47839509136812, -31.230893025313346, -27.94822604745641, -31.358933569783655, -23.449016614132145, 0.051395393908023834, 0.5134002566337585, 1.5693289041519165, 24.930448532104492, -0.5829523821544282, -0.458362061697184, -0.46140390546383436, -0.5723508639801932, -0.6292471280700057, -0.34999267014511287]",[1],J0708.9+2239,bcu,bll,J0709.1+2241,bll,J0709.1+2241,bll,J0709.1+2241,bll,AGN,AGN,AGN,AGN
536,J0709.7-0255,fsrq,J0709.7-0256,"[2.2964468002319336, 2.266878366470337, 2.1495018005371094, 106.29398345947266, -29.94789316310836, -29.715479250397614, -27.447712197992452, -29.78279765101822, -22.921164457095138, 0.055871304124593735, 0.40533527731895447, 2.5480945110321045, 36.42807388305664, -0.1304119304753948, -0.4981901182372744, -0.6813649789157887, -0.5883239277984285, -0.7409676390052727, -0.6389122322018794]",[1],J0709.7-0256,bll,fsrq,J0709.7-0255,fsrq,J0709.7-0255,fsrq,J0709.7-0255,fsrq,AGN,AGN,AGN,AGN
537,J0710.4+5908,bll,J0710.3+5908,"[1.6799983978271484, 1.6195042133331299, 1.515621304512024, 26.547168731689453, -33.92844732866666, -33.64545446050594, -28.094107923529606, -33.76349815085783, -23.871289506735497, 0.04597023129463196, 0.40750211477279663, 1.425655484199524, 24.06500244140625, -0.7434362629359473, -0.6111193713339755, -0.3567698500427494, -0.23020654833238435, -0.4261914554883427, -0.20012372181889063]",[1],J0710.3+5908,bll,bll,J0710.4+5908,bll,J0710.4+5908,bll,J0710.4+5908,bll,AGN,AGN,AGN,AGN
538,J0710.9+4733,bll,J0710.5+4732,"[2.611052989959717, 2.5148797035217285, 2.0258426666259766, 65.29287719726562, -29.276950530204196, -28.967238072240793, -28.094739344334375, -29.000261832894804, -23.827402561218694, 0.18644116818904877, 0.7600340247154236, 3.0262300968170166, 12.279168128967285, 0.9960620204378288, -0.690951740496077, -0.7263905316141759, -0.7639404085073197, -0.9999999990862734, 0.9997765562290556]",[1],J0710.5+4732,bll,bll,J0710.9+4733,bll,J0710.9+4733,bll,J0710.9+4733,bll,AGN,AGN,AGN,AGN
539,J0712.7+5033,bll,J0712.6+5033,"[2.1690330505371094, 2.1462697982788086, 2.1263315677642822, 106.90592956542969, -30.96199089011422, -30.748423211013804, -28.108208392633944, -30.882211098967307, -23.551126768688388, 0.035118285566568375, 0.501916766166687, 1.4851287603378296, 31.677263259887695, 0.9944087657905704, -0.48620572131535517, -0.616262070942857, -0.6256844784854169, -0.5836686684868087, -0.3518998848742727]",[1],J0712.6+5033,bll,bll,J0712.7+5033,bll,J0712.7+5033,bll,J0712.7+5033,bll,AGN,AGN,AGN,AGN
540,J0713.8+1935,fsrq,J0713.9+1933,"[2.3901760578155518, 2.271596908569336, 2.0967540740966797, 690.4266357421875, -28.74623790821292, -28.520152424141887, -27.72638242116799, -28.593654090858912, -23.16408070084983, 0.10049140453338623, 1.2163059711456299, 3.9130501747131348, 34.81399917602539, -0.2591094552294973, -0.527484334667598, -0.6567797965490814, -0.6889403509701947, -0.861430456129543, -0.9994336496402894]",[1],J0713.9+1933,fsrq,fsrq,J0713.8+1935,fsrq,J0713.8+1935,fsrq,J0713.8+1935,fsrq,AGN,AGN,AGN,AGN
541,J0718.6-4319,bll,J0718.7-4319,"[1.922572374343872, 1.7840853929519653, 1.6338791847229004, 10.897896766662598, -31.107345583078374, -30.88021432144623, -27.442938063479758, -30.952550297422427, -23.04648567186218, 0.09028726816177368, 0.08830304443836212, 4.397286891937256, 43.98847961425781, 0.8814508024040615, -0.3514233078068497, -0.4345044371264225, -0.37352099338186, -0.5508728263870628, -0.7097138964505935]",[1],J0718.7-4319,bll,bll,J0718.6-4319,bll,J0718.6-4319,bll,J0718.6-4319,bll,AGN,AGN,AGN,AGN
542,J0719.3+3307,fsrq,J0719.3+3307,"[2.194147825241089, 2.072852373123169, 1.9200061559677124, 795.3212280273438, -29.01641090673798, -28.76770414547259, -27.530051207979863, -28.86172712985046, -22.87971246269577, 0.10147605836391449, 0.6550355553627014, 7.842207908630371, 74.13256072998047, 0.1758499239256035, -0.4602763477232029, -0.5842841979385727, -0.6215327728764162, -0.735076347247754, -0.911181173795418]",[1],J0719.3+3307,fsrq,fsrq,J0719.3+3307,fsrq,J0719.3+3307,fsrq,J0719.3+3307,fsrq,AGN,AGN,AGN,AGN
543,J0719.7-4012,bll,J0720.0-4010,"[2.2166907787323, 2.1740119457244873, 1.9879591464996338, 2.676892042160034, -31.303499370780344, -31.05535016377576, -27.984418847343306, -31.115400421013106, -23.502403206334552, 0.0726633071899414, 0.0, 1.663967490196228, 13.150153160095215, 0.9730851198696846, -0.6244629324934983, -0.6299029157719717, -0.5135327184884745, -0.6907707641180194, -0.7567986748327462]",[1],J0720.0-4010,bcu,bll,J0719.7-4012,bll,J0719.7-4012,bll,J0719.7-4012,bll,AGN,AGN,AGN,AGN
544,J0721.3+0405,fsrq,J0721.4+0404,"[2.565962791442871, 2.449894905090332, 2.2166311740875244, 79.98749542236328, -28.226139014593283, -27.960222382144835, -27.747612020445086, -28.034125050486224, -23.27917372162917, 0.12576048076152802, 0.5196881294250488, 3.638068199157715, 22.357751846313477, 0.023057693815707637, -0.6522987410528582, -0.7350848492690184, -0.7457727799427829, -0.8832922898308321, -0.9999976715575991]",[1],J0721.4+0404,fsrq,fsrq,J0721.3+0405,fsrq,J0721.3+0405,fsrq,J0721.3+0405,fsrq,AGN,AGN,AGN,AGN
545,J0721.9+7120,BLL,J0721.9+7120,"[2.064145088195801, 1.9783573150634766, 1.9233975410461426, 1554.6817626953125, -28.56903167679661, -28.38941579416246, -26.713762187314977, -28.489009057305076, -22.190227657345346, 0.05650622770190239, 0.30008506774902344, 9.473173141479492, 260.2829895019531, -0.13894496465854578, -0.4254142918640788, -0.5632203149402445, -0.5090743461051902, -0.66544756936273, -0.6278248300426114]",[1],J0721.9+7120,BLL,BLL,J0721.9+7120,BLL,J0721.9+7120,BLL,J0721.9+7120,BLL,AGN,AGN,AGN,AGN
546,J0723.0-0732,bll,J0723.2-0728,"[2.064607620239258, 2.0524234771728516, 1.996577262878418, 3.6887850761413574, -32.54077435440337, -32.384702882873384, -27.93610924158678, -32.454865213720176, -23.437176964087058, 0.014339541085064411, 0.0, 0.2997581362724304, 9.472142219543457, 0.5319126277594599, -0.5857001161152605, -0.7317244079408488, -0.48676536215324806, -0.37327958295156954, -0.44123031421626563]",[1],J0723.2-0728,bcu,bll,J0723.0-0732,bll,J0723.0-0732,bll,J0723.0-0732,bll,AGN,AGN,AGN,AGN
547,J0723.5+2900,fsrq,J0724.1+2857,"[2.5824124813079834, 2.3809385299682617, 1.850152611732483, 32.14704895019531, -29.597944517367146, -29.279729224302127, -28.32649977411353, -29.32227210525796, -23.979918567103486, 0.18983221054077148, 0.8196945786476135, 1.630144715309143, 6.8181233406066895, 0.9913998550858704, -0.6422122405611514, -0.5947231145173509, -0.800984893773708, -0.9999889543480532, 0.2924256861804336]",[1],J0724.1+2857,fsrq,fsrq,J0723.5+2900,fsrq,J0723.5+2900,fsrq,J0723.5+2900,fsrq,AGN,AGN,AGN,AGN
548,J0723.7+2050,bcu,J0723.7+2050,"[2.0183820724487305, 2.093583345413208, 2.031008005142212, 8.099047660827637, -32.78884958155616, -32.68870529495018, -28.344566466514614, -32.75781778429712, -23.84657655357767, -0.050919629633426666, 0.17308767139911652, 0.9246740341186523, 9.41132926940918, -0.46709483453312783, -0.6510347347388868, -0.6500770868481429, -0.46227495741938307, -0.6777061636953007, 0.2090592386276806]",[1],J0723.7+2050,bcu,bcu,J0723.7+2050,bll,J0723.7+2050,bll,J0723.7+2050,bll,AGN,AGN,AGN,AGN
549,J0725.2+1425,FSRQ,J0725.2+1425,"[2.268069267272949, 2.1777029037475586, 2.0830366611480713, 1968.8828125, -28.412365709202344, -28.21335838923924, -27.385067367875312, -28.308054977886005, -22.764016427517134, 0.0713777169585228, 1.0639768838882446, 5.893409252166748, 76.33251190185547, -0.09126612145330949, -0.5369377499841931, -0.6389887419619076, -0.6240044429177057, -0.6988738205778544, -0.9535234036196072]",[1],J0725.2+1425,FSRQ,FSRQ,J0725.2+1425,FSRQ,J0725.2+1425,FSRQ,J0725.2+1425,FSRQ,AGN,AGN,AGN,AGN
550,J0725.8-0054,bcu,J0725.8-0054,"[2.1164355278015137, 2.1174075603485107, 2.095374822616577, 13.80923080444336, -31.32145572898758, -31.175923410527844, -27.87566077280691, -31.263119837292912, -23.354940786182766, -0.0013756116386502981, 0.20355522632598877, 0.0651284009218216, 22.42206382751465, -0.5795511791135787, -0.4961626651839946, -0.6124400846484556, -0.4386781009142822, -0.6558278621360656, -0.45409642830885916]",[1],J0725.8-0054,bcu,bcu,J0725.8-0054,bcu,J0725.8-0054,bcu,J0725.8-0054,bcu,AGN,AGN,AGN,AGN
551,J0726.4-4727,fsrq,J0726.6-4727,"[2.4689338207244873, 2.3085460662841797, 1.9532105922698975, 80.02902221679688, -29.244407839347172, -28.966697330369996, -27.577962703938848, -29.008745370593154, -23.212865152330167, 0.1727815866470337, 0.4977409243583679, 4.276819229125977, 23.066146850585938, -0.3924631354779151, -0.5803830049084511, -0.6532300329849374, -0.7725358403221939, -0.87084810063123, -0.9999936791410207]",[1],J0726.6-4727,fsrq,fsrq,J0726.4-4727,fsrq,J0726.4-4727,fsrq,J0726.4-4727,fsrq,AGN,AGN,AGN,AGN
552,J0728.2+4827,bll,J0728.0+4828,"[2.2263848781585693, 2.185370445251465, 2.0510876178741455, 13.924335479736328, -31.926432417950974, -31.70221339791854, -28.45853977595417, -31.78007375587945, -24.001314013038336, 0.05046626925468445, 0.4316134452819824, 0.6805750727653503, 7.583396911621094, -0.11127638057980155, -0.8369242603184859, -0.3649336375241581, -0.5947719809910702, -0.5977900286745759, -0.9940402615818017]",[1],J0728.0+4828,bcu,bll,J0728.2+4827,bll,J0728.2+4827,bll,J0728.2+4827,bll,AGN,AGN,AGN,AGN
553,J0729.1-3131,bcu,J0729.5-3127,"[2.253901720046997, 2.1905808448791504, 1.2646108865737915, 10.049214363098145, -31.73313090594832, -31.393033748243834, -27.9863397797474, -31.34942302431921, -23.59901534758834, 0.14266027510166168, 0.31268933415412903, 0.903446614742279, 5.211267471313477, -0.6390952977968583, -0.6730643880004628, -0.7254691251117635, -0.41804391961300086, -0.9999999863865108, 0.9999996037277528]",[1],J0729.5-3127,bcu,bcu,J0729.1-3131,bcu,J0729.1-3131,bcu,J0729.1-3131,bcu,AGN,AGN,AGN,AGN
554,J0729.3-1445,PSR,J0729.7-1448,"[2.4725115299224854, 2.602804183959961, 2.2750797271728516, 14.466663360595703, -30.755085620549238, -30.466911952097202, -27.36340823646168, -30.370984628768678, -23.2305268956393, 0.17434102296829224, 0.601329505443573, 1.6531667709350586, 5.146613597869873, -0.9923965314349122, 0.9411956255170789, -0.8649909547223444, -0.6537002362663877, -0.5470078720876448, -0.6518557651761738]",[0],J0729.7-1448,PSR,PSR,J0729.3-1445,PSR,J0729.3-1445,PSR,J0729.3-1445,PSR,AGN,AGN,AGN,AGN
555,J0730.3-1141,fsrq,J0730.2-1141,"[2.291433811187744, 2.206385374069214, 2.0621681213378906, 2046.69140625, -28.089635731990768, -27.83550583382644, -26.801861476010327, -27.935598131249687, -22.183964834313336, 0.0901157483458519, 0.5736091732978821, 11.211796760559082, 123.30726623535156, -0.15240361579405975, -0.5304984183680412, -0.6513416997576136, -0.6469412326012148, -0.7388604761972257, -0.8906609713607996]",[1],J0730.2-1141,fsrq,fsrq,J0730.3-1141,fsrq,J0730.3-1141,fsrq,J0730.3-1141,fsrq,AGN,AGN,AGN,AGN
556,J0730.4+3308,bll,J0730.5+3307,"[1.9462755918502808, 1.8833107948303223, 1.6966639757156372, 4.617398738861084, -32.88936125242217, -32.61395373060046, -28.310369566266974, -32.705087778260996, -23.853057788157308, 0.06872700154781342, 0.0, 1.1526025533676147, 12.336941719055176, -0.9992323444138849, 0.9968707661067685, -0.5337907602385658, -0.377727608791407, -0.5393382384896187, -0.708661082901644]",[1],J0730.5+3307,bll,bll,J0730.4+3308,bll,J0730.4+3308,bll,J0730.4+3308,bll,AGN,AGN,AGN,AGN
557,J0730.5-0535,bll,J0730.5-0537,"[2.1884379386901855, 2.1299710273742676, 2.006157636642456, 38.17960739135742, -30.9829484646543, -30.733874552097266, -27.85237193809522, -30.81419260965948, -23.32927723518173, 0.07608510553836823, 0.4243186414241791, 2.2195956707000732, 20.62467384338379, 0.9880435297356234, -0.583855208594027, -0.5999599037785983, -0.49347165188161857, -0.7816506461860919, -0.5372216586318747]",[1],J0730.5-0537,bcu,bll,J0730.5-0535,bll,J0730.5-0535,bll,J0730.5-0535,bll,AGN,AGN,AGN,AGN
558,J0730.7-6602,bll,J0730.5-6606,"[1.798348069190979, 1.792324423789978, 1.7274948358535767, 6.054231643676758, -33.87699251159879, -33.653903675413254, -28.155002269984795, -33.77100323816527, -23.716268456958666, 0.005049529019743204, 0.0, 0.10711047798395157, 14.658391952514648, -0.6832137220812967, -0.694341643473775, -0.08199275863775189, -0.5171801214997194, -0.3414879764265924, -0.286369696983098]",[1],J0730.5-6606,bcu,bll,J0730.7-6602,bll,J0730.7-6602,bll,J0730.7-6602,bll,AGN,AGN,AGN,AGN
559,J0732.7-4638,bcu,J0732.2-4638,"[2.7491488456726074, 2.6207430362701416, 1.8021610975265503, 58.21866226196289, -28.476300643907084, -28.14351549366706, -27.52425140840426, -28.047976306537738, -23.44727168112546, 0.2677467465400696, 0.6767052412033081, 3.896805763244629, 12.180715560913086, 0.953528942499863, -0.6320827818103878, -0.7635991424162074, -0.9208584944886125, -0.9999875883952942, 0.9734569185825375]",[1],J0732.2-4638,bcu,bcu,J0732.7-4638,bcu,J0732.7-4638,bcu,J0732.7-4638,bcu,AGN,AGN,AGN,AGN
560,J0733.4+5152,bcu,J0733.5+5153,"[1.8014475107192993, 1.7569334506988525, 1.6776784658432007, 14.96696662902832, -33.97555715504402, -33.73625535393398, -28.4316667130772, -33.84795850917322, -24.026310413551276, 0.040473442524671555, 0.48297548294067383, 0.7480372190475464, 10.732144355773926, -0.9741586982835411, 0.2972332678962839, -0.523805598338837, -0.3067220830898535, -0.5878961257052063, -0.1287377905008596]",[1],J0733.5+5153,bcu,bcu,J0733.4+5152,bcu,J0733.4+5152,bcu,J0733.4+5152,bcu,AGN,AGN,AGN,AGN
561,J0733.7+4110,bll,J0733.8+4108,"[2.0688483715057373, 2.111471176147461, 1.91632080078125, 4.00387716293335, -32.29488909948524, -32.171498681968565, -28.366102686016756, -32.187386699370805, -23.864257728038396, -0.0270320363342762, 0.0, 0.6318281292915344, 14.302181243896484, -0.10522677017978765, -0.7800037849734623, -0.5322928003783858, -0.3928865139294656, -0.3030891388496418, -0.8660403909325021]",[1],J0733.8+4108,bll,bll,J0733.7+4110,bll,J0733.7+4110,bll,J0733.7+4110,bll,AGN,AGN,AGN,AGN
562,J0734.0+5021,fsrq,J0733.8+5021,"[2.485142946243286, 2.4313223361968994, 2.355105400085449, 49.2679443359375, -30.315075390975796, -29.991933586998606, -28.334526890762724, -30.053357050344015, -23.969203423249326, 0.10126318037509918, 0.6719084978103638, 1.7013691663742065, 12.605243682861328, 0.9980785680130565, -0.5981280522370039, -0.6961542099784461, -0.7733466693435332, -0.79576392123634, -0.3394401402959515]",[1],J0733.8+5021,fsrq,fsrq,J0734.0+5021,fsrq,J0734.0+5021,fsrq,J0734.0+5021,fsrq,AGN,AGN,AGN,AGN
563,J0734.4-7711,fsrq,J0734.3-7709,"[2.3315467834472656, 2.1991517543792725, 1.9768670797348022, 93.64063262939453, -29.7736629010236, -29.52548305071424, -27.713905090772478, -29.589650908576083, -23.270675073668865, 0.11688604950904846, 0.5083407163619995, 3.378801107406616, 24.182401657104492, -0.4744254028014301, -0.498337784707923, -0.617395279107275, -0.6404374997906191, -0.8127715298267696, -0.9992546233081878]",[1],J0734.3-7709,bcu,fsrq,J0734.4-7711,bcu,J0734.4-7711,bcu,J0734.4-7711,bcu,AGN,AGN,AGN,AGN
564,J0734.7-1559,PSR,J0734.7-1558,"[2.3383281230926514, 2.1883389949798584, 1.5368719100952148, 5.037484169006348, -29.07717223372911, -28.69679141252383, -27.123132332808318, -28.713049652736526, -22.444085573756286, 0.2764354646205902, 0.0, 13.171690940856934, 51.74292755126953, 0.03390366993553259, -0.41887405257096094, -0.614334621448707, -0.7319264424259262, -0.9060170253132693, -0.999935197324513]",[0],J0734.7-1558,PSR,PSR,J0734.7-1559,PSR,J0734.7-1559,PSR,J0734.7-1559,PSR,PSR,PSR,PSR,PSR
565,J0738.1+1742,bll,J0738.1+1741,"[2.0334105491638184, 1.9702624082565308, 1.8622004985809326, 147.01243591308594, -30.418127227693667, -30.211676052307105, -26.898389287006143, -30.25694128346235, -22.554205349881055, 0.06498262286186218, 0.3067050874233246, 5.638652801513672, 69.08145904541016, -0.24860718750634433, -0.3435307571306008, -0.5302400155317164, -0.4864639347900194, -0.571349687742015, -0.6575409942078413]",[1],J0738.1+1741,bll,bll,J0738.1+1742,bll,J0738.1+1742,bll,J0738.1+1742,bll,AGN,AGN,AGN,AGN
566,J0739.2+0137,fsrq,J0739.4+0137,"[2.406816244125366, 2.326279401779175, 2.163334608078003, 1983.5902099609375, -27.990957685479085, -27.72538249845113, -27.30511106789843, -27.807727989869544, -22.71709485265746, 0.09195458143949509, 0.9129524230957031, 7.240427494049072, 80.3413314819336, -0.26582070067558916, -0.5857230831658903, -0.6980981242516316, -0.7069864510962672, -0.827406626966548, -0.6920670568445955]",[1],J0739.4+0137,fsrq,fsrq,J0739.2+0137,fsrq,J0739.2+0137,fsrq,J0739.2+0137,fsrq,AGN,AGN,AGN,AGN
567,J0741.0+6618,PSR,J0740.8+6621,"[2.2765073776245117, 2.0631320476531982, 1.0909044742584229, 14.526450157165527, -31.516605263446188, -31.12404342089974, -28.611682480253727, -31.099091104515708, -23.817426079611025, 0.378618448972702, 0.2333928942680359, 4.750065803527832, 16.433740615844727, -0.8152669738244341, -0.11424397916623666, -0.4544183035918507, -0.6440559060550114, -0.8803730266328497, -0.9997983895512851]",[0],J0740.8+6621,PSR,PSR,J0741.0+6618,PSR,J0741.0+6618,MSP,J0741.0+6618,MSP,AGN,AGN,AGN,PSR
568,J0742.6+5443,fsrq,J0742.6+5444,"[2.2960524559020996, 2.1892967224121094, 2.04287052154541, 2118.459228515625, -29.04383538510867, -28.81561482143378, -27.77415112068863, -28.903231783001072, -23.181307955943744, 0.09542381763458252, 1.262235164642334, 6.2760796546936035, 65.96083068847656, -0.254504684548673, -0.5222052077801903, -0.6419877760293573, -0.6495852829012126, -0.7782114157492022, -0.7743614940587612]",[1],J0742.6+5444,fsrq,fsrq,J0742.6+5443,fsrq,J0742.6+5443,fsrq,J0742.6+5443,fsrq,AGN,AGN,AGN,AGN
569,J0742.8-2822,PSR,J0742.7-2824,"[2.3548176288604736, 2.1451776027679443, 1.333051323890686, 6.8645243644714355, -29.722665458291228, -29.341948518622242, -27.3452835832127, -29.29588212622118, -22.747028348774585, 0.31846311688423157, 0.016894379630684853, 6.324151039123535, 20.810245513916016, -0.4905278834858253, 0.34307464738302845, -0.5511367377421066, -0.7555235876586217, -0.882494421855522, -0.6409971120652566]",[0],J0742.7-2824,PSR,PSR,J0742.8-2822,PSR,J0742.8-2822,PSR,J0742.8-2822,PSR,PSR,PSR,PSR,PSR
570,J0743.0-5622,fsrq,J0742.6-5623,"[2.6999213695526123, 2.6968576908111572, 2.134460687637329, 28.978899002075195, -29.343053367352624, -28.99591137135727, -28.042551778196714, -28.97277434649645, -23.927736861230677, 0.1981828510761261, 0.5566853284835815, 1.921872854232788, 6.218360424041748, 0.9993010087668157, -0.7054651341964261, -0.8384793809958339, -0.7060267211535555, -0.9475258187999037, -0.9961316588222927]",[1],J0742.6-5623,fsrq,fsrq,J0743.0-5622,fsrq,J0743.0-5622,fsrq,J0743.0-5622,fsrq,AGN,AGN,AGN,AGN
571,J0744.1+7434,bll,J0744.3+7434,"[1.86220383644104, 1.920960783958435, 1.8459577560424805, 11.636738777160645, -33.68643224445433, -33.554836066114625, -28.342440509936047, -33.62427282205543, -23.87443357488654, -0.03947412967681885, 0.2444821298122406, 1.0812846422195435, 18.969419479370117, 0.9700442811877737, -0.6482302984740205, -0.6943160982991248, -0.4003941369881144, -0.350720913917236, -0.25660116939726163]",[1],J0744.3+7434,bll,bll,J0744.1+7434,bll,J0744.1+7434,bll,J0744.1+7434,bll,AGN,AGN,AGN,AGN
572,J0746.4+2546,fsrq,J0746.4+2540,"[2.830108404159546, 2.7727530002593994, 2.0565173625946045, 72.80341339111328, -28.392178964618992, -27.996926433932767, -28.135557356041, -27.936298501767244, -24.015027265198498, 0.17825135588645935, 0.7911605834960938, 2.1671509742736816, 12.183707237243652, -0.5092931479572915, -0.6725383889335134, -0.8874902248204594, -0.8820988761646036, -0.5214891973415511, -0.9999993945432685]",[1],J0746.4+2540,fsrq,fsrq,J0746.4+2546,fsrq,J0746.4+2546,fsrq,J0746.4+2546,fsrq,AGN,AGN,AGN,AGN
573,J0746.5-0710,bcu,J0746.6-0706,"[2.178269386291504, 2.0788655281066895, 1.4938489198684692, 13.519308090209961, -31.46672487466358, -31.087885111818192, -27.91566827772944, -31.093883357819085, -23.253332100944217, 0.23279839754104614, 0.2741321921348572, 3.9969677925109863, 14.486566543579102, -0.6331317243054928, -0.25247985069655277, -0.4445310642598646, -0.5466153132447684, -0.8143566586569599, -0.9998630554468148]",[1],J0746.6-0706,bcu,bcu,J0746.5-0710,bcu,J0746.5-0710,bcu,J0746.5-0710,bcu,AGN,AGN,AGN,AGN
574,J0746.6-4754,bll,J0746.6-4756,"[2.021655321121216, 1.9586212635040283, 1.8315973281860352, 30.741474151611328, -32.09645931094615, -31.854789411174444, -27.890006139963972, -31.938662298102866, -23.39995685849757, 0.06663879007101059, 0.39803680777549744, 1.9567359685897827, 21.55370330810547, 0.9721948354352005, -0.38961149707668913, -0.49914104350395055, -0.5040884144950071, -0.4938013050702871, -0.6936879465403822]",[1],J0746.6-4756,bcu,bll,J0746.6-4754,bll,J0746.6-4754,bll,J0746.6-4754,bll,AGN,AGN,AGN,AGN
575,J0747.3-3310,bll,J0747.2-3311,"[2.2966322898864746, 2.2928457260131836, 2.2268383502960205, 107.50099182128906, -30.758368963096945, -30.59321459580563, -27.190546431727554, -30.64499258804319, -22.834062980894824, 0.013967965729534626, 0.7336972951889038, 0.5348449349403381, 19.421504974365234, -0.006385348516757662, -0.4445505041926436, -0.6911320187826262, -0.5476917559414367, -0.6352775019317247, -0.860057940226858]",[1],J0747.2-3311,bcu,bll,J0747.3-3310,bll,J0747.3-3310,bll,J0747.3-3310,bll,AGN,AGN,AGN,AGN
576,J0747.5+0905,bll,J0747.4+0904,"[2.086289882659912, 2.0497875213623047, 1.9250342845916748, 3.48030686378479, -32.434330259922085, -32.22199022830887, -28.398570635149333, -32.29276898683519, -23.898451167094553, 0.0466519370675087, 0.0, 0.8258438110351562, 10.574427604675293, 0.31324303063787456, 0.993462509943432, -0.6267278678056216, -0.5235927750400234, -0.5203872802863418, -0.5426638422151787]",[1],J0747.4+0904,bll,bll,J0747.5+0905,bll,J0747.5+0905,bll,J0747.5+0905,bll,AGN,AGN,AGN,AGN
577,J0748.0-1638,bcu,J0748.0-1639,"[2.647632360458374, 2.6029412746429443, 2.380786657333374, 24.46310043334961, -28.75595048272219, -28.457190247874976, -27.679396624797125, -28.5295825242535, -23.422924255922677, 0.12623347342014313, 0.3156098425388336, 2.443558931350708, 13.9834623336792, -0.279772530926247, -0.6785366085404436, -0.8314005333309156, -0.6932638369221565, -0.8518529964551947, -0.996422686326276]",[1],J0748.0-1639,bcu,bcu,J0748.0-1638,bcu,J0748.0-1638,bcu,J0748.0-1638,bcu,AGN,AGN,AGN,AGN
578,J0748.3+8511,bcu,J0746.9+8511,"[1.6983269453048706, 1.5456124544143677, 1.2926485538482666, 9.166576385498047, -34.239569315247245, -33.814560868239, -28.4462255871417, -33.974694370608496, -24.185200382265286, 0.1572064906358719, 0.16933129727840424, 2.7828660011291504, 12.642821311950684, -0.9999973793919776, 0.9997596395684831, 0.28375652810218044, -0.2631113874449605, -0.44694476556506324, -0.3766696420947807]",[1],J0746.9+8511,bcu,bcu,J0748.3+8511,bcu,J0748.3+8511,bcu,J0748.3+8511,bcu,AGN,AGN,AGN,AGN
579,J0748.3+4928,bcu,J0748.8+4929,"[2.4260098934173584, 2.211756706237793, 1.7065118551254272, 18.985828399658203, -31.059485694036738, -30.72716090194868, -28.459916585079313, -30.775987635150372, -24.129476472700944, 0.22641851007938385, 0.7001519203186035, 1.6429954767227173, 5.929747581481934, 0.7414831406710732, -0.5209933777901047, -0.601938850100035, -0.6159510379452673, -0.9998083583485219, -0.9867599440508122]",[1],J0748.8+4929,bcu,bcu,J0748.3+4928,bll,J0748.3+4928,bll,J0748.3+4928,bll,AGN,AGN,AGN,AGN
580,J0748.6+2400,fsrq,J0748.3+2401,"[2.281820058822632, 2.2301418781280518, 2.0776352882385254, 124.41287231445312, -30.726481385355168, -30.467103247222383, -28.134756716096593, -30.544681688824184, -23.607417947412728, 0.07432838529348373, 0.9798568487167358, 1.8575384616851807, 18.447412490844727, 0.3616339682714958, -0.6101753893974334, -0.6139677370365177, -0.5894606321787529, -0.65543594211015, -0.9998067484380702]",[1],J0748.3+2401,fsrq,fsrq,J0748.6+2400,fsrq,J0748.6+2400,fsrq,J0748.6+2400,fsrq,AGN,AGN,AGN,AGN
581,J0749.4+1058,bcu,J0749.4+1059,"[2.35241436958313, 2.35880446434021, 2.3204829692840576, 12.551590919494629, -30.889972198093762, -30.795698402093674, -28.207342470991183, -30.82906648836685, -23.766931099472725, -0.011334038339555264, 0.2536747455596924, 0.24251583218574524, 11.306187629699707, -0.3762835129095723, -0.7896410267844985, -0.6811587365328764, -0.425873588743441, -0.6550603156848732, -0.6881132130182018]",[1],J0749.4+1059,bcu,bcu,J0749.4+1058,bcu,J0749.4+1058,bll,J0749.4+1058,bll,AGN,AGN,AGN,AGN
582,J0750.8+1229,fsrq,J0750.6+1232,"[2.5032849311828613, 2.4895570278167725, 2.38675856590271, 132.22714233398438, -29.567827829889627, -29.333922786825088, -28.028197767305617, -29.414208463171825, -23.595341125806428, 0.04979060962796211, 0.7714246511459351, 1.4773277044296265, 19.85579490661621, 0.8341875538781763, -0.6348226813574882, -0.763348645553212, -0.5936669317931396, -0.8585057783225544, -0.39568989157239226]",[1],J0750.6+1232,fsrq,fsrq,J0750.8+1229,fsrq,J0750.8+1229,fsrq,J0750.8+1229,fsrq,AGN,AGN,AGN,AGN
583,J0751.0+7908,bcu,J0748.5+7910,"[2.2848989963531494, 2.0042128562927246, 1.5978879928588867, 98.2572250366211, -30.97989077486908, -30.665254417477517, -28.420630457851622, -30.729289690352417, -23.831608146357897, 0.2215450257062912, 0.8746711611747742, 3.249800682067871, 19.427143096923828, 0.7561776149119049, -0.13417269338793064, -0.6155059674400079, -0.488872473441443, -0.8633550231136106, -0.9999605603318832]",[1],J0748.5+7910,bcu,bcu,J0751.0+7908,bcu,J0751.0+7908,bcu,J0751.0+7908,bcu,AGN,AGN,AGN,AGN
584,J0751.2+1808,PSR,J0751.2+1806,"[2.059852361679077, 1.7080326080322266, 0.048157256096601486, 6.3333845138549805, -31.198754319158805, -30.539653231048238, -28.0908917866466, -30.598681148386547, -22.97448313595058, 0.6973126530647278, 0.0, 12.145928382873535, 31.506916046142578, 0.9992038991397425, -0.15740261512578343, -0.06698602799750682, -0.5537082686268527, -0.9522382694664199, -0.9992144181126383]",[0],J0751.2+1806,PSR,PSR,J0751.2+1808,PSR,J0751.2+1808,MSP,J0751.2+1808,MSP,PSR,PSR,PSR,PSR
585,J0753.0+5353,bll,J0753.1+5353,"[2.1716136932373047, 2.1048736572265625, 1.9727566242218018, 10.816557884216309, -31.080940654710936, -30.823349857688637, -28.14163420844079, -30.913127454811875, -23.583430894469267, 0.07071958482265472, 0.08780154585838318, 2.50899076461792, 35.585323333740234, 0.8416109236530407, -0.48538901154297964, -0.5843211094850043, -0.5129814126926188, -0.7115491701848604, -0.7200948676666359]",[1],J0753.1+5353,bll,bll,J0753.0+5353,bll,J0753.0+5353,bll,J0753.0+5353,bll,AGN,AGN,AGN,AGN
586,J0754.4-1148,bll,J0754.4-1148,"[2.138160467147827, 2.0480966567993164, 1.9344055652618408, 17.255102157592773, -30.096369589727594, -29.873629094897506, -27.53348205899112, -29.96403603448495, -22.995344398763795, 0.07814299315214157, 0.15246397256851196, 3.7068140506744385, 35.29721450805664, 0.7345119284917586, -0.40235914025856867, -0.6146419308241031, -0.543632756811371, -0.5142876203993597, -0.8610256070420814]",[1],J0754.4-1148,bll,bll,J0754.4-1148,bll,J0754.4-1148,bll,J0754.4-1148,bll,AGN,AGN,AGN,AGN
587,J0754.7+4823,bll,J0754.8+4824,"[2.0966415405273438, 1.9893746376037598, 1.862005352973938, 65.8133316040039, -30.475883759459435, -30.27064360051421, -27.807887587670486, -30.346881412940775, -23.353466398234392, 0.07886012643575668, 0.36177530884742737, 3.414255142211914, 38.318416595458984, -0.527486243360792, -0.5095917570599139, -0.5466431778684769, -0.48895720782929797, -0.7526647957425655, -0.6317007691293159]",[1],J0754.8+4824,bll,bll,J0754.7+4823,bll,J0754.7+4823,bll,J0754.7+4823,bll,AGN,AGN,AGN,AGN
588,J0756.3-6431,bll,J0756.3-6433,"[2.0044796466827393, 2.0192618370056152, 1.9112576246261597, 8.269232749938965, -33.505296158201126, -33.327617239309774, -28.428566904934865, -33.397129891809314, -23.905698579502467, -0.013230595737695694, 0.13229411840438843, 0.166118785738945, 7.628244400024414, -0.8352882283215518, -0.757407478317364, -0.010937457762840871, -0.6969092423365426, -0.38105810308936827, -0.2247910271740547]",[1],J0756.3-6433,bcu,bll,J0756.3-6431,bll,J0756.3-6431,bll,J0756.3-6431,bll,AGN,AGN,AGN,AGN
589,J0757.1+0956,bll,J0757.0+0956,"[2.1739728450775146, 2.1498169898986816, 2.129331588745117, 15.122570037841797, -30.437209201323956, -30.23610914926839, -27.81531496269623, -30.36347900945719, -23.23928156059153, 0.03439671918749809, 0.11544132232666016, 1.782928466796875, 40.07765197753906, -0.14129097409182545, -0.5290579425959312, -0.621506771654455, -0.583792426316868, -0.7167102257896277, -0.25208948000710274]",[1],J0757.0+0956,bll,bll,J0757.1+0956,bll,J0757.1+0956,bll,J0757.1+0956,bll,AGN,AGN,AGN,AGN
590,J0758.1+1134,fsrq,J0758.1+1130,"[2.221958637237549, 2.1839022636413574, 2.122828722000122, 9.303755760192871, -31.7152290986799, -31.479888142008555, -28.388194428864434, -31.597713085162216, -23.91101134905148, 0.06792883574962616, 0.24832670390605927, 1.0346230268478394, 8.33127498626709, -0.7190150324450802, -0.13992858452134152, -0.6978230416362309, -0.49787722164948306, -0.7349299071953629, -0.49481875296639394]",[1],J0758.1+1130,fsrq,fsrq,J0758.1+1134,fsrq,J0758.1+1134,fsrq,J0758.1+1134,fsrq,AGN,AGN,AGN,AGN
591,J0758.7+3746,rdg,J0758.7+3747,"[2.0061652660369873, 1.8707571029663086, 1.1294020414352417, 6.201363563537598, -33.47568215336912, -32.94538458902863, -28.657001039566207, -33.012855617639524, -24.149365763973847, 0.3119337856769562, 0.0, 2.0357260704040527, 5.205306529998779, -0.9800704616750833, -0.2470067823794707, 0.9911306686319367, -0.39253507171923024, -0.7969406513236076, -0.24616714713051788]",[1],J0758.7+3747,rdg,rdg,J0758.7+3746,rdg,J0758.7+3746,rdg,J0758.7+3746,rdg,AGN,AGN,AGN,AGN
592,J0758.9+2703,bll,J0758.9+2705,"[2.12624192237854, 2.0546770095825195, 1.8187518119812012, 10.527256965637207, -31.581745538878522, -31.28509658290841, -28.303389245621435, -31.302852175309123, -23.774496722104185, 0.07781568169593811, 0.19607079029083252, 1.5116021633148193, 16.477291107177734, -0.6279841847291263, -0.44821093426043296, -0.592498406369627, -0.49946672517060065, -0.6569085681846184, -0.6727648082108728]",[1],J0758.9+2705,bll,bll,J0758.9+2703,bll,J0758.9+2703,bll,J0758.9+2703,bll,AGN,AGN,AGN,AGN
593,J0800.9+4401,bll,J0800.9+4401,"[2.1661529541015625, 2.010874032974243, 1.6878645420074463, 35.54539108276367, -31.852792774143044, -31.50222841922464, -28.528039780843578, -31.565728590575237, -24.008585205954972, 0.15826331079006195, 0.7771004438400269, 2.0057153701782227, 11.981796264648438, -0.8047519784696735, -0.29310770810578324, -0.5387201228657663, -0.6412082122937077, -0.6118215923674818, -0.7836550269554182]",[1],J0800.9+4401,bll,bll,J0800.9+4401,bll,J0800.9+4401,bll,J0800.9+4401,bll,AGN,AGN,AGN,AGN
594,J0802.0+1006,bll,J0802.0+1005,"[2.014600992202759, 1.9562451839447021, 1.7049840688705444, 5.059215068817139, -32.681402374699644, -32.338775204308035, -28.366070689578645, -32.41276149156646, -23.873963144811185, 0.1274854689836502, 0.0, 1.886080026626587, 9.928719520568848, -0.5347955474471978, 0.9611939978857109, -0.40409886354880775, -0.5569515305380408, -0.596485910470706, -0.46414658719144375]",[1],J0802.0+1005,bll,bll,J0802.0+1006,bll,J0802.0+1006,bll,J0802.0+1006,bll,AGN,AGN,AGN,AGN
595,J0803.2-0337,fsrq,J0803.3-0339,"[2.021341562271118, 1.9991543292999268, 1.9662240743637085, 23.322940826416016, -31.56662205716823, -31.373182033428726, -27.90689416916012, -31.490431796085108, -23.436260045025527, 0.023557448759675026, 0.2829374074935913, 0.915052056312561, 24.63199806213379, 0.8474058607277659, -0.46546133404450973, -0.5940835976785498, -0.42647555102671425, -0.7547894535559653, 0.022614095717798616]",[1],J0803.3-0339,bcu,fsrq,J0803.2-0337,fsrq,J0803.2-0337,fsrq,J0803.2-0337,fsrq,AGN,AGN,AGN,AGN
596,J0804.0-3629,bll,J0804.0-3629,"[1.9237529039382935, 1.7029829025268555, 1.307963252067566, 21.72601890563965, -32.55770836317653, -32.15331351031605, -27.527042593823122, -32.236999206944276, -22.856082846979717, 0.2126464992761612, 0.3444742262363434, 4.522116661071777, 20.327104568481445, -0.770050908033223, -0.302562851291608, -0.18728244961706034, -0.2407302076853769, -0.5484060682864578, -0.6127559196635088]",[1],J0804.0-3629,bcu,bll,J0804.0-3629,bll,J0804.0-3629,bll,J0804.0-3629,bll,AGN,AGN,AGN,AGN
597,J0804.5+0414,bcu,J0804.4+0418,"[2.448930025100708, 2.4173924922943115, 2.2887942790985107, 23.283187866210938, -30.27328761412471, -29.96395821755573, -28.232460624553596, -30.089790541765193, -23.819817648768034, 0.09711261838674545, 0.5055655837059021, 1.4459552764892578, 11.07210636138916, 0.5602680507286066, -0.5256166541279107, -0.7467216757533102, -0.7030595186964131, -0.719500603978634, -0.9998876388262021]",[1],J0804.4+0418,bcu,bcu,J0804.5+0414,bcu,J0804.5+0414,bcu,J0804.5+0414,bcu,AGN,AGN,AGN,AGN
598,J0804.9-0624,bcu,J0805.0-0622,"[1.8535767793655396, 1.7137842178344727, 1.3718836307525635, 6.990990161895752, -33.36869943943182, -32.98147724094606, -28.00910598141466, -33.078670813139695, -23.557362511104973, 0.14426086843013763, 0.0, 2.2583940029144287, 13.137863159179688, 0.38431935593663835, -0.694474172431582, 0.06885344623262693, -0.4233793952805667, -0.3978360827078868, -0.5513630583446618]",[1],J0805.0-0622,bcu,bcu,J0804.9-0624,bcu,J0804.9-0624,bcu,J0804.9-0624,bcu,AGN,AGN,AGN,AGN
599,J0805.1+7744,bcu,J0807.1+7744,"[2.770890712738037, 2.8442254066467285, 2.7826545238494873, 40.005279541015625, -29.71806474498141, -29.687377366096243, -28.301095294784872, -29.69180424985607, -24.222157876102575, -0.08159990608692169, 0.66144198179245, 1.6233350038528442, 8.287450790405273, -0.4496412795064604, -0.5803876052530517, -0.8246479941815822, -0.4849246584580914, -0.999838482959293, -0.8434107450936051]",[1],J0807.1+7744,bcu,bcu,J0805.1+7744,bcu,J0805.1+7744,bcu,J0805.1+7744,bcu,AGN,AGN,AGN,AGN
600,J0805.2-0110,fsrq,J0805.2-0112,"[2.457693576812744, 2.3390073776245117, 2.1282849311828613, 51.733314514160156, -29.006745706586756, -28.732874130198887, -28.067457470966186, -28.82470504900258, -23.52054381110836, 0.1371253877878189, 0.45286235213279724, 3.0307881832122803, 19.841238021850586, -0.019527655431818145, -0.46470667201748866, -0.7358195442502139, -0.6595413386133236, -0.822818774906743, -0.9999886367580542]",[1],J0805.2-0112,fsrq,fsrq,J0805.2-0110,fsrq,J0805.2-0110,fsrq,J0805.2-0110,fsrq,AGN,AGN,AGN,AGN
601,J0805.4+6147,fsrq,J0805.4+6144,"[2.760486125946045, 2.5944108963012695, 2.2331464290618896, 187.68772888183594, -27.903631643818926, -27.618402889799366, -28.266889402900887, -27.681874827017566, -23.95125646410374, 0.17746080458164215, 0.7829328179359436, 3.292431592941284, 19.2894287109375, -0.3017239695530147, -0.6680936915890756, -0.8310580143524648, -0.8177656593251701, -0.9112375923365909, -0.9999459185215168]",[1],J0805.4+6144,fsrq,fsrq,J0805.4+6147,fsrq,J0805.4+6147,fsrq,J0805.4+6147,fsrq,AGN,AGN,AGN,AGN
602,J0805.4+7534,bll,J0805.4+7534,"[1.8862230777740479, 1.8658099174499512, 1.831395149230957, 12.798224449157715, -32.24494156426641, -32.049704356300055, -27.953265533063473, -32.16382075903962, -23.623537033020202, 0.015328639186918736, 0.11240874975919724, 0.8680530786514282, 41.794071197509766, -0.009091302369820062, -0.38748063919431436, -0.5098082105686234, -0.4394471066434714, -0.39726218280108516, -0.5420873893733378]",[1],J0805.4+7534,bll,bll,J0805.4+7534,bll,J0805.4+7534,bll,J0805.4+7534,bll,AGN,AGN,AGN,AGN
603,J0806.5+5930,bll,J0806.6+5933,"[2.0170469284057617, 2.0444211959838867, 1.982983112335205, 18.030200958251953, -33.15088791489012, -33.03110769030053, -28.575993650141704, -33.08663806463567, -24.07315356296939, -0.024260813370347023, 0.44816505908966064, 0.5072799921035767, 11.307043075561523, 0.5422958577387205, -0.5942659059269558, -0.564841260471103, -0.6336205289229997, -0.11776936461182552, -0.6718759193769303]",[1],J0806.6+5933,bll,bll,J0806.5+5930,bll,J0806.5+5930,bll,J0806.5+5930,bll,AGN,AGN,AGN,AGN
604,J0807.1-0541,bll,J0807.1-0541,"[2.1770970821380615, 2.121948719024658, 1.9378126859664917, 104.50943756103516, -30.705176674308223, -30.43204329160822, -27.80147100280215, -30.484535244959865, -23.247205158527017, 0.08023114502429962, 0.5428072810173035, 2.7573835849761963, 31.84699249267578, 0.056377201718086446, -0.45794829723381963, -0.634550604787073, -0.5143724688627888, -0.670631728502805, -0.8389459041454014]",[1],J0807.1-0541,bll,bll,J0807.1-0541,bll,J0807.1-0541,bll,J0807.1-0541,bll,AGN,AGN,AGN,AGN
605,J0808.2-0751,fsrq,J0808.2-0751,"[2.195355176925659, 2.085616111755371, 1.9513733386993408, 1113.7056884765625, -28.602272216674816, -28.369010945042366, -27.133094951690033, -28.461838872133693, -22.495290517965145, 0.0904853567481041, 0.6101807355880737, 8.773283958435059, 94.76622772216797, -0.17723367815114716, -0.4860356072171279, -0.5958747609539374, -0.606647114136876, -0.7116737537710406, -0.90562927460067]",[1],J0808.2-0751,fsrq,fsrq,J0808.2-0751,fsrq,J0808.2-0751,fsrq,J0808.2-0751,fsrq,AGN,AGN,AGN,AGN
606,J0808.5+4950,fsrq,J0807.9+4946,"[2.8055007457733154, 2.723008871078491, 2.323941946029663, 13.600324630737305, -28.344386447845075, -28.02994022655539, -28.344131910066217, -28.09406967885343, -24.11035747544191, 0.14420658349990845, 0.2105616182088852, 1.8591222763061523, 11.331573486328125, 0.08923860930020609, -0.6732053693706199, -0.7570642518763803, -0.9522736154771806, -0.9931019508174237, 0.9817033957671522]",[1],J0807.9+4946,fsrq,fsrq,J0808.5+4950,fsrq,J0808.5+4950,fsrq,J0808.5+4950,fsrq,AGN,AGN,AGN,AGN
607,J0809.3+4053,fsrq,J0809.5+4045,"[2.6934263706207275, 2.6158480644226074, 2.3954341411590576, 34.498844146728516, -29.210716041657115, -28.944857049551256, -28.35634143859786, -29.023404210944026, -24.09305915287701, 0.07954321801662445, 0.7176111936569214, 0.878955066204071, 7.486857891082764, 0.2433677277632303, -0.669581920351158, -0.828652073895983, -0.592132288672252, -0.9999988676714244, 0.9184628156138234]",[1],J0809.5+4045,fsrq,fsrq,J0809.3+4053,fsrq,J0809.3+4053,fsrq,J0809.3+4053,fsrq,AGN,AGN,AGN,AGN
608,J0809.5+5341,fsrq,J0809.5+5342,"[2.362861156463623, 2.226598024368286, 1.977621078491211, 173.14759826660156, -30.015862165801323, -29.787484506646912, -28.07313118933561, -29.842575994387566, -23.651076604850818, 0.11976481974124908, 0.9013367891311646, 2.94053053855896, 22.446842193603516, -0.7088654910050857, -0.37230762735948136, -0.660911963524674, -0.6236259025537516, -0.8022528858971835, -0.9995539857637805]",[1],J0809.5+5342,fsrq,fsrq,J0809.5+5341,fsrq,J0809.5+5341,fsrq,J0809.5+5341,fsrq,AGN,AGN,AGN,AGN
609,J0809.6+3455,bll,J0809.6+3456,"[1.846126675605774, 1.839041829109192, 1.8474372625350952, 8.330201148986816, -33.536949793638215, -33.35407664762388, -28.384049801708183, -33.475795450880135, -23.977437635782234, 0.010158718563616276, 0.12786296010017395, 0.2629395127296448, 12.370838165283203, 0.9707419021140193, 0.13084578815964978, -0.5381707295326069, -0.36441944982391944, -0.6270944970730009, -0.0023351726770668687]",[1],J0809.6+3456,bll,bll,J0809.6+3455,bll,J0809.6+3455,bll,J0809.6+3455,bll,AGN,AGN,AGN,AGN
610,J0809.8+5218,BLL,J0809.8+5218,"[1.8839666843414307, 1.8024061918258667, 1.773959755897522, 290.40283203125, -30.537750122202247, -30.395957515202518, -27.219803621083166, -30.47990908415166, -22.910082797800875, 0.04128265008330345, 0.43556275963783264, 3.1976478099823, 87.00447082519531, 0.3675947624777569, -0.40871930323991257, -0.45581558244611226, -0.39107846158864557, -0.5365311748754642, -0.4052059796720605]",[1],J0809.8+5218,bll,BLL,J0809.8+5218,BLL,J0809.8+5218,BLL,J0809.8+5218,BLL,AGN,AGN,AGN,AGN
611,J0811.0-7529,bll,J0811.2-7529,"[1.933181881904602, 1.8148940801620483, 1.7155038118362427, 20.53307342529297, -31.07535853763758, -30.874477997507896, -27.410033463349905, -30.959070207643418, -23.056290912106626, 0.07248988747596741, 0.13722854852676392, 3.99222731590271, 50.80207061767578, 0.0539747646382065, -0.33033616165074525, -0.46093735005940323, -0.4465035831433055, -0.5117790701599926, -0.5590609039314757]",[1],J0811.2-7529,bll,bll,J0811.0-7529,bll,J0811.0-7529,bll,J0811.0-7529,bll,AGN,AGN,AGN,AGN
612,J0811.4+0146,bll,J0811.3+0146,"[2.105408191680908, 2.0296080112457275, 1.949510097503662, 454.8414306640625, -29.607871451427986, -29.404794127661663, -27.330655405373907, -29.496515315141615, -22.837921762863022, 0.06061496585607529, 0.6063714623451233, 4.405997276306152, 61.07978820800781, -0.26073061085049914, -0.48104392708685734, -0.5691078387388545, -0.5200241866904606, -0.6878015952408185, -0.587384493005338]",[1],J0811.3+0146,bll,bll,J0811.4+0146,bll,J0811.4+0146,bll,J0811.4+0146,bll,AGN,AGN,AGN,AGN
613,J0812.0+0237,bll,J0812.0+0237,"[1.8847410678863525, 1.9255342483520508, 1.869044303894043, 3.9165215492248535, -33.36233963458709, -33.252568135701736, -28.090039457264595, -33.30056172359346, -23.6043714596628, -0.03121788799762726, 0.0, 0.7001615166664124, 15.223612785339355, -0.42305752237505495, 0.920398554967792, -0.6546103494370822, -0.36091810072498304, -0.42883838121623447, -0.3443165515735316]",[1],J0812.0+0237,bll,bll,J0812.0+0237,bll,J0812.0+0237,bll,J0812.0+0237,bll,AGN,AGN,AGN,AGN
614,J0812.8+6507,bll,J0813.3+6509,"[2.0398447513580322, 1.9890981912612915, 1.9548815488815308, 5.992259979248047, -33.27453615919211, -33.038345960682605, -28.53849447963791, -33.189299200840495, -24.030919770424646, 0.04324978217482567, 0.09911944717168808, 0.5430638194084167, 9.310089111328125, 0.9041900293652585, -0.5433650348366913, -0.5725192683211054, -0.4963527082453026, -0.6860022152687442, -0.1422834529303883]",[1],J0813.3+6509,bcu,bll,J0812.8+6507,bll,J0812.8+6507,bll,J0812.8+6507,bll,AGN,AGN,AGN,AGN
615,J0812.9+5555,bll,J0812.9+5555,"[2.147151470184326, 2.0870797634124756, 1.9636112451553345, 14.097039222717285, -32.64653842587664, -32.38572290042354, -28.637402881704944, -32.48739947495722, -24.162546697728303, 0.05327979475259781, 0.3955266773700714, 0.6029983162879944, 7.701498031616211, -0.6363539755301691, -0.6643362919287195, -0.6316952020851525, -0.5025066513843379, -0.42671681995475086, -0.9999689985769941]",[1],J0812.9+5555,bll,bll,J0812.9+5555,bll,J0812.9+5555,bll,J0812.9+5555,bll,AGN,AGN,AGN,AGN
616,J0814.2-1013,bll,J0814.1-1012,"[2.0818283557891846, 2.0476810932159424, 1.9550344944000244, 24.327198028564453, -31.605678559478257, -31.38938347878216, -27.831756387734227, -31.47660192969852, -23.32622910194266, 0.03733900934457779, 0.306748628616333, 1.1518449783325195, 22.74059295654297, 0.9996646319610858, -0.5057480018539836, -0.5214740307066341, -0.5131465716617349, -0.6151476084949427, -0.6540535621332527]",[1],J0814.1-1012,bll,bll,J0814.2-1013,bll,J0814.2-1013,bll,J0814.2-1013,bll,AGN,AGN,AGN,AGN
617,J0814.4+2941,bll,J0814.5+2943,"[2.039527654647827, 1.9848825931549072, 1.712965726852417, 4.980867862701416, -33.71900299231681, -33.44539239880915, -28.446581437765502, -33.47239830621531, -23.932515415778116, 0.09606346487998962, 0.0, 0.9469528198242188, 7.125576496124268, 0.9984967560714849, 0.4577623269055786, -0.34593583237619385, -0.5772077239293811, -0.3545181879958598, -0.7094289359344544]",[1],J0814.5+2943,bll,bll,J0814.4+2941,bll,J0814.4+2941,bll,J0814.4+2941,bll,AGN,AGN,AGN,AGN
618,J0814.6+6430,bll,J0814.7+6428,"[2.244072675704956, 2.231687068939209, 2.1733782291412354, 82.79777526855469, -30.534334059191476, -30.361482470583965, -28.010284043971904, -30.436337697524728, -23.437116242700213, 0.019478118047118187, 0.30264320969581604, 1.1508913040161133, 44.03229522705078, -0.2273415265461605, -0.5400787454430789, -0.640753705704113, -0.5743330232672601, -0.6668750122237591, -0.6935098247208336]",[1],J0814.7+6428,bll,bll,J0814.6+6430,bll,J0814.6+6430,bll,J0814.6+6430,bll,AGN,AGN,AGN,AGN
619,J0816.3+5739,bll,J0816.7+5739,"[2.0870137214660645, 2.0327727794647217, 1.9497382640838623, 29.141324996948242, -31.266944145421668, -31.0214665214765, -28.075309965638226, -31.137475698114486, -23.556419141082465, 0.057072825729846954, 0.22173281013965607, 2.527501106262207, 37.264244079589844, -0.555089666317924, -0.36230059469301373, -0.5782126382038751, -0.46756033108000206, -0.7194683988311095, -0.35867171826346134]",[1],J0816.7+5739,bll,bll,J0816.3+5739,bll,J0816.3+5739,bll,J0816.3+5739,bll,AGN,AGN,AGN,AGN
620,J0816.4-1311,bll,J0816.4-1311,"[1.8271571397781372, 1.7087416648864746, 1.6252281665802002, 68.62522888183594, -31.521276609504046, -31.333131102728814, -27.357750888125757, -31.412915788695297, -23.0476816673129, 0.06300753355026245, 0.42570653557777405, 2.8231170177459717, 39.18890380859375, -0.1274204726722366, -0.4574657353822518, -0.4523188858626024, -0.3032830517930483, -0.5534975080979192, -0.30478451698554265]",[1],J0816.4-1311,bll,bll,J0816.4-1311,bll,J0816.4-1311,bll,J0816.4-1311,bll,AGN,AGN,AGN,AGN
621,J0816.7-2420,bcu,J0816.7-2421,"[2.571902275085449, 2.5449397563934326, 2.430405616760254, 51.22610855102539, -29.311620129556122, -29.101785447932233, -27.94366178067285, -29.06948238476319, -23.588998699383698, 0.05229674279689789, 0.7754003405570984, 1.0118519067764282, 11.314254760742188, -0.2953979207381772, -0.7037678331195041, -0.7729879176302339, -0.6237151908917308, -0.8092838119561022, -0.8793424557563982]",[1],J0816.7-2421,bcu,bcu,J0816.7-2420,bcu,J0816.7-2420,bcu,J0816.7-2420,bcu,AGN,AGN,AGN,AGN
622,J0816.9+2050,bll,J0816.5+2049,"[1.9404617547988892, 1.8212430477142334, 1.4792197942733765, 7.4247355461120605, -32.89796757829162, -32.51672800008372, -28.3321625503064, -32.59650704162335, -23.877972248099066, 0.15724186599254608, 0.03638894483447075, 2.3234546184539795, 11.078413009643555, -0.37910889916038654, 0.9907381407383362, -0.2854079356685465, -0.35080679631147327, -0.6768188838621733, -0.4644545653284161]",[1],J0816.5+2049,bll,bll,J0816.9+2050,bll,J0816.9+2050,bll,J0816.9+2050,bll,AGN,AGN,AGN,AGN
623,J0817.8-0934,bll,J0817.8-0935,"[2.0748701095581055, 1.9237104654312134, 1.738494873046875, 18.105587005615234, -30.69372268433881, -30.431531086409834, -27.622573131266467, -30.507351545493133, -23.113140903741044, 0.11846470087766647, 0.20920084416866302, 3.7708475589752197, 28.216876983642578, 0.9847326773177556, -0.41152032095313695, -0.4107118109588385, -0.574675766599594, -0.6016723978383256, -0.7912386562712839]",[1],J0817.8-0935,bll,bll,J0817.8-0934,bll,J0817.8-0934,bll,J0817.8-0934,bll,AGN,AGN,AGN,AGN
624,J0818.2+4222,bll,J0818.2+4223,"[2.1166067123413086, 2.000215530395508, 1.8737107515335083, 222.75303649902344, -29.19027792433832, -28.968741416553634, -27.31595872173578, -29.056700711557646, -22.736546286571826, 0.08582346886396408, 0.2814604341983795, 8.006224632263184, 97.04319763183594, -0.28543256183209187, -0.4166218895104079, -0.5659996426277312, -0.5455056530427704, -0.6810900101196234, -0.812802858403849]",[1],J0818.2+4223,bll,bll,J0818.2+4222,bll,J0818.2+4222,bll,J0818.2+4222,bll,AGN,AGN,AGN,AGN
625,J0819.0+2746,bll,J0818.8+2751,"[2.1785926818847656, 2.115163803100586, 1.755484700202942, 3.6559765338897705, -32.1108269367467, -31.87416678917735, -28.38079883446191, -31.842148783897287, -23.90804143286302, 0.08948265016078949, 0.0, 1.1856670379638672, 9.121094703674316, 0.9897544387435296, -0.4779490603076575, -0.7433458943252869, -0.300125579228275, -0.7746345080487208, -0.9999997450802479]",[1],J0818.8+2751,bll,bll,J0819.0+2746,bll,J0819.0+2746,bll,J0819.0+2746,bll,AGN,AGN,AGN,AGN
626,J0820.3+3639,bll,J0820.4+3640,"[2.2445778846740723, 2.2418642044067383, 2.2260279655456543, 10.560592651367188, -31.62347586565566, -31.47140146742785, -28.33307816741414, -31.56651148998492, -23.870920384198744, 0.0033739139325916767, 0.18965265154838562, 0.09457270801067352, 12.766390800476074, -0.27983598764364764, -0.6402460091742221, -0.7080842289396294, -0.5030086338228769, -0.6083315202405505, -0.7218677902713841]",[1],J0820.4+3640,bll,bll,J0820.3+3639,bll,J0820.3+3639,bll,J0820.3+3639,bll,AGN,AGN,AGN,AGN
627,J0820.9-1258,bll,J0820.9-1258,"[2.3597888946533203, 2.3615334033966064, 2.342388391494751, 5.372814178466797, -31.164725213286093, -31.024886068283276, -28.158008139625966, -31.106207425002776, -23.801089563520193, -0.005038840230554342, 0.0, 0.06812997162342072, 8.008620262145996, 0.5726348711528344, -0.4364222962744626, -0.5989549254842227, -0.6964796028816045, -0.4200555247994775, -0.9998240480880265]",[1],J0820.9-1258,bll,bll,J0820.9-1258,bll,J0820.9-1258,bll,J0820.9-1258,bll,AGN,AGN,AGN,AGN
628,J0823.1+4042,fsrq,J0822.9+4041,"[2.400240421295166, 2.4303390979766846, 2.4059295654296875, 54.35526657104492, -31.148458448434624, -31.057875584789194, -28.28491598750685, -31.110200779370416, -23.959441397848124, -0.031573593616485596, 0.9616357684135437, 0.5903549194335938, 10.839883804321289, -0.024452983138867544, -0.7123208174059265, -0.6521233721361673, -0.8005333880749679, -0.16264778962939905, -0.9999017592588534]",[1],J0822.9+4041,fsrq,fsrq,J0823.1+4042,fsrq,J0823.1+4042,fsrq,J0823.1+4042,fsrq,AGN,AGN,AGN,AGN
629,J0824.4+2440,fsrq,J0824.1+2434,"[2.5252277851104736, 2.578221321105957, 2.5061984062194824, 19.317333221435547, -30.87395778655471, -30.822840399762114, -28.02055066211972, -30.8190191746464, -23.9274327992137, -0.057688724249601364, 0.4588266909122467, 1.06157648563385, 10.0285062789917, 0.9191448205591651, -0.7080946758252464, -0.7096651842199039, -0.6110750944049019, -0.5815534078601102, -0.9965361054688764]",[1],J0824.1+2434,fsrq,fsrq,J0824.4+2440,fsrq,J0824.4+2440,fsrq,J0824.4+2440,fsrq,AGN,AGN,AGN,AGN
630,J0824.7+5552,fsrq,J0824.9+5551,"[2.6132419109344482, 2.591665506362915, 2.499539613723755, 97.77753448486328, -29.277370125913126, -29.061410693377944, -28.26829818213232, -29.13810800865912, -23.88142520480716, 0.04217749834060669, 0.5569066405296326, 1.252175211906433, 21.83576011657715, 0.5246436544189147, -0.6764868897114611, -0.7358940148442238, -0.80228213898341, -0.6281413557600907, -0.9995849420749586]",[1],J0824.9+5551,fsrq,fsrq,J0824.7+5552,fsrq,J0824.7+5552,fsrq,J0824.7+5552,fsrq,AGN,AGN,AGN,AGN
631,J0824.9+3915,fsrq,J0824.9+3916,"[2.448885440826416, 2.419394016265869, 2.27567982673645, 27.830272674560547, -30.035274592387285, -29.821736433260778, -28.202117568226825, -29.874278780743285, -23.715203071125526, 0.04439106583595276, 0.29036277532577515, 1.1852624416351318, 21.866519927978516, 0.23164722463203147, -0.4992063668923214, -0.7297541059874859, -0.6177291570191181, -0.8926330552764588, -0.9998270271709274]",[1],J0824.9+3916,fsrq,fsrq,J0824.9+3915,fsrq,J0824.9+3915,fsrq,J0824.9+3915,fsrq,AGN,AGN,AGN,AGN
632,J0825.8+0309,bll,J0826.0+0307,"[2.218212604522705, 2.198138952255249, 2.10713267326355, 3.072828531265259, -31.034598016756625, -30.853970408886166, -28.141276381122523, -30.925957213061423, -23.594208675288325, 0.021108683198690414, 0.0, 0.5369246006011963, 19.67031478881836, 0.8870228667747669, -0.6886551536909674, -0.5668066492557771, -0.5373650400147962, -0.6503610765534035, -0.6968770394415719]",[1],J0826.0+0307,bll,bll,J0825.8+0309,bll,J0825.8+0309,bll,J0825.8+0309,bll,AGN,AGN,AGN,AGN
633,J0825.9-3218,bcu,J0825.8-3217,"[2.638134241104126, 2.482511281967163, 2.124727249145508, 53.17469787597656, -28.257156130545027, -27.972575043437892, -27.50001607112662, -28.032155206780256, -23.26433654926972, 0.16439934074878693, 0.5046564936637878, 3.065558433532715, 15.543111801147461, -0.5478404025118724, -0.5332514479114624, -0.7606192232798564, -0.7753612903737456, -0.9868320523433401, -0.9999411647475911]",[1],J0825.8-3217,bcu,bcu,J0825.9-3218,bcu,J0825.9-3218,bcu,J0825.9-3218,bcu,AGN,AGN,AGN,AGN
634,J0825.9-2230,bll,J0825.9-2230,"[1.9929406642913818, 1.8884947299957275, 1.7930455207824707, 210.09495544433594, -29.958130944118295, -29.761591901128483, -27.161506666802655, -29.847855435811045, -22.708104578282104, 0.06780169904232025, 0.3893980383872986, 5.2480316162109375, 70.49609375, -0.11497677434754842, -0.36560275031323447, -0.536480752443239, -0.41575629324596064, -0.6011853462066427, -0.7115605858134615]",[1],J0825.9-2230,bll,bll,J0825.9-2230,bll,J0825.9-2230,bll,J0825.9-2230,bll,AGN,AGN,AGN,AGN
635,J0827.0-0708,bll,J0827.2-0711,"[1.7911298274993896, 1.6622445583343506, 1.3130916357040405, 17.822755813598633, -33.53024589913367, -33.103646152469075, -28.115802221938132, -33.18485948944487, -23.753792295543185, 0.17279832065105438, 0.38567861914634705, 2.6930277347564697, 13.057589530944824, -0.9680417015517363, 0.987882290755019, 0.07523672337923841, -0.23280677525785864, -0.6635559354845147, -0.2354223133053464]",[1],J0827.2-0711,bcu,bll,J0827.0-0708,bll,J0827.0-0708,bll,J0827.0-0708,bll,AGN,AGN,AGN,AGN
636,J0827.8+5221,fsrq,J0828.5+5217,"[2.3293302059173584, 2.3388164043426514, 2.3461010456085205, 7.73510217666626, -32.57448503040157, -32.50485452069824, -28.32394812326297, -32.541223453550096, -24.121750242355176, -0.03581346198916435, 0.03362813591957092, 0.4992479681968689, 4.643932342529297, 0.9986530717762997, -0.6647155467222725, -0.7715238917658562, -0.49417964925560764, -0.9520011223063787, 0.6975288096510203]",[1],J0828.5+5217,fsrq,fsrq,J0827.8+5221,fsrq,J0827.8+5221,fsrq,J0827.8+5221,fsrq,AGN,AGN,AGN,AGN
637,J0828.7-2422,bll,J0828.8-2420,"[2.3091928958892822, 2.294659376144409, 2.137962579727173, 5.868514537811279, -31.771865537632298, -31.58091921936394, -28.207307743898856, -31.617811593771005, -23.86409477958731, 0.04717421531677246, 0.0, 0.5855595469474792, 4.949489116668701, 0.9999695919524818, -0.787220046586094, -0.7107330680666087, -0.30370569074535353, -0.7819854134809587, -0.9987215336064689]",[1],J0828.8-2420,bcu,bll,J0828.7-2422,bll,J0828.7-2422,bll,J0828.7-2422,bll,AGN,AGN,AGN,AGN
638,J0829.4+0857,fsrq,J0829.3+0901,"[2.0225136280059814, 1.9103562831878662, 1.320630431175232, 4.756814956665039, -32.638081168730125, -32.1469405461278, -28.477951331699302, -32.20105468149631, -23.987860993513227, 0.26132071018218994, 0.0, 1.8946596384048462, 6.776061534881592, 0.9884831694958073, -0.02987181802114879, -0.12615822117880351, -0.5792435682822089, -0.5210968752455359, -0.99997704663491]",[1],J0829.3+0901,fsrq,fsrq,J0829.4+0857,fsrq,J0829.4+0857,fsrq,J0829.4+0857,fsrq,AGN,AGN,AGN,AGN
639,J0829.6-1140,bcu,J0829.6-1137,"[2.0368282794952393, 1.9934353828430176, 1.8338427543640137, 9.976947784423828, -32.116891213260956, -31.888843088621357, -28.168408009182595, -31.95107016055982, -23.67758042061756, 0.04684446007013321, 0.1603829264640808, 1.086085557937622, 14.858769416809082, 0.9996951845226165, -0.6119337084444816, -0.6873780178679043, -0.1497091186295496, -0.7093515057364304, -0.6446781565244829]",[1],J0829.6-1137,bcu,bcu,J0829.6-1140,bcu,J0829.6-1140,bcu,J0829.6-1140,bcu,AGN,AGN,AGN,AGN
640,J0829.7-5856,bcu,J0830.3-5855,"[2.6096699237823486, 2.5910439491271973, 2.469111919403076, 8.337091445922852, -29.57883950896216, -29.379459260516636, -27.901326318299134, -29.421054322524466, -23.672336137591426, 0.03135409578680992, 0.14110207557678223, 0.6695055365562439, 12.347558975219727, -0.46830808547600633, -0.6618364777327089, -0.729516663214183, -0.7040071500487685, -0.9999946707076409, -0.9968904990876792]",[1],J0830.3-5855,bcu,bcu,J0829.7-5856,bcu,J0829.7-5856,bcu,J0829.7-5856,bcu,AGN,AGN,AGN,AGN
641,J0830.8+2410,FSRQ,J0830.7+2408,"[2.5212650299072266, 2.424365758895874, 2.1518330574035645, 1450.3243408203125, -28.42554626659213, -28.174203708164097, -27.68802312751058, -28.224109882148234, -23.278060585223923, 0.11513641476631165, 1.4129472970962524, 4.894070148468018, 44.64261245727539, -0.35617226716517714, -0.5952225490805125, -0.720487954398014, -0.7776399038332513, -0.8963144088680141, -0.9995866303871641]",[1],J0830.7+2408,FSRQ,FSRQ,J0830.8+2410,FSRQ,J0830.8+2410,FSRQ,J0830.8+2410,FSRQ,AGN,AGN,AGN,AGN
642,J0831.8+0429,bll,J0831.9+0430,"[2.278900146484375, 2.1812500953674316, 2.0687811374664307, 377.63525390625, -28.678046494379576, -28.463452754974032, -27.566544854258353, -28.557904726651397, -22.954243629199432, 0.08429151028394699, 0.5414696931838989, 5.252329349517822, 63.8858757019043, -0.15853602992627724, -0.48166085233803174, -0.6696775292581743, -0.6140940590130342, -0.7453423723864274, -0.8233312263511315]",[1],J0831.9+0430,bll,bll,J0831.8+0429,bll,J0831.8+0429,bll,J0831.8+0429,bll,AGN,AGN,AGN,AGN
643,J0832.4+4912,bll,J0832.6+4914,"[2.445852279663086, 2.4620120525360107, 2.478712797164917, 4.988036155700684, -30.5544883832757, -30.41403624565651, -28.476399238467582, -30.54373648448933, -24.05164396646218, -0.02697954699397087, 0.0, 0.590201735496521, 11.427631378173828, -0.6166197092728262, -0.5196170173227096, -0.7681612406368156, -0.6317301841647402, -0.5435748332686199, -0.6112713315176445]",[1],J0832.6+4914,bll,bll,J0832.4+4912,bll,J0832.4+4912,bll,J0832.4+4912,bll,AGN,AGN,AGN,AGN
644,J0833.9+4223,fsrq,J0834.1+4223,"[2.4413580894470215, 2.4200522899627686, 2.294389247894287, 14.606922149658203, -30.117423406109705, -29.931061862013692, -28.334163472776456, -29.985561406341812, -23.82447458386653, 0.029658982530236244, 0.21888504922389984, 0.7177733778953552, 17.091161727905273, 0.9994249962771953, -0.5518672177204942, -0.7604699350523987, -0.49590842433103643, -0.8995668976303085, -0.99989756395975]",[1],J0834.1+4223,fsrq,fsrq,J0833.9+4223,fsrq,J0833.9+4223,fsrq,J0833.9+4223,fsrq,AGN,AGN,AGN,AGN
645,J0834.6+4402,bll,J0834.7+4403,"[2.289128065109253, 2.1745870113372803, 1.9412868022918701, 20.666906356811523, -31.24854871533898, -30.87323580669576, -28.565563399213907, -30.99652518403804, -24.062653694057765, 0.165771946310997, 0.5780563950538635, 1.9376392364501953, 10.101767539978027, -0.4724841910012778, -0.16639388716787776, -0.5922970221237853, -0.7111379387567986, -0.5637008506105691, -0.999575986169209]",[1],J0834.7+4403,bll,bll,J0834.6+4402,bll,J0834.6+4402,bll,J0834.6+4402,bll,AGN,AGN,AGN,AGN
646,J0835.3-4510,PSR,J0835.3-4510,"[2.222642183303833, 2.2908756732940674, 1.2127074003219604, 4.253170013427734, -26.907071936638932, -26.914524873171445, -24.139089211634687, -26.985420911828392, -19.261230387947432, 0.31600499153137207, 0.0, 196.3284912109375, 496.1392822265625, 0.014072047294978126, -0.27665701516736363, -0.5110879880443692, -0.6566352123944484, -0.9047762451303908, -0.9663128256654848]",[0],J0835.3-4510,PSR,PSR,J0835.3-4510,PSR,J0835.3-4510,PSR,J0835.3-4510,PSR,PSR,PSR,PSR,PSR
647,J0835.7+0936,bll,J0835.4+0930,"[2.1406211853027344, 2.1070127487182617, 1.9925328493118286, 13.800302505493164, -32.36665868320506, -32.095602381540544, -28.463579629979264, -32.21743967474661, -23.97701317385097, 0.0742349699139595, 0.609287679195404, 0.9610602259635925, 6.43379545211792, 0.9991879094123816, 0.14578513883124075, -0.7126369925568534, -0.4481622222742826, -0.6601024996836539, -0.5282501194885427]",[1],J0835.4+0930,bll,bll,J0835.7+0936,bll,J0835.7+0936,bll,J0835.7+0936,bll,AGN,AGN,AGN,AGN
648,J0836.2+2141,bcu,J0836.3+2143,"[2.642669200897217, 2.680851936340332, 2.6326074600219727, 20.55109977722168, -29.658168780732353, -29.54439019482013, -28.253137299107596, -29.604948287810195, -23.980385897775015, -0.04251071810722351, 0.48204079270362854, 0.7401533126831055, 9.589435577392578, -0.42587699943973717, -0.7132361356480805, -0.7378114208726069, -0.6482214716504451, -0.9127214807416589, -0.9985247652413816]",[1],J0836.3+2143,bcu,bcu,J0836.2+2141,bcu,J0836.2+2141,bcu,J0836.2+2141,bcu,AGN,AGN,AGN,AGN
649,J0836.5-2026,fsrq,J0836.5-2020,"[2.831266164779663, 2.5267410278320312, 1.3391474485397339, 11.443513870239258, -27.519183999179383, -27.059411001740514, -27.973189597835493, -27.110525864922923, -23.756389945221855, 0.45841675996780396, 0.22954314947128296, 4.090478420257568, 10.3785400390625, -0.37318197316875723, -0.6160312851679479, -0.918906891760914, -0.9999999989975634, 0.99998928266734, -0.28180153427517635]",[1],J0836.5-2020,fsrq,fsrq,J0836.5-2026,fsrq,J0836.5-2026,fsrq,J0836.5-2026,fsrq,AGN,AGN,AGN,AGN
650,J0839.4+1803,bll,J0839.6+1803,"[2.3179421424865723, 2.3472490310668945, 2.332319736480713, 14.80463695526123, -31.4258870117491, -31.335219052927304, -28.37806734602255, -31.401178274913878, -23.96527039318104, -0.04169613867998123, 0.4123898446559906, 0.8660619258880615, 9.381071090698242, 0.07862701409217857, -0.610367847091225, -0.6617903251578449, -0.6528874207797846, -0.45208984569310684, -0.6684621185511387]",[1],J0839.6+1803,bll,bll,J0839.4+1803,bll,J0839.4+1803,bll,J0839.4+1803,bll,AGN,AGN,AGN,AGN
651,J0839.7+3540,bll,J0839.6+3538,"[1.9523983001708984, 1.8097740411758423, 1.5922297239303589, 8.56445026397705, -32.55117160563047, -32.23383840636636, -28.305900085998296, -32.31927252725455, -23.87502806762468, 0.11104600876569748, 0.1283137947320938, 1.8577626943588257, 15.031434059143066, 0.9999999400254013, -0.5845600084816296, -0.38651363981638787, -0.38923251349903215, -0.6245849642897682, -0.43665808223280866]",[1],J0839.6+3538,bll,bll,J0839.7+3540,bll,J0839.7+3540,bll,J0839.7+3540,bll,AGN,AGN,AGN,AGN
652,J0839.8+0105,fsrq,J0839.5+0102,"[2.4127631187438965, 2.2451062202453613, 1.8529753684997559, 53.753238677978516, -29.461708901037547, -29.15746831674591, -28.031687507637773, -29.217311416073212, -23.521675142559832, 0.17207923531532288, 0.5877838730812073, 3.202969789505005, 16.68286895751953, -0.534343532958864, -0.5199961295384822, -0.638921576906142, -0.6830709159081442, -0.9999335020179484, -0.9010915123510733]",[1],J0839.5+0102,fsrq,fsrq,J0839.8+0105,fsrq,J0839.8+0105,fsrq,J0839.8+0105,fsrq,AGN,AGN,AGN,AGN
653,J0840.8+1317,ssrq,J0840.8+1315,"[2.4769158363342285, 2.315115451812744, 1.664833903312683, 45.49165725708008, -30.008279357951636, -29.610855983594593, -28.30314535557291, -29.65601409073111, -23.87720911482153, 0.2326112687587738, 0.973783016204834, 2.394571304321289, 8.914071083068848, 0.5713314899163695, -0.6497139998551411, -0.6836373068043944, -0.6720240363889642, -0.9999960964209001, -0.992906013777212]",[1],J0840.8+1315,ssrq,ssrq,J0840.8+1317,ssrq,J0840.8+1317,ssrq,J0840.8+1317,ssrq,AGN,AGN,AGN,AGN
654,J0841.3-3554,bll,J0841.3-3554,"[1.833749771118164, 1.5690935850143433, 1.175053358078003, 38.36076736450195, -32.365034236110525, -31.96779530409532, -27.486999973719424, -32.046917904159436, -22.982187768483467, 0.203123077750206, 0.4203774333000183, 5.60012149810791, 29.16855239868164, -0.9999718866779626, 0.9995250773474663, -0.20652617992211167, -0.21963207086843617, -0.5068177689515245, -0.735051051708626]",[1],J0841.3-3554,bcu,bll,J0841.3-3554,bll,J0841.3-3554,bll,J0841.3-3554,bll,AGN,AGN,AGN,AGN
655,J0841.3+7053,FSRQ,J0841.4+7053,"[2.804813861846924, 2.7987661361694336, 2.135713815689087, 3145.9482421875, -27.628435174725908, -27.275192124661068, -27.638723606866087, -27.283064288739286, -23.4265468988811, 0.22430257499217987, 0.8707908391952515, 13.93179702758789, 73.20606231689453, -0.3146377157439514, -0.6777385268889837, -0.8642619904097196, -0.9198339723003511, -0.9352921270743502, -0.9971961792424016]",[1],J0841.4+7053,FSRQ,FSRQ,J0841.3+7053,FSRQ,J0841.3+7053,FSRQ,J0841.3+7053,FSRQ,AGN,AGN,AGN,AGN
656,J0842.3-6053,bcu,J0842.0-6055,"[2.29949688911438, 2.2045085430145264, 1.8982021808624268, 56.42658615112305, -30.708370208447533, -30.44054104474206, -27.730166082802096, -30.482115285285694, -23.345861585119177, 0.13273835182189941, 0.5936656594276428, 3.192383050918579, 18.25731086730957, 0.9278741281075321, -0.43886434247915923, -0.6681002195964644, -0.5796190072925418, -0.7038094945700357, -0.999983516101996]",[1],J0842.0-6055,bcu,bcu,J0842.3-6053,bcu,J0842.3-6053,bcu,J0842.3-6053,bcu,AGN,AGN,AGN,AGN
657,J0844.2+5312,bll,J0843.9+5311,"[2.055021047592163, 2.0116779804229736, 1.817690372467041, 42.171905517578125, -31.766619749178123, -31.510075515212467, -28.26427474912321, -31.540397363272817, -23.768945425597998, 0.05037713423371315, 0.3999306261539459, 1.5594065189361572, 26.186275482177734, 0.9833111372637076, -0.5288451542520167, -0.5979755715180249, -0.3389933561629803, -0.757275488461075, -0.6722145947562402]",[1],J0843.9+5311,bll,bll,J0844.2+5312,bll,J0844.2+5312,bll,J0844.2+5312,bll,AGN,AGN,AGN,AGN
658,J0844.9-5458,bll,J0845.1-5458,"[2.120734930038452, 2.001598834991455, 1.8237491846084595, 16.105552673339844, -30.959859946598066, -30.74029898611149, -27.49198980068697, -30.80918451490425, -23.062664077861495, 0.09893003851175308, 0.15779395401477814, 3.6478121280670166, 31.463651657104492, 0.7689252143720017, -0.5039118026276533, -0.5085046187385748, -0.4663259223706184, -0.6977560453102087, -0.7866760967689149]",[1],J0845.1-5458,bcu,bll,J0844.9-5458,bll,J0844.9-5458,bll,J0844.9-5458,bll,AGN,AGN,AGN,AGN
659,J0847.0-2336,bcu,J0846.9-2336,"[1.941658616065979, 1.919798493385315, 1.9179303646087646, 12.368837356567383, -32.0050142688488, -31.798411265977894, -27.732538761931526, -31.936980940983698, -23.30660025677299, 0.024770572781562805, 0.15022872388362885, 1.1087284088134766, 26.852466583251953, 0.9999970550180277, -0.013063609038038604, -0.5001990590612623, -0.4758232509880326, -0.39580252427166945, -0.5981311398997798]",[1],J0846.9-2336,bll,bcu,J0847.0-2336,bcu,J0847.0-2336,bll,J0847.0-2336,bll,AGN,AGN,AGN,AGN
660,J0847.2+1134,bll,J0847.1+1134,"[1.717549443244934, 1.674735188484192, 1.5530391931533813, 8.465079307556152, -33.85258194869084, -33.58485463209923, -28.074980590090966, -33.68639666818146, -23.78079568936762, 0.04083853214979172, 0.1334892362356186, 0.9680493474006653, 16.078079223632812, -0.9853536217516446, 0.9999882988538029, -0.21194451450996118, -0.4298909000893812, -0.503734049776342, 0.12349563273166234]",[1],J0847.1+1134,bll,bll,J0847.2+1134,bll,J0847.2+1134,bll,J0847.2+1134,bll,AGN,AGN,AGN,AGN
661,J0849.1+6607,bll,J0849.1+6607,"[1.972255825996399, 1.8799760341644287, 1.706892490386963, 19.401521682739258, -32.69901174613577, -32.402319594577705, -28.35793036619335, -32.506787030766304, -23.89682041180861, 0.08758717030286789, 0.30980926752090454, 2.0707266330718994, 20.621057510375977, 0.8263998138527954, -0.43857983139311535, -0.5332036735458083, -0.3677789530468569, -0.5622599323870181, -0.566353302308206]",[1],J0849.1+6607,bll,bll,J0849.1+6607,bll,J0849.1+6607,bll,J0849.1+6607,bll,AGN,AGN,AGN,AGN
662,J0849.4-2911,bcu,J0849.5-2912,"[2.1131436824798584, 2.0602893829345703, 1.8918883800506592, 34.460567474365234, -31.806368823825252, -31.54663955804883, -28.089542950533822, -31.60675316033275, -23.584236241883556, 0.08225250244140625, 0.5599701404571533, 1.68966805934906, 12.111006736755371, 0.9926871618166575, -0.4417990476927893, -0.6278449266783844, -0.4764978102480023, -0.5743784452766508, -0.7711326376670451]",[1],J0849.5-2912,bcu,bcu,J0849.4-2911,bcu,J0849.4-2911,bcu,J0849.4-2911,bcu,AGN,AGN,AGN,AGN
663,J0849.5+0456,bll,J0849.3+0458,"[2.0886003971099854, 1.9926048517227173, 1.7267329692840576, 7.006745338439941, -31.81395976274338, -31.49826725691983, -28.079142557962278, -31.559364753711048, -23.573947753042898, 0.12492832541465759, 0.0, 2.2442407608032227, 11.370293617248535, 0.5758815190225834, -0.19836184012785027, -0.4498382852834854, -0.37562757382173334, -0.8466347667844161, -0.34245778897767115]",[1],J0849.3+0458,bll,bll,J0849.5+0456,bll,J0849.5+0456,bll,J0849.5+0456,bll,AGN,AGN,AGN,AGN
664,J0849.8-3541,bcu,J0849.9-3540,"[2.3163154125213623, 2.1466777324676514, 1.9052562713623047, 85.5949935913086, -30.16803179383534, -29.85817469051402, -27.526535884158815, -29.941774878153176, -23.114713517717895, 0.16288147866725922, 0.8295304775238037, 2.9213178157806396, 15.770527839660645, 0.9081827716258258, -0.5268602359945037, -0.4952839906487362, -0.7252237027012759, -0.8363943572373999, -0.17275559289924491]",[1],J0849.9-3540,bcu,bcu,J0849.8-3541,bcu,J0849.8-3541,bcu,J0849.8-3541,bcu,AGN,AGN,AGN,AGN
665,J0850.0+4855,bll,J0850.0+4855,"[2.226759433746338, 2.1554930210113525, 2.111469268798828, 118.52668762207031, -29.265983507851896, -29.12052662471115, -27.72961665698193, -29.20163995914793, -23.240609476845933, 0.0483148917555809, 0.2907530665397644, 2.657294511795044, 55.79714584350586, 0.008895194445124955, -0.4850282188969257, -0.6033910985225952, -0.629233025062008, -0.6713445473500367, -0.6926239439383305]",[1],J0850.0+4855,bll,bll,J0850.0+4855,bll,J0850.0+4855,bll,J0850.0+4855,bll,AGN,AGN,AGN,AGN
666,J0850.0+5108,NLSY1,J0849.9+5108,"[2.2700793743133545, 2.1659815311431885, 2.0626142024993896, 759.7144775390625, -29.14369262982316, -28.953961148772784, -27.802655887782752, -29.033847779011957, -23.261221186067857, 0.07885880768299103, 0.7632859945297241, 3.9068799018859863, 57.51606750488281, -0.38886172220623266, -0.4587679354830263, -0.6359189313160135, -0.6573996978828256, -0.7080378030329183, -0.7145738480180294]",[1],J0849.9+5108,NLSY1,NLSY1,J0850.0+5108,NLSY1,J0850.0+5108,NLSY1,J0850.0+5108,NLSY1,AGN,AGN,AGN,AGN
667,J0850.1-1212,fsrq,J0850.2-1214,"[2.2964468002319336, 2.198136329650879, 2.069002389907837, 626.64013671875, -28.924488168223554, -28.709194407272392, -27.645628824192737, -28.793545110419412, -23.073811508962354, 0.08400615304708481, 0.903666079044342, 4.243782043457031, 48.19746398925781, -0.2902076956437329, -0.5282439264285189, -0.6123070799648354, -0.6660677194964797, -0.8146881031082099, -0.6453262332979467]",[1],J0850.2-1214,fsrq,fsrq,J0850.1-1212,fsrq,J0850.1-1212,fsrq,J0850.1-1212,fsrq,AGN,AGN,AGN,AGN
668,J0850.5+3455,bll,J0850.2+3500,"[2.0167722702026367, 2.017899751663208, 1.9340013265609741, 16.410856246948242, -32.43617968037499, -32.28273879547883, -28.42977089960128, -32.35585665518005, -23.953009131727946, -0.0011858706129714847, 0.3998620808124542, 0.016897322610020638, 12.858573913574219, 0.5977290049083461, -0.40175504889535135, -0.5550760453265019, -0.49799385192947754, -0.5359825218358694, -0.2318606543536974]",[1],J0850.2+3500,bll,bll,J0850.5+3455,bll,J0850.5+3455,bll,J0850.5+3455,bll,AGN,AGN,AGN,AGN
669,J0851.5+5528,bll,J0851.8+5531,"[2.2280118465423584, 2.1829235553741455, 2.024599075317383, 26.821613311767578, -31.252607015209513, -31.017623089124413, -28.465753398692136, -31.078886506279773, -23.91942260783501, 0.05188533291220665, 0.3729988634586334, 1.2816555500030518, 18.02470588684082, -0.30928467897350564, -0.5100635949041029, -0.6247352025210992, -0.5204569004592208, -0.6662297996715064, -0.7993689756652039]",[1],J0851.8+5531,bll,bll,J0851.5+5528,bll,J0851.5+5528,bll,J0851.5+5528,bll,AGN,AGN,AGN,AGN
670,J0852.5-5755,bcu,J0852.6-5756,"[2.351081371307373, 2.243100166320801, 2.0505495071411133, 102.4732437133789, -29.89998072592551, -29.636785992887045, -27.656520723437417, -29.712418848113728, -23.222096247132033, 0.1223037838935852, 0.6334518790245056, 3.38319993019104, 22.851503372192383, -0.5488011032123687, -0.5172325894256763, -0.6041867469384984, -0.7087123676443922, -0.6952073567458182, -0.6637506747405878]",[1],J0852.6-5756,bcu,bcu,J0852.5-5755,bcu,J0852.5-5755,bcu,J0852.5-5755,bcu,AGN,AGN,AGN,AGN
671,J0853.1-3657,bcu,J0853.0-3654,"[2.0191454887390137, 1.9643690586090088, 1.8455495834350586, 4.5172119140625, -32.403655136298276, -32.13414345702713, -27.729986997027314, -32.23429018351698, -23.22369324401267, 0.056758396327495575, 0.0, 1.4225155115127563, 18.006284713745117, -0.6887468100984958, -0.6052763886452387, -0.48821126637718165, -0.4578026849516448, -0.5028213187813072, -0.5248230684223432]",[1],J0853.0-3654,bcu,bcu,J0853.1-3657,bcu,J0853.1-3657,bcu,J0853.1-3657,bcu,AGN,AGN,AGN,AGN
672,J0854.3+4408,bll,J0854.2+4408,"[1.8135883808135986, 1.5318515300750732, 1.2772198915481567, 11.573175430297852, -33.20304016406635, -32.72357194661924, -28.516405222355164, -32.887937560077845, -23.99671002004341, 0.26031380891799927, 0.36103567481040955, 3.2201199531555176, 12.170059204101562, -0.9986044879099685, 0.9668474592881938, -0.016501186652807493, -0.13949887267523167, -0.7508008855126537, -0.3427375096678604]",[1],J0854.2+4408,bll,bll,J0854.3+4408,bll,J0854.3+4408,bll,J0854.3+4408,bll,AGN,AGN,AGN,AGN
673,J0854.8+2006,BLL,J0854.8+2006,"[2.233182907104492, 2.1749610900878906, 2.116670608520508, 611.6709594726562, -28.604905294330607, -28.41075215953421, -27.244967036920116, -28.510180931705104, -22.694802557478944, 0.052643030881881714, 0.4396146833896637, 5.080288410186768, 94.82266998291016, -0.21486869341343626, -0.524953063493395, -0.6375184745578206, -0.613121379145098, -0.7098906514347102, -0.6063040228672849]",[1],J0854.8+2006,BLL,BLL,J0854.8+2006,BLL,J0854.8+2006,BLL,J0854.8+2006,BLL,AGN,AGN,AGN,AGN
674,J0855.4-0714,bcu,J0855.2-0718,"[2.463095188140869, 2.286302089691162, 1.5516213178634644, 13.480976104736328, -30.13086194358788, -29.677848047211366, -28.3636341687874, -29.745489605111256, -23.935436418228598, 0.33033275604248047, 0.40381962060928345, 2.4917516708374023, 7.049994945526123, -0.6547055999101947, -0.2555537390795456, -0.7376483717954274, -0.7796317451972827, -0.9990613700114798, -0.3555203285489518]",[1],J0855.2-0718,bcu,bcu,J0855.4-0714,bcu,J0855.4-0714,bcu,J0855.4-0714,bcu,AGN,AGN,AGN,AGN
675,J0856.6-1105,bll,J0856.7-1105,"[2.0649478435516357, 1.9364545345306396, 1.818625569343567, 24.254470825195312, -30.073037609581043, -29.86675970724218, -27.47131572997756, -29.9512392701345, -22.978570602133676, 0.08729130029678345, 0.14991874992847443, 4.502758502960205, 48.84950256347656, 0.2756059991984973, -0.33781662619915387, -0.51313565180086, -0.4926002402674729, -0.7147715264532213, -0.6110034350331657]",[1],J0856.7-1105,bll,bll,J0856.6-1105,bll,J0856.6-1105,bll,J0856.6-1105,bll,AGN,AGN,AGN,AGN
676,J0856.8+2056,bll,J0856.5+2057,"[2.073499917984009, 2.0358779430389404, 2.0109732151031494, 10.357837677001953, -32.34302133064579, -32.13109250347017, -28.093637546751037, -32.262510526267356, -23.595035870979274, 0.03582054376602173, 0.21126724779605865, 0.707197368144989, 14.125041961669922, -0.9207423795839713, 0.7396579190229398, -0.5558558444549622, -0.5705418576173489, -0.4947900714531535, -0.48087529860011397]",[1],J0856.5+2057,bll,bll,J0856.8+2056,bll,J0856.8+2056,bll,J0856.8+2056,bll,AGN,AGN,AGN,AGN
677,J0857.9-1949,fsrq,J0858.1-1951,"[2.4722352027893066, 2.454237222671509, 2.3648433685302734, 74.78028869628906, -29.556533152500236, -29.335455513590137, -27.91455389727149, -29.415582141680318, -23.45885250541097, 0.028072204440832138, 0.5992175936698914, 0.752382755279541, 16.292200088500977, -0.28259749537062084, -0.637925937716221, -0.6599006432151108, -0.7106442968143108, -0.6380323480939137, -0.999998764398549]",[1],J0858.1-1951,bcu,fsrq,J0857.9-1949,fsrq,J0857.9-1949,fsrq,J0857.9-1949,fsrq,AGN,AGN,AGN,AGN
678,J0859.4+6218,bll,J0859.1+6219,"[2.3767080307006836, 2.4335544109344482, 2.428593873977661, 10.707027435302734, -31.344431138638765, -31.30137928873888, -28.534673695191533, -31.34192660249855, -24.155671659671476, -0.06232161819934845, 0.38495269417762756, 1.2487521171569824, 8.071175575256348, 0.9230314541037716, -0.6257343823689815, -0.7733218700415998, -0.3324538835692977, -0.8839299467783049, 0.012825956338874425]",[1],J0859.1+6219,bll,bll,J0859.4+6218,bll,J0859.4+6218,bll,J0859.4+6218,bll,AGN,AGN,AGN,AGN
679,J0902.4+2051,bll,J0902.4+2050,"[2.150240659713745, 2.114340305328369, 2.0238399505615234, 76.8041763305664, -30.89621498105394, -30.67664109788904, -27.920127908821243, -30.77160658922174, -23.365415584942514, 0.0367712527513504, 0.43002036213874817, 1.3919484615325928, 34.044063568115234, -0.5286897492147355, -0.4618144340672478, -0.5766828134828547, -0.5750149439776089, -0.5191214353140229, -0.7782414130788314]",[1],J0902.4+2050,bll,bll,J0902.4+2051,bll,J0902.4+2051,bll,J0902.4+2051,bll,AGN,AGN,AGN,AGN
680,J0903.1+4652,fsrq,J0903.1+4649,"[2.3936619758605957, 2.407641649246216, 2.3958215713500977, 8.184795379638672, -30.53139982927939, -30.405320549321328, -28.431022612671093, -30.495822055835163, -23.922631713884677, -0.018331682309508324, 0.1034238263964653, 0.528885006904602, 17.08570098876953, -0.5308978560651639, -0.6280702475926035, -0.7146078188405038, -0.6602708430981049, -0.48382298990377065, -0.8620349450513913]",[1],J0903.1+4649,fsrq,fsrq,J0903.1+4652,fsrq,J0903.1+4652,fsrq,J0903.1+4652,fsrq,AGN,AGN,AGN,AGN
681,J0904.5-3513,bcu,J0904.8-3516,"[2.578199863433838, 2.5053763389587402, 2.253863573074341, 88.87957763671875, -29.160653864062024, -28.85581936325158, -27.675267269907494, -28.899626269417563, -23.370874733014084, 0.11788477748632431, 0.7395145297050476, 2.1984751224517822, 13.509352684020996, -0.3081742549115158, -0.7065317645120965, -0.6222573127925131, -0.8559748685911912, -0.8657272790595452, 0.11536822514417275]",[1],J0904.8-3516,bcu,bcu,J0904.5-3513,bcu,J0904.5-3513,bcu,J0904.5-3513,bcu,AGN,AGN,AGN,AGN
682,J0904.6+4238,fsrq,J0904.3+4240,"[2.318338632583618, 2.2425711154937744, 1.9923782348632812, 4.634610652923584, -31.544005814171904, -31.30021495069406, -28.526061753506706, -31.295989889578486, -24.107682017923132, 0.08808936178684235, 0.0, 0.9211753010749817, 8.01732063293457, 0.5327895891501583, -0.771642594148726, -0.6385625624365002, -0.45884198329751735, -0.8479154736274677, -0.999894262078943]",[1],J0904.3+4240,bcu,fsrq,J0904.6+4238,fsrq,J0904.6+4238,fsrq,J0904.6+4238,fsrq,AGN,AGN,AGN,AGN
683,J0904.9-5734,bcu,J0904.8-5734,"[2.2991554737091064, 2.2839486598968506, 2.2354047298431396, 167.282470703125, -30.066131337347834, -29.867494246065846, -27.498731991398078, -29.957069831488607, -22.97668215544425, 0.030124425888061523, 0.39120253920555115, 1.7896311283111572, 48.20621109008789, 0.1153407847298929, -0.6122570348345326, -0.6412779115493292, -0.6199324325874075, -0.6961991220786569, -0.4925791027614227]",[1],J0904.8-5734,bcu,bcu,J0904.9-5734,bcu,J0904.9-5734,bcu,J0904.9-5734,bcu,AGN,AGN,AGN,AGN
684,J0905.6+1358,bll,J0905.5+1358,"[1.7793139219284058, 1.5773940086364746, 1.4257066249847412, 24.204408645629883, -32.240614042330584, -31.926417628655862, -27.702362286255056, -32.042208393749895, -23.37251222119185, 0.1332196593284607, 0.31437385082244873, 4.097184658050537, 27.65476417541504, -0.9996862429833455, 0.9979380290594222, -0.27398422695257874, -0.2621148503963315, -0.5499820990138553, -0.49097947697475836]",[1],J0905.5+1358,bll,bll,J0905.6+1358,bll,J0905.6+1358,bll,J0905.6+1358,bll,AGN,AGN,AGN,AGN
685,J0906.3-0905,bll,J0906.3-0906,"[2.128031015396118, 2.090604782104492, 1.9387125968933105, 73.95185089111328, -31.589271583755924, -31.340816792628736, -28.177254743268644, -31.405796948547103, -23.65883693346947, 0.06172846257686615, 0.9255594611167908, 1.4562066793441772, 15.595868110656738, 0.9898635859740307, -0.30180407839647677, -0.5576857750407239, -0.601024901733379, -0.6649372536641551, -0.6225211836719002]",[1],J0906.3-0906,bll,bll,J0906.3-0905,bll,J0906.3-0905,bll,J0906.3-0905,bll,AGN,AGN,AGN,AGN
686,J0908.7-4911,PSR,J0908.4-4916,"[2.6428117752075195, 2.731410264968872, 0.9705925583839417, 3.303466796875, -29.53914111009779, -29.041624400341288, -26.39093379032242, -29.07216378342991, -22.33585332807725, 0.5186952948570251, 0.0, 7.136157989501953, 14.096334457397461, 0.999999419307644, -0.53908280509239, -0.6695735162939375, -0.8753266676073642, -0.8343568069779009, -0.9999999755370504]",[0],J0908.4-4916,PSR,PSR,J0908.7-4911,PSR,J0908.7-4911,PSR,J0908.7-4911,PSR,PSR,PSR,PSR,PSR
687,J0908.9+2311,bll,J0909.0+2310,"[1.8465977907180786, 1.78849458694458, 1.6229737997055054, 14.163193702697754, -33.50623001357644, -33.2388683670885, -28.03980641084955, -33.31408982417495, -23.573852325865165, 0.04528101906180382, 0.32129767537117004, 0.8978603482246399, 17.4517879486084, 0.9471890667255036, -0.6274077848639235, -0.6177371740083586, -0.34525003800857557, -0.25655188974615983, -0.5460737838023728]",[1],J0909.0+2310,bll,bll,J0908.9+2311,bll,J0908.9+2311,bll,J0908.9+2311,bll,AGN,AGN,AGN,AGN
688,J0909.1+0121,fsrq,J0909.1+0121,"[2.4624111652374268, 2.490323066711426, 2.2229394912719727, 669.3004760742188, -29.3311230419607, -29.082888808461764, -27.47124568046787, -29.08658329753134, -23.021132722935985, 0.09349256753921509, 0.8033472299575806, 5.231574058532715, 44.91930389404297, 0.9917516856323612, -0.564066402213458, -0.7450382053996829, -0.6916259856563001, -0.8605769212035352, -0.9990620251086425]",[1],J0909.1+0121,fsrq,fsrq,J0909.1+0121,fsrq,J0909.1+0121,fsrq,J0909.1+0121,fsrq,AGN,AGN,AGN,AGN
689,J0909.6+0159,bll,J0909.6+0157,"[2.2028303146362305, 2.13678240776062, 1.981961727142334, 3.4140758514404297, -31.843829566761755, -31.596746727208664, -27.79428022111304, -31.678716167870885, -23.387075947943654, 0.06627839803695679, 0.0, 1.2235674858093262, 18.241605758666992, -0.7987013402645561, -0.667660259011044, -0.526630388246178, -0.5215474277737784, -0.7337076846052001, -0.6318086578080184]",[1],J0909.6+0157,bll,bll,J0909.6+0159,bll,J0909.6+0159,bll,J0909.6+0159,bll,AGN,AGN,AGN,AGN
690,J0909.7-0230,fsrq,J0909.8-0229,"[2.296677589416504, 2.177349805831909, 1.95710027217865, 44.61537170410156, -29.343344659969606, -29.062908726887077, -27.656526173253866, -29.138875989326376, -23.135924322645135, 0.1275366097688675, 0.24048350751399994, 5.09965705871582, 42.25375747680664, -0.3582205460441629, -0.41597217231254974, -0.6445169920405891, -0.6409249100657908, -0.8533907513820035, -0.577635883593828]",[1],J0909.8-0229,fsrq,fsrq,J0909.7-0230,fsrq,J0909.7-0230,fsrq,J0909.7-0230,fsrq,AGN,AGN,AGN,AGN
691,J0910.6+3329,bll,J0910.5+3329,"[1.956400990486145, 1.9092893600463867, 1.816244125366211, 20.107452392578125, -32.10822830610564, -31.912564348021533, -27.739695901950366, -31.978749583303788, -23.290838989397468, 0.04593885689973831, 0.19849109649658203, 1.9911609888076782, 33.822444915771484, -0.4318901801959738, 0.9902804580377251, -0.5412040975180391, -0.38544952184795794, -0.616635198080876, -0.4506452255882533]",[1],J0910.5+3329,bll,bll,J0910.6+3329,bll,J0910.6+3329,bll,J0910.6+3329,bll,AGN,AGN,AGN,AGN
692,J0910.6+2247,fsrq,J0910.9+2248,"[2.338191032409668, 2.1675705909729004, 1.6961501836776733, 105.36189270019531, -30.37970898936675, -29.9860595943699, -28.014664474036103, -30.054807165510045, -23.49684884223307, 0.23068159818649292, 1.1900538206100464, 3.2126996517181396, 12.798368453979492, 0.8454258577242955, -0.08213338612323909, -0.5884435697018457, -0.631707949167492, -0.8931147470694335, -0.9999543220655782]",[1],J0910.9+2248,fsrq,fsrq,J0910.6+2247,fsrq,J0910.6+2247,fsrq,J0910.6+2247,fsrq,AGN,AGN,AGN,AGN
693,J0910.8+3859,bll,J0910.7+3858,"[2.0451035499572754, 1.9371823072433472, 1.7213671207427979, 33.87445068359375, -32.595832575523026, -32.31256529855564, -28.499039461072766, -32.38244504804389, -24.002622798342816, 0.09435955435037613, 0.6321291923522949, 1.4041799306869507, 12.810507774353027, 0.9994365569887941, -0.7249685152150044, -0.5275043970163634, -0.3578023543077403, -0.6666156117355668, -0.7970028110206197]",[1],J0910.7+3858,bll,bll,J0910.8+3859,bll,J0910.8+3859,bll,J0910.8+3859,bll,AGN,AGN,AGN,AGN
694,J0911.7+3349,bll,J0911.8+3351,"[2.148184299468994, 2.1503849029541016, 2.1439521312713623, 4.480589389801025, -32.979861576427346, -32.83968108659812, -28.214650737413812, -32.91939631749431, -23.780927526782012, 0.00019755683024413884, 0.0, 0.0, 5.881681442260742, 0.4537893754239449, -0.8484455128746928, -0.6817508808251405, -0.5097412402650638, -0.5393929221154645, -0.6794927369387942]",[1],J0911.8+3351,bll,bll,J0911.7+3349,bll,J0911.7+3349,bll,J0911.7+3349,bll,AGN,AGN,AGN,AGN
695,J0912.2+4127,fsrq,J0912.2+4126,"[2.441499948501587, 2.42952561378479, 2.3883938789367676, 337.52935791015625, -30.079054462446713, -29.885904648268646, -28.292885856799174, -29.98654809956126, -23.781902674048126, 0.020001130178570747, 1.4412246942520142, 0.521194577217102, 21.441638946533203, -0.5672845973885258, -0.5331656799517023, -0.7885746973627628, -0.5602420275769084, -0.5923035175508382, -0.9997534408478985]",[1],J0912.2+4126,fsrq,fsrq,J0912.2+4127,fsrq,J0912.2+4127,fsrq,J0912.2+4127,fsrq,AGN,AGN,AGN,AGN
696,J0912.2-2751,bcu,J0912.6-2757,"[2.565068244934082, 2.875150680541992, 0.7914735674858093, 3.443330764770508, -29.828440005167216, -29.289983464133815, -28.049986660832356, -29.04252217281906, -23.42885803057332, 0.5870528221130371, 0.0, 4.203603267669678, 8.852819442749023, -0.2933871600384036, -0.3883308044208507, -0.7951798178900537, -0.9634292257294489, -0.2802362886677075, -0.9954226040330248]",[1],J0912.6-2757,bcu,bcu,J0912.2-2751,bcu,J0912.2-2751,bcu,J0912.2-2751,bcu,AGN,AGN,AGN,AGN
697,J0912.2+2800,bll,J0912.4+2800,"[1.684942364692688, -0.13001304864883423, 0.0011611324734985828, 10.48367691040039, -35.125610386298966, -34.462711865694615, -28.631655164302142, -34.654632735771486, -24.20783236800998, 0.9627077579498291, 0.1912005990743637, 2.0633087158203125, 5.9749040603637695, 0.9490028116602703, 0.08662384693531724, -0.6741938214105553, -0.6265842645092278, 0.5633690947181035, -0.6152033604041364]",[1],J0912.4+2800,bll,bll,J0912.2+2800,bll,J0912.2+2800,bll,J0912.2+2800,bll,AGN,AGN,AGN,AGN
698,J0912.5+1556,bll,J0912.7+1556,"[1.7910594940185547, 1.8509289026260376, 1.9644699096679688, 8.711116790771484, -34.18408367839926, -34.11180610896189, -28.35178500014664, -34.20730271635923, -23.899584230640368, -0.06494725495576859, 0.2639213502407074, 1.2443617582321167, 9.639188766479492, 0.33119900005980873, -0.8871070286416383, -0.11146904660667524, -0.40189592453083967, -0.732543560630179, 0.3159668256879988]",[1],J0912.7+1556,bll,bll,J0912.5+1556,bll,J0912.5+1556,bll,J0912.5+1556,bll,AGN,AGN,AGN,AGN
699,J0912.9-2102,bll,J0912.9-2104,"[1.857032299041748, 1.836764931678772, 1.7926737070083618, 10.229801177978516, -32.75406405679932, -32.54692922254532, -27.773832156621168, -32.661140100845046, -23.3855879494188, 0.01693607121706009, 0.13083966076374054, 0.5751790404319763, 23.928234100341797, 0.9646367589567365, -0.6489783630159467, -0.4020526440947361, -0.4729358600289308, -0.5287692542519375, -0.09469806482230989]",[1],J0912.9-2104,bll,bll,J0912.9-2102,bll,J0912.9-2102,bll,J0912.9-2102,bll,AGN,AGN,AGN,AGN
700,J0914.8+5846,bll,J0915.0+5844,"[1.9978388547897339, 1.683669090270996, 0.9211570620536804, 6.951160430908203, -33.14664325266789, -32.7472739943009, -28.814705590310908, -32.771465560688135, -24.330905841495706, 0.27518489956855774, 0.10937387496232986, 2.034388542175293, 6.196120738983154, -0.5160568479558455, 0.9924846435834751, -0.502840987652797, -0.40692430023747744, -0.4222345265993561, -0.9999759972301526]",[1],J0915.0+5844,bcu,bll,J0914.8+5846,bll,J0914.8+5846,bll,J0914.8+5846,bll,AGN,AGN,AGN,AGN
701,J0915.9+2933,bll,J0915.8+2933,"[1.8866078853607178, 1.7400529384613037, 1.6476364135742188, 13.107158660888672, -30.839598495489618, -30.62695054797281, -27.485767930344867, -30.71839797827055, -23.10673647093255, 0.08312804996967316, 0.10344016551971436, 4.4802751541137695, 50.76387405395508, -0.3731624134883915, -0.3608471042404475, -0.3932486349998825, -0.4132768159396775, -0.5631182502555561, -0.5519215020020914]",[1],J0915.8+2933,bll,bll,J0915.9+2933,bll,J0915.9+2933,bll,J0915.9+2933,bll,AGN,AGN,AGN,AGN
702,J0916.7+3856,fsrq,J0916.3+3857,"[2.420128583908081, 2.3450326919555664, 2.197082281112671, 49.72035217285156, -30.584422980818143, -30.315186737659467, -28.252740805030804, -30.400435462957724, -23.829103960743904, 0.09826795011758804, 0.5228493809700012, 1.6934255361557007, 17.489208221435547, 0.9987613258750077, -0.4918515772695259, -0.6318996312300061, -0.7162602561260164, -0.8390720603596826, -0.30760018817652446]",[1],J0916.3+3857,fsrq,fsrq,J0916.7+3856,fsrq,J0916.7+3856,fsrq,J0916.7+3856,fsrq,AGN,AGN,AGN,AGN
703,J0917.3-0342,bll,J0917.3-0344,"[1.7222578525543213, 1.7270604372024536, 1.6943480968475342, 4.620615005493164, -34.72146505600355, -34.51113635367827, -28.398418696905807, -34.623207716368874, -23.95886617500841, -0.003963085822761059, 0.0, 0.053825244307518005, 6.3614182472229, -0.7304555584733862, -0.7960629628982002, -0.49816054070259946, -0.404034960462454, -0.41200828764874114, -0.2183563830094108]",[1],J0917.3-0344,bcu,bll,J0917.3-0342,bll,J0917.3-0342,bll,J0917.3-0342,bll,AGN,AGN,AGN,AGN
704,J0920.9+4441,fsrq,J0920.9+4442,"[2.3522233963012695, 2.2500481605529785, 2.0503041744232178, 1360.2371826171875, -29.247969597765053, -28.98471639806612, -27.07069317187337, -28.95175803775865, -22.857620383578475, 0.13226547837257385, 1.0781443119049072, 7.966039657592773, 51.6093635559082, -0.002846152072078202, -0.48132981607278724, -0.663129207177864, -0.7034524574623758, -0.8219124129666107, -0.9027582181965959]",[1],J0920.9+4442,fsrq,fsrq,J0920.9+4441,fsrq,J0920.9+4441,fsrq,J0920.9+4441,fsrq,AGN,AGN,AGN,AGN
705,J0920.9-2256,bll,J0921.0-2258,"[1.7726097106933594, 1.3307762145996094, 0.5401818156242371, 2.861372232437134, -34.17742340151092, -33.559653776946895, -28.346480074115988, -33.70292631174315, -23.93223720742266, 0.40166690945625305, 0.0, 2.4544363021850586, 7.740883827209473, 0.9649908084762367, -0.9804001490521247, 0.6284147295037179, -0.06513936196087865, -0.4608210907561196, -0.6197566004214661]",[1],J0921.0-2258,bcu,bll,J0920.9-2256,bll,J0920.9-2256,bll,J0920.9-2256,bll,AGN,AGN,AGN,AGN
706,J0921.6+6216,fsrq,J0921.8+6215,"[2.486051082611084, 2.3889670372009277, 2.192558765411377, 63.872554779052734, -28.781870735299147, -28.55209690212511, -28.101023274656214, -28.622909665819698, -23.599367623246238, 0.1034984141588211, 0.2627006471157074, 4.143192768096924, 41.43864822387695, -0.2986005642623515, -0.5938689497055627, -0.6809883942125369, -0.7861486206610886, -0.7345155739727147, -0.9999658350921403]",[1],J0921.8+6215,fsrq,fsrq,J0921.6+6216,fsrq,J0921.6+6216,fsrq,J0921.6+6216,fsrq,AGN,AGN,AGN,AGN
707,J0922.4-0528,fsrq,J0922.4-0529,"[2.2092201709747314, 2.1620185375213623, 2.0588560104370117, 19.32018280029297, -31.12452843549646, -30.87337775027295, -28.228231963303493, -30.978126211308286, -23.68513450656888, 0.05550737306475639, 0.30408430099487305, 1.2614905834197998, 17.17050552368164, 0.999994930080966, -0.39861520928083227, -0.5929541414898142, -0.6127096762370083, -0.5410141145793166, -0.778240810526687]",[1],J0922.4-0529,fsrq,fsrq,J0922.4-0528,fsrq,J0922.4-0528,fsrq,J0922.4-0528,fsrq,AGN,AGN,AGN,AGN
708,J0922.7-3959,bcu,J0922.8-3959,"[2.597745418548584, 2.5581259727478027, 2.24332857131958, 191.39895629882812, -29.380704517043203, -29.0723138329007, -27.749852315061357, -29.078457780741857, -23.512520474686287, 0.14311282336711884, 1.3886387348175049, 2.4126076698303223, 12.57947063446045, -0.34593490869668475, -0.615132053070899, -0.8183508578967897, -0.6320513225065292, -0.8061751611718482, -0.9999993328158172]",[1],J0922.8-3959,bcu,bcu,J0922.7-3959,fsrq,J0922.7-3959,fsrq,J0922.7-3959,fsrq,AGN,AGN,AGN,AGN
709,J0923.5+3852,bcu,J0923.1+3853,"[2.729844808578491, 2.618143081665039, 2.0917632579803467, 70.47016906738281, -28.54029014212102, -28.239256488044585, -28.047236450985487, -28.281687777224413, -23.91038558681675, 0.20099018514156342, 0.5258561372756958, 3.68481183052063, 18.952707290649414, -0.4866122151512564, -0.6845925198726528, -0.7811331616425747, -0.8753053027742065, -0.9999345777098478, -0.9625831594536437]",[1],J0923.1+3853,bcu,bcu,J0923.5+3852,bcu,J0923.5+3852,bcu,J0923.5+3852,bcu,AGN,AGN,AGN,AGN
710,J0923.5+4125,fsrq,J0923.3+4127,"[2.327362537384033, 2.1896800994873047, 2.020838499069214, 25.725421905517578, -29.772277822404895, -29.513413363828427, -28.12657242331304, -29.599551243407806, -23.631766353609564, 0.12545709311962128, 0.27195513248443604, 3.0055289268493652, 23.84981918334961, 0.9362544605178946, -0.3502217356740477, -0.663306607411733, -0.679285921474762, -0.7277815800439071, -0.8133360439898034]",[1],J0923.3+4127,fsrq,fsrq,J0923.5+4125,fsrq,J0923.5+4125,fsrq,J0923.5+4125,fsrq,AGN,AGN,AGN,AGN
711,J0924.0+2816,fsrq,J0924.0+2816,"[2.4432895183563232, 2.4554250240325928, 2.502734899520874, 78.0576400756836, -30.122633850929525, -29.96705369634146, -28.403407332032785, -30.135422352147646, -23.878348947236283, -0.03306850045919418, 0.7948582768440247, 0.7099537253379822, 15.142559051513672, 0.23407926074087224, -0.6020202989857932, -0.7749162575636264, -0.5282121078900758, -0.772197365562967, -0.5137622536668333]",[1],J0924.0+2816,fsrq,fsrq,J0924.0+2816,fsrq,J0924.0+2816,fsrq,J0924.0+2816,fsrq,AGN,AGN,AGN,AGN
712,J0924.0+0534,bll,J0924.2+0534,"[2.109584093093872, 2.107093572616577, 1.9995009899139404, 3.2242720127105713, -33.11186522924872, -32.9678933146639, -28.441750575603805, -33.0039690455961, -23.97246850208852, 0.004088114947080612, 0.0, 0.05394573509693146, 5.761019229888916, 0.9930481926542888, -0.7092497330826538, -0.7226272790767031, -0.465947660002028, -0.2083014852849366, -0.9991135044034029]",[1],J0924.2+0534,bll,bll,J0924.0+0534,bll,J0924.0+0534,bll,J0924.0+0534,bll,AGN,AGN,AGN,AGN
713,J0925.7+5959,bll,J0925.6+5959,"[1.8456952571868896, 1.7518141269683838, 1.5568777322769165, 6.663843631744385, -34.161927819937766, -33.81980276707205, -28.734886017233084, -33.93422771358621, -24.280534236508483, 0.08739711344242096, 0.0, 1.0352928638458252, 8.9495849609375, 0.9380803755318238, 0.194568480509067, -0.4917322672168513, -0.4636066409655773, -0.2233790254095588, -0.4607322966405731]",[1],J0925.6+5959,bll,bll,J0925.7+5959,bll,J0925.7+5959,bll,J0925.7+5959,bll,AGN,AGN,AGN,AGN
714,J0925.7+3126,bll,J0925.7+3129,"[2.155827760696411, 2.1011743545532227, 1.9210537672042847, 11.551812171936035, -31.973685532319955, -31.69721127954166, -28.540882658228686, -31.784471521641457, -24.027276579917764, 0.05694309622049332, 0.29240959882736206, 0.8449699282646179, 11.757397651672363, -0.7303660530903172, -0.2884633837027157, -0.6388198505029478, -0.40388173381853487, -0.7268355683311298, -0.6145185625009658]",[1],J0925.7+3129,bll,bll,J0925.7+3126,bll,J0925.7+3126,bll,J0925.7+3126,bll,AGN,AGN,AGN,AGN
715,J0926.4+5412,bll,J0926.3+5409,"[1.9275351762771606, 1.8862799406051636, 1.8105401992797852, 8.524775505065918, -33.41625643889275, -33.16873067008004, -28.673089569315817, -33.29381760759976, -24.215963376067148, 0.05486675351858139, 0.1993941217660904, 0.872048556804657, 9.265813827514648, 0.9864332891726603, -0.4914004245385211, -0.5082972231475618, -0.465595351190063, -0.6331154892041881, -0.2692721035144115]",[1],J0926.3+5409,bll,bll,J0926.4+5412,bll,J0926.4+5412,bll,J0926.4+5412,bll,AGN,AGN,AGN,AGN
716,J0928.1-2035,fsrq,J0927.9-2037,"[2.548427104949951, 2.4867866039276123, 2.228830337524414, 90.47203826904297, -29.40170626184761, -29.09793257422345, -28.20876606527321, -29.162779452001132, -23.77499855376355, 0.1144597977399826, 0.807149350643158, 2.0847179889678955, 14.260076522827148, 0.979619090362515, -0.6719422790580609, -0.740188887299851, -0.7444855172168737, -0.7713095293455029, -0.99983598503087]",[1],J0927.9-2037,fsrq,fsrq,J0928.1-2035,fsrq,J0928.1-2035,fsrq,J0928.1-2035,fsrq,AGN,AGN,AGN,AGN
717,J0928.5+4048,bll,J0928.5+4048,"[2.010751962661743, 1.8563843965530396, 1.523317813873291, 11.631401062011719, -33.057189686336734, -32.734487133963356, -28.630373008371908, -32.80024998349682, -24.13642235268667, 0.13799059391021729, 0.24065010249614716, 1.2082241773605347, 9.099145889282227, -0.5510690593686625, -0.8192394554378792, -0.25162462396116325, -0.4427940091188945, -0.48091861387455076, -0.999998876948001]",[1],J0928.5+4048,bll,bll,J0928.5+4048,bll,J0928.5+4048,bll,J0928.5+4048,bll,AGN,AGN,AGN,AGN
718,J0928.7-3529,bcu,J0928.9-3530,"[2.1644725799560547, 2.149474620819092, 2.163628339767456, 6.212272644042969, -32.1820807845419, -32.0081679092902, -28.117154621194732, -32.13965312636047, -23.659259495076068, 0.025083815678954124, 0.0, 0.43591994047164917, 8.114579200744629, 0.06769670460941818, -0.8380114334571617, -0.4487231609214947, -0.5093673953533717, -0.7711979089717576, -0.20640198459437767]",[1],J0928.9-3530,bcu,bcu,J0928.7-3529,bll,J0928.7-3529,bll,J0928.7-3529,bll,AGN,AGN,AGN,AGN
719,J0929.3+5014,bll,J0929.4+5013,"[2.0996975898742676, 2.063547134399414, 1.9819352626800537, 42.49055480957031, -31.384582509267087, -31.172403292577403, -28.0701473699524, -31.260830975427197, -23.54954545227433, 0.04268302768468857, 0.33908313512802124, 1.6496639251708984, 28.701231002807617, -0.6340705838166096, -0.34363222487745143, -0.5786609081303795, -0.5509690221794243, -0.47367007949502127, -0.8594812744044645]",[1],J0929.4+5013,bll,bll,J0929.3+5014,bll,J0929.3+5014,bll,J0929.3+5014,bll,AGN,AGN,AGN,AGN
720,J0930.3+8612,bll,J0930.2+8612,"[2.218637704849243, 2.131864547729492, 1.9859706163406372, 45.30353927612305, -31.41519195666404, -31.11263775749287, -28.115223521019267, -31.217403975890612, -23.628676085879558, 0.0824224129319191, 0.3715822398662567, 1.9437528848648071, 24.756195068359375, -0.24476787396826594, -0.5014523970409617, -0.6152095299889221, -0.5383038081174858, -0.7816427629014141, -0.572028484476649]",[1],J0930.2+8612,bll,bll,J0930.3+8612,bll,J0930.3+8612,bll,J0930.3+8612,bll,AGN,AGN,AGN,AGN
721,J0930.5+4951,bll,J0930.0+4951,"[1.7852059602737427, 1.7452644109725952, 1.6347366571426392, 12.340572357177734, -34.715028924375794, -34.47857954407606, -28.471414045416985, -34.565566913329164, -23.955025701632415, 0.037007130682468414, 0.30271974205970764, 0.4979569911956787, 8.214393615722656, 0.804368028954549, -0.8654335194657042, -0.2804246111202762, -0.46590580434383083, -0.5350502370440886, 0.12114393431314104]",[1],J0930.0+4951,bll,bll,J0930.5+4951,bll,J0930.5+4951,bll,J0930.5+4951,bll,AGN,AGN,AGN,AGN
722,J0931.2-1906,PSR,J0930.9-1904,"[2.0743134021759033, 2.191526174545288, 2.2739106498192996e-05, 2.7813029289245605, -32.36810492999829, -31.605166928471778, -28.988482427033563, -31.811303740484828, -23.65541948609861, 0.9998027086257935, 0.0, 5.549249172210693, 9.752714157104492, -0.9999968275098, 0.999909516737966, 0.5159515261039948, -0.6767551924048776, -0.9173363824648889, -0.9914766346624557]",[0],J0930.9-1904,PSR,PSR,J0931.2-1906,PSR,J0931.2-1906,MSP,J0931.2-1906,MSP,PSR,PSR,PSR,PSR
723,J0934.3+3926,bll,J0934.1+3933,"[2.539625883102417, 2.5202388763427734, 2.3818647861480713, 9.660637855529785, -30.107377814779632, -29.92121900640981, -28.432644215916298, -29.96624530460049, -24.04752102267023, 0.020528698340058327, 0.1800910383462906, 0.3138331174850464, 12.634750366210938, 0.004194546236840534, -0.6325839216759345, -0.7149742581232843, -0.6285628637230011, -0.7953474326479648, -0.9997648296384584]",[1],J0934.1+3933,bll,bll,J0934.3+3926,bll,J0934.3+3926,bll,J0934.3+3926,bll,AGN,AGN,AGN,AGN
724,J0937.1+5008,fsrq,J0937.7+5008,"[2.4227490425109863, 2.3468165397644043, 2.1135828495025635, 34.90349197387695, -30.647055073438317, -30.401746967489427, -28.48350521551114, -30.448932253013773, -24.02691199851073, 0.08718488365411758, 0.5069149136543274, 1.3528839349746704, 14.648085594177246, -0.143685480536689, -0.4929524156439404, -0.7062826287775181, -0.6607722664461115, -0.9997483002732064, -0.7845141261999141]",[1],J0937.7+5008,fsrq,fsrq,J0937.1+5008,fsrq,J0937.1+5008,fsrq,J0937.1+5008,fsrq,AGN,AGN,AGN,AGN
725,J0939.3-1732,bcu,J0939.2-1732,"[2.192490577697754, 2.1026172637939453, 1.7291170358657837, 42.358970642089844, -31.18889338532045, -30.841071898743213, -28.178444629303996, -30.863654222228462, -23.648190543723754, 0.1523900032043457, 0.6666867733001709, 2.3682618141174316, 13.337728500366211, -0.2133193928916459, -0.6083549926537118, -0.4931715345123124, -0.636230268581503, -0.6774338190345042, -0.9366069857266466]",[1],J0939.2-1732,bcu,bcu,J0939.3-1732,bcu,J0939.3-1732,bcu,J0939.3-1732,bcu,AGN,AGN,AGN,AGN
726,J0940.0-2828,bcu,J0939.9-2831,"[2.4114038944244385, 2.3653643131256104, 1.9723738431930542, 50.09406280517578, -30.023626579529658, -29.601082025229303, -28.107576269933936, -29.72191986612038, -23.628317200453903, 0.13622038066387177, 0.639845073223114, 2.1382830142974854, 14.32988452911377, 0.03824168956005989, -0.5967683939350695, -0.6651595245433062, -0.6588273607221588, -0.9999999999504928, 0.9999999979745698]",[1],J0939.9-2831,bcu,bcu,J0940.0-2828,bcu,J0940.0-2828,bcu,J0940.0-2828,bcu,AGN,AGN,AGN,AGN
727,J0940.7-6105,bcu,J0940.7-6102,"[2.4999887943267822, 2.4179747104644775, 1.8537720441818237, 23.586259841918945, -30.462718442182684, -30.107795528559198, -27.750967288075415, -30.15309558602149, -23.566337981042068, 0.20882824063301086, 0.6555209159851074, 2.360849618911743, 7.212188243865967, -0.999835099121424, 0.9988579268925453, -0.668758421486388, -0.7460351028121606, -0.9977475843040258, -0.9997312190137259]",[1],J0940.7-6102,bcu,bcu,J0940.7-6105,bcu,J0940.7-6105,bcu,J0940.7-6105,bcu,AGN,AGN,AGN,AGN
728,J0940.9-1335,fsrq,J0940.9-1337,"[2.3938212394714355, 2.333768606185913, 2.104360818862915, 154.057861328125, -29.77223826372521, -29.466489807300967, -28.12343003194049, -29.549229679685908, -23.567198707525908, 0.10937205702066422, 0.8498880863189697, 2.7866110801696777, 20.586143493652344, 0.020385120875707798, -0.5540502931728775, -0.6357299822712184, -0.7868372399208716, -0.6904400893041835, -0.9999482452767298]",[1],J0940.9-1337,fsrq,fsrq,J0940.9-1335,fsrq,J0940.9-1335,fsrq,J0940.9-1335,fsrq,AGN,AGN,AGN,AGN
729,J0941.9+2724,bll,J0941.6+2727,"[2.413160800933838, 2.3524675369262695, 2.0884530544281006, 9.469717025756836, -30.25338948845811, -29.892293368770783, -28.407733326112254, -29.965734775897538, -23.903794333535977, 0.13768650591373444, 0.17029276490211487, 2.064984083175659, 13.267324447631836, 0.4522783143450756, -0.39894782643304705, -0.6603224676706494, -0.822457209902578, -0.3939635949956646, -0.9996461250946179]",[1],J0941.6+2727,fsrq,bll,J0941.9+2724,bll,J0941.9+2724,bll,J0941.9+2724,bll,AGN,AGN,AGN,AGN
730,J0942.3-0800,bll,J0942.1-0756,"[2.1429238319396973, 1.9509657621383667, 1.6326005458831787, 125.75723266601562, -30.440485359206697, -30.103815717033697, -28.04632131049883, -30.19443907659184, -23.351580068511147, 0.18314100801944733, 0.7050967812538147, 4.490384101867676, 24.164791107177734, 0.9999965533233397, -0.30495027757195725, -0.5031081444252757, -0.5987726982296216, -0.703961269310405, -0.9998806555241997]",[1],J0942.1-0756,bll,bll,J0942.3-0800,bll,J0942.3-0800,bll,J0942.3-0800,bll,AGN,AGN,AGN,AGN
731,J0945.7+5759,bll,J0945.9+5756,"[2.1531879901885986, 1.8791964054107666, 1.3719360828399658, 27.020263671875, -31.670153470858764, -31.339932181232548, -28.465268987143407, -31.3858363063843, -23.836282992280598, 0.25244924426078796, 0.5142616033554077, 3.2304441928863525, 15.430665969848633, 0.788004415225643, -0.19297196053720012, -0.442854681141014, -0.48087074768758686, -0.828214351277407, -0.9995602006849996]",[1],J0945.9+5756,bll,bll,J0945.7+5759,bll,J0945.7+5759,bll,J0945.7+5759,bll,AGN,AGN,AGN,AGN
732,J0946.2+0104,bll,J0946.2+0103,"[1.8961379528045654, 1.7702642679214478, 1.27097749710083, 5.320071220397949, -34.242664307146455, -33.90782523401246, -28.22398707232204, -33.90067222518489, -23.641100006937258, 0.10130729526281357, 0.0, 0.82951819896698, 7.525561809539795, -0.8495881365928905, -0.7932799492908479, -0.741571796322355, -0.28108528673848937, -0.03977445599023051, -0.7366126864344672]",[1],J0946.2+0103,bll,bll,J0946.2+0104,bll,J0946.2+0104,bll,J0946.2+0104,bll,AGN,AGN,AGN,AGN
733,J0946.6+1016,fsrq,J0946.5+1017,"[2.3969268798828125, 2.282477617263794, 2.170752763748169, 176.48301696777344, -28.29248578812659, -28.06093651691781, -27.808467840329, -28.1607890743548, -23.174937632987124, 0.10096175223588943, 0.36807793378829956, 4.448100566864014, 46.5355339050293, -0.1699415514147323, -0.5259249656000947, -0.7086151846656339, -0.7330326064830694, -0.7478876786359584, -0.8310130423582011]",[1],J0946.5+1017,fsrq,fsrq,J0946.6+1016,fsrq,J0946.6+1016,fsrq,J0946.6+1016,fsrq,AGN,AGN,AGN,AGN
734,J0947.1-2541,bll,J0947.1-2542,"[1.83768892288208, 1.674955129623413, 1.5929465293884277, 17.322168350219727, -32.02083309026544, -31.73874653010089, -27.784757747356643, -31.86590474709845, -23.392863472499574, 0.10929132997989655, 0.27037274837493896, 3.1788134574890137, 22.179838180541992, 0.9971962918590491, 0.6025384025037728, -0.10678272992410069, -0.48278455295096784, -0.48568048372376393, -0.45366446107965364]",[1],J0947.1-2542,bcu,bll,J0947.1-2541,bll,J0947.1-2541,bll,J0947.1-2541,bll,AGN,AGN,AGN,AGN
735,J0948.9+0022,NLSY1,J0948.8+0021,"[2.635228157043457, 2.461533784866333, 2.1854517459869385, 237.79183959960938, -26.521575968653735, -26.275637615001322, -27.60641104761434, -26.35616801714022, -22.991737556795997, 0.15917767584323883, 0.27987563610076904, 9.80772590637207, 61.04338836669922, -0.17271854904301306, -0.6354242537574004, -0.7964412460519671, -0.8397664211856288, -0.9999927732247852, -0.566920869831052]",[1],J0948.8+0021,NLSY1,NLSY1,J0948.9+0022,NLSY1,J0948.9+0022,NLSY1,J0948.9+0022,NLSY1,AGN,AGN,AGN,AGN
736,J0949.0+4038,fsrq,J0948.6+4041,"[2.5512609481811523, 2.602255344390869, 2.5977375507354736, 27.977540969848633, -30.46914624028187, -30.426961640301748, -28.447187453185595, -30.47570685784529, -24.155664787188993, -0.07245949655771255, 0.594756543636322, 1.4391202926635742, 9.092087745666504, -0.15588882473983118, -0.6600431475412953, -0.8146424237115887, -0.5270448357871069, -0.6494910156580228, -0.5609739511280298]",[1],J0948.6+4041,fsrq,fsrq,J0949.0+4038,fsrq,J0949.0+4038,fsrq,J0949.0+4038,fsrq,AGN,AGN,AGN,AGN
737,J0950.2+4553,bll,J0950.1+4554,"[1.9947694540023804, 1.984186053276062, 1.9060823917388916, 4.3983941078186035, -32.465644249318274, -32.297808415098416, -28.40589530634082, -32.37240802066355, -23.946626600809264, 0.007960649207234383, 0.0, 0.20543766021728516, 17.592626571655273, 0.9761828543859049, -0.43037262695664574, -0.6139535290728351, -0.34935535058095607, -0.560281579709144, -0.45677446162415575]",[1],J0950.1+4554,bll,bll,J0950.2+4553,bll,J0950.2+4553,bll,J0950.2+4553,bll,AGN,AGN,AGN,AGN
738,J0953.0-0840,bll,J0953.0-0839,"[1.9052739143371582, 1.8662981986999512, 1.771554946899414, 37.1572265625, -31.383636312799432, -31.149497621179016, -27.421871903957825, -31.25070128272789, -23.089111726155632, 0.032449871301651, 0.2129884511232376, 1.8376836776733398, 50.32630920410156, -0.294836903745354, -0.4488257765949081, -0.4313181032209347, -0.4747430769910245, -0.3892090208989847, -0.5967418123730173]",[1],J0953.0-0839,bll,bll,J0953.0-0840,bll,J0953.0-0840,bll,J0953.0-0840,bll,AGN,AGN,AGN,AGN
739,J0953.4-7659,bcu,J0953.1-7657c,"[1.9080251455307007, 1.8304119110107422, 1.5587513446807861, 5.333709716796875, -34.404881952132776, -33.930391118952414, -28.242380749788804, -34.20352093143075, -23.634788380000717, 0.04312023147940636, 0.0, 0.23236596584320068, 6.898496627807617, 0.9891392546204362, -0.836684276658178, -0.7517937396755279, 0.12504814282684368, -0.7082614604142229, 0.04387510930817011]",[1],J0953.1-7657c,bcu,bcu,J0953.4-7659,bcu,J0953.4-7659,bll,J0953.4-7659,bll,AGN,AGN,AGN,AGN
740,J0954.2+4913,bll,J0954.2+4913,"[1.5883044004440308, 1.384056568145752, 0.8268829584121704, 4.457534313201904, -34.94885088639421, -34.39930017460136, -28.462772416268443, -34.49858708059974, -24.268388599894287, 0.21036963164806366, 0.0, 2.6321370601654053, 11.303840637207031, -0.9801027331502346, 0.9998055454441808, -0.5366394051306994, -0.0895149954317713, -0.24544677704529422, -0.3211791153803321]",[1],J0954.2+4913,bll,bll,J0954.2+4913,bll,J0954.2+4913,bll,J0954.2+4913,bll,AGN,AGN,AGN,AGN
741,J0955.4-6151,PSR,J0955.6-6148,"[2.3400638103485107, 2.14890718460083, 1.3051236867904663, 10.179580688476562, -30.669535888133577, -30.240453929963607, -27.849243625356586, -30.284483731818096, -23.2045005961843, 0.33391061425209045, 0.14770379662513733, 5.143029689788818, 16.61298179626465, 0.9915218170331036, -0.30386253070756686, -0.5464262735809761, -0.6325014846344931, -0.9432682830426734, -0.3592449650809049]",[0],J0955.6-6148,psr,PSR,J0955.4-6151,PSR,J0955.4-6151,MSP,J0955.4-6151,MSP,AGN,AGN,AGN,AGN
742,J0956.7+2516,fsrq,J0956.6+2515,"[2.529310703277588, 2.476651906967163, 2.236955404281616, 60.73382568359375, -29.143120724771606, -28.869897511426046, -28.167954871054214, -28.923662960782256, -23.63742336166587, 0.08600080758333206, 0.42638158798217773, 2.404876232147217, 23.73447036743164, -0.35251236004229936, -0.6396288370143495, -0.6976335149604607, -0.7939615251576796, -0.8948559067541774, -0.9997493129045585]",[1],J0956.6+2515,fsrq,fsrq,J0956.7+2516,fsrq,J0956.7+2516,fsrq,J0956.7+2516,fsrq,AGN,AGN,AGN,AGN
743,J0957.3-1348,fsrq,J0957.5-1351,"[2.5062599182128906, 2.357907295227051, 2.051147699356079, 81.33142852783203, -28.638097397546556, -28.365523629762777, -28.012794258048984, -28.42849174850611, -23.507780154962497, 0.1418156921863556, 0.6010532975196838, 3.2473535537719727, 19.939985275268555, -0.11134112951014585, -0.6119663317543346, -0.6456099807148086, -0.7777851409846099, -0.9997832641277883, -0.6075024119349309]",[1],J0957.5-1351,fsrq,fsrq,J0957.3-1348,fsrq,J0957.3-1348,fsrq,J0957.3-1348,fsrq,AGN,AGN,AGN,AGN
744,J0957.6+5523,fsrq,J0957.6+5523,"[2.017378807067871, 1.901318073272705, 1.819667100906372, 32.58469772338867, -29.142618394654317, -28.936152036339703, -27.06027966307566, -29.03561684167012, -22.54674272138964, 0.07667526602745056, 0.06330572068691254, 9.9755277633667, 163.0994110107422, -0.029632563830579665, -0.3921926748563014, -0.5203295705538035, -0.5117601697204843, -0.631545762217889, -0.679367499667157]",[1],J0957.6+5523,fsrq,fsrq,J0957.6+5523,fsrq,J0957.6+5523,fsrq,J0957.6+5523,fsrq,AGN,AGN,AGN,PSR
745,J0958.0+4728,fsrq,J0957.4+4728,"[2.6412999629974365, 2.30928111076355, 1.6557412147521973, 102.37500762939453, -28.77193636401475, -28.373692760740873, -28.19013504820453, -28.441187637992204, -23.88807230352845, 0.3792804777622223, 0.7770094275474548, 4.631170749664307, 18.878131866455078, 0.9755101415542554, -0.39972749460367063, -0.8144292090953004, -0.7849349720068584, -0.9999239929959742, 0.3708627111787234]",[1],J0957.4+4728,fsrq,fsrq,J0958.0+4728,fsrq,J0958.0+4728,fsrq,J0958.0+4728,fsrq,AGN,AGN,AGN,AGN
746,J0958.0-0319,bll,J0958.3-0318,"[1.5782243013381958, 0.46660178899765015, 0.0028541197534650564, 10.669804573059082, -35.818711871678126, -34.90513291443792, -28.620608198569023, -35.25475264682964, -24.233270118385224, 0.967542290687561, 0.3859667479991913, 2.4236221313476562, 5.2854204177856445, -0.824005296347274, 0.9557295667190209, -0.937312823480473, -0.1740786095662798, 0.6171543892228069, -0.5853152107288113]",[1],J0958.3-0318,bll,bll,J0958.0-0319,bll,J0958.0-0319,bll,J0958.0-0319,bll,AGN,AGN,AGN,AGN
747,J0958.1-6753,bcu,J0958.4-6752,"[2.039280891418457, 2.0682108402252197, 2.1431477069854736, 11.495491027832031, -33.75478701854013, -33.72212230427399, -28.32741272035057, -33.763269370056626, -23.807995773605292, -0.058233629912137985, 0.48554736375808716, 0.9340256452560425, 5.107470512390137, 0.09916286392784918, -0.7637479550126257, -0.47389300986361604, -0.5524305302938919, -0.8187263269817779, 0.3389897007681814]",[1],J0958.4-6752,bcu,bcu,J0958.1-6753,bcu,J0958.1-6753,bcu,J0958.1-6753,bcu,AGN,AGN,AGN,AGN
748,J0958.4-2441,bcu,J0958.6-2447,"[2.140538454055786, 1.877337098121643, 1.3998709917068481, 5.085449695587158, -31.25664661193438, -30.89522519109643, -28.196903880605895, -30.955106939342016, -23.554118146551723, 0.23619034886360168, 0.0, 3.0446135997772217, 12.501006126403809, -0.1574988829866455, -0.5088172167040236, -0.37440952209901196, -0.5696103234729321, -0.7184872133269515, -0.9999018597559002]",[1],J0958.6-2447,bcu,bcu,J0958.4-2441,bcu,J0958.4-2441,bcu,J0958.4-2441,bcu,AGN,AGN,AGN,AGN
749,J0958.7+6534,BLL,J0958.6+6534,"[2.209054946899414, 2.1538612842559814, 2.122016429901123, 2012.7274169921875, -29.163908529830582, -29.011959687145445, -27.61426148175546, -29.10427619750633, -23.110361976328964, 0.039383262395858765, 1.0918424129486084, 3.371526002883911, 76.52825164794922, -0.1447303653194084, -0.533809839961317, -0.6112436178403883, -0.5972459282855732, -0.6881931888678472, -0.6033523761494926]",[1],J0958.6+6534,bll,BLL,J0958.7+6534,BLL,J0958.7+6534,BLL,J0958.7+6534,BLL,AGN,AGN,AGN,AGN
750,J0959.4+2120,bll,J0959.7+2124,"[2.192936897277832, 2.1683359146118164, 2.1290204524993896, 16.71820831298828, -32.155605771933104, -31.965008421514565, -28.39178470282847, -32.0834980896773, -23.93690862417806, 0.02485181763768196, 0.571229875087738, 0.25338926911354065, 7.671131610870361, 0.9971464615373851, -0.6561790401206105, -0.5225050820093723, -0.6119139669666794, -0.696969737173529, -0.2106507373132383]",[1],J0959.7+2124,bll,bll,J0959.4+2120,bll,J0959.4+2120,bll,J0959.4+2120,bll,AGN,AGN,AGN,AGN
751,J1001.1+2911,bll,J1001.0+2913,"[2.22548246383667, 2.19258451461792, 2.138136386871338, 187.30020141601562, -30.507742385761368, -30.23789658812298, -28.2069201363598, -30.369834098380508, -23.60570982428046, 0.06214180961251259, 0.9082173705101013, 1.8995431661605835, 26.041217803955078, -0.16377629577448435, -0.5335985090344181, -0.6275545189773025, -0.6592161319369604, -0.5682345126143649, -0.4755327634937497]",[1],J1001.0+2913,bll,bll,J1001.1+2911,bll,J1001.1+2911,bll,J1001.1+2911,bll,AGN,AGN,AGN,AGN
752,J1002.5+2215,bll,J1002.3+2220,"[1.8344863653182983, 1.7692807912826538, 1.6440666913986206, 2.3621864318847656, -33.90436381798425, -33.65914052899203, -28.367543246685972, -33.74837787074293, -23.910489195068752, 0.054995715618133545, 0.0, 0.7564858794212341, 9.044218063354492, -0.7909223779195429, -0.6622967578192508, -0.5639460346851034, -0.29836286012637814, -0.6256046384004902, -0.12130111615737961]",[1],J1002.3+2220,bll,bll,J1002.5+2215,bll,J1002.5+2215,bll,J1002.5+2215,bll,AGN,AGN,AGN,AGN
753,J1003.6+2605,bll,J1003.6+2608,"[2.259220838546753, 2.1810903549194336, 1.9938294887542725, 5.041545867919922, -31.609276737090017, -31.348625259914726, -28.477630658526895, -31.431789878948443, -24.00684498190957, 0.0872831791639328, 0.0, 0.997144341468811, 8.14719009399414, -0.7261986703841954, -0.5854831024962355, -0.5545266467916645, -0.7298039747561389, -0.3905021223754864, -0.999886537623211]",[1],J1003.6+2608,bcu,bll,J1003.6+2605,bll,J1003.6+2605,bll,J1003.6+2605,bll,AGN,AGN,AGN,AGN
754,J1006.7-2159,fsrq,J1006.7-2159,"[2.4417190551757812, 2.426130533218384, 2.403416872024536, 96.91277313232422, -29.270082617778446, -29.0454825911899, -27.988633625644038, -29.183870892997486, -23.419417639024093, 0.03151747211813927, 0.4775049388408661, 1.0894914865493774, 25.777055740356445, -0.26427935808418035, -0.5990089862100229, -0.7564140460262345, -0.6610723702034784, -0.6160609860905802, -0.6832842836722919]",[1],J1006.7-2159,fsrq,fsrq,J1006.7-2159,fsrq,J1006.7-2159,fsrq,J1006.7-2159,fsrq,AGN,AGN,AGN,AGN
755,J1007.0+3455,bll,J1006.7+3453,"[1.8136491775512695, 1.6937196254730225, 1.4355603456497192, 9.217771530151367, -33.67860838080062, -33.30479404583354, -28.450054390504548, -33.41906190933304, -24.083597677064713, 0.12966711819171906, 0.2810279428958893, 1.7768563032150269, 10.075322151184082, 0.7979322780283482, -0.7589545051836188, -0.0998367812942807, -0.33661360438325694, -0.566708485576454, -0.2729420171832041]",[1],J1006.7+3453,bll,bll,J1007.0+3455,bll,J1007.0+3455,bll,J1007.0+3455,bll,AGN,AGN,AGN,AGN
756,J1007.6-3332,fsrq,J1007.4-3334,"[2.4509923458099365, 2.288789749145508, 1.905363917350769, 307.00054931640625, -28.964775194136916, -28.625217833845525, -27.840927834786342, -28.680422182490762, -23.32614018393283, 0.19715352356433868, 0.9162783026695251, 5.160494327545166, 26.95488166809082, 0.09703499181702949, -0.45742769440384395, -0.7128643646394324, -0.755457651402672, -0.8657123234296389, -0.9990313918963004]",[1],J1007.4-3334,fsrq,fsrq,J1007.6-3332,fsrq,J1007.6-3332,fsrq,J1007.6-3332,fsrq,AGN,AGN,AGN,AGN
757,J1008.0+0620,bll,J1007.9+0621,"[2.171865463256836, 2.1317672729492188, 2.0338664054870605, 35.73009490966797, -30.823261520954226, -30.59205595215078, -27.92871369609206, -30.68550847844502, -23.3752766997499, 0.05891153961420059, 0.29662755131721497, 2.142479419708252, 28.85341453552246, -0.570507575544795, -0.3767752850549485, -0.6009746371676884, -0.6129994512726851, -0.5426986175509585, -0.7285956228492478]",[1],J1007.9+0621,bll,bll,J1008.0+0620,bll,J1008.0+0620,bll,J1008.0+0620,bll,AGN,AGN,AGN,AGN
758,J1008.0+0028,bcu,J1007.8+0026,"[2.205639600753784, 2.1093084812164307, 1.8251657485961914, 5.255115985870361, -31.534272982480974, -31.264141897966454, -28.341902470039678, -31.294801341381767, -23.83158197535399, 0.08244415372610092, 0.0, 1.0546783208847046, 10.193096160888672, 0.959599606837247, -0.5735251694273653, -0.47229462323439997, -0.49154777136490946, -0.8155052730914467, -0.9988975457656889]",[1],J1007.8+0026,bcu,bcu,J1008.0+0028,bcu,J1008.0+0028,bll,J1008.0+0028,bll,AGN,AGN,AGN,AGN
759,J1008.7-2909,bcu,J1008.9-2910,"[2.43060040473938, 2.3612709045410156, 1.622196912765503, 21.09222984313965, -30.502303800057977, -30.14023157897026, -28.29101621690787, -30.149496070741275, -23.90507370813089, 0.23435574769973755, 0.7533553838729858, 2.5595593452453613, 7.283478736877441, 0.9996983096408704, -0.6711849608079958, -0.6936198246514279, -0.6364368158822638, -0.9999982127224392, 0.7335079483511505]",[1],J1008.9-2910,bcu,bcu,J1008.7-2909,bcu,J1008.7-2909,bcu,J1008.7-2909,bcu,AGN,AGN,AGN,AGN
760,J1008.8-3139,bcu,J1009.0-3137,"[2.2921054363250732, 2.285599946975708, 2.219735622406006, 6.96981143951416, -31.344414749647445, -31.18964703920067, -27.98247532694495, -31.24358585946482, -23.58828083440723, 0.022586163133382797, 0.0, 0.4680681526660919, 9.308887481689453, -0.3990988551945334, -0.6661569641135021, -0.591168448298182, -0.6424785688429876, -0.4689368488232414, -0.809503717832405]",[1],J1009.0-3137,bcu,bcu,J1008.8-3139,bll,J1008.8-3139,bll,J1008.8-3139,bll,AGN,AGN,AGN,AGN
761,J1010.2-3119,bll,J1010.2-3120,"[1.7540262937545776, 1.7271941900253296, 1.7204622030258179, 34.16292953491211, -33.766229224761965, -33.55302045698124, -27.835154323822707, -33.673493360584715, -23.426823206785592, 0.023142563179135323, 0.5673802495002747, 0.6367570161819458, 20.72964096069336, -0.40153385911968287, 0.1666819941868027, -0.699037345632319, 0.02912506361378181, -0.6337996526328081, -0.2552074734458913]",[1],J1010.2-3120,bll,bll,J1010.2-3119,bll,J1010.2-3119,bll,J1010.2-3119,bll,AGN,AGN,AGN,AGN
762,J1010.8-0158,fsrq,J1010.8-0158,"[2.4513747692108154, 2.417698383331299, 2.284369468688965, 23.782255172729492, -30.0622462678302, -29.836439073577996, -28.256584641081805, -29.91574960812056, -23.79207938936718, 0.05116669088602066, 0.4675501883029938, 0.8743610978126526, 10.278613090515137, -0.319565911229726, -0.6732500597474781, -0.7137536553310632, -0.5071578061639799, -0.9999997005583324, 0.9983239338535194]",[1],J1010.8-0158,fsrq,fsrq,J1010.8-0158,fsrq,J1010.8-0158,fsrq,J1010.8-0158,fsrq,AGN,AGN,AGN,AGN
763,J1012.1-4235,PSR,J1012.0-4235,"[2.214402198791504, 2.100212335586548, 1.2934880256652832, 9.748080253601074, -31.62754959270475, -31.13366820065143, -28.311408331982854, -31.235297127525214, -23.374484509310875, 0.29861465096473694, 0.14128749072551727, 4.327661037445068, 15.296304702758789, 0.9999355655646811, -0.5484139642997359, -0.4867354138104251, -0.5368559550249064, -0.934431433569304, -0.9999398430311883]",[0],J1012.0-4235,psr,PSR,J1012.1-4235,PSR,J1012.1-4235,MSP,J1012.1-4235,MSP,AGN,AGN,AGN,AGN
764,J1012.3+0629,bll,J1012.2+0631,"[2.089876413345337, 2.00854754447937, 1.8190758228302002, 14.80876636505127, -31.559299666460532, -31.297716675717176, -27.960510841837646, -31.36985003581358, -23.449243356030063, 0.09601881355047226, 0.2317277491092682, 2.451122760772705, 21.756549835205078, 0.9530287963948156, -0.611719766684664, -0.5330836451526874, -0.5422598268081754, -0.48962497410099715, -0.8579353975879617]",[1],J1012.2+0631,bll,bll,J1012.3+0629,bll,J1012.3+0629,bll,J1012.3+0629,bll,AGN,AGN,AGN,AGN
765,J1012.7+4228,agn,J1012.7+4229,"[1.7636054754257202, 1.7050796747207642, 1.638975739479065, 15.244550704956055, -33.72964921511677, -33.437136348245765, -28.302968500826882, -33.57822194754605, -24.00214864579638, 0.04696210101246834, 0.3981751501560211, 0.8129415512084961, 14.256799697875977, 0.19562421959680565, -0.5899980606721752, -0.44475411643196194, -0.2566734473253213, -0.4974258579466745, -0.4388162421227606]",[1],J1012.7+4229,bll,agn,J1012.7+4228,agn,J1012.7+4228,bll,J1012.7+4228,bll,AGN,AGN,AGN,AGN
766,J1013.7+3444,fsrq,J1013.5+3440,"[2.60042405128479, 2.5407626628875732, 2.215463876724243, 35.775291442871094, -29.80441853869561, -29.527011859419343, -28.340319944946685, -29.52267294680503, -24.048330517599652, 0.13775348663330078, 0.5949139595031738, 1.8703527450561523, 11.011012077331543, -0.335606078480846, -0.6548308617781994, -0.7408053583079747, -0.81515350110363, -0.9107700599458224, -0.9974985035759675]",[1],J1013.5+3440,fsrq,fsrq,J1013.7+3444,fsrq,J1013.7+3444,fsrq,J1013.7+3444,fsrq,AGN,AGN,AGN,AGN
767,J1014.3+4112,bcu,J1014.2+4115,"[2.4023890495300293, 2.4185891151428223, 2.3095428943634033, 20.316829681396484, -31.085342022439008, -30.942302193001478, -28.563056071597373, -30.97320990627271, -24.155178571563884, -0.02019072324037552, 0.5582835078239441, 0.30348238348960876, 8.811638832092285, -0.4447669562798778, -0.5695674981713296, -0.7275072209523054, -0.49886333808846667, -0.5574289928532679, -0.9999100085716583]",[1],J1014.2+4115,bcu,bcu,J1014.3+4112,bcu,J1014.3+4112,bcu,J1014.3+4112,bcu,AGN,AGN,AGN,AGN
768,J1014.9-4508,bcu,J1015.2-4512,"[2.260756731033325, 2.2351908683776855, 2.1850242614746094, 8.328439712524414, -31.438818265970216, -31.188796023799753, -28.108870899569123, -31.352088057790418, -23.671454866017072, 0.05999321490526199, 0.2083607017993927, 1.1152414083480835, 10.04475212097168, 0.9889930577046729, -0.05779221479417335, -0.5583922462561457, -0.7792918720146923, -0.3487357078670338, -0.6102882169068633]",[1],J1015.2-4512,bcu,bcu,J1014.9-4508,bcu,J1014.9-4508,bcu,J1014.9-4508,bcu,AGN,AGN,AGN,AGN
769,J1015.0+4926,bll,J1015.0+4925,"[1.8432412147521973, 1.7587569952011108, 1.740448236465454, 195.5973358154297, -29.8181847417709, -29.67723023950678, -26.85180342374419, -29.767094113480574, -22.57185404354976, 0.041362933814525604, 0.21063750982284546, 4.504727840423584, 145.56991577148438, -0.09977328119764675, -0.32882954082066346, -0.431985248577617, -0.41088728369619437, -0.5219851306191952, -0.41196464892739015]",[1],J1015.0+4925,bll,bll,J1015.0+4926,bll,J1015.0+4926,bll,J1015.0+4926,bll,AGN,AGN,AGN,AGN
770,J1015.6+5553,fsrq,J1016.1+5555,"[2.52299165725708, 2.4613125324249268, 2.1319408416748047, 44.911319732666016, -30.280666475719183, -29.9962498272383, -28.557836861060167, -30.05793284632388, -24.18554850441421, 0.12298157811164856, 0.5998485088348389, 1.969372272491455, 12.61402702331543, 0.9104898809803065, -0.15666362734000672, -0.757068698197757, -0.627831035062114, -0.9999999930439305, 0.9957287780286315]",[1],J1016.1+5555,bcu,fsrq,J1015.6+5553,fsrq,J1015.6+5553,fsrq,J1015.6+5553,fsrq,AGN,AGN,AGN,AGN
771,J1016.0+0512,fsrq,J1016.0+0513,"[2.181419849395752, 2.16947078704834, 2.1215171813964844, 413.7868347167969, -30.94186982137324, -30.78138167901474, -27.79368064843974, -30.84998708671369, -23.263304729545634, 0.022959904745221138, 1.5950084924697876, 0.9562318325042725, 31.216106414794922, 0.9960679651329054, -0.5957323343784687, -0.68200815923138, -0.5059111957730634, -0.5689781475039054, -0.8360471782728893]",[1],J1016.0+0513,fsrq,fsrq,J1016.0+0512,fsrq,J1016.0+0512,fsrq,J1016.0+0512,fsrq,AGN,AGN,AGN,AGN
772,J1016.3-5857,PSR,J1016.3-5858,"[2.4705302715301514, 2.5314605236053467, 1.6145005226135254, 6.891140937805176, -30.767654698510082, -30.46918374842166, -26.082235281682614, -30.45353175127833, -21.723930426596144, 0.3234529495239258, 0.0, 9.073857307434082, 35.92726516723633, -0.19601478808315412, -0.21640239496276759, -0.553051808392964, -0.6674631982834495, -0.886109452911525, -0.9999991016131246]",[0],J1016.3-5858,PSR,PSR,J1016.3-5857,PSR,J1016.3-5857,PSR,J1016.3-5857,PSR,PSR,PSR,PSR,PSR
773,J1018.1+1905,bll,J1018.1+1904,"[2.0046989917755127, 2.039175033569336, 1.934079885482788, 15.389349937438965, -32.825988853594055, -32.687239241230905, -28.363910867867297, -32.74058912756265, -23.870764503367948, -0.026511410251259804, 0.43925759196281433, 0.5179928541183472, 11.157291412353516, -0.7463608291617048, -0.6589887345722515, -0.5363054261067601, -0.6107639034176109, -0.2731333487033267, -0.5108444207970755]",[1],J1018.1+1904,bll,bll,J1018.1+1905,bll,J1018.1+1905,bll,J1018.1+1905,bll,AGN,AGN,AGN,AGN
774,J1018.3-3124,fsrq,J1018.4-3119,"[2.6096558570861816, 2.5643413066864014, 2.1253061294555664, 122.50316619873047, -28.871600057087207, -28.52160015112819, -27.8500081690768, -28.51471486767871, -23.469572854502328, 0.20162057876586914, 0.5964120626449585, 4.650420188903809, 24.131366729736328, -0.05955498286570899, -0.5681793745214757, -0.7967609736772043, -0.7836766897026564, -0.8021819711642595, -0.9997722414611772]",[1],J1018.4-3119,fsrq,fsrq,J1018.3-3124,fsrq,J1018.3-3124,fsrq,J1018.3-3124,fsrq,AGN,AGN,AGN,AGN
775,J1018.4+3540,fsrq,J1018.3+3542,"[2.5449657440185547, 2.487008810043335, 2.1650643348693848, 121.73164367675781, -29.752062096303064, -29.477551556128567, -28.307358446368166, -29.51063550585455, -23.896334031503912, 0.12187004089355469, 0.8560689091682434, 2.113306760787964, 17.48630142211914, -0.2481257112064292, -0.5712462412537167, -0.7532794179673945, -0.6968567415383311, -0.9775973019225269, -0.9856064303602801]",[1],J1018.3+3542,fsrq,fsrq,J1018.4+3540,fsrq,J1018.4+3540,fsrq,J1018.4+3540,fsrq,AGN,AGN,AGN,AGN
776,J1018.4+0528,fsrq,J1018.5+0530,"[2.2606048583984375, 2.2096149921417236, 1.8111684322357178, 37.295406341552734, -31.935215641362586, -31.65227407438584, -27.99016301568926, -31.66772642393941, -23.631302871625852, 0.15693530440330505, 0.9018576145172119, 1.7983124256134033, 9.0138578414917, -0.9854962145826069, 0.9927423686596206, -0.5097592686541323, -0.6649855293033797, -0.6188636386691397, -0.9993563052951128]",[1],J1018.5+0530,fsrq,fsrq,J1018.4+0528,fsrq,J1018.4+0528,fsrq,J1018.4+0528,fsrq,AGN,AGN,AGN,AGN
777,J1018.8+5913,bll,J1018.8+5913,"[2.0657589435577393, 1.9574494361877441, 1.5839041471481323, 9.486964225769043, -32.58246952626658, -32.227168891560154, -28.654754596749818, -32.2893813758794, -24.153887688903147, 0.15364716947078705, 0.2070429027080536, 2.263843297958374, 12.787899017333984, -0.06457099800190833, -0.5344035590509879, -0.5719301084217969, -0.46956123069220035, -0.5932153732971839, -0.9997554821524024]",[1],J1018.8+5913,bll,bll,J1018.8+5913,bll,J1018.8+5913,bll,J1018.8+5913,bll,AGN,AGN,AGN,AGN
778,J1019.7+6321,bll,J1020.0+6323,"[2.21832275390625, 2.0936014652252197, 1.8219199180603027, 19.759124755859375, -31.64524573639077, -31.30539979444032, -28.584295578802674, -31.396821278245973, -24.063729979323384, 0.1390383392572403, 0.30315205454826355, 2.2583529949188232, 17.649118423461914, 0.986037393574, -0.57609621590579, -0.5440781976631256, -0.6072282144624309, -0.5877584580451214, -0.9999897990737434]",[1],J1020.0+6323,bll,bll,J1019.7+6321,bll,J1019.7+6321,bll,J1019.7+6321,bll,AGN,AGN,AGN,AGN
779,J1019.8-5749,PSR,J1020.0-5749,"[2.5174901485443115, 2.568434000015259, 1.500278115272522, 1.5681884288787842, -31.389921728960434, -31.143248168020616, -26.557066368714327, -31.1035725052481, -21.964345267426623, 0.32760941982269287, 0.0, 4.472161769866943, 13.578024864196777, 0.9565826966477957, -0.8181990510828775, -0.6311882505855737, -0.5960001347578916, -0.9032879436409689, -0.8090803672406386]",[0],J1020.0-5749,PSR,PSR,J1019.8-5749,PSR,J1019.8-5749,PSR,J1019.8-5749,PSR,AGN,PSR,PSR,PSR
780,J1021.4+8021,bcu,J1021.8+8023,"[2.3372764587402344, 2.194230079650879, 2.0780797004699707, 2.850280523300171, -31.390626731318136, -31.054629651143912, -28.48957092276942, -31.188797093655065, -24.068077631723813, 0.14368553459644318, 0.0, 1.912623643875122, 16.290193557739258, -0.31557647741345296, -0.5006067222633459, -0.6352503624846714, -0.5893020739864028, -0.9475404741091508, 0.27856012448831624]",[1],J1021.8+8023,bcu,bcu,J1021.4+8021,bcu,J1021.4+8021,bcu,J1021.4+8021,bcu,AGN,AGN,AGN,AGN
781,J1022.4-4231,bll,J1022.3-4234,"[2.163320302963257, 2.1141884326934814, 1.9514236450195312, 6.7243828773498535, -32.164296684071225, -31.937319486582492, -28.254126847101144, -31.99143346141536, -23.7839993969136, 0.06007756292819977, 0.06038234755396843, 0.9132565259933472, 8.818745613098145, -0.6111858421307256, -0.42796242779715055, -0.5889720795211407, -0.5525351555384356, -0.40860389369086814, -0.7910862897255846]",[1],J1022.3-4234,bcu,bll,J1022.4-4231,bll,J1022.4-4231,bll,J1022.4-4231,bll,AGN,AGN,AGN,AGN
782,J1022.7-0112,bll,J1022.8-0113,"[1.9410988092422485, 1.8794608116149902, 1.7399742603302002, 11.557767868041992, -32.43120437810082, -32.16497956193738, -27.977012747342986, -32.25164479648203, -23.538761119873993, 0.05904148891568184, 0.19347329437732697, 1.4704192876815796, 19.292984008789062, 0.9997830236302404, -0.5910984797961608, -0.4736213576640216, -0.35663272700558996, -0.5174590768754715, -0.5885328745457643]",[1],J1022.8-0113,bll,bll,J1022.7-0112,bll,J1022.7-0112,bll,J1022.7-0112,bll,AGN,AGN,AGN,AGN
783,J1023.0-5745,PSR,J1023.1-5745,"[2.4319379329681396, 2.622981309890747, 1.5094902515411377, 2.447157382965088, -29.25827294027273, -28.95880095151371, -25.401517003201857, -29.057393732018994, -21.008858277267326, 0.33201083540916443, 0.0, 17.23418617248535, 25.672595977783203, -0.30411567750531615, -0.28585848451179, -0.3484214519712713, -0.7566893262259875, -0.9132022776627353, -0.8547605411661724]",[0],J1023.1-5745,PSR,PSR,J1023.0-5745,PSR,J1023.0-5745,PSR,J1023.0-5745,PSR,PSR,PSR,PSR,PSR
784,J1023.0-5745,PSR,J1023.1-5745,"[2.4319379329681396, 2.622981309890747, 1.5094902515411377, 2.447157382965088, -29.25827294027273, -28.95880095151371, -25.401517003201857, -29.057393732018994, -21.008858277267326, 0.33201083540916443, 0.0, 17.23418617248535, 25.672595977783203, -0.30411567750531615, -0.28585848451179, -0.3484214519712713, -0.7566893262259875, -0.9132022776627353, -0.8547605411661724]",[0],J1023.1-5745,PSR,PSR,J1023.0-5745,PSR,J1023.3-5747e,SFR,J1023.0-5745,PSR,PSR,PSR,PSR,PSR
785,J1023.0-5745,PSR,J1023.1-5745,"[2.4319379329681396, 2.622981309890747, 1.5094902515411377, 2.447157382965088, -29.25827294027273, -28.95880095151371, -25.401517003201857, -29.057393732018994, -21.008858277267326, 0.33201083540916443, 0.0, 17.23418617248535, 25.672595977783203, -0.30411567750531615, -0.28585848451179, -0.3484214519712713, -0.7566893262259875, -0.9132022776627353, -0.8547605411661724]",[0],J1023.1-5745,PSR,PSR,J1023.3-5747e,SFR,J1023.0-5745,PSR,J1023.0-5745,PSR,PSR,PSR,PSR,PSR
786,J1023.0-5745,PSR,J1023.1-5745,"[2.4319379329681396, 2.622981309890747, 1.5094902515411377, 2.447157382965088, -29.25827294027273, -28.95880095151371, -25.401517003201857, -29.057393732018994, -21.008858277267326, 0.33201083540916443, 0.0, 17.23418617248535, 25.672595977783203, -0.30411567750531615, -0.28585848451179, -0.3484214519712713, -0.7566893262259875, -0.9132022776627353, -0.8547605411661724]",[0],J1023.1-5745,PSR,PSR,J1023.3-5747e,SFR,J1023.3-5747e,SFR,J1023.0-5745,PSR,PSR,PSR,PSR,PSR
787,J1023.1+3949,fsrq,J1023.1+3952,"[2.3718619346618652, 2.263986587524414, 2.1066534519195557, 1768.7808837890625, -28.772744430534367, -28.563203877595903, -27.922301040447053, -28.637835126457727, -23.353250158931548, 0.09212831407785416, 1.5966813564300537, 4.149071216583252, 49.307456970214844, -0.3152272365126381, -0.5466548317495595, -0.6445680446182982, -0.7798480673967347, -0.6846355326622879, -0.9999552672251761]",[1],J1023.1+3952,fsrq,fsrq,J1023.1+3949,fsrq,J1023.1+3949,fsrq,J1023.1+3949,fsrq,AGN,AGN,AGN,AGN
788,J1023.8+3002,bll,J1023.7+3000,"[1.9281564950942993, 1.9426169395446777, 1.9102307558059692, 8.548805236816406, -33.81197511504388, -33.68306137685669, -28.535154503912484, -33.7436119260526, -24.016208132230176, -0.018761949613690376, 0.23426027595996857, 0.2930387854576111, 7.567594051361084, 0.9400108632059071, -0.4573149855861061, -0.689829784652143, -0.4270843951621418, -0.3493295451626269, -0.43119390583031425]",[1],J1023.7+3000,bll,bll,J1023.8+3002,bll,J1023.8+3002,bll,J1023.8+3002,bll,AGN,AGN,AGN,AGN
789,J1023.8-4335,bll,J1023.9-4335,"[1.7790085077285767, 1.6087498664855957, 1.3961734771728516, 23.655731201171875, -32.382334069294544, -32.09330366286228, -27.587570227836256, -32.1709385335261, -23.269771825480234, 0.11277648061513901, 0.2837648093700409, 3.9861254692077637, 29.385583877563477, 0.9689527126550003, -0.2746851013886502, -0.2263906639995011, -0.3926624421167349, -0.301599784533721, -0.5406063288046421]",[1],J1023.9-4335,bll,bll,J1023.8-4335,bll,J1023.8-4335,bll,J1023.8-4335,bll,AGN,AGN,AGN,AGN
790,J1024.5-0719,PSR,J1024.6-0718,"[2.2695164680480957, 1.9282833337783813, 1.0209652185440063, 7.778268814086914, -30.723871344842518, -30.261115374225138, -28.208775049415472, -30.32123521795523, -23.389502945211625, 0.3946264386177063, 0.11255712807178497, 4.633154392242432, 16.83905029296875, 0.5760438251216188, -0.5600817166438419, -0.37616656942048665, -0.6462770050519699, -0.9999059849383689, -0.9049590787005382]",[0],J1024.6-0718,PSR,PSR,J1024.5-0719,PSR,J1024.5-0719,MSP,J1024.5-0719,MSP,AGN,AGN,AGN,AGN
791,J1024.8+2332,bll,J1025.1+2333,"[2.4562318325042725, 2.454681873321533, 2.3248133659362793, 13.334369659423828, -30.485549587691875, -30.331129729849845, -28.391167863942844, -30.36694463264483, -23.972092080485808, -4.5496522943722084e-05, 0.30596426129341125, 0.0, 11.204119682312012, -0.2922689768128067, -0.7436846426770531, -0.5654582574502243, -0.7459187731001578, -0.7218290306051561, -0.9999996709640526]",[1],J1025.1+2333,bll,bll,J1024.8+2332,bll,J1024.8+2332,bll,J1024.8+2332,bll,AGN,AGN,AGN,AGN
792,J1026.9+0608,bll,J1027.0+0609,"[1.653853416442871, 1.6027977466583252, 1.4129856824874878, 7.623822212219238, -35.064016253837586, -34.70000033003081, -28.415135643796667, -34.81798793536135, -24.036940345782654, 0.055661849677562714, 0.0, 0.609915018081665, 7.771546363830566, -0.717985220497436, -0.999997405686504, 0.999920491273184, -0.6122425428166562, -0.02020990227731557, -0.43077770606309934]",[1],J1027.0+0609,bll,bll,J1026.9+0608,bll,J1026.9+0608,bll,J1026.9+0608,bll,AGN,AGN,AGN,AGN
793,J1026.9-1749,bll,J1026.9-1750,"[1.9243030548095703, 1.8817329406738281, 1.7997664213180542, 96.8650131225586, -31.817591903037293, -31.58691846104921, -27.706062875872426, -31.686698593613116, -23.325853151716547, 0.03966892138123512, 0.5734190344810486, 1.750916838645935, 30.924697875976562, 0.9974425249726904, -0.4586238414255503, -0.48762728223037666, -0.42611715847651477, -0.48925159225273074, -0.5512321556168415]",[1],J1026.9-1750,bll,bll,J1026.9-1749,bll,J1026.9-1749,bll,J1026.9-1749,bll,AGN,AGN,AGN,AGN
794,J1027.0-8542,bll,J1026.4-8542,"[1.8589413166046143, 1.8054757118225098, 1.668341040611267, 2.025768518447876, -32.877106422402555, -32.61610763708518, -27.859027344510928, -32.70321532894565, -23.4575573827672, 0.05458926409482956, 0.0, 1.9674330949783325, 27.50875473022461, -0.26864351336685355, -0.48582625373003757, -0.5580122053222222, -0.33476043746089024, -0.46921238971978513, -0.3852044647156021]",[1],J1026.4-8542,bll,bll,J1027.0-8542,bll,J1027.0-8542,bll,J1027.0-8542,bll,AGN,AGN,AGN,AGN
795,J1027.2+7427,bcu,J1026.5+7423,"[2.445225954055786, 2.4573652744293213, 2.1475279331207275, 165.22100830078125, -30.862139818675104, -30.6688166654908, -27.88801456294957, -30.600914899148094, -23.656662905920896, 0.10191560536623001, 0.9970811009407043, 2.7452902793884277, 16.90707778930664, 0.9875368816905331, -0.3265050339357057, -0.7005347480519504, -0.6339350945897436, -0.788121620619288, -0.9996190019264677]",[1],J1026.5+7423,bcu,bcu,J1027.2+7427,bcu,J1027.2+7427,bcu,J1027.2+7427,bcu,AGN,AGN,AGN,AGN
796,J1027.6+6317,bll,J1027.7+6316,"[1.9325275421142578, 1.8318997621536255, 1.6011452674865723, 5.75407075881958, -33.13144570294241, -32.84073799727506, -28.53674809846461, -32.92368557047533, -24.09431147654588, 0.09059484302997589, 0.0, 1.67747163772583, 15.85054874420166, -0.701798588397682, 0.9946429499869216, -0.6587382968216917, -0.25631657251816636, -0.4823685988344737, -0.8790055828828216]",[1],J1027.7+6316,bll,bll,J1027.6+6317,bll,J1027.6+6317,bll,J1027.6+6317,bll,AGN,AGN,AGN,AGN
797,J1027.6+1828,bcu,J1028.0+1829,"[2.571784734725952, 2.6142520904541016, 2.5854837894439697, 8.91007137298584, -29.9873158755382, -29.87764497618044, -28.356785815059222, -29.95737497342395, -24.02529380847549, -0.04605764523148537, 0.1869843304157257, 0.741420567035675, 7.414255619049072, -0.05772688212714196, -0.752106539169163, -0.728429489020069, -0.6107785409700011, -0.5707994826621723, -0.9985821425353121]",[1],J1028.0+1829,bcu,bcu,J1027.6+1828,bcu,J1027.6+1828,bcu,J1027.6+1828,bcu,AGN,AGN,AGN,AGN
798,J1028.4-0234,fsrq,J1028.5-0235,"[2.5785555839538574, 2.536121129989624, 2.3318932056427, 33.61402130126953, -29.51895321430116, -29.26072288667603, -28.211598809967157, -29.32402321816529, -23.856261013461953, 0.07733117043972015, 0.5981819033622742, 1.2613284587860107, 10.567368507385254, -0.3321117744345414, -0.6704921601092048, -0.7386017295233, -0.74003623023063, -0.857433917793373, -0.9999942152187615]",[1],J1028.5-0235,fsrq,fsrq,J1028.4-0234,fsrq,J1028.4-0234,fsrq,J1028.4-0234,fsrq,AGN,AGN,AGN,AGN
799,J1028.5-5819,PSR,J1028.4-5819,"[2.352837085723877, 2.2524521350860596, 1.598034143447876, 3.6641855239868164, -29.19645096481242, -28.76896245025255, -25.813648750160535, -28.82992157691255, -21.46819964043973, 0.26891791820526123, 0.0, 25.65254783630371, 117.94905090332031, 0.9778547325262708, -0.3582257045101013, -0.5540379973638294, -0.674852594987081, -0.8574449694828352, -0.9622039835014045]",[0],J1028.4-5819,PSR,PSR,J1028.5-5819,PSR,J1028.5-5819,PSR,J1028.5-5819,PSR,PSR,PSR,PSR,PSR
800,J1030.6-2028,bcu,J1030.4-2030,"[1.842086672782898, 1.6588386297225952, 1.3249444961547852, 8.792236328125, -33.079306720624395, -32.677105980186425, -28.019883117742914, -32.7518083660806, -23.640485459285003, 0.14621704816818237, 0.10395081341266632, 2.3915703296661377, 16.65461540222168, -0.6369511380680448, 0.5627928457917971, -0.3743984500489801, -0.2743041556587634, -0.34158257557412464, -0.8021700976431868]",[1],J1030.4-2030,bcu,bcu,J1030.6-2028,bll,J1030.6-2028,bll,J1030.6-2028,bll,AGN,AGN,AGN,AGN
801,J1031.1+7442,bll,J1031.0+7440,"[2.165025472640991, 2.171729326248169, 2.2251713275909424, 38.21162414550781, -32.55684435314375, -32.480412775749414, -28.09150983852148, -32.548493902013945, -23.67019748834678, -0.01744290255010128, 0.6430192589759827, 0.567298173904419, 16.76996612548828, -0.4081140795639608, -0.6439746239246966, -0.6794039125778669, -0.5786296497590844, -0.717758003038138, 0.026700765028057193]",[1],J1031.0+7440,bcu,bll,J1031.1+7442,bll,J1031.1+7442,bll,J1031.1+7442,bll,AGN,AGN,AGN,AGN
802,J1031.3+5053,bll,J1031.2+5053,"[1.7564854621887207, 1.7010632753372192, 1.6161723136901855, 10.011631965637207, -32.84213226091338, -32.57095196529052, -27.873809204539313, -32.69784569760531, -23.685801355193124, 0.042680755257606506, 0.10996654629707336, 1.842335820198059, 34.30219650268555, -0.7921331717915567, 0.03154283467892126, -0.4313332074260029, -0.26688689107373476, -0.5454536060009199, -0.10331350327904858]",[1],J1031.2+5053,bll,bll,J1031.3+5053,bll,J1031.3+5053,bll,J1031.3+5053,bll,AGN,AGN,AGN,AGN
803,J1031.6+6019,fsrq,J1031.6+6021,"[2.5768826007843018, 2.5738308429718018, 2.455735921859741, 102.47437286376953, -30.473717646978447, -30.3119525175526, -27.757519333132887, -30.309232333619622, -23.71796834057721, 0.03225863724946976, 0.6951321959495544, 0.8405800461769104, 17.347288131713867, -0.46021537705028853, -0.5992419554400179, -0.688164907024753, -0.7225301902432023, -0.7358613493724219, -0.9998316832927668]",[1],J1031.6+6021,fsrq,fsrq,J1031.6+6019,fsrq,J1031.6+6019,fsrq,J1031.6+6019,fsrq,AGN,AGN,AGN,AGN
804,J1032.6+3737,bll,J1032.7+3735,"[2.0639636516571045, 2.0432138442993164, 1.9356154203414917, 27.459714889526367, -32.565420040936345, -32.37763321197653, -28.218474719180165, -32.46090415004935, -23.71897887659783, 0.01354831550270319, 0.4922463595867157, 0.2562064826488495, 16.436689376831055, -0.9958216711524274, 0.9895123120791841, -0.6302194368320998, -0.48474063618613705, -0.5828610948412057, -0.5044290077678899]",[1],J1032.7+3735,bll,bll,J1032.6+3737,bll,J1032.6+3737,bll,J1032.6+3737,bll,AGN,AGN,AGN,AGN
805,J1032.7+6624,bll,J1032.5+6623,"[2.0856475830078125, 1.9672025442123413, 1.7706787586212158, 6.221217155456543, -32.44484010100976, -32.13538299087136, -28.71299374983609, -32.22546513574872, -24.2061020300754, 0.09941911697387695, 0.0, 1.4072173833847046, 12.695353507995605, 0.999718737007722, -0.5739928631247742, -0.4560822597739436, -0.4969585485492141, -0.6175248935238639, -0.7798923259577828]",[1],J1032.5+6623,bll,bll,J1032.7+6624,bll,J1032.7+6624,bll,J1032.7+6624,bll,AGN,AGN,AGN,AGN
806,J1033.1+4115,fsrq,J1033.2+4116,"[2.4090988636016846, 2.3872463703155518, 2.291285753250122, 110.44263458251953, -29.65814840749254, -29.450992195777747, -28.188257099148423, -29.529805058241262, -23.5679493191999, 0.03188495710492134, 0.4129728674888611, 1.231342077255249, 34.92266082763672, 0.7856871509443851, -0.4790583307458562, -0.7377385096346467, -0.5723732003938874, -0.8603856479946279, -0.9999450699716537]",[1],J1033.2+4116,fsrq,fsrq,J1033.1+4115,fsrq,J1033.1+4115,fsrq,J1033.1+4115,fsrq,AGN,AGN,AGN,AGN
807,J1033.9+6050,FSRQ,J1033.8+6051,"[2.21697998046875, 2.144028902053833, 1.956402063369751, 807.7493286132812, -30.054925891198003, -29.860220816610685, -27.17166741454104, -29.884579679308935, -22.904361731986786, 0.0949069932103157, 0.68463534116745, 7.403301239013672, 78.49653625488281, -0.2189331369560408, -0.4542338570235085, -0.6008360796044203, -0.5888324399909133, -0.7182015213575437, -0.8724377076322416]",[1],J1033.8+6051,FSRQ,FSRQ,J1033.9+6050,FSRQ,J1033.9+6050,FSRQ,J1033.9+6050,FSRQ,AGN,AGN,AGN,AGN
808,J1035.3+5541,bcu,J1035.2+5545,"[2.6356592178344727, 2.6350791454315186, 2.5849318504333496, 1.9906939268112183, -30.088353779585216, -29.9582996403548, -28.54132463200602, -29.97908645537398, -24.3075216872975, 0.00014334029401652515, 0.0, 0.008587530814111233, 7.9347825050354, 0.9993657918525741, -0.6673269890867883, -0.7777530119371457, -0.5441989246643552, -0.9999802227160559, 0.9994946950203756]",[1],J1035.2+5545,bcu,bcu,J1035.3+5541,bcu,J1035.3+5541,bcu,J1035.3+5541,bcu,AGN,AGN,AGN,AGN
809,J1036.5-8318,PSR,J1036.0-8317,"[2.1272213459014893, 2.0697083473205566, 0.4082402288913727, 2.094708204269409, -31.997135490917586, -31.456973643928105, -28.621034556043767, -31.511911709282078, -23.42094791475737, 0.582086980342865, 0.0, 6.4293999671936035, 14.808073043823242, 0.8036473676927292, 0.9616977640773361, -0.059140694087454995, -0.7102818738196297, -0.8418227484187188, -0.9988722051299894]",[0],J1036.0-8317,psr,PSR,J1036.5-8318,PSR,J1036.5-8318,MSP,J1036.5-8318,MSP,PSR,PSR,PSR,PSR
810,J1037.4-2933,fsrq,J1037.0-2934,"[2.481471538543701, 2.4836692810058594, 1.9183077812194824, 14.898179054260254, -30.4011225257019, -30.106075716417653, -28.06718349540935, -30.105820104517402, -23.77064548753951, 0.2018919438123703, 0.3906990587711334, 2.6321146488189697, 10.206707954406738, 0.9625281438128777, -0.5527872472167719, -0.6984270075089375, -0.6556063951147728, -0.9997930717201401, 0.9947548907619181]",[1],J1037.0-2934,fsrq,fsrq,J1037.4-2933,fsrq,J1037.4-2933,fsrq,J1037.4-2933,fsrq,AGN,AGN,AGN,AGN
811,J1037.7-2822,fsrq,J1037.5-2821,"[2.399667263031006, 2.382554054260254, 2.229684829711914, 186.79571533203125, -29.95033798753479, -29.726504897750058, -27.803969771839462, -29.77571027101261, -23.347847923411795, 0.07715126127004623, 0.8719722032546997, 2.6431446075439453, 25.055757522583008, -0.4890683649476408, -0.4879565923004928, -0.7038309403475906, -0.7031358911395048, -0.7667617506770874, -0.5373549351694022]",[1],J1037.5-2821,fsrq,fsrq,J1037.7-2822,fsrq,J1037.7-2822,fsrq,J1037.7-2822,fsrq,AGN,AGN,AGN,AGN
812,J1037.7+5711,bll,J1037.5+5711,"[1.9072351455688477, 1.7711728811264038, 1.6587514877319336, 130.8175048828125, -30.539161252697657, -30.350769423167637, -27.42119546788041, -30.42366481682782, -23.052548845698816, 0.07614395767450333, 0.29331454634666443, 5.777243614196777, 81.28567504882812, 0.6728712893489874, -0.33065053990698295, -0.4689319048456284, -0.38374657672925655, -0.5017307401332786, -0.7337964010049174]",[1],J1037.5+5711,bll,bll,J1037.7+5711,bll,J1037.7+5711,bll,J1037.7+5711,bll,AGN,AGN,AGN,AGN
813,J1038.8-5312,fsrq,J1038.9-5311,"[2.7270596027374268, 2.672990560531616, 2.3577466011047363, 566.3959350585938, -28.79389181112442, -28.51876698034356, -27.349353058738426, -28.559567673513683, -23.276486495541093, 0.11005084961652756, 1.3538419008255005, 2.520693063735962, 21.157197952270508, -0.3182345115931312, -0.5614023253401976, -0.7822444916342586, -0.8273901085075237, -0.9986330692220003, -0.973961618910571]",[1],J1038.9-5311,bcu,fsrq,J1038.8-5312,fsrq,J1038.8-5312,fsrq,J1038.8-5312,fsrq,AGN,AGN,AGN,AGN
814,J1040.5+0617,bll,J1040.4+0615,"[2.266716241836548, 2.244337797164917, 2.1518306732177734, 122.44200134277344, -30.02399255524297, -29.81342728852086, -27.862684828260292, -29.891395387867515, -23.254946478836423, 0.034772779792547226, 0.49202024936676025, 1.622432827949524, 35.00938415527344, -0.04594368501407613, -0.5813203656639014, -0.6466223050961877, -0.5821862719454334, -0.614482210454389, -0.9229028155350831]",[1],J1040.4+0615,bcu,bll,J1040.5+0617,bll,J1040.5+0617,bll,J1040.5+0617,bll,AGN,AGN,AGN,AGN
815,J1041.0+1342,bll,J1040.8+1342,"[1.7673672437667847, 1.4298828840255737, 1.028815507888794, 5.402468204498291, -34.1199208426135, -33.42378546064023, -28.393078179738563, -33.583586292137724, -24.010435811808094, 0.36052262783050537, 0.0, 2.573495864868164, 8.80556869506836, 0.04109001186787834, -0.6182060265045953, -0.4126820682751306, 0.39895228321061793, -0.7578891931492601, -0.4041169567676936]",[1],J1040.8+1342,bcu,bll,J1041.0+1342,bll,J1041.0+1342,bll,J1041.0+1342,bll,AGN,AGN,AGN,AGN
816,J1041.1-1201,bcu,J1040.9-1205,"[2.1912448406219482, 2.229823350906372, 2.1969943046569824, 9.26952838897705, -32.04442059219091, -31.92395205730558, -28.414602500234455, -32.00901846327754, -23.94259375018863, -0.03484227508306503, 0.25540781021118164, 0.5075632929801941, 6.918210029602051, 0.6179823122915789, -0.7781194612492127, -0.5302437763497899, -0.5009747029943493, -0.9998705277420609, 0.9991783596090311]",[1],J1040.9-1205,bcu,bcu,J1041.1-1201,bcu,J1041.1-1201,bcu,J1041.1-1201,bcu,AGN,AGN,AGN,AGN
817,J1041.7+3902,bll,J1041.8+3901,"[1.9262950420379639, 1.7313053607940674, 1.3169047832489014, 12.274272918701172, -33.26369767531723, -32.830333512588105, -28.631867959910775, -32.92018319996403, -24.18599558823449, 0.2164226770401001, 0.3977713882923126, 2.0152716636657715, 7.224464416503906, 0.9627094862320915, -0.540294380200316, -0.5049924224970999, -0.29177609601032783, -0.6085725650737368, -0.6157809542070716]",[1],J1041.8+3901,bll,bll,J1041.7+3902,bll,J1041.7+3902,bll,J1041.7+3902,bll,AGN,AGN,AGN,AGN
818,J1041.9-0557,bll,J1042.0-0557,"[2.069535732269287, 2.1231648921966553, 2.1791982650756836, 1.6131939888000488, -32.93117350075262, -32.94376256060297, -28.36193223099307, -32.94251866772481, -23.86549800093214, -0.06962283700704575, 0.0, 1.6094881296157837, 8.55097484588623, 0.5048656612583461, -0.7916994509638196, -0.5548616983645174, -0.6378737444634873, -0.3151492027068618, -0.3444098373815252]",[1],J1042.0-0557,bcu,bll,J1041.9-0557,bll,J1041.9-0557,bll,J1041.9-0557,bll,AGN,AGN,AGN,AGN
819,J1042.1-4128,bcu,J1042.1-4126,"[1.8646268844604492, 1.6784591674804688, 1.2186156511306763, 5.857794284820557, -33.52605924176626, -33.0938767607028, -28.32546465356806, -33.15059492839489, -23.884075945541642, 0.20401576161384583, 0.0, 2.3441500663757324, 9.911555290222168, -0.6137779790018849, 0.9965744672729957, -0.39732897636757447, -0.1465414007285316, -0.5086298191351617, -0.693442835990907]",[1],J1042.1-4126,bcu,bcu,J1042.1-4128,bll,J1042.1-4128,bll,J1042.1-4128,bll,AGN,AGN,AGN,AGN
820,J1043.2+2408,fsrq,J1043.1+2407,"[2.319643259048462, 2.3038883209228516, 2.258692741394043, 21.493366241455078, -30.29693397052375, -30.10211949164265, -28.133893343106386, -30.20192974170772, -23.564509461092396, 0.02686890959739685, 0.22086165845394135, 0.8783359527587891, 25.064599990844727, -0.46148566787554446, -0.530752048955843, -0.6745257684899211, -0.6214125541593409, -0.6706362488724975, -0.6869246875774587]",[1],J1043.1+2407,fsrq,fsrq,J1043.2+2408,fsrq,J1043.2+2408,fsrq,J1043.2+2408,fsrq,AGN,AGN,AGN,AGN
821,J1044.4-5737,PSR,J1044.5-5737,"[2.4213907718658447, 2.3196921348571777, 1.5410356521606445, 11.381060600280762, -29.24628541266219, -28.890567846334413, -26.386219489760418, -28.883158496199414, -21.983257944816078, 0.29008474946022034, 0.04203996807336807, 18.3480224609375, 74.5730972290039, 0.24784526498382184, -0.39520843935102534, -0.6073554018094213, -0.7217897801339223, -0.9470020112579639, -0.9990945413857547]",[0],J1044.5-5737,PSR,PSR,J1044.4-5737,PSR,J1044.4-5737,PSR,J1044.4-5737,PSR,PSR,PSR,PSR,PSR
822,J1044.6+8053,fsrq,J1044.4+8058,"[2.8078489303588867, 2.8607358932495117, 2.2945680618286133, 46.958255767822266, -29.493297193152305, -29.284312233922932, -27.686317575763795, -29.17046914687741, -23.94915715252733, 0.15184715390205383, 0.36428147554397583, 3.7499473094940186, 19.761266708374023, -0.04824733219822974, -0.6636812139885347, -0.8321253304253086, -0.9264945598071589, -0.9998845425924423, -0.03483627644294398]",[1],J1044.4+8058,fsrq,fsrq,J1044.6+8053,fsrq,J1044.6+8053,fsrq,J1044.6+8053,fsrq,AGN,AGN,AGN,AGN
823,J1045.8-2928,fsrq,J1045.7-2926,"[2.4815473556518555, 2.4330801963806152, 2.174832820892334, 145.9803924560547, -29.9493262020529, -29.66491772532601, -28.134204333332157, -29.728740281626305, -23.734898443962624, 0.11566972732543945, 1.3022123575210571, 2.1643121242523193, 12.132936477661133, 0.7521076708966677, -0.6518373763790271, -0.7296422631846646, -0.603113370911702, -0.9999461335788055, -0.9942986368209448]",[1],J1045.7-2926,fsrq,fsrq,J1045.8-2928,fsrq,J1045.8-2928,fsrq,J1045.8-2928,fsrq,AGN,AGN,AGN,AGN
824,J1046.8-2534,bll,J1046.9-2531,"[1.7246472835540771, 1.6032626628875732, 0.9431023001670837, 7.732647895812988, -34.39242035351119, -33.77623202627842, -28.336045847061126, -33.89317043744005, -23.962413383871347, 0.2473156452178955, 0.0, 1.6570289134979248, 7.775904655456543, 0.9860117996626627, -0.8730233129244845, 0.14898875306181714, -0.20324956160526028, -0.2678268617939393, -0.8388042838200872]",[1],J1046.9-2531,bll,bll,J1046.8-2534,bll,J1046.8-2534,bll,J1046.8-2534,bll,AGN,AGN,AGN,AGN
825,J1047.7+7238,bll,J1047.6+7240,"[2.2009189128875732, 2.1037638187408447, 1.9158082008361816, 43.4156608581543, -32.267792535625595, -32.002057650501925, -28.182302938087382, -32.06786294318209, -23.779111604920857, 0.10359667986631393, 0.5275943875312805, 1.6818903684616089, 17.154115676879883, 0.9981476813104078, -0.6609759389605451, -0.5798519807731227, -0.5247657037256263, -0.7141366293800001, -0.5585797221476446]",[1],J1047.6+7240,bll,bll,J1047.7+7238,bll,J1047.7+7238,bll,J1047.7+7238,bll,AGN,AGN,AGN,AGN
826,J1047.8-6216,bcu,J1047.8-6216,"[2.503493547439575, 2.498708486557007, 2.3064162731170654, 70.03009033203125, -30.543635584036895, -30.313765269928737, -27.028309325936615, -30.330957409246988, -23.00644418255975, 0.08119998127222061, 0.5870828628540039, 2.1532557010650635, 15.170303344726562, -0.3811735972016566, -0.584991266573669, -0.703625857645467, -0.7109466995027391, -0.7095182131915256, -0.9999997366500871]",[1],J1047.8-6216,bcu,bcu,J1047.8-6216,bcu,J1047.8-6216,bcu,J1047.8-6216,bcu,AGN,AGN,AGN,AGN
827,J1048.2-5832,PSR,J1048.2-5832,"[2.3358559608459473, 2.2232887744903564, 1.5226610898971558, 4.681350231170654, -29.19630572211356, -28.80701976750973, -26.18678176455346, -28.821795450532303, -21.67531912872479, 0.27718034386634827, 0.0, 25.864866256713867, 110.13508605957031, 0.9998873179522808, -0.19057816951733295, -0.5701399219243857, -0.6722735709075006, -0.8958728708708797, -0.9426971154897886]",[0],J1048.2-5832,PSR,PSR,J1048.2-5832,PSR,J1048.2-5832,PSR,J1048.2-5832,PSR,PSR,PSR,PSR,PSR
828,J1048.4+7143,FSRQ,J1048.4+7144,"[2.3229477405548096, 2.250711441040039, 2.053898811340332, 3599.239501953125, -28.89721469984419, -28.63294671746182, -27.32912856680906, -28.703720549335976, -22.823278143847478, 0.10036003589630127, 0.9148315787315369, 11.073772430419922, 115.1396713256836, -0.3272693994681045, -0.5019505557707216, -0.664003132406432, -0.6597591855324029, -0.7967392281494218, -0.9178824663193476]",[1],J1048.4+7144,FSRQ,FSRQ,J1048.4+7143,FSRQ,J1048.4+7143,FSRQ,J1048.4+7143,FSRQ,AGN,AGN,AGN,AGN
829,J1048.6+2340,PSR,J1048.6+2338,"[2.2908101081848145, 2.135211944580078, 1.5133427381515503, 8.973273277282715, -30.394838951183438, -30.02617323753295, -28.21837386201119, -30.087253658200023, -23.536348315160588, 0.21407441794872284, 0.1134093701839447, 3.195950984954834, 17.29229736328125, 0.9453462988663096, -0.3712152589186022, -0.6108920881653962, -0.6196735652481882, -0.9996330980675219, 0.9870244678874137]",[0],J1048.6+2338,bll,PSR,J1048.6+2340,PSR,J1048.6+2340,MSP,J1048.6+2340,MSP,AGN,AGN,AGN,AGN
830,J1049.8+1429,bcu,J1049.8+1425,"[2.566220998764038, 2.5349764823913574, 2.3320116996765137, 72.9922866821289, -29.265976278369568, -29.040861405221545, -28.11009105681365, -29.0861804093708, -23.675084560441654, 0.0561162568628788, 0.5666165947914124, 1.4134477376937866, 19.01626968383789, 0.7916202366556673, -0.71179738367605, -0.6857457360428632, -0.7646513322757704, -0.9999998689940099, 0.9987928683089419]",[1],J1049.8+1425,bcu,bcu,J1049.8+1429,bcu,J1049.8+1429,bcu,J1049.8+1429,bcu,AGN,AGN,AGN,AGN
831,J1051.2-6517,bcu,J1051.5-6517,"[2.353482961654663, 2.3550829887390137, 2.3440325260162354, 3.5607705116271973, -31.391269132696152, -31.190159472319486, -27.58119113744747, -31.378548444673207, -23.34593182304852, 0.03360615670681, 0.0, 0.8152637481689453, 12.786684036254883, 0.8482122061571401, -0.46656220617210337, -0.7506559667902248, -0.6747092639564009, -0.47909605891774615, -0.7485612412009507]",[1],J1051.5-6517,bcu,bcu,J1051.2-6517,bcu,J1051.2-6517,bcu,J1051.2-6517,bcu,AGN,AGN,AGN,AGN
832,J1051.4+3942,bll,J1051.4+3941,"[1.7103784084320068, 1.5881880521774292, 1.3260397911071777, 15.471742630004883, -34.2494978250755, -33.901946009389555, -28.404514775460246, -33.99797618219274, -24.1072044582796, 0.1093679666519165, 0.44138938188552856, 1.6173352003097534, 10.278825759887695, -0.49760716971155533, 0.9660362683631326, -0.21854235716550727, -0.606555576822187, 0.006867780800604957, -0.2883991714910069]",[1],J1051.4+3941,bll,bll,J1051.4+3942,bll,J1051.4+3942,bll,J1051.4+3942,bll,AGN,AGN,AGN,AGN
833,J1051.9+0103,bll,J1051.8+0105,"[1.9777888059616089, 1.7878732681274414, 1.621684193611145, 14.37675952911377, -33.173729309301315, -32.78027222486101, -28.352767634407908, -32.92191065546268, -23.84967578205722, 0.178577721118927, 0.4746595025062561, 1.6272051334381104, 9.185314178466797, 0.41664344442501033, 0.8986604851618457, -0.5844806446147476, -0.03288196059349368, -0.9206068113151542, 0.1989605977580317]",[1],J1051.8+0105,bll,bll,J1051.9+0103,bll,J1051.9+0103,bll,J1051.9+0103,bll,AGN,AGN,AGN,AGN
834,J1052.9-3743,bll,J1052.8-3741,"[1.9626749753952026, 1.9151465892791748, 1.6851434707641602, 7.174295425415039, -33.03789124576992, -32.8247932809252, -28.31771313196498, -32.8599611494947, -23.83148459727802, 0.058841440826654434, 0.06096607446670532, 1.06843101978302, 10.304946899414062, 0.7930351461042652, 0.878190811448069, -0.596862667315582, -0.4281796148704674, -0.2838163815090751, -0.8256550310001847]",[1],J1052.8-3741,bcu,bll,J1052.9-3743,bll,J1052.9-3743,bll,J1052.9-3743,bll,AGN,AGN,AGN,AGN
835,J1053.7+4930,bll,J1053.7+4929,"[1.9362813234329224, 1.9380950927734375, 1.9070221185684204, 15.42119312286377, -32.78405022752892, -32.620544793171725, -28.366663864175347, -32.71985835383771, -23.938670184948716, -0.0010518067283555865, 0.2870446443557739, 0.02963913418352604, 16.844125747680664, -0.7661102676464738, 0.309995046661317, -0.5993213030942567, -0.5614080801872372, -0.6012728963592393, 0.2673215414807961]",[1],J1053.7+4929,bll,bll,J1053.7+4930,bll,J1053.7+4930,bll,J1053.7+4930,bll,AGN,AGN,AGN,AGN
836,J1054.5+2211,bll,J1054.5+2210,"[2.1197657585144043, 2.0936946868896484, 2.0306217670440674, 29.810522079467773, -31.290011503621955, -31.10972090534132, -27.965785884792368, -31.19684786529578, -23.43320435291663, 0.022815797477960587, 0.26586759090423584, 0.813525378704071, 32.1877555847168, 0.9425680743600816, -0.5821635783755928, -0.5791475525782288, -0.49817411970835257, -0.6224833924618554, -0.6182909803500589]",[1],J1054.5+2210,bll,bll,J1054.5+2211,bll,J1054.5+2211,bll,J1054.5+2211,bll,AGN,AGN,AGN,AGN
837,J1055.7-6028,PSR,J1055.8-6025,"[2.410757064819336, 2.522271156311035, 1.4896981716156006, 10.307451248168945, -31.309855457276633, -31.037813510213994, -26.852554471845824, -31.002941122036827, -22.18790382653822, 0.29794156551361084, 0.12777701020240784, 5.796818256378174, 15.334897994995117, 0.9565733175171671, -0.6376810345005675, -0.3096970415624281, -0.6657366378076168, -0.8772636317492516, -0.7619112112203611]",[0],J1055.8-6025,PSR,PSR,J1055.7-6028,PSR,J1055.7-6028,PSR,J1055.7-6028,PSR,AGN,PSR,PSR,PSR
838,J1056.8+7012,fsrq,J1058.1+7010,"[2.687810182571411, 2.528665065765381, 2.3305373191833496, 90.11589813232422, -30.204021184139247, -29.89350373691362, -27.74545283011308, -29.983070408743973, -23.851989125706673, 0.20953984558582306, 0.7417044639587402, 2.214144468307495, 15.85628890991211, -0.22999546238865518, -0.6523694173127981, -0.7573629018473322, -0.7727532758982917, -0.9454222969935236, -0.9999134681698767]",[1],J1058.1+7010,fsrq,fsrq,J1056.8+7012,fsrq,J1056.8+7012,fsrq,J1056.8+7012,fsrq,AGN,AGN,AGN,AGN
839,J1057.3-2341,fsrq,J1057.3-2341,"[2.49782395362854, 2.396427869796753, 2.045078992843628, 18.818918228149414, -29.63682527420413, -29.30833878561763, -28.18978038913876, -29.351476810843522, -23.735604479303237, 0.14627215266227722, 0.35472989082336426, 2.177042007446289, 12.195219039916992, -0.5951316528601086, -0.5076970234071012, -0.6200200562137631, -0.815108942685013, -0.6940731683411305, -0.999885151166495]",[1],J1057.3-2341,fsrq,fsrq,J1057.3-2341,fsrq,J1057.3-2341,fsrq,J1057.3-2341,fsrq,AGN,AGN,AGN,AGN
840,J1057.8-2754,bll,J1057.6-2754,"[1.9622951745986938, 1.9214850664138794, 1.8294962644577026, 14.197486877441406, -32.52581588632308, -32.30097049468129, -28.156067249638387, -32.39661873166985, -23.69986552747995, 0.04082447662949562, 0.3227158188819885, 0.9990828633308411, 15.238335609436035, -0.6582164637906913, -0.13486453834018977, -0.5481366622251193, -0.3520169519118554, -0.7359357032334143, -0.03564992435129976]",[1],J1057.6-2754,bll,bll,J1057.8-2754,bll,J1057.8-2754,bll,J1057.8-2754,bll,AGN,AGN,AGN,AGN
841,J1057.9-5227,PSR,J1057.9-5227,"[2.1805458068847656, 1.9901572465896606, 0.8671842217445374, 6.049881458282471, -28.733748632633993, -28.01180345793083, -26.625984412313525, -28.06131097903919, -21.500243198535685, 0.5486186742782593, 0.0, 71.59996032714844, 239.01889038085938, 0.29135280420335186, -0.0917422419635812, -0.4557081584305734, -0.7971437206984348, -0.9858788660940766, -0.9997598297780856]",[0],J1057.9-5227,PSR,PSR,J1057.9-5227,PSR,J1057.9-5227,PSR,J1057.9-5227,PSR,PSR,PSR,PSR,PSR
842,J1058.4+0133,BLL,J1058.5+0133,"[2.235745668411255, 2.194458484649658, 2.1131949424743652, 320.54315185546875, -28.97789815881501, -28.778584222415127, -27.074549499667725, -28.854455340867265, -22.606480822968887, 0.04790245741605759, 0.3545209467411041, 4.771188735961914, 87.99657440185547, -0.20417851897449815, -0.5399526502873734, -0.6371142300522712, -0.6075067943435443, -0.6601425873656122, -0.7716835020158359]",[1],J1058.5+0133,BLL,BLL,J1058.4+0133,BLL,J1058.4+0133,BLL,J1058.4+0133,BLL,AGN,AGN,AGN,AGN
843,J1058.5+8115,fsrq,J1058.4+8112,"[2.4855010509490967, 2.3587517738342285, 2.0668208599090576, 90.99161529541016, -31.30078498385376, -30.973342241923838, -28.01357930848005, -31.00037407809547, -23.969123044338463, 0.16881147027015686, 0.8561972379684448, 1.9258315563201904, 15.836360931396484, -0.49205593227375266, -0.6338655692180679, -0.6947210083943504, -0.6543977757021472, -0.7939795496672433, -0.9999557288625751]",[1],J1058.4+8112,fsrq,fsrq,J1058.5+8115,fsrq,J1058.5+8115,fsrq,J1058.5+8115,fsrq,AGN,AGN,AGN,AGN
844,J1058.6-8003,bll,J1058.5-8003,"[2.2375619411468506, 2.098761796951294, 1.8701939582824707, 369.1009521484375, -29.855436704134355, -29.577999249663673, -27.64559593006567, -29.664161057706963, -23.0685112556325, 0.13827811181545258, 0.6929949522018433, 6.174203872680664, 42.43466567993164, -0.3571570330385234, -0.26263043999676633, -0.5883033813804122, -0.6300645141340946, -0.7781379031252715, -0.9067138673175399]",[1],J1058.5-8003,bll,bll,J1058.6-8003,bll,J1058.6-8003,bll,J1058.6-8003,bll,AGN,AGN,AGN,AGN
845,J1058.6+5627,BLL,J1058.6+5627,"[1.9434318542480469, 1.870525598526001, 1.8208903074264526, 155.5053253173828, -30.33106821938059, -30.193142117977537, -27.45934802591315, -30.266850249636516, -23.116322865822497, 0.040330588817596436, 0.35064417123794556, 3.0460002422332764, 76.67489624023438, -0.23855677133419612, -0.4372063354127243, -0.4845215559275831, -0.4533985626300058, -0.5599496151722606, -0.43713802885343483]",[1],J1058.6+5627,BLL,BLL,J1058.6+5627,BLL,J1058.6+5627,BLL,J1058.6+5627,BLL,AGN,AGN,AGN,AGN
846,J1059.2-1134,bll,J1059.2-1133,"[2.1375985145568848, 2.075575113296509, 2.012251853942871, 118.99647521972656, -29.432016465690236, -29.27959610281194, -27.36934285691892, -29.356869035518148, -22.910206597793277, 0.044514160603284836, 0.2923266589641571, 3.1777548789978027, 60.95803451538086, -0.21627830809719056, -0.5185604327571018, -0.5995332585570057, -0.5009856288514885, -0.6538250974096328, -0.6335452160741224]",[1],J1059.2-1133,bll,bll,J1059.2-1134,bll,J1059.2-1134,bll,J1059.2-1134,bll,AGN,AGN,AGN,AGN
847,J1059.5+2057,fsrq,J1059.9+2056,"[2.3767993450164795, 2.3813202381134033, 2.368198871612549, 21.331016540527344, -31.499205285673035, -31.359651814180015, -28.251158515446768, -31.45801117027182, -23.98338807097206, -0.0055675203911960125, 0.6715779304504395, 0.047517068684101105, 7.406506538391113, -0.9447849591479435, 0.18890243269515355, -0.6453721540354022, -0.6313225293923074, -0.943026462745799, 0.5541213026314056]",[1],J1059.9+2056,fsrq,fsrq,J1059.5+2057,fsrq,J1059.5+2057,fsrq,J1059.5+2057,fsrq,AGN,AGN,AGN,AGN
848,J1100.3+4020,bll,J1100.5+4020,"[1.8086051940917969, 1.6639320850372314, 1.3418961763381958, 8.303826332092285, -33.47231629884094, -33.1081018766642, -28.236940919541468, -33.195736208767876, -23.882477271244326, 0.12800480425357819, 0.1462048441171646, 2.309753179550171, 16.377111434936523, 0.897474973134869, -0.08754071671116945, -0.4897119227452408, -0.337977034865932, -0.3561972583033766, -0.6382665051233035]",[1],J1100.5+4020,bll,bll,J1100.3+4020,bll,J1100.3+4020,bll,J1100.3+4020,bll,AGN,AGN,AGN,AGN
849,J1101.4+4108,bll,J1101.5+4106,"[1.769146203994751, 1.5889880657196045, 1.2689603567123413, 9.104301452636719, -33.98973255187463, -33.56166853176301, -28.4313730932823, -33.67843566040924, -24.081131104678853, 0.16376075148582458, 0.25645095109939575, 2.1081416606903076, 11.680630683898926, -0.999998501333234, 0.9999330318481472, -0.18356112548663628, -0.2779027911550486, -0.628957448052363, -0.2203073283281661]",[1],J1101.5+4106,bll,bll,J1101.4+4108,bll,J1101.4+4108,bll,J1101.4+4108,bll,AGN,AGN,AGN,AGN
850,J1103.0+1157,fsrq,J1103.1+1155,"[2.413999080657959, 2.3221120834350586, 2.2414116859436035, 426.18756103515625, -28.283976017995766, -28.10448917484025, -27.8693515966466, -28.181736452614132, -23.311553686802554, 0.06874317675828934, 0.8083449602127075, 2.562614917755127, 38.563499450683594, -0.42566714983581583, -0.555840721599403, -0.6867728340587475, -0.7044382599253033, -0.8244855102267645, -0.476574606723439]",[1],J1103.1+1155,fsrq,fsrq,J1103.0+1157,fsrq,J1103.0+1157,fsrq,J1103.0+1157,fsrq,AGN,AGN,AGN,AGN
851,J1103.6-2329,bll,J1103.5-2329,"[1.730068564414978, 1.7494454383850098, 1.694739580154419, 10.70034408569336, -33.91604487651293, -33.759652604972864, -27.998953094478907, -33.82251107929827, -23.642532893493808, -0.017100021243095398, 0.24332745373249054, 0.42949530482292175, 14.296187400817871, 0.7863570799188466, -0.3476365469470577, -0.6347983064996737, -0.2034515677082876, -0.633132869359597, 0.2771042015892173]",[1],J1103.5-2329,bll,bll,J1103.6-2329,bll,J1103.6-2329,bll,J1103.6-2329,bll,AGN,AGN,AGN,AGN
852,J1103.9-5357,bll,J1103.9-5357,"[2.21296763420105, 2.0468838214874268, 1.8609137535095215, 212.7882080078125, -28.81239049882508, -29.918645242427907, -27.23545255756861, -29.99864388073086, -22.83610397673008, 0.12427295744419098, 0.6309855580329895, 4.955412864685059, 41.39305114746094, -0.5152798027488228, -0.28745030239548924, -0.5582949671290316, -0.5729715991160634, -0.7056570597663786, -0.8868431575074485]",[1],J1103.9-5357,bll,bll,J1103.9-5357,bll,J1103.9-5357,bll,J1103.9-5357,bll,AGN,AGN,AGN,AGN
853,J1104.4+0730,bll,J1104.3+0730,"[2.339134454727173, 2.3653290271759033, 2.326610565185547, 17.716402053833008, -30.520883026218016, -30.426476989186135, -28.182084131130026, -30.4796823321404, -23.647712216120077, -0.03227783367037773, 0.24766817688941956, 0.947051465511322, 16.647705078125, -0.27098192277039657, -0.7378310344985074, -0.6718870209592109, -0.48557907554610935, -0.6846443021715475, -0.6702695149635517]",[1],J1104.3+0730,bll,bll,J1104.4+0730,bll,J1104.4+0730,bll,J1104.4+0730,bll,AGN,AGN,AGN,AGN
854,J1104.4+3812,BLL,J1104.4+3812,"[1.7754079103469849, 1.7230467796325684, 1.709079384803772, 1028.0487060546875, -29.44956945660567, -29.33225483450636, -25.968729727901916, -29.398971970788764, -21.752929126079103, 0.02292134426534176, 0.2640651762485504, 3.2128186225891113, 294.27789306640625, -0.1811591208845938, -0.3240126695760312, -0.44165174337066093, -0.3483672867487268, -0.465122225754982, -0.31011518402044486]",[1],J1104.4+3812,BLL,BLL,J1104.4+3812,BLL,J1104.4+3812,BLL,J1104.4+3812,BLL,AGN,AGN,AGN,AGN
855,J1105.4-6108,PSR,J1105.2-6113,"[2.48201060295105, 2.7148494720458984, 1.6740983724594116, 2.3475677967071533, -30.920623174801175, -30.68628965035902, -26.622592247544105, -30.640371062427985, -22.202522600153042, 0.2716793417930603, 0.0, 5.418323040008545, 12.953166961669922, 0.9774725294067805, -0.6095965742830053, -0.6589673286661695, -0.7534978564183692, -0.7722235347137225, -0.9999953385758034]",[0],J1105.2-6113,PSR,PSR,J1105.4-6108,PSR,J1105.4-6108,PSR,J1105.4-6108,PSR,PSR,PSR,PSR,PSR
856,J1106.0+2813,fsrq,J1105.9+2814,"[2.3226194381713867, 2.2079567909240723, 2.0408363342285156, 120.35554504394531, -29.646390435772616, -29.403296729831364, -28.03596686745055, -29.483436712620446, -23.513122575235844, 0.11057007312774658, 0.6504010558128357, 3.243116617202759, 26.44415283203125, 0.8409811758543111, -0.4606338927475289, -0.6529139212269912, -0.6786494607586882, -0.7961253344241376, -0.7180302205689824]",[1],J1105.9+2814,fsrq,fsrq,J1106.0+2813,fsrq,J1106.0+2813,fsrq,J1106.0+2813,fsrq,AGN,AGN,AGN,AGN
857,J1106.5-3646,bll,J1106.4-3643,"[2.1116487979888916, 2.086979627609253, 1.9530613422393799, 29.22817611694336, -31.672539468022723, -31.435793114337457, -28.13158988322882, -31.48584281906028, -23.618723050958295, 0.062063056975603104, 0.39450177550315857, 1.6447317600250244, 16.522878646850586, 0.999119961566564, -0.5054842980601176, -0.639178631116223, -0.36438259725876027, -0.7866626678161998, -0.3020364273999947]",[1],J1106.4-3643,bcu,bll,J1106.5-3646,bll,J1106.5-3646,bll,J1106.5-3646,bll,AGN,AGN,AGN,AGN
858,J1107.0-4449,fsrq,J1107.4-4447,"[2.6573636531829834, 2.487285614013672, 2.05375075340271, 97.70687103271484, -27.96205545580899, -27.607005733594296, -27.809404941326985, -27.668249814536377, -23.42680787161259, 0.22031059861183167, 0.4783651828765869, 4.738842487335205, 22.693105697631836, -0.26876570671613875, -0.6103505743697321, -0.7935394240921397, -0.8103361720032383, -0.9679309692659727, -0.9998627189788011]",[1],J1107.4-4447,fsrq,fsrq,J1107.0-4449,fsrq,J1107.0-4449,fsrq,J1107.0-4449,fsrq,AGN,AGN,AGN,AGN
859,J1107.6+0222,bll,J1107.5+0223,"[2.1716954708099365, 2.2015795707702637, 2.126540422439575, 4.462748050689697, -31.63715802451327, -31.535930957973164, -28.125382126266572, -31.573422359346416, -23.623242217988327, -0.02824578993022442, 0.0, 0.7571244835853577, 14.86351203918457, 0.49423010032511355, -0.532512442642282, -0.6682865954338716, -0.4129301341148855, -0.5588985648719345, -0.6654548291050407]",[1],J1107.5+0223,bll,bll,J1107.6+0222,bll,J1107.6+0222,bll,J1107.6+0222,bll,AGN,AGN,AGN,AGN
860,J1107.8+1501,bll,J1107.8+1502,"[1.954222559928894, 1.8272933959960938, 1.5497390031814575, 7.719949245452881, -32.27824097332047, -31.935788778935176, -28.120612588725916, -32.013241045868334, -23.694579826813833, 0.12679128348827362, 0.06201619282364845, 2.578443765640259, 19.391815185546875, 0.9875290745723518, -0.38081893261512734, -0.4153733629350051, -0.3507526979727813, -0.601586011705884, -0.8404638526610266]",[1],J1107.8+1502,bll,bll,J1107.8+1501,bll,J1107.8+1501,bll,J1107.8+1501,bll,AGN,AGN,AGN,AGN
861,J1109.3+2411,bll,J1109.4+2411,"[1.9726886749267578, 1.9477430582046509, 1.8465657234191895, 7.187459945678711, -32.664389554213514, -32.47061121158355, -28.36614282433907, -32.55572420208039, -23.910610463129427, 0.020104987546801567, 0.07475817203521729, 0.35753265023231506, 12.151962280273438, -0.18035861054337343, -0.6076561062426189, -0.4968028357517219, -0.37886048300992825, -0.6342123841992067, -0.1956181246216218]",[1],J1109.4+2411,bll,bll,J1109.3+2411,bll,J1109.3+2411,bll,J1109.3+2411,bll,AGN,AGN,AGN,AGN
862,J1109.6+3735,bll,J1109.6+3734,"[1.7481311559677124, 1.5276507139205933, 1.1452651023864746, 18.046682357788086, -34.416696438062274, -33.991174114290835, -28.427995520899447, -34.12288810211293, -24.014215563065758, 0.19509489834308624, 0.5318406224250793, 1.7333933115005493, 8.806631088256836, 0.6142619616228135, -0.9963797846391581, 0.8998714528793885, -0.4032544596471818, -0.25350203482208505, -0.6294908953940211]",[1],J1109.6+3734,bll,bll,J1109.6+3735,bll,J1109.6+3735,bll,J1109.6+3735,bll,AGN,AGN,AGN,AGN
863,J1109.7-4814,bcu,J1109.4-4815,"[2.4650802612304688, 2.409956216812134, 2.14020037651062, 14.515743255615234, -30.986004177272402, -30.72158491095474, -27.95038208915965, -30.71434614079241, -23.768130986904637, 0.11754178255796432, 0.4864121079444885, 1.1125432252883911, 5.513340950012207, -0.6650851543632043, -0.637627294750577, -0.8450638413314575, -0.49047067125044314, -0.6527360989037322, -0.9995585381505234]",[1],J1109.4-4815,bcu,bcu,J1109.7-4814,bcu,J1109.7-4814,bcu,J1109.7-4814,bcu,AGN,AGN,AGN,AGN
864,J1110.2+7135,bll,J1110.0+7134,"[1.8670294284820557, 1.7834619283676147, 1.6384385824203491, 13.329015731811523, -33.540538208149265, -33.2018962711432, -28.56623475420707, -33.35253471199378, -24.158286089720395, 0.1127624586224556, 0.3142928183078766, 2.0916640758514404, 14.397101402282715, -0.9996030075280689, 0.9995146578858477, -0.3027358614221472, -0.3474033980055836, -0.667203806707429, -0.1725075013392544]",[1],J1110.0+7134,bll,bll,J1110.2+7135,bll,J1110.2+7135,bll,J1110.2+7135,bll,AGN,AGN,AGN,AGN
865,J1110.5-1836,bll,J1110.4-1835,"[2.006195306777954, 1.9246851205825806, 1.710771918296814, 28.981218338012695, -32.55780650044939, -32.30675172804911, -28.04317978439594, -32.35660160438748, -23.546403614093883, 0.07005354017019272, 0.5659286379814148, 1.1614391803741455, 15.32436752319336, 0.9240611177404083, -0.4216580990058748, -0.6409096302546782, -0.40960026769995583, -0.4985329861930971, -0.7164408295410987]",[1],J1110.4-1835,bll,bll,J1110.5-1836,bll,J1110.5-1836,bll,J1110.5-1836,bll,AGN,AGN,AGN,AGN
866,J1111.8-6039,PSR,J1111.9-6038,"[2.201526165008545, 2.2033133506774902, 1.2669657468795776, 7.858114719390869, -31.360083008568335, -31.004378798184653, -26.35381529314092, -30.942673410794757, -21.72872778613325, 0.30863112211227417, 0.03752649202942848, 11.28037166595459, 40.0932502746582, 0.9559967518660747, -0.4802750761596667, -0.3392468390776145, -0.48318144404295216, -0.8008904191831169, -0.8991384189345377]",[0],J1111.9-6038,spp,PSR,J1111.8-6039,PSR,J1111.8-6039,PSR,J1111.8-6039,PSR,PSR,PSR,PSR,PSR
867,J1112.4+1751,bll,J1112.6+1749,"[2.3234024047851562, 2.3662729263305664, 2.42010498046875, 4.3013176918029785, -31.912873085884673, -31.929867838444714, -28.514262141015845, -31.933062665590302, -24.18306717374966, -0.08061651140451431, 0.0, 1.4036608934402466, 6.051642417907715, -0.3432751978212012, -0.655745605936088, -0.6399168245762539, -0.4337888036967651, -0.9991445699101709, 0.9964387208837873]",[1],J1112.6+1749,bll,bll,J1112.4+1751,bll,J1112.4+1751,bll,J1112.4+1751,bll,AGN,AGN,AGN,AGN
868,J1112.5+3448,fsrq,J1112.4+3449,"[2.4976069927215576, 2.3957808017730713, 2.2146713733673096, 206.62330627441406, -28.61168623819735, -28.38575639499376, -27.97684557632818, -28.46309446363299, -23.551804822625698, 0.1012875884771347, 0.6843112707138062, 2.9154915809631348, 28.649246215820312, -0.34628596676833684, -0.5729157457867688, -0.7119291494422124, -0.7969056990439531, -0.763372383432557, -0.9992734440451216]",[1],J1112.4+3449,fsrq,fsrq,J1112.5+3448,fsrq,J1112.5+3448,fsrq,J1112.5+3448,fsrq,AGN,AGN,AGN,AGN
869,J1117.0+2013,bll,J1117.0+2014,"[1.9521543979644775, 1.9544885158538818, 1.9290205240249634, 76.51838684082031, -31.543526216841368, -31.38538532841227, -27.752741723953267, -31.488363408198758, -23.364897017604893, -0.0016369054792448878, 0.430175244808197, 0.10448808968067169, 38.4752082824707, 0.46189877070357627, -0.5758725929728236, -0.5302510478920723, -0.36534495323525423, -0.6313028800403284, -0.2577936864264944]",[1],J1117.0+2014,bll,bll,J1117.0+2013,bll,J1117.0+2013,bll,J1117.0+2013,bll,AGN,AGN,AGN,AGN
870,J1117.6+2550,bll,J1117.3+2546,"[2.2720649242401123, 2.2174746990203857, 1.883012056350708, 2.205188035964966, -31.408507611713265, -31.112403924166724, -28.510397531002315, -31.138544436601563, -24.01518821043347, 0.10396057367324829, 0.0, 1.2494789361953735, 9.856366157531738, 0.9502546726276435, -0.5850551691326334, -0.6236426665942517, -0.5394245496322536, -0.8704623463177112, -0.9999994189154281]",[1],J1117.3+2546,bll,bll,J1117.6+2550,bll,J1117.6+2550,bll,J1117.6+2550,bll,AGN,AGN,AGN,AGN
871,J1118.0+5356,bll,J1117.9+5355,"[1.9171123504638672, 1.8409333229064941, 1.7120208740234375, 11.004679679870605, -32.20105958823555, -31.908356469778624, -28.131764820105317, -32.01690989417148, -23.765801434907747, 0.0752827525138855, 0.12262658774852753, 2.780393362045288, 29.77826499938965, 0.9979684743517347, -0.16373339391394126, -0.5167934751024013, -0.41072233119169443, -0.5517412537999853, -0.4939197810501029]",[1],J1117.9+5355,bll,bll,J1118.0+5356,bll,J1118.0+5356,bll,J1118.0+5356,bll,AGN,AGN,AGN,AGN
872,J1118.2-4634,fsrq,J1117.7-4632,"[2.5108001232147217, 2.549551486968994, 1.6145395040512085, 44.66896057128906, -30.1591863542315, -29.741389732400037, -27.913912969235867, -29.680357187762734, -23.517338726042556, 0.32315629720687866, 0.7109777927398682, 2.891096353530884, 9.795717239379883, 0.07726057039214555, -0.4935420440526507, -0.7757108258426176, -0.6805750950539556, -0.9050393190487434, 0.4038418661527991]",[1],J1117.7-4632,fsrq,fsrq,J1118.2-4634,fsrq,J1118.2-4634,fsrq,J1118.2-4634,fsrq,AGN,AGN,AGN,AGN
873,J1118.2-0415,agn,J1118.2-0411,"[2.644960641860962, 2.594763994216919, 2.3355355262756348, 235.99742126464844, -29.39116585553074, -29.108255632023756, -27.976638987887355, -29.167922363044344, -23.755862589296783, 0.13132677972316742, 1.5381187200546265, 1.989395022392273, 11.997624397277832, -0.5277564963987654, -0.5859107612302001, -0.7626680029083622, -0.7686788165378884, -0.9172345896858805, -0.9999820108008785]",[1],J1118.2-0411,agn,agn,J1118.2-0415,agn,J1118.2-0415,agn,J1118.2-0415,agn,AGN,AGN,AGN,AGN
874,J1119.1-6127,PSR,J1119.1-6127,"[2.317471981048584, 2.3516643047332764, 1.8825892210006714, 10.861151695251465, -30.877430024488152, -30.60066915013596, -26.59642991226322, -30.611298814592413, -22.188842073126352, 0.15777616202831268, 0.09256735444068909, 5.704044818878174, 30.027660369873047, 0.9293420801613749, -0.2147044056133304, -0.5951703498146365, -0.6304881624618627, -0.8046496626242898, -0.6131089781746004]",[0],J1119.1-6127,PSR,PSR,J1119.1-6127,PSR,J1119.1-6127,PSR,J1119.0-6127e,SPP,AGN,AGN,AGN,AGN
875,J1119.1-6127,PSR,J1119.1-6127,"[2.317471981048584, 2.3516643047332764, 1.8825892210006714, 10.861151695251465, -30.877430024488152, -30.60066915013596, -26.59642991226322, -30.611298814592413, -22.188842073126352, 0.15777616202831268, 0.09256735444068909, 5.704044818878174, 30.027660369873047, 0.9293420801613749, -0.2147044056133304, -0.5951703498146365, -0.6304881624618627, -0.8046496626242898, -0.6131089781746004]",[0],J1119.1-6127,PSR,PSR,J1119.1-6127,PSR,J1119.1-6127,PSR,J1119.1-6127,PSR,AGN,AGN,AGN,AGN
876,J1119.6-3047,bll,J1119.7-3046,"[1.7063521146774292, 1.7526235580444336, 1.4589093923568726, 5.837301731109619, -35.66453048477447, -35.62157332401186, -28.55856348815842, -35.49783432362292, -23.94250949482959, -0.05197334289550781, 0.0, 0.5999038815498352, 5.249032020568848, -0.5211771025473777, 0.9980291965565117, -0.8920158194834773, -0.18613114227031355, -0.23894805515910347, 0.16845940651651992]",[1],J1119.7-3046,bll,bll,J1119.6-3047,bll,J1119.6-3047,bll,J1119.6-3047,bll,AGN,AGN,AGN,AGN
877,J1120.8+4212,bll,J1120.8+4212,"[1.6296484470367432, 1.5517125129699707, 1.403006911277771, 6.516373157501221, -33.20306700454797, -32.87376414358061, -27.56150049691086, -32.99268666604632, -23.505633349177035, 0.057097189128398895, 0.0, 2.752880573272705, 40.31294631958008, -0.7114922661602172, -0.49276429210096273, -0.29993473159177514, -0.3063075237833508, -0.1839404598411421, -0.3633160363984231]",[1],J1120.8+4212,bll,bll,J1120.8+4212,bll,J1120.8+4212,bll,J1120.8+4212,bll,AGN,AGN,AGN,AGN
878,J1121.4-0553,fsrq,J1121.4-0554,"[2.4200499057769775, 2.320478677749634, 2.0751030445098877, 295.9507141113281, -28.747313861806774, -28.491855394840904, -27.67503373413577, -28.560892840044126, -23.134307659716328, 0.12310008704662323, 0.6493743658065796, 5.705904960632324, 42.96139144897461, -0.3176510560578161, -0.6049128212195909, -0.6656757267348207, -0.6998396765098445, -0.9330585613551915, -0.5160521044685955]",[1],J1121.4-0554,fsrq,fsrq,J1121.4-0553,fsrq,J1121.4-0553,fsrq,J1121.4-0553,fsrq,AGN,AGN,AGN,AGN
879,J1123.8+7230,bll,J1123.6+7231,"[1.6226041316986084, 1.552207589149475, 1.1769264936447144, 2.659403085708618, -35.544428242538345, -35.05759951364414, -28.896935229639812, -35.13034102617194, -24.599312201664407, 0.1545630246400833, 0.0, 1.647382378578186, 6.095192909240723, -0.9982052974401356, -0.9999991609157579, 0.9999999886552171, -0.6216444143204597, -0.04603623285066064, -0.2660388274812863]",[1],J1123.6+7231,bll,bll,J1123.8+7230,bll,J1123.8+7230,bll,J1123.8+7230,bll,AGN,AGN,AGN,AGN
880,J1124.0+2336,fsrq,J1124.1+2337,"[2.4326510429382324, 2.4363088607788086, 2.402526617050171, 10.337411880493164, -30.86146282060498, -30.723541938425864, -28.062823922811223, -30.788365426117405, -23.78223680477277, 0.017735712230205536, 0.16259029507637024, 0.4608395993709564, 12.874475479125977, -0.999950158539279, 0.9995758281543594, -0.7451790667348542, -0.6185065592260841, -0.6822588028568458, -0.641067924826595]",[1],J1124.1+2337,fsrq,fsrq,J1124.0+2336,fsrq,J1124.0+2336,fsrq,J1124.0+2336,fsrq,AGN,AGN,AGN,AGN
881,J1124.0-3653,PSR,J1123.9-3653,"[2.1193156242370605, 1.9068511724472046, 1.0418274402618408, 5.225950241088867, -30.688773667481104, -30.24137792048132, -27.959100531837326, -30.25930400526274, -23.026028012839703, 0.33768582344055176, 0.0, 9.676543235778809, 34.46057891845703, 0.9998900980904848, -0.278471235987113, -0.4249308161894401, -0.5425228271226082, -0.9229274628472414, -0.9999726986121397]",[0],J1123.9-3653,PSR,PSR,J1124.0-3653,PSR,J1124.0-3653,MSP,J1124.0-3653,MSP,PSR,PSR,PSR,PSR
882,J1124.7-5915,PSR,J1124.5-5915,"[2.4564695358276367, 2.3258070945739746, 1.7072826623916626, 7.653470993041992, -28.961230382751875, -28.618669494189305, -26.760183362390396, -28.6672927816647, -22.410481288089642, 0.2440091222524643, 0.02149096131324768, 11.076109886169434, 55.01420593261719, 0.9247657979855717, -0.46640723678460977, -0.625731877933259, -0.7736335805691362, -0.9062217079388428, -0.7466648768426256]",[0],J1124.5-5915,PSR,PSR,J1124.7-5915,PSR,J1124.7-5915,PSR,J1124.7-5915,PSR,PSR,PSR,PSR,PSR
883,J1124.9+4934,bll,J1124.9+4932,"[1.7583197355270386, 1.5349195003509521, 1.323290467262268, 33.750587463378906, -32.864327372075294, -32.53556582432254, -28.114978360551188, -32.63317368571765, -23.807289427539004, 0.13813532888889313, 0.5601613521575928, 3.231868267059326, 20.14458656311035, -0.9346205811374252, 0.9968172494171473, -0.16604187488048378, -0.37205309536115494, -0.30156747983391646, -0.6436482450441023]",[1],J1124.9+4932,bll,bll,J1124.9+4934,bll,J1124.9+4934,bll,J1124.9+4934,bll,AGN,AGN,AGN,AGN
884,J1125.1-2101,bll,J1125.0-2101,"[1.9209318161010742, 1.7476338148117065, 1.4845786094665527, 16.69304656982422, -32.70538761182481, -32.35297834878419, -28.083761125489772, -32.43384668604159, -23.6500769347617, 0.1395169049501419, 0.34849512577056885, 2.2297441959381104, 14.421039581298828, -0.9940414421735875, 0.8975469245888483, -0.2220639048448667, -0.45611748502696614, -0.5467705698387928, -0.47622001813011283]",[1],J1125.0-2101,bcu,bll,J1125.1-2101,bll,J1125.1-2101,bll,J1125.1-2101,bll,AGN,AGN,AGN,AGN
885,J1125.5-3557,bll,J1125.5-3558,"[2.0182924270629883, 2.016545295715332, 2.003878593444824, 35.71425247192383, -32.35626783672641, -32.22414088974325, -28.074633413704934, -32.306294626145316, -23.583181287235856, 0.0025360852014273405, 0.663175642490387, 0.09621039777994156, 16.093191146850586, 0.9245716259715541, -0.3614958480717184, -0.5183412696929437, -0.5944348814616964, -0.4097445013946874, -0.41313166684610364]",[1],J1125.5-3558,bll,bll,J1125.5-3557,bll,J1125.5-3557,bll,J1125.5-3557,bll,AGN,AGN,AGN,AGN
886,J1125.6-5825,PSR,J1125.3-5824,"[2.2022056579589844, 1.9568698406219482, 0.5724563598632812, 1.8149757385253906, -31.912672092040236, -31.35562082381502, -27.911507059221822, -31.391691975024667, -22.928998143174866, 0.5198578238487244, 0.0, 5.532288074493408, 15.321250915527344, -0.9995114329373043, 0.9944854551631661, -0.3699317313484661, -0.39402334560694463, -0.9241434374932411, -0.9999923683694825]",[0],J1125.3-5824,PSR,PSR,J1125.6-5825,PSR,J1125.6-5825,MSP,J1125.6-5825,MSP,PSR,PSR,PSR,PSR
887,J1125.9-0742,bll,J1125.8-0745,"[1.9776506423950195, 1.9691466093063354, 1.8182673454284668, 1.6968731880187988, -33.44505051985856, -33.2938752929114, -28.299071420385797, -33.32846958682207, -23.769719793731678, 0.007294469512999058, 0.0, 0.11996203660964966, 7.848942279815674, -0.9998464783768907, 0.9942173883650475, -0.5641209888009204, -0.4454412708516588, -0.2663727531399608, -0.7364025622616541]",[1],J1125.8-0745,bll,bll,J1125.9-0742,bll,J1125.9-0742,bll,J1125.9-0742,bll,AGN,AGN,AGN,AGN
888,J1125.9+2005,fsrq,J1125.9+2007,"[2.323244094848633, 2.2576284408569336, 1.8075062036514282, 22.652082443237305, -31.063906213639626, -30.699470663702293, -28.414835737826696, -30.75897397779406, -23.953416857366957, 0.19497506320476532, 0.478732168674469, 2.356003761291504, 9.372557640075684, 0.9015687033003136, 0.09001838477735102, -0.7100287197511884, -0.5850804901750146, -0.9599856055306618, -0.9999999964100607]",[1],J1125.9+2007,fsrq,fsrq,J1125.9+2005,fsrq,J1125.9+2005,fsrq,J1125.9+2005,fsrq,AGN,AGN,AGN,AGN
889,J1126.4-6011,PSR,J1125.6-6012,"[2.5182697772979736, 2.0701019763946533, 0.24163922667503357, 3.830167055130005, -31.408410252635548, -30.934393287125822, -27.657642899766888, -30.892472909585234, -22.8868595395236, 0.8155040740966797, 0.0, 3.170748233795166, 5.446212291717529, -0.9328567093508365, -0.3022504007462111, -0.46850179622177074, -0.6080626358256883, -0.9999749174094917, 0.8250518183308991]",[0],J1125.6-6012,psr,PSR,J1126.4-6011,PSR,J1126.4-6011,MSP,J1126.4-6011,MSP,AGN,AGN,AGN,AGN
890,J1126.8-3829,bcu,J1126.7-3834,"[2.267054557800293, 2.2241628170013428, 1.9635419845581055, 14.770442962646484, -30.880600396127786, -30.609056220647712, -28.112839474532155, -30.654112509348906, -23.604780840270717, 0.1009879782795906, 0.26376551389694214, 2.453610897064209, 16.729734420776367, -0.0998066891862692, -0.40793084639815785, -0.7170562824136938, -0.4892956315242942, -0.7369121587899466, -0.9999998288877272]",[1],J1126.7-3834,bcu,bcu,J1126.8-3829,bcu,J1126.8-3829,bcu,J1126.8-3829,bcu,AGN,AGN,AGN,AGN
891,J1127.0-1857,fsrq,J1127.0-1857,"[2.1934096813201904, 2.0871288776397705, 2.0040781497955322, 2645.216796875, -28.289023504765172, -28.079866665730624, -27.130577705509264, -28.18319380531772, -22.4870498226319, 0.07910441607236862, 0.8018043041229248, 8.318441390991211, 115.18711853027344, -0.2193795044657224, -0.46443370251086463, -0.6054804647390397, -0.6255864536423894, -0.7000761838517414, -0.7657911214397753]",[1],J1127.0-1857,fsrq,fsrq,J1127.0-1857,fsrq,J1127.0-1857,fsrq,J1127.0-1857,fsrq,AGN,AGN,AGN,AGN
892,J1127.8+3618,fsrq,J1127.8+3618,"[2.3605785369873047, 2.3370025157928467, 2.2212393283843994, 144.90444946289062, -30.07582099718586, -29.863342470526856, -28.031275113426275, -29.918636363867815, -23.48455728634377, 0.049995385110378265, 0.5796868205070496, 1.9758591651916504, 29.838685989379883, 0.9937543042619014, -0.6439279222798103, -0.6792744229641783, -0.6122936808931146, -0.7156349116545471, -0.967515899806686]",[1],J1127.8+3618,fsrq,fsrq,J1127.8+3618,fsrq,J1127.8+3618,fsrq,J1127.8+3618,fsrq,AGN,AGN,AGN,AGN
893,J1128.0+5924,fsrq,J1128.0+5921,"[2.4912359714508057, 2.4280846118927, 2.1475281715393066, 50.91948318481445, -30.296040851063456, -30.071387698059656, -28.547021138141048, -30.09969637801758, -24.10926326503655, 0.08008038997650146, 0.5938499569892883, 1.434252381324768, 15.485154151916504, -0.5488298670984667, -0.7330246484042394, -0.6264749535055424, -0.6352830508143801, -0.9999921820214042, 0.14136004901693644]",[1],J1128.0+5921,fsrq,fsrq,J1128.0+5924,fsrq,J1128.0+5924,fsrq,J1128.0+5924,fsrq,AGN,AGN,AGN,AGN
894,J1129.1+3703,bll,J1129.0+3705,"[2.140238046646118, 2.0761075019836426, 1.8677009344100952, 42.6797981262207, -32.52854704348151, -32.2915918921002, -28.294664147736214, -32.31208990561514, -23.831732487398114, 0.09078939259052277, 0.9950172901153564, 1.3952139616012573, 12.22397518157959, -0.9992136933033674, 0.9699813292313761, -0.5498064574321849, -0.5319894391679102, -0.6523409563463942, -0.7035817239450031]",[1],J1129.0+3705,bll,bll,J1129.1+3703,bll,J1129.1+3703,bll,J1129.1+3703,bll,AGN,AGN,AGN,AGN
895,J1129.8-1447,fsrq,J1129.9-1446,"[2.723485231399536, 2.6843245029449463, 2.489427328109741, 510.0212097167969, -28.26035867622419, -28.008844527507158, -28.03594183569761, -28.066090353391584, -23.662080445645906, 0.07637066394090652, 1.4458979368209839, 1.8621752262115479, 21.33038330078125, -0.2686346300762019, -0.6883623812322199, -0.7857139157117995, -0.8251037168777468, -0.990069804150941, -0.9464102003123965]",[1],J1129.9-1446,fsrq,fsrq,J1129.8-1447,fsrq,J1129.8-1447,fsrq,J1129.8-1447,fsrq,AGN,AGN,AGN,AGN
896,J1129.8-4217,bll,J1129.4-4215,"[2.3138606548309326, 1.962857723236084, 0.44259005784988403, 16.993715286254883, -31.1219898439892, -30.517789762863952, -28.587772185739574, -30.530719507001592, -23.559042930857263, 0.5835216045379639, 0.546207070350647, 4.1381402015686035, 8.86283016204834, -0.9666200241416869, 0.8240804421081421, -0.38780734359531605, -0.6455206757898457, -0.9999809674224343, -0.825962862605966]",[1],J1129.4-4215,bcu,bll,J1129.8-4217,bll,J1129.8-4217,bll,J1129.8-4217,bll,AGN,AGN,AGN,AGN
897,J1130.8+1016,bll,J1132.8+1015,"[2.809870719909668, 2.7921042442321777, 2.717456817626953, 2.711435079574585, -28.111847584969794, -27.896925312231502, -28.255085805633687, -27.99478671845463, -23.973859925787004, 0.021958861500024796, 0.0, 0.33857280015945435, 10.443754196166992, 0.2649526049275185, -0.7496461697568662, -0.8025361498733624, -0.7753010341459934, -0.9537646541512649, -0.9987521241148767]",[1],J1132.8+1015,fsrq,bll,J1130.8+1016,bll,J1130.8+1016,bll,J1130.8+1016,bll,AGN,AGN,AGN,AGN
898,J1131.0+3815,fsrq,J1131.4+3819,"[2.5509049892425537, 2.6359291076660156, 2.1584794521331787, 128.26055908203125, -30.08803836413506, -29.851206028180062, -27.732438562895357, -29.816408733515264, -23.531631228985894, 0.1576656997203827, 0.7278900742530823, 4.392374515533447, 20.096439361572266, 0.9532072117902399, -0.6674117946544387, -0.7306086543462315, -0.7974611470727708, -0.8394872840049029, -0.9999415480655253]",[1],J1131.4+3819,fsrq,fsrq,J1131.0+3815,fsrq,J1131.0+3815,fsrq,J1131.0+3815,fsrq,AGN,AGN,AGN,AGN
899,J1131.4+5809,bll,J1131.1+5810,"[2.183776378631592, 2.1936113834381104, 2.147411584854126, 14.033527374267578, -31.982505039927677, -31.87804252368272, -28.590021078453365, -31.92576475635182, -24.082165112908722, -0.011312554590404034, 0.28866860270500183, 0.2870061993598938, 15.525442123413086, 0.9402823260110891, -0.12540556126627028, -0.7345213515703544, -0.3923284537505886, -0.5540038279828823, -0.6214941307565095]",[1],J1131.1+5810,bll,bll,J1131.4+5809,bll,J1131.4+5809,bll,J1131.4+5809,bll,AGN,AGN,AGN,AGN
900,J1131.4-0504,bcu,J1131.9-0503,"[2.479865550994873, 2.7171316146850586, 0.7226917743682861, 24.36199378967285, -30.23503464508292, -29.70695189653701, -28.124114775465944, -29.89263784013405, -23.584130914606234, 0.7553800344467163, 0.6414234042167664, 3.8673019409179688, 7.922981262207031, -0.47528372899802895, 0.1624491312925928, -0.8105468784360791, -0.874111976772812, -0.42716342317185857, -0.999975679997962]",[1],J1131.9-0503,bcu,bcu,J1131.4-0504,bcu,J1131.4-0504,bcu,J1131.4-0504,bcu,AGN,AGN,AGN,AGN
901,J1132.7+0034,bll,J1132.7+0034,"[2.1502492427825928, 2.12512469291687, 2.0467922687530518, 21.46126365661621, -30.2156476158831, -30.015901748415175, -27.69746957291616, -30.10411260339698, -23.118781121585645, 0.02671937085688114, 0.14654719829559326, 1.5038301944732666, 48.056705474853516, -0.11643970857651591, -0.5599358409627265, -0.581946950523445, -0.5289670806929319, -0.6309944435298662, -0.719933000242273]",[1],J1132.7+0034,bll,bll,J1132.7+0034,bll,J1132.7+0034,bll,J1132.7+0034,bll,AGN,AGN,AGN,AGN
902,J1135.2-6055,PSR,J1135.2-6054,"[2.4072673320770264, 2.3909173011779785, 1.550014853477478, 6.786691665649414, -30.267785715435732, -29.94462117680176, -26.98090564197648, -29.92724118534799, -22.3947360050063, 0.27572083473205566, 0.0, 10.171271324157715, 42.68749237060547, 0.11182389817904584, -0.2886605073481743, -0.5769222140585086, -0.6963359941985022, -0.9472028715057557, -0.7247784961670978]",[0],J1135.2-6054,PSR,PSR,J1135.2-6055,PSR,J1135.2-6055,PSR,J1135.2-6055,PSR,PSR,PSR,PSR,PSR
903,J1136.0-6824,bcu,J1136.6-6826,"[2.3853020668029785, 2.4230215549468994, 2.0538268089294434, 12.601731300354004, -31.465629510977475, -31.20197561434196, -27.739725152151088, -31.060587555497523, -23.531244451168128, 0.16737382113933563, 0.4067348837852478, 2.3481786251068115, 8.163411140441895, 0.9887616440938249, -0.212663360245715, -0.6218096012927554, -0.819816040210868, -0.22803149655104318, -0.999998716025357]",[1],J1136.6-6826,bcu,bcu,J1136.0-6824,bcu,J1136.0-6824,bcu,J1136.0-6824,bcu,AGN,AGN,AGN,AGN
904,J1136.2+3407,fsrq,J1136.4+3405,"[2.6214146614074707, 2.525697946548462, 1.9511370658874512, 39.2495231628418, -29.37134451011137, -28.982770344489165, -28.430374887797814, -28.959362403833424, -24.078020277395584, 0.23029330372810364, 0.5965725779533386, 2.824031352996826, 11.214826583862305, 0.1456866989627257, -0.6316902968230168, -0.7585424474670515, -0.8165654974340827, -0.9080933200274743, -0.9963618398953011]",[1],J1136.4+3405,fsrq,fsrq,J1136.2+3407,fsrq,J1136.2+3407,fsrq,J1136.2+3407,fsrq,AGN,AGN,AGN,AGN
905,J1136.4+6736,bll,J1136.6+6736,"[1.7535312175750732, 1.7390104532241821, 1.682934045791626, 23.503477096557617, -33.53058411212084, -33.316516808413745, -28.216641273688943, -33.42520601862123, -23.96360148333869, 0.01152602769434452, 0.3502759039402008, 0.3948611319065094, 25.37441635131836, 0.9970051402085112, -0.2752994855786655, -0.5443393881014073, -0.3529243356221201, -0.35019786374581413, -0.37540627928035475]",[1],J1136.6+6736,bll,bll,J1136.4+6736,bll,J1136.4+6736,bll,J1136.4+6736,bll,AGN,AGN,AGN,AGN
906,J1136.4+7009,bll,J1136.6+7009,"[1.7979893684387207, 1.7745665311813354, 1.7367360591888428, 20.38882064819336, -32.574478258778306, -32.35789971436588, -27.908098659713453, -32.483262825620685, -23.689549014269037, 0.0185638926923275, 0.18341206014156342, 1.0736056566238403, 42.468929290771484, -0.09887412016716458, -0.306484993415744, -0.46215188971285237, -0.37811178675111534, -0.5098679456006732, -0.18029945894730426]",[1],J1136.6+7009,bll,bll,J1136.4+7009,bll,J1136.4+7009,bll,J1136.4+7009,bll,AGN,AGN,AGN,AGN
907,J1136.8+2550,bll,J1136.9+2551,"[1.860421061515808, 1.9022525548934937, 1.855985164642334, 9.944549560546875, -33.69364991112288, -33.59704951733629, -28.423663507042424, -33.63906875363415, -23.975899739229433, -0.0346219502389431, 0.17339929938316345, 0.6949549913406372, 10.231877326965332, 0.9967352259153339, -0.6219253360198671, -0.4443777742305474, -0.542214175136039, -0.3720315326309111, -0.07682670840891266]",[1],J1136.9+2551,bll,bll,J1136.8+2550,bll,J1136.8+2550,bll,J1136.8+2550,bll,AGN,AGN,AGN,AGN
908,J1136.8-7413,bcu,J1136.1-7411,"[2.362534523010254, 2.2793493270874023, 1.6856765747070312, 10.13943099975586, -30.329636800329702, -29.942997842441173, -27.799417361533887, -29.962151271587746, -23.263066666920317, 0.2267485409975052, 0.13727140426635742, 4.521488666534424, 16.31458282470703, 0.999850268036974, -0.4311272736419184, -0.5962474794369175, -0.7155357464640977, -0.955524042273977, 0.0024519150463883518]",[1],J1136.1-7411,bcu,bcu,J1136.8-7413,bcu,J1136.8-7413,bcu,J1136.8-7413,bcu,AGN,AGN,AGN,AGN
909,J1137.6+7527,PSR,J1136.1+7523,"[2.1010000705718994, 2.297557830810547, 0.05769213289022446, 4.843228340148926, -33.75469855589183, -33.06575488193887, -29.508615264444998, -33.212690891566595, -24.181238106515845, 0.70912104845047, 0.0, 3.3196916580200195, 5.147134780883789, -0.9999956288646655, 0.9999938833172107, -0.3228313155104031, -0.4236346949427334, -0.9997475826308586, -0.8025405983775703]",[0],J1136.1+7523,PSR,PSR,J1137.6+7527,PSR,J1137.6+7527,MSP,J1137.6+7527,MSP,AGN,AGN,AGN,AGN
910,J1138.4+4857,fsrq,J1138.2+4905,"[2.7274956703186035, 2.7403042316436768, 2.5919644832611084, 4.178699493408203, -29.39780988299814, -29.280022873047052, -28.54186539461034, -29.289856873158133, -24.282503238165848, -0.014010682702064514, 0.0, 0.2047150433063507, 7.643186569213867, -0.3842534243446353, -0.8973185470037234, -0.320515677181278, -0.8912061975358713, -0.9993043887419816, -0.19661987687456528]",[1],J1138.2+4905,bcu,fsrq,J1138.4+4857,fsrq,J1138.4+4857,fsrq,J1138.4+4857,fsrq,AGN,AGN,AGN,AGN
911,J1140.5+1528,bll,J1140.4+1529,"[1.680821180343628, 1.6090295314788818, 1.4155800342559814, 4.889011859893799, -35.10673760908548, -34.756435502696256, -28.38275564177717, -34.86213267676805, -23.932586376020566, 0.07239153236150742, 0.0, 0.7743562459945679, 8.244701385498047, -0.8838897483567215, -0.9999997830935867, 0.9999962198634353, -0.6084274449716942, 0.058190017517663464, -0.37332554338863905]",[1],J1140.4+1529,bll,bll,J1140.5+1528,bll,J1140.5+1528,bll,J1140.5+1528,bll,AGN,AGN,AGN,AGN
912,J1141.4+6805,bcu,J1141.2+6805,"[1.7052077054977417, 1.3626151084899902, 1.0280698537826538, 5.410393714904785, -33.92476664712619, -33.470103692538615, -28.428766466946264, -33.62709448797857, -24.15071428680168, 0.2442120611667633, 0.0, 3.2632319927215576, 12.929169654846191, -0.9955180959760236, -0.6937235176791434, 0.9992377055847957, -0.21186732865048097, -0.5230499453466199, -0.32242926613521106]",[1],J1141.2+6805,bcu,bcu,J1141.4+6805,bcu,J1141.4+6805,bcu,J1141.4+6805,bcu,AGN,AGN,AGN,AGN
913,J1141.5-1408,bll,J1141.6-1406,"[2.0892364978790283, 2.056286096572876, 2.0076024532318115, 20.943113327026367, -32.26589272140221, -32.02113587564391, -28.342619957730943, -32.16628352894393, -23.840558140387056, 0.04587811604142189, 0.5642048716545105, 0.7257628440856934, 8.638313293457031, -0.6811165916640494, -0.4459011692782294, -0.539280862360579, -0.6337112366372981, -0.3706715535915941, -0.8365050251986758]",[1],J1141.6-1406,bcu,bll,J1141.5-1408,bll,J1141.5-1408,bll,J1141.5-1408,bll,AGN,AGN,AGN,AGN
914,J1142.0+1548,bll,J1142.0+1546,"[2.335797071456909, 2.332322120666504, 2.3046534061431885, 7.373077392578125, -30.28407458528992, -30.120045279970018, -28.134183352569362, -30.219588833881257, -23.592492253522206, 0.00405182084068656, 0.05399952828884125, 0.10795076936483383, 16.760528564453125, 0.9995188375458216, -0.591798099356221, -0.6884776905003376, -0.6021997250020498, -0.5634257816687207, -0.7359617365069532]",[1],J1142.0+1546,bll,bll,J1142.0+1548,bll,J1142.0+1548,bll,J1142.0+1548,bll,AGN,AGN,AGN,AGN
915,J1142.8+0120,PSR,J1142.9+0120,"[2.023481845855713, 1.5945427417755127, 0.8594494462013245, 6.582882404327393, -31.207124768294786, -30.730173465896414, -28.139677567584954, -30.779369413611075, -23.27535791052028, 0.3786250352859497, 0.0, 6.4769110679626465, 23.706539154052734, -0.6245469856675022, -0.24296734373839596, -0.28988339845278166, -0.46643067147353084, -0.8451862445698198, -0.7629086736625695]",[0],J1142.9+0120,PSR,PSR,J1142.8+0120,PSR,J1142.8+0120,MSP,J1142.8+0120,MSP,PSR,PSR,PSR,PSR
916,J1143.1+6122,bll,J1143.0+6123,"[2.072563886642456, 1.8449134826660156, 1.4952280521392822, 61.27720260620117, -31.553573705638232, -31.245827237903747, -28.330507733100305, -31.305498711049726, -23.75226358091619, 0.17373472452163696, 0.6129630208015442, 3.54612135887146, 20.73720932006836, 0.9887692441774244, -0.3541306522257618, -0.3929589841462254, -0.4425180372372742, -0.7180807431600921, -0.838657913646549]",[1],J1143.0+6123,bll,bll,J1143.1+6122,bll,J1143.1+6122,bll,J1143.1+6122,bll,AGN,AGN,AGN,AGN
917,J1144.9+1937,rdg,J1145.1+1935,"[1.9361999034881592, 1.9132952690124512, 1.8523049354553223, 4.153168201446533, -33.161935414878066, -32.960941552065314, -28.40129038896877, -33.05909475905548, -23.93427733714386, 0.02002817578613758, 0.0, 0.37269216775894165, 11.37502384185791, 0.954368786257914, -0.13573894307506454, -0.33522866472091917, -0.4777978437209025, -0.6023606199097561, -0.2248485533269417]",[1],J1145.1+1935,rdg,rdg,J1144.9+1937,rdg,J1144.9+1937,rdg,J1144.9+1937,rdg,AGN,AGN,AGN,AGN
918,J1145.5+4423,fsrq,J1145.8+4425,"[2.2956466674804688, 2.407593250274658, 2.542113780975342, 3.196392774581909, -32.01021800998022, -32.11531102468872, -28.607759096083445, -32.08405803083083, -24.24283708442605, -0.1253448873758316, 0.0, 2.6534500122070312, 6.315390586853027, -0.417864978531066, -0.7605235997934561, -0.5313270731255367, -0.6745342140538084, -0.5486019324910647, -0.9938339548815978]",[1],J1145.8+4425,fsrq,fsrq,J1145.5+4423,fsrq,J1145.5+4423,fsrq,J1145.5+4423,fsrq,AGN,AGN,AGN,AGN
919,J1146.9+3958,fsrq,J1146.8+3958,"[2.3653740882873535, 2.310919761657715, 2.2280213832855225, 1523.6290283203125, -28.416736544188804, -28.211643955801776, -27.49344418448308, -28.302244317184925, -22.9402992987866, 0.059433117508888245, 0.7146591544151306, 5.3993940353393555, 91.00361633300781, -0.13220058019063408, -0.5851486020031689, -0.6895509046362982, -0.6586441934819484, -0.7409278885836701, -0.7786470893029643]",[1],J1146.8+3958,fsrq,fsrq,J1146.9+3958,fsrq,J1146.9+3958,fsrq,J1146.9+3958,fsrq,AGN,AGN,AGN,AGN
920,J1147.0-3812,bll,J1147.0-3811,"[2.2439308166503906, 2.213932752609253, 2.1421849727630615, 83.63251495361328, -29.94800225579859, -29.714447008486484, -27.753815486803386, -29.823803741587287, -23.14990035373463, 0.04826037213206291, 0.30139368772506714, 2.6346869468688965, 44.149757385253906, -0.26084115014339465, -0.5331493314269209, -0.6711080579536547, -0.5175095812722502, -0.7840148777001296, -0.4464982612430803]",[1],J1147.0-3811,fsrq,bll,J1147.0-3812,bll,J1147.0-3812,bll,J1147.0-3812,bll,AGN,AGN,AGN,AGN
921,J1147.8-0724,fsrq,J1147.8-0725,"[2.3961923122406006, 2.27632737159729, 2.087533950805664, 147.70407104492188, -29.291563425212875, -28.99173678570865, -27.879566530663823, -29.088628819169056, -23.374739618001442, 0.14728888869285583, 0.8344259262084961, 3.4222559928894043, 22.449827194213867, 0.9931277909367628, -0.40648711275348465, -0.738429500555569, -0.7254885164372564, -0.6360129852429784, -0.9999821440878782]",[1],J1147.8-0725,fsrq,fsrq,J1147.8-0724,fsrq,J1147.8-0724,fsrq,J1147.8-0724,fsrq,AGN,AGN,AGN,AGN
922,J1149.4+2441,bll,J1149.5+2443,"[1.9189502000808716, 1.7507214546203613, 1.1678969860076904, 4.2464728355407715, -33.98699753300755, -33.562638219452054, -28.43351375566905, -33.601663091565655, -23.90161380915541, 0.23809225857257843, 0.0, 1.7949321269989014, 5.954305171966553, -0.9993813001223671, 0.8922147727623011, -0.3196316703467596, -0.352256633820117, -0.5624792817711848, -0.5370114338391543]",[1],J1149.5+2443,bll,bll,J1149.4+2441,bll,J1149.4+2441,bll,J1149.4+2441,bll,AGN,AGN,AGN,AGN
923,J1150.4+2418,bll,J1150.3+2417,"[2.21264910697937, 2.172764301300049, 2.022975444793701, 22.34564971923828, -30.355165918521223, -30.12582953490834, -27.888748172743593, -30.1815407484449, -23.31059902274796, 0.057984184473752975, 0.1813439428806305, 2.432654619216919, 30.253324508666992, 0.8831939926400364, -0.5535465247574689, -0.6354331322952249, -0.537661042873976, -0.7102084380109904, -0.8840406888661563]",[1],J1150.3+2417,bll,bll,J1150.4+2418,bll,J1150.4+2418,bll,J1150.4+2418,bll,AGN,AGN,AGN,AGN
924,J1150.6+4154,bll,J1150.5+4155,"[1.8194340467453003, 1.6499890089035034, 1.513082504272461, 38.87912368774414, -31.37910339586939, -31.154499060674414, -27.47134169944625, -31.233926918107997, -23.17789219017896, 0.09135449677705765, 0.23076409101486206, 4.554413318634033, 51.97664260864258, -0.05387316355664912, -0.3000046369959764, -0.36404460825569407, -0.32670062129270144, -0.49799691298661397, -0.5512174103147928]",[1],J1150.5+4155,bll,bll,J1150.6+4154,bll,J1150.6+4154,bll,J1150.6+4154,bll,AGN,AGN,AGN,AGN
925,J1151.5-1347,bll,J1151.4-1346,"[2.0190651416778564, 1.969364047050476, 1.855256199836731, 12.574634552001953, -32.170229134539234, -31.923350969765238, -28.170225499308206, -32.021284535630855, -23.687876609113257, 0.048486340790987015, 0.25590991973876953, 1.070833444595337, 14.066853523254395, 0.9997242832400941, -0.3352383410478046, -0.6306690823742578, -0.35262175493401426, -0.536945741886576, -0.5066945036914468]",[1],J1151.4-1346,bll,bll,J1151.5-1347,bll,J1151.5-1347,bll,J1151.5-1347,bll,AGN,AGN,AGN,AGN
926,J1151.5+5859,bll,J1151.4+5858,"[1.8491668701171875, 1.7515286207199097, 1.5431619882583618, 12.650632858276367, -33.0924032271122, -32.78262398597686, -28.12387638857194, -32.853449237980136, -23.748036301475725, 0.08964619785547256, 0.1744362860918045, 2.5875351428985596, 25.753864288330078, 0.684355597548149, -0.707090696374077, -0.4587200769000365, -0.4127224722903263, -0.36487882118000164, -0.6325424194950559]",[1],J1151.4+5858,bll,bll,J1151.5+5859,bll,J1151.5+5859,bll,J1151.5+5859,bll,AGN,AGN,AGN,AGN
927,J1152.3-0839,fsrq,J1152.3-0841,"[2.382978677749634, 2.327085494995117, 2.1552488803863525, 124.18746185302734, -30.061654736692663, -29.79611793165259, -28.018595130693935, -29.87751145340346, -23.497771113513892, 0.08500562608242035, 0.7461665272712708, 2.075212240219116, 20.027050018310547, -0.3633414879868099, -0.640657687328077, -0.6530723439790888, -0.6484737064216956, -0.7971782478032061, -0.9999081860387918]",[1],J1152.3-0841,fsrq,fsrq,J1152.3-0839,fsrq,J1152.3-0839,fsrq,J1152.3-0839,fsrq,AGN,AGN,AGN,AGN
928,J1153.4+4931,FSRQ,J1153.4+4932,"[2.407874584197998, 2.377429485321045, 2.2471797466278076, 1085.3917236328125, -29.6906802772053, -29.49284155761202, -28.104886404406507, -29.550576151058216, -23.503244380069635, 0.044303085654973984, 1.2993972301483154, 2.135122299194336, 43.448753356933594, -0.3695547593330402, -0.6193791274396772, -0.6720545673036237, -0.6148410863873289, -0.9132871813769213, -0.6933077545173064]",[1],J1153.4+4932,FSRQ,FSRQ,J1153.4+4931,FSRQ,J1153.4+4931,FSRQ,J1153.4+4931,FSRQ,AGN,AGN,AGN,AGN
929,J1153.6-2553,bcu,J1153.7-2555,"[1.8553153276443481, 1.757760763168335, 1.2343816757202148, 16.592140197753906, -33.46867256405967, -32.96627517339956, -28.280495071787, -33.02011470131214, -23.852895464430127, 0.22073955833911896, 0.3478730618953705, 2.717409610748291, 9.94655990600586, -0.9999984797099292, 0.9998810283335233, 0.4409696131929349, -0.4472037383484515, -0.5933100480288438, -0.5192172736143189]",[1],J1153.7-2555,bcu,bcu,J1153.6-2553,bcu,J1153.6-2553,bcu,J1153.6-2553,bcu,AGN,AGN,AGN,AGN
930,J1154.0-0010,bll,J1154.2-0010,"[1.777145504951477, 1.6967989206314087, 1.4006763696670532, 13.611202239990234, -33.546587389576466, -33.27994736380922, -28.06999020143417, -33.31814128364303, -23.727665522615503, 0.052815742790699005, 0.337586373090744, 0.97588711977005, 15.480317115783691, 0.9997530237069389, -0.4923597547580924, -0.6355634585912509, -0.20267177793266777, -0.18748363349438368, -0.6834709492291143]",[1],J1154.2-0010,bll,bll,J1154.0-0010,bll,J1154.0-0010,bll,J1154.0-0010,bll,AGN,AGN,AGN,AGN
931,J1154.0+4037,fsrq,J1153.4+4033,"[2.0653491020202637, 2.0414376258850098, 1.9765567779541016, 17.405061721801758, -32.60419814957591, -32.420123942533394, -28.485708763558083, -32.5089112952679, -23.985543537617176, 0.018527884036302567, 0.5384317636489868, 0.31163251399993896, 11.759136199951172, -0.9561972978906658, 0.9996249400115562, -0.5565190898414113, -0.5813411538033683, -0.5480333617016527, -0.24768105667830678]",[1],J1153.4+4033,fsrq,fsrq,J1154.0+4037,fsrq,J1154.0+4037,fsrq,J1154.0+4037,fsrq,AGN,AGN,AGN,AGN
932,J1154.0+6018,fsrq,J1154.3+6023,"[2.7930846214294434, 2.767699718475342, 2.4198944568634033, 78.72622680664062, -28.624519465485143, -28.315844383919984, -28.297569764325527, -28.359993460683405, -24.127718015074773, 0.1089838370680809, 0.5990862846374512, 1.8240699768066406, 13.328498840332031, 0.9763920296234803, -0.6788330143655098, -0.8045012397743628, -0.8404248118754754, -0.9999429304195813, 0.9993458429270928]",[1],J1154.3+6023,fsrq,fsrq,J1154.0+6018,fsrq,J1154.0+6018,fsrq,J1154.0+6018,fsrq,AGN,AGN,AGN,AGN
933,J1154.1-3243,bll,J1154.0-3243,"[2.079777479171753, 1.932987093925476, 1.6774158477783203, 26.95021629333496, -30.747110667609604, -30.47629280402436, -27.819924122162, -30.53870798749385, -23.247819553648643, 0.12295092642307281, 0.2720144987106323, 4.143737316131592, 27.955801010131836, 0.9999852068397362, -0.45025096017663824, -0.5057162679116936, -0.42997314889191546, -0.7171414191917714, -0.9204720266607748]",[1],J1154.0-3243,bcu,bll,J1154.1-3243,bll,J1154.1-3243,bll,J1154.1-3243,bll,AGN,AGN,AGN,AGN
934,J1155.5-3418,bcu,J1155.4-3417,"[1.7428303956985474, 1.6174410581588745, 1.4135994911193848, 9.786809921264648, -33.9394559919574, -33.58720299636834, -28.150188360607924, -33.70808369660028, -23.80003917378116, 0.10758385807275772, 0.2634456753730774, 1.6660454273223877, 12.534489631652832, 0.9997597843429273, -0.7075440981762445, -0.20736695664851393, -0.15437938673520854, -0.7365990038941287, 0.20313931535980626]",[1],J1155.4-3417,bcu,bcu,J1155.5-3418,bll,J1155.5-3418,bll,J1155.5-3418,bll,AGN,AGN,AGN,AGN
935,J1155.8+6137,bll,J1155.9+6136,"[1.9017648696899414, 1.7145217657089233, 1.4136039018630981, 6.190950870513916, -34.36803684894345, -33.983955927996924, -28.983021539631505, -34.072409219745595, -24.476298186356864, 0.17818541824817657, 0.0, 1.1879894733428955, 4.9506096839904785, -0.5079704581881443, -0.9023554108979324, -0.5709010482736442, 0.03333651315882878, -0.5762621585533998, -0.567178457493742]",[1],J1155.9+6136,bll,bll,J1155.8+6137,bll,J1155.8+6137,bll,J1155.8+6137,bll,AGN,AGN,AGN,AGN
936,J1156.6-2248,bcu,J1156.7-2250,"[2.092841863632202, 2.0154545307159424, 1.6996171474456787, 10.285962104797363, -32.73039103697674, -32.44615553198997, -28.20319072353526, -32.48053054117175, -23.716582050370388, 0.10780434310436249, 0.3671140670776367, 1.3749589920043945, 9.149565696716309, -0.7933717525553347, 0.9439150677353934, -0.5392241598321033, -0.527939441072705, -0.37007739315678057, -0.8178358526756215]",[1],J1156.7-2250,bcu,bcu,J1156.6-2248,bll,J1156.6-2248,bll,J1156.6-2248,bll,AGN,AGN,AGN,AGN
937,J1158.9+0818,bcu,J1158.9+0818,"[1.9106109142303467, 1.7888742685317993, 1.6540344953536987, 4.6466169357299805, -33.547464914716706, -33.24254586859202, -28.524950681030553, -33.38158496153229, -24.05219117682352, 0.09244102984666824, 0.0, 0.8354697227478027, 7.000730991363525, 0.7910551920310829, -0.9932610117024093, 0.7678013788656967, -0.36121226804971507, -0.7131625217039401, -0.1488181605579637]",[1],J1158.9+0818,bcu,bcu,J1158.9+0818,bcu,J1158.9+0818,bcu,J1158.9+0818,bcu,AGN,AGN,AGN,AGN
938,J1159.0+0939,bll,J1158.8+0941,"[2.130999803543091, 2.0969579219818115, 2.014287233352661, 49.92325973510742, -31.35127250264224, -31.135083738205456, -28.155921637629437, -31.240839141967413, -23.62253747364832, 0.04356556385755539, 0.6213535666465759, 1.1715054512023926, 17.765287399291992, -0.7357720962606337, -0.1075229310094586, -0.6133806311059589, -0.4635693094094684, -0.6402790727474132, -0.7362087728293878]",[1],J1158.8+0941,bll,bll,J1159.0+0939,bll,J1159.0+0939,bll,J1159.0+0939,bll,AGN,AGN,AGN,AGN
939,J1159.2-2227,bcu,J1159.3-2226,"[2.357745409011841, 2.301438093185425, 1.7715116739273071, 127.32181549072266, -30.58375742304352, -30.267678671525147, -27.646272072286422, -30.296159835647984, -23.269784400677924, 0.20414961874485016, 0.8308179974555969, 4.423817157745361, 19.870525360107422, -0.5066744539611125, -0.4888133879759348, -0.6741030721321079, -0.6490455962882399, -0.8778797401041631, -0.999990235882483]",[1],J1159.3-2226,bcu,bcu,J1159.2-2227,bcu,J1159.2-2227,bcu,J1159.2-2227,bcu,AGN,AGN,AGN,AGN
940,J1159.3-2142,fsrq,J1159.2-2141,"[2.5136818885803223, 2.4959614276885986, 2.2951629161834717, 66.81825256347656, -29.441806474827164, -29.22146803273387, -27.70370979490535, -29.25129779590569, -23.331588217946525, 0.07341708242893219, 0.361789345741272, 2.559521436691284, 26.028467178344727, -0.07174750544743634, -0.6557067826885934, -0.6948006591048664, -0.7713236659321717, -0.7133072610512047, -0.9999309477328084]",[1],J1159.2-2141,fsrq,fsrq,J1159.3-2142,fsrq,J1159.3-2142,fsrq,J1159.3-2142,fsrq,AGN,AGN,AGN,AGN
941,J1159.5+2914,fsrq,J1159.5+2914,"[2.259213924407959, 2.167933225631714, 2.0889687538146973, 1391.6343994140625, -27.99567944715293, -27.810020891899043, -27.269385740975185, -27.905602734214163, -22.623210245618246, 0.06747429072856903, 0.5292676091194153, 7.586648464202881, 127.58025360107422, -0.14522630628004876, -0.5019440898404413, -0.6467651720272339, -0.6210170004622861, -0.7289305704515534, -0.8273058411437809]",[1],J1159.5+2914,fsrq,fsrq,J1159.5+2914,fsrq,J1159.5+2914,fsrq,J1159.5+2914,fsrq,AGN,AGN,AGN,AGN
942,J1159.5-0723,bll,J1159.6-0723,"[2.0188848972320557, 1.865849256515503, 1.4626816511154175, 17.260271072387695, -32.42690293833379, -32.11131529712719, -28.19670018098481, -32.1239914826719, -23.706986511761734, 0.13094419240951538, 0.38481080532073975, 1.8443551063537598, 12.119275093078613, -0.9259075244725427, -0.007389408786092733, -0.4688944191149715, -0.4443090112467791, -0.35284574449752265, -0.9998049521348278]",[1],J1159.6-0723,bcu,bll,J1159.5-0723,bll,J1159.5-0723,bll,J1159.5-0723,bll,AGN,AGN,AGN,AGN
943,J1200.6+1229,bll,J1200.8+1228,"[2.489025115966797, 2.4612889289855957, 2.363820791244507, 19.26818084716797, -30.520668730394124, -30.27225771064074, -28.290742190503455, -30.38319360017559, -23.977400437629736, 0.04525339603424072, 0.5911316275596619, 0.590364396572113, 8.859070777893066, 0.9255043387713668, -0.6913477331095211, -0.7014996862252902, -0.6978573571152764, -0.4889531259455969, -0.9999451250682698]",[1],J1200.8+1228,bcu,bll,J1200.6+1229,bll,J1200.6+1229,bll,J1200.6+1229,bll,AGN,AGN,AGN,AGN
944,J1200.7+2008,bcu,J1200.9+2010,"[2.555612325668335, 2.533770799636841, 2.5395774841308594, 12.095076560974121, -29.51634163561733, -29.30913539497708, -28.285861015202368, -29.449516755016546, -23.850314442856163, 0.02949969656765461, 0.19428123533725739, 0.5982171893119812, 13.50733757019043, -0.363682946776587, -0.6168078775093521, -0.7593980458163149, -0.5809921977368441, -0.9999979306839847, 0.999950434568213]",[1],J1200.9+2010,bcu,bcu,J1200.7+2008,bcu,J1200.7+2008,bcu,J1200.7+2008,bcu,AGN,AGN,AGN,AGN
945,J1202.5+3852,bll,J1203.2+3847,"[2.3675150871276855, 2.3911616802215576, 2.4027721881866455, 9.952807426452637, -31.13991844669576, -31.074012401545847, -28.507442978122373, -31.136647277005032, -24.075596349426558, -0.04232079163193703, 0.2425030618906021, 0.8796893358230591, 10.146658897399902, 0.9979715020563993, -0.4939161104960406, -0.8078167388178692, -0.4969021868287752, -0.6630878018610596, -0.09234377520949541]",[1],J1203.2+3847,bll,bll,J1202.5+3852,bll,J1202.5+3852,bll,J1202.5+3852,bll,AGN,AGN,AGN,AGN
946,J1203.1+6031,bll,J1203.1+6029,"[2.0962624549865723, 1.9700711965560913, 1.9173020124435425, 12.673938751220703, -31.05144861720898, -30.839212842917064, -28.072869231852188, -30.949555666593927, -23.637604685636433, 0.09548285603523254, 0.14326263964176178, 3.0129215717315674, 29.857860565185547, 0.9868283596772909, -0.3168087906333909, -0.4812926366682968, -0.5274559187647708, -0.7661189510170408, -0.3801964546032424]",[1],J1203.1+6029,bll,bll,J1203.1+6031,bll,J1203.1+6031,bll,J1203.1+6031,bll,AGN,AGN,AGN,AGN
947,J1203.4-3925,bll,J1203.5-3925,"[1.8077073097229004, 1.8092783689498901, 1.7958760261535645, 10.222808837890625, -33.82379148536021, -33.672523230472976, -28.155906610284248, -33.761138354195246, -23.716669550166234, -0.002882488304749131, 0.28906354308128357, 0.0329258032143116, 11.353194236755371, -0.28502163870394265, 0.9993074144796051, -0.5044584159024823, -0.6009130465666083, -0.37646250657749714, -0.07482107105883784]",[1],J1203.5-3925,bcu,bll,J1203.4-3925,bll,J1203.4-3925,bll,J1203.4-3925,bll,AGN,AGN,AGN,AGN
948,J1204.0+1146,bll,J1204.0+1144,"[1.9038550853729248, 1.8339314460754395, 1.5133662223815918, 9.28018856048584, -33.36541422505268, -33.04181529760616, -28.240561124871984, -33.082789041684165, -23.763428040290854, 0.13158927857875824, 0.21966177225112915, 1.9093897342681885, 10.485865592956543, -0.9776046922151967, 0.9781002420276279, -0.4549204669743877, -0.4009162576434748, -0.5447878166837333, -0.6882640489188062]",[1],J1204.0+1144,bll,bll,J1204.0+1146,bll,J1204.0+1146,bll,J1204.0+1146,bll,AGN,AGN,AGN,AGN
949,J1204.2-0709,bll,J1204.3-0708,"[1.933244228363037, 1.8780142068862915, 1.7217309474945068, 29.58805274963379, -32.316867257670886, -32.077778197936986, -27.893098534799112, -32.152449315516776, -23.47143301163715, 0.04247787967324257, 0.4132193922996521, 1.1538753509521484, 22.34793472290039, 0.999573817838556, -0.7014662539882136, -0.4504961086078764, -0.3716734528102135, -0.5305294330231156, -0.5027582692509779]",[1],J1204.3-0708,bll,bll,J1204.2-0709,bll,J1204.2-0709,bll,J1204.2-0709,bll,AGN,AGN,AGN,AGN
950,J1205.7-2635,fsrq,J1205.8-2636,"[2.5174593925476074, 2.475968837738037, 2.2904300689697266, 36.27243423461914, -29.577995260971047, -29.327055807687362, -27.990804558358455, -29.393123440925443, -23.58906791842537, 0.08415757119655609, 0.40055185556411743, 2.026275873184204, 17.258962631225586, 0.998697197226529, -0.6629233672724086, -0.759663183325293, -0.6456182731790344, -0.7863553459565163, -0.9999044917933888]",[1],J1205.8-2636,fsrq,fsrq,J1205.7-2635,fsrq,J1205.7-2635,fsrq,J1205.7-2635,fsrq,AGN,AGN,AGN,AGN
951,J1207.4-5050,PSR,J1207.2-5052,"[2.1885571479797363, 2.1812586784362793, 0.35207653045654297, 4.490952491760254, -31.652454357805468, -31.12090843151325, -28.39732042992123, -31.16758471452815, -23.2194952590616, 0.5981810092926025, 0.0, 6.439113140106201, 15.557127952575684, 0.8015767033753728, 0.931895421189373, -0.38509302810909735, -0.6237696214068899, -0.9476254906243067, -0.9967460488974237]",[0],J1207.2-5052,psr,PSR,J1207.4-5050,PSR,J1207.4-5050,MSP,J1207.4-5050,MSP,PSR,PSR,PSR,PSR
952,J1207.7-2229,bll,J1207.6-2232,"[2.0562586784362793, 1.9140352010726929, 1.4715105295181274, 10.242288589477539, -32.5155440095796, -32.13343797036941, -28.280339091993074, -32.190835901254175, -23.780478937251985, 0.18139797449111938, 0.3198421597480774, 2.157336950302124, 9.278399467468262, 0.9201818175983161, -0.3943349951032413, -0.3880211904189376, -0.4557835473901475, -0.511495869502088, -0.999956601222067]",[1],J1207.6-2232,bcu,bll,J1207.7-2229,bll,J1207.7-2229,bll,J1207.7-2229,bll,AGN,AGN,AGN,AGN
953,J1208.2-7810,bcu,J1208.2-7810c,"[1.8991321325302124, 1.6188856363296509, 0.9284919500350952, 4.3456597328186035, -34.163209998914674, -33.57126601724824, -28.35950025694218, -33.62288733956637, -23.81386497990941, 0.36120572686195374, 0.0, 2.346268653869629, 7.292582035064697, -0.8879679570933423, -0.9999999999991755, 0.9999999999942917, -0.2974488653637223, -0.6046329070832946, -0.5770994799513878]",[1],J1208.2-7810c,bcu,bcu,J1208.2-7810,bcu,J1208.2-7810,bcu,J1208.2-7810,bcu,AGN,AGN,AGN,AGN
954,J1208.9+5441,fsrq,J1208.7+5442,"[2.58469295501709, 2.503316879272461, 2.3776566982269287, 307.3501281738281, -27.77948020912647, -27.590111924656707, -28.185779598837538, -27.672398484051, -23.62161514222779, 0.0739038735628128, 0.5319799184799194, 3.5905659198760986, 48.10398864746094, -0.3737532591207537, -0.6588121860553543, -0.7406449906223105, -0.7342552579083261, -0.9370494060593704, -0.9997402785935111]",[1],J1208.7+5442,fsrq,fsrq,J1208.9+5441,fsrq,J1208.9+5441,fsrq,J1208.9+5441,fsrq,AGN,AGN,AGN,AGN
955,J1209.4+4118,bll,J1209.4+4119,"[1.905816912651062, 1.813496470451355, 1.5670924186706543, 15.991874694824219, -32.522692647694086, -32.24513067795827, -28.165185039131348, -32.29847185279507, -23.793124959285105, 0.06891411542892456, 0.27513542771339417, 1.6606839895248413, 22.046186447143555, -0.5407208274952826, -0.513757037726682, -0.567378919221214, -0.1533999056078968, -0.6119073560150132, -0.7742673799524465]",[1],J1209.4+4119,bll,bll,J1209.4+4118,bll,J1209.4+4118,bll,J1209.4+4118,bll,AGN,AGN,AGN,AGN
956,J1209.8+1810,fsrq,J1209.8+1810,"[2.3293020725250244, 2.342550754547119, 2.3430335521698, 77.62132263183594, -30.821595555059243, -30.69111007430474, -28.23523808342009, -30.796957756089405, -23.744033124703684, -0.016600351780653, 0.8207045197486877, 0.4259485900402069, 16.424318313598633, -0.273666266508037, -0.7149492751748878, -0.6283584328894706, -0.6755922979010757, -0.684321673696361, -0.127129654097808]",[1],J1209.8+1810,fsrq,fsrq,J1209.8+1810,fsrq,J1209.8+1810,fsrq,J1209.8+1810,fsrq,AGN,AGN,AGN,AGN
957,J1213.0+5129,bll,J1212.6+5135,"[2.2046875953674316, 2.259193181991577, 2.203103542327881, 7.9692206382751465, -31.931181506261495, -31.869552203747066, -28.57069888728394, -31.89699971790291, -24.07198778346711, -0.048511672765016556, 0.11724637448787689, 1.2181642055511475, 13.854458808898926, 0.29018148030382174, -0.802977414183303, -0.6314657661400488, -0.3896151942944925, -0.6077965778377058, -0.5807924793202073]",[1],J1212.6+5135,bll,bll,J1213.0+5129,bll,J1213.0+5129,bll,J1213.0+5129,bll,AGN,AGN,AGN,AGN
958,J1213.3-2618,bll,J1213.1-2619,"[1.8168495893478394, 1.6317278146743774, 0.8112973570823669, 17.365182876586914, -33.83141667920969, -33.26248430180711, -28.22011336562588, -33.27799633698209, -23.7803459784952, 0.30541735887527466, 0.6195048689842224, 2.8455889225006104, 10.250117301940918, -0.7010718921131597, 0.9921052067852217, -0.3370703218471733, -0.007648626498934724, -0.5706584762068133, -0.49890662600294694]",[1],J1213.1-2619,bll,bll,J1213.3-2618,bll,J1213.3-2618,bll,J1213.3-2618,bll,AGN,AGN,AGN,AGN
959,J1213.6+1306,fsrq,J1213.7+1306,"[2.410168170928955, 2.136533498764038, 1.549023151397705, 6.177127361297607, -29.273574451179428, -28.899428030123005, -28.07047153970344, -28.95430405179062, -23.531983969150502, 0.26138821244239807, 0.0, 3.916870594024658, 17.97589111328125, -0.0357442080854342, -0.5014605072724112, -0.56727198738585, -0.8434348182744272, -0.7215869244893869, -0.999839781710284]",[1],J1213.7+1306,fsrq,fsrq,J1213.6+1306,fsrq,J1213.6+1306,fsrq,J1213.6+1306,fsrq,AGN,AGN,AGN,AGN
960,J1215.0+1656,fsrq,J1215.1+1658,"[2.43792462348938, 2.430345296859741, 2.4217212200164795, 215.15057373046875, -29.920225412310263, -29.73871040216599, -28.13579055154281, -29.860802935622146, -23.62043652734933, 0.010768692009150982, 1.029242753982544, 0.29006174206733704, 20.196969985961914, -0.4030300361811888, -0.6524845781172189, -0.6340794123302694, -0.7310850929841021, -0.8129131684446074, -0.12413952086881277]",[1],J1215.1+1658,fsrq,fsrq,J1215.0+1656,fsrq,J1215.0+1656,fsrq,J1215.0+1656,fsrq,AGN,AGN,AGN,AGN
961,J1215.1+5002,bll,J1215.0+5002,"[1.9404454231262207, 1.902548909187317, 1.688504934310913, 9.247209548950195, -32.920007295324034, -32.68711624184076, -28.38288624717476, -32.742538853652874, -23.940664252898056, 0.025973660871386528, 0.1529768854379654, 0.5002632141113281, 17.12493324279785, -0.7182544386216648, -0.5019655419633422, -0.6177184309866017, -0.3673098753862724, -0.3231918115223486, -0.9029017428286674]",[1],J1215.0+5002,bll,bll,J1215.1+5002,bll,J1215.1+5002,bll,J1215.1+5002,bll,AGN,AGN,AGN,AGN
962,J1217.9+3007,BLL,J1217.8+3007,"[1.9487709999084473, 1.8831372261047363, 1.8532836437225342, 396.97857666015625, -29.67469314539315, -29.51636163685848, -26.820224245371993, -29.610501756379744, -22.453087143489427, 0.040205419063568115, 0.34220677614212036, 4.388088703155518, 112.05939483642578, 0.3135529986166889, -0.45217228830324396, -0.47828243179607505, -0.48408965529562525, -0.552317492216709, -0.4626202951591157]",[1],J1217.8+3007,bll,BLL,J1217.9+3007,BLL,J1217.9+3007,BLL,J1217.9+3007,BLL,AGN,AGN,AGN,AGN
963,J1218.0-0028,bll,J1218.0-0029,"[2.312283992767334, 2.272660970687866, 2.1724472045898438, 16.104198455810547, -31.058600736748435, -30.804564529449515, -28.070920958607154, -30.91011130862798, -23.642184294758845, 0.08131052553653717, 0.25380855798721313, 1.4251086711883545, 13.563875198364258, -0.2852337351342058, -0.07540391199222538, -0.6985187923508027, -0.7384746191136798, -0.33092731918327045, -0.8068283040874896]",[1],J1218.0-0029,bll,bll,J1218.0-0028,bll,J1218.0-0028,bll,J1218.0-0028,bll,AGN,AGN,AGN,AGN
964,J1218.5-0119,bll,J1218.4-0121,"[2.0976638793945312, 1.9743568897247314, 1.772148847579956, 37.56079864501953, -30.804059614734694, -30.533324392244822, -27.663272524745025, -30.607849097832005, -23.159402620553276, 0.1224447712302208, 0.33734652400016785, 4.10714054107666, 29.71348762512207, 0.9949830091786729, -0.423107171912928, -0.5247574877530592, -0.5102512454027325, -0.6687611676474663, -0.7905218190457759]",[1],J1218.4-0121,bll,bll,J1218.5-0119,bll,J1218.5-0119,bll,J1218.5-0119,bll,AGN,AGN,AGN,AGN
965,J1219.0-4827,bcu,J1218.8-4827,"[2.208125352859497, 2.007147789001465, 1.4975230693817139, 7.855382919311523, -31.242117923293016, -30.848419638787103, -28.1706765989782, -30.919806945627204, -23.39603968563231, 0.2517818510532379, 0.07647431641817093, 3.763352632522583, 13.28448486328125, -0.7855220185070034, -0.10235188434521506, -0.43676866667537634, -0.5536968379146202, -0.8166288077528292, -0.6751516120347489]",[1],J1218.8-4827,bcu,bcu,J1219.0-4827,bll,J1219.0-4827,bll,J1219.0-4827,bll,AGN,AGN,AGN,AGN
966,J1219.7-0313,bll,J1219.7-0314,"[1.9673982858657837, 1.920307993888855, 1.8228256702423096, 9.86929988861084, -32.502828749548506, -32.261644496822385, -28.09081262527628, -32.36710059267815, -23.626340063718278, 0.048229869455099106, 0.21997666358947754, 1.1015725135803223, 15.268877029418945, -0.7408891375093185, -0.30274658473654487, -0.4456074739682283, -0.5430714538392182, -0.5027213356531077, -0.37014662916773455]",[1],J1219.7-0314,bll,bll,J1219.7-0313,bll,J1219.7-0313,bll,J1219.7-0313,bll,AGN,AGN,AGN,AGN
967,J1220.1+7105,fsrq,J1220.2+7105,"[2.312009334564209, 2.160834550857544, 1.955853819847107, 1037.4246826171875, -29.440873548604554, -29.205559954462483, -27.78190331727667, -29.266364311289166, -23.30092830312237, 0.13208705186843872, 0.8102844953536987, 6.935472011566162, 64.79151153564453, -0.22846305277476522, -0.4857711636989016, -0.6044147343881189, -0.700307726791349, -0.7761069077004235, -0.911598865289441]",[1],J1220.2+7105,fsrq,fsrq,J1220.1+7105,fsrq,J1220.1+7105,fsrq,J1220.1+7105,fsrq,AGN,AGN,AGN,AGN
968,J1220.1+3432,bll,J1220.2+3434,"[2.0695245265960693, 1.964020848274231, 1.732092261314392, 18.95045280456543, -31.88612860440303, -31.607007407806297, -28.33083467927321, -31.672736943081052, -23.826414336241783, 0.10296231508255005, 0.3030072748661041, 2.0894858837127686, 18.17287254333496, 0.9989481589627784, -0.5819545908823471, -0.5139432028722793, -0.48521032390207763, -0.7098875779876451, -0.7733654243482521]",[1],J1220.2+3434,bll,bll,J1220.1+3432,bll,J1220.1+3432,bll,J1220.1+3432,bll,AGN,AGN,AGN,AGN
969,J1221.3+3010,bll,J1221.3+3010,"[1.7138954401016235, 1.6759663820266724, 1.6165496110916138, 44.28158950805664, -32.66320311902718, -32.39324496738434, -27.10833147211732, -32.52692113867075, -22.88482838981514, 0.028878435492515564, 0.23461274802684784, 1.8264414072036743, 59.764400482177734, -0.36885370494429476, 0.1384780681850549, -0.4518425082423278, -0.2523533661424727, -0.5193187865466722, -0.0858712439187067]",[1],J1221.3+3010,bll,bll,J1221.3+3010,bll,J1221.3+3010,bll,J1221.3+3010,bll,AGN,AGN,AGN,AGN
970,J1221.5+2814,bll,J1221.4+2814,"[2.1572232246398926, 2.1420631408691406, 2.099320650100708, 243.31546020507812, -30.04893182275801, -29.861126075394125, -27.5766857030032, -29.960568099197257, -22.987768212813872, 0.01619737036526203, 0.3977936804294586, 1.2212555408477783, 71.30656433105469, -0.4604154549633958, -0.5229713724768627, -0.6077489671008481, -0.5170862616128374, -0.6804242382603491, -0.5955383745500851]",[1],J1221.4+2814,bll,bll,J1221.5+2814,bll,J1221.5+2814,bll,J1221.5+2814,bll,AGN,AGN,AGN,AGN
971,J1222.5+0414,fsrq,J1222.4+0414,"[2.778116464614868, 2.6915814876556396, 2.493257761001587, 87.81344604492188, -27.328066907123077, -27.13789556502101, -27.598016934836544, -27.190486341388937, -23.404004482517788, 0.08916798233985901, 0.32986074686050415, 2.5445096492767334, 30.431079864501953, -0.47260026311761977, -0.6715749692746543, -0.8131236363755311, -0.8285675145672556, -0.9669773045846766, -0.9991090135810887]",[1],J1222.4+0414,fsrq,fsrq,J1222.5+0414,fsrq,J1222.5+0414,fsrq,J1222.5+0414,fsrq,AGN,AGN,AGN,AGN
972,J1223.6-3032,bcu,J1223.3-3028,"[1.8172540664672852, 1.8507882356643677, 1.7794729471206665, 3.416282892227173, -34.36597411584202, -34.24057146957004, -28.318405704894527, -34.28557398057175, -23.78032126280586, -0.027219092473387718, 0.0, 0.44930338859558105, 9.075840950012207, 0.9381619826866832, -0.42665662821886324, -0.9031207868874463, 0.3425658519537385, -0.6535669254081203, -0.03339817348952505]",[1],J1223.3-3028,bcu,bcu,J1223.6-3032,bll,J1223.6-3032,bll,J1223.6-3032,bll,AGN,AGN,AGN,AGN
973,J1223.8+8039,bll,J1222.7+8041,"[2.290787696838379, 2.157475709915161, 2.009600877761841, 22.07261085510254, -30.23310154063581, -30.030770612446727, -27.857237693852525, -30.095274877232114, -23.530650770281582, 0.09757599979639053, 0.19063922762870789, 2.9488136768341064, 29.306516647338867, -0.4276994225841859, -0.49400336606811457, -0.6195994637723097, -0.5613880907608564, -0.7799870945489608, -0.8644149260912117]",[1],J1222.7+8041,bll,bll,J1223.8+8039,bll,J1223.8+8039,bll,J1223.8+8039,bll,AGN,AGN,AGN,AGN
974,J1223.9+5000,fsrq,J1224.5+4957,"[2.519160032272339, 2.363508939743042, 1.8111385107040405, 78.25079345703125, -29.546537102188136, -29.211018858344712, -28.163519964168746, -29.24535343744713, -23.817673342368018, 0.23500357568264008, 0.6279094219207764, 3.885822057723999, 18.236282348632812, -0.6009521658143844, -0.33794909363957226, -0.7475018055925811, -0.7222266059829613, -0.8241396652373899, -0.9999995131530713]",[1],J1224.5+4957,fsrq,fsrq,J1223.9+5000,fsrq,J1223.9+5000,fsrq,J1223.9+5000,fsrq,AGN,AGN,AGN,AGN
975,J1224.4+2436,bll,J1224.5+2436,"[1.8886841535568237, 1.816718578338623, 1.7691078186035156, 148.4805145263672, -32.0106593470047, -31.73432059164707, -27.706905390966465, -31.89003908573117, -23.373775189033267, 0.060411594808101654, 0.6788739562034607, 2.4771130084991455, 37.07273864746094, 0.9261326601839559, 0.9423719643563211, -0.45469686317269115, -0.3992737285117118, -0.6151707487478393, -0.265445870680227]",[1],J1224.5+2436,bll,bll,J1224.4+2436,bll,J1224.4+2436,bll,J1224.4+2436,bll,AGN,AGN,AGN,AGN
976,J1224.7-8313,bcu,J1224.6-8312,"[2.6434450149536133, 2.609891176223755, 2.4262092113494873, 13.112191200256348, -29.379142856261474, -29.10533066265886, -27.89214688687446, -29.171727135281266, -23.702391536443514, 0.08439888060092926, 0.24542979896068573, 1.6845824718475342, 12.138908386230469, -0.02284237952840042, -0.7015309008542799, -0.7368657391791448, -0.8144757208094265, -0.7273383025775948, -0.9995278383037726]",[1],J1224.6-8312,bcu,bcu,J1224.7-8313,bcu,J1224.7-8313,bcu,J1224.7-8313,bcu,AGN,AGN,AGN,AGN
977,J1224.9+2122,FSRQ,J1224.9+2122,"[2.3335163593292236, 2.2722301483154297, 2.2323718070983887, 17566.595703125, -26.938461207251187, -26.782775403716187, -26.79914844667235, -26.879503706429382, -22.150152227605478, 0.04496017470955849, 0.9942936897277832, 7.276938438415527, 211.24253845214844, -0.26385297695878673, -0.5709301989262743, -0.6760330758074766, -0.65044360424532, -0.7479588349290769, -0.6481741980776031]",[1],J1224.9+2122,FSRQ,FSRQ,J1224.9+2122,FSRQ,J1224.9+2122,FSRQ,J1224.9+2122,FSRQ,AGN,AGN,AGN,AGN
978,J1224.9+4334,bll,J1224.6+4332,"[2.466548442840576, 2.453834056854248, 2.3549113273620605, 7.558028221130371, -29.94505687840884, -29.754965072483856, -28.477709726865527, -29.818889516064388, -23.932434324523438, 0.015086228027939796, 0.02908152900636196, 0.3110121488571167, 17.079402923583984, -0.5968556171369966, -0.6074213216002875, -0.7052527968461219, -0.6336188927780829, -0.8054952587450399, -0.999999126031912]",[1],J1224.6+4332,bll,bll,J1224.9+4334,bll,J1224.9+4334,bll,J1224.9+4334,bll,AGN,AGN,AGN,AGN
979,J1225.6-7313,bcu,J1225.7-7314,"[2.1485114097595215, 2.1482934951782227, 2.02504563331604, 15.556840896606445, -32.763563947151326, -32.58192078818725, -27.9893284847808, -32.64364149125574, -23.55468601061769, 0.04273385927081108, 0.41848447918891907, 0.9043084383010864, 9.36901569366455, 0.9979266283041136, -0.33558711825463144, -0.7492803800053391, -0.44645027894833894, -0.5998917413196138, -0.42284365449268846]",[1],J1225.7-7314,bcu,bcu,J1225.6-7313,bcu,J1225.6-7313,bcu,J1225.6-7313,bcu,AGN,AGN,AGN,AGN
980,J1226.7+0637,bll,J1226.8+0638,"[1.6691126823425293, 1.48538076877594, 1.1167128086090088, 18.383325576782227, -34.36676676554828, -33.853586579913674, -28.311998219966753, -34.007593742704806, -24.049765809040768, 0.202988401055336, 0.5700429081916809, 2.399693012237549, 10.105109214782715, -0.9981627592658409, 0.9998376837777614, -0.31501078698174356, -0.02062251011486357, -0.4425789443138883, -0.5007876049670509]",[1],J1226.8+0638,bll,bll,J1226.7+0637,bll,J1226.7+0637,bll,J1226.7+0637,bll,AGN,AGN,AGN,AGN
981,J1226.8-1329,bll,J1226.9-1329,"[1.964898705482483, 1.8559812307357788, 1.6304386854171753, 14.69648265838623, -32.152170631898606, -31.83273094422723, -27.846588456279015, -31.91542914850886, -23.392886408739983, 0.11073968559503555, 0.23560015857219696, 2.460141658782959, 19.96592140197754, 0.820267768457035, -0.7631224552104762, -0.1338374709230529, -0.5402237417380905, -0.6286251081368243, -0.23570168109784592]",[1],J1226.9-1329,bll,bll,J1226.8-1329,bll,J1226.8-1329,bll,J1226.8-1329,bll,AGN,AGN,AGN,AGN
982,J1228.0-4853,PSR,J1227.9-4854,"[2.379260778427124, 2.3978419303894043, 1.8251432180404663, 56.69137191772461, -30.461366927529046, -30.233471327008843, -27.25114092504612, -30.217769867481444, -22.80421600513594, 0.20541851222515106, 0.30508846044540405, 7.3014397621154785, 29.098108291625977, 0.9200223112470243, -0.6787752372080866, -0.6009856218879849, -0.663379840714734, -0.8401756792216987, -0.9999729500042808]",[0],J1227.9-4854,psr,PSR,J1228.0-4853,PSR,J1228.0-4853,MSP,J1228.0-4853,MSP,AGN,AGN,AGN,AGN
983,J1228.7+4858,fsrq,J1228.7+4857,"[2.4979822635650635, 2.4369521141052246, 2.223402976989746, 83.51752471923828, -30.56829642413486, -30.326490074380366, -28.225968583519215, -30.363142540061407, -23.948149678012015, 0.11773921549320221, 0.8478856086730957, 1.866174340248108, 14.182534217834473, 0.9557009432290726, -0.6598939150496631, -0.6987920720103362, -0.8384669735512825, -0.5292882330889014, -0.9998970825779399]",[1],J1228.7+4857,fsrq,fsrq,J1228.7+4858,fsrq,J1228.7+4858,fsrq,J1228.7+4858,fsrq,AGN,AGN,AGN,AGN
984,J1229.0+0202,FSRQ,J1229.1+0202,"[2.7049293518066406, 2.6082544326782227, 2.451230525970459, 6361.06787109375, -26.138520998662656, -25.929647824895902, -27.18751689558464, -26.009662571473655, -22.655472869142095, 0.0916643962264061, 0.9582681655883789, 8.696149826049805, 135.8720703125, -0.37740146871604624, -0.6902498569850489, -0.7965286280040542, -0.8162489967817099, -0.8876617098883527, -0.8224270322039472]",[1],J1229.1+0202,FSRQ,FSRQ,J1229.0+0202,FSRQ,J1229.0+0202,FSRQ,J1229.0+0202,FSRQ,AGN,AGN,AGN,AGN
985,J1229.7-5304,bcu,J1229.8-5305,"[2.046053886413574, 2.062045097351074, 2.0394206047058105, 17.673608779907227, -32.777513934921124, -32.64775599000546, -28.09119131717253, -32.724109835725464, -23.586466847564104, -0.015374228358268738, 0.4496088922023773, 0.34587618708610535, 10.15255355834961, -0.5314602089044664, -0.5322410919448035, -0.6315178345716759, -0.47310188960735283, -0.38435325136797066, -0.6876200189284691]",[1],J1229.8-5305,bcu,bcu,J1229.7-5304,bll,J1229.7-5304,bll,J1229.7-5304,bll,AGN,AGN,AGN,AGN
986,J1230.2+2517,bll,J1230.3+2519,"[2.0910825729370117, 1.9933661222457886, 1.9122661352157593, 1651.7464599609375, -29.47710750152583, -29.31401980729294, -27.332751893761472, -29.39040760477284, -22.861928893663553, 0.061194874346256256, 1.1896721124649048, 4.5028886795043945, 75.39575958251953, -0.26530372121125195, -0.4930175973980105, -0.5539878799200859, -0.5181325161815802, -0.637103553328274, -0.7926113736894311]",[1],J1230.3+2519,bll,bll,J1230.2+2517,bll,J1230.2+2517,bll,J1230.2+2517,bll,AGN,AGN,AGN,AGN
987,J1230.8+1223,rdg,J1230.9+1224,"[2.0550224781036377, 2.0128753185272217, 2.017563581466675, 16.983718872070312, -31.20630702175862, -30.977278720717475, -27.796040690533808, -31.139335851275607, -23.301116796019883, 0.0457952618598938, 0.16744491457939148, 2.027799606323242, 35.12754440307617, -0.6779835824822689, -0.317855739871248, -0.5672243153144069, -0.5038797129707131, -0.7636082278977092, -0.16566469435218983]",[1],J1230.9+1224,rdg,rdg,J1230.8+1223,rdg,J1230.8+1223,rdg,J1230.8+1223,rdg,AGN,AGN,AGN,AGN
988,J1231.1-1412,PSR,J1231.2-1411,"[1.9663708209991455, 1.5843040943145752, 0.6400685906410217, 17.24166488647461, -29.416383646393985, -28.82400929363188, -27.231504471622735, -28.90563950129421, -22.029519764743863, 0.43327248096466064, 0.04149039834737778, 40.73188781738281, 154.57289123535156, 0.2536258057987768, 0.04470550323227939, -0.32935374839060594, -0.6061535142465907, -0.9318008547612435, -0.9998932725395481]",[0],J1231.2-1411,PSR,PSR,J1231.1-1412,PSR,J1231.1-1412,MSP,J1231.1-1412,MSP,PSR,PSR,PSR,AGN
989,J1231.5+1421,bll,J1231.8+1421,"[1.8751763105392456, 1.8654459714889526, 1.7446134090423584, 9.575881004333496, -33.49387864392038, -33.316206846168654, -28.214218992036614, -33.3765244888041, -23.74305986667752, 0.005517317447811365, 0.2051977813243866, 0.09899964183568954, 11.728476524353027, 0.9968976242950248, -0.7668240936692259, -0.6645334587096418, -0.15008901472642638, -0.5726755138089964, -0.190886523130686]",[1],J1231.8+1421,bll,bll,J1231.5+1421,bll,J1231.5+1421,bll,J1231.5+1421,bll,AGN,AGN,AGN,AGN
990,J1231.6+6415,bll,J1231.5+6414,"[1.9408243894577026, 1.9638221263885498, 1.8743659257888794, 8.43825626373291, -33.37261222722246, -33.221795895458364, -28.6411919687433, -33.29432987933662, -24.17386324820845, -0.019200246781110764, 0.17871291935443878, 0.40323570370674133, 12.755439758300781, -0.35313025492056727, 0.9445314651106962, -0.6748705025692201, -0.3369054393898968, -0.5109368437323146, -0.15769711931466285]",[1],J1231.5+6414,bll,bll,J1231.6+6415,bll,J1231.6+6415,bll,J1231.6+6415,bll,AGN,AGN,AGN,AGN
991,J1231.7+2847,bll,J1231.7+2847,"[1.9859304428100586, 1.9496361017227173, 1.8576366901397705, 201.82858276367188, -31.13678042827489, -30.92097115164036, -27.665503292063917, -31.01047225282778, -23.246573662158294, 0.032369375228881836, 0.5683653354644775, 1.803524374961853, 50.14823532104492, 0.44784005544166916, -0.49344459439698174, -0.49528381900105856, -0.48451804142085403, -0.4999016714655375, -0.6537182768391074]",[1],J1231.7+2847,bll,bll,J1231.7+2847,bll,J1231.7+2847,bll,J1231.7+2847,bll,AGN,AGN,AGN,AGN
992,J1233.7-0144,bll,J1233.7-0145,"[2.0762271881103516, 2.0642213821411133, 2.0300133228302, 28.623571395874023, -31.335029984637796, -31.157889756208544, -27.904678174863097, -31.271557095075906, -23.395634147341983, 0.010320293717086315, 0.30733075737953186, 0.3641788959503174, 24.469310760498047, -0.5386485932387117, -0.5809168367830828, -0.5695229190427333, -0.4954737785249198, -0.5245277188405288, -0.5372949899199406]",[1],J1233.7-0145,bll,bll,J1233.7-0144,bll,J1233.7-0144,bll,J1233.7-0144,bll,AGN,AGN,AGN,AGN
993,J1234.0-5735,bcu,J1233.9-5736,"[1.9694204330444336, 1.8233894109725952, 1.6192377805709839, 23.072986602783203, -32.064943136455184, -31.788489453312383, -27.55237313466241, -31.881231172404156, -23.017059378177212, 0.11525553464889526, 0.2974097430706024, 3.3959574699401855, 22.34440803527832, -0.9995842754790274, 0.9960693996409758, -0.2521585317905847, -0.5246602981206399, -0.39417170655016803, -0.69584527373591]",[1],J1233.9-5736,bcu,bcu,J1234.0-5735,bcu,J1234.0-5735,bcu,J1234.0-5735,bcu,AGN,AGN,AGN,AGN
994,J1236.3+3858,bll,J1236.6+3901,"[1.9653542041778564, 1.9283056259155273, 1.7735743522644043, 12.320272445678711, -33.13596858069815, -32.932960697169534, -28.585815058895736, -33.001299686142154, -24.114197801395942, 0.03002730943262577, 0.1749291867017746, 0.4338865876197815, 9.686273574829102, -0.9999706875897622, 0.9997307056767701, -0.5327754193194076, -0.49479559097874704, -0.3881371773457998, -0.5512930844254353]",[1],J1236.6+3901,bll,bll,J1236.3+3858,bll,J1236.3+3858,bll,J1236.3+3858,bll,AGN,AGN,AGN,AGN
995,J1237.8+6256,bll,J1237.9+6258,"[1.97389817237854, 2.177098274230957, 1.5132038593292236, 17.54416275024414, -34.24539157633139, -34.31857596870224, -29.01380774110856, -34.02998684029199, -24.46536052299252, -0.1151786521077156, 0.7448983788490295, 1.219882607460022, 5.273244857788086, -0.5312210126423645, -0.8472219611128358, -0.7132409772554463, -0.06943967920856489, -0.5500140476467901, -0.5615711168492867]",[1],J1237.9+6258,bll,bll,J1237.8+6256,bll,J1237.8+6256,bll,J1237.8+6256,bll,AGN,AGN,AGN,AGN
996,J1238.1-4541,bcu,J1238.3-4543,"[2.1469786167144775, 2.075894355773926, 1.725205421447754, 18.563003540039062, -31.945297463828297, -31.593754327517946, -28.151933579492937, -31.649433990383034, -23.66252385708092, 0.14429518580436707, 0.3676202595233917, 2.461151599884033, 12.303750038146973, -0.9874003644362273, 0.9053723696184276, -0.5408730918258925, -0.5718228717520455, -0.6330972239795244, -0.9999909343503768]",[1],J1238.3-4543,bcu,bcu,J1238.1-4541,bll,J1238.1-4541,bll,J1238.1-4541,bll,AGN,AGN,AGN,AGN
997,J1238.3-1959,bll,J1238.2-1958,"[2.143540859222412, 2.095571517944336, 2.000844717025757, 31.366775512695312, -31.446900333409268, -31.218475177676638, -28.146136578924708, -31.31521050255199, -23.620223651583668, 0.04944866895675659, 0.4721965193748474, 1.1450378894805908, 16.070497512817383, -0.5978970734113642, -0.4791729339760953, -0.596823256533562, -0.46896390292973683, -0.8930613308116677, 0.22398093192357119]",[1],J1238.2-1958,bcu,bll,J1238.3-1959,bll,J1238.3-1959,bll,J1238.3-1959,bll,AGN,AGN,AGN,AGN
998,J1239.4+0728,bcu,J1239.4+0727,"[2.1745376586914062, 2.081674337387085, 2.027496576309204, 9.618684768676758, -31.787857590591944, -31.439219023705395, -28.309776469963055, -31.649336391825607, -23.808435027260472, 0.10025323182344437, 0.21177414059638977, 1.0976860523223877, 11.391648292541504, -0.9087628398937968, 0.9928762846032687, -0.4276781370538377, -0.6819129012081889, -0.716685258677263, -0.20846414787465062]",[1],J1239.4+0727,bcu,bcu,J1239.4+0728,bll,J1239.4+0728,bll,J1239.4+0728,bll,AGN,AGN,AGN,AGN
999,J1239.5+0443,fsrq,J1239.5+0443,"[2.3737313747406006, 2.243279457092285, 2.0493953227996826, 1723.8577880859375, -27.942947349413135, -27.719075964780295, -27.260798865525217, -27.793823984879154, -22.636960208090823, 0.10998758673667908, 0.7179264426231384, 9.468536376953125, 100.96969604492188, 0.039668985124242606, -0.5604455375246195, -0.6568467601735108, -0.6972495883159978, -0.8928359446860447, -0.9999476943788042]",[1],J1239.5+0443,fsrq,fsrq,J1239.5+0443,fsrq,J1239.5+0443,fsrq,J1239.5+0443,fsrq,AGN,AGN,AGN,AGN
1000,J1241.8-1456,bll,J1241.6-1456,"[1.8303521871566772, 1.6583353281021118, 1.3838651180267334, 13.601444244384766, -33.32566843081611, -32.892293495246264, -28.135650376298383, -33.05585810894051, -23.7489971136517, 0.1763318032026291, 0.350594162940979, 2.457731246948242, 12.62199592590332, 0.9766121043607696, -0.8303230455639315, 0.24153284965020694, -0.24778149322910742, -0.6981400511626596, -0.21839697217660364]",[1],J1241.6-1456,bll,bll,J1241.8-1456,bll,J1241.8-1456,bll,J1241.8-1456,bll,AGN,AGN,AGN,AGN
1001,J1241.9+0636,bll,J1241.9+0639,"[1.8985188007354736, 0.6782389879226685, 0.0028957535978406668, 12.206743240356445, -33.985016723471524, -33.323144122942466, -28.539635572072495, -33.45987704161492, -24.02176813371586, 0.844853937625885, 0.0, 2.005220651626587, 5.413168430328369, -0.9338546053664264, -0.7145553162910186, -0.761200842392236, -0.07338653469156053, -0.4728172981337163, -0.9999866564200763]",[1],J1241.9+0639,bll,bll,J1241.9+0636,bll,J1241.9+0636,bll,J1241.9+0636,bll,AGN,AGN,AGN,AGN
1002,J1243.2+3627,bll,J1243.1+3627,"[1.7830449342727661, 1.6713345050811768, 1.5876855850219727, 9.380322456359863, -31.254572879694884, -31.08841934350471, -27.377895402418694, -31.158778882891905, -23.145095578986254, 0.05301811546087265, 0.05911015719175339, 3.056192636489868, 56.794517517089844, 0.8976051888717175, -0.41210495065806874, -0.39646409299096713, -0.2873751717056274, -0.48289241511397146, -0.4029723045304246]",[1],J1243.1+3627,bll,bll,J1243.2+3627,bll,J1243.2+3627,bll,J1243.2+3627,bll,AGN,AGN,AGN,AGN
1003,J1243.9-0218,bcu,J1243.9-0217,"[2.2071845531463623, 2.0157270431518555, 1.6194030046463013, 47.267494201660156, -31.430714083605114, -31.057787884458143, -28.235551587740186, -31.136488534211516, -23.728838172282305, 0.19474270939826965, 0.8302617073059082, 2.2837533950805664, 11.791398048400879, -0.05236784295799487, -0.6255368616407379, -0.5072233533916523, -0.524744283236868, -0.7458597720034299, -0.999997546124701]",[1],J1243.9-0217,bcu,bcu,J1243.9-0218,bcu,J1243.9-0218,bcu,J1243.9-0218,bcu,AGN,AGN,AGN,AGN
1004,J1244.2-4956,bcu,J1244.3-4955,"[2.231289863586426, 2.209892511367798, 2.167144298553467, 17.060041427612305, -31.640837019295518, -31.434467078126666, -28.063453098721798, -31.563101969136607, -23.624564803839238, 0.035603635013103485, 0.4665102958679199, 0.6737353205680847, 10.191692352294922, 0.9126245052728426, -0.6375512697989215, -0.7040327336717214, -0.5126097655546606, -0.6759922271609562, -0.4363054643233017]",[1],J1244.3-4955,bcu,bcu,J1244.2-4956,bcu,J1244.2-4956,bcu,J1244.2-4956,bcu,AGN,AGN,AGN,AGN
1005,J1244.5+1616,bll,J1244.1+1615,"[2.2430715560913086, 2.2451324462890625, 2.261708974838257, 7.322929382324219, -31.704285224164195, -31.561145102616, -28.46334558430938, -31.680685298667843, -23.992709036538933, -0.006097082048654556, 0.16315023601055145, 0.10552841424942017, 8.673827171325684, 0.9463507484153425, -0.3193497460429498, -0.6399170241113483, -0.6558819478767697, -0.45843513549872245, -0.6722009016041567]",[1],J1244.1+1615,bll,bll,J1244.5+1616,bll,J1244.5+1616,bll,J1244.5+1616,bll,AGN,AGN,AGN,AGN
1006,J1245.1+5709,bll,J1244.8+5707,"[2.121720790863037, 2.0639564990997314, 1.815423846244812, 18.981887817382812, -32.17593194516599, -31.954576532312643, -28.543385623247623, -31.981612574109054, -24.030588728649846, 0.04414277523756027, 0.3629140853881836, 0.8521854281425476, 16.580686569213867, 0.9570233498620149, -0.177827007187203, -0.6028849602504343, -0.41388430366327567, -0.5106019263343657, -0.9999268561236438]",[1],J1244.8+5707,bll,bll,J1245.1+5709,bll,J1245.1+5709,bll,J1245.1+5709,bll,AGN,AGN,AGN,AGN
1007,J1246.7-2548,fsrq,J1246.7-2547,"[2.308872699737549, 2.217026948928833, 2.011465072631836, 739.9346923828125, -28.54256897182642, -28.250777413388125, -27.062788093762663, -28.328009733507326, -22.519350527987473, 0.1136481761932373, 0.42807111144065857, 10.97520923614502, 104.0601577758789, -0.16873253044534012, -0.5158071026967438, -0.6483782447204076, -0.6894302562339325, -0.747810421249146, -0.9668909897063906]",[1],J1246.7-2547,fsrq,fsrq,J1246.7-2548,fsrq,J1246.7-2548,fsrq,J1246.7-2548,fsrq,AGN,AGN,AGN,AGN
1008,J1247.0+4421,bll,J1247.0+4421,"[1.7900539636611938, 1.6220837831497192, 1.3466832637786865, 19.647308349609375, -33.5890307646496, -33.221103236705645, -28.369256810690278, -33.32911804160879, -24.055267821844545, 0.13373109698295593, 0.4635012149810791, 2.004822015762329, 12.972662925720215, -0.7553803993010322, -0.5213316387693065, -0.3884476865464679, -0.28063521715333123, -0.4057156344250241, -0.4782732507251244]",[1],J1247.0+4421,bll,bll,J1247.0+4421,bll,J1247.0+4421,bll,J1247.0+4421,bll,AGN,AGN,AGN,AGN
1009,J1248.3+5820,bll,J1248.2+5820,"[1.896889567375183, 1.8129464387893677, 1.7567410469055176, 88.7357406616211, -30.298117517892784, -30.149328407131595, -27.20690331107768, -30.223175528819887, -22.894497471368553, 0.04512963071465492, 0.18158742785453796, 4.19611930847168, 104.88919067382812, -0.08114452407266996, -0.4402724615883229, -0.4662647600774128, -0.3954323032658849, -0.5381153766802403, -0.5260561485427884]",[1],J1248.2+5820,bll,bll,J1248.3+5820,bll,J1248.3+5820,bll,J1248.3+5820,bll,AGN,AGN,AGN,AGN
1010,J1248.7+5127,bll,J1248.0+5130,"[1.950147271156311, 1.946184515953064, 1.9054672718048096, 10.766082763671875, -33.56709947388073, -33.40043105765038, -28.733571058600976, -33.49948421849317, -24.245680687014573, 0.003671379527077079, 0.38942140340805054, 0.04599246382713318, 8.922158241271973, 0.7655078028308249, -0.7329863847997984, -0.548316716505722, -0.36955923965603227, -0.5599719750052151, -0.2754849124004401]",[1],J1248.0+5130,bll,bll,J1248.7+5127,bll,J1248.7+5127,bll,J1248.7+5127,bll,AGN,AGN,AGN,AGN
1011,J1249.8+3707,bll,J1249.7+3705,"[1.768768310546875, 1.6649340391159058, 1.2693026065826416, 30.107624053955078, -33.47089757935384, -33.00512816426431, -28.19162958091374, -33.06521262376246, -23.91159451344711, 0.09692415595054626, 0.6407538056373596, 1.4524277448654175, 15.109305381774902, -0.9222084226952527, -0.25991719701572535, -0.22873015070803365, -0.23121526288454614, -0.5833527264279795, -0.31721788313348614]",[1],J1249.7+3705,bll,bll,J1249.8+3707,bll,J1249.8+3707,bll,J1249.8+3707,bll,AGN,AGN,AGN,AGN
1012,J1250.6+0217,bll,J1250.5+0217,"[2.002504348754883, 1.918026089668274, 1.7266615629196167, 8.411907196044922, -32.69189413617732, -32.38162446905799, -28.25143622091595, -32.480150583922644, -23.760010151574928, 0.10383864492177963, 0.14012804627418518, 1.6017154455184937, 10.855835914611816, 0.9999970650017362, -0.47924472493465287, -0.5116107000272551, -0.36194310436485644, -0.644444062176295, -0.6018718305543898]",[1],J1250.5+0217,bll,bll,J1250.6+0217,bll,J1250.6+0217,bll,J1250.6+0217,bll,AGN,AGN,AGN,AGN
1013,J1251.2+1039,bll,J1251.3+1041,"[2.1516599655151367, 2.1012120246887207, 1.9387542009353638, 11.571531295776367, -32.28136552323712, -32.09188939316497, -28.38472434886426, -32.14658439787279, -23.906447618547542, 0.042385607957839966, 0.4027121365070343, 0.542407214641571, 8.648391723632812, -0.6661756110008664, -0.7076348985634237, -0.495485433938016, -0.4686991856376461, -0.7684802254714789, -0.4967718673417503]",[1],J1251.3+1041,bll,bll,J1251.2+1039,bll,J1251.2+1039,bll,J1251.2+1039,bll,AGN,AGN,AGN,AGN
1014,J1251.3-0201,bcu,J1251.0-0203,"[2.1791746616363525, 2.0780301094055176, 1.8842061758041382, 79.2304458618164, -31.12448195216917, -30.728094613906546, -28.171767069823495, -30.856567177785916, -23.62478612068039, 0.17591844499111176, 0.732035219669342, 2.7152934074401855, 15.302066802978516, 0.9999789547834298, -0.2340820516670402, -0.5618856290929853, -0.6799471119664553, -0.8283253305946787, 0.07508601959648073]",[1],J1251.0-0203,bcu,bcu,J1251.3-0201,bcu,J1251.3-0201,bcu,J1251.3-0201,bcu,AGN,AGN,AGN,AGN
1015,J1253.2+5301,bll,J1253.2+5300,"[2.0280678272247314, 1.9128026962280273, 1.811201810836792, 71.65916442871094, -30.3129187844446, -30.101576043348103, -27.36273521355296, -30.17915656532363, -22.942072797957888, 0.08675463497638702, 0.20528261363506317, 6.514534950256348, 80.87812805175781, -0.28209521500670715, -0.30806743913448753, -0.49091821157188203, -0.5065792172599352, -0.619792289489498, -0.6432357501634379]",[1],J1253.2+5300,bll,bll,J1253.2+5301,bll,J1253.2+5301,bll,J1253.2+5301,bll,AGN,AGN,AGN,AGN
1016,J1253.8+0327,bll,J1253.7+0327,"[1.9926464557647705, 1.9450334310531616, 1.8363862037658691, 12.800067901611328, -31.981372988899565, -31.732768244727943, -27.983412261011825, -31.83080820750913, -23.52526673111708, 0.047299060970544815, 0.1602458357810974, 1.3069543838500977, 20.608522415161133, 0.9998312052154422, -0.3600983115274171, -0.4422312528963153, -0.5333752519903537, -0.5898174474020965, -0.4335965232021534]",[1],J1253.7+0327,bll,bll,J1253.8+0327,bll,J1253.8+0327,bll,J1253.8+0327,bll,AGN,AGN,AGN,AGN
1017,J1253.8+6242,bll,J1254.1+6240,"[1.9798511266708374, 1.8916627168655396, 1.7314075231552124, 11.95081901550293, -32.842340485069535, -32.54892378463992, -28.612693731795755, -32.653172891546355, -24.15447376941174, 0.07064072787761688, 0.26520901918411255, 1.2672959566116333, 16.01840591430664, 0.9998195720612275, -0.596260460785271, -0.5257299225819593, -0.35629941975287494, -0.7235097124346629, -0.24451438422231897]",[1],J1254.1+6240,bll,bll,J1253.8+6242,bll,J1253.8+6242,bll,J1253.8+6242,bll,AGN,AGN,AGN,AGN
1018,J1254.2-2205,bcu,J1254.1-2203,"[2.2171990871429443, 2.1068406105041504, 1.7955222129821777, 20.144832611083984, -32.197595784966246, -31.92575295763422, -28.17168943216066, -31.980303139656094, -23.776887227085016, 0.10530111938714981, 0.6168094277381897, 0.973747193813324, 7.624745845794678, 0.2921735416280058, -0.6503432945716215, -0.7011695967910668, -0.35236148026531133, -0.6460117977939484, -0.9999942588988199]",[1],J1254.1-2203,bcu,bcu,J1254.2-2205,bcu,J1254.2-2205,bcu,J1254.2-2205,bcu,AGN,AGN,AGN,AGN
1019,J1254.5+2210,bll,J1254.5+2210,"[2.1114566326141357, 2.1056487560272217, 1.972213864326477, 23.060449600219727, -31.587165058933486, -31.39415907188763, -28.214421531631245, -31.465477047414893, -23.688926525596962, 0.004658894147723913, 0.3286055028438568, 0.07081981003284454, 20.133617401123047, -0.34300215987023575, -0.7318359271715622, -0.38034437685406813, -0.4022656541503755, -0.718926101311139, -0.6912086345192813]",[1],J1254.5+2210,bll,bll,J1254.5+2210,bll,J1254.5+2210,bll,J1254.5+2210,bll,AGN,AGN,AGN,AGN
1020,J1254.9-4426,bll,J1254.9-4423,"[2.426555633544922, 2.4153292179107666, 2.3430135250091553, 6.931146144866943, -30.87492456716705, -30.699939934868944, -28.09656476098528, -30.822540931939667, -23.799978451751056, 0.011235992424190044, 0.10339060425758362, 0.1550208330154419, 7.242900371551514, 0.18842260875003228, -0.6266916596741553, -0.7792730841577353, -0.5975152473536417, -0.4947645347948219, -0.9999745112973798]",[1],J1254.9-4423,bll,bll,J1254.9-4426,bll,J1254.9-4426,bll,J1254.9-4426,bll,AGN,AGN,AGN,AGN
1021,J1256.1-5919,bcu,J1256.1-5919,"[2.099196672439575, 2.124284505844116, 2.0568349361419678, 11.69338607788086, -33.03855549187764, -32.93564553448296, -27.70811404777313, -32.97458874045457, -23.24866815028021, -0.024463364854454994, 0.362448513507843, 0.4728207290172577, 9.101880073547363, 0.9765413497512465, -0.24988759247798065, -0.7325222722658614, -0.5386219002969288, -0.3718273295559828, -0.5271157545110988]",[1],J1256.1-5919,bcu,bcu,J1256.1-5919,bcu,J1256.1-5919,bcu,J1256.1-5919,bcu,AGN,AGN,AGN,AGN
1022,J1256.1-0547,FSRQ,J1256.1-0547,"[2.3380892276763916, 2.253446578979492, 2.1556692123413086, 5667.240234375, -27.011474917003387, -26.805121388436472, -26.653283228322465, -26.900496386976013, -21.980155264076192, 0.06990525871515274, 0.5543010234832764, 12.66703987121582, 200.439208984375, -0.23501722561459756, -0.5559952225264191, -0.6767453415006206, -0.6583359437678226, -0.8018077442955773, -0.7419433835232893]",[1],J1256.1-0547,FSRQ,FSRQ,J1256.1-0547,FSRQ,J1256.1-0547,FSRQ,J1256.1-0547,FSRQ,AGN,AGN,AGN,AGN
1023,J1256.2-1146,bll,J1256.3-1146,"[1.969778299331665, 1.9509851932525635, 1.9264942407608032, 7.5099310874938965, -32.10760364811425, -31.8970637386232, -27.945072064750967, -32.02999019693387, -23.499854828862954, 0.017455747351050377, 0.0894843265414238, 0.5516054034233093, 23.13495635986328, -0.773073617786073, -0.5049362887228888, -0.418428878310637, -0.5071193112249783, -0.4896705143298958, -0.46094802736395335]",[1],J1256.3-1146,bcu,bll,J1256.2-1146,bll,J1256.2-1146,bll,J1256.2-1146,bll,AGN,AGN,AGN,AGN
1024,J1258.3+6121,bll,J1258.0+6120,"[1.9448349475860596, 1.7563728094100952, 1.4324878454208374, 9.081180572509766, -33.474054836424216, -33.016906825348975, -28.79246607068338, -33.13477516600659, -24.324191066320243, 0.2144089937210083, 0.21333658695220947, 2.077538251876831, 8.980798721313477, 0.7926922356546757, 0.9340558322528809, 0.031140062823805367, -0.47350740242504563, -0.6034370770097314, -0.6646411566382311]",[1],J1258.0+6120,bll,bll,J1258.3+6121,bll,J1258.3+6121,bll,J1258.3+6121,bll,AGN,AGN,AGN,AGN
1025,J1258.6-1759,fsrq,J1258.6-1800,"[2.4988720417022705, 2.4565658569335938, 2.3090262413024902, 184.54043579101562, -29.07164050461021, -28.82503409897996, -27.959188589740645, -28.89317809833616, -23.410905604432244, 0.05939542129635811, 0.7018083930015564, 1.7642168998718262, 25.307415008544922, -0.2781246042374224, -0.6137136014776137, -0.7150051019118513, -0.7165082933732354, -0.7568000390549082, -0.9999281245866718]",[1],J1258.6-1800,fsrq,fsrq,J1258.6-1759,fsrq,J1258.6-1759,fsrq,J1258.6-1759,fsrq,AGN,AGN,AGN,AGN
1026,J1258.7+5143,bcu,J1258.7+5137,"[2.2353594303131104, 2.283933639526367, 2.3830575942993164, 9.401934623718262, -32.71309975686074, -32.74876952110693, -28.638773684245585, -32.7493741320404, -24.293893953254944, -0.08599936962127686, 0.2324400693178177, 1.5211790800094604, 5.917729377746582, 0.6770421104077626, -0.8400884961343328, -0.6679167417683466, -0.49351031891193026, -0.8140150217857383, 0.16940668097547493]",[1],J1258.7+5137,bcu,bcu,J1258.7+5143,bcu,J1258.7+5143,bcu,J1258.7+5143,bcu,AGN,AGN,AGN,AGN
1027,J1258.8-2219,fsrq,J1258.7-2219,"[2.370135545730591, 2.3042821884155273, 2.083916664123535, 437.2537536621094, -29.47881214440407, -29.205566498341117, -27.450802812668226, -29.271780828017445, -23.05074287571122, 0.10872656106948853, 0.9215331077575684, 4.764864444732666, 35.91728973388672, 0.33490387342185063, -0.5248011037195559, -0.6541168141889999, -0.6917306695505689, -0.7507491500728509, -0.8722287451282905]",[1],J1258.7-2219,fsrq,fsrq,J1258.8-2219,fsrq,J1258.8-2219,fsrq,J1258.8-2219,fsrq,AGN,AGN,AGN,AGN
1028,J1259.1-2311,bll,J1259.0-2310,"[2.068110227584839, 2.0021018981933594, 1.8971577882766724, 37.83189010620117, -32.482911531542946, -32.21572020140429, -28.007028894367885, -32.33714160591601, -23.5090205281913, 0.0703921839594841, 0.5833548903465271, 1.1914972066879272, 14.037433624267578, -0.9266199431151044, -0.06869705496862559, -0.6497397824514435, -0.30227236327753226, -0.6764675727651536, -0.44741909308224836]",[1],J1259.0-2310,bcu,bll,J1259.1-2311,bll,J1259.1-2311,bll,J1259.1-2311,bll,AGN,AGN,AGN,AGN
1029,J1259.8-3749,bll,J1259.8-3749,"[2.0543053150177, 2.0548813343048096, 1.989209771156311, 16.750822067260742, -31.987637781817757, -31.819628640882673, -28.061145525000217, -31.91191096194684, -23.563600433331672, -0.00034780081477947533, 0.30227768421173096, 0.02165400981903076, 17.406005859375, -0.47529957775368226, -0.4743169240058782, -0.526324142541541, -0.5225260974127554, -0.524512863293972, -0.4981749063554965]",[1],J1259.8-3749,bcu,bll,J1259.8-3749,bll,J1259.8-3749,bll,J1259.8-3749,bll,AGN,AGN,AGN,AGN
1030,J1300.4+1416,fsrq,J1300.2+1416,"[2.7359187602996826, 2.6719038486480713, 2.4004812240600586, 24.45907211303711, -28.271153480094945, -27.954664560112583, -28.133690520937847, -28.021108464125366, -23.776780916531646, 0.13044998049736023, 0.27402281761169434, 2.4375221729278564, 18.546728134155273, -0.15972678652364203, -0.7271487250810401, -0.8166744149585206, -0.7068310882806894, -0.9351068080008756, -0.9999999984167159]",[1],J1300.2+1416,fsrq,fsrq,J1300.4+1416,fsrq,J1300.4+1416,fsrq,J1300.4+1416,fsrq,AGN,AGN,AGN,AGN
1031,J1301.6+0834,PSR,J1301.6+0832,"[2.1985106468200684, 1.904434323310852, 1.0192142724990845, 11.017145156860352, -30.475041484624658, -29.980855023712692, -28.207202798238043, -30.047319126546938, -23.243473729653672, 0.3805299401283264, 0.1362035870552063, 7.238219261169434, 25.704607009887695, 0.9999646932116468, -0.3041857576022733, -0.45490026109391896, -0.6451302585603617, -0.9675627681622365, -0.9945643631061207]",[0],J1301.6+0832,PSR,PSR,J1301.6+0834,PSR,J1301.6+0834,MSP,J1301.6+0834,MSP,PSR,PSR,PSR,AGN
1032,J1302.4-3258,PSR,J1302.3-3259,"[2.0950467586517334, 1.6623777151107788, 0.28823167085647583, 2.7070834636688232, -31.05680347817544, -30.473420792189362, -28.079085789028497, -30.523145317647007, -22.99338346629342, 0.5785260200500488, 0.0, 10.673012733459473, 33.98176574707031, -0.8684146156090623, 0.16583784060684087, -0.18209433565898345, -0.5464102921572074, -0.8939311614152091, -0.9985817056565431]",[0],J1302.3-3259,PSR,PSR,J1302.4-3258,PSR,J1302.4-3258,MSP,J1302.4-3258,MSP,PSR,PSR,PSR,PSR
1033,J1302.8+5748,bcu,J1302.6+5748,"[2.3632254600524902, 2.397569179534912, 2.368833303451538, 35.39427947998047, -31.110697594870285, -31.03105123985917, -28.59636645395819, -31.05941759258811, -24.1170293046117, -0.04491383582353592, 0.5480040907859802, 0.9726735949516296, 13.99948787689209, -0.2959223690306476, -0.714149291162827, -0.6060509055903185, -0.5516535957910872, -0.7130783172050228, -0.9999485082796638]",[1],J1302.6+5748,bcu,bcu,J1302.8+5748,bll,J1302.8+5748,bll,J1302.8+5748,bll,AGN,AGN,AGN,AGN
1034,J1303.0+2434,bll,J1303.0+2435,"[2.1862518787384033, 2.102759838104248, 1.9891589879989624, 224.65316772460938, -29.58323929212728, -29.406644089026884, -27.69170042768333, -29.471981982238088, -23.20807398757411, 0.05980242043733597, 0.570753812789917, 3.012223958969116, 45.85121154785156, 0.5761719951804717, -0.37796995891566315, -0.5623004303975273, -0.5724239135669414, -0.6892145998766267, -0.9239526661039364]",[1],J1303.0+2435,bll,bll,J1303.0+2434,bll,J1303.0+2434,bll,J1303.0+2434,bll,AGN,AGN,AGN,AGN
1035,J1303.6-4622,fsrq,J1303.7-4619,"[2.2136423587799072, 2.151979684829712, 1.8507611751556396, 39.97169876098633, -31.707395792918714, -31.380545436758958, -28.068293530940682, -31.443286667726486, -23.61743919377365, 0.14021775126457214, 0.7379201650619507, 2.3579602241516113, 11.952313423156738, -0.999379235235888, 0.9984520560754739, -0.5535641198340617, -0.6677527076527103, -0.7442786774729341, -0.644460676236328]",[1],J1303.7-4619,fsrq,fsrq,J1303.6-4622,fsrq,J1303.6-4622,fsrq,J1303.6-4622,fsrq,AGN,AGN,AGN,AGN
1036,J1304.0-5539,bcu,J1304.3-5535,"[2.6893117427825928, 2.694434642791748, 2.762868881225586, 12.513888359069824, -29.911939069105486, -29.855436704134355, -27.328795765457855, -29.919434814824637, -23.47856476076935, -0.07864917814731598, 0.42182886600494385, 1.142474889755249, 5.166852951049805, -0.7416279825869991, -0.6340345011680143, -0.8819057073144638, -0.48827706489005146, -0.9984584389164777, 0.9848417448957839]",[1],J1304.3-5535,bcu,bcu,J1304.0-5539,bcu,J1304.0-5539,bcu,J1304.0-5539,bcu,AGN,AGN,AGN,AGN
1037,J1304.2-2412,bll,J1304.2-2411,"[1.9786713123321533, 1.904232144355774, 1.720086932182312, 6.148650169372559, -32.67317702133756, -32.40470530643747, -28.049322161159868, -32.495851296377204, -23.559948770246308, 0.06599735468626022, 0.0, 1.3021429777145386, 14.983393669128418, 0.9845872744172388, -0.5639698533499432, -0.5533284367778187, -0.43555856062772685, -0.45447625916445156, -0.5540647484347295]",[1],J1304.2-2411,bcu,bll,J1304.2-2412,bll,J1304.2-2412,bll,J1304.2-2412,bll,AGN,AGN,AGN,AGN
1038,J1304.3-4353,bll,J1304.3-4353,"[1.8889738321304321, 1.7349251508712769, 1.6186171770095825, 78.7874526977539, -31.250855327922753, -31.008255418510572, -27.320928405076636, -31.110900458882, -22.94015795970783, 0.09872997552156448, 0.3564756512641907, 4.661019802093506, 47.22581481933594, 0.9772872408735283, -0.45032621978637505, -0.34181674480452573, -0.4019891527385769, -0.5416771820349564, -0.4754268035543717]",[1],J1304.3-4353,bll,bll,J1304.3-4353,bll,J1304.3-4353,bll,J1304.3-4353,bll,AGN,AGN,AGN,AGN
1039,J1304.6-0348,fsrq,J1304.8-0338,"[2.299412965774536, 1.9807517528533936, 1.2516577243804932, 23.13092613220215, -31.57581418088055, -30.961534769889504, -28.392932764403888, -31.167288111365238, -23.98024343202974, 0.5147650837898254, 0.912203311920166, 1.7238390445709229, 4.134902000427246, -0.8345823371231652, -0.7649150144106424, -0.3116897960588418, -0.857232077283026, -0.29471130650634114, -0.9996515856334761]",[1],J1304.8-0338,fsrq,fsrq,J1304.6-0348,fsrq,J1304.6-0348,fsrq,J1304.6-0348,fsrq,AGN,AGN,AGN,AGN
1040,J1304.9-2107,bcu,J1304.9-2109,"[2.2442893981933594, 2.196624517440796, 1.9577492475509644, 3.784898042678833, -31.931060200147243, -31.625371629735934, -28.118887143322336, -31.70889382145438, -23.723635409719112, 0.10411950200796127, 0.0, 1.1532458066940308, 7.621829986572266, 0.9943801051631951, -0.35456899021317595, -0.7154909474589952, -0.6075425854619555, -0.5378180446212639, -0.9999748086226771]",[1],J1304.9-2109,bcu,bcu,J1304.9-2107,bcu,J1304.9-2107,bcu,J1304.9-2107,bcu,AGN,AGN,AGN,AGN
1041,J1305.6+7853,bll,J1305.5+7854,"[2.243643283843994, 2.250164747238159, 2.03458309173584, 8.394556045532227, -31.791883094247034, -31.612046261244757, -28.566688147849614, -31.608153045271425, -24.087901402427494, -0.005516964476555586, 0.0985637754201889, 0.12911544740200043, 14.536491394042969, 0.896019484173734, -0.7133037042344237, -0.6100449239423845, -0.5189545310795072, -0.7571541211464216, -0.5741156920414386]",[1],J1305.5+7854,bll,bll,J1305.6+7853,bll,J1305.6+7853,bll,J1305.6+7853,bll,AGN,AGN,AGN,AGN
1042,J1306.7-2148,rdg,J1306.8-2146,"[2.1278955936431885, 1.9618737697601318, 1.68240225315094, 10.017820358276367, -32.06708687961555, -31.665523324717256, -28.063243023189475, -31.78821958025338, -23.576125846795893, 0.1944764405488968, 0.2079005092382431, 2.3622148036956787, 12.271612167358398, 0.9985086251474171, -0.617426966962227, -0.1386821804588381, -0.5513278528634397, -0.7038636343631898, -0.620452895932572]",[1],J1306.8-2146,bcu,rdg,J1306.7-2148,rdg,J1306.7-2148,rdg,J1306.7-2148,rdg,AGN,AGN,AGN,AGN
1043,J1307.6-4259,bll,J1307.6-4300,"[1.935927391052246, 1.8920118808746338, 1.7974299192428589, 13.882182121276855, -31.934192961940067, -31.71204546030628, -27.59521875651846, -31.807705363670348, -23.178549739025975, 0.03906581178307533, 0.1230975091457367, 1.50966215133667, 37.717872619628906, -0.3048663897733349, -0.47052358052138166, -0.4556877933731345, -0.43571550612636334, -0.5515881217905425, -0.3520238914480253]",[1],J1307.6-4300,bcu,bll,J1307.6-4259,bll,J1307.6-4259,bll,J1307.6-4259,bll,AGN,AGN,AGN,AGN
1044,J1308.4-6706,bcu,J1308.1-6707,"[2.385770320892334, 2.3400638103485107, 2.1127769947052, 78.39472198486328, -30.698366726134353, -30.43311885040784, -27.437246957854487, -30.468521543033713, -23.16946030760516, 0.09473489224910736, 0.651172399520874, 2.410728931427002, 17.754974365234375, 0.9969246048579733, -0.35483656001415054, -0.6632682210033618, -0.6771502551433434, -0.6584654661876889, -0.9999999997035028]",[1],J1308.1-6707,bcu,bcu,J1308.4-6706,bcu,J1308.4-6706,bcu,J1308.4-6706,bcu,AGN,AGN,AGN,AGN
1045,J1308.5+3547,fsrq,J1308.7+3545,"[2.29087233543396, 2.0082147121429443, 1.2496778964996338, 96.32067108154297, -30.315443318882355, -29.88504446460386, -28.399524601220808, -29.943653827866196, -23.62252159567683, 0.3375903367996216, 0.8198555111885071, 5.1278276443481445, 18.688831329345703, 0.6287994813499813, -0.19772101346922957, -0.4858781212187548, -0.7268839195946268, -0.9475608172992873, -0.9999754658340427]",[1],J1308.7+3545,fsrq,fsrq,J1308.5+3547,fsrq,J1308.5+3547,fsrq,J1308.5+3547,fsrq,AGN,AGN,AGN,AGN
1046,J1309.4+4305,bll,J1309.3+4304,"[1.9042190313339233, 1.7701181173324585, 1.6875991821289062, 5.5639328956604, -30.979562761676554, -30.76154788909896, -27.655954660417187, -30.86063523940734, -23.272003297417243, 0.08249807357788086, 0.0, 4.121037483215332, 47.16386413574219, 0.9913569414546575, -0.36466581871487014, -0.3589346914172827, -0.4529067856963058, -0.5763442641607008, -0.5666636551363845]",[1],J1309.3+4304,bll,bll,J1309.4+4305,bll,J1309.4+4305,bll,J1309.4+4305,bll,AGN,AGN,AGN,AGN
1047,J1309.7+1153,bll,J1309.5+1154,"[2.166511058807373, 2.114856004714966, 1.8915575742721558, 6.957033634185791, -31.386261781235522, -31.107335502290724, -28.170950593521788, -31.137628046972207, -23.64476039096586, 0.0838075503706932, 0.0, 1.7488147020339966, 16.048616409301758, 0.9999991640409401, 0.013922026606076962, -0.6076188407201207, -0.5185535160495731, -0.7511979510954017, -0.7740142219468041]",[1],J1309.5+1154,bll,bll,J1309.7+1153,bll,J1309.7+1153,bll,J1309.7+1153,bll,AGN,AGN,AGN,AGN
1048,J1310.2-1158,bll,J1310.2-1159,"[2.024184226989746, 2.0280401706695557, 1.988908052444458, 8.661397933959961, -32.43324605452984, -32.267329127508496, -28.219954801886715, -32.36736623774749, -23.728498435835068, -0.0027778728399425745, 0.23902727663516998, 0.045209869742393494, 14.10355281829834, -0.9464117734271202, 0.3317414832339928, -0.5540063235979109, -0.6139361450275583, -0.39321251176833427, -0.3169621539832863]",[1],J1310.2-1159,bll,bll,J1310.2-1158,bll,J1310.2-1158,bll,J1310.2-1158,bll,AGN,AGN,AGN,AGN
1049,J1310.5+3221,fsrq,J1310.6+3222,"[2.260312557220459, 2.2816455364227295, 1.9885060787200928, 170.4131622314453, -30.666536645917308, -30.547835164240187, -26.95174470062388, -30.505389789186975, -22.754381418402247, 0.10386370122432709, 0.6279782056808472, 5.985122203826904, 29.630002975463867, -0.12561957475438504, -0.6045620179833093, -0.608301173183144, -0.6079908494756491, -0.7128238696107394, -0.7931624525884626]",[1],J1310.6+3222,fsrq,fsrq,J1310.5+3221,fsrq,J1310.5+3221,fsrq,J1310.5+3221,fsrq,AGN,AGN,AGN,AGN
1050,J1310.6+2449,bcu,J1310.6+2446,"[2.1538186073303223, 2.0614986419677734, 2.1533687114715576, 5.1722636222839355, -32.393017342671996, -32.07667892116392, -28.553013441493533, -32.343543346710604, -24.071585999914028, 0.06954558193683624, 0.0, 0.6239506006240845, 9.128744125366211, -0.55703097069232, -0.8614661440594824, -0.2056041979258351, -0.48426795717591287, -0.9999773272914736, 0.9994545854791699]",[1],J1310.6+2446,bcu,bcu,J1310.6+2449,bll,J1310.6+2449,bll,J1310.6+2449,bll,AGN,AGN,AGN,AGN
1051,J1310.9+5514,fsrq,J1310.7+5515,"[2.4306397438049316, 2.391164779663086, 2.2600343227386475, 12.966156005859375, -30.662471887584513, -30.442902939274394, -28.61619639509084, -30.50612113788481, -24.16114553151027, 0.046728335320949554, 0.2823284864425659, 0.7867963910102844, 11.867644309997559, -0.11922126440540305, -0.6610592762437479, -0.6441912749138122, -0.6433375060421026, -0.7664971183800265, -0.9993181405556149]",[1],J1310.7+5515,fsrq,fsrq,J1310.9+5514,fsrq,J1310.9+5514,fsrq,J1310.9+5514,fsrq,AGN,AGN,AGN,AGN
1052,J1311.0+0034,bll,J1311.0+0036,"[2.0768182277679443, 2.1219067573547363, 2.1064164638519287, 8.180777549743652, -33.19285234051161, -33.19066952861554, -27.999081312073972, -33.15862064599309, -23.515897800173093, -0.060095347464084625, 0.09701678156852722, 1.254014015197754, 9.660909652709961, -0.6718613285171471, -0.015738553586030216, -0.651394188715829, -0.6331838194025872, -0.14150924394536116, -0.521729736904492]",[1],J1311.0+0036,bll,bll,J1311.0+0034,bll,J1311.0+0034,bll,J1311.0+0034,bll,AGN,AGN,AGN,AGN
1053,J1311.7-3430,PSR,J1311.8-3430,"[2.235280752182007, 2.05379056930542, 1.6640996932983398, 9.684935569763184, -29.08942146924229, -28.74820920734114, -27.258400120910974, -28.815647166845203, -22.503411437145033, 0.19274504482746124, 0.029669474810361862, 14.474513053894043, 95.7887191772461, 0.0655761810593974, -0.42079863616228136, -0.5576581857327283, -0.6520446854441929, -0.9007695929079759, -0.8001275052427204]",[0],J1311.8-3430,PSR,PSR,J1311.7-3430,PSR,J1311.7-3430,MSP,J1311.7-3430,MSP,PSR,PSR,PSR,PSR
1054,J1312.4-2156,bll,J1312.5-2155,"[2.037102460861206, 1.799117922782898, 1.4866206645965576, 33.58717727661133, -30.88571102208811, -30.533463144812554, -27.71550925534197, -30.623916216060778, -23.056264874210328, 0.19584855437278748, 0.2765794098377228, 6.117623805999756, 32.36481857299805, -0.6694588273248873, -0.09458725030205738, -0.3856844558091819, -0.4666453265663317, -0.7657100040387153, -0.763086896812568]",[1],J1312.5-2155,bll,bll,J1312.4-2156,bll,J1312.4-2156,bll,J1312.4-2156,bll,AGN,AGN,AGN,AGN
1055,J1312.6+4828,bcu,J1312.7+4828,"[2.159122943878174, 2.0832321643829346, 2.0294957160949707, 3429.25830078125, -29.418449405972666, -29.27254764035167, -27.621772623601515, -29.35188342865425, -23.14324583115987, 0.049762796610593796, 2.085644006729126, 3.383711338043213, 67.34776306152344, -0.1626556636785733, -0.4910321039637368, -0.6005945472272068, -0.5429336397358093, -0.7193035115146298, -0.5012248481547128]",[1],J1312.7+4828,agn,bcu,J1312.6+4828,bcu,J1312.6+4828,bcu,J1312.6+4828,bcu,AGN,AGN,AGN,AGN
1056,J1312.7+0050,PSR,J1312.7+0051,"[2.1698458194732666, 2.0979673862457275, 0.8202446699142456, 8.503433227539062, -30.590249349035904, -30.039009697033954, -27.779826646230653, -30.04462906458736, -22.911024631483023, 0.4509209394454956, 0.049467332661151886, 12.330018043518066, 38.272186279296875, 0.9665135133943533, -0.2508858332992194, -0.4195070196032651, -0.714459930177106, -0.9587826553271495, -0.9997840541762424]",[0],J1312.7+0051,PSR,PSR,J1312.7+0050,PSR,J1312.7+0050,MSP,J1312.7+0050,MSP,PSR,PSR,PSR,PSR
1057,J1312.8-2350,bll,J1312.7-2349,"[1.7992289066314697, 1.6714531183242798, 1.4369877576828003, 4.1774797439575195, -33.48603946343406, -33.144240572598115, -27.941364219362672, -33.24549136344244, -23.539486155954677, 0.10027724504470825, 0.0, 1.8990730047225952, 16.016019821166992, -0.5826482226832828, -0.6604687648284298, -0.34196091708743, -0.3790410788486854, -0.22942499682042874, -0.5426613398133705]",[1],J1312.7-2349,bcu,bll,J1312.8-2350,bll,J1312.8-2350,bll,J1312.8-2350,bll,AGN,AGN,AGN,AGN
1058,J1312.8-0425,fsrq,J1312.8-0424,"[2.389261484146118, 2.151872158050537, 1.770565390586853, 383.480712890625, -29.17285959016906, -28.834877596123093, -27.87527707661593, -28.90836177981135, -23.285442845507518, 0.22729937732219696, 1.0458717346191406, 5.047544479370117, 29.337921142578125, 0.0558394892037796, -0.3326439902187989, -0.668166275453103, -0.76184515239832, -0.6984983320079402, -0.9999844717961027]",[1],J1312.8-0424,fsrq,fsrq,J1312.8-0425,fsrq,J1312.8-0425,fsrq,J1312.8-0425,fsrq,AGN,AGN,AGN,AGN
1059,J1314.7+2348,bll,J1314.8+2349,"[2.021352529525757, 1.8485746383666992, 1.6624417304992676, 25.714317321777344, -30.795803033602695, -30.5472268032965, -27.808056270186356, -30.626601765747452, -23.312832429344773, 0.11828815937042236, 0.24808698892593384, 4.086278438568115, 34.224609375, 0.9934959074059125, -0.30436319566461084, -0.4582722834611788, -0.5015151397667584, -0.5999385881273565, -0.9080708162166952]",[1],J1314.8+2349,bll,bll,J1314.7+2348,bll,J1314.7+2348,bll,J1314.7+2348,bll,AGN,AGN,AGN,AGN
1060,J1315.0-4236,bll,J1314.7-4237,"[1.7188763618469238, 1.6999939680099487, 1.592640995979309, 6.613862037658691, -34.43826552957414, -34.20649911415428, -28.065323169402575, -34.3065655250087, -23.62080530070292, 0.016034195199608803, 0.0, 0.32229849696159363, 12.981050491333008, -0.9999971962184881, 0.9998177093392354, -0.5835494703356495, -0.4907279735967434, -0.1824021063766542, -0.34323278802182017]",[1],J1314.7-4237,bcu,bll,J1315.0-4236,bll,J1315.0-4236,bll,J1315.0-4236,bll,AGN,AGN,AGN,AGN
1061,J1315.1-5333,bcu,J1315.1-5329,"[2.4839234352111816, 2.3691532611846924, 2.000854730606079, 32.06058120727539, -29.543513049447828, -29.233310693754753, -27.39298179720311, -29.288178743934512, -23.07845052906004, 0.17762118577957153, 0.3424360156059265, 4.026772499084473, 19.042760848999023, -0.2712273490370525, -0.5147421670316432, -0.6915750057686272, -0.7098414510163237, -0.857959229588037, -0.9989073858393381]",[1],J1315.1-5329,bcu,bcu,J1315.1-5333,bll,J1315.1-5333,bll,J1315.1-5333,bll,AGN,AGN,AGN,AGN
1062,J1315.5+1135,bll,J1315.4+1130,"[1.748314380645752, 1.5374417304992676, 0.8615033030509949, 10.580089569091797, -34.16392109885483, -33.586605622734574, -28.33995012027759, -33.67605760907053, -23.972075725314404, 0.2821657955646515, 0.3684282898902893, 2.52681040763855, 8.402657508850098, 0.9999996654344389, -0.9999556397182923, 0.9991881397918223, 0.045252860429215724, -0.4129385206415493, -0.6908566846811637]",[1],J1315.4+1130,bcu,bll,J1315.5+1135,bll,J1315.5+1135,bll,J1315.5+1135,bll,AGN,AGN,AGN,AGN
1063,J1316.1-3338,fsrq,J1316.0-3338,"[2.3093976974487305, 2.242598056793213, 2.1779909133911133, 458.52349853515625, -29.31599026911844, -29.117024785811502, -27.36862588111438, -29.220017123086432, -22.96107361325806, 0.06754451990127563, 0.7424988746643066, 3.306338310241699, 48.181304931640625, -0.2983400143246969, -0.46685687080876015, -0.6563034560606011, -0.6721937214064049, -0.6731831411565288, -0.6435647094406138]",[1],J1316.0-3338,fsrq,fsrq,J1316.1-3338,fsrq,J1316.1-3338,fsrq,J1316.1-3338,fsrq,AGN,AGN,AGN,AGN
1064,J1317.6+3428,fsrq,J1317.8+3429,"[2.588115930557251, 2.552673816680908, 2.3254709243774414, 28.708852767944336, -29.770856883120917, -29.54927591091561, -28.34458361810943, -29.595561246408153, -23.99946761184814, 0.0790056362748146, 0.43703240156173706, 1.4339632987976074, 13.731707572937012, -0.08477457921714905, -0.6736350819357408, -0.7394864435807609, -0.6600746686605349, -0.999952079475001, -0.35768956328706314]",[1],J1317.8+3429,fsrq,fsrq,J1317.6+3428,fsrq,J1317.6+3428,fsrq,J1317.6+3428,fsrq,AGN,AGN,AGN,AGN
1065,J1318.7-1234,bcu,J1318.7-1232,"[2.1395819187164307, 2.0883967876434326, 1.938122272491455, 17.981821060180664, -31.774179511002465, -31.532447685397056, -28.184501376445304, -31.60205680164621, -23.67745333947648, 0.06357096880674362, 0.349270224571228, 1.2501317262649536, 13.566444396972656, 0.996830851987738, -0.5418084859540199, -0.6488870055750927, -0.549292898873688, -0.4792818556115852, -0.9999227518637916]",[1],J1318.7-1232,bcu,bcu,J1318.7-1234,bcu,J1318.7-1234,bcu,J1318.7-1234,bcu,AGN,AGN,AGN,AGN
1066,J1319.5+1404,bll,J1319.3+1402,"[1.9243592023849487, 1.602290153503418, 0.8294222354888916, 12.410893440246582, -33.396464869705554, -32.8570623342737, -28.45669715391963, -32.9294160065445, -23.981003213463058, 0.3415999710559845, 0.4636475443840027, 2.449467182159424, 7.782842636108398, 0.06958100252553728, -0.9908982845528198, 0.7576315508848701, -0.49143316639912976, -0.28383305362144284, -0.9999796362305817]",[1],J1319.3+1402,bll,bll,J1319.5+1404,bll,J1319.5+1404,bll,J1319.5+1404,bll,AGN,AGN,AGN,AGN
1067,J1319.8+7759,bll,J1319.6+7759,"[2.041003942489624, 2.0273892879486084, 1.9940810203552246, 21.12094497680664, -32.537532904342626, -32.35297796799888, -28.56937466422739, -32.47019283123396, -24.07718888052207, 0.012343830429017544, 0.4130723476409912, 0.30096882581710815, 17.03818702697754, -0.9866370977169305, 0.8555794739154905, -0.643177960670185, -0.5631159903948822, -0.44122238037364647, -0.3550651804591269]",[1],J1319.6+7759,bcu,bll,J1319.8+7759,bll,J1319.8+7759,bll,J1319.8+7759,bll,AGN,AGN,AGN,AGN
1068,J1321.1+2216,fsrq,J1321.0+2215,"[2.3383326530456543, 2.234912395477295, 2.085963726043701, 350.5499267578125, -29.143503803494475, -28.94092569248397, -27.58959470492746, -29.013239825065373, -23.143991004720412, 0.09079485386610031, 0.6868524551391602, 4.179753303527832, 48.138031005859375, -0.26489840903531453, -0.4950707586458716, -0.6624152887524678, -0.6378465760679385, -0.7809630268419043, -0.8612085273123647]",[1],J1321.0+2215,fsrq,fsrq,J1321.1+2216,fsrq,J1321.1+2216,fsrq,J1321.1+2216,fsrq,AGN,AGN,AGN,AGN
1069,J1322.0+8317,fsrq,J1321.7+8312,"[2.4861600399017334, 2.4454922676086426, 2.2967052459716797, 75.39744567871094, -30.43255263437684, -30.185712648864477, -28.41366463920757, -30.26963149222483, -24.043370281888148, 0.03956376016139984, 0.8200387358665466, 0.6594613790512085, 11.87248420715332, -0.292557998306016, -0.6539123272628647, -0.7081946388784665, -0.5806366886598365, -0.8745337342519007, -0.999984264292781]",[1],J1321.7+8312,fsrq,fsrq,J1322.0+8317,fsrq,J1322.0+8317,fsrq,J1322.0+8317,fsrq,AGN,AGN,AGN,AGN
1070,J1322.2+0842,fsrq,J1322.3+0839,"[2.248791217803955, 2.293297052383423, 2.2429773807525635, 33.4555549621582, -31.41418568513221, -31.278570499684093, -28.36177889124288, -31.373056180837107, -23.861036264269313, -0.03175615519285202, 0.6995201110839844, 0.6132354140281677, 10.668166160583496, -0.42959986246302373, -0.6976756758699745, -0.6236187479436952, -0.35790792529409554, -0.9047394475471879, -0.24735414913114484]",[1],J1322.3+0839,bcu,fsrq,J1322.2+0842,fsrq,J1322.2+0842,fsrq,J1322.2+0842,fsrq,AGN,AGN,AGN,AGN
1071,J1322.6-0936,fsrq,J1322.8-0938,"[2.602644681930542, 2.485424041748047, 2.344515085220337, 232.09059143066406, -27.936932007904076, -27.727831268577013, -27.903766361286625, -27.80043867807338, -23.45798316718308, 0.10125290602445602, 0.6759172081947327, 2.6563782691955566, 27.05027198791504, 0.08906107928818278, -0.6206868475389519, -0.7827060710576117, -0.7981177289126435, -0.7598638594958217, -0.5927484328909128]",[1],J1322.8-0938,fsrq,fsrq,J1322.6-0936,fsrq,J1322.6-0936,fsrq,J1322.6-0936,fsrq,AGN,AGN,AGN,AGN
1072,J1322.6-1617,bcu,J1322.6-1619,"[2.100790023803711, 2.0007705688476562, 1.7130624055862427, 11.610018730163574, -32.606232398914415, -32.31194717646356, -28.394374727564248, -32.3650291295223, -23.902538602634408, 0.10874272882938385, 0.5221791863441467, 1.0883245468139648, 6.6576457023620605, 0.9974446186907767, -0.7039523096200565, -0.6273307451305569, -0.3426613543247517, -0.6045338266929561, -0.9999678509733287]",[1],J1322.6-1619,bcu,bcu,J1322.6-1617,bcu,J1322.6-1617,bcu,J1322.6-1617,bcu,AGN,AGN,AGN,AGN
1073,J1322.9+0437,bll,J1322.9+0435,"[1.8912054300308228, 1.629192590713501, 0.6271175742149353, 10.66425609588623, -33.54351959687549, -32.9597593315402, -28.483741039218724, -33.07660798169104, -24.028798851342714, 0.3814217448234558, 0.38079509139060974, 2.3295207023620605, 7.056415557861328, 0.9378126092298703, -0.999343090844864, 0.990024433269088, -0.23578412934139897, -0.5993787098096929, -0.9999425529495226]",[1],J1322.9+0435,bll,bll,J1322.9+0437,bll,J1322.9+0437,bll,J1322.9+0437,bll,AGN,AGN,AGN,AGN
1074,J1323.0+2941,bcu,J1323.0+2942,"[2.16267728805542, 2.12109375, 2.044402837753296, 6.807614803314209, -30.61129267605442, -30.383365599923806, -28.00836665095588, -30.49171560035198, -23.4311066654936, 0.05219224840402603, 0.031199010089039803, 2.360241651535034, 38.02994155883789, 0.94247313237034, -0.4903866488311009, -0.6030239588480844, -0.5506532949093615, -0.7195359055797924, -0.541497731637024]",[1],J1323.0+2942,bcu,bcu,J1323.0+2941,bcu,J1323.0+2941,bcu,J1323.0+2941,bcu,AGN,AGN,AGN,AGN
1075,J1323.9+1405,bll,J1323.9+1405,"[1.869359016418457, 1.6901782751083374, 1.372139573097229, 23.190465927124023, -32.854109751086945, -32.47037780484738, -28.05999851875618, -32.555731314265614, -23.677711246519, 0.1445767879486084, 0.42633435130119324, 2.541771411895752, 16.850038528442383, 0.9453772910128735, -0.10259054289172878, -0.4982942263580699, -0.22306938790396463, -0.4676542394015645, -0.7473260754288986]",[1],J1323.9+1405,bll,bll,J1323.9+1405,bll,J1323.9+1405,bll,J1323.9+1405,bll,AGN,AGN,AGN,AGN
1076,J1324.0-4330e,RDG,J1324.0-4330e,"[2.5100808143615723, 2.468916893005371, 2.284494400024414, 13.164591789245605, -27.7262190965194, -27.543984734317227, -26.745473500081093, -27.550794415049882, -22.279546855354962, 0.07660765200853348, 0.08074966818094254, 2.6920828819274902, 32.32202911376953, -0.44689452845159167, -0.6168807703021936, -0.709177695735758, -0.742934868216112, -0.7592250163882246, -0.8211140199059468]",[1],J1324.0-4330e,RDG,RDG,J1324.0-4330e,RDG,J1324.0-4330e,RDG,J1324.0-4330e,RDG,AGN,AGN,AGN,AGN
1077,J1325.5-4300,RDG,J1325.4-4301,"[2.649162530899048, 2.6662073135375977, 2.6977767944335938, 8.246992111206055, -28.64399925222666, -28.575850774704612, -27.17245677809201, -28.651768121125638, -22.898836856054817, -0.051154665648937225, 0.020229505375027657, 4.147582530975342, 63.456844329833984, -0.18188765470976495, -0.7459047635795085, -0.7729618801135048, -0.6710638585806175, -0.5938213030120933, -0.6178615827006471]",[1],J1325.4-4301,RDG,RDG,J1325.5-4300,RDG,J1325.5-4300,RDG,J1325.5-4300,RDG,AGN,AGN,AGN,AGN
1078,J1326.8-5256,bll,J1326.6-5256,"[2.2851593494415283, 2.112588405609131, 1.8311595916748047, 325.2097473144531, -29.82117709533171, -29.540112261513972, -27.347486932240603, -29.61367257693869, -22.856436110625243, 0.16328935325145721, 0.7814491391181946, 5.787527084350586, 35.29060363769531, -0.2381644006612486, -0.4491673886710425, -0.5597709232457972, -0.6252704680142752, -0.8029823159902495, -0.8321635417435077]",[1],J1326.6-5256,bll,bll,J1326.8-5256,bll,J1326.8-5256,bll,J1326.8-5256,bll,AGN,AGN,AGN,AGN
1079,J1326.9+2210,fsrq,J1326.8+2211,"[2.478257656097412, 2.3847124576568604, 2.1998188495635986, 126.07616424560547, -28.823965238569837, -28.579434047063497, -27.70521126129884, -28.65376436957162, -23.324831034560802, 0.11139605939388275, 0.4302159547805786, 4.019496917724609, 38.58340835571289, -0.10668830161311357, -0.58428921179779, -0.7123453235181084, -0.7019436613933148, -0.8192207268663283, -0.6816111316986904]",[1],J1326.8+2211,fsrq,fsrq,J1326.9+2210,fsrq,J1326.9+2210,fsrq,J1326.9+2210,fsrq,AGN,AGN,AGN,AGN
1080,J1327.8+2522,bll,J1327.9+2524,"[1.717454433441162, 1.381369709968567, 1.0206029415130615, 4.840343475341797, -34.733436956232204, -34.23069029840065, -28.63893668198451, -34.34008100120376, -24.267371483779538, 0.22823765873908997, 0.0, 1.4125275611877441, 4.884631633758545, -0.4461618593004374, -0.9999986050481435, 0.9999443361355432, -0.358076720865585, -0.029725642294219142, -0.6137172266915359]",[1],J1327.9+2524,bll,bll,J1327.8+2522,bll,J1327.8+2522,bll,J1327.8+2522,bll,AGN,AGN,AGN,AGN
1081,J1328.5-4727,bll,J1328.5-4728,"[1.9809404611587524, 1.9626548290252686, 1.793342113494873, 13.206073760986328, -33.345968806275124, -33.15487076095588, -27.62666724016875, -33.18034359131579, -23.070558296518602, 0.026333486661314964, 0.22358538210391998, 0.6652358770370483, 16.637821197509766, -0.7089198961653721, -0.24007104438051832, -0.49826088237030197, -0.5472207872499975, -0.4196821273458226, -0.34966781517517087]",[1],J1328.5-4728,bcu,bll,J1328.5-4727,bll,J1328.5-4727,bll,J1328.5-4727,bll,AGN,AGN,AGN,AGN
1082,J1329.0-5607,bcu,J1328.9-5607,"[2.4331820011138916, 2.334115982055664, 2.0962483882904053, 847.5126953125, -29.071926041210297, -28.8101991162827, -27.02440731716664, -28.87597804874922, -22.683047328193776, 0.1262267380952835, 0.8413802981376648, 6.855514049530029, 49.45589065551758, 0.18738031086575024, -0.52954333834803, -0.6586859196281998, -0.6999135819130032, -0.8417792942948442, -0.6722879965984414]",[1],J1328.9-5607,bcu,bcu,J1329.0-5607,bll,J1329.0-5607,bll,J1329.0-5607,bll,AGN,AGN,AGN,AGN
1083,J1330.2-7003,bcu,J1330.1-7002,"[2.425834894180298, 2.2819583415985107, 1.9412050247192383, 910.8819580078125, -29.313737879455996, -28.999666295888296, -27.436144179635512, -29.0756933834475, -23.016608272799807, 0.18180294334888458, 1.307336449623108, 6.72951602935791, 34.79972457885742, -0.09018257081763455, -0.5146679873050553, -0.6786370686565442, -0.7083853411555212, -0.8001111657107545, -0.9999925975515878]",[1],J1330.1-7002,bcu,bcu,J1330.2-7003,bcu,J1330.2-7003,bcu,J1330.2-7003,bcu,AGN,AGN,AGN,AGN
1084,J1330.2+7002,bll,J1330.6+7002,"[1.9449536800384521, 1.8911998271942139, 1.7735161781311035, 23.552005767822266, -32.86093285123108, -32.63125386745498, -28.562360774739066, -32.72163913534925, -24.137624533198352, 0.04510021582245827, 0.39293357729911804, 1.1058849096298218, 17.5985164642334, -0.7812587729842972, -0.28914960155658986, -0.5467193371069122, -0.3538483300228964, -0.5714654683072341, -0.43724644808254576]",[1],J1330.6+7002,bll,bll,J1330.2+7002,bll,J1330.2+7002,bll,J1330.2+7002,bll,AGN,AGN,AGN,AGN
1085,J1330.3+4441,bll,J1330.0+4437,"[2.1536474227905273, 1.978334665298462, 1.7446966171264648, 8.946453094482422, -31.988415838016564, -31.659424286637588, -28.579548532157116, -31.75605655597938, -24.061544650832374, 0.13654522597789764, 0.15314382314682007, 1.4408276081085205, 11.341415405273438, -0.6585498436063115, -0.6266974942972077, -0.4226381419830948, -0.5772633191648254, -0.6106658111332014, -0.9999979955024781]",[1],J1330.0+4437,bll,bll,J1330.3+4441,bll,J1330.3+4441,bll,J1330.3+4441,bll,AGN,AGN,AGN,AGN
1086,J1330.7+5200,bcu,J1330.9+5201,"[2.3808584213256836, 2.344017744064331, 2.1985087394714355, 14.177589416503906, -30.92524877022818, -30.713239114947015, -28.45760162408655, -30.763973205297322, -24.02346510840066, 0.0676666870713234, 0.3067474067211151, 1.362324833869934, 13.580985069274902, -0.7341445301716687, -0.5859643183312191, -0.6740181292430005, -0.7182593768582042, -0.6657190203170588, -0.9998903990945905]",[1],J1330.9+5201,bcu,bcu,J1330.7+5200,bcu,J1330.7+5200,bcu,J1330.7+5200,bcu,AGN,AGN,AGN,AGN
1087,J1331.2-1325,bll,J1331.1-1328,"[2.6089603900909424, 2.393026351928711, 1.9238770008087158, 23.160552978515625, -30.013672481938055, -29.623274530106645, -27.435052865585394, -29.533688641725455, -23.4230309844989, 0.3113537132740021, 0.3476453423500061, 2.380048990249634, 11.040793418884277, -0.8234732275753249, -0.19217273666051723, -0.6954188710717819, -0.851221723449917, -0.6472494882458062, -0.9994862855690777]",[1],J1331.1-1328,bcu,bll,J1331.2-1325,bll,J1331.2-1325,bll,J1331.2-1325,bll,AGN,AGN,AGN,AGN
1088,J1331.6+1711,bll,J1331.5+1711,"[2.3091909885406494, 2.3287723064422607, 2.2969257831573486, 10.85025405883789, -31.16762405101702, -31.030986468765573, -28.326882920857276, -31.11859240583068, -23.86285736652195, -0.02223418839275837, 0.2203095704317093, 0.4550526738166809, 11.317672729492188, -0.45983393401865963, -0.7520717477334571, -0.5548419716443129, -0.609053198952316, -0.6403081365282854, -0.39543163561937644]",[1],J1331.5+1711,bll,bll,J1331.6+1711,bll,J1331.6+1711,bll,J1331.6+1711,bll,AGN,AGN,AGN,AGN
1089,J1332.0-0509,fsrq,J1332.0-0508,"[2.4932353496551514, 2.3965470790863037, 2.0364887714385986, 1617.3717041015625, -28.521922028277803, -28.176769791412276, -27.185887423314618, -28.238056104135964, -22.910411893565644, 0.17542707920074463, 1.044992208480835, 8.553375244140625, 56.168914794921875, -0.34913184178440776, -0.5340392324644175, -0.7300024741172285, -0.8283747243045048, -0.757246808385569, -0.9999999980767218]",[1],J1332.0-0508,fsrq,fsrq,J1332.0-0509,fsrq,J1332.0-0509,fsrq,J1332.0-0509,fsrq,AGN,AGN,AGN,AGN
1090,J1332.2+4722,fsrq,J1331.8+4718,"[2.6007604598999023, 2.5091898441314697, 2.1393203735351562, 41.82478713989258, -30.199224442088944, -29.86128818872708, -28.39718092782684, -29.93353501047539, -24.178445393999123, 0.19374924898147583, 0.8692426085472107, 1.697959303855896, 7.533853054046631, -0.078393901417567, -0.37999665264370847, -0.7852707855460808, -0.8008703056246256, -0.7606952225636032, -0.9965305033894546]",[1],J1331.8+4718,fsrq,fsrq,J1332.2+4722,fsrq,J1332.2+4722,fsrq,J1332.2+4722,fsrq,AGN,AGN,AGN,AGN
1091,J1332.6-1256,fsrq,J1332.6-1256,"[2.3953640460968018, 2.3412179946899414, 2.087078094482422, 531.8598022460938, -29.6027538671023, -29.365398723623457, -27.08699506186322, -29.40094220726586, -22.880982089305, 0.1261792927980423, 0.8924936652183533, 6.132765769958496, 44.00796127319336, -0.2765210657623162, -0.5561559218163552, -0.6777867669124024, -0.6808601916855456, -0.7511531462816671, -0.9997428934046391]",[1],J1332.6-1256,fsrq,fsrq,J1332.6-1256,fsrq,J1332.6-1256,fsrq,J1332.6-1256,fsrq,AGN,AGN,AGN,AGN
1092,J1333.2+2725,fsrq,J1332.8+2723,"[2.3566133975982666, 2.337900161743164, 2.281202554702759, 29.526023864746094, -30.414961111502905, -30.22364236329951, -28.388197780950765, -30.316853158627424, -23.826863071077128, 0.0255778506398201, 0.4517311751842499, 0.6109009981155396, 17.292314529418945, -0.08572603898280673, -0.6072448986670989, -0.6307055047790808, -0.6515155114992766, -0.6912659409132828, -0.7118494138550164]",[1],J1332.8+2723,fsrq,fsrq,J1333.2+2725,fsrq,J1333.2+2725,fsrq,J1333.2+2725,fsrq,AGN,AGN,AGN,AGN
1093,J1333.7+5056,fsrq,J1333.7+5057,"[2.3042216300964355, 2.266557216644287, 2.152789831161499, 175.53079223632812, -30.640983911603783, -30.427159207451634, -28.3128594235715, -30.502011258309018, -23.751588055858033, 0.05921363830566406, 0.7247911691665649, 1.94235098361969, 26.239524841308594, 0.9123202290141081, -0.6067484280342986, -0.618664170876166, -0.6151693256866844, -0.6976791146470251, -0.999995548244936]",[1],J1333.7+5057,fsrq,fsrq,J1333.7+5056,fsrq,J1333.7+5056,fsrq,J1333.7+5056,fsrq,AGN,AGN,AGN,AGN
1094,J1335.3-2949,bll,J1335.4-2949,"[2.0245087146759033, 1.9830178022384644, 1.8558008670806885, 12.930232048034668, -32.52604392432641, -32.31359171484467, -28.311620090535644, -32.380053303315414, -23.819609295553096, 0.04706691950559616, 0.38960984349250793, 0.8587446212768555, 10.304793357849121, -0.8329901270692818, 0.9392228925192175, -0.6662090971409997, -0.30288645967303035, -0.6089667322577795, -0.6937860094272776]",[1],J1335.4-2949,bll,bll,J1335.3-2949,bll,J1335.3-2949,bll,J1335.3-2949,bll,AGN,AGN,AGN,AGN
1095,J1337.6-1257,fsrq,J1337.6-1257,"[2.40217924118042, 2.285135269165039, 2.0590200424194336, 92.14871978759766, -29.223633559571162, -28.965507079367754, -27.49189432571922, -28.919612296790014, -23.09026954545483, 0.12805719673633575, 0.3867991268634796, 4.612278938293457, 35.69353103637695, 0.9747209611834011, -0.5279788520821285, -0.6588849251607942, -0.7072613592574137, -0.7808567296096728, -0.8334305883180965]",[1],J1337.6-1257,fsrq,fsrq,J1337.6-1257,fsrq,J1337.6-1257,fsrq,J1337.6-1257,fsrq,AGN,AGN,AGN,AGN
1096,J1338.0+6534,fsrq,J1338.9+6532,"[2.778092384338379, 2.7613320350646973, 2.503541946411133, 19.52619171142578, -29.407017261835954, -29.255718062342925, -28.380430366166202, -29.23404916221879, -24.317189164016593, 0.04033079743385315, 0.47038623690605164, 0.5955920219421387, 8.286327362060547, 0.7183015149830595, -0.61730941581429, -0.723025857385346, -0.7585007773173327, -0.9998843187099217, 0.08038613117753506]",[1],J1338.9+6532,fsrq,fsrq,J1338.0+6534,fsrq,J1338.0+6534,fsrq,J1338.0+6534,fsrq,AGN,AGN,AGN,AGN
1097,J1338.9+1153,bll,J1339.0+1153,"[1.9763342142105103, 1.9708056449890137, 1.858253002166748, 33.145233154296875, -32.54567651521849, -32.37670504470755, -28.19111055886796, -32.43048301358959, -23.72494733340987, 0.005259280558675528, 0.5917079448699951, 0.1399511843919754, 15.396480560302734, -0.7625160929852196, -0.17262871267074803, -0.6929722235152715, -0.41926582166853776, -0.19180361790462233, -0.8558113176697636]",[1],J1339.0+1153,bll,bll,J1338.9+1153,bll,J1338.9+1153,bll,J1338.9+1153,bll,AGN,AGN,AGN,AGN
1098,J1339.0-2400,bcu,J1338.6-2403,"[2.303969621658325, 2.2611260414123535, 2.202746629714966, 58.75796890258789, -30.399661501805774, -30.155636210872604, -28.063625953395434, -30.2713450302508, -23.521823029823068, 0.06376175582408905, 0.5624598860740662, 1.7530971765518188, 18.808347702026367, 0.9997206987735913, -0.5242764250630637, -0.61330654810753, -0.6525666530045086, -0.7295756017400576, -0.6523693531387312]",[1],J1338.6-2403,bcu,bcu,J1339.0-2400,bcu,J1339.0-2400,bcu,J1339.0-2400,bcu,AGN,AGN,AGN,AGN
1099,J1339.9-0138,fsrq,J1339.8-0133,"[2.3567421436309814, 2.0655112266540527, 0.3233572840690613, 31.4892520904541, -30.985816590571837, -30.34193990719219, -28.75831619716365, -30.366989680470002, -23.657019133027756, 0.6857311129570007, 0.703956127166748, 4.081377029418945, 8.332414627075195, 0.9926420512642944, 0.1410417071932006, -0.605633828569141, -0.6667698507320372, -0.9999992068189473, 0.9928323455158161]",[1],J1339.8-0133,fsrq,fsrq,J1339.9-0138,fsrq,J1339.9-0138,fsrq,J1339.9-0138,fsrq,AGN,AGN,AGN,AGN
1100,J1340.5+4409,bll,J1340.6+4412,"[1.6638834476470947, 1.6197725534439087, 1.570263385772705, 6.3712639808654785, -34.987941939699084, -34.67111011616359, -28.489781503815244, -34.84719456301476, -24.123299744125884, 0.04524552449584007, 0.0, 0.5491670370101929, 8.624149322509766, -0.8440799205768216, -0.7727439852225515, -0.47421136685131654, -0.13315398366046638, -0.4814063818175633, -0.01288586789164277]",[1],J1340.6+4412,bll,bll,J1340.5+4409,bll,J1340.5+4409,bll,J1340.5+4409,bll,AGN,AGN,AGN,AGN
1101,J1340.8-0409,bll,J1340.6-0408,"[2.020923137664795, 1.929895043373108, 1.3550763130187988, 12.016002655029297, -32.35584414859082, -31.890134781779025, -28.296898325372485, -31.917122277337015, -23.810905494062233, 0.24320323765277863, 0.34710440039634705, 2.544072389602661, 9.287293434143066, -0.865805366704597, 0.996527775149381, -0.4385020568642535, -0.5052319793524925, -0.7897998177036201, -0.9991403537829275]",[1],J1340.6-0408,bcu,bll,J1340.8-0409,bll,J1340.8-0409,bll,J1340.8-0409,bll,AGN,AGN,AGN,AGN
1102,J1341.2+3958,bll,J1341.0+3955,"[1.9625850915908813, 2.0083818435668945, 1.9703351259231567, 8.953744888305664, -33.12059290298542, -33.04053327371626, -28.534827804549995, -33.08111374662958, -24.062598413245656, -0.03787243738770485, 0.2071026712656021, 0.844167947769165, 10.681299209594727, 0.9994608746892798, -0.5964264081460022, -0.8203421408494618, -0.04096578535055665, -0.4904471336636973, -0.4555250817847709]",[1],J1341.0+3955,bll,bll,J1341.2+3958,bll,J1341.2+3958,bll,J1341.2+3958,bll,AGN,AGN,AGN,AGN
1103,J1341.6+5515,bll,J1341.5+5517,"[2.081667423248291, 1.9957822561264038, 1.6696960926055908, 6.554848670959473, -33.50515287840739, -33.17506502320739, -28.841679312710806, -33.2002382424166, -24.35134753731437, 0.13723501563072205, 0.0, 1.014047622680664, 5.015296936035156, -0.9845408524077321, 0.9985444839584299, -0.27957983595143643, -0.46412158673588993, -0.85758014299489, -0.00014362366115608962]",[1],J1341.5+5517,bll,bll,J1341.6+5515,bll,J1341.6+5515,bll,J1341.6+5515,bll,AGN,AGN,AGN,AGN
1104,J1341.8-2053,fsrq,J1341.9-2053,"[2.706014394760132, 2.656222105026245, 2.377399444580078, 80.86399841308594, -28.72978087096055, -28.43819121151318, -27.956345755121855, -28.458243986793697, -23.716416347844252, 0.11560682207345963, 0.8653050065040588, 1.8488428592681885, 11.471460342407227, -0.5291617187544553, -0.6699052131503204, -0.7704611414926738, -0.8482004915642021, -0.7097999696664505, -0.9998740236296162]",[1],J1341.9-2053,fsrq,fsrq,J1341.8-2053,fsrq,J1341.8-2053,fsrq,J1341.8-2053,fsrq,AGN,AGN,AGN,AGN
1105,J1342.6+0944,fsrq,J1342.7+0945,"[2.0952036380767822, 2.008747100830078, 1.7885353565216064, 11.902852058410645, -32.211643489749896, -31.903237815217853, -28.403987145467443, -31.977186472932363, -23.899674505584994, 0.10945842415094376, 0.3131633996963501, 1.5027830600738525, 8.958494186401367, 0.9572752344447746, -0.5815260997985582, -0.3305735737871506, -0.6063836381276392, -0.6288676950671562, -0.6699020132038661]",[1],J1342.7+0945,bcu,fsrq,J1342.6+0944,fsrq,J1342.6+0944,fsrq,J1342.6+0944,fsrq,AGN,AGN,AGN,AGN
1106,J1343.6+5755,fsrq,J1343.6+5753,"[2.7980501651763916, 2.812711238861084, 2.807323455810547, 16.194738388061523, -29.326925026986242, -29.214389048995432, -28.657914322263426, -29.299083190920022, -24.508125451695463, -0.03104192391037941, 0.5244317650794983, 0.3389473855495453, 4.7446112632751465, 0.9885591862623563, -0.867048812866988, -0.6528944495785253, -0.7586009883394695, -0.9966769227332668, -0.9982434837705427]",[1],J1343.6+5753,fsrq,fsrq,J1343.6+5755,fsrq,J1343.6+5755,fsrq,J1343.6+5755,fsrq,AGN,AGN,AGN,AGN
1107,J1344.2-1723,fsrq,J1344.2-1724,"[2.21842885017395, 2.0866315364837646, 1.8630295991897583, 419.0453796386719, -29.70033798477078, -29.427054717658233, -27.660992425815667, -29.510707866055675, -23.055427730973342, 0.12359282374382019, 0.9263780117034912, 5.248230934143066, 36.92900085449219, 0.3463355017737551, -0.40077403733987993, -0.6076388721265238, -0.540761745864764, -0.7152798546432274, -0.999999999609487]",[1],J1344.2-1724,fsrq,fsrq,J1344.2-1723,fsrq,J1344.2-1723,fsrq,J1344.2-1723,fsrq,AGN,AGN,AGN,AGN
1108,J1344.4-3656,bcu,J1344.5-3655,"[2.304150342941284, 2.3179030418395996, 2.340100049972534, 6.620159149169922, -31.389642322937306, -31.258038966888073, -28.172763209735958, -31.377674200333907, -23.77259754594204, -0.018900204449892044, 0.0, 0.36401236057281494, 8.846534729003906, -0.5918745596139423, -0.6780640427361918, -0.5928450341431217, -0.7189044071761477, -0.5478718266531818, -0.17512418022288864]",[1],J1344.5-3655,bcu,bcu,J1344.4-3656,bcu,J1344.4-3656,bcu,J1344.4-3656,bcu,AGN,AGN,AGN,AGN
1109,J1345.5+4453,fsrq,J1345.6+4453,"[2.24552845954895, 2.1383566856384277, 2.0144433975219727, 4071.895263671875, -27.949436823374594, -27.734446377420205, -27.288969436582583, -27.82885478812596, -22.589511182632148, 0.08378718793392181, 0.7145949006080627, 11.381720542907715, 146.30299377441406, -0.1541079892998118, -0.5030995417894448, -0.6333199381613992, -0.6327876555771333, -0.7733145488725266, -0.8912525448022198]",[1],J1345.6+4453,fsrq,fsrq,J1345.5+4453,fsrq,J1345.5+4453,fsrq,J1345.5+4453,fsrq,AGN,AGN,AGN,AGN
1110,J1345.6-3356,bll,J1345.9-3357,"[2.017232656478882, 2.0194458961486816, 1.9661262035369873, 64.0383529663086, -32.40957012975347, -32.26228036377136, -28.19408803052848, -32.33476453135606, -23.706015002292975, -0.001569596934132278, 1.0519227981567383, 0.03902744874358177, 14.054878234863281, 0.9981843434898625, -0.6273423063755315, -0.5771721646032278, -0.5485529584536226, -0.31741591620615006, -0.5128886398687639]",[1],J1345.9-3357,bcu,bll,J1345.6-3356,bll,J1345.6-3356,bll,J1345.6-3356,bll,AGN,AGN,AGN,AGN
1111,J1345.8+0706,fsrq,J1345.8+0704,"[2.4774997234344482, 2.452307939529419, 2.3741941452026367, 160.2754669189453, -29.354671570291917, -29.130003287347726, -28.080532662460932, -29.228503138685976, -23.526120386476222, 0.03991025313735008, 0.7993131279945374, 1.1903759241104126, 23.79339027404785, -0.053662217805738315, -0.6221866878586404, -0.6853596977322137, -0.7331445598063472, -0.7894316966055912, -0.4806766406814421]",[1],J1345.8+0704,fsrq,fsrq,J1345.8+0706,fsrq,J1345.8+0706,fsrq,J1345.8+0706,fsrq,AGN,AGN,AGN,AGN
1112,J1346.3-6026,rdg,J1346.6-6027,"[2.402505874633789, 2.3838584423065186, 2.1476590633392334, 3.999751567840576, -30.93295846952322, -30.683766161740326, -26.742395104176712, -30.6965365578477, -22.663704551408916, 0.08666778355836868, 0.0, 2.4449565410614014, 19.69939613342285, 0.9616976123328425, -0.47167396318787363, -0.6665069809627789, -0.6486995271646021, -0.7609189196880992, -0.767295607424326]",[1],J1346.6-6027,rdg,rdg,J1346.3-6026,rdg,J1346.3-6026,rdg,J1346.3-6026,rdg,AGN,AGN,AGN,AGN
1113,J1347.1-2959,bll,J1346.9-2958,"[2.009199619293213, 1.975634217262268, 1.857756495475769, 2.226419448852539, -32.72673238340971, -32.48770529231803, -28.230861583202586, -32.56551293323345, -23.73402672585191, 0.053248289972543716, 0.0, 1.0725234746932983, 12.379552841186523, -0.5481830978862142, -0.1259157089569776, -0.4931395622696237, -0.574809212460953, -0.4791868192387997, -0.41577505840562967]",[1],J1346.9-2958,bcu,bll,J1347.1-2959,bll,J1347.1-2959,bll,J1347.1-2959,bll,AGN,AGN,AGN,AGN
1114,J1347.6-3751,fsrq,J1347.6-3754,"[2.3037009239196777, 2.1249797344207764, 1.5513516664505005, 34.26688003540039, -30.673656009474872, -30.25035781201646, -28.145798634744335, -30.335546071918646, -23.417574681933605, 0.2813173532485962, 0.46695274114608765, 4.2887139320373535, 14.868782043457031, -0.7699534799624592, 0.8877379981576113, -0.5729083144290518, -0.6966659853087639, -0.8042735682391621, -0.9999968278694772]",[1],J1347.6-3754,fsrq,fsrq,J1347.6-3751,fsrq,J1347.6-3751,fsrq,J1347.6-3751,fsrq,AGN,AGN,AGN,AGN
1115,J1349.5-1131,fsrq,J1349.6-1133,"[2.5049352645874023, 2.45481538772583, 2.2538468837738037, 447.334716796875, -29.418954018294578, -29.16380207936538, -27.894196723771955, -29.21711683762145, -23.427533752521327, 0.08357232809066772, 1.3167471885681152, 2.0462863445281982, 23.32012176513672, -0.5104967987771917, -0.5784021326916564, -0.7085393234105806, -0.7734455658821469, -0.8030643609553726, -0.9993258041377973]",[1],J1349.6-1133,fsrq,fsrq,J1349.5-1131,fsrq,J1349.5-1131,fsrq,J1349.5-1131,fsrq,AGN,AGN,AGN,AGN
1116,J1350.8+3033,fsrq,J1350.8+3035,"[2.4239580631256104, 2.3807032108306885, 2.247464895248413, 156.1859588623047, -29.68478008612315, -29.432535608944796, -28.307718969639442, -29.522201665532037, -23.716027670682376, 0.06709232926368713, 0.8303839564323425, 1.8891327381134033, 23.827016830444336, 0.12872936756083042, -0.571583580866411, -0.7383912305990272, -0.6195250507378406, -0.806682486947123, -0.9998685301660667]",[1],J1350.8+3035,fsrq,fsrq,J1350.8+3033,fsrq,J1350.8+3033,fsrq,J1350.8+3033,fsrq,AGN,AGN,AGN,AGN
1117,J1351.0+0029,fsrq,J1351.1+0030,"[2.3331046104431152, 2.2285380363464355, 1.7014323472976685, 102.072265625, -31.113188908433806, -30.766741160005704, -28.37780111607668, -30.792962294469277, -23.937823733782935, 0.18525637686252594, 1.7446855306625366, 1.8881412744522095, 7.432101249694824, -0.04767020676201581, -0.4515627465635828, -0.6925431829384437, -0.534720888370018, -0.9999999286106419, 0.9951003948761126]",[1],J1351.1+0030,fsrq,fsrq,J1351.0+0029,fsrq,J1351.0+0029,fsrq,J1351.0+0029,fsrq,AGN,AGN,AGN,AGN
1118,J1351.3+1115,bll,J1351.4+1115,"[1.870679259300232, 1.7966004610061646, 1.5939258337020874, 17.508907318115234, -32.599353655941826, -32.314767427931784, -27.971598896886718, -32.37626315874592, -23.61258609411261, 0.07158157974481583, 0.2748997211456299, 2.0521323680877686, 21.301984786987305, -0.46982002144411583, 0.20372167142403444, -0.47442081744905407, -0.5088808799418345, -0.19517855277713192, -0.721625240037148]",[1],J1351.4+1115,bll,bll,J1351.3+1115,bll,J1351.3+1115,bll,J1351.3+1115,bll,AGN,AGN,AGN,AGN
1119,J1351.7-2912,bcu,J1351.7-2913,"[2.400651454925537, 2.341670274734497, 1.3812185525894165, 60.911521911621094, -30.315471015724633, -29.801246085165843, -28.079121088913325, -29.643095172917203, -23.516747799586856, 0.3403762876987457, 0.7811625003814697, 3.7025320529937744, 12.521613121032715, 0.8343556166688041, -0.37464812624051474, -0.6813064020838624, -0.7259321882607127, -0.9999878590594936, 0.9998670560164005]",[1],J1351.7-2913,bcu,bcu,J1351.7-2912,bcu,J1351.7-2912,bcu,J1351.7-2912,bcu,AGN,AGN,AGN,AGN
1120,J1353.0-4413,bll,J1353.1-4414,"[2.2208409309387207, 2.1712584495544434, 2.0148580074310303, 15.00606918334961, -31.136967659923474, -30.90194816181904, -27.99441109150041, -30.96682822052779, -23.489452153413655, 0.058099690824747086, 0.24413639307022095, 1.5233584642410278, 18.607595443725586, -0.7231580171730667, -0.37002854955204356, -0.6290768917617492, -0.5468647194517136, -0.6844118100626706, -0.7886598195813938]",[1],J1353.1-4414,bll,bll,J1353.0-4413,bll,J1353.0-4413,bll,J1353.0-4413,bll,AGN,AGN,AGN,AGN
1121,J1353.3+1434,bll,J1353.2+1435,"[2.277689218521118, 2.2605390548706055, 2.201378107070923, 39.034915924072266, -30.966616114973828, -30.77555505095173, -28.29244072739464, -30.86921030326642, -23.767817928998973, 0.021834487095475197, 0.6221417188644409, 0.519690215587616, 15.501744270324707, 0.8976713478825927, -0.6453181339347107, -0.5915831302822581, -0.6287076357076676, -0.7254534799879664, -0.6355236124145508]",[1],J1353.2+1435,bll,bll,J1353.3+1434,bll,J1353.3+1434,bll,J1353.3+1434,bll,AGN,AGN,AGN,AGN
1122,J1353.6-6640,bll,J1353.5-6640,"[1.9258626699447632, 1.9316761493682861, 1.8580273389816284, 9.130515098571777, -33.01752535613616, -32.873287437045725, -27.710989345682187, -32.93109407600498, -23.189047977319262, -0.005417185369879007, 0.1151493713259697, 0.18597270548343658, 21.646636962890625, 0.996716843064677, -0.48455272250645903, -0.513499466060077, -0.5690582911036958, -0.34370141916652425, -0.31028499628566125]",[1],J1353.5-6640,bll,bll,J1353.6-6640,bll,J1353.6-6640,bll,J1353.6-6640,bll,AGN,AGN,AGN,AGN
1123,J1354.4+3707,bll,J1354.5+3705,"[2.0539982318878174, 2.02712082862854, 1.9865268468856812, 5.251336574554443, -32.7333627623241, -32.54973287719714, -28.456139906891085, -32.646435651380074, -23.956117090254622, 0.02702510729432106, 0.0, 0.4911104142665863, 11.588933944702148, 0.9966435806795991, -0.6112540773113351, -0.462118185572736, -0.6169235943150883, -0.5319389263357679, -0.3666075855406907]",[1],J1354.5+3705,bll,bll,J1354.4+3707,bll,J1354.4+3707,bll,J1354.4+3707,bll,AGN,AGN,AGN,AGN
1124,J1354.8-1041,fsrq,J1355.0-1044,"[2.4102296829223633, 2.2756733894348145, 1.9799734354019165, 163.18814086914062, -29.52832429754677, -29.23666247415515, -27.852800266660694, -29.304164293839612, -23.386434764440928, 0.1661829799413681, 0.8503877520561218, 3.8025293350219727, 22.434326171875, 0.9589821999704193, -0.5862972191115444, -0.6601247693078799, -0.7851404075871831, -0.6477540841239726, -0.7454149842136861]",[1],J1355.0-1044,fsrq,fsrq,J1354.8-1041,fsrq,J1354.8-1041,fsrq,J1354.8-1041,fsrq,AGN,AGN,AGN,AGN
1125,J1356.9-6432,PSR,J1356.6-6428,"[2.6874051094055176, 2.698230028152466, 1.6348007917404175, 5.20207405090332, -28.987279339581978, -28.680732104387584, -26.86764013753706, -28.720340789608784, -22.58536846240633, 0.33166977763175964, 0.0, 7.3581929206848145, 17.683673858642578, 0.606571392536028, -0.44164984322752693, -0.751356651683967, -0.9048899980219356, -0.8441666336024715, -0.9999685730368246]",[0],J1356.6-6428,PSR,PSR,J1355.2-6420e,PWN,J1355.2-6420e,PWN,J1356.9-6432,PSR,PSR,PSR,PSR,PSR
1126,J1356.9-6432,PSR,J1356.6-6428,"[2.6874051094055176, 2.698230028152466, 1.6348007917404175, 5.20207405090332, -28.987279339581978, -28.680732104387584, -26.86764013753706, -28.720340789608784, -22.58536846240633, 0.33166977763175964, 0.0, 7.3581929206848145, 17.683673858642578, 0.606571392536028, -0.44164984322752693, -0.751356651683967, -0.9048899980219356, -0.8441666336024715, -0.9999685730368246]",[0],J1356.6-6428,PSR,PSR,J1355.2-6420e,PWN,J1356.9-6432,PSR,J1356.9-6432,PSR,PSR,PSR,PSR,PSR
1127,J1356.9-6432,PSR,J1356.6-6428,"[2.6874051094055176, 2.698230028152466, 1.6348007917404175, 5.20207405090332, -28.987279339581978, -28.680732104387584, -26.86764013753706, -28.720340789608784, -22.58536846240633, 0.33166977763175964, 0.0, 7.3581929206848145, 17.683673858642578, 0.606571392536028, -0.44164984322752693, -0.751356651683967, -0.9048899980219356, -0.8441666336024715, -0.9999685730368246]",[0],J1356.6-6428,PSR,PSR,J1356.9-6432,PSR,J1355.2-6420e,PWN,J1356.9-6432,PSR,PSR,PSR,PSR,PSR
1128,J1356.9-6432,PSR,J1356.6-6428,"[2.6874051094055176, 2.698230028152466, 1.6348007917404175, 5.20207405090332, -28.987279339581978, -28.680732104387584, -26.86764013753706, -28.720340789608784, -22.58536846240633, 0.33166977763175964, 0.0, 7.3581929206848145, 17.683673858642578, 0.606571392536028, -0.44164984322752693, -0.751356651683967, -0.9048899980219356, -0.8441666336024715, -0.9999685730368246]",[0],J1356.6-6428,PSR,PSR,J1356.9-6432,PSR,J1356.9-6432,PSR,J1356.9-6432,PSR,PSR,PSR,PSR,PSR
1129,J1357.5+0127,bll,J1357.5+0125,"[2.211359739303589, 2.1553943157196045, 1.867929220199585, 8.784554481506348, -31.763485054142667, -31.4410362029138, -28.21321641824, -31.49128528383125, -23.750884331558193, 0.1483578085899353, 0.23065219819545746, 1.8942129611968994, 10.23499870300293, 0.9985619709620144, -0.2688902443857254, -0.6315275601375445, -0.6595055852068398, -0.5214832944230928, -0.9989080054302245]",[1],J1357.5+0125,bll,bll,J1357.5+0127,bll,J1357.5+0127,bll,J1357.5+0127,bll,AGN,AGN,AGN,AGN
1130,J1358.1+7642,fsrq,J1357.6+7643,"[2.3471786975860596, 2.2999484539031982, 2.0954225063323975, 50.019081115722656, -30.819219504447908, -30.565470265547983, -28.542419733801577, -30.6025902020654, -24.013106506684057, 0.059877730906009674, 0.5118770599365234, 1.381948471069336, 19.925525665283203, 0.9982362620770157, -0.5053882032555149, -0.6700790943020674, -0.6183831111353135, -0.850680265298952, -0.9999998955735707]",[1],J1357.6+7643,fsrq,fsrq,J1358.1+7642,fsrq,J1358.1+7642,fsrq,J1358.1+7642,fsrq,AGN,AGN,AGN,AGN
1131,J1359.1+5544,fsrq,J1359.0+5544,"[2.395019292831421, 2.293926954269409, 1.9321520328521729, 65.51929473876953, -29.959963958277022, -29.652642910421083, -28.266521807604118, -29.591924583547556, -23.792089019246504, 0.15856441855430603, 0.49466246366500854, 3.9760117530822754, 23.151411056518555, -0.41941605346487215, -0.5647735554339277, -0.6108228139740635, -0.7670083018602647, -0.8715797859668293, -0.4009601724649432]",[1],J1359.0+5544,fsrq,fsrq,J1359.1+5544,fsrq,J1359.1+5544,fsrq,J1359.1+5544,fsrq,AGN,AGN,AGN,AGN
1132,J1359.4+0202,fsrq,J1359.2+0204,"[2.4415385723114014, 2.3576066493988037, 1.8448607921600342, 34.71688461303711, -30.860804605688443, -30.537385860718228, -28.092114689776853, -30.574738799024647, -23.820508402632736, 0.2136601209640503, 0.8866606950759888, 1.9975316524505615, 7.077452182769775, 0.999899502756291, -0.48071540847676264, -0.6968709701023753, -0.6095608219093989, -0.9999390299861709, 0.8485669732466534]",[1],J1359.2+0204,fsrq,fsrq,J1359.4+0202,fsrq,J1359.4+0202,fsrq,J1359.4+0202,fsrq,AGN,AGN,AGN,AGN
1133,J1359.8-3746,bll,J1359.9-3746,"[2.018312692642212, 2.036288022994995, 2.049800157546997, 17.715486526489258, -32.34057769480241, -32.23842413283106, -27.926075700114634, -32.321090149956895, -23.429461556497788, -0.02235199324786663, 0.28440043330192566, 0.8064976930618286, 18.735836029052734, -0.9848556681371987, 0.9128185538808614, -0.6802826716408571, -0.43348187199196975, -0.45527006611610904, -0.5868426147613734]",[1],J1359.9-3746,bll,bll,J1359.8-3746,bll,J1359.8-3746,bll,J1359.8-3746,bll,AGN,AGN,AGN,AGN
1134,J1400.6-5605,bcu,J1400.7-5605,"[2.5082900524139404, 2.502427101135254, 2.27752947807312, 46.046485900878906, -30.406231841700013, -30.124791447551846, -27.42795617124427, -30.125502979787274, -23.31695640937251, 0.10708612203598022, 0.7014615535736084, 2.0973243713378906, 13.2796630859375, -0.39427605080739897, -0.6119644275290652, -0.7427836727552812, -0.6435338701765988, -0.69933123636032, -0.9999995590926584]",[1],J1400.7-5605,bcu,bcu,J1400.6-5605,bcu,J1400.6-5605,bcu,J1400.6-5605,bcu,AGN,AGN,AGN,AGN
1135,J1404.8+6554,bll,J1404.8+6554,"[1.8645823001861572, 1.7626397609710693, 1.6554347276687622, 30.508167266845703, -33.09731258524401, -32.76635802291645, -28.423680752976875, -32.898127004580616, -24.07299883146507, 0.09001307189464569, 0.5234255194664001, 1.843349814414978, 19.27983283996582, -0.2321103649047622, -0.6574379418065897, -0.1086144410093246, -0.49806045627984086, -0.43403846573722127, -0.47994538728788055]",[1],J1404.8+6554,bll,bll,J1404.8+6554,bll,J1404.8+6554,bll,J1404.8+6554,bll,AGN,AGN,AGN,AGN
1136,J1404.8+0402,bll,J1404.8+0401,"[2.070328950881958, 2.0826308727264404, 2.0571792125701904, 12.854657173156738, -32.031922939681735, -31.892064317631288, -28.18702949195733, -31.97660917659571, -23.684652328277906, -0.013236409053206444, 0.2651994228363037, 0.3792685866355896, 15.846357345581055, -0.053740094856429284, -0.3652222322353977, -0.7444327109270241, -0.251743790842593, -0.7172568080798208, -0.2691734939831515]",[1],J1404.8+0401,bll,bll,J1404.8+0402,bll,J1404.8+0402,bll,J1404.8+0402,bll,AGN,AGN,AGN,AGN
1137,J1406.1-2508,bll,J1406.0-2508,"[2.078328847885132, 2.0507149696350098, 1.9915493726730347, 26.049686431884766, -32.13815261434871, -31.935615925178183, -28.23983798775336, -32.037333970524365, -23.73706079176538, 0.03463054448366165, 0.5766389966011047, 0.7576838731765747, 12.92601203918457, 0.5380861955715507, -0.11284839360427178, -0.4850032710514313, -0.4590940959302304, -0.7565827604289446, -0.1390788503570834]",[1],J1406.0-2508,bcu,bll,J1406.1-2508,bll,J1406.1-2508,bll,J1406.1-2508,bll,AGN,AGN,AGN,AGN
1138,J1406.9+1643,bll,J1406.6+1644,"[1.8124170303344727, 1.671183705329895, 1.336358666419983, 10.208778381347656, -34.06608914092162, -33.69895374132283, -28.513416319721777, -33.76808606663597, -24.088487297470675, 0.14173506200313568, 0.2732349634170532, 1.491287350654602, 7.238734722137451, 0.8911915779996759, 0.31262726936316704, -0.04725250882061842, -0.43748969409859473, -0.24563958250531998, -0.7391098304620234]",[1],J1406.6+1644,bll,bll,J1406.9+1643,bll,J1406.9+1643,bll,J1406.9+1643,bll,AGN,AGN,AGN,AGN
1139,J1407.6-4301,bcu,J1407.7-4256,"[2.1343250274658203, 2.074441909790039, 1.950011134147644, 28.33331298828125, -32.04663293005153, -31.80749623911848, -28.177547213090353, -31.8789263709265, -23.686062095948074, 0.06082606315612793, 0.6994230151176453, 0.9021145105361938, 10.280365943908691, 0.9957008498267398, -0.5291077367904482, -0.4483798736337775, -0.5035214567610096, -0.7620155432966286, -0.37291823022644716]",[1],J1407.7-4256,bcu,bcu,J1407.6-4301,bll,J1407.6-4301,bll,J1407.6-4301,bll,AGN,AGN,AGN,AGN
1140,J1408.9-0751,fsrq,J1408.8-0751,"[2.34584379196167, 2.3346753120422363, 2.1285979747772217, 124.69866180419922, -30.268282374923384, -30.044028941653156, -27.261646186914664, -30.071366232982594, -23.13433364559022, 0.08486318588256836, 0.5145130157470703, 3.353663444519043, 32.50250244140625, 0.1932839728640224, -0.37344816286366467, -0.6751503397890436, -0.65639613998662, -0.6919778819802341, -0.8476724324561177]",[1],J1408.8-0751,fsrq,fsrq,J1408.9-0751,fsrq,J1408.9-0751,fsrq,J1408.9-0751,fsrq,AGN,AGN,AGN,AGN
1141,J1410.4+2820,bll,J1410.4+2821,"[2.0746350288391113, 1.9751827716827393, 1.6922705173492432, 14.445612907409668, -32.07885038676402, -31.765451233375533, -28.470113846199293, -31.84101883711358, -23.96464159751429, 0.1301913857460022, 0.42192766070365906, 1.8654505014419556, 10.62726879119873, -0.9664839716787021, 0.9824633500657752, -0.5238585621537944, -0.4913716476398719, -0.6524534364175277, -0.9989763889081978]",[1],J1410.4+2821,bll,bll,J1410.4+2820,bll,J1410.4+2820,bll,J1410.4+2820,bll,AGN,AGN,AGN,AGN
1142,J1411.8+5249,bll,J1412.0+5249,"[2.0219452381134033, 2.035078287124634, 2.051130533218384, 20.502809524536133, -32.85880590345234, -32.74583907552607, -28.687682789589203, -32.84360939979341, -24.199461625651416, -0.021848883479833603, 0.6250736713409424, 0.41967982053756714, 9.056974411010742, 0.9327751220734034, -0.4951643581179607, -0.44859158738336324, -0.8155104853776974, -0.07071488645920943, -0.30060672694071455]",[1],J1412.0+5249,bcu,bll,J1411.8+5249,bll,J1411.8+5249,bll,J1411.8+5249,bll,AGN,AGN,AGN,AGN
1143,J1413.1-6519,sey,J1413.2-6518,"[2.2531096935272217, 2.2524337768554688, 2.3142669200897217, 9.76892375946045, -32.65463852596752, -32.49568801196862, -27.415985049727833, -32.394458981711686, -23.152932073281935, 0.01692363992333412, 0.25399476289749146, 0.33206769824028015, 8.66602897644043, -0.9993236167131655, 0.9974986027977186, -0.7430738870640218, -0.5310296986040551, -0.6400288405914091, -0.5808162256165597]",[1],J1413.2-6518,sey,sey,J1413.1-6519,sey,J1413.1-6519,sey,J1413.1-6519,sey,AGN,AGN,AGN,AGN
1144,J1413.5-6205,PSR,J1413.4-6205,"[2.330003023147583, 2.2176015377044678, 1.3207792043685913, 3.9359700679779053, -29.909748657636513, -29.511496087857, -25.89347957136148, -29.501853920870452, -21.42899284124987, 0.3462660610675812, 0.0, 22.965190887451172, 87.73494720458984, 0.25308481996240223, -0.04108312924437114, -0.47530195258367525, -0.6035202386186174, -0.8708895542005041, -0.945953597824517]",[0],J1413.4-6205,PSR,PSR,J1413.5-6205,PSR,J1413.5-6205,PSR,J1413.5-6205,PSR,PSR,PSR,PSR,PSR
1145,J1415.5+4830,bll,J1415.2+4832,"[1.9688795804977417, 1.942071795463562, 1.8845398426055908, 162.02963256835938, -32.16924990750657, -31.927837652571494, -28.20228839715349, -32.04356322369897, -23.775632806561998, 0.023785177618265152, 0.9991510510444641, 0.6799299120903015, 23.837921142578125, -0.547220889349256, -0.5519084148870869, -0.45848668241268836, -0.537364271000992, -0.4268219783921267, -0.5350379774020803]",[1],J1415.2+4832,bll,bll,J1415.5+4830,bll,J1415.5+4830,bll,J1415.5+4830,bll,AGN,AGN,AGN,AGN
1146,J1416.1-2417,bll,J1416.1-2417,"[1.8433761596679688, 1.7374736070632935, 1.5792157649993896, 19.849485397338867, -33.58647316660762, -33.20837114269185, -28.258061166826003, -33.35637879598014, -23.8264689587698, 0.11184335500001907, 0.759713351726532, 1.607406497001648, 9.298661231994629, 0.9912756374208006, -0.9978358778515882, 0.9564372946618956, -0.39760041626844533, -0.5004667541092086, -0.48627709377597084]",[1],J1416.1-2417,bll,bll,J1416.1-2417,bll,J1416.1-2417,bll,J1416.1-2417,bll,AGN,AGN,AGN,AGN
1147,J1417.9+2543,bll,J1417.8+2540,"[1.5365689992904663, 1.4690731763839722, 1.360336422920227, 4.55375862121582, -35.22957063766823, -34.848876100338906, -28.268669918388447, -35.011207108283735, -24.05461098804808, 0.06333331763744354, 0.0, 0.9090380072593689, 10.95414924621582, -0.981384426872613, 0.7172536868303045, 0.007512507935866411, -0.246168835057371, -0.2005915987160382, -0.1592148260525644]",[1],J1417.8+2540,bll,bll,J1417.9+2543,bll,J1417.9+2543,bll,J1417.9+2543,bll,AGN,AGN,AGN,AGN
1148,J1418.4-0233,bll,J1418.4-0233,"[1.790101408958435, 1.6455340385437012, 1.5153826475143433, 65.1913833618164, -31.245883053605723, -31.040242205613186, -27.194288840029706, -31.108069035292203, -22.93759522210776, 0.07432354241609573, 0.29488372802734375, 4.059003829956055, 56.08803939819336, 0.38313063138459635, -0.49980883134275234, -0.34240357798829024, -0.26854700640404255, -0.476629547258589, -0.5488773158864837]",[1],J1418.4-0233,bll,bll,J1418.4-0233,bll,J1418.4-0233,bll,J1418.4-0233,bll,AGN,AGN,AGN,AGN
1149,J1418.4+3543,BCU,J1418.5+3543,"[2.1066689491271973, 2.0332894325256348, 1.9598174095153809, 1182.6285400390625, -29.590862179998037, -29.439074355592577, -27.52212945221253, -29.51290006374226, -23.06995425915583, 0.047966085374355316, 1.0593842267990112, 3.4351487159729004, 65.69120788574219, 0.3277276410872382, -0.5278939707195435, -0.5834544998192177, -0.5044194943325009, -0.6175471906929493, -0.8173799528706863]",[1],J1418.5+3543,BCU,BCU,J1418.4+3543,BCU,J1418.4+3543,FSRQ,J1418.4+3543,FSRQ,AGN,AGN,AGN,AGN
1150,J1418.7-6057,PSR,J1418.6-6058,"[2.3750975131988525, 2.6993210315704346, 1.4411258697509766, 6.745204448699951, -29.770527896715613, -29.41556696419415, -24.875149564343403, -29.413077585737472, -20.414519951005868, 0.3466527760028839, 0.0, 24.2735538482666, 38.09046173095703, 0.4463192061346511, -0.5167789789824521, -0.4260296522927289, -0.6598357792414008, -0.9041891302686496, -0.9999972375114089]",[0],J1418.6-6058,PSR,PSR,J1418.7-6057,PSR,J1418.7-6057,PSR,J1418.7-6057,PSR,PSR,PSR,PSR,PSR
1151,J1418.9+7731,bll,J1418.9+7731,"[1.765537142753601, 1.4922840595245361, 1.283138632774353, 9.576319694519043, -33.23902005666128, -32.84588881566982, -28.304893823346745, -33.000134902216864, -23.963810199642452, 0.19518977403640747, 0.16442635655403137, 3.9776883125305176, 19.538660049438477, -0.998901832530734, 0.9968276337893636, -0.04526179112122912, -0.23447853211506103, -0.5113298401872415, -0.5283258567867585]",[1],J1418.9+7731,bcu,bll,J1418.9+7731,bll,J1418.9+7731,bll,J1418.9+7731,bll,AGN,AGN,AGN,AGN
1152,J1419.3+0444,bll,J1419.5+0449,"[1.8475219011306763, 1.5723650455474854, 0.9535135626792908, 4.897266864776611, -33.82844050452869, -33.448738675026306, -28.409329612008438, -33.462974148859274, -23.95394340173851, 0.2035444676876068, 0.0, 1.5730191469192505, 8.552176475524902, -0.9998107384088649, 0.9976009571515438, -0.5803301244306428, -0.3105516931574222, -0.13864347958641624, -0.99983423986443]",[1],J1419.5+0449,bll,bll,J1419.3+0444,bll,J1419.3+0444,bll,J1419.3+0444,bll,AGN,AGN,AGN,AGN
1153,J1419.4-0838,fsrq,J1419.5-0836,"[2.231356620788574, 2.114870548248291, 1.9558546543121338, 441.9797058105469, -29.25123470838818, -29.03938481913203, -27.58794463729693, -29.115478380470115, -23.03645096459732, 0.09073199331760406, 0.7690714597702026, 4.3952202796936035, 47.09075164794922, -0.26162790005028375, -0.5126949125073054, -0.5794756366452201, -0.6184713144988525, -0.7327309209541376, -0.8142617684478318]",[1],J1419.5-0836,bcu,fsrq,J1419.4-0838,fsrq,J1419.4-0838,fsrq,J1419.4-0838,fsrq,AGN,AGN,AGN,AGN
1154,J1419.5+3821,fsrq,J1419.8+3819,"[2.5224380493164062, 2.51409912109375, 2.508427143096924, 28.48792839050293, -29.837763420204688, -29.662670006451823, -28.27269679540238, -29.782560609491142, -23.850053360543495, 0.016888005658984184, 0.343528687953949, 0.44693535566329956, 18.36527442932129, -0.33388786796735, -0.6526963210930019, -0.7400185056770494, -0.7409503839066509, -0.8107600799267493, -0.354009542442445]",[1],J1419.8+3819,fsrq,fsrq,J1419.5+3821,fsrq,J1419.5+3821,fsrq,J1419.5+3821,fsrq,AGN,AGN,AGN,AGN
1155,J1419.6-5153,bcu,J1419.1-5156,"[2.5307154655456543, 2.5166850090026855, 2.393937587738037, 2.8518242835998535, -30.36978860779705, -30.131372905819124, -27.483744060701692, -30.176720760277213, -23.396008237222546, 0.04603248089551926, 0.0, 0.8718525171279907, 12.06766128540039, 0.258993296773728, -0.5866482566958121, -0.6973564226615404, -0.7211496645921054, -0.6340951121241918, -0.9999999999086479]",[1],J1419.1-5156,bcu,bcu,J1419.6-5153,bcu,J1419.6-5153,bcu,J1419.6-5153,bcu,AGN,AGN,AGN,AGN
1156,J1419.8+5423,bll,J1419.9+5425,"[2.350328207015991, 2.3323476314544678, 2.289015769958496, 220.7470245361328, -29.98703820165995, -29.80033244975031, -28.163461428830004, -29.887470440272047, -23.54826200339433, 0.028153186663985252, 0.5371479392051697, 1.3957626819610596, 43.92873764038086, 0.3456198260653483, -0.6171573251292163, -0.6441437098554118, -0.66155111137953, -0.7562404307772753, -0.6361143754136898]",[1],J1419.9+5425,bll,bll,J1419.8+5423,bll,J1419.8+5423,bll,J1419.8+5423,bll,AGN,AGN,AGN,AGN
1157,J1420.0-6048,PSR,J1420.0-6048,"[2.3948185443878174, 2.4389808177948, 1.38192880153656, 16.80396270751953, -27.74323448848543, -27.177708473796613, -24.93334689104775, -27.283565720794687, -20.150371558596223, 0.33809566497802734, 0.13381098210811615, 11.0914945602417, 10.928885459899902, -0.16544623591144642, -0.6469093757251176, -0.6185042966570918, -0.7490522399551248, -0.8643419307405671, -0.9999374794894689]",[0],J1420.0-6048,PSR,PSR,J1420.0-6048,PSR,J1420.0-6048,PSR,J1420.0-6048,PSR,PSR,PSR,PSR,PSR
1158,J1420.0-6048,PSR,J1420.0-6048,"[2.3948185443878174, 2.4389808177948, 1.38192880153656, 16.80396270751953, -27.74323448848543, -27.177708473796613, -24.93334689104775, -27.283565720794687, -20.150371558596223, 0.33809566497802734, 0.13381098210811615, 11.0914945602417, 10.928885459899902, -0.16544623591144642, -0.6469093757251176, -0.6185042966570918, -0.7490522399551248, -0.8643419307405671, -0.9999374794894689]",[0],J1420.0-6048,PSR,PSR,J1420.0-6048,PSR,J1420.3-6046e,PWN,J1420.0-6048,PSR,PSR,PSR,PSR,PSR
1159,J1420.0-6048,PSR,J1420.0-6048,"[2.3948185443878174, 2.4389808177948, 1.38192880153656, 16.80396270751953, -27.74323448848543, -27.177708473796613, -24.93334689104775, -27.283565720794687, -20.150371558596223, 0.33809566497802734, 0.13381098210811615, 11.0914945602417, 10.928885459899902, -0.16544623591144642, -0.6469093757251176, -0.6185042966570918, -0.7490522399551248, -0.8643419307405671, -0.9999374794894689]",[0],J1420.0-6048,PSR,PSR,J1420.3-6046e,PWN,J1420.0-6048,PSR,J1420.0-6048,PSR,PSR,PSR,PSR,PSR
1160,J1420.0-6048,PSR,J1420.0-6048,"[2.3948185443878174, 2.4389808177948, 1.38192880153656, 16.80396270751953, -27.74323448848543, -27.177708473796613, -24.93334689104775, -27.283565720794687, -20.150371558596223, 0.33809566497802734, 0.13381098210811615, 11.0914945602417, 10.928885459899902, -0.16544623591144642, -0.6469093757251176, -0.6185042966570918, -0.7490522399551248, -0.8643419307405671, -0.9999374794894689]",[0],J1420.0-6048,PSR,PSR,J1420.3-6046e,PWN,J1420.3-6046e,PWN,J1420.0-6048,PSR,PSR,PSR,PSR,PSR
1161,J1421.1-1120,bcu,J1421.0-1122,"[2.3573403358459473, 2.296434164047241, 2.1244869232177734, 23.398408889770508, -30.625483596375958, -30.36495911055353, -28.141996772385284, -30.432883483516893, -23.683649284215345, 0.07548696547746658, 0.4369959533214569, 1.3069168329238892, 12.122002601623535, -0.16377650543101932, -0.4193856005351481, -0.7036878495815718, -0.5432421826042274, -0.7556226646167595, -0.9997429526000183]",[1],J1421.0-1122,bcu,bcu,J1421.1-1120,bcu,J1421.1-1120,bcu,J1421.1-1120,bcu,AGN,AGN,AGN,AGN
1162,J1422.3+3223,fsrq,J1422.4+3227,"[2.377718925476074, 2.3715898990631104, 2.376880645751953, 64.09036254882812, -30.521803264779013, -30.35122418209487, -28.484629708389765, -30.4818509827842, -23.954009842713603, 0.00846935249865055, 0.7304684519767761, 0.22792655229568481, 15.476877212524414, 0.9999992017835437, -0.5615777872073415, -0.6781729675407984, -0.7980052246117834, -0.4252235423534504, -0.4793275793362945]",[1],J1422.4+3227,fsrq,fsrq,J1422.3+3223,fsrq,J1422.5+3223,fsrq,J1422.5+3223,fsrq,AGN,AGN,AGN,AGN
1163,J1422.5-6137,PSR,J1422.4-6137,"[2.2287380695343018, 2.071061134338379, 0.6033790707588196, 7.331241130828857, -31.228707164687354, -30.773207340264758, -26.61291510665121, -30.71622360248545, -21.66172473148802, 0.5413044691085815, 0.03207334131002426, 16.025896072387695, 42.620933532714844, -0.9790725179893449, 0.7304603351131662, -0.2296286709469763, -0.40504462608018454, -0.8399169987113968, -0.9999999943494947]",[0],J1422.4-6137,PSR,PSR,J1422.5-6137,PSR,J1422.5-6137,PSR,J1422.5-6137,PSR,PSR,PSR,PSR,PSR
1164,J1422.6+5801,bll,J1422.8+5801,"[1.7469626665115356, 1.5667284727096558, 1.2406409978866577, 8.110736846923828, -34.2093267754452, -33.794555639642994, -28.609592434739692, -33.90910794250343, -24.295048525922564, 0.15435415506362915, 0.1568605601787567, 2.0052759647369385, 10.83000659942627, -0.4164566649968859, -0.9611439769836035, 0.4439409798838941, -0.3542793887028801, -0.2525876984439267, -0.4676176552771685]",[1],J1422.8+5801,bll,bll,J1422.6+5801,bll,J1422.6+5801,bll,J1422.6+5801,bll,AGN,AGN,AGN,AGN
1165,J1423.5-7829,fsrq,J1422.8-7828,"[2.4591896533966064, 2.3256757259368896, 1.3552738428115845, 20.525161743164062, -31.158527204389905, -30.770979013001824, -28.076867367941873, -30.802217653356163, -23.88652515402676, 0.34570494294166565, 0.7370845079421997, 2.759173631668091, 5.754194736480713, 0.9980555691524889, -0.66091239363052, -0.72183776562489, -0.5932514603815675, -0.999946775075128, 0.1748466392430737]",[1],J1422.8-7828,fsrq,fsrq,J1423.5-7829,fsrq,J1423.5-7829,fsrq,J1423.6-7829,fsrq,AGN,AGN,AGN,AGN
1166,J1424.2+0433,bll,J1424.3+0434,"[2.209371328353882, 2.1011669635772705, 1.877488136291504, 39.38900375366211, -31.33362142326946, -31.002901539618502, -28.287538418322086, -31.1068164790593, -23.76568582669353, 0.13016507029533386, 0.6846399903297424, 1.9617457389831543, 12.680331230163574, -0.07859073030485263, -0.5484116442842227, -0.529650929937019, -0.6137793064837535, -0.7415275928033824, -0.9999513502587764]",[1],J1424.3+0434,bll,bll,J1424.2+0433,bll,J1424.2+0433,bll,J1424.2+0433,bll,AGN,AGN,AGN,AGN
1167,J1424.8-6808,bcu,J1424.6-6807,"[2.4713973999023438, 2.3626322746276855, 1.9860323667526245, 77.7916259765625, -29.518814103905648, -29.19958952922736, -27.324155158463817, -29.242024435443273, -22.99975343586134, 0.18319475650787354, 0.4263913333415985, 5.576529502868652, 26.896596908569336, 0.18332622428201772, -0.45902368247997855, -0.6805332330867901, -0.7733376748061385, -0.7473394540886089, -0.999995041793018]",[1],J1424.6-6807,bcu,bcu,J1424.8-6808,bcu,J1424.8-6808,bcu,J1424.8-6808,bcu,AGN,AGN,AGN,AGN
1168,J1425.0+3615,bll,J1424.9+3615,"[1.9193308353424072, 1.8185003995895386, 1.5637497901916504, 4.335105895996094, -33.08799541099278, -32.74715877484088, -28.074300038432657, -32.826924642964315, -23.59423415495531, 0.13801006972789764, 0.0, 2.827826976776123, 18.579837799072266, -0.998502015364103, 0.9984927024179551, -0.1242765244812492, -0.3899122370462447, -0.5846566850797432, -0.5601506484877399]",[1],J1424.9+3615,bll,bll,J1425.0+3615,bll,J1425.0+3615,bll,J1425.0+3615,bll,AGN,AGN,AGN,AGN
1169,J1426.1+3403,bll,J1426.2+3402,"[2.081678628921509, 1.945986270904541, 1.6009855270385742, 15.374455451965332, -32.07409207697708, -31.762213673961643, -28.502855804281293, -31.788514896366635, -23.99372773764084, 0.13876689970493317, 0.35443246364593506, 2.075824499130249, 12.831522941589355, -0.8986482376225651, -0.3719979840676268, -0.49248786540723144, -0.564120651689863, -0.5530574081265115, -0.9954909096910952]",[1],J1426.2+3402,bll,bll,J1426.1+3403,bll,J1426.1+3403,bll,J1426.1+3403,bll,AGN,AGN,AGN,AGN
1170,J1427.0+2348,BLL,J1427.0+2347,"[1.815740942955017, 1.6994757652282715, 1.649147391319275, 205.4173126220703, -29.940671120043866, -29.758996580317746, -26.604110669955414, -29.854789120904222, -22.315515136905827, 0.05989459902048111, 0.2212098240852356, 6.642367362976074, 141.63719177246094, -0.09146528816197927, -0.2792071489265751, -0.40793883398369196, -0.38140087639675657, -0.4716569223330473, -0.4987466447970232]",[1],J1427.0+2347,BLL,BLL,J1427.0+2348,BLL,J1427.0+2348,BLL,J1427.0+2348,BLL,AGN,AGN,AGN,AGN
1171,J1427.6-3305,bll,J1427.6-3305,"[2.284578561782837, 2.2087724208831787, 2.068355083465576, 237.3592529296875, -29.779448973689483, -29.49997701768272, -27.679462058506854, -29.607327853454446, -23.155345459942957, 0.10882572829723358, 0.6211572289466858, 4.47800350189209, 36.444759368896484, -0.36189145153397434, -0.3487322569165775, -0.6524449125679851, -0.7057324653298032, -0.6238542318812179, -0.6534621022772859]",[1],J1427.6-3305,bll,bll,J1427.6-3305,bll,J1427.6-3305,bll,J1427.6-3305,bll,AGN,AGN,AGN,AGN
1172,J1427.7-3215,bll,J1427.8-3215,"[2.0880823135375977, 2.0798535346984863, 2.0532891750335693, 24.528261184692383, -32.57880754122673, -32.42730902463071, -28.116874618772737, -32.50710372256998, -23.626685839106894, 0.01376333273947239, 0.5339658260345459, 0.33145102858543396, 13.095117568969727, 0.9973333927993829, -0.744407345687354, -0.5702982745614125, -0.5751151527963314, -0.6007848341523283, -0.2031797570224891]",[1],J1427.8-3215,bcu,bll,J1427.7-3215,bll,J1427.7-3215,bll,J1427.7-3215,bll,AGN,AGN,AGN,AGN
1173,J1427.9-4206,FSRQ,J1427.9-4206,"[2.191293954849243, 2.0804800987243652, 1.9276115894317627, 12653.2900390625, -27.88760879142939, -27.63122529603677, -26.422097805941128, -27.73267779722424, -21.75293891872374, 0.0957101583480835, 0.8003767728805542, 17.132728576660156, 258.0307922363281, -0.15232921373564565, -0.45606200377375, -0.6035234896328907, -0.5946130068389542, -0.7372271050419457, -0.8553277128948029]",[1],J1427.9-4206,FSRQ,FSRQ,J1427.9-4206,FSRQ,J1427.9-4206,FSRQ,J1427.9-4206,FSRQ,AGN,AGN,AGN,AGN
1174,J1428.5+4240,bll,J1428.5+4240,"[1.6605149507522583, 1.6307591199874878, 1.496222972869873, 14.91423511505127, -33.737439291703346, -33.4688863291601, -27.93217167404587, -33.56237417348131, -23.76409934603835, 0.022207658737897873, 0.24054184556007385, 0.7753854393959045, 26.570068359375, 0.49342264094249394, -0.34080503351787156, -0.40165920458471494, -0.41537966908986895, -0.17098411177585063, -0.16038595007999962]",[1],J1428.5+4240,bll,bll,J1428.5+4240,bll,J1428.5+4240,bll,J1428.5+4240,bll,AGN,AGN,AGN,AGN
1175,J1429.9-5911,PSR,J1429.8-5910,"[2.4834511280059814, 2.9568493366241455, 1.5956652164459229, 9.038689613342285, -31.412599328431543, -31.054993742015533, -25.844220634729766, -30.948881932775425, -21.776142957518605, 0.28941968083381653, 0.027912795543670654, 16.952632904052734, 66.62982177734375, 0.05076971058779799, -0.4145335631215325, -0.6259588412662576, -0.7357344740063598, -0.9543845031156633, -0.784600554471168]",[0],J1429.8-5910,PSR,PSR,J1429.9-5911,PSR,J1429.9-5911,PSR,J1429.9-5911,PSR,PSR,PSR,PSR,PSR
1176,J1434.2+4204,fsrq,J1434.1+4203,"[2.49670672416687, 2.5130743980407715, 2.441110134124756, 14.446762084960938, -30.224636969160574, -30.092556275627544, -28.488647563706245, -30.136226213345672, -24.053810263715103, -0.018722733482718468, 0.2799672484397888, 0.40413764119148254, 12.71901798248291, -0.592761434796502, -0.6884172907422651, -0.6964011602737995, -0.5959876563290026, -0.8458895899289999, -0.9998890812012475]",[1],J1434.1+4203,fsrq,fsrq,J1434.2+4204,fsrq,J1434.2+4204,fsrq,J1434.2+4204,fsrq,AGN,AGN,AGN,AGN
1177,J1434.7+1950,fsrq,J1434.6+1951,"[2.2870962619781494, 2.275291681289673, 1.9181230068206787, 468.0983581542969, -30.39202989063175, -30.072869434865577, -27.672493295936775, -30.107151773756577, -23.17197595895789, 0.14561057090759277, 1.0350825786590576, 5.574585914611816, 32.237144470214844, 0.9840001957431047, -0.4073402504105893, -0.6495813364274077, -0.6835595972207212, -0.7103868631599457, -0.8195082592898439]",[1],J1434.6+1951,fsrq,fsrq,J1434.7+1950,fsrq,J1434.7+1950,fsrq,J1434.7+1950,fsrq,AGN,AGN,AGN,AGN
1178,J1434.8+6640,bll,J1434.6+6640,"[1.662874460220337, 1.6100311279296875, 1.435832142829895, 8.09708309173584, -34.95647585449798, -34.62400249869269, -28.767682521239255, -34.71651977002533, -24.48553932712702, 0.07879772782325745, 0.22683437168598175, 1.0983296632766724, 9.329769134521484, -0.9999999187843053, 0.9998676212752978, 0.9925815105859065, -0.4251179315920829, -0.3552114116174931, -0.3115772776020838]",[1],J1434.6+6640,bcu,bll,J1434.8+6640,bll,J1434.8+6640,bll,J1434.8+6640,bll,AGN,AGN,AGN,AGN
1179,J1435.5+2021,bll,J1435.2+2023,"[2.1763970851898193, 1.9667445421218872, 1.3555182218551636, 7.019684314727783, -32.4294541433955, -32.10218551035255, -28.036118452976513, -32.09582708973457, -23.62160979147206, 0.19666233658790588, 0.0, 2.0442452430725098, 11.093409538269043, -0.8628082797314125, -0.3863731219184255, -0.7161486629751164, -0.09664783548919484, -0.7486860159923631, -0.9999999999223814]",[1],J1435.2+2023,bll,bll,J1435.5+2021,bll,J1435.5+2021,bll,J1435.5+2021,rdg,AGN,AGN,AGN,AGN
1180,J1436.9+2321,fsrq,J1436.8+2322,"[2.5085415840148926, 2.4524619579315186, 2.2797648906707764, 14.090790748596191, -30.15906714778966, -29.885787330408043, -28.209974045356635, -29.988728888079702, -23.844051320188633, 0.05751601606607437, 0.2581545114517212, 0.6263577938079834, 11.030611038208008, -0.7308337891950348, -0.6169365329970411, -0.5906105909185551, -0.8173762698683544, -0.4681380972439589, -0.9999985835972611]",[1],J1436.8+2322,fsrq,fsrq,J1436.9+2321,fsrq,J1436.9+2321,fsrq,J1436.9+2321,fsrq,AGN,AGN,AGN,AGN
1181,J1436.9+5638,bll,J1436.8+5639,"[1.879183292388916, 1.8767788410186768, 1.791847825050354, 23.220020294189453, -32.7749027979272, -32.598080458805484, -28.22116836158665, -32.677315045994135, -23.869713870623524, 0.0021071857772767544, 0.3077203631401062, 0.07920990139245987, 25.779895782470703, -0.20022601998676354, -0.6049014502226617, -0.5285404652515477, -0.33413087438408173, -0.5066571389076071, -0.29444628406750545]",[1],J1436.8+5639,bll,bll,J1436.9+5638,bll,J1436.9+5638,bll,J1436.9+5638,bll,AGN,AGN,AGN,AGN
1182,J1438.9+3710,fsrq,J1438.7+3710,"[2.3721699714660645, 2.2854881286621094, 2.092158555984497, 288.1271667480469, -29.406978281452325, -29.183572408466908, -27.97152155040297, -29.245697581232477, -23.518320633134216, 0.08819015324115753, 0.8080807328224182, 3.2722582817077637, 33.705623626708984, 0.1540864718365136, -0.553040107147301, -0.684992998041309, -0.6074055813621627, -0.8460285425881479, -0.9991210802339326]",[1],J1438.7+3710,fsrq,fsrq,J1438.9+3710,fsrq,J1438.9+3710,fsrq,J1438.9+3710,fsrq,AGN,AGN,AGN,AGN
1183,J1439.3+3932,bll,J1439.2+3931,"[1.9406018257141113, 1.9221582412719727, 1.9040451049804688, 11.890630722045898, -32.4122276275626, -32.185155153812005, -28.25479474411856, -32.24398978792416, -23.851524935389506, 0.02045477367937565, 0.1970152109861374, 0.5330446362495422, 19.26771354675293, 0.9817735007507891, -0.5549097561204414, -0.4791718205572978, -0.48839857710385426, -0.43118664282297214, -0.6942771614070042]",[1],J1439.2+3931,bll,bll,J1439.3+3932,bll,J1439.3+3932,bll,J1439.3+3932,bll,AGN,AGN,AGN,AGN
1184,J1439.7+4958,bll,J1440.1+4955,"[2.32802414894104, 2.319908618927002, 2.259242057800293, 45.848915100097656, -30.673371983438, -30.506926293810093, -28.382135498977348, -30.58123479606426, -23.83462324629672, 0.013844077475368977, 0.4247366487979889, 0.4554176330566406, 20.909685134887695, 0.9999576050961146, -0.6216097436216881, -0.6614864598450843, -0.6771706934866238, -0.42757182495626384, -0.999999543978896]",[1],J1440.1+4955,bll,bll,J1439.7+4958,bll,J1439.7+4958,bll,J1439.7+4958,bll,AGN,AGN,AGN,AGN
1185,J1439.9-3953,bcu,J1440.0-3955,"[2.0598771572113037, 2.085029363632202, 2.069124937057495, 11.339129447937012, -32.81408330428936, -32.72289260190433, -28.142530060609648, -32.78086048651447, -23.64190159742089, -0.028229782357811928, 0.2941828668117523, 0.6049246788024902, 9.290353775024414, 0.31160929863861864, 0.1286308210683868, -0.7642604215319762, -0.3485189090661825, -0.5579700521793787, -0.3565325212455023]",[1],J1440.0-3955,bcu,bcu,J1439.9-3953,bll,J1439.9-3953,bll,J1439.9-3953,bll,AGN,AGN,AGN,AGN
1186,J1440.6-3846,bll,J1440.4-3845,"[1.777180790901184, 1.6996958255767822, 1.4945359230041504, 8.978562355041504, -33.9208832314941, -33.58706784490836, -27.902798749581613, -33.693476573913735, -23.436029221074513, 0.0735020637512207, 0.1451956331729889, 1.5716124773025513, 18.317867279052734, 0.9821492219794202, -0.809795261571223, -0.4709469588416646, -0.24124887153192529, -0.372932121019839, -0.36161199027734237]",[1],J1440.4-3845,bll,bll,J1440.6-3846,bll,J1440.6-3846,bll,J1440.6-3846,bll,AGN,AGN,AGN,AGN
1187,J1440.9+0609,bll,J1440.9+0610,"[2.122180938720703, 2.0934693813323975, 1.97355055809021, 21.34195899963379, -32.39063045561535, -32.181494309100806, -27.90415167366791, -32.273799965297414, -23.442654200766277, 0.02433576062321663, 0.5396671891212463, 0.3889218866825104, 15.285261154174805, 0.4687990181557226, -0.66384877103431, -0.6043873290994148, -0.5032532436148329, -0.5356009856405589, -0.580069624320372]",[1],J1440.9+0610,bll,bll,J1440.9+0609,bll,J1440.9+0609,bll,J1440.9+0609,bll,AGN,AGN,AGN,AGN
1188,J1442.0+4348,bll,J1442.0+4348,"[1.9912792444229126, 1.8460078239440918, 1.5434094667434692, 12.655477523803711, -32.605910416678164, -32.2880163530878, -28.52077462986005, -32.34698337269135, -24.058749683230648, 0.12467130273580551, 0.32689571380615234, 1.925540804862976, 13.050143241882324, 0.7702974544142065, -0.18730410506415604, -0.5832966560132983, -0.30979801619667446, -0.5166544133780867, -0.9998198046895442]",[1],J1442.0+4348,bll,bll,J1442.0+4348,bll,J1442.0+4348,bll,J1442.0+4348,bll,AGN,AGN,AGN,AGN
1189,J1442.7+1200,bll,J1442.8+1200,"[1.8008190393447876, 1.6818405389785767, 1.57070791721344, 10.061939239501953, -33.27261982820807, -32.895499469806595, -28.064177550374566, -33.05874571076777, -23.727062644905846, 0.11051717400550842, 0.20384599268436432, 2.3586020469665527, 17.622859954833984, -0.7001153918119585, 0.2795485236181356, -0.4308503789676647, -0.12159082066660555, -0.599686224441462, -0.3932106655917796]",[1],J1442.8+1200,bll,bll,J1442.7+1200,bll,J1442.7+1200,bll,J1442.7+1200,bll,AGN,AGN,AGN,AGN
1190,J1443.1+5201,rdg,J1442.6+5156,"[1.9831831455230713, 1.8429300785064697, 1.4038667678833008, 9.733589172363281, -33.680092155645085, -33.329439741277504, -28.816211829259018, -33.367329835161364, -24.30864950238185, 0.15730388462543488, 0.29846587777137756, 1.4071624279022217, 6.685408115386963, -0.4243825787839311, -0.6825747964150498, -0.47453552808742666, -0.44798268912712785, -0.4459131445836185, -0.6907607923433062]",[1],J1442.6+5156,rdg,rdg,J1443.1+5201,rdg,J1443.1+5201,rdg,J1443.1+5201,rdg,AGN,AGN,AGN,AGN
1191,J1443.9+2501,fsrq,J1443.9+2502,"[2.079014301300049, 1.9562456607818604, 1.798566460609436, 2858.380859375, -29.353446230609055, -29.12458170657674, -27.20407931578433, -29.218650856684736, -22.594768368444818, 0.10286452621221542, 1.4380472898483276, 8.869221687316895, 51.54853057861328, 0.21315298609562658, -0.3733432944207388, -0.5392148441861114, -0.547033755971114, -0.7024448780136561, -0.7598853549517457]",[1],J1443.9+2502,fsrq,fsrq,J1443.9+2501,fsrq,J1443.9+2501,fsrq,J1443.9+2501,fsrq,AGN,AGN,AGN,AGN
1192,J1445.0-0326,bll,J1445.0-0328,"[1.8182305097579956, 1.7558176517486572, 1.6209677457809448, 9.429736137390137, -33.1424088797377, -32.86043502274544, -27.89140262170272, -32.970036743628256, -23.515952057974804, 0.050471231341362, 0.1282843053340912, 1.2433032989501953, 17.721906661987305, -0.5756949725516501, -0.6498949037785231, -0.30867344449762846, -0.36709065165722216, -0.32410339489317824, -0.5711092329982237]",[1],J1445.0-0328,bll,bll,J1445.0-0326,bll,J1445.0-0326,bll,J1445.0-0326,bll,AGN,AGN,AGN,AGN
1193,J1445.9-1626,bll,J1446.1-1628,"[2.4972729682922363, 2.504956007003784, 2.5019285678863525, 22.0564022064209, -29.951228993941115, -29.81021928376853, -27.97640694276081, -29.92063161432638, -23.604214683116943, -0.013051611371338367, 0.3854479193687439, 0.24038271605968475, 10.81661319732666, -0.24933437756960397, -0.7909095141748195, -0.637757899584305, -0.6046424899836839, -0.8279331391632374, -0.4724017505669783]",[1],J1446.1-1628,bll,bll,J1445.9-1626,bll,J1445.9-1626,bll,J1445.9-1626,bll,AGN,AGN,AGN,AGN
1194,J1446.6-4701,PSR,J1446.6-4701,"[2.255955457687378, 2.100491523742676, 0.8129614591598511, 7.817119121551514, -31.420719476925665, -30.942851216704693, -28.259134028833227, -31.026770763902274, -23.181250567404348, 0.4754333794116974, 0.05751144513487816, 6.1103057861328125, 18.66914176940918, 0.17356225294450134, -0.6226172759429834, -0.3727176067295049, -0.660135753587893, -0.9268816436940742, -0.9999999414013683]",[0],J1446.6-4701,PSR,PSR,J1446.6-4701,PSR,J1446.6-4701,MSP,J1446.6-4701,MSP,PSR,PSR,PSR,PSR
1195,J1446.8-1830,bcu,J1446.8-1831,"[1.9297906160354614, 1.18279230594635, 0.9981051087379456, 7.68027925491333, -33.781859058297236, -33.395833308882345, -28.429537646405503, -33.47707311205599, -23.897567970926193, 0.3609476089477539, 0.0, 0.9989440441131592, 5.10111141204834, 0.43797210714941126, -0.5207967611209888, -0.8933180785444519, 0.2999011394935649, -0.4202959978560541, -0.9998121597730345]",[1],J1446.8-1831,bcu,bcu,J1446.8-1830,bcu,J1446.8-1830,bcu,J1446.8-1830,bcu,AGN,AGN,AGN,AGN
1196,J1448.0+3608,bll,J1448.0+3608,"[1.7908223867416382, 1.5896209478378296, 1.4580341577529907, 21.101848602294922, -31.78790076274546, -31.50793219843494, -27.618332446312625, -31.619092146472443, -23.301223621388882, 0.1206778809428215, 0.18980847299098969, 5.398916244506836, 43.71495056152344, 0.2729363398695056, 0.9999139283887623, -0.24833944416297474, -0.43545538375918463, -0.4103967284213926, -0.560650259388728]",[1],J1448.0+3608,bll,bll,J1448.0+3608,bll,J1448.0+3608,bll,J1448.0+3608,bll,AGN,AGN,AGN,AGN
1197,J1450.4+0910,fsrq,J1450.4+0911,"[2.4152824878692627, 2.3038766384124756, 2.0635015964508057, 59.74422073364258, -30.433289492545338, -30.121821452081807, -28.25215377368346, -30.217805251017598, -23.79646406748961, 0.11053262650966644, 0.7097085118293762, 1.3650493621826172, 12.154156684875488, -0.2680285712999984, -0.4911071215507271, -0.6338202404568322, -0.7148982519273621, -0.7418581563475043, -0.9998321759178247]",[1],J1450.4+0911,fsrq,fsrq,J1450.4+0910,fsrq,J1450.4+0910,fsrq,J1450.4+0910,fsrq,AGN,AGN,AGN,AGN
1198,J1450.8+5201,bll,J1450.9+5200,"[2.187337875366211, 2.0945520401000977, 1.802405595779419, 8.391464233398438, -31.78783833143543, -31.49463430838439, -28.19761954452691, -31.537664222519844, -23.717818764553567, 0.1234724372625351, 0.04635494202375412, 2.4489669799804688, 20.219480514526367, 0.9518188040038928, 0.10889749471682143, -0.5761271739239369, -0.5562198711825151, -0.6257530669952567, -0.9999966186686546]",[1],J1450.9+5200,bll,bll,J1450.8+5201,bll,J1450.8+5201,bll,J1450.8+5201,bll,AGN,AGN,AGN,AGN
1199,J1451.4+6355,bll,J1451.2+6355,"[1.8054163455963135, 1.8258073329925537, 1.75019371509552, 7.6805524826049805, -34.24995618389887, -34.12198431829481, -28.664724206454956, -34.165861551425245, -24.24171365352781, -0.019816961139440536, 0.05341470241546631, 0.40579989552497864, 11.102481842041016, -0.5771895165891815, -0.5653481510705669, -0.4198332993227026, -0.636305856289276, -0.36348892600662597, 0.20109436698723399]",[1],J1451.2+6355,bll,bll,J1451.4+6355,bll,J1451.4+6355,bll,J1451.4+6355,bll,AGN,AGN,AGN,AGN
1200,J1454.1+1622,fsrq,J1454.0+1622,"[2.442086696624756, 2.332747459411621, 2.0316855907440186, 34.70689392089844, -30.260943518269713, -29.95883744971626, -28.21243530759447, -30.022010621110535, -23.774537284810886, 0.14314383268356323, 0.5338940620422363, 2.1014318466186523, 14.41569995880127, -0.3438254212031124, -0.6031104000211387, -0.6417605762122119, -0.7193594579039019, -0.8591763197484831, -0.999361395365702]",[1],J1454.0+1622,fsrq,fsrq,J1454.1+1622,fsrq,J1454.1+1622,fsrq,J1454.1+1622,fsrq,AGN,AGN,AGN,AGN
1201,J1454.4-3744,fsrq,J1454.2-3751,"[2.63637375831604, 2.594700574874878, 2.375788927078247, 47.725563049316406, -29.62350618289166, -29.367965716277908, -27.682577556267386, -29.346682815955667, -23.57389133587514, 0.11373505741357803, 0.6491023302078247, 1.8001371622085571, 10.844839096069336, 0.9993671745839156, -0.4186165453194976, -0.7364914567492852, -0.7791609111583095, -0.9984751328043416, 0.967257000858779]",[1],J1454.2-3751,fsrq,fsrq,J1454.4-3744,fsrq,J1454.4-3744,fsrq,J1454.4-3744,fsrq,AGN,AGN,AGN,AGN
1202,J1454.4+5124,bll,J1454.5+5124,"[2.0171267986297607, 1.9591392278671265, 1.8535182476043701, 246.72854614257812, -30.774860240600354, -30.546594670391908, -27.397778865498843, -30.62431469201719, -23.003058181097945, 0.05885639414191246, 0.48200327157974243, 4.67155647277832, 66.21920013427734, -0.30774204229023605, -0.3883753003413648, -0.5611444270180308, -0.4663509450361151, -0.5805474363081339, -0.559500983973373]",[1],J1454.5+5124,bll,bll,J1454.4+5124,bll,J1454.4+5124,bll,J1454.4+5124,bll,AGN,AGN,AGN,AGN
1203,J1457.4-3539,FSRQ,J1457.4-3539,"[2.3149547576904297, 2.170652389526367, 1.9049944877624512, 2672.334716796875, -28.94251752838746, -28.64745680077523, -27.441645690070462, -28.734430483272234, -22.838805940440228, 0.1546868532896042, 1.4495636224746704, 9.467814445495605, 64.6257553100586, 0.11010544923769833, -0.4531100041351015, -0.6538973001260419, -0.6414970515606851, -0.8443898381630268, -0.8308672996926206]",[1],J1457.4-3539,FSRQ,FSRQ,J1457.4-3539,FSRQ,J1457.4-3539,FSRQ,J1457.4-3539,FSRQ,AGN,AGN,AGN,AGN
1204,J1458.6+3722,bll,J1458.7+3719,"[2.158292293548584, 2.081669330596924, 1.8714425563812256, 20.983556747436523, -32.10877542582552, -31.810695602063884, -28.519785891900337, -31.888505304300764, -24.020880090762184, 0.10936341434717178, 0.5669090151786804, 1.5996595621109009, 11.030205726623535, -0.9983553633963199, 0.9659950478089233, -0.5713287804050492, -0.5154275770863515, -0.5745491013740752, -0.9999617871886463]",[1],J1458.7+3719,bll,bll,J1458.6+3722,bll,J1458.6+3722,bll,J1458.6+3722,bll,AGN,AGN,AGN,AGN
1205,J1459.5-6053,PSR,J1459.4-6053,"[2.5062384605407715, 2.4895970821380615, 1.7347568273544312, 8.162961959838867, -29.309344229005635, -28.973860644178465, -26.412867128680734, -28.98099115943304, -22.03207493963185, 0.2596352994441986, 0.024281324818730354, 17.0444393157959, 76.07223510742188, 0.44184895879370234, -0.45670470968251975, -0.6531452561671978, -0.7371326427979964, -0.9497632525751016, -0.9997959074193956]",[0],J1459.4-6053,PSR,PSR,J1459.5-6053,PSR,J1459.5-6053,PSR,J1459.5-6053,PSR,PSR,PSR,PSR,PSR
1206,J1500.7+4752,bll,J1500.6+4750,"[2.4089314937591553, 2.3748509883880615, 2.1173813343048096, 4.400881290435791, -31.243856054428484, -31.043767599701987, -28.1657462020651, -31.034146763139958, -23.90043435165481, 0.07862641662359238, 0.0, 1.1270737648010254, 10.023226737976074, 0.9985291479197531, -0.6879763719582923, -0.5844898836089469, -0.7002932786277123, -0.7473808369376621, -0.9997441877324869]",[1],J1500.6+4750,bll,bll,J1500.7+4752,bll,J1500.7+4752,bll,J1500.7+4752,bll,AGN,AGN,AGN,AGN
1207,J1501.0+2238,bll,J1500.9+2238,"[1.9726494550704956, 1.914425015449524, 1.8044847249984741, 68.79874420166016, -31.772665217632493, -31.52073563601119, -27.881313698795708, -31.626757869373492, -23.45173124901316, 0.057120468467473984, 0.488103449344635, 2.1529288291931152, 29.918041229248047, 0.9999886597386128, -0.37375758359046063, -0.47860782137763574, -0.479344051128391, -0.54602998688554, -0.5275375711931587]",[1],J1500.9+2238,bll,bll,J1501.0+2238,bll,J1501.0+2238,bll,J1501.0+2238,bll,AGN,AGN,AGN,AGN
1208,J1503.5+4759,bll,J1503.7+4759,"[2.179476737976074, 2.1643424034118652, 2.1792142391204834, 19.799421310424805, -31.996358287044256, -31.851817748577982, -28.19534425956662, -31.954685639604495, -23.731510550122533, 0.019368432462215424, 0.30053895711898804, 0.5037195682525635, 17.211694717407227, -0.7230693376885576, -0.4277373156076752, -0.6208978228812819, -0.590098656351207, -0.6527248204166646, -0.49674419172079]",[1],J1503.7+4759,bll,bll,J1503.5+4759,bll,J1503.5+4759,bll,J1503.5+4759,bll,AGN,AGN,AGN,AGN
1209,J1503.6-6427,bcu,J1503.7-6426,"[2.496641159057617, 2.5064198970794678, 2.326978921890259, 47.31229782104492, -30.845851169138598, -30.625667016906753, -27.261777334200296, -30.559293991055785, -23.229036620756034, 0.09295674413442612, 0.9327518939971924, 1.4928078651428223, 8.607475280761719, 0.9857016556468107, -0.27606868328458317, -0.8350323914448082, -0.5258140756702508, -0.9410678327081871, 0.13182623237760258]",[1],J1503.7-6426,bcu,bcu,J1503.6-6427,bcu,J1503.6-6427,bcu,J1503.6-6427,bcu,AGN,AGN,AGN,AGN
1210,J1503.7-1540,bll,J1503.7-1540,"[1.8064719438552856, 1.7091752290725708, 1.5001333951950073, 8.7694730758667, -32.936849666340564, -32.61847001474558, -27.73168349314208, -32.71489573759304, -23.383942526728294, 0.08978699147701263, 0.09972292929887772, 2.732837200164795, 23.454526901245117, 0.9999651860293436, 0.2756543682767986, -0.4543930574853771, -0.286357604657296, -0.4945036653577772, -0.3807227656455885]",[1],J1503.7-1540,bll,bll,J1503.7-1540,bll,J1503.7-1540,bll,J1503.7-1540,bll,AGN,AGN,AGN,AGN
1211,J1504.4+1029,FSRQ,J1504.4+1029,"[2.250185012817383, 2.1287882328033447, 1.9841350317001343, 13163.931640625, -27.5766764612747, -27.34133698652603, -26.871063662935462, -27.437685621828663, -22.148828542558274, 0.09624604880809784, 1.1447957754135132, 15.707465171813965, 202.62548828125, -0.17730166202630027, -0.489973700559052, -0.6419556490917008, -0.6366313686617118, -0.7821791530208402, -0.87637504359984]",[1],J1504.4+1029,FSRQ,FSRQ,J1504.4+1029,FSRQ,J1504.4+1029,FSRQ,J1504.4+1029,FSRQ,AGN,AGN,AGN,AGN
1212,J1505.0-3433,bll,J1505.0-3432,"[2.2537548542022705, 2.186251401901245, 1.904861330986023, 33.48623275756836, -31.716077675407018, -31.43893504164291, -28.099921986565036, -31.485413023006846, -23.691747459381194, 0.11184555292129517, 0.7604779601097107, 1.7861659526824951, 10.431702613830566, -0.8056932796168946, 0.5844972808341492, -0.6243406928099312, -0.5159793322717834, -0.7127158153798075, -0.999704713457091]",[1],J1505.0-3432,bll,bll,J1505.0-3433,bll,J1505.0-3433,bll,J1505.0-3433,bll,AGN,AGN,AGN,AGN
1213,J1505.0+0326,NLSY1,J1505.1+0326,"[2.5890235900878906, 2.4770164489746094, 2.294466972351074, 64.33507537841797, -27.86762594137999, -27.64060845313879, -27.838222462888524, -27.705020944589076, -23.385287911509174, 0.10381006449460983, 0.3440723121166229, 2.8619256019592285, 29.439828872680664, -0.26996534776868186, -0.6016471613404974, -0.7622956202805583, -0.7769117494635033, -0.7257902035618564, -0.9999977603049585]",[1],J1505.1+0326,nlsy1,NLSY1,J1505.0+0326,NLSY1,J1505.0+0326,NLSY1,J1505.0+0326,NLSY1,AGN,AGN,AGN,AGN
1214,J1505.5-8241,bcu,J1504.5-8242,"[1.9340012073516846, 1.906162977218628, 1.7769893407821655, 9.181954383850098, -33.71935147686276, -33.48703686716193, -28.397103720150866, -33.54060454338949, -23.87554468430968, 0.0436212383210659, 0.2797110378742218, 0.642975389957428, 7.973546028137207, -0.9998274016952791, 0.9975240289034989, -0.1869331149327087, -0.6702948887256621, -0.16794254979692064, -0.5392269206299257]",[1],J1504.5-8242,bcu,bcu,J1505.5-8241,bcu,J1505.5-8241,bcu,J1505.5-8241,bcu,AGN,AGN,AGN,AGN
1215,J1506.1+3731,fsrq,J1506.1+3728,"[2.4858670234680176, 2.38547945022583, 2.2186391353607178, 1470.4117431640625, -28.024401731053636, -27.791524343805357, -27.888674801569593, -27.8743340714242, -23.27913716027217, 0.10020312666893005, 0.9641438722610474, 5.903358459472656, 61.54188537597656, -0.09123269198336667, -0.6196415068864501, -0.7287698948899497, -0.7321069924030178, -0.8603048354902978, -0.9999729995058586]",[1],J1506.1+3728,fsrq,fsrq,J1506.1+3731,fsrq,J1506.1+3731,fsrq,J1506.1+3731,fsrq,AGN,AGN,AGN,AGN
1216,J1506.4+4331,bll,J1506.3+4332,"[2.146193265914917, 2.143026828765869, 2.025822401046753, 13.431838989257812, -33.22911827421213, -33.06633454101089, -28.59149270032154, -33.12020552148671, -24.157103131453287, 0.00021977286087349057, 0.5965914130210876, 0.07746084034442902, 4.727814197540283, 0.588575187606652, 0.926596653564433, -0.3136719684945552, -0.6039825895670141, -0.6054963498779155, -0.43400582434423796]",[1],J1506.3+4332,bll,bll,J1506.4+4331,bll,J1506.4+4331,bll,J1506.4+4331,bll,AGN,AGN,AGN,AGN
1217,J1506.6+0813,bll,J1506.6+0811,"[1.7470158338546753, 1.544439435005188, 1.3963112831115723, 31.343292236328125, -32.57515457826431, -32.28834291056464, -27.675370514408527, -32.39747739043919, -23.409745840492903, 0.11928986757993698, 0.42794567346572876, 3.4543161392211914, 26.575349807739258, -0.566486816032816, -0.1470777464263685, -0.3079676294445582, -0.304926208284396, -0.4180844403430803, -0.4355900219315246]",[1],J1506.6+0811,bll,bll,J1506.6+0813,bll,J1506.6+0813,bll,J1506.6+0813,bll,AGN,AGN,AGN,AGN
1218,J1507.2+1721,bll,J1507.4+1725,"[1.776153326034546, 1.4845281839370728, 0.8857578039169312, 23.935514450073242, -33.46618700726969, -32.96200745572549, -28.19574590365292, -33.032938399103706, -23.73418734111579, 0.2660593092441559, 0.6357930302619934, 3.4715301990509033, 13.221769332885742, -0.9369868992717612, 0.11785065644444155, -0.0471907841306652, -0.3763736053699781, -0.23614117741054308, -0.7617121884606533]",[1],J1507.4+1725,bll,bll,J1507.2+1721,bll,J1507.2+1721,bll,J1507.2+1721,bll,AGN,AGN,AGN,AGN
1219,J1507.3-3710,bcu,J1507.6-3710,"[2.20613431930542, 2.131518602371216, 1.6632825136184692, 8.290843963623047, -31.937065598041336, -31.616139754679605, -28.23129553662129, -31.609385166008494, -23.778928580494764, 0.16306008398532867, 0.2228700816631317, 1.8533413410186768, 7.028825283050537, -0.9821684857012878, 0.656561145152758, -0.8056127788324271, -0.2212464116624262, -0.6259597160419117, -0.9998298330388701]",[1],J1507.6-3710,bcu,bcu,J1507.3-3710,bcu,J1507.3-3710,bcu,J1507.3-3710,bcu,AGN,AGN,AGN,AGN
1220,J1508.5-4951,bcu,J1508.7-4956,"[2.7714998722076416, 2.815661907196045, 2.134629249572754, 25.06718635559082, -28.91898830376698, -28.590260987492776, -27.170674144802547, -27.93277214865429, -23.105496543957273, 0.24351508915424347, 0.2953486144542694, 4.3101654052734375, 14.688982009887695, -0.12349584205512525, -0.7049540692528002, -0.8097408616339331, -0.80521358549821, -0.9483749224477336, -0.9929128771698271]",[1],J1508.7-4956,bcu,bcu,J1508.5-4951,bcu,J1508.5-4951,bcu,J1508.5-4951,bcu,AGN,AGN,AGN,AGN
1221,J1508.8+2708,bll,J1508.6+2709,"[2.004209041595459, 2.057992935180664, 2.0076732635498047, 6.435588359832764, -33.07656568302031, -33.02192342591206, -28.463018161853746, -33.043123548837144, -23.960703194129188, -0.04691845923662186, 0.029482103884220123, 0.9024329781532288, 9.379030227661133, 0.9985482631631045, -0.5761678362065836, -0.6721697993362038, -0.5120405414367857, -0.3126811854079139, -0.38734601934406604]",[1],J1508.6+2709,bll,bll,J1508.8+2708,bll,J1508.8+2708,bll,J1508.8+2708,bll,AGN,AGN,AGN,AGN
1222,J1509.4-5850,PSR,J1509.4-5850,"[2.4100003242492676, 2.2287757396698, 1.2877123355865479, 10.646389961242676, -29.761834523791634, -29.38849610283407, -25.946695477644415, -29.364593236814354, -21.62791437346125, 0.37829989194869995, 0.043902069330215454, 17.333036422729492, 62.1826057434082, 0.8188803824832697, -0.08261112265096261, -0.4818354322701002, -0.6392488523623763, -0.9135609882175865, -0.999234657257006]",[0],J1509.4-5850,PSR,PSR,J1509.4-5850,PSR,J1509.4-5850,PSR,J1509.4-5850,PSR,PSR,PSR,PSR,PSR
1223,J1509.7+5556,bll,J1509.7+5556,"[1.841517448425293, 1.6671907901763916, 1.30097234249115, 4.645864009857178, -33.490627094113215, -33.10573405389618, -28.40182667465859, -33.19782331294624, -24.01945461935504, 0.15275943279266357, 0.0, 2.4694957733154297, 17.403846740722656, 0.9998618475488329, -0.7351678360174392, -0.5032720996797799, -0.17508173118600762, -0.5162042105833519, -0.8466594670481361]",[1],J1509.7+5556,bll,bll,J1509.7+5556,bll,J1509.7+5556,bll,J1509.7+5556,bll,AGN,AGN,AGN,AGN
1224,J1510.8+7959,bcu,J1512.3+8005,"[2.2309701442718506, 2.1729736328125, 2.0387074947357178, 56.25951385498047, -31.89364073492812, -31.66487575920016, -28.763021938995774, -31.747273643901934, -24.262431649470575, 0.05074579268693924, 1.053202509880066, 0.7558141946792603, 10.636553764343262, 0.9988844229133835, 0.23380889567523203, -0.7126333116257041, -0.5009381422469539, -0.5829212012416628, -0.9030996589378925]",[1],J1512.3+8005,bcu,bcu,J1510.8+7959,bcu,J1510.8+7959,bcu,J1510.8+7959,bcu,AGN,AGN,AGN,AGN
1225,J1510.8-0542,fsrq,J1510.9-0542,"[2.4402987957000732, 2.385319709777832, 2.1783788204193115, 73.12240600585938, -29.548195249850274, -29.288496853562748, -27.48871508819015, -29.347644831860148, -23.142670352771255, 0.10820190608501434, 0.3864741921424866, 3.505446195602417, 24.09726905822754, 0.9212324045542843, -6.157423076674334e-05, -0.6796477335441754, -0.7398564624379983, -0.7854993314685801, -0.7562575481513973]",[1],J1510.9-0542,fsrq,fsrq,J1510.8-0542,fsrq,J1510.8-0542,fsrq,J1510.8-0542,fsrq,AGN,AGN,AGN,AGN
1226,J1511.8-0513,bll,J1511.8-0513,"[1.9660061597824097, 1.842801809310913, 1.590019941329956, 10.068879127502441, -33.02024307850677, -32.712435055579924, -27.86172473614886, -32.796033142514524, -23.33092222766729, 0.0834476575255394, 0.13075286149978638, 1.2922834157943726, 16.540447235107422, -0.3723323305655791, -0.8102430117649284, -0.6760756031760371, -0.17805735795865898, -0.5472848049199256, -0.5477084394480594]",[1],J1511.8-0513,bcu,bll,J1511.8-0513,bll,J1511.8-0513,bll,J1511.8-0513,bll,AGN,AGN,AGN,AGN
1227,J1512.1-2255,bll,J1512.2-2255,"[1.9409679174423218, 1.8246537446975708, 1.4772037267684937, 4.68243932723999, -32.7431771152188, -32.45035282003398, -28.008748032292374, -32.48044651428764, -23.539541012978788, 0.10228214412927628, 0.0, 1.9409269094467163, 14.822482109069824, 0.9607334735946859, -0.3623509136495618, -0.7191230789695785, -0.17663398551085474, -0.4414898781898078, -0.8227924805397253]",[1],J1512.2-2255,bcu,bll,J1512.1-2255,bll,J1512.1-2255,bll,J1512.1-2255,bll,AGN,AGN,AGN,AGN
1228,J1512.2+0202,fsrq,J1512.2+0202,"[2.1663129329681396, 2.0129709243774414, 1.8663867712020874, 19.70012855529785, -29.94601227604917, -29.702835619485747, -27.622799569050592, -29.79621679989479, -23.073440744850693, 0.11581051349639893, 0.1719224452972412, 4.608343601226807, 36.58275604248047, -0.33433469131744326, -0.39553282022495756, -0.5523586732522604, -0.5820809504007574, -0.7747521900744415, -0.749608528740918]",[1],J1512.2+0202,fsrq,fsrq,J1512.2+0202,fsrq,J1512.2+0202,fsrq,J1512.2+0202,fsrq,AGN,AGN,AGN,AGN
1229,J1512.8-0906,FSRQ,J1512.8-0906,"[2.3796513080596924, 2.3704781532287598, 2.249152183532715, 4421.04248046875, -27.907612028686277, -27.644336865670358, -26.28216534880888, -27.715911170995838, -21.756429804384936, 0.05575920268893242, 0.42534759640693665, 11.793213844299316, 232.97244262695312, -0.20773232515899576, -0.582831910709552, -0.6918256467014392, -0.6795992712568425, -0.7510431623793803, -0.7368575551136392]",[1],J1512.8-0906,FSRQ,FSRQ,J1512.8-0906,FSRQ,J1512.8-0906,FSRQ,J1512.8-0906,FSRQ,AGN,AGN,AGN,AGN
1230,J1513.4-3231,fsrq,J1513.5-3233,"[2.465475082397461, 2.414799928665161, 2.1688530445098877, 148.22808837890625, -29.85115691835185, -29.55540962034067, -27.775290778298245, -29.606782009517353, -23.398968215311058, 0.11859449744224548, 1.0265201330184937, 2.4988362789154053, 15.195477485656738, -0.30289432451867887, -0.6529984227170798, -0.6756826230314724, -0.7229530354525329, -0.7856175721152695, -0.9999913168109759]",[1],J1513.5-3233,fsrq,fsrq,J1513.4-3231,fsrq,J1513.4-3231,fsrq,J1513.4-3231,fsrq,AGN,AGN,AGN,AGN
1231,J1513.4-2549,PSR,J1513.4-2549,"[2.3063137531280518, 2.2253005504608154, 1.0221796035766602, 9.692323684692383, -30.86169566377322, -30.408173128336312, -28.162103152909847, -30.478217639653007, -23.27405635419602, 0.4452398121356964, 0.1375037133693695, 6.544318199157715, 19.80352210998535, 0.9303205163276808, -0.12491840240749168, -0.510398541145675, -0.782714052047694, -0.8571982179993544, -0.9969148298853743]",[0],J1513.4-2549,psr,PSR,J1513.4-2549,PSR,J1513.4-2549,MSP,J1513.4-2549,MSP,PSR,PSR,PSR,AGN
1232,J1514.3-4946,PSR,J1514.2-4947,"[2.1225945949554443, 1.820625901222229, 0.921050488948822, 6.123136520385742, -30.592310853821584, -30.156565988522637, -27.377497842375078, -30.16664507926793, -22.456630166331152, 0.3787708282470703, 0.0, 16.547117233276367, 67.33055114746094, -0.4131317054818694, -0.1611618368971526, -0.32504997793490864, -0.4950071559751426, -0.9088767014302764, -0.8760806975722935]",[0],J1514.2-4947,PSR,PSR,J1514.3-4946,PSR,J1514.3-4946,MSP,J1514.3-4946,MSP,PSR,PSR,PSR,PSR
1233,J1514.7-3617,bcu,J1514.8-3623,"[2.372955083847046, 2.3211944103240967, 1.7710381746292114, 18.594226837158203, -30.53411556459612, -30.132619496984674, -27.918468959860373, -30.156122238600815, -23.372013306896495, 0.23513095080852509, 0.2889876365661621, 4.110699653625488, 15.489278793334961, 0.9680834529544456, -0.44444307269942124, -0.613588426821164, -0.6974447654709554, -0.8645388538724742, -0.999344044041667]",[1],J1514.8-3623,bcu,bcu,J1514.7-3617,bcu,J1514.7-3617,bcu,J1514.7-3617,bcu,AGN,AGN,AGN,AGN
1234,J1514.8-4748,fsrq,J1514.5-4750,"[2.434558629989624, 2.394894599914551, 2.210902690887451, 51.909488677978516, -30.229907452723808, -29.976975044912102, -27.51901251240756, -30.023237168292948, -23.22181993210227, 0.08104286342859268, 0.4393919110298157, 2.4174418449401855, 21.57769012451172, 0.1653767632290442, -0.6624197580438956, -0.6849671675831125, -0.6329626507302195, -0.8006934454209661, -0.8276269895538204]",[1],J1514.5-4750,fsrq,fsrq,J1514.8-4748,fsrq,J1514.8-4748,fsrq,J1514.8-4748,fsrq,AGN,AGN,AGN,AGN
1235,J1516.8+3651,bll,J1516.7+3648,"[2.181246280670166, 2.0821502208709717, 2.0723536014556885, 28.90428352355957, -32.06337425407008, -30.621790339593602, -28.690954018317026, -31.926654905170064, -24.186021157732803, 0.24444055557250977, 0.9419801831245422, 1.3645129203796387, 7.889610290527344, 0.09963889473506, -0.28588929722918344, -0.18343504650157208, -0.8158934061337538, -0.7139023601644989, -0.0011910702945455277]",[1],J1516.7+3648,bll,bll,J1516.8+3651,bll,J1516.8+3651,bll,J1516.8+3651,bll,AGN,AGN,AGN,AGN
1236,J1516.9+1934,bll,J1516.9+1926,"[2.5047571659088135, 2.5042665004730225, 2.493089199066162, 33.91122055053711, -30.19877178129419, -30.015415167608833, -28.28058018080236, -30.15040828654949, -23.925392241724545, 0.0007690490456297994, 0.7558064460754395, 0.018669644370675087, 7.468372821807861, -0.3524986843392082, -0.3731581871585538, -0.84681402334876, -0.5444712740279579, -0.5426272423774606, -0.998220563317599]",[1],J1516.9+1926,bll,bll,J1516.9+1934,bll,J1516.9+1934,bll,J1516.9+1934,bll,AGN,AGN,AGN,AGN
1237,J1517.7-2422,bll,J1517.6-2422,"[2.12184739112854, 2.078259229660034, 2.0623626708984375, 90.89424896240234, -29.158753882307753, -29.030615734737093, -27.055472921535102, -29.118825622775933, -22.611773920755454, 0.02835201472043991, 0.19275343418121338, 2.6803181171417236, 83.53125762939453, -0.2293002164549392, -0.4775606194964235, -0.594518184014785, -0.5144547790214797, -0.6413615080525968, -0.5690920189794006]",[1],J1517.6-2422,bll,bll,J1517.7-2422,bll,J1517.7-2422,bll,J1517.7-2422,bll,AGN,AGN,AGN,AGN
1238,J1517.7+6525,bll,J1517.6+6524,"[1.8172820806503296, 1.7578644752502441, 1.599570393562317, 15.844768524169922, -32.821355234965445, -32.565234988466614, -28.051287028342355, -32.64551555625335, -23.77407740161722, 0.04873642325401306, 0.1918315291404724, 2.0470099449157715, 32.432151794433594, 0.9257354611800087, -0.06305768183886602, -0.5476911340036176, -0.26273431537021713, -0.3976759870477969, -0.47953267205110095]",[1],J1517.6+6524,bll,bll,J1517.7+6525,bll,J1517.7+6525,bll,J1517.7+6525,bll,AGN,AGN,AGN,AGN
1239,J1518.0-2731,bll,J1518.0-2732,"[2.056964874267578, 2.058745861053467, 2.021350145339966, 57.836265563964844, -31.812960167659853, -31.674909233677525, -27.722155195714016, -31.746742048886283, -23.222915087637524, -0.001300968462601304, 0.42429354786872864, 0.05454089120030403, 27.44965171813965, -0.7120852248544498, -0.28989854509406193, -0.6140539421799728, -0.43436731088496666, -0.5846719847819714, -0.4339124313747552]",[1],J1518.0-2732,bcu,bll,J1518.0-2731,bll,J1518.0-2731,bll,J1518.0-2731,bll,AGN,AGN,AGN,AGN
1240,J1520.4+5546,bll,J1521.1+5543,"[2.2438418865203857, 2.1859397888183594, 2.0388193130493164, 9.9113130569458, -31.62800862407182, -31.321227107496473, -28.68745435038929, -31.293466034784032, -24.168747532145247, 0.0849069356918335, 0.24506570398807526, 0.9724881052970886, 9.887545585632324, -0.838259057661327, -0.3766778441806296, -0.642291071467541, -0.4882523884662997, -0.8296670513949741, -0.4729397063680069]",[1],J1521.1+5543,bll,bll,J1520.4+5546,bll,J1520.4+5546,bll,J1520.4+5546,bll,AGN,AGN,AGN,AGN
1241,J1520.5+4209,fsrq,J1520.3+4209,"[2.5394608974456787, 2.465730905532837, 2.2454583644866943, 61.22347640991211, -30.470257378469487, -30.205620658983058, -28.42328046049339, -30.251456086869485, -24.145961500924663, 0.10658398270606995, 0.9602257013320923, 1.1658879518508911, 8.985509872436523, 0.8969315910679302, -0.7946071415803788, -0.6338818378069887, -0.7938359445833159, -0.7104696364329628, -0.999955927255361]",[1],J1520.3+4209,fsrq,fsrq,J1520.5+4209,fsrq,J1520.5+4209,fsrq,J1520.5+4209,fsrq,AGN,AGN,AGN,AGN
1242,J1520.8-0348,bll,J1520.8-0348,"[1.787021279335022, 1.5050581693649292, 1.1049896478652954, 5.156359672546387, -32.63389185041529, -32.22429622805426, -27.646622869086517, -32.29651803652105, -23.24501653365493, 0.20647205412387848, 0.0, 4.9254350662231445, 24.519254684448242, 0.850334616894935, -0.23205386206906314, -0.2756894385956514, -0.12668603211993193, -0.5028988528083811, -0.5914863735948024]",[1],J1520.8-0348,bll,bll,J1520.8-0348,bll,J1520.8-0348,bll,J1520.8-0348,bll,AGN,AGN,AGN,AGN
1243,J1521.8+4338,fsrq,J1521.8+4340,"[2.923912763595581, 2.909569263458252, 2.7510015964508057, 12.404250144958496, -28.461434766446818, -28.272070250252206, -28.181199232230174, -28.282182619560814, -24.235524559224455, 0.057380303740501404, 0.2634025514125824, 0.743336021900177, 8.237032890319824, -0.504414302129035, -0.7217422017246706, -0.8735304500571466, -0.7612478825397416, -0.9998467819970284, -0.9093361409204226]",[1],J1521.8+4340,fsrq,fsrq,J1521.8+4338,fsrq,J1521.8+4338,fsrq,J1521.8+4338,fsrq,AGN,AGN,AGN,AGN
1244,J1521.9-5735,PSR,J1521.9-5736,"[2.4961726665496826, 2.489537000656128, 0.9913350343704224, 3.952530860900879, -29.910636193274307, -29.508625276648814, -26.481710358880136, -29.55460096455243, -21.908064874348778, 0.4938942492008209, 0.0, 15.369949340820312, 42.37047576904297, 0.7683598991157617, -0.20672074368194843, -0.5336200448364049, -0.7710444899264339, -0.9280788659975725, -0.9997411341849206]",[0],J1521.9-5736,PSR,PSR,J1521.9-5735,PSR,J1521.9-5735,PSR,J1521.9-5735,PSR,PSR,PSR,PSR,PSR
1245,J1522.1+3144,fsrq,J1522.1+3144,"[2.4065842628479004, 2.3826591968536377, 2.2144126892089844, 2256.679443359375, -28.12587363569353, -27.83136876929947, -26.948612189457958, -27.900042900613354, -22.423055980362328, 0.0725722461938858, 0.40752163529396057, 11.338626861572266, 174.44253540039062, -0.237927812752653, -0.5856827700516178, -0.7044314699531059, -0.7037946680223864, -0.7915888920454898, -0.8894592334272932]",[1],J1522.1+3144,fsrq,fsrq,J1522.1+3144,fsrq,J1522.1+3144,fsrq,J1522.1+3144,fsrq,AGN,AGN,AGN,AGN
1246,J1522.6-2730,bll,J1522.6-2730,"[2.1887881755828857, 2.057454824447632, 1.7371416091918945, 117.25912475585938, -30.266622948585884, -29.957581298799937, -27.49178744608054, -30.019833152124228, -22.934178208872165, 0.15181399881839752, 0.4622096121311188, 6.1158270835876465, 37.36791229248047, 0.9976961965385687, -0.4580658961494655, -0.5257760573792573, -0.5626553452651305, -0.8064258294798915, -0.857656579586506]",[1],J1522.6-2730,bll,bll,J1522.6-2730,bll,J1522.6-2730,bll,J1522.6-2730,bll,AGN,AGN,AGN,AGN
1247,J1524.8-5904,bcu,J1525.2-5905,"[2.254167079925537, 2.180959463119507, 1.8504170179367065, 19.054195404052734, -32.349862766268195, -32.065177835294755, -27.038689199656982, -32.09293799892876, -22.796939478248262, 0.09757448732852936, 0.49606853723526, 1.473111629486084, 10.650711059570312, -0.946928264923946, -0.03621173960371065, -0.5826688366427143, -0.4600356639394706, -0.6866316185042871, -0.868308991858829]",[1],J1525.2-5905,bcu,bcu,J1524.8-5904,bcu,J1524.8-5904,bcu,J1524.8-5904,bcu,AGN,AGN,AGN,AGN
1248,J1530.9+5736,bll,J1531.0+5737,"[2.0633597373962402, 1.9785139560699463, 1.8348685503005981, 4.834280490875244, -32.64632299457996, -32.36310445514448, -28.676039148251522, -32.48238189631614, -24.17578908010789, 0.0888933315873146, 0.0, 1.3242926597595215, 10.564469337463379, 0.9991056050689077, -0.6847495171922695, -0.37611055991699177, -0.6043110422658645, -0.3622945864268363, -0.8395355521958985]",[1],J1531.0+5737,bll,bll,J1530.9+5736,bll,J1530.9+5736,bll,J1530.9+5736,bll,AGN,AGN,AGN,AGN
1249,J1531.7+4710,bll,J1531.8+4704,"[2.016951322555542, 2.0066440105438232, 1.9624742269515991, 2.24288272857666, -33.2258145105017, -33.04652362449127, -28.784231487708386, -33.153198664997255, -24.2869954738468, 0.009809069335460663, 0.0, 0.11675841361284256, 6.1413960456848145, 0.21915121958329334, -0.802196258239562, -0.20443139755027115, -0.6152098440440431, -0.5775344946775045, -0.13242594187759335]",[1],J1531.8+4704,bll,bll,J1531.7+4710,bll,J1531.7+4710,bll,J1531.7+4710,bll,AGN,AGN,AGN,AGN
1250,J1532.0+3016,bll,J1532.0+3018,"[1.94350266456604, 1.8691636323928833, 1.646363615989685, 14.390863418579102, -32.918325176279595, -32.605195033348494, -28.31588126446857, -32.65965003677688, -23.859759892575124, 0.07783030718564987, 0.325888454914093, 1.3405953645706177, 14.85400390625, -0.6467780475912317, -0.3734542870265165, -0.46176296762815694, -0.35832664495626115, -0.6353593982500648, -0.7227023100203879]",[1],J1532.0+3018,bll,bll,J1532.0+3016,bll,J1532.0+3016,bll,J1532.0+3016,bll,AGN,AGN,AGN,AGN
1251,J1532.7-1319,fsrq,J1532.7-1319,"[2.158233404159546, 2.0303990840911865, 1.8918795585632324, 1187.5638427734375, -29.32493904203736, -29.079450051890742, -27.279653679553302, -29.172524169853773, -22.69293058674839, 0.10433553159236908, 0.8686624765396118, 7.167498588562012, 67.47355651855469, 0.43958039006354055, -0.4332974101934581, -0.5509719646754645, -0.6512167467119886, -0.6576518722149057, -0.7499188679960349]",[1],J1532.7-1319,bcu,fsrq,J1532.7-1319,bcu,J1532.7-1319,bcu,J1532.7-1319,bcu,AGN,AGN,AGN,AGN
1252,J1533.2+1855,bll,J1533.2+1852,"[1.8322772979736328, 1.864245057106018, 1.811881184577942, 1.497052550315857, -33.8654528065398, -33.743844955551396, -28.26712471024685, -33.79289066833957, -23.798328179979393, -0.02510768547654152, 0.0, 0.5273611545562744, 11.786932945251465, -0.07775277965088993, -0.5167841903648588, -0.59023753610631, -0.42995054755594025, -0.393632315867972, -0.12994559705885605]",[1],J1533.2+1852,bll,bll,J1533.2+1855,bll,J1533.2+1855,bll,J1533.2+1855,bll,AGN,AGN,AGN,AGN
1253,J1533.2+3416,bll,J1533.5+3416,"[1.925424337387085, 1.827923059463501, 1.7058871984481812, 11.575716972351074, -32.93122450223375, -32.65570665956696, -28.389123502265612, -32.77908092229985, -23.966450251843245, 0.0660274475812912, 0.25068962574005127, 1.020654559135437, 14.984272003173828, 0.048511521928313, -0.6502762322514328, -0.5000709710763795, -0.19585216653268886, -0.6672193720050823, -0.45638660228858435]",[1],J1533.5+3416,bll,bll,J1533.2+3416,bll,J1533.2+3416,bll,J1533.2+3416,bll,AGN,AGN,AGN,AGN
1254,J1534.8+3716,bll,J1535.0+3721,"[2.0499203205108643, 2.020066976547241, 1.8923630714416504, 15.88097858428955, -33.20301621984636, -32.96342929092734, -28.380804915556983, -33.07417787756694, -23.874653427906928, 0.02333911322057247, 0.5303041338920593, 0.2580881714820862, 10.103200912475586, -0.999993309596915, 0.9999659738138738, -0.7236892215830121, -0.38101995188257065, -0.41454941553188185, -0.5640116450735612]",[1],J1535.0+3721,bll,bll,J1534.8+3716,bll,J1534.8+3716,bll,J1534.8+3716,bll,AGN,AGN,AGN,AGN
1255,J1534.8+0131,fsrq,J1534.5+0128,"[2.366197347640991, 2.33066725730896, 2.2752387523651123, 247.564697265625, -29.903257600848796, -29.660741302015616, -27.96921860613204, -29.77861015861283, -23.413116128800297, 0.05920003354549408, 0.8688176870346069, 1.7334303855895996, 24.9526309967041, -0.3550698678749735, -0.6170874191452148, -0.6875435386760771, -0.677387048780856, -0.6995235711530489, -0.4900141229575499]",[1],J1534.5+0128,fsrq,fsrq,J1534.8+0131,fsrq,J1534.8+0131,fsrq,J1534.8+0131,fsrq,AGN,AGN,AGN,AGN
1256,J1535.0+5320,bll,J1534.4+5323,"[1.8064820766448975, 1.6536074876785278, 1.4200372695922852, 5.125762462615967, -34.08655872628452, -33.751842279798225, -28.58850967430268, -33.87244496401851, -24.18373356119713, 0.07676485925912857, 0.0, 0.5646489858627319, 9.807055473327637, -0.6060686932431305, -0.7162151583586505, -0.7258321200210655, 0.16352810962813122, -0.6240392447338723, -0.11531968085854032]",[1],J1534.4+5323,bll,bll,J1535.0+5320,bll,J1535.0+5320,bll,J1535.0+5320,bll,AGN,AGN,AGN,AGN
1257,J1535.4+3919,bll,J1535.7+3920,"[2.2588672637939453, 2.1859304904937744, 2.0632688999176025, 8.29113483428955, -31.727389576163336, -31.39654688828812, -28.623415315313913, -31.54554066356159, -24.153731630241495, 0.12586215138435364, 0.233208566904068, 1.3928130865097046, 7.911839485168457, -0.98779442962963, 0.9993000106927947, -0.557210814214975, -0.7201957151463017, -0.834903304168081, 0.04333839922916187]",[1],J1535.7+3920,bll,bll,J1535.4+3919,bll,J1535.4+3919,bll,J1535.4+3919,bll,AGN,AGN,AGN,AGN
1258,J1536.4-4948,PSR,J1536.3-4949,"[2.129915952682495, 1.8950307369232178, 1.3741432428359985, 7.722270488739014, -30.02107137725482, -29.66791574146645, -26.981382728150642, -29.705305422869408, -22.218436094322765, 0.2465672791004181, 0.010940003208816051, 18.08592987060547, 91.21456146240234, 0.8666172489068876, -0.25360550374928953, -0.44107528378316435, -0.4996129812563192, -0.8132150932539391, -0.9999976442124502]",[0],J1536.3-4949,psr,PSR,J1536.4-4948,PSR,J1536.4-4948,MSP,J1536.4-4948,MSP,PSR,PSR,PSR,PSR
1259,J1537.7-7957,bcu,J1537.8-8000,"[2.2579400539398193, 2.2470006942749023, 2.18060302734375, 23.50912094116211, -31.399110647209483, -31.231974252075037, -27.958010159700766, -31.295614625229522, -23.533161629492884, 0.01962881162762642, 0.32697051763534546, 0.5915958285331726, 19.214277267456055, 0.3613894842408541, -0.6578473740486995, -0.6947427760774718, -0.43287283338713645, -0.7638895691851586, -0.3832665647112885]",[1],J1537.8-8000,bcu,bcu,J1537.7-7957,bcu,J1537.7-7957,bcu,J1537.7-7957,bcu,AGN,AGN,AGN,AGN
1260,J1539.6+2743,fsrq,J1539.5+2746,"[2.316667318344116, 2.300166606903076, 2.2513856887817383, 145.3746337890625, -30.315651510710282, -30.116178929579554, -28.227540225096398, -30.226310921766245, -23.636051737601445, 0.01701766438782215, 0.8069066405296326, 0.48098334670066833, 24.270389556884766, -0.5346641262730721, -0.5058374316966524, -0.683879967545477, -0.5715061774235275, -0.7742784385268876, -0.38266285892626406]",[1],J1539.5+2746,fsrq,fsrq,J1539.6+2743,fsrq,J1539.6+2743,fsrq,J1539.6+2743,fsrq,AGN,AGN,AGN,AGN
1261,J1539.7-1127,bll,J1539.8-1128,"[1.8667932748794556, 1.84506094455719, 1.8094818592071533, 6.674409866333008, -33.468238782442235, -33.25045853657421, -28.00996399869239, -33.38077952288837, -23.522864328450858, 0.02141721174120903, 0.0, 0.3985006511211395, 11.243626594543457, -0.7407621299392966, -0.5011192286283725, -0.4434985589191344, -0.4441830542333371, -0.460302390460393, -0.3591364467481824]",[1],J1539.8-1128,bcu,bll,J1539.7-1127,bll,J1539.7-1127,bll,J1539.7-1127,bll,AGN,AGN,AGN,AGN
1262,J1540.1+8155,bll,J1540.1+8155,"[1.7573620080947876, 1.666971206665039, 1.4930877685546875, 5.200476169586182, -33.50544465750518, -33.15383385513394, -28.15769434048532, -33.27019017238316, -23.880694913917402, 0.0897642970085144, 0.0, 2.819368600845337, 25.50217628479004, -0.709540587849508, 0.9994653033395149, -0.45693657454707354, -0.2858560440274825, -0.45197896884616867, -0.32297081749039447]",[1],J1540.1+8155,bll,bll,J1540.1+8155,bll,J1540.1+8155,bll,J1540.1+8155,bll,AGN,AGN,AGN,AGN
1263,J1540.7+1449,bll,J1540.8+1449,"[2.1680350303649902, 2.1812849044799805, 2.236201047897339, 16.746301651000977, -32.25361087793735, -32.15506546554062, -28.240591242004697, -32.26182358683445, -23.78601452550899, -0.03229307010769844, 0.4233517050743103, 0.6656822562217712, 10.339371681213379, 0.3948985648870163, -0.696441983082929, -0.6593812175601506, -0.5080723170370128, -0.6181714640317341, -0.7187386316653651]",[1],J1540.8+1449,bll,bll,J1540.7+1449,bll,J1540.7+1449,bll,J1540.7+1449,bll,AGN,AGN,AGN,AGN
1264,J1543.0+6130,bll,J1542.9+6129,"[1.9989813566207886, 1.9015583992004395, 1.8095530271530151, 244.90182495117188, -29.75331610969425, -29.570545247295414, -27.29371407091918, -29.648921887818194, -22.855778292411248, 0.060674820095300674, 0.25440099835395813, 6.123702526092529, 113.07464599609375, -0.10442244447638291, -0.42957447217789374, -0.494473957862438, -0.4912475897851902, -0.5628799367128612, -0.755753011191353]",[1],J1542.9+6129,bll,bll,J1543.0+6130,bll,J1543.0+6130,bll,J1543.0+6130,bll,AGN,AGN,AGN,AGN
1265,J1543.6+0452,agn,J1543.5+0451,"[1.8701808452606201, 1.7868880033493042, 1.6025447845458984, 26.487741470336914, -33.21780692816215, -32.948006289925665, -28.079362621073667, -33.01800709107227, -23.640403223128633, 0.06526225805282593, 0.522136390209198, 1.3009729385375977, 14.313629150390625, -0.4835979456962072, -0.6912601110882804, -0.5640117047452253, -0.3218253593262981, -0.4069251678479725, -0.5226045606167068]",[1],J1543.5+0451,bcu,agn,J1543.6+0452,agn,J1543.6+0452,agn,J1543.6+0452,agn,AGN,AGN,AGN,AGN
1266,J1543.6-5148,PSR,J1542.9-5141,"[2.580322742462158, 2.6005783081054688, 1.4948961734771729, 6.796976566314697, -30.335408433357593, -30.03954164745438, -26.73724548925394, -29.973685028162116, -22.533363815040055, 0.3610449433326721, 0.0, 5.888766288757324, 14.6146240234375, -0.9989054602532725, 0.9848547479892843, -0.5612618322879215, -0.7236061983873019, -0.932765579727306, -0.9995798758582002]",[0],J1542.9-5141,PSR,PSR,J1543.6-5148,PSR,J1543.6-5148,MSP,J1543.6-5148,MSP,PSR,PSR,PSR,PSR
1267,J1544.0+4939,PSR,J1544.0+4938,"[2.219878673553467, 2.03574538230896, 1.6548426151275635, 2.7828214168548584, -30.912229417351515, -30.575059783363926, -28.52816461781782, -30.626502852190843, -23.8240996791061, 0.20275844633579254, 0.0, 3.175377368927002, 14.232603073120117, 0.7631578588389736, -0.08328755395984416, -0.5793345875613508, -0.6284187227713057, -0.797474086244662, -0.9167035888456047]",[0],J1544.0+4938,PSR,PSR,J1544.0+4939,PSR,J1544.0+4939,MSP,J1544.0+4939,MSP,AGN,AGN,AGN,AGN
1268,J1546.0+0819,bll,J1546.0+0818,"[1.8936091661453247, 1.8039271831512451, 1.5909008979797363, 7.321701526641846, -32.65072969557195, -32.36528632201187, -28.02175294944494, -32.4434968005011, -23.62367573650615, 0.08697888255119324, 0.011814740486443043, 2.3192925453186035, 19.44539451599121, -0.5537803483695811, -0.5523000807714961, -0.47544809482141437, -0.2771201154844986, -0.5532811756606729, -0.4842823501909528]",[1],J1546.0+0818,bll,bll,J1546.0+0819,bll,J1546.0+0819,bll,J1546.0+0819,bll,AGN,AGN,AGN,AGN
1269,J1546.5+1816,bll,J1546.6+1812,"[2.2770566940307617, 2.23000168800354, 2.089714765548706, 7.5325188636779785, -32.15916418684461, -31.83784158332631, -28.40046496811504, -31.962062939587934, -24.032918773297112, 0.1166006401181221, 0.16699111461639404, 0.9808220863342285, 4.7068891525268555, 0.8565324005818155, -0.4665159692924183, -0.4215141761600486, -0.8767041072125327, -0.013591789111113209, -0.9999169908329012]",[1],J1546.6+1812,bll,bll,J1546.5+1816,bll,J1546.5+1816,bll,J1546.5+1816,bll,AGN,AGN,AGN,AGN
1270,J1547.3-2802,bll,J1547.1-2801,"[1.955622911453247, 1.9293686151504517, 1.805327296257019, 3.959094762802124, -33.14358090672161, -32.973125208704076, -28.19841086610288, -33.02200882308399, -23.697548321490412, 0.028950443491339684, 0.0, 0.5339669585227966, 8.180373191833496, 0.9913352106344441, -0.438018186150076, -0.6455252245066573, -0.4537112657518713, -0.47683813246022516, -0.29773233857729553]",[1],J1547.1-2801,bcu,bll,J1547.3-2802,bll,J1547.3-2802,bll,J1547.3-2802,bll,AGN,AGN,AGN,AGN
1271,J1548.8-2250,bll,J1548.8-2250,"[1.797255516052246, 1.7549980878829956, 1.7121309041976929, 16.255294799804688, -33.05271708654638, -32.80339167045395, -27.612082447644895, -32.94024109507728, -23.234821315380497, 0.03717971593141556, 0.23957084119319916, 1.3320813179016113, 25.28911781311035, 0.8858558698226364, -0.15767694895493484, -0.14895368392537361, -0.4201983215533645, -0.4594068058271866, -0.3578993842123401]",[1],J1548.8-2250,bll,bll,J1548.8-2250,bll,J1548.8-2250,bll,J1548.8-2250,bll,AGN,AGN,AGN,AGN
1272,J1549.3+6310,bcu,J1549.0+6309,"[2.0503382682800293, 2.18279767036438, 2.0848424434661865, 20.381975173950195, -33.82253973798138, -33.79678264482569, -28.939761793885, -33.80157949673296, -24.43265529920547, -0.0905136987566948, 1.1525492668151855, 0.9999182820320129, 5.298603534698486, -0.6354846611556423, -0.7835511689195113, -0.7475163036729423, -0.11385326949173974, -0.6498104046252595, -0.42984447087621536]",[1],J1549.0+6309,bcu,bcu,J1549.3+6310,bll,J1549.3+6310,bll,J1549.3+6310,bll,AGN,AGN,AGN,AGN
1273,J1549.4+7409,bcu,J1550.3+7409,"[2.61543345451355, 2.6616952419281006, 2.6535115242004395, 5.419545650482178, -30.317037780996415, -30.261414782491702, -28.602513722748814, -30.31614342064914, -24.366209877029515, -0.06511703133583069, 0.0, 1.1738972663879395, 7.652070999145508, -0.10890995749342315, -0.635253801348129, -0.8673464893744997, -0.2481981724797893, -0.7740095477273741, -0.9996822735524513]",[1],J1550.3+7409,bcu,bcu,J1549.4+7409,bcu,J1549.4+7409,bcu,J1549.4+7409,bcu,AGN,AGN,AGN,AGN
1274,J1549.5+0236,fsrq,J1549.4+0237,"[2.420111656188965, 2.3744142055511475, 2.1962528228759766, 149.4935302734375, -29.61130134966719, -29.37409620224384, -27.875594724762543, -29.429277452213626, -23.34760542198688, 0.06405261158943176, 0.6539762020111084, 2.1636481285095215, 25.11094856262207, -0.13236768743381858, -0.654854969316118, -0.661906136791786, -0.6622651448374126, -0.8203489297356003, -0.9999362694119465]",[1],J1549.4+0237,fsrq,fsrq,J1549.5+0236,fsrq,J1549.5+0236,fsrq,J1549.5+0236,fsrq,AGN,AGN,AGN,AGN
1275,J1549.6+1710,bll,J1549.5+1709,"[1.8984419107437134, 1.9179657697677612, 1.8613457679748535, 23.09052085876465, -34.38684420530926, -34.308501345943554, -28.539595562417723, -34.32121255827118, -23.974020826638714, -0.02778918668627739, 1.360511302947998, 0.39286839962005615, 5.137497901916504, 0.9955972861007368, -0.7014985051395756, -0.7069026046908051, -0.49748315168709084, -0.38384396906461693, -0.019999957770446858]",[1],J1549.5+1709,bcu,bll,J1549.6+1710,bll,J1549.6+1710,bll,J1549.6+1710,bll,AGN,AGN,AGN,AGN
1276,J1549.8-0659,bcu,J1549.7-0658,"[1.9461402893066406, 1.9151240587234497, 1.8173903226852417, 13.739053726196289, -32.34490212956592, -32.14542597344951, -27.812555183886477, -32.219860598418904, -23.35932347654441, 0.026821671053767204, 0.21297916769981384, 0.9032992720603943, 21.504491806030273, 0.6099267300271884, -0.4597146060497508, -0.5624664678731963, -0.4063086547847815, -0.44659845936035947, -0.47907191797497434]",[1],J1549.7-0658,bcu,bcu,J1549.8-0659,bll,J1549.8-0659,bll,J1549.8-0659,bll,AGN,AGN,AGN,AGN
1277,J1550.7+0528,fsrq,J1550.5+0526,"[2.379091739654541, 2.248774528503418, 1.9167362451553345, 28.14507293701172, -29.39048444322939, -29.1089141555438, -27.896686579702095, -29.163964332979933, -23.35270899543803, 0.1494821459054947, 0.2904107868671417, 3.695981740951538, 20.83589744567871, 0.9997829939301528, -0.5036316123355744, -0.661962380063977, -0.6007419988014618, -0.901627520738834, -0.8096674110300487]",[1],J1550.5+0526,fsrq,fsrq,J1550.7+0528,fsrq,J1550.7+0528,fsrq,J1550.7+0528,fsrq,AGN,AGN,AGN,AGN
1278,J1552.0+0850,bll,J1552.1+0852,"[2.0542120933532715, 1.9333122968673706, 1.6678285598754883, 18.619579315185547, -31.989968935058926, -31.671673371937164, -28.28534057106787, -31.721241909079332, -23.788565455950216, 0.13836337625980377, 0.5333626866340637, 2.006709098815918, 9.534316062927246, -0.9969628468646546, 0.9993260498044267, -0.31283880969762606, -0.5362973983634941, -0.7300969768971188, -0.604449698789104]",[1],J1552.1+0852,bll,bll,J1552.0+0850,bll,J1552.0+0850,bll,J1552.0+0850,bll,AGN,AGN,AGN,AGN
1279,J1553.5-3118,bll,J1553.5-3118,"[1.9285252094268799, 1.7775627374649048, 1.55165433883667, 31.110904693603516, -31.84266903190266, -31.541859249127178, -27.715509019384925, -31.625935759904884, -23.210619022957413, 0.1299981027841568, 0.34524333477020264, 4.3004631996154785, 26.173568725585938, 0.9939622798436609, -0.27427104520142315, -0.37348120647400496, -0.43307266544012657, -0.48287689889621455, -0.6783505507383573]",[1],J1553.5-3118,bll,bll,J1553.5-3118,bll,J1553.5-3118,bll,J1553.5-3118,bll,AGN,AGN,AGN,AGN
1280,J1553.6+1257,fsrq,J1553.5+1256,"[2.387721061706543, 2.2780137062072754, 2.0475223064422607, 622.0587768554688, -29.152666332226936, -28.901000182505232, -27.704373088522342, -28.97158368047571, -23.21926403169544, 0.1151011735200882, 1.1356834173202515, 4.230620861053467, 35.224552154541016, -0.3906463752676332, -0.593316503944473, -0.6006220434630752, -0.7463774866292425, -0.8137205472827065, -0.9994981290214189]",[1],J1553.5+1256,fsrq,fsrq,J1553.6+1257,fsrq,J1553.6+1257,fsrq,J1553.6+1257,fsrq,AGN,AGN,AGN,AGN
1281,J1553.6-2422,fsrq,J1553.3-2421,"[2.328629732131958, 2.3085875511169434, 2.2454726696014404, 82.09101104736328, -30.212381270638456, -29.993200942048666, -27.757908401049406, -30.05062101042039, -23.25256910606974, 0.03441324830055237, 0.5116435885429382, 1.2187440395355225, 24.521642684936523, -0.2777161456278294, -0.5270754002306121, -0.6744477522315008, -0.6006143826283652, -0.7807550246022734, -0.6794372835508599]",[1],J1553.3-2421,fsrq,fsrq,J1553.6-2422,fsrq,J1553.6-2422,fsrq,J1553.6-2422,fsrq,AGN,AGN,AGN,AGN
1282,J1555.7+1111,BLL,J1555.7+1111,"[1.6849828958511353, 1.536391258239746, 1.466502070426941, 74.97341918945312, -30.626687476158587, -30.41843859222648, -26.3829850274051, -30.51554172398828, -22.234064894505966, 0.0704704225063324, 0.11690954864025116, 7.774543762207031, 155.36912536621094, 0.9988122796193231, -0.20269643047801975, -0.35446789538124746, -0.23948094429310157, -0.3897905429735827, -0.40510872633077644]",[1],J1555.7+1111,BLL,BLL,J1555.7+1111,BLL,J1555.7+1111,BLL,J1555.7+1111,BLL,AGN,AGN,AGN,AGN
1283,J1557.5-7040,bll,J1557.4-7040,"[2.1132216453552246, 2.0776100158691406, 1.8952988386154175, 7.401666164398193, -32.3214046307098, -32.07893759831233, -28.06242469246992, -32.10208054417441, -23.579375174614945, 0.06889445334672928, 0.061578959226608276, 1.6708340644836426, 16.66073226928711, 0.8900590644989269, 0.8910111870556472, -0.6459454838889127, -0.4218408758499258, -0.660669677352897, -0.6233889854077321]",[1],J1557.4-7040,bcu,bll,J1557.5-7040,bll,J1557.5-7040,bll,J1557.5-7040,bll,AGN,AGN,AGN,AGN
1284,J1558.8+5625,bll,J1558.9+5625,"[2.116008758544922, 2.0542585849761963, 1.8709666728973389, 52.5684928894043, -31.570075645956585, -31.340557483764275, -28.181089285685697, -31.39864836560987, -23.653503307376948, 0.057670433074235916, 0.3917559087276459, 1.805924892425537, 32.850502014160156, 0.992768906335037, -0.6337101824798697, -0.562515667706728, -0.4570419056074939, -0.6312213277890821, -0.9998705652313887]",[1],J1558.9+5625,bll,bll,J1558.8+5625,bll,J1558.8+5625,bll,J1558.8+5625,bll,AGN,AGN,AGN,AGN
1285,J1558.9-6432,bll,J1558.9-6432,"[1.9923961162567139, 1.9733561277389526, 1.950026512145996, 16.78295135498047, -32.22806319505636, -32.0251307922929, -27.73892325713739, -32.14834569486188, -23.25053949532772, 0.022642243653535843, 0.17387424409389496, 1.0256177186965942, 30.918720245361328, -0.14675310379680567, -0.2993430079267764, -0.5130515165356321, -0.5167354086667085, -0.46866499777576953, -0.44949139330935306]",[1],J1558.9-6432,bll,bll,J1558.9-6432,bll,J1558.9-6432,bll,J1558.9-6432,bll,AGN,AGN,AGN,AGN
1286,J1559.8-2525,bcu,J1559.8-2525,"[2.2644143104553223, 2.2615983486175537, 2.3099520206451416, 8.54906940460205, -32.05753751240091, -31.963258426956116, -28.03215885015551, -32.02668596258212, -23.69822880372963, -0.031278956681489944, 0.2559371590614319, 0.5479709506034851, 6.738600730895996, 0.8671611631701514, -0.354813271016539, -0.7264502458373338, -0.6241745035335341, -0.3693268488808599, -0.7956089800469347]",[1],J1559.8-2525,bcu,bcu,J1559.8-2525,bcu,J1559.8-2525,bcu,J1559.8-2525,bcu,AGN,AGN,AGN,AGN
1287,J1559.9+2319,bll,J1559.9+2319,"[2.2375898361206055, 2.226241111755371, 2.129455804824829, 20.046592712402344, -31.519506959805973, -31.30690296585301, -28.1478212890454, -31.373817684478933, -23.69031968025652, 0.023300180211663246, 0.3362596035003662, 0.49515533447265625, 12.858562469482422, -0.9748095316437054, 0.9955911781455241, -0.6413577833242207, -0.6858167454098858, -0.30757990079179953, -0.8914304310115362]",[1],J1559.9+2319,bll,bll,J1559.9+2319,bll,J1559.9+2319,bll,J1559.9+2319,bll,AGN,AGN,AGN,AGN
1288,J1600.0+8510,bcu,J1559.7+8512,"[2.1138975620269775, 2.0827338695526123, 1.9497439861297607, 9.033737182617188, -32.2303937004156, -32.02261861351445, -28.440434279145574, -32.09946986394215, -23.93614151333899, 0.024865135550498962, 0.1671111285686493, 0.4923790991306305, 15.608925819396973, -0.3134260426669882, -0.6818267560637833, -0.550175796553483, -0.4740359203279566, -0.5774766947041158, -0.79721776728849]",[1],J1559.7+8512,bcu,bcu,J1600.0+8510,bcu,J1600.0+8510,bcu,J1600.0+8510,bcu,AGN,AGN,AGN,AGN
1289,J1600.3-5811,bcu,J1600.3-5810,"[2.342885971069336, 2.2986416816711426, 2.0235869884490967, 2.384688138961792, -31.537179909085303, -31.257185399154462, -27.467980153259294, -31.272387354010128, -23.253629375430776, 0.1148720234632492, 0.0, 2.080523729324341, 11.730521202087402, -0.9982065300634184, 0.9998884943087752, -0.6783655617282791, -0.5830039144699714, -0.6711677178902881, -0.8480228782911793]",[1],J1600.3-5810,bcu,bcu,J1600.3-5811,bll,J1600.3-5811,bll,J1600.3-5811,bll,AGN,AGN,AGN,AGN
1290,J1600.9-3054,PSR,J1600.8-3053,"[2.0580570697784424, 1.9734553098678589, 0.7112077474594116, 5.588721752166748, -31.984786168657756, -31.479500402043882, -28.267429319902792, -31.52813105371699, -23.145460339982126, 0.44151273369789124, 0.0, 8.313643455505371, 24.47588539123535, 0.6301166524097596, 0.2555079852406839, -0.19492448691384112, -0.4728948766514385, -0.8929300141756431, -0.7416169998023556]",[0],J1600.8-3053,PSR,PSR,J1600.9-3054,PSR,J1600.9-3054,MSP,J1600.9-3054,MSP,PSR,PSR,PSR,PSR
1291,J1603.8+1104,bll,J1603.7+1106,"[2.185479164123535, 2.169389486312866, 2.0823614597320557, 10.543710708618164, -32.6914403967227, -32.458274291672964, -28.23291457047237, -32.552577189753535, -23.824256084342135, 0.0300031378865242, 0.3398686647415161, 0.4350987672805786, 7.431070327758789, -0.9955119038233542, 0.9923171879600625, -0.6446210727038418, -0.5853990022456993, -0.3759729920033733, -0.7710342292919442]",[1],J1603.7+1106,bll,bll,J1603.8+1104,bll,J1603.8+1104,bll,J1603.8+1104,bll,AGN,AGN,AGN,AGN
1292,J1603.8-4903,bll,J1603.9-4903,"[2.0177323818206787, 1.9491541385650635, 1.804557204246521, 366.39508056640625, -32.24621879766798, -32.005968245775584, -26.82489958375818, -32.07772253309197, -22.29249516962352, 0.05153387784957886, 0.8145268559455872, 2.1955108642578125, 42.695560455322266, 0.9889516840367943, -0.33542865032112446, -0.6548995599600351, -0.4502186613510691, -0.4935735824211451, -0.47274676997469495]",[1],J1603.9-4903,bll,bll,J1603.8-4903,bll,J1603.8-4903,bll,J1603.8-4903,bll,AGN,AGN,AGN,AGN
1293,J1604.5-4441,bll,J1604.4-4442,"[2.415259599685669, 2.391958236694336, 2.293069362640381, 230.9427490234375, -30.37902822630383, -30.172928514720216, -27.070100865708664, -30.195993510171135, -22.861631150210442, 0.07868176698684692, 0.9529626965522766, 2.7444732189178467, 21.928775787353516, -0.3814842416471113, -0.5372677150762224, -0.7204214696183688, -0.5774771361187282, -0.9152107393032922, -0.12539371216749662]",[1],J1604.4-4442,bcu,bll,J1604.5-4441,bll,J1604.5-4441,bll,J1604.5-4441,bll,AGN,AGN,AGN,AGN
1294,J1604.6+5714,fsrq,J1604.6+5714,"[2.428734540939331, 2.3671255111694336, 2.2153782844543457, 76.34093475341797, -28.973557254352755, -28.77241007555772, -27.919709404376896, -28.838412504133505, -23.45655903954088, 0.06825484335422516, 0.26100343465805054, 3.734299898147583, 45.53197479248047, -0.3685755296159945, -0.5660119293158545, -0.7109217887419923, -0.63453653875715, -0.9077469709651288, -0.9999904091870376]",[1],J1604.6+5714,fsrq,fsrq,J1604.6+5714,fsrq,J1604.6+5714,fsrq,J1604.6+5714,fsrq,AGN,AGN,AGN,AGN
1295,J1606.3+5629,bll,J1606.1+5630,"[1.7436822652816772, 1.6557190418243408, 1.4358880519866943, 13.368780136108398, -34.925291163488666, -34.56282051665354, -28.6905157917004, -34.64394736599074, -24.227430632861957, 0.09473488479852676, 0.5557061433792114, 0.9178812503814697, 8.437904357910156, -0.99863716263019, 0.986113382030826, -0.24002295835224008, -0.46413628797349543, -0.09927405586434636, -0.5410978713983151]",[1],J1606.1+5630,bll,bll,J1606.3+5629,bll,J1606.3+5629,bll,J1606.3+5629,bll,AGN,AGN,AGN,AGN
1296,J1607.0+1550,bll,J1607.0+1551,"[2.2588257789611816, 2.138742685317993, 1.9895355701446533, 7.284507751464844, -29.365722021764906, -29.11202245177828, -27.710686731875157, -29.215576972061832, -23.11379986842234, 0.11048734933137894, 0.0, 5.534740447998047, 46.99204635620117, 0.9941526028851213, -0.4635346137716484, -0.6459274579016074, -0.6106882420682016, -0.7501133739524528, -0.8760010113391844]",[1],J1607.0+1551,fsrq,bll,J1607.0+1550,bll,J1607.0+1550,bll,J1607.0+1550,bll,AGN,AGN,AGN,AGN
1297,J1608.0-2038,bcu,J1607.9-2040,"[2.023550271987915, 1.990172266960144, 1.943892240524292, 19.554372787475586, -32.60057201601799, -32.377456035885864, -27.959305259588895, -32.49478422593283, -23.454325031721226, 0.03534170985221863, 0.43215131759643555, 0.7755206227302551, 12.055294036865234, -0.1122243930778444, -0.6284778702607641, -0.5065480770520814, -0.39277540530291644, -0.696365032474787, -0.4043346745126844]",[1],J1607.9-2040,bcu,bcu,J1608.0-2038,bll,J1608.0-2038,bll,J1608.0-2038,bll,AGN,AGN,AGN,AGN
1298,J1608.7+1029,fsrq,J1608.6+1029,"[2.5764739513397217, 2.461554527282715, 2.11755108833313, 202.58554077148438, -28.57999610149006, -28.280810634250642, -27.819944356205713, -28.33823146574439, -23.4140621882503, 0.16128873825073242, 0.7442070245742798, 4.677017688751221, 25.626720428466797, -0.19226441110222303, -0.6387165815827088, -0.7386961829758917, -0.7485933080171963, -0.9382151344804721, -0.9999734811835274]",[1],J1608.6+1029,fsrq,fsrq,J1608.7+1029,fsrq,J1608.7+1029,fsrq,J1608.7+1029,fsrq,AGN,AGN,AGN,AGN
1299,J1610.3-3958,fsrq,J1610.6-3956,"[2.584554672241211, 2.5732131004333496, 2.422438144683838, 31.15911102294922, -29.70225336950938, -29.458070202095545, -27.283959507398848, -29.459587769093933, -23.19026343739992, 0.09194426983594894, 0.4768098294734955, 1.9544928073883057, 12.957723617553711, 0.9706484012795071, -0.643056575438423, -0.7533360121595416, -0.6942249109728836, -0.761488559460766, -0.9999735351788926]",[1],J1610.6-3956,fsrq,fsrq,J1610.3-3958,fsrq,J1610.3-3958,fsrq,J1610.3-3958,fsrq,AGN,AGN,AGN,AGN
1300,J1610.7-6648,bll,J1610.8-6649,"[1.7324467897415161, 1.5498418807983398, 1.3700007200241089, 63.01032257080078, -32.09288786912522, -31.794823163769696, -27.241810795319793, -31.896401645018816, -22.98696290934553, 0.1149565577507019, 0.28319698572158813, 6.424920558929443, 55.17987060546875, 0.8431563903588989, -0.12028662356518786, -0.24998044218450455, -0.3069211499630102, -0.3842460262997197, -0.4155811442343023]",[1],J1610.8-6649,bll,bll,J1610.7-6648,bll,J1610.7-6648,bll,J1610.7-6648,bll,AGN,AGN,AGN,AGN
1301,J1612.4-3100,bcu,J1612.4-3100,"[2.0903117656707764, 1.9299018383026123, 1.6460927724838257, 63.560272216796875, -31.164114536020943, -30.85485965160586, -27.701361307362934, -30.93252781818403, -23.107697454381462, 0.1513928472995758, 0.5625195503234863, 4.258859634399414, 22.834043502807617, 0.9888886760618474, -0.2758541329949692, -0.45198554049686984, -0.4584261117298643, -0.756310522398981, -0.5995452070310707]",[1],J1612.4-3100,bcu,bcu,J1612.4-3100,bll,J1612.4-3100,bll,J1612.4-3100,bll,AGN,AGN,AGN,AGN
1302,J1613.6+3411,fsrq,J1613.8+3410,"[2.4310293197631836, 2.4196386337280273, 2.356478452682495, 53.199466705322266, -29.997873286676068, -29.832579605204785, -28.168773173613882, -29.89744052324645, -23.66021441241998, 0.0192337017506361, 0.35460060834884644, 0.7307794690132141, 26.403600692749023, -0.23910423513966284, -0.6068021875205389, -0.7028769868202069, -0.719509071296696, -0.46811271515324515, -0.999999982078209]",[1],J1613.8+3410,fsrq,fsrq,J1613.6+3411,fsrq,J1613.6+3411,fsrq,J1613.6+3411,fsrq,AGN,AGN,AGN,AGN
1303,J1614.5-2230,PSR,J1614.5-2231,"[2.079740285873413, 1.6886065006256104, 0.1901065558195114, 4.220228672027588, -30.62686467947132, -30.03220985661495, -27.702192651019885, -30.021623540451714, -22.583252215505514, 0.6310442686080933, 0.0, 18.416831970214844, 54.08210754394531, 0.8055885981611374, 0.971168596783922, -0.1459533611970651, -0.6311683099176794, -0.9101293737579603, -0.9700374837644499]",[0],J1614.5-2231,PSR,PSR,J1614.5-2230,PSR,J1614.5-2230,MSP,J1614.5-2230,MSP,PSR,PSR,PSR,PSR
1304,J1615.6+4712,fsrq,J1615.8+4712,"[2.1664204597473145, 2.136747360229492, 2.0567164421081543, 15.912571907043457, -31.9537247925899, -31.772984437285448, -28.399113059605963, -31.849044779922377, -23.899422653850024, 0.04220804199576378, 0.3231087625026703, 0.9800581932067871, 16.98072624206543, 0.995510897242513, -0.39105495782970123, -0.6526902405648216, -0.5258618069523973, -0.5337043817237567, -0.7112347473613944]",[1],J1615.8+4712,fsrq,fsrq,J1615.6+4712,fsrq,J1615.6+4712,fsrq,J1615.6+4712,fsrq,AGN,AGN,AGN,AGN
1305,J1616.6+4630,fsrq,J1616.4+4631,"[2.620074987411499, 2.598637819290161, 2.62908935546875, 29.065227508544922, -30.28510460321547, -29.99350443414148, -28.361378652444902, -30.243558780577654, -24.228234635977238, 0.06677969545125961, 0.8305536508560181, 0.6803427338600159, 5.8423895835876465, -0.6587611520624322, -0.5757056234585681, -0.7962132137705537, -0.8893745711534233, -0.9998624382103, 0.9996388714829334]",[1],J1616.4+4631,fsrq,fsrq,J1616.6+4630,fsrq,J1616.6+4630,fsrq,J1616.6+4630,fsrq,AGN,AGN,AGN,AGN
1306,J1616.7+4107,bll,J1616.8+4111,"[2.3610761165618896, 2.198338747024536, 1.794147253036499, 12.381653785705566, -31.43571687608207, -31.102273670166014, -28.71479204599811, -31.16679098350707, -24.302043128921756, 0.1796742081642151, 0.4141063988208771, 1.451180100440979, 7.439724445343018, -0.7352676059325768, -0.5426946728861618, -0.6280125970424171, -0.6566442826164705, -0.9999676251382627, -0.878418238769785]",[1],J1616.8+4111,bll,bll,J1616.7+4107,bll,J1616.7+4107,bll,J1616.7+4107,bll,AGN,AGN,AGN,AGN
1307,J1617.2-2535,bcu,J1617.3-2519,"[2.4198970794677734, 2.402988910675049, 1.3492306470870972, 19.17703628540039, -31.091258565235435, -30.6631431997904, -27.573046454368985, -30.48095833511418, -23.367695676056908, 0.36972522735595703, 0.8991703391075134, 2.8465821743011475, 4.740824222564697, 0.9981001368185903, 0.6912543093212983, -0.45052355320251236, -0.7903116368525654, -0.9846711965941423, -0.9901670061343176]",[1],J1617.3-2519,bcu,bcu,J1617.2-2535,bcu,J1617.2-2535,bcu,J1617.2-2535,bcu,AGN,AGN,AGN,AGN
1308,J1617.3-5849,fsrq,J1617.4-5846,"[2.606652021408081, 2.52312970161438, 2.0598862171173096, 112.70496368408203, -29.238517431873124, -28.952807602640178, -27.305275360289944, -28.814081166671013, -23.12748311513908, 0.19957326352596283, 0.6881584525108337, 4.4487223625183105, 18.855758666992188, 0.9951725271136668, -0.6228366106239993, -0.7359667720048241, -0.7489783067817963, -0.9026592817766785, -0.999810621549653]",[1],J1617.4-5846,fsrq,fsrq,J1617.3-5849,fsrq,J1617.3-5849,fsrq,J1617.3-5849,fsrq,AGN,AGN,AGN,AGN
1309,J1617.9-7718,fsrq,J1617.7-7717,"[2.6111021041870117, 2.559993028640747, 2.3638253211975098, 250.67881774902344, -28.529344757919308, -28.2543506768863, -27.64136229204198, -28.315316592747063, -23.33663965502624, 0.10974070429801941, 0.5566648840904236, 4.3775129318237305, 33.398799896240234, -0.38224414753997016, -0.6433531086425267, -0.7687396514459376, -0.7699122457895091, -0.7260354772892007, -0.9999824061090462]",[1],J1617.7-7717,fsrq,fsrq,J1617.9-7718,fsrq,J1617.9-7718,fsrq,J1617.9-7718,fsrq,AGN,AGN,AGN,AGN
1310,J1618.0+5139,fsrq,J1617.8+5137,"[2.61600399017334, 2.328127861022949, 1.598408818244934, 81.12737274169922, -29.644533953858357, -29.242135678585502, -28.502280337605917, -29.252734953557844, -24.17239558881542, 0.33417436480522156, 1.0216823816299438, 2.6283226013183594, 8.718266487121582, -0.6035516692201746, -0.5544431342168767, -0.7470250877267383, -0.9563166829957097, -0.3266444462573496, -0.9997693363419156]",[1],J1617.8+5137,fsrq,fsrq,J1618.0+5139,fsrq,J1618.0+5139,fsrq,J1618.0+5139,fsrq,AGN,AGN,AGN,AGN
1311,J1620.7-4927,PSR,J1620.8-4928,"[2.300943374633789, 2.1738927364349365, 0.8237558603286743, 4.695435047149658, -30.635724849180846, -30.180848610244126, -25.974853020652493, -30.151863681412767, -21.18978261912145, 0.510649561882019, 0.0, 20.499652862548828, 65.22325897216797, 0.8545125153869385, -0.4013307047391723, -0.3378798529198911, -0.4918266696369643, -0.8816242897531883, -0.9859455842037674]",[0],J1620.8-4928,PSR,PSR,J1620.7-4927,PSR,J1620.7-4927,PSR,J1620.7-4927,PSR,PSR,PSR,PSR,PSR
1312,J1623.0-0315,PSR,J1622.9-0312,"[2.295132875442505, 2.1283810138702393, 1.6330631971359253, 4.9689555168151855, -30.623487774767806, -30.297032887095014, -27.966163415663146, -30.324487528490316, -23.197789262315514, 0.20382565259933472, 0.0, 3.8674869537353516, 19.710330963134766, 0.5759077483846406, -0.5049354285428418, -0.4705799920949834, -0.5878441390092399, -0.9368900442699418, -0.9995932699911784]",[0],J1622.9-0312,psr,PSR,J1623.0-0315,PSR,J1623.0-0315,MSP,J1623.0-0315,MSP,AGN,AGN,AGN,AGN
1313,J1624.6+5651,bll,J1625.0+5651,"[2.2462472915649414, 2.2387301921844482, 2.1821348667144775, 8.571757316589355, -32.0964251345685, -31.953783992254518, -28.653725477301844, -32.01499791202134, -24.214982174484554, 0.009681408293545246, 0.21322007477283478, 0.1789022535085678, 9.19698715209961, -0.9961088628194233, 0.9468233099512857, -0.7970235664358921, -0.44770374862970846, -0.5382313363930873, -0.7362938454291572]",[1],J1625.0+5651,bll,bll,J1624.6+5651,bll,J1624.6+5651,bll,J1624.6+5651,bll,AGN,AGN,AGN,AGN
1314,J1625.7-2527,fsrq,J1625.7-2527,"[2.34371280670166, 2.268301010131836, 1.9349488019943237, 1320.77685546875, -29.60176178567104, -29.292751964173608, -26.77544043238353, -29.346067339993287, -22.419479653609752, 0.1616634875535965, 1.0734426975250244, 9.29354190826416, 50.72370529174805, -0.2251659200529417, -0.5427942672493483, -0.6226430717141977, -0.6603158704356963, -0.8088162997191408, -0.8384646230857772]",[1],J1625.7-2527,fsrq,fsrq,J1625.7-2527,fsrq,J1625.7-2527,fsrq,J1625.7-2527,fsrq,AGN,AGN,AGN,AGN
1315,J1625.7+4134,fsrq,J1625.9+4125,"[2.50933575630188, 2.2916741371154785, 1.9491322040557861, 29.207611083984375, -29.417251213119503, -29.132020323536022, -28.22049791138656, -29.21051195691645, -23.806262264756658, 0.20652897655963898, 0.3445618152618408, 3.4235939979553223, 18.860828399658203, -0.22581015184534076, -0.457003786185299, -0.6941581641776252, -0.7299370795813684, -0.9999670786495584, -0.43201046851549535]",[1],J1625.9+4125,fsrq,fsrq,J1625.7+4134,fsrq,J1625.7+4134,fsrq,J1625.7+4134,fsrq,AGN,AGN,AGN,AGN
1316,J1626.0-2950,FSRQ,J1626.0-2951,"[2.5494134426116943, 2.472597122192383, 2.269087791442871, 376.0274658203125, -28.31201792816756, -28.03721144272266, -27.195483923527938, -28.084329574488702, -22.84164969267905, 0.11613158136606216, 0.6033605933189392, 5.425793647766113, 45.05714797973633, -0.15906238918165766, -0.6094090103248836, -0.7346415965506302, -0.7718129065313086, -0.7860516914563889, -0.5533410762236689]",[1],J1626.0-2951,FSRQ,FSRQ,J1626.0-2950,FSRQ,J1626.0-2950,FSRQ,J1626.0-2950,FSRQ,AGN,AGN,AGN,AGN
1317,J1626.3+3514,bll,J1626.1+3512,"[1.744422435760498, 1.528772234916687, 0.9738674163818359, 5.661043643951416, -34.42279856422527, -33.92214886300977, -28.619480751836335, -33.97781960607043, -24.26305481980938, 0.23530544340610504, 0.0, 2.2298593521118164, 8.142239570617676, 0.338115799389615, -0.9655469674153611, 0.6679268225564913, -0.303960253129804, -0.5815592057634408, -0.32526772637467377]",[1],J1626.1+3512,bll,bll,J1626.3+3514,bll,J1626.3+3514,bll,J1626.3+3514,bll,AGN,AGN,AGN,AGN
1318,J1626.6-7639,bll,J1626.4-7640,"[2.1032803058624268, 2.0969178676605225, 2.0283424854278564, 18.582128524780273, -32.88721648445137, -32.74214625807895, -28.200010616209852, -32.80412850728048, -23.728632032583743, 0.0059827049262821674, 0.4816269278526306, 0.12034159898757935, 12.034323692321777, 0.8708099925659872, -0.15512755902998243, -0.7212427970491999, -0.45298613115672676, -0.661874644756673, -0.31788396039785183]",[1],J1626.4-7640,bcu,bll,J1626.6-7639,bll,J1626.6-7639,bll,J1626.6-7639,bll,AGN,AGN,AGN,AGN
1319,J1628.1-3204,PSR,J1628.0-3203,"[2.398587703704834, 2.330026149749756, 0.9177758693695068, 2.0285463333129883, -30.54012761730595, -30.021632494162176, -27.889145635038055, -30.17244733020008, -22.95999887588315, 0.47333019971847534, 0.0, 7.775139808654785, 20.3525390625, 0.21083880317806447, -0.4187905318904281, -0.4536679370491257, -0.7971178509848841, -0.9604748783292603, -0.9999133376045246]",[0],J1628.0-3203,psr,PSR,J1628.1-3204,PSR,J1628.1-3204,MSP,J1628.1-3204,MSP,PSR,PSR,PSR,PSR
1320,J1628.6+7706,bll,J1628.2+7703,"[2.048469066619873, 1.9198110103607178, 1.7926701307296753, 206.5442352294922, -31.15561870105379, -30.939423178645658, -28.065228850508987, -31.013331062225923, -23.6455373912311, 0.09151550382375717, 0.8505464196205139, 3.086642265319824, 31.34693145751953, 0.9999810755627749, -0.3196085306529842, -0.5217734142289502, -0.5104823607576799, -0.6219961221741047, -0.6171794043738154]",[1],J1628.2+7703,bcu,bll,J1628.6+7706,bll,J1628.6+7706,bll,J1628.6+7706,bll,AGN,AGN,AGN,AGN
1321,J1630.6+8234,rdg,J1630.6+8232,"[2.3520889282226562, 2.2293641567230225, 2.024437665939331, 3.1752209663391113, -29.465323638984703, -29.233915185139978, -28.03299191222826, -29.29621079239752, -23.522251205864094, 0.10580864548683167, 0.0, 4.113896369934082, 36.497501373291016, -0.06759664189678662, -0.47626167975119266, -0.6339144008058305, -0.7023445124301497, -0.8486345012902828, -0.8202221973506911]",[1],J1630.6+8232,rdg,rdg,J1630.6+8234,rdg,J1630.6+8234,rdg,J1630.6+8234,rdg,AGN,AGN,AGN,AGN
1322,J1630.7+5221,bll,J1630.7+5222,"[2.037717342376709, 1.969857931137085, 1.819108247756958, 15.649286270141602, -31.503941906619172, -31.242038245377316, -28.089929053474417, -31.319153715733822, -23.610533322298807, 0.06964122503995895, 0.14427825808525085, 2.5852043628692627, 34.495933532714844, -0.21270822302613426, -0.5655847146140603, -0.5054510810563246, -0.5065058787825065, -0.5485476533158536, -0.7056341315196311]",[1],J1630.7+5222,bll,bll,J1630.7+5221,bll,J1630.7+5221,bll,J1630.7+5221,bll,AGN,AGN,AGN,AGN
1323,J1631.2+1046,bcu,J1630.8+1047,"[2.597724437713623, 2.513451337814331, 2.168403387069702, 5.576014041900635, -29.421651704754428, -29.08817401345562, -28.056018289166314, -29.133587975376486, -23.7643415359767, 0.1590101271867752, 0.0, 2.3025107383728027, 9.701693534851074, -0.11886213804192731, -0.6086791728856519, -0.7716226286761725, -0.6326679394286706, -0.9105467776683803, -0.999888093663443]",[1],J1630.8+1047,bcu,bcu,J1631.2+1046,bcu,J1631.2+1046,bcu,J1631.2+1046,bcu,AGN,AGN,AGN,AGN
1324,J1635.2+3808,FSRQ,J1635.2+3809,"[2.4068052768707275, 2.470144748687744, 2.0368752479553223, 4745.3525390625, -29.010941000008177, -28.715820238331222, -26.777202705536734, -28.68991441290436, -22.358198129542323, 0.13071778416633606, 0.7117589116096497, 20.120376586914062, 154.09010314941406, -0.23387242974151837, -0.539514552807659, -0.700796313506025, -0.7356805087374579, -0.8608881971531541, -0.9999997547684006]",[1],J1635.2+3809,FSRQ,FSRQ,J1635.2+3808,FSRQ,J1635.2+3808,FSRQ,J1635.2+3808,FSRQ,AGN,AGN,AGN,AGN
1325,J1636.7+2627,bll,J1636.7+2624,"[2.2350616455078125, 2.1495823860168457, 1.9166134595870972, 1.8707916736602783, -31.595828984302084, -31.283953065624452, -28.40963164994023, -31.370681531561768, -23.92614816012392, 0.11558074504137039, 0.0, 1.5952109098434448, 10.086313247680664, 0.6881007672732131, -0.5277308746197396, -0.5941719957834781, -0.5868215803441202, -0.6427702266836539, -0.9717949021818924]",[1],J1636.7+2624,bcu,bll,J1636.7+2627,bll,J1636.7+2627,bll,J1636.7+2627,bll,AGN,AGN,AGN,AGN
1326,J1637.1+1316,bll,J1637.1+1314,"[2.2854838371276855, 2.233290433883667, 1.991625428199768, 5.677158832550049, -32.02326889754559, -31.825496774691313, -28.289804273679973, -31.837744677973646, -23.94064026273558, 0.0692722350358963, 0.0, 0.7023684978485107, 4.9425458908081055, 0.9949239353292026, -0.5435974764184941, -0.737989039871121, -0.19803358125069903, -0.883022028995054, -0.999985880352491]",[1],J1637.1+1314,bll,bll,J1637.1+1316,bll,J1637.1+1316,bll,J1637.1+1316,bll,AGN,AGN,AGN,AGN
1327,J1637.7+4717,fsrq,J1637.7+4715,"[2.4105544090270996, 2.3304128646850586, 2.196641206741333, 540.7146606445312, -29.044117545209787, -28.841537067282815, -27.934554295685917, -28.91802516236278, -23.454648649390336, 0.08007286489009857, 0.8073341250419617, 3.64848256111145, 42.169124603271484, -0.1736310831270381, -0.5989546325534011, -0.6849774274867884, -0.6733602483168818, -0.7753168824987896, -0.8165781108711355]",[1],J1637.7+4715,fsrq,fsrq,J1637.7+4717,fsrq,J1637.7+4717,fsrq,J1637.7+4717,fsrq,AGN,AGN,AGN,AGN
1328,J1637.7+7326,bll,J1637.8+7325,"[1.9390404224395752, 1.7597554922103882, 1.6629323959350586, 21.520095825195312, -34.069565766869545, -33.69414607988065, -28.9143129991208, -33.857172558297925, -24.404616127446914, 0.1512233167886734, 1.0026748180389404, 1.0846697092056274, 5.825215816497803, -0.9398002561104974, 0.99114933593995, -0.49081517622841503, -0.13064879021848855, -0.8149549503794902, 0.1255783499206214]",[1],J1637.8+7325,bll,bll,J1637.7+7326,bll,J1637.7+7326,bll,J1637.7+7326,bll,AGN,AGN,AGN,AGN
1329,J1637.8-3449,bll,J1637.6-3449,"[1.8890712261199951, 1.7372514009475708, 1.5887752771377563, 20.339033126831055, -32.29975166857817, -32.052041364027495, -27.507226819406018, -32.14416883715015, -23.035086776551964, 0.10210935026407242, 0.31750839948654175, 3.0441482067108154, 24.285200119018555, 0.09292090954957312, -0.7106262486655857, -0.24367901195984312, -0.31419487088548154, -0.5337426008733931, -0.4263524523062865]",[1],J1637.6-3449,bcu,bll,J1637.8-3449,bll,J1637.8-3449,bll,J1637.8-3449,bll,AGN,AGN,AGN,AGN
1330,J1638.1+5721,fsrq,J1637.9+5719,"[2.6423184871673584, 2.6043856143951416, 2.457589626312256, 51.507896423339844, -29.561332898066077, -29.30708783773114, -28.456080896243545, -29.38136899718917, -24.149840193081506, 0.0733918622136116, 0.5565112233161926, 1.4787876605987549, 14.976102828979492, 0.24701067714281952, -0.7488027953949684, -0.710525522957577, -0.8199262461208275, -0.6035967842747625, -0.9999526039657134]",[1],J1637.9+5719,fsrq,fsrq,J1638.1+5721,fsrq,J1638.1+5721,fsrq,J1638.1+5721,fsrq,AGN,AGN,AGN,AGN
1331,J1639.2+4129,fsrq,J1639.8+4125,"[2.5231549739837646, 2.402719259262085, 1.9305343627929688, 23.29009437561035, -30.69151261025046, -30.336963158778335, -28.309128720761965, -30.393077616508023, -24.086420479749442, 0.21039164066314697, 0.4996717572212219, 2.3129451274871826, 11.94182300567627, 0.9990931791936345, -0.5916767432227268, -0.6403720414265751, -0.8294207766696573, -0.7101898894513996, -0.9965278635567877]",[1],J1639.8+4125,fsrq,fsrq,J1639.2+4129,fsrq,J1639.2+4129,fsrq,J1639.2+4129,fsrq,AGN,AGN,AGN,AGN
1332,J1640.4+3945,FSRQ,J1640.6+3945,"[2.3957953453063965, 2.3626227378845215, 2.170020818710327, 340.64080810546875, -30.515953126414846, -30.363328099710152, -27.340280857357065, -30.35401981546061, -23.079707803560282, 0.06037776172161102, 0.7887921333312988, 2.321732997894287, 38.87662887573242, -0.5198699141149719, -0.6912158811484862, -0.639968284939955, -0.6593830453595985, -0.7460422224514948, -0.9500456302098592]",[1],J1640.6+3945,FSRQ,FSRQ,J1640.4+3945,FSRQ,J1640.4+3945,FSRQ,J1640.4+3945,FSRQ,AGN,AGN,AGN,AGN
1333,J1640.9+1143,bcu,J1640.9+1142,"[2.2806832790374756, 2.276745557785034, 2.286039113998413, 8.75843620300293, -31.52409566226561, -31.35000428955574, -28.237260921961113, -31.488035139612133, -23.81733175452798, 0.013219824992120266, 0.18502065539360046, 0.27498719096183777, 8.794537544250488, -0.9190048636194326, 0.05428579447249569, -0.732614774080791, -0.5471978440929838, -0.7549877664129072, -0.0013383626378340504]",[1],J1640.9+1142,bcu,bcu,J1640.9+1143,bll,J1640.9+1143,bll,J1640.9+1143,bll,AGN,AGN,AGN,AGN
1334,J1641.9-0621,bll,J1641.8-0619,"[2.342254877090454, 2.2312045097351074, 1.914951205253601, 42.34035110473633, -30.661965961548308, -30.369012442323367, -27.56431662316801, -30.413179223332644, -23.197681233068405, 0.13696806132793427, 0.4175879955291748, 2.516470432281494, 15.63942813873291, -0.4722945192242142, 0.23673465423856313, -0.5623180403983093, -0.568164092272253, -0.8505694548998882, -0.9994859309488148]",[1],J1641.8-0619,bll,bll,J1641.9-0621,bll,J1641.9-0621,bll,J1641.9-0621,bll,AGN,AGN,AGN,AGN
1335,J1642.9+3948,FSRQ,J1642.9+3950,"[2.3822085857391357, 2.3667218685150146, 2.3019638061523438, 169.02410888671875, -30.553145933937856, -30.425920396265578, -27.391592857032194, -30.463714222942116, -23.10456191994769, 0.03761044517159462, 0.5655819177627563, 1.6011089086532593, 37.38095474243164, 0.2458016571282139, -0.5480045304490506, -0.7003532144302254, -0.6668441811586446, -0.7324388526013066, -0.3789763177349415]",[1],J1642.9+3950,FSRQ,FSRQ,J1642.9+3948,FSRQ,J1642.9+3948,FSRQ,J1642.9+3948,FSRQ,AGN,AGN,AGN,AGN
1336,J1645.6+6329,fsrq,J1645.9+6336,"[2.594122886657715, 2.5267395973205566, 2.244499444961548, 63.41712188720703, -29.66219445497573, -29.380436042584552, -28.45464567215511, -29.43411604045897, -24.081443717325627, 0.1120147854089737, 0.6079897284507751, 2.1934430599212646, 15.564552307128906, 0.144466068466382, -0.6695417566583768, -0.7109090273338249, -0.9041425978620345, -0.4459965991547339, -0.9999455301779333]",[1],J1645.9+6336,fsrq,fsrq,J1645.6+6329,fsrq,J1645.6+6329,fsrq,J1645.6+6329,fsrq,AGN,AGN,AGN,AGN
1337,J1647.4-6438,bcu,J1647.1-6438,"[2.3013648986816406, 2.2804508209228516, 2.223015546798706, 34.50808334350586, -31.211789929267848, -30.968233365486608, -27.96687749171036, -31.08656408758921, -23.567461232300843, 0.0558193065226078, 0.45559632778167725, 1.460044503211975, 16.626327514648438, -0.3820108922782755, -0.35328560783999474, -0.6654361702584463, -0.6485759305910808, -0.776084359190545, -0.13622718378859253]",[1],J1647.1-6438,bcu,bcu,J1647.4-6438,bcu,J1647.4-6438,bll,J1647.4-6438,bll,AGN,AGN,AGN,AGN
1338,J1647.5+4950,bll,J1647.4+4950,"[2.397568702697754, 2.387622117996216, 2.3696396350860596, 91.74762725830078, -29.895082003874474, -29.724242401184828, -28.15977295827756, -29.8357395221481, -23.577628098680034, 0.016465384513139725, 0.36219507455825806, 0.7216424942016602, 37.18974685668945, -0.2027109369846169, -0.6138005592128216, -0.7165171502779805, -0.6175452539056625, -0.6543103211167821, -0.6622858427496217]",[1],J1647.4+4950,bcu,bll,J1647.5+4950,bll,J1647.5+4950,bll,J1647.5+4950,bll,AGN,AGN,AGN,AGN
1339,J1648.4-4611,PSR,J1648.3-4611,"[2.353858232498169, 2.2918941974639893, 0.5008038282394409, 7.012845039367676, -31.180157044413956, -30.745860833720318, -26.795284984599977, -30.797943399557507, -21.619749668245454, 0.6457095742225647, 0.0, 10.42399787902832, 27.628419876098633, 0.5022322731969661, -0.1454972004707582, -0.07907290675025123, -0.5133718680438664, -0.8819705894046791, -0.9987808171930854]",[0],J1648.3-4611,PSR,PSR,J1648.4-4611,PSR,J1648.4-4611,PSR,J1648.4-4611,PSR,PSR,PSR,PSR,PSR
1340,J1649.4+5235,bll,J1649.4+5238,"[2.0905098915100098, 2.0547754764556885, 1.9478214979171753, 102.74259185791016, -31.350025170007576, -31.12434195788686, -28.144516846287445, -31.212608095386965, -23.623971499675697, 0.041364848613739014, 0.504376232624054, 1.7552831172943115, 32.94138717651367, -0.41368958561098285, -0.4649624120812736, -0.5908603543096969, -0.45624761024247457, -0.618249428032977, -0.6486623948500291]",[1],J1649.4+5238,bll,bll,J1649.4+5235,bll,J1649.4+5235,bll,J1649.4+5235,bll,AGN,AGN,AGN,AGN
1341,J1650.3-5045,bcu,J1650.2-5044,"[2.3183460235595703, 2.29563307762146, 2.1863176822662354, 259.40472412109375, -30.73777473076136, -30.516973994521692, -27.053882248144188, -30.581192387467002, -22.758397120897303, 0.05431348457932472, 0.6781544089317322, 2.479848623275757, 34.532073974609375, 0.7433528973088097, -0.6135881133023017, -0.685939964350389, -0.5956058272895155, -0.6692083078201653, -0.6633937748878227]",[1],J1650.2-5044,bcu,bcu,J1650.3-5045,bll,J1650.3-5045,bll,J1650.3-5045,bll,AGN,AGN,AGN,AGN
1342,J1650.7+0831,fsrq,J1650.8+0830,"[2.6740119457244873, 2.5742485523223877, 2.276780843734741, 41.25404357910156, -28.68176212510579, -28.397550604261518, -27.96497462274698, -28.469270192691496, -23.648142060705663, 0.13442260026931763, 0.6625343561172485, 1.9614806175231934, 10.250505447387695, -0.17981782109543562, -0.7194158294927251, -0.7067110533784577, -0.7966040680457777, -0.9999817487920974, 0.6433475431102302]",[1],J1650.8+0830,fsrq,fsrq,J1650.7+0831,fsrq,J1650.7+0831,fsrq,J1650.7+0831,fsrq,AGN,AGN,AGN,AGN
1343,J1651.6+7219,bll,J1651.6+7219,"[1.9778854846954346, 2.0458767414093018, 2.0153119564056396, 15.38645076751709, -33.336734313030384, -33.294370328204366, -28.576886648182942, -33.3136894857203, -24.07658168559107, -0.05776697397232056, 0.3660092055797577, 1.5389820337295532, 13.435413360595703, 0.9999988198534099, -0.5777597167825269, -0.6486432958187938, -0.6492232485118353, -0.24598591585451904, -0.0926070309513321]",[1],J1651.6+7219,bll,bll,J1651.6+7219,bll,J1651.6+7219,bll,J1651.6+7219,bll,AGN,AGN,AGN,AGN
1344,J1653.8+3945,BLL,J1653.9+3945,"[1.7499679327011108, 1.7087864875793457, 1.698290228843689, 292.8506164550781, -30.312054909685177, -30.204256541075555, -26.575572632477915, -30.276292059282934, -22.390225091298714, 0.01838514395058155, 0.251743882894516, 2.5717334747314453, 153.5454864501953, 0.08170917523732878, -0.3208652134218583, -0.4391371248610486, -0.3431040097422852, -0.46727105096051225, -0.2229366792564147]",[1],J1653.9+3945,BLL,BLL,J1653.8+3945,BLL,J1653.8+3945,BLL,J1653.8+3945,BLL,AGN,AGN,AGN,AGN
1345,J1656.0+2047,bcu,J1656.0+2044,"[2.4515199661254883, 2.3122293949127197, 1.939902901649475, 27.312108993530273, -30.169558640611022, -29.80109436792944, -28.222637746441986, -29.898111559650836, -23.79784085933692, 0.18497614562511444, 0.43981003761291504, 2.397426128387451, 11.269110679626465, -0.5311108926340569, -0.5515294888423392, -0.6721961936889022, -0.7201145517579941, -0.8982914484659924, -0.9993075972532768]",[1],J1656.0+2044,bcu,bcu,J1656.0+2047,bcu,J1656.0+2047,bcu,J1656.0+2047,bcu,AGN,AGN,AGN,AGN
1346,J1656.3-3301,fsrq,J1656.2-3303,"[2.812189817428589, 2.842860698699951, 2.275660753250122, 98.32190704345703, -28.574921292905128, -28.258870225114258, -27.028836770360765, -27.73506517276152, -22.974519257793514, 0.22676627337932587, 0.6196576952934265, 3.5990970134735107, 16.112627029418945, -0.4823061788439952, -0.672375754472041, -0.8441361866338901, -0.7447563309957828, -0.9218292227352556, -0.9997185615298079]",[1],J1656.2-3303,fsrq,fsrq,J1656.3-3301,fsrq,J1656.3-3301,fsrq,J1656.3-3301,fsrq,AGN,AGN,AGN,AGN
1347,J1656.9-2010,bll,J1656.8-2010,"[1.9242663383483887, 1.8572990894317627, 1.6279810667037964, 18.05645751953125, -32.742934134160635, -32.45331345797295, -27.784422427076336, -32.493288710582455, -23.307066377685953, 0.08760026842355728, 0.38386696577072144, 2.323906660079956, 16.72446060180664, 0.9921801961641996, 0.9074144850697714, -0.5209997607278495, -0.490551380614166, -0.36417013505034196, -0.6033580873990972]",[1],J1656.8-2010,bcu,bll,J1656.9-2010,bll,J1656.9-2010,bll,J1656.9-2010,bll,AGN,AGN,AGN,AGN
1348,J1657.0+6010,fsrq,J1656.9+6008,"[2.4534034729003906, 2.442125082015991, 2.3865787982940674, 18.96390724182129, -30.72968310911278, -30.56334881630112, -28.525037027010864, -30.630913730429228, -24.1341765926333, 0.020950423553586006, 0.3827546536922455, 0.37867262959480286, 10.852605819702148, -0.06450267495048087, -0.6503632885452266, -0.6849549830192173, -0.6442714599609853, -0.7080028894512923, -0.9999790260285738]",[1],J1656.9+6008,fsrq,fsrq,J1657.0+6010,fsrq,J1657.0+6010,fsrq,J1657.0+6010,fsrq,AGN,AGN,AGN,AGN
1349,J1657.7+4808,fsrq,J1657.7+4807,"[2.4127469062805176, 2.321969985961914, 2.212050676345825, 190.56845092773438, -28.82135408939809, -28.61651230565556, -27.942811469681075, -28.70649500907503, -23.408634732321655, 0.08476175367832184, 0.4390389025211334, 4.018986225128174, 46.534603118896484, -0.10708932835264086, -0.570815274585175, -0.7066561681373779, -0.680126737852763, -0.7530309594360125, -0.8319133097442484]",[1],J1657.7+4807,fsrq,fsrq,J1657.7+4808,fsrq,J1657.7+4808,fsrq,J1657.7+4808,fsrq,AGN,AGN,AGN,AGN
1350,J1658.4+6150,bll,J1658.3+6149,"[2.1330373287200928, 2.0534956455230713, 1.5748496055603027, 5.707642078399658, -32.59172429243587, -32.2685849872184, -28.743018953958785, -32.29525340219076, -24.249671778180847, 0.12159612774848938, 0.0, 1.1889307498931885, 7.736248970031738, 0.9703838542614879, -0.584172544724385, -0.451759880781238, -0.44038740785304403, -0.7915017238108969, -0.9999857493448115]",[1],J1658.3+6149,bll,bll,J1658.4+6150,bll,J1658.4+6150,bll,J1658.4+6150,bll,AGN,AGN,AGN,AGN
1351,J1658.6-5323,PSR,J1658.4-5323,"[2.470485210418701, 2.3916513919830322, 0.8853404521942139, 11.767786979675293, -29.949766644721077, -29.55684849598041, -27.49074029047057, -29.51108688819731, -22.782869512148157, 0.5260023474693298, 0.0919678583741188, 11.900634765625, 32.49992370605469, 0.3037051970193212, 0.12370811714573324, -0.5988521503520319, -0.8293025976864031, -0.9999993836071672, 0.1143165427449298]",[0],J1658.4-5323,PSR,PSR,J1658.6-5323,PSR,J1658.6-5323,MSP,J1658.6-5323,MSP,PSR,PSR,PSR,PSR
1352,J1659.0+2627,fsrq,J1659.4+2631,"[2.6291518211364746, 2.6255059242248535, 2.6428802013397217, 10.048968315124512, -29.78343610122424, -29.864573299032756, -28.191141121203543, -29.785707440158657, -24.00729257568405, 0.06037340685725212, 0.18396613001823425, 0.5403038263320923, 5.573022365570068, 0.16892673110945733, -0.7392332574214859, -0.8159810180992881, -0.7640187051008759, -0.6475359311728279, -0.2593584547155113]",[1],J1659.4+2631,fsrq,fsrq,J1659.0+2627,fsrq,J1659.0+2627,fsrq,J1659.0+2627,fsrq,AGN,AGN,AGN,AGN
1353,J1659.7-3131,bcu,J1659.7-3132,"[2.326233148574829, 2.2769851684570312, 1.9460018873214722, 22.28453826904297, -31.291981263993378, -31.024333886596835, -27.459223385412944, -31.04406069291626, -23.189484539181386, 0.11461690068244934, 0.33946797251701355, 2.321115493774414, 13.951040267944336, 0.9969296489658052, -0.6163236496848822, -0.6942665344220427, -0.5037839673261811, -0.677972025402173, -0.9999969035691837]",[1],J1659.7-3132,bcu,bcu,J1659.7-3131,bcu,J1659.7-3131,bcu,J1659.7-3131,bcu,AGN,AGN,AGN,AGN
1354,J1700.0+6830,fsrq,J1700.1+6829,"[2.3737690448760986, 2.2862770557403564, 2.1297550201416016, 710.6629638671875, -28.972646081500173, -28.747119795220307, -27.71946178667156, -28.80249716574315, -23.223468230766507, 0.09143797308206558, 0.5584067702293396, 6.315710544586182, 71.33861541748047, -0.3449892812421358, -0.5542518571663214, -0.6649372931798996, -0.6932076554114894, -0.8332681450721438, -0.7606318059765073]",[1],J1700.1+6829,fsrq,fsrq,J1700.0+6830,fsrq,J1700.0+6830,fsrq,J1700.0+6830,fsrq,AGN,AGN,AGN,AGN
1355,J1702.6+3114,bll,J1702.6+3116,"[1.8331172466278076, 1.7296781539916992, 1.5572670698165894, 8.593761444091797, -33.47076685864877, -33.182060755876954, -28.30914420714631, -33.27966247787771, -23.926416397194163, 0.07560481131076813, 0.14162792265415192, 1.371507167816162, 14.104948043823242, 0.9995671017766885, -0.7632866280886627, -0.4730228846284632, -0.20460164570854653, -0.42646636865014326, -0.5467934131919719]",[1],J1702.6+3116,bll,bll,J1702.6+3114,bll,J1702.6+3114,bll,J1702.6+3114,bll,AGN,AGN,AGN,AGN
1356,J1703.6-6213,fsrq,J1703.6-6211,"[2.407457113265991, 2.299496650695801, 1.999523639678955, 398.45233154296875, -29.127534864342582, -28.827984999468214, -27.387583667567952, -28.891522863514936, -22.93889221297305, 0.14925944805145264, 0.5763248205184937, 7.568287372589111, 50.36044692993164, 0.1302205634744039, -0.4966314093386024, -0.6809443327632905, -0.685773850355002, -0.8303604863002984, -0.9993365465298741]",[1],J1703.6-6211,fsrq,fsrq,J1703.6-6213,fsrq,J1703.6-6213,fsrq,J1703.6-6213,fsrq,AGN,AGN,AGN,AGN
1357,J1704.1+7647,bcu,J1704.0+7646,"[2.6057350635528564, 2.6018755435943604, 2.5425331592559814, 201.3429412841797, -29.846230567434844, -29.71300009232845, -28.22432954531885, -29.732454304165632, -23.938015735964214, 0.006651435047388077, 0.8538811802864075, 0.18620125949382782, 21.668916702270508, -0.27824945081520996, -0.6843340309061078, -0.7714530087827947, -0.610869144554628, -0.8536040652338408, -0.8580256329889397]",[1],J1704.0+7646,bcu,bcu,J1704.1+7647,bcu,J1704.1+7647,bcu,J1704.1+7647,bcu,AGN,AGN,AGN,AGN
1358,J1705.0+7134,bll,J1705.5+7134,"[2.4630846977233887, 2.4473626613616943, 2.1713218688964844, 9.970486640930176, -31.120876665827605, -30.953354158741664, -28.57711979610889, -30.973553574477002, -24.284990852038742, 0.013221591711044312, 0.356001079082489, 0.1617768257856369, 7.2319464683532715, 0.9999896329485893, -0.5973903138727984, -0.6455469069999389, -0.5122788568036837, -0.8634086515208386, -0.9979869908929615]",[1],J1705.5+7134,bll,bll,J1705.0+7134,bll,J1705.0+7134,bll,J1705.0+7134,bll,AGN,AGN,AGN,AGN
1359,J1709.7-4429,PSR,J1709.7-4429,"[2.2221620082855225, 2.0845751762390137, 1.0475492477416992, 6.976223468780518, -28.42533187084688, -27.85644362987863, -25.37420955996593, -27.88758342741728, -20.59104607559682, 0.2756417393684387, 0.0038127456791698933, 74.06765747070312, 374.42266845703125, 0.03369904783951603, -0.2535734949958674, -0.49267359120128745, -0.6226104113543645, -0.8643518337402606, -0.9487541788408267]",[0],J1709.7-4429,PSR,PSR,J1709.7-4429,PSR,J1709.7-4429,PSR,J1709.7-4429,PSR,PSR,PSR,PSR,PSR
1360,J1709.7+4318,fsrq,J1709.6+4318,"[2.3232734203338623, 2.2246458530426025, 2.0890233516693115, 1300.8731689453125, -28.9359536193468, -28.700861795306217, -27.68143743973975, -28.784227537316717, -23.120667675445375, 0.09509678184986115, 0.9346542358398438, 5.958433628082275, 67.55137634277344, -0.11331710091938414, -0.501289051622984, -0.6701950393315059, -0.6577958035436561, -0.8084385259942072, -0.703997969180693]",[1],J1709.6+4318,fsrq,fsrq,J1709.7+4318,fsrq,J1709.7+4318,fsrq,J1709.7+4318,fsrq,AGN,AGN,AGN,AGN
1361,J1711.6-5027,bcu,J1711.5-5029,"[2.4795894622802734, 2.485626459121704, 2.328348398208618, 11.474457740783691, -30.822633243864693, -30.613815250122325, -27.363505723418108, -30.603625641022578, -23.283944314297074, 0.08574863523244858, 0.29031163454055786, 1.6387001276016235, 10.012938499450684, 0.1144976495186912, -0.5454384845869363, -0.8012799947883671, -0.5922426728229493, -0.8312814897591531, -0.31540118972037445]",[1],J1711.5-5029,bcu,bcu,J1711.6-5027,bcu,J1711.6-5027,bcu,J1711.6-5027,bcu,AGN,AGN,AGN,AGN
1362,J1712.7+2932,bll,J1712.6+2932,"[1.8737467527389526, 1.822510004043579, 1.681574821472168, 4.476308345794678, -33.50734816881244, -33.26071147562119, -28.349328516810374, -33.35312462099673, -23.902249606552015, 0.04160284250974655, 0.0, 0.748871386051178, 11.008079528808594, -0.1944442702257007, -0.5624552798455255, -0.5197171617913747, -0.5690561520093458, -0.17323630333532306, -0.3132650623191276]",[1],J1712.6+2932,bll,bll,J1712.7+2932,bll,J1712.7+2932,bll,J1712.7+2932,bll,AGN,AGN,AGN,AGN
1363,J1713.7+8844,bcu,J1711.6+8846,"[1.7995414733886719, 1.6068174839019775, 1.3168069124221802, 8.597756385803223, -34.68940907126829, -34.263763259161024, -28.746613992249806, -34.38459196683782, -24.273184878484404, 0.1921931505203247, 0.0, 1.569932460784912, 6.184445858001709, -0.998113541172293, 0.9889208126622766, 0.4173999722003941, 0.008176487120349261, -0.5755901530483389, -0.474129094008881]",[1],J1711.6+8846,bcu,bcu,J1713.7+8844,bcu,J1713.7+8844,bcu,J1713.7+8844,bcu,AGN,AGN,AGN,AGN
1364,J1713.8+0747,PSR,J1714.0+0748,"[2.1692330837249756, 2.0438754558563232, 0.6127673983573914, 7.53198766708374, -31.42916260887504, -30.912725641866903, -28.27923837767264, -30.982995876866728, -23.119783786719978, 0.5015758275985718, 0.016646619886159897, 7.846116065979004, 22.43001365661621, 0.2793340882984567, 0.36550303837962456, -0.23666134568978298, -0.6212388246743135, -0.9699435656132729, -0.9945326016583916]",[0],J1714.0+0748,PSR,PSR,J1713.8+0747,PSR,J1713.8+0747,MSP,J1713.8+0747,MSP,PSR,PSR,PSR,PSR
1365,J1714.0-2029,bcu,J1714.1-2029,"[1.6252388954162598, 1.6272135972976685, 1.627789855003357, 22.72280502319336, -35.27975997132143, -35.09074394214556, -27.970832859017683, -35.16776150858662, -23.491872827631585, -0.0029500704258680344, 0.6902195811271667, 0.05059341713786125, 9.097309112548828, -0.4018331617611365, 0.9086225438445803, -0.3017915469331011, -0.4587248699516393, -0.2962663326184915, -0.18755207927620057]",[1],J1714.1-2029,bcu,bcu,J1714.0-2029,bcu,J1714.0-2029,bcu,J1714.0-2029,bcu,AGN,AGN,AGN,AGN
1366,J1716.1+6836,fsrq,J1715.7+6837,"[2.3932266235351562, 2.359201431274414, 2.286491632461548, 79.95527648925781, -30.792488635130912, -30.588523679024558, -28.31453187073336, -30.66950434545991, -23.886512929559782, 0.04362129047513008, 0.5973696112632751, 1.1161302328109741, 21.15719985961914, 0.5974669268380464, -0.5432256322595199, -0.7237471609912871, -0.5514952872566387, -0.7674861400838451, -0.7704146215096721]",[1],J1715.7+6837,fsrq,fsrq,J1716.1+6836,fsrq,J1716.1+6836,fsrq,J1716.1+6836,fsrq,AGN,AGN,AGN,AGN
1367,J1717.5-8114,bll,J1716.7-8112,"[2.1382551193237305, 2.157236337661743, 2.155651807785034, 10.915827751159668, -32.83113616203428, -32.70320060074944, -28.287466092644966, -32.785909919633234, -23.835091734367, -0.02123982459306717, 0.29622459411621094, 0.34796708822250366, 7.025275230407715, -0.6512076425932604, -0.648990911923256, -0.7376501286862793, -0.43721760436059154, -0.6955163529635209, -0.314248971864264]",[1],J1716.7-8112,bcu,bll,J1717.5-8114,bll,J1717.5-8114,bll,J1717.5-8114,bll,AGN,AGN,AGN,AGN
1368,J1717.5-3342,bll,J1717.8-3342,"[2.5015454292297363, 2.500624179840088, 2.1326370239257812, 178.59432983398438, -30.256991376525438, -30.022193185703816, -26.287415335602674, -29.96667533359959, -22.365862769213695, 0.13509753346443176, 0.8043062686920166, 4.059802532196045, 21.35821533203125, -0.3905944771129985, -0.3882642914207737, -0.7093665620243398, -0.6677859779833695, -0.9038003393808369, -0.5395118428446389]",[1],J1717.8-3342,bll,bll,J1717.5-3342,bll,J1717.5-3342,bll,J1717.5-3342,bll,AGN,AGN,AGN,AGN
1369,J1717.6-5154,fsrq,J1717.4-5157,"[2.6106951236724854, 2.5469372272491455, 1.6619077920913696, 271.2208251953125, -29.651923692685354, -29.277692622152117, -27.21141646436273, -29.27167826258461, -23.091872022422564, 0.30690422654151917, 1.5401948690414429, 4.910042762756348, 14.653963088989258, 0.983030355273867, -0.45591610362192014, -0.7396649217774538, -0.7668479432058022, -0.9691228476074314, -0.9991028858285418]",[1],J1717.4-5157,fsrq,fsrq,J1717.6-5154,fsrq,J1717.6-5154,fsrq,J1717.6-5154,fsrq,AGN,AGN,AGN,AGN
1370,J1718.0-3055,bcu,J1718.1-3056,"[2.2345471382141113, 2.2022433280944824, 2.0396008491516113, 11.515626907348633, -31.89914788597339, -31.70517356889557, -27.268486944846238, -31.38966731733173, -22.940726749704663, 0.06064211204648018, 0.29895272850990295, 1.1241472959518433, 9.33899211883545, 0.9990678936453471, -0.5453644157901808, -0.8399593652897871, -0.3450018780716568, -0.6381050408379716, -0.7217633604929281]",[1],J1718.1-3056,bcu,bcu,J1718.0-3055,bcu,J1718.0-3055,bcu,J1718.0-3055,bcu,AGN,AGN,AGN,AGN
1371,J1718.2-3825,PSR,J1718.1-3825,"[2.536303758621216, 2.60709547996521, 1.5395612716674805, 1.424750566482544, -29.61895294328776, -29.295281021136393, -25.741172733559644, -29.215336803077943, -21.668406479057037, 0.3351060748100281, 0.0, 14.076645851135254, 43.98767852783203, 0.9356247025521184, -0.30628384711550033, -0.6500662631308182, -0.7292292063633362, -0.9392215094705717, -0.8947216682844743]",[0],J1718.1-3825,PSR,PSR,J1718.2-3825,PSR,J1718.2-3825,PSR,J1718.2-3825,PSR,PSR,PSR,PSR,PSR
1372,J1719.2+1745,bll,J1719.2+1744,"[2.0459258556365967, 1.908881425857544, 1.7446123361587524, 1166.2652587890625, -30.377028620359066, -30.140595734625244, -27.517314742808423, -30.219143000468396, -23.026266503894885, 0.10090816020965576, 1.4989347457885742, 5.351877689361572, 49.43952178955078, -0.007021082045341935, -0.4294504612588631, -0.4979213962212441, -0.5156063272304707, -0.583695176686987, -0.7737702903198895]",[1],J1719.2+1744,bll,bll,J1719.2+1745,bll,J1719.2+1745,bll,J1719.2+1745,bll,AGN,AGN,AGN,AGN
1373,J1719.3+1205,bcu,J1719.3+1206,"[1.7754247188568115, 1.815541386604309, 1.7099103927612305, 13.069488525390625, -34.43514039617157, -34.25908202506277, -28.102101464332492, -34.35313052082561, -23.55580785382859, -0.02712411619722843, 0.2731001675128937, 0.39397916197776794, 9.62027645111084, -0.08517949245092175, -0.834543428959935, -0.6841819936377166, -0.062386456003112364, -0.5083780922133098, -0.05619304472214777]",[1],J1719.3+1206,bcu,bcu,J1719.3+1205,bcu,J1719.3+1205,bcu,J1719.3+1205,bcu,AGN,AGN,AGN,AGN
1374,J1722.6+6104,fsrq,J1722.7+6104,"[2.8952226638793945, 2.866767644882202, 2.6423497200012207, 37.98624801635742, -28.34623531094364, -28.0820612041054, -28.371034215778515, -28.126698160847717, -24.278657384221045, 0.09273120760917664, 0.44850999116897583, 1.6025290489196777, 14.111947059631348, -0.40490940384413576, -0.7659015257419914, -0.8218675912369464, -0.8873796537317694, -0.8422965241590502, -0.9995871323073557]",[1],J1722.7+6104,fsrq,fsrq,J1722.6+6104,fsrq,J1722.6+6104,fsrq,J1722.6+6104,fsrq,AGN,AGN,AGN,AGN
1375,J1722.7+1014,fsrq,J1722.7+1014,"[2.19353985786438, 2.171598196029663, 2.142254114151001, 107.4084701538086, -31.156426512131137, -30.963269798761154, -27.806610742506756, -31.07554650238588, -23.305533095933164, 0.03212402015924454, 0.726672887802124, 1.1265581846237183, 24.19745445251465, 0.3002753438796094, -0.5672589860056256, -0.651577322445224, -0.5390313185484346, -0.6524432327429885, -0.6024301457226099]",[1],J1722.7+1014,fsrq,fsrq,J1722.7+1014,fsrq,J1722.7+1014,fsrq,J1722.7+1014,fsrq,AGN,AGN,AGN,AGN
1376,J1723.6-7714,bcu,J1723.7-7713,"[2.2460811138153076, 2.1274120807647705, 1.953153371810913, 872.7346801757812, -29.59348452418022, -29.32950678468257, -27.516186686557564, -29.42251946604867, -22.955487900395433, 0.11733944714069366, 0.9388369917869568, 6.673895359039307, 52.92924880981445, 0.0426603146387497, -0.534730205040678, -0.582190885997665, -0.6044782656379811, -0.809859483226775, -0.6141271901334517]",[1],J1723.7-7713,bcu,bcu,J1723.6-7714,bcu,J1723.6-7714,bcu,J1723.6-7714,bcu,AGN,AGN,AGN,AGN
1377,J1724.2+4005,fsrq,J1723.9+4004,"[2.4619178771972656, 2.2964725494384766, 1.9704482555389404, 279.89471435546875, -29.09506127197493, -28.82969165691345, -27.986264764653477, -28.88593463738652, -23.50600630752597, 0.16698810458183289, 0.8252782821655273, 4.499752044677734, 29.644655227661133, 0.49599452197908606, -0.5569984701652733, -0.6897462123231316, -0.7315871646466641, -0.8912571980295464, -0.9996497728994177]",[1],J1723.9+4004,fsrq,fsrq,J1724.2+4005,fsrq,J1724.2+4005,fsrq,J1724.2+4005,fsrq,AGN,AGN,AGN,AGN
1378,J1725.0+1152,bll,J1725.0+1152,"[1.8588117361068726, 1.7562199831008911, 1.6934607028961182, 13.334752082824707, -31.34465832050153, -31.183846662460557, -27.089670932066458, -31.261709142832345, -22.781071977711097, 0.05629854276776314, 0.10184739530086517, 3.2517623901367188, 57.979007720947266, 0.21402943993789678, -0.4562583633075881, -0.43163771092136566, -0.35141827335090786, -0.5179768077817548, -0.4291737575075923]",[1],J1725.0+1152,bll,bll,J1725.0+1152,bll,J1725.0+1152,bll,J1725.0+1152,bll,AGN,AGN,AGN,AGN
1379,J1725.5+5851,bll,J1725.3+5853,"[2.2435569763183594, 2.2319588661193848, 2.1590898036956787, 45.98225784301758, -31.293063217485656, -31.126405401424513, -28.421726311583534, -31.196919468529053, -23.89220268031538, 0.01277073659002781, 0.4838849902153015, 0.37692928314208984, 19.969676971435547, -0.5659636651519058, -0.5129770950211104, -0.6688663944171606, -0.4902723323376458, -0.6863313153763121, -0.6562358205248066]",[1],J1725.3+5853,bll,bll,J1725.5+5851,bll,J1725.5+5851,bll,J1725.5+5851,bll,AGN,AGN,AGN,AGN
1380,J1727.4+4530,fsrq,J1727.1+4531,"[2.4849352836608887, 2.380600929260254, 2.1901748180389404, 527.544189453125, -28.18416388447875, -27.96452065779666, -27.889800862968002, -28.039787809507317, -23.30644673808721, 0.09988071769475937, 0.596183717250824, 5.5369486808776855, 57.71491241455078, -0.23260725831649107, -0.6027806875405776, -0.7209497581864567, -0.7103031141606118, -0.9393657153283033, -0.9995668986900405]",[1],J1727.1+4531,fsrq,fsrq,J1727.4+4530,fsrq,J1727.4+4530,fsrq,J1727.4+4530,fsrq,AGN,AGN,AGN,AGN
1381,J1728.0+1216,fsrq,J1728.0+1217,"[2.4871532917022705, 2.4700279235839844, 2.376798391342163, 58.12492752075195, -29.838448986312432, -29.60413464926081, -27.656974717095867, -29.68365141562657, -23.33786046275638, 0.05681600421667099, 0.523514986038208, 1.5574229955673218, 17.88300895690918, -0.4924780677747124, -0.4911627886799124, -0.7225931890328152, -0.6818975598621378, -0.8377620033702765, -0.29245645280163096]",[1],J1728.0+1217,fsrq,fsrq,J1728.0+1216,fsrq,J1728.0+1216,fsrq,J1728.0+1216,fsrq,AGN,AGN,AGN,AGN
1382,J1728.3+5013,bll,J1728.3+5013,"[1.780630350112915, 1.7642848491668701, 1.7127048969268799, 164.27542114257812, -32.46919062958025, -32.25774272780574, -27.59573920805696, -32.371525612434354, -23.381800543333448, 0.01191102247685194, 0.5480557680130005, 0.7481669187545776, 50.97261428833008, -0.5468854386830707, -0.5523446376255085, -0.4962420888205128, -0.24229915907930988, -0.48119127414623813, -0.3304752366843205]",[1],J1728.3+5013,bll,bll,J1728.3+5013,bll,J1728.3+5013,bll,J1728.3+5013,bll,AGN,AGN,AGN,AGN
1383,J1728.4+0427,fsrq,J1728.5+0428,"[2.5869317054748535, 2.4257538318634033, 1.609371304512024, 56.95296859741211, -29.123122884211796, -28.685271452634858, -27.679790429682367, -28.707880078489094, -23.325780750922583, 0.3357616066932678, 0.6194493174552917, 4.408464431762695, 13.607149124145508, 0.9826939394418387, -0.5676696441526738, -0.7655223794542646, -0.7744036235776988, -0.9999961843152051, 0.4226743539031338]",[1],J1728.5+0428,fsrq,fsrq,J1728.4+0427,fsrq,J1728.4+0427,fsrq,J1728.4+0427,fsrq,AGN,AGN,AGN,AGN
1384,J1730.6+0024,fsrq,J1730.5+0023,"[2.2074978351593018, 2.0482430458068848, 1.7674107551574707, 329.9380798339844, -30.501827461435326, -30.180352065832498, -27.67114767347548, -30.271286709366045, -23.0416549635856, 0.1681174486875534, 1.100207805633545, 4.7670769691467285, 23.94780158996582, 0.17500932546071676, -0.2960132843089318, -0.528745829423488, -0.6093402076233556, -0.6869147103870848, -0.8782820496441262]",[1],J1730.5+0023,fsrq,fsrq,J1730.6+0024,fsrq,J1730.6+0024,fsrq,J1730.6+0024,fsrq,AGN,AGN,AGN,AGN
1385,J1730.8+3715,bll,J1730.6+3711,"[2.060434579849243, 1.913892149925232, 1.628598690032959, 6.076998233795166, -32.21271131043352, -31.87027676158445, -28.371726188187697, -31.904671670637942, -23.872236324083026, 0.13560761511325836, 0.0, 2.041292190551758, 14.995908737182617, 0.9999524075736166, -0.7442429262157224, -0.3432136383539209, -0.4839772998763889, -0.566226827220604, -0.9999997710366546]",[1],J1730.6+3711,bll,bll,J1730.8+3715,bll,J1730.8+3715,bll,J1730.8+3715,bll,AGN,AGN,AGN,AGN
1386,J1731.6-3002,bll,J1731.8-3001,"[2.2811012268066406, 2.1542575359344482, 1.6852978467941284, 3.7566261291503906, -31.182372606478456, -30.86461882428036, -26.88999797919823, -30.882459237535596, -22.4137347296897, 0.21078668534755707, 0.0, 3.7974743843078613, 14.798792839050293, -0.960436509547058, 0.9855770202448778, -0.49362443352311686, -0.522032133818066, -0.7506227347050972, -0.7983900755843679]",[1],J1731.8-3001,bll,bll,J1731.6-3002,bll,J1731.6-3002,bll,J1731.6-3002,bll,AGN,AGN,AGN,AGN
1387,J1732.5-3131,PSR,J1732.5-3130,"[2.3074891567230225, 2.3092310428619385, 0.4378214180469513, 3.9625942707061768, -30.18553609980184, -29.50571956917807, -26.353152888243716, -29.638607346999944, -21.2579559452712, 0.6291014552116394, 0.0, 32.36443328857422, 91.502197265625, 0.997530609765289, 0.23580467944273403, -0.2553646372719458, -0.6141457939484684, -0.9476875336375774, -0.9451043348707084]",[0],J1732.5-3130,PSR,PSR,J1732.5-3131,PSR,J1732.5-3131,PSR,J1732.5-3131,PSR,PSR,PSR,PSR,PSR
1388,J1732.7-5050,PSR,J1732.5-5048,"[2.3638970851898193, 2.268094778060913, 1.2787641286849976, 12.656455039978027, -31.058997805708373, -30.677665894418023, -28.07987023238879, -30.752061545434266, -23.224665246888783, 0.32509249448776245, 0.2201317995786667, 4.875473499298096, 15.534502983093262, 0.989267342026651, -0.2605889462496603, -0.5189951215600923, -0.6233838815832494, -0.9616744924639299, -0.11286680412958011]",[0],J1732.5-5048,PSR,PSR,J1732.7-5050,PSR,J1732.7-5050,MSP,J1732.7-5050,MSP,AGN,AGN,AGN,AGN
1389,J1733.0-1305,FSRQ,J1733.0-1305,"[2.3524394035339355, 2.2503581047058105, 2.032799482345581, 902.621826171875, -28.89477315466207, -28.63519636304212, -26.915521740809382, -28.711578664288655, -22.452448541887822, 0.11709390580654144, 0.7538202404975891, 8.217582702636719, 64.78975677490234, -0.2500544364729452, -0.51475104584943, -0.6533557103194674, -0.6316381907793679, -0.8252706788897443, -0.8184069750528928]",[1],J1733.0-1305,FSRQ,FSRQ,J1733.0-1305,FSRQ,J1733.0-1305,FSRQ,J1733.0-1305,FSRQ,AGN,AGN,AGN,AGN
1390,J1734.3+3858,fsrq,J1734.3+3858,"[2.4118895530700684, 2.3504579067230225, 2.233919143676758, 438.1958923339844, -29.168792184404374, -28.95867712461619, -27.69891782898345, -29.032020003738218, -23.31600399582687, 0.07072136551141739, 0.7618281245231628, 3.311436414718628, 44.337772369384766, -0.29736190292613157, -0.5563298972603987, -0.6919128615579828, -0.6894655608208364, -0.7848909614056323, -0.7418372592102425]",[1],J1734.3+3858,fsrq,fsrq,J1734.3+3858,fsrq,J1734.3+3858,fsrq,J1734.3+3858,fsrq,AGN,AGN,AGN,AGN
1391,J1735.4-1118,bcu,J1735.4-1118,"[2.14559006690979, 2.1159937381744385, 1.9621418714523315, 7.544795513153076, -32.675806618712635, -32.470223229640396, -27.690893642537706, -32.57905813504589, -23.26528594297687, 0.047957420349121094, 0.0, 0.6744683980941772, 6.980884552001953, -0.9999990429646546, 0.9999996379499657, -0.13605414840503333, -0.560609199382783, -0.5623514432172266, -0.5229176726779544]",[1],J1735.4-1118,bcu,bcu,J1735.4-1118,bcu,J1735.4-1118,bcu,J1735.4-1118,bcu,AGN,AGN,AGN,AGN
1392,J1736.0+2033,bll,J1736.0+2033,"[1.882347822189331, 1.7718818187713623, 1.4801976680755615, 37.28615188598633, -33.014924612882766, -32.63866699883906, -28.107623329133414, -32.72010438039161, -23.684961928429807, 0.14168401062488556, 0.639726996421814, 2.792614221572876, 16.111936569213867, 0.5876847099040889, 0.9921872535566699, -0.34973116895366085, -0.3148483793276754, -0.5396299539198822, -0.7073631690042195]",[1],J1736.0+2033,bcu,bll,J1736.0+2033,bll,J1736.0+2033,bll,J1736.0+2033,bll,AGN,AGN,AGN,AGN
1393,J1736.6+0628,fsrq,J1736.4+0634,"[2.619440793991089, 2.600867509841919, 2.5393221378326416, 12.6729736328125, -29.468532177526896, -29.167052416083326, -27.74053192458473, -28.25319779165327, -23.534154013514726, 0.06982012838125229, 0.22270220518112183, 0.8729693293571472, 10.350131034851074, -0.48531233644535776, -0.7317326026389118, -0.8047592281320041, -0.651186396013567, -0.7538642024152462, -0.4876721199353383]",[1],J1736.4+0634,fsrq,fsrq,J1736.6+0628,fsrq,J1736.6+0628,fsrq,J1736.6+0628,fsrq,AGN,AGN,AGN,AGN
1394,J1738.0+8717,bcu,J1739.0+8716,"[2.231748104095459, 2.21913743019104, 2.1373989582061768, 246.7293701171875, -32.05173907813876, -31.844013239492483, -28.50664896576276, -31.951208187114705, -24.065476584789188, 0.014540488831698895, 2.5494179725646973, 0.21867449581623077, 10.719008445739746, -0.9919274041127476, 0.9667702173906446, -0.7227306870768917, -0.46857049066973894, -0.6965425969241373, -0.47958011329943445]",[1],J1739.0+8716,bcu,bcu,J1738.0+8717,bcu,J1738.0+8717,bcu,J1738.0+8717,bcu,AGN,AGN,AGN,AGN
1395,J1739.5+4955,fsrq,J1739.4+4955,"[2.3208634853363037, 2.232872247695923, 2.1589715480804443, 198.3625030517578, -29.686993173859396, -29.474646923006965, -27.98583836822677, -29.578708635199984, -23.513517208700424, 0.08213557302951813, 0.6865115761756897, 2.8617358207702637, 31.06148338317871, 0.9769977476457458, -0.45764804843310525, -0.6311051556292243, -0.7162397237876093, -0.6035666463860745, -0.670661771221266]",[1],J1739.4+4955,fsrq,fsrq,J1739.5+4955,fsrq,J1739.5+4955,fsrq,J1739.5+4955,fsrq,AGN,AGN,AGN,AGN
1396,J1740.0+4737,fsrq,J1740.3+4736,"[2.084249973297119, 1.9785057306289673, 1.814573049545288, 7.4202189445495605, -32.59570903441982, -32.29474449328718, -28.506358829187715, -32.38711849424391, -24.007009242954332, 0.09451558440923691, 0.13361166417598724, 1.2851643562316895, 11.944169044494629, 0.997559397378351, -0.768408919294111, -0.49657820297011146, -0.43976058232871357, -0.697834708598733, -0.49917812098988695]",[1],J1740.3+4736,fsrq,fsrq,J1740.0+4737,fsrq,J1740.0+4737,fsrq,J1740.0+4737,fsrq,AGN,AGN,AGN,AGN
1397,J1740.5+5211,fsrq,J1740.3+5211,"[2.4600558280944824, 2.434907913208008, 2.3285419940948486, 740.9472045898438, -29.293054962095038, -29.044940094124875, -28.005246658342617, -29.12268518836943, -23.421721302549095, 0.05075389891862869, 0.792555570602417, 2.345233201980591, 48.233314514160156, -0.2833055598562999, -0.6304818784997924, -0.7160571274942212, -0.7095415571064911, -0.6993728568825611, -0.7348910058633041]",[1],J1740.3+5211,fsrq,fsrq,J1740.5+5211,fsrq,J1740.5+5211,fsrq,J1740.5+5211,fsrq,AGN,AGN,AGN,AGN
1398,J1740.6+5346,bll,J1740.4+5347,"[2.1398324966430664, 2.049365282058716, 1.746282696723938, 8.829845428466797, -32.41419111184615, -32.11685430170011, -28.58127649668464, -32.18044422977948, -24.090417747809294, 0.13394685089588165, 0.201060950756073, 1.9208873510360718, 10.183773040771484, -0.7129584481855838, -0.09224674637083845, -0.6432813976727713, -0.4483672816361697, -0.6503541591510112, -0.7330235820346038]",[1],J1740.4+5347,bcu,bll,J1740.6+5346,bll,J1740.6+5346,bll,J1740.6+5346,bll,AGN,AGN,AGN,AGN
1399,J1741.4+1354,PSR,J1741.5+1351,"[2.243074655532837, 2.099353313446045, 0.2659796476364136, 5.437961578369141, -31.690460747515417, -31.127619348519875, -28.558323801107154, -31.205225808456515, -23.37578108522685, 0.6552386283874512, 0.0, 5.523005962371826, 13.40575122833252, -0.16609460245216617, -0.5352663321307791, -0.18135691746829538, -0.6334203959070008, -0.9702662206496414, -0.9861746871622227]",[0],J1741.5+1351,PSR,PSR,J1741.4+1354,PSR,J1741.4+1354,MSP,J1741.4+1354,MSP,PSR,PSR,PSR,PSR
1400,J1741.8-2537,bcu,J1741.9-2539,"[2.2320406436920166, 2.232257604598999, 2.2467947006225586, 9.226024627685547, -32.52327037336224, -32.389153062679476, -26.82206083836041, -32.46650543152975, -22.555175325169717, 0.007410363759845495, 0.17784574627876282, 0.206915944814682, 11.419694900512695, 0.9992383295915005, -0.5472663374854368, -0.7091659224567227, -0.6198401934959239, -0.5084117006996556, -0.5829027577782403]",[1],J1741.9-2539,bcu,bcu,J1741.8-2537,bcu,J1741.8-2537,bcu,J1741.8-2537,bcu,AGN,AGN,AGN,AGN
1401,J1741.9-2054,PSR,J1741.9-2054,"[2.457787275314331, 2.4231784343719482, 0.22283107042312622, 2.8133933544158936, -28.941270283186963, -28.41621883228308, -26.792911079582293, -28.379506580477926, -21.93019992531626, 0.7350927591323853, 0.0, 36.62562561035156, 99.78580474853516, 0.5362338750733245, -0.2439358054605643, -0.565886436514207, -0.90936920877062, -0.9917684383009246, -0.9999911963651726]",[0],J1741.9-2054,PSR,PSR,J1741.9-2054,PSR,J1741.9-2054,PSR,J1741.9-2054,PSR,PSR,PSR,PSR,PSR
1402,J1742.5+5944,bll,J1742.2+5947,"[2.170081853866577, 2.177913188934326, 2.059798240661621, 12.412288665771484, -31.863389186804266, -31.731838789927323, -28.46321263387808, -31.77132603243744, -23.9488874619476, -0.005654354114085436, 0.22403556108474731, 0.14428749680519104, 15.994818687438965, 0.8415964565584516, -0.7413674390382201, -0.592743678617884, -0.41912093366449044, -0.6963691435060354, -0.5750423595594915]",[1],J1742.2+5947,bll,bll,J1742.5+5944,bll,J1742.5+5944,bll,J1742.5+5944,bll,AGN,AGN,AGN,AGN
1403,J1744.0+1935,bll,J1743.9+1934,"[1.9316819906234741, 1.8571010828018188, 1.6913424730300903, 10.721691131591797, -32.382506621072025, -32.10063377104126, -27.92140563675027, -32.18586257879215, -23.49171913168609, 0.07614742964506149, 0.17150311172008514, 2.239654064178467, 21.030838012695312, 0.9996407302329687, -0.08969976062651999, -0.5512371843701948, -0.3383000551828907, -0.5513967670450789, -0.5075140805594853]",[1],J1743.9+1934,bll,bll,J1744.0+1935,bll,J1744.0+1935,bll,J1744.0+1935,bll,AGN,AGN,AGN,AGN
1404,J1744.2-0353,fsrq,J1744.3-0353,"[2.5145678520202637, 2.507786750793457, 2.4871768951416016, 13.69354248046875, -30.548548227577022, -30.341475594826782, -27.470809136794724, -30.322213598853974, -23.380931414747916, 0.04017060995101929, 0.4422565996646881, 0.532038152217865, 5.291264533996582, -0.6819960880048684, -0.5036237279949802, -0.7897156974352745, -0.5690914203863411, -0.7895474471777006, -0.21118336079297814]",[1],J1744.3-0353,fsrq,fsrq,J1744.2-0353,fsrq,J1744.2-0353,fsrq,J1744.2-0353,fsrq,AGN,AGN,AGN,AGN
1405,J1744.4-1135,PSR,J1744.5-1133,"[2.393670082092285, 2.3788797855377197, 0.6136723756790161, 6.272154331207275, -29.859380547864085, -29.367721649322302, -27.400463676230114, -29.362853467330115, -22.401566070661982, 0.5951662063598633, 0.0, 17.609567642211914, 49.03425979614258, 0.9907750210261773, -0.09846041670044145, -0.5077447093193187, -0.8278246152823602, -0.9768611841272212, -0.9990729766882437]",[0],J1744.5-1133,PSR,PSR,J1744.4-1135,PSR,J1744.4-1135,MSP,J1744.4-1135,MSP,PSR,PSR,PSR,PSR
1406,J1744.9-1727,bcu,J1744.9-1725,"[1.9613012075424194, 1.956122636795044, 1.919887661933899, 10.066784858703613, -32.475712634134155, -32.31735448159941, -27.428305169171036, -32.405328053699535, -22.914670469306664, 0.005961207672953606, 0.16032105684280396, 0.22782723605632782, 21.8236083984375, 0.678971156610453, -0.4499971560354364, -0.6104347564470225, -0.4167636455319424, -0.6042263219893489, -0.07273312813825202]",[1],J1744.9-1725,bcu,bcu,J1744.9-1727,bcu,J1744.9-1727,bcu,J1744.9-1727,bcu,AGN,AGN,AGN,AGN
1407,J1745.4-0753,bll,J1745.4-0754,"[2.0619919300079346, 2.054272413253784, 2.0515530109405518, 7.5568952560424805, -31.996822816738298, -31.833642332556547, -27.463950772360775, -31.946053772163836, -22.964140364043967, 0.010502886958420277, 0.0, 0.4295876920223236, 20.99802017211914, 0.8477328488502768, 0.9580491743825214, -0.5189989888531261, -0.6000068628257066, -0.53010255039768, -0.24281143409434222]",[1],J1745.4-0754,bll,bll,J1745.4-0753,bll,J1745.4-0753,bll,J1745.4-0753,bll,AGN,AGN,AGN,AGN
1408,J1745.5+1017,PSR,J1745.5+1017,"[2.23958158493042, 1.9168133735656738, 0.4500603675842285, 4.073183059692383, -31.08711747894489, -30.59364625404388, -28.07132098592075, -30.577871654558137, -23.092004788541082, 0.5511607527732849, 0.0, 7.584752082824707, 21.67607879638672, 0.9956075532173384, -0.42033446484358344, -0.2533226982200059, -0.5916677431548304, -0.9929531592366087, -0.9647558716064425]",[0],J1745.5+1017,PSR,PSR,J1745.5+1017,PSR,J1745.5+1017,MSP,J1745.5+1017,MSP,PSR,PSR,PSR,PSR
1409,J1745.6+3950,bll,J1745.7+3952,"[2.1429779529571533, 2.214292526245117, 2.196310043334961, 5.2161149978637695, -32.93111868342541, -32.91186279650488, -28.567985225776557, -32.923960774111535, -24.120617476521566, -0.06620721518993378, 0.0, 1.0784392356872559, 6.344789981842041, -0.40782876322772704, -0.8511426717097585, -0.4131484552849188, -0.6691388605449501, -0.40199193299345054, -0.20424673862232595]",[1],J1745.7+3952,bll,bll,J1745.6+3950,bll,J1745.6+3950,bll,J1745.6+3950,bll,AGN,AGN,AGN,AGN
1410,J1746.8-3239,PSR,J1746.8-3240,"[2.3839452266693115, 2.456785202026367, 0.7649665474891663, 3.8349597454071045, -30.443849261296876, -30.015233174412227, -26.555747274671017, -29.914896164127708, -21.879399496931647, 0.5202441811561584, 0.0, 14.983536720275879, 35.77720642089844, 0.9645933075440966, 0.012544367242986063, -0.4580224882295707, -0.7012086809667862, -0.9526141385560027, -0.8282483278186519]",[0],J1746.8-3240,PSR,PSR,J1746.8-3239,PSR,J1746.8-3239,PSR,J1746.8-3239,PSR,PSR,PSR,PSR,PSR
1411,J1747.2-2957,PSR,J1747.2-2958,"[2.53653621673584, 2.7364065647125244, 1.480945348739624, 9.951354026794434, -29.738796058194183, -29.364401458518067, -25.410426657834183, -29.335583688499582, -21.318933714833147, 0.3502950370311737, 0.04630519449710846, 18.13426399230957, 47.1807975769043, 0.9975508782736672, -0.47097840659947315, -0.6359519446262091, -0.7459956395053016, -0.9455514068531495, -0.9032089794615186]",[0],J1747.2-2958,PSR,PSR,J1747.2-2957,PSR,J1747.2-2957,PSR,J1747.2-2957,PSR,PSR,PSR,PSR,PSR
1412,J1747.7-4037,PSR,J1747.6-4037,"[2.3817834854125977, 2.321077823638916, 1.2132631540298462, 5.651751518249512, -30.507073034206307, -30.14404377826104, -27.76991383414782, -30.19995657272204, -22.893859443429218, 0.3852262794971466, 0.0, 7.419274806976318, 21.530330657958984, 0.9985647217164568, -0.4999804867682251, -0.5770832260523782, -0.6816919760113213, -0.9222158147638998, -0.998363305764835]",[0],J1747.6-4037,PSR,PSR,J1747.7-4037,PSR,J1747.7-4037,MSP,J1747.7-4037,MSP,PSR,PSR,PSR,AGN
1413,J1748.0+3403,fsrq,J1748.0+3405,"[2.3164005279541016, 2.2239842414855957, 1.981841802597046, 30.067787170410156, -31.000863239371903, -30.716450907933034, -28.314631524757864, -30.776425128734616, -23.83574836092597, 0.11403942108154297, 0.4434673488140106, 1.9001082181930542, 14.926568984985352, -0.2894528736700046, -0.7433027152960876, -0.47987255832555903, -0.6231347771163952, -0.8422004048051467, -0.5419428008441263]",[1],J1748.0+3405,fsrq,fsrq,J1748.0+3403,fsrq,J1748.0+3403,fsrq,J1748.0+3403,fsrq,AGN,AGN,AGN,AGN
1414,J1748.6+7005,bll,J1748.6+7005,"[2.0371510982513428, 1.9598348140716553, 1.9102938175201416, 475.0490417480469, -30.052764416555974, -29.905092820986553, -27.319114449021708, -29.98436164803274, -22.92314222600314, 0.048045821487903595, 0.43563738465309143, 4.423831939697266, 94.84801483154297, -0.27283029400339953, -0.4054399944750815, -0.5472037419591181, -0.4817869612146248, -0.5803249909336365, -0.6144129489099599]",[1],J1748.6+7005,bll,bll,J1748.6+7005,bll,J1748.6+7005,bll,J1748.6+7005,bll,AGN,AGN,AGN,AGN
1415,J1749.0+4321,bll,J1749.1+4322,"[2.064786434173584, 2.0273311138153076, 1.918747067451477, 31.064895629882812, -31.453178125199276, -31.231886442525763, -28.057933146239886, -31.317034274092958, -23.55578651740835, 0.040829818695783615, 0.2759367823600769, 1.6494150161743164, 30.134033203125, 0.9189453407740864, -0.5347620126251567, -0.5821135838706764, -0.4554228989187694, -0.6116875354476575, -0.5882583590099567]",[1],J1749.1+4322,bll,bll,J1749.0+4321,bll,J1749.0+4321,bll,J1749.0+4321,bll,AGN,AGN,AGN,AGN
1416,J1751.5+0938,bll,J1751.5+0939,"[2.255779504776001, 2.1493656635284424, 2.0270638465881348, 884.58154296875, -29.100848564499078, -28.85981814731641, -27.237404264740327, -28.960649850070975, -22.699028349148215, 0.09518057852983475, 0.7973747849464417, 6.449052333831787, 64.01271057128906, -0.19183875038562032, -0.44242677568634636, -0.6271512591505691, -0.6151567777890257, -0.7123009385393989, -0.7807472691081945]",[1],J1751.5+0939,bll,bll,J1751.5+0938,bll,J1751.5+0938,bll,J1751.5+0938,bll,AGN,AGN,AGN,AGN
1417,J1753.6-5014,bcu,J1753.5-5010,"[2.5697851181030273, 2.405240774154663, 1.7497224807739258, 131.4241485595703, -29.320794683541948, -28.944198565655327, -27.74075507480928, -28.998714854866872, -23.343422756339987, 0.27984774112701416, 0.9737401008605957, 4.336781978607178, 14.562041282653809, 0.9336960187563758, -0.5505614290423554, -0.7273479449794608, -0.7580424259716154, -0.978756022232353, -0.9987303049637314]",[1],J1753.5-5010,bcu,bcu,J1753.6-5014,bcu,J1753.6-5014,bcu,J1753.6-5014,bcu,AGN,AGN,AGN,AGN
1418,J1754.2+3212,bll,J1754.1+3212,"[1.9079571962356567, 1.7189933061599731, 1.5938098430633545, 369.022705078125, -30.894415253718194, -30.626124902835212, -27.47193881354204, -30.73582496937044, -23.031673747643172, 0.11930712312459946, 0.7567226886749268, 5.973380088806152, 56.071407318115234, 0.12703635281899917, -0.4465059738332785, -0.3081570518656857, -0.43675387942511873, -0.620953928792936, -0.5464211554542469]",[1],J1754.1+3212,bll,bll,J1754.2+3212,bll,J1754.2+3212,bll,J1754.2+3212,bll,AGN,AGN,AGN,AGN
1419,J1754.5-6425,bll,J1754.3-6424,"[2.3833038806915283, 2.3810815811157227, 2.2851152420043945, 9.516377449035645, -31.198524065923646, -30.993768429712617, -28.105365849398684, -31.060527430251913, -23.802038738711552, 0.06588952988386154, 0.18756531178951263, 1.294624924659729, 11.422761917114258, -0.16706365502422707, -0.5801046551655226, -0.7000505670042261, -0.6591379595592044, -0.6741611487706471, -0.6780381455583323]",[1],J1754.3-6424,bll,bll,J1754.5-6425,bll,J1754.5-6425,bll,J1754.5-6425,bll,AGN,AGN,AGN,AGN
1420,J1756.3+5522,bll,J1756.3+5523,"[1.8406285047531128, 1.7751977443695068, 1.6299941539764404, 16.348567962646484, -33.313515340305834, -33.064600352714464, -28.281969727312802, -33.13770264029144, -23.909256423758716, 0.05289227515459061, 0.36933866143226624, 1.3244569301605225, 18.05400276184082, -0.6894996000150986, -0.3803929886300977, -0.6359355633414383, -0.20747176865232125, -0.4699130345165319, -0.4839419620398986]",[1],J1756.3+5523,bll,bll,J1756.3+5522,bll,J1756.3+5522,bll,J1756.3+5522,bll,AGN,AGN,AGN,AGN
1421,J1756.9+1531,bcu,J1757.1+1533,"[2.109788179397583, 1.9032248258590698, 1.4149868488311768, 11.562214851379395, -32.888424555833794, -32.546766279511814, -28.348104033437632, -32.559093105966326, -23.87000636451037, 0.20470355451107025, 0.702616810798645, 1.3605469465255737, 4.555499076843262, -0.9921452450941389, 0.9979215620866638, -0.8728501824646467, 0.19870345467029804, -0.9999998454281185, 0.9999955476450204]",[1],J1757.1+1533,bcu,bcu,J1756.9+1531,bcu,J1756.9+1531,bcu,J1756.9+1531,bcu,AGN,AGN,AGN,AGN
1422,J1757.0+7032,bll,J1756.9+7032,"[1.7904530763626099, 1.634890079498291, 1.4858115911483765, 14.040650367736816, -34.97182360166357, -34.570841448375845, -28.554368296819362, -34.75681162611762, -24.008602818160714, 0.13250388205051422, 0.5026019215583801, 1.2151204347610474, 7.118777751922607, -0.9988266942243074, -0.9993275478985113, 0.9998729845263991, -0.2768369993969246, -0.313913664375943, -0.5761323728147909]",[1],J1756.9+7032,bll,bll,J1757.0+7032,bll,J1757.0+7032,bll,J1757.0+7032,bll,AGN,AGN,AGN,AGN
1423,J1759.1-4822,bcu,J1759.1-4822,"[2.2967348098754883, 2.203091621398926, 1.9577727317810059, 173.58462524414062, -30.877490016029274, -30.573472209504903, -27.864081218922557, -30.66312317192356, -23.420466871542413, 0.13505242764949799, 1.250154733657837, 2.566056966781616, 15.198934555053711, 0.49012349292065793, -0.48083128499790956, -0.5423488238529148, -0.6473161661291064, -0.7206780764600924, -0.9999997253659748]",[1],J1759.1-4822,bcu,bcu,J1759.1-4822,bcu,J1759.1-4822,bcu,J1759.1-4822,bcu,AGN,AGN,AGN,AGN
1424,J1800.6+7828,bll,J1800.5+7827,"[2.2096266746520996, 2.154430627822876, 2.0957162380218506, 257.0466613769531, -28.921642376216372, -28.77865860391188, -27.42836722796765, -28.85578467729189, -22.931003724937156, 0.03825792297720909, 0.24993357062339783, 4.1124958992004395, 110.18929290771484, -0.24041408519067467, -0.5320081138002252, -0.6192002515065974, -0.55489991684976, -0.691542418366998, -0.7695794920115759]",[1],J1800.5+7827,bll,bll,J1800.6+7828,bll,J1800.6+7828,bll,J1800.6+7828,bll,AGN,AGN,AGN,AGN
1425,J1801.5+4404,fsrq,J1801.5+4403,"[2.3670387268066406, 2.296868085861206, 2.233659029006958, 1212.104736328125, -28.891253103444903, -28.712911060860947, -27.838931505249416, -28.8083813467931, -23.331063638170445, 0.05911530926823616, 1.3382917642593384, 2.7399168014526367, 44.64955139160156, -0.34397944497514676, -0.5375554587478805, -0.717891572227383, -0.5917041207806778, -0.7885738080102941, -0.6713582738995959]",[1],J1801.5+4403,fsrq,fsrq,J1801.5+4404,fsrq,J1801.5+4404,fsrq,J1801.5+4404,fsrq,AGN,AGN,AGN,AGN
1426,J1802.6-3940,fsrq,J1802.6-3940,"[2.3598663806915283, 2.2669594287872314, 2.003303289413452, 2755.291015625, -29.12241525598098, -28.84895282027135, -27.029442671567047, -28.908807184184123, -22.59731012342097, 0.12958921492099762, 1.2190968990325928, 8.76399040222168, 65.51644134521484, -0.1835532104093027, -0.4943512038367749, -0.6675785397057832, -0.6476808127004712, -0.8084763617434789, -0.8837816374651939]",[1],J1802.6-3940,fsrq,fsrq,J1802.6-3940,fsrq,J1802.6-3940,fsrq,J1802.6-3940,fsrq,AGN,AGN,AGN,AGN
1427,J1803.1-2148,PSR,J1803.1-2147,"[2.3633217811584473, 2.4586453437805176, 1.3849551677703857, 13.487836837768555, -30.682650179218527, -30.413218411751444, -26.110056328906047, -30.36149858259634, -21.355416078772873, 0.296408474445343, 0.11665306985378265, 10.123956680297852, 30.057470321655273, 0.9921403963063644, 0.08400564116245789, -0.4620792491693147, -0.6261775810951292, -0.8517319617106905, -0.9182504998955465]",[0],J1803.1-2147,PSR,PSR,J1803.1-2148,PSR,J1803.1-2148,PSR,J1803.1-2148,PSR,PSR,PSR,PSR,PSR
1428,J1805.6+0615,PSR,J1805.9+0614,"[2.1882801055908203, 2.0105879306793213, 0.6936622858047485, 7.924127578735352, -31.458859377440252, -31.013856542309753, -28.08683345017456, -30.968970359734797, -23.172445622248798, 0.45993930101394653, 0.08760085701942444, 5.085472583770752, 15.975244522094727, 0.9973835938772081, -0.23900856318339306, -0.274137631738753, -0.5161065665839244, -0.9999361850198323, -0.025480444763522302]",[0],J1805.9+0614,psr,PSR,J1805.6+0615,PSR,J1805.6+0615,MSP,J1805.6+0615,MSP,AGN,AGN,AGN,PSR
1429,J1806.8+6949,bll,J1806.7+6949,"[2.2855031490325928, 2.2342026233673096, 2.154308557510376, 92.95957946777344, -29.47721817470003, -29.302497403212026, -27.54744755189958, -29.381112121702433, -23.12374147235209, 0.05140405148267746, 0.20656782388687134, 4.183248043060303, 74.56903076171875, 0.9994502073582887, -0.5071925650047047, -0.6583103963251383, -0.6003579135503415, -0.6761270681752672, -0.8235485716097438]",[1],J1806.7+6949,bll,bll,J1806.8+6949,bll,J1806.8+6949,bll,J1806.8+6949,bll,AGN,AGN,AGN,AGN
1430,J1807.2+6429,bll,J1807.8+6427,"[2.014904022216797, 2.0768227577209473, 2.1035845279693604, 19.600801467895508, -33.147404591840186, -33.02328432936909, -28.660858583091542, -33.14202731044159, -24.162224000517373, -0.0427318811416626, 0.5821534395217896, 0.8096646070480347, 10.026394844055176, -0.8320595311212996, -0.5990330578633329, -0.5637157270249811, -0.2961666460538479, -0.6697955190100042, -0.6325147088461494]",[1],J1807.8+6427,bcu,bll,J1807.2+6429,bll,J1807.2+6429,bll,J1807.2+6429,bll,AGN,AGN,AGN,AGN
1431,J1807.9+4650,bll,J1808.0+4652,"[1.8443928956985474, 1.7834969758987427, 1.524461269378662, 6.948060035705566, -34.79018311259991, -34.49783888931641, -28.768842781055277, -34.56521211193457, -24.2147317558181, 0.04590705409646034, 0.0, 0.3583717346191406, 5.9871954917907715, 0.9994806247989867, -0.7591719340885636, -0.7395896321203362, -0.07992089232729313, -0.575698323680194, 0.04909899625584868]",[1],J1808.0+4652,bll,bll,J1807.9+4650,bll,J1807.9+4650,bll,J1807.9+4650,bll,AGN,AGN,AGN,AGN
1432,J1808.1-5013,fsrq,J1807.8-5011,"[2.521408796310425, 2.5071072578430176, 2.462434768676758, 28.30445098876953, -30.418425937714197, -30.217145864460797, -27.910905660303797, -30.368709599462253, -23.721628132135326, 0.033901702612638474, 0.6852293610572815, 0.5333593487739563, 7.851648807525635, -0.8894272571314129, -0.2709769618039467, -0.7913493896054989, -0.6183299444795837, -0.6203915895869578, -0.9999698358022762]",[1],J1807.8-5011,fsrq,fsrq,J1808.1-5013,fsrq,J1808.1-5013,fsrq,J1808.1-5013,fsrq,AGN,AGN,AGN,AGN
1433,J1809.3+2042,bll,J1809.4+2040,"[2.0726380348205566, 2.095579147338867, 2.0343403816223145, 8.461758613586426, -32.642370625459684, -32.529865488674936, -28.227670068001924, -32.580513416459524, -23.730715001975355, -0.022268706932663918, 0.17936399579048157, 0.4584735631942749, 10.896533012390137, 0.9981570694852496, -0.21776844815785976, -0.614821498657224, -0.5915004592254025, -0.37754448863492535, -0.4719417005786802]",[1],J1809.4+2040,bll,bll,J1809.3+2042,bll,J1809.3+2042,bll,J1809.3+2042,bll,AGN,AGN,AGN,AGN
1434,J1809.7+2910,bll,J1809.7+2909,"[1.9337775707244873, 1.7910792827606201, 1.6062557697296143, 6.699236869812012, -31.88872459680658, -31.65049113316761, -27.80086581958916, -31.729659940897413, -23.37769226053353, 0.09669077396392822, 0.0, 3.0032362937927246, 25.72642707824707, 0.9995448441261775, -0.6651562429399149, -0.3739813700583857, -0.3627541236020041, -0.5502525917607218, -0.6144765261455316]",[1],J1809.7+2909,bll,bll,J1809.7+2910,bll,J1809.7+2910,bll,J1809.7+2910,bll,AGN,AGN,AGN,AGN
1435,J1809.8-2332,PSR,J1809.8-2332,"[2.29765248298645, 2.2271738052368164, 1.3299816846847534, 5.819117546081543, -29.170136674748893, -28.667550285181008, -25.605040245897452, -28.682511580680615, -21.076437664153502, 0.3378903567790985, 0.0, 40.8030891418457, 161.43421936035156, 0.4540933896020026, -0.25841217575917996, -0.49932589805355515, -0.6594271257482828, -0.8937094032902976, -0.939455370470245]",[0],J1809.8-2332,PSR,PSR,J1809.8-2332,PSR,J1809.8-2332,PSR,J1809.8-2332,PSR,PSR,PSR,PSR,PSR
1436,J1810.5+1744,PSR,J1810.5+1743,"[2.3731443881988525, 2.1834754943847656, 1.6786171197891235, 10.99315071105957, -29.18081318414178, -28.831676569928167, -27.616018067092813, -28.866921422321738, -22.945636816913968, 0.2490813136100769, 0.07384376227855682, 9.201562881469727, 43.343082427978516, 0.30435798931188124, -0.41078099955927333, -0.6316673691040512, -0.7765839585418898, -0.9239335588218968, -0.9999889182156089]",[0],J1810.5+1743,PSR,PSR,J1810.5+1744,PSR,J1810.5+1744,MSP,J1810.5+1744,MSP,PSR,PSR,PSR,AGN
1437,J1811.0+1608,bll,J1810.8+1609,"[2.1645350456237793, 2.0631425380706787, 1.431401014328003, 40.14152145385742, -32.30388507553023, -31.949853523249853, -28.0347155597131, -31.94510288883553, -23.589937525124444, 0.17559553682804108, 0.8889632821083069, 2.0674033164978027, 9.107305526733398, 0.701295586704569, -0.7157330785901079, -0.5624929370536831, -0.28787775209539884, -0.7976450490928009, -0.9999999980954248]",[1],J1810.8+1609,bll,bll,J1811.0+1608,bll,J1811.0+1608,bll,J1811.0+1608,bll,AGN,AGN,AGN,AGN
1438,J1811.3+0340,bll,J1811.2+0340,"[1.8802610635757446, 1.7374085187911987, 1.6138898134231567, 17.4830379486084, -32.20320237082235, -31.944537677411798, -27.621264860769113, -32.05466856548522, -23.148697405924224, 0.09942586719989777, 0.2975773811340332, 2.943618059158325, 21.682886123657227, -0.9997473640420526, 0.9984585063670487, -0.3446566403152981, -0.37115657410695624, -0.5653105372811676, -0.2828601556262091]",[1],J1811.2+0340,bll,bll,J1811.3+0340,bll,J1811.3+0340,bll,J1811.3+0340,bll,AGN,AGN,AGN,AGN
1439,J1811.5-1925,psr,J1811.3-1927c,"[2.0716629028320312, 2.1081433296203613, 1.1209256649017334, 5.1889872550964355, -33.659152918130665, -32.95707236476541, -26.505572710509625, -32.448755661426226, -22.015598554210143, 0.3636634647846222, 0.0, 2.0553085803985596, 4.700558185577393, 0.9994055351231789, -0.9995801670021761, 0.2334782710387232, 0.9814570871844744, -0.6460273132608437, -0.7899128648372363]",[0],J1811.3-1927c,spp,psr,J1811.5-1925,psr,J1811.5-1925,psr,J1811.5-1925,psr,AGN,AGN,AGN,PSR
1440,J1813.4-1246,PSR,J1813.4-1246,"[2.4900689125061035, 2.447528600692749, 1.5106489658355713, 5.477329254150391, -29.32774656913016, -28.413091987285515, -25.876284394283168, -28.386051395146975, -21.55816148087132, 0.33357250690460205, 0.0, 26.915340423583984, 105.7888412475586, 0.5240590129358011, -0.4134380441463873, -0.6407269211226344, -0.773735590543611, -0.94761623001904, -0.9999998604326159]",[0],J1813.4-1246,PSR,PSR,J1813.4-1246,PSR,J1813.4-1246,PSR,J1813.4-1246,PSR,PSR,PSR,PSR,PSR
1441,J1813.5+3144,bll,J1813.6+3143,"[2.144141912460327, 2.1298329830169678, 1.9595348834991455, 26.638463973999023, -31.912945426583892, -31.672525777349975, -27.756221545672204, -31.716429497252015, -23.283961739758762, 0.05759883671998978, 0.3958684504032135, 1.7017279863357544, 17.363229751586914, 0.8751607172491831, -0.6653203642195401, -0.41477882568084085, -0.646985539296147, -0.4674322423906827, -0.8648294717888947]",[1],J1813.6+3143,bll,bll,J1813.5+3144,bll,J1813.5+3144,bll,J1813.5+3144,bll,AGN,AGN,AGN,AGN
1442,J1813.6+0614,bll,J1813.6+0614,"[2.0584311485290527, 1.9079983234405518, 1.7129226922988892, 17.952056884765625, -31.37445867762816, -31.077896121784047, -27.679372159379305, -31.180129114298875, -23.138910639361093, 0.1362244188785553, 0.2449789196252823, 3.341794490814209, 20.805084228515625, -0.5050500839943809, -0.14620228873391525, -0.35993615009471536, -0.4893796107879988, -0.6261566248051378, -0.6817757229593795]",[1],J1813.6+0614,bll,bll,J1813.6+0614,bll,J1813.6+0614,bll,J1813.6+0614,bll,AGN,AGN,AGN,AGN
1443,J1816.5+4510,PSR,J1816.5+4512,"[2.140028476715088, 1.8077491521835327, 1.0524702072143555, 4.361276149749756, -30.446768436083673, -29.998751493074852, -28.176224291139842, -30.057187735360767, -23.217364031594904, 0.3410337269306183, 0.0, 9.015100479125977, 36.45845031738281, 0.9353231141117806, -0.2801385876055134, -0.35602470478753695, -0.6624457447450133, -0.8843361547886246, -0.7007587761774854]",[0],J1816.5+4512,PSR,PSR,J1816.5+4510,PSR,J1816.5+4510,MSP,J1816.5+4510,MSP,PSR,PSR,PSR,PSR
1444,J1816.9-4942,bcu,J1816.9-4944,"[2.3867604732513428, 2.23922061920166, 1.7134456634521484, 86.92977142333984, -30.253673713291384, -29.921372217307923, -27.880183099746287, -29.95681873857417, -23.376054055580244, 0.22166065871715546, 0.7333996295928955, 3.8861234188079834, 16.82436180114746, 0.9938595751794799, -0.5565592396674001, -0.562899628376721, -0.7613516001009851, -0.7704019311823732, -0.9995194292940377]",[1],J1816.9-4944,bcu,bcu,J1816.9-4942,fsrq,J1816.9-4942,fsrq,J1816.9-4942,fsrq,AGN,AGN,AGN,AGN
1445,J1817.1-1742,PSR,J1817.2-1739,"[2.5123307704925537, 2.472721815109253, 1.4551922082901, 2.46238112449646, -30.61938372825815, -30.27471755780683, -26.441320022630816, -30.354406589366576, -21.893887156433816, 0.3495602607727051, 0.0, 5.7446136474609375, 15.215993881225586, 0.7774180318756998, -0.4262863983508338, -0.5466081926978679, -0.6933573925243761, -0.8177102443449805, -0.9999569479461883]",[0],J1817.2-1739,spp,PSR,J1817.1-1742,PSR,J1817.1-1742,PSR,J1817.1-1742,PSR,PSR,PSR,PSR,PSR
1446,J1818.6+0903,fsrq,J1818.6+0903,"[2.3957343101501465, 2.3305797576904297, 2.1167263984680176, 93.20785522460938, -30.34090548671846, -30.034011249037764, -27.698798433777462, -30.097029977167445, -23.330575376467916, 0.11474087834358215, 0.7477346658706665, 2.4704298973083496, 14.904618263244629, 0.87656711899116, -0.4552367634867096, -0.6851293674416976, -0.613633065281879, -0.7603865114232565, -0.9999997331102964]",[1],J1818.6+0903,fsrq,fsrq,J1818.6+0903,fsrq,J1818.6+0903,fsrq,J1818.6+0903,fsrq,AGN,AGN,AGN,AGN
1447,J1819.1+2133,bll,J1819.1+2134,"[2.188746452331543, 2.2009849548339844, 2.030998468399048, 4.847815036773682, -32.21929285705079, -32.08122982547091, -28.148494567932982, -32.10236079954126, -23.723638895298365, -0.008862392976880074, 0.0, 0.13947153091430664, 8.276901245117188, -0.13704332357813107, -0.5895180065400484, -0.7372523448031963, -0.32801821313789714, -0.4457594547866831, -0.9022813396063267]",[1],J1819.1+2134,bcu,bll,J1819.1+2133,bll,J1819.1+2133,bll,J1819.1+2133,bll,AGN,AGN,AGN,AGN
1448,J1820.3+3624,bll,J1820.3+3625,"[1.7909417152404785, 1.512895107269287, 1.0708023309707642, 7.731949806213379, -34.08326450024049, -33.682003710469665, -28.410177037006388, -33.72550617481708, -23.99442115729905, 0.1812162846326828, 0.19716836512088776, 1.6413744688034058, 10.871772766113281, 0.9737710142154706, -0.8434667687492762, -0.5404085240406649, -0.11537199443162091, -0.2116660036096574, -0.626633864916904]",[1],J1820.3+3625,bcu,bll,J1820.3+3624,bll,J1820.3+3624,bll,J1820.3+3624,bll,AGN,AGN,AGN,AGN
1449,J1823.5+6858,bll,J1823.4+6857,"[2.1824443340301514, 1.979540228843689, 1.4935369491577148, 4.586192607879639, -31.734321309555106, -31.386414582248563, -28.3055891718171, -31.439012441661816, -23.640059854412677, 0.24018114805221558, 0.0, 4.204314231872559, 19.56140899658203, -0.9499122691017582, 0.12920699346850287, -0.49006941955019745, -0.4728962125093484, -0.8539863191852864, -0.9999991153795839]",[1],J1823.4+6857,bll,bll,J1823.5+6858,bll,J1823.5+6858,bll,J1823.5+6858,bll,AGN,AGN,AGN,AGN
1450,J1823.5-3020,PSR,J1823.7-3019,"[2.203030586242676, 2.1432418823242188, 1.294839859008789, 3.2132821083068848, -31.26809905691027, -30.901615749945716, -27.83038737746499, -30.899168708934965, -22.878019696776484, 0.29001668095588684, 0.0, 7.219018459320068, 26.851701736450195, 0.7066629593669232, -0.4509786921354295, -0.4615233159138367, -0.5176912946243403, -0.9387681873450114, -0.4134099926392152]",[0],J1823.7-3019,PSR,PSR,J1823.5-3020,PSR,J1823.5-3020,MSP,J1823.5-3020,MSP,PSR,PSR,PSR,AGN
1451,J1823.6-3453,bcu,J1823.6-3453,"[1.8410115242004395, 1.7287962436676025, 1.6580452919006348, 16.706119537353516, -31.946961603109195, -31.724088677507257, -27.44705729802626, -31.842985678098565, -23.065809409102204, 0.07375743985176086, 0.1912192702293396, 3.092676877975464, 30.82217788696289, 0.9990602383187388, 0.5533345460196779, -0.42520740232862486, -0.22731874590125126, -0.600075799717687, -0.3253957982472878]",[1],J1823.6-3453,bcu,bcu,J1823.6-3453,bcu,J1823.6-3453,bcu,J1823.6-3453,bcu,AGN,AGN,AGN,AGN
1452,J1824.1+5651,bll,J1824.2+5649,"[2.388579845428467, 2.311992883682251, 2.2291219234466553, 163.84194946289062, -28.987591763145844, -28.800887949080035, -27.777194709065704, -28.887382680032747, -23.30234638898465, 0.0695805624127388, 0.3999263346195221, 3.6746749877929688, 49.73027801513672, 0.1787103483970826, -0.6003014934317179, -0.6765188827654821, -0.6994538124592622, -0.717266144447078, -0.6180407348017443]",[1],J1824.2+5649,bll,bll,J1824.1+5651,bll,J1824.1+5651,bll,J1824.1+5651,bll,AGN,AGN,AGN,AGN
1453,J1824.1+1013,PSR,J1824.0+1017,"[2.2143564224243164, 2.138340473175049, 1.0075229406356812, 4.016489028930664, -31.6294768364362, -31.207095166720176, -28.105202350682593, -31.26870122001722, -23.17518493625501, 0.3787168264389038, 0.0, 5.278453350067139, 16.06319808959961, -0.5565651572258081, -0.5156484887316795, -0.46188854052575207, -0.501381465091165, -0.9999997754341978, 0.8685044164049242]",[0],J1824.0+1017,psr,PSR,J1824.1+1013,PSR,J1824.1+1013,MSP,J1824.1+1013,MSP,PSR,PSR,PSR,AGN
1454,J1824.5+4311,bcu,J1824.4+4310,"[1.9246877431869507, 1.9288609027862549, 1.7531052827835083, 6.257277488708496, -34.19819731995574, -34.04347611852021, -28.4981410605524, -34.05015388216631, -23.936495929248473, -0.0037024880293756723, 0.0, 0.04769618809223175, 8.440251350402832, -0.9674798834867708, 0.7278176773057351, -0.7037825339767724, -0.7126020961172608, 0.11780902985939733, -0.688296968950909]",[1],J1824.4+4310,bcu,bcu,J1824.5+4311,bcu,J1824.5+4311,bcu,J1824.5+4311,bcu,AGN,AGN,AGN,AGN
1455,J1824.6-2452,PSR,J1824.6-2451,"[2.3653528690338135, 2.3694708347320557, 1.3768590688705444, 3.3097355365753174, -30.571739565500405, -30.2217292372503, -27.464823496298088, -30.20942560059901, -22.63233643546472, 0.32013481855392456, 0.0, 8.851877212524414, 27.957117080688477, -0.2670419520767483, 0.23296887118185655, -0.6149169736583566, -0.6396050604446807, -0.9443645983018569, -0.42920236969131614]",[0],J1824.6-2451,PSR,PSR,J1824.6-2452,PSR,J1824.6-2452,MSP,J1824.6-2452,MSP,PSR,PSR,PSR,PSR
1456,J1825.1-5231,bcu,J1825.2-5230,"[2.341775894165039, 2.232556104660034, 1.9375996589660645, 338.3923034667969, -30.007948940311252, -29.711649916975315, -27.76666571640765, -29.776429793410465, -23.29818579359991, 0.1483026146888733, 1.1062157154083252, 4.205544948577881, 24.880638122558594, -0.19946169509510142, -0.4167138190349557, -0.6855557781510241, -0.6338137120117822, -0.7905058361067807, -0.9999799237750463]",[1],J1825.2-5230,bcu,bcu,J1825.1-5231,bcu,J1825.1-5231,bcu,J1825.1-5231,bcu,AGN,AGN,AGN,AGN
1457,J1826.1-1256,PSR,J1826.1-1256,"[2.4356484413146973, 2.4990837574005127, 1.4453508853912354, 7.7440104484558105, -29.204547608835895, -28.680546046819536, -25.187029053785402, -28.695996035985335, -20.890481949603096, 0.34998857975006104, 0.008941460400819778, 31.358341217041016, 103.2519760131836, 0.16487915406188303, -0.35406846799113284, -0.5688729794530534, -0.7160357524187315, -0.9371343054382276, -0.999969937244725]",[0],J1826.1-1256,PSR,PSR,J1826.1-1256,PSR,J1826.1-1256,PSR,J1826.1-1256,PSR,PSR,PSR,PSR,PSR
1458,J1829.0-2417,bcu,J1828.9-2417,"[2.139575958251953, 2.1255362033843994, 2.128848075866699, 13.348995208740234, -32.01310773988275, -31.83706808084583, -27.597116456593263, -31.95437375348795, -23.140107076407432, 0.01758572831749916, 0.2896888256072998, 0.44099539518356323, 12.634881019592285, -0.7247801800630127, -0.605669048276197, -0.5762658560767149, -0.48147212106137827, -0.7918574458582188, -0.04729590498031804]",[1],J1828.9-2417,bcu,bcu,J1829.0-2417,bll,J1829.0-2417,bll,J1829.0-2417,bll,AGN,AGN,AGN,AGN
1459,J1829.3+5402,bll,J1829.4+5402,"[1.8701344728469849, 1.7729662656784058, 1.592590570449829, 22.703895568847656, -33.24182607269805, -32.902668835278064, -28.280888294492936, -33.03775152031134, -23.872033497793424, 0.09550093859434128, 0.379032701253891, 2.175191640853882, 18.8535213470459, -0.8761280735303196, 0.2448586973045298, -0.45187253384357023, -0.3392353387310577, -0.4685596224513298, -0.5567492463188556]",[1],J1829.4+5402,bll,bll,J1829.3+5402,bll,J1829.3+5402,bll,J1829.3+5402,bll,AGN,AGN,AGN,AGN
1460,J1830.0+1324,bll,J1829.8+1328,"[2.032740831375122, 1.975034236907959, 1.7680004835128784, 28.331350326538086, -32.838715572420526, -32.608991764434805, -27.938268845493866, -32.661659231756936, -23.426431508281723, 0.05824394151568413, 0.5886334180831909, 1.0311428308486938, 11.23105525970459, -0.407320496403479, -0.8679216224022108, -0.45932955782368, -0.48812707734964844, -0.39297718569052, -0.7897204598408075]",[1],J1829.8+1328,bll,bll,J1830.0+1324,bll,J1830.0+1324,bll,J1830.0+1324,bll,AGN,AGN,AGN,AGN
1461,J1830.1+0617,fsrq,J1830.1+0617,"[2.3689417839050293, 2.3083198070526123, 2.1121034622192383, 221.19894409179688, -30.541940009736475, -30.280689198942135, -27.469321331578065, -30.312314943781978, -23.13903931008008, 0.08363179862499237, 1.5214078426361084, 1.6327579021453857, 13.898099899291992, 0.9557753664197508, -0.5069890102935538, -0.6747378218710318, -0.5446888615180553, -0.7945243028142623, -0.7784787718711448]",[1],J1830.1+0617,fsrq,fsrq,J1830.1+0617,fsrq,J1830.1+0617,fsrq,J1830.1+0617,fsrq,AGN,AGN,AGN,AGN
1462,J1830.2-4443,bcu,J1830.0-4439,"[2.597635507583618, 2.4246785640716553, 1.9193065166473389, 367.9743957519531, -28.548913090249144, -28.21486959585992, -27.783865620346255, -28.280721976052956, -23.411839774587087, 0.233409583568573, 1.0776885747909546, 4.78595495223999, 22.400890350341797, -0.3156595233171523, -0.5460173035834993, -0.7596740623738241, -0.7949924101038297, -0.9946263095933888, -0.9985523193061107]",[1],J1830.0-4439,bcu,bcu,J1830.2-4443,bcu,J1830.2-4443,bcu,J1830.2-4443,bcu,AGN,AGN,AGN,AGN
1463,J1830.7-2713,bcu,J1831.0-2714,"[2.263122320175171, 2.1970784664154053, 1.716086745262146, 5.9279866218566895, -31.539372815237325, -31.216086329435, -27.654820941023864, -31.23789191894535, -23.287906711541492, 0.16558316349983215, 0.0, 2.6500027179718018, 10.510316848754883, 0.8821595936393151, -0.28717530420127657, -0.5787709433791781, -0.5025160849153885, -0.759452960536414, -0.9999573211468288]",[1],J1831.0-2714,bcu,bcu,J1830.7-2713,bcu,J1830.7-2713,bcu,J1830.7-2713,bcu,AGN,AGN,AGN,AGN
1464,J1832.6-5658,bll,J1832.4-5659,"[2.0883004665374756, 2.0134856700897217, 1.8906409740447998, 11.479938507080078, -31.965722203737023, -31.709149011656464, -28.00494271824193, -31.80185032450078, -23.502997119629605, 0.0804588794708252, 0.1612977385520935, 2.104217052459717, 22.095163345336914, 0.8457437330006322, -0.38770923721322476, -0.5010124284534236, -0.4623218843839923, -0.6858075144110104, -0.6239878208073882]",[1],J1832.4-5659,bll,bll,J1832.6-5658,bll,J1832.6-5658,bll,J1832.6-5658,bll,AGN,AGN,AGN,AGN
1465,J1833.5-1033,PSR,J1833.5-1033,"[2.5046744346618652, 2.4283645153045654, 1.9038225412368774, 1.9306086301803589, -29.417341060150342, -29.068312364252822, -25.719945732766686, -29.07986420255576, -21.714627752215844, 0.1882695108652115, 0.0, 6.695518493652344, 29.72075843811035, -0.3762673926888178, -0.30659894136686366, -0.6367353923218131, -0.7101952624074461, -0.8576398481418376, -0.6982610250805155]",[0],J1833.5-1033,PSR,PSR,J1833.5-1033,PSR,J1833.5-1033,PSR,J1833.5-1033,PSR,PSR,PSR,PSR,AGN
1466,J1833.6-2103,FSRQ,J1833.6-2103,"[2.5245914459228516, 2.457263708114624, 2.270476818084717, 1960.8140869140625, -27.7603524105344, -27.50979553093653, -26.39065505438151, -27.586196517885035, -22.10444222777691, 0.09370595216751099, 0.465261846780777, 10.92501163482666, 122.36367797851562, -0.2612631186191301, -0.6118893069976455, -0.7289595619026402, -0.7154280905415867, -0.8242014589270722, -0.9541031349376221]",[1],J1833.6-2103,fsrq,FSRQ,J1833.6-2103,FSRQ,J1833.6-2103,FSRQ,J1833.6-2103,FSRQ,AGN,AGN,AGN,AGN
1467,J1835.5+1349,bll,J1835.4+1349,"[2.1692094802856445, 2.0305445194244385, 1.3962972164154053, 10.07894515991211, -32.7441209844115, -32.44083877884007, -27.91962200587992, -32.42140520022977, -23.511423691200196, 0.1531161665916443, 0.20657183229923248, 1.50802743434906, 6.726939678192139, -0.9997903328085895, 0.9991786969805352, -0.6488152553730784, -0.3251940771332604, -0.6445889396214883, -0.9999746036542602]",[1],J1835.4+1349,bcu,bll,J1835.5+1349,bll,J1835.5+1349,bll,J1835.5+1349,bll,AGN,AGN,AGN,AGN
1468,J1836.2+5925,PSR,J1836.2+5925,"[2.0583624839782715, 2.1083109378814697, 1.0100253820419312, 11.09591293334961, -29.13730198817722, -28.300110681901295, -26.43666853254256, -28.412804421857807, -21.225616698280607, 0.3883940279483795, 0.008323201909661293, 111.2263412475586, 466.0802917480469, 0.11439725314493962, -0.12766033881137162, -0.4360958870524174, -0.6867674452682444, -0.9562082567227191, -0.9999994537128286]",[0],J1836.2+5925,PSR,PSR,J1836.2+5925,PSR,J1836.2+5925,PSR,J1836.2+5925,PSR,PSR,PSR,PSR,PSR
1469,J1836.4+3137,bll,J1836.3+3137,"[2.335970640182495, 2.3345658779144287, 2.2660410404205322, 20.770851135253906, -31.525432104264954, -31.335093416229114, -27.822714584760696, -31.37776308380465, -23.536184046448742, 0.04733484238386154, 0.5032996535301208, 0.9097743630409241, 9.612101554870605, 0.3309209345423596, 0.9992063169620944, -0.597189302436586, -0.7858843988707492, -0.5173364436856875, -0.37974720879081014]",[1],J1836.3+3137,bll,bll,J1836.4+3137,bll,J1836.4+3137,bll,J1836.4+3137,bll,AGN,AGN,AGN,AGN
1470,J1837.8-0604,PSR,J1837.9-0607,"[2.4583213329315186, 2.748473644256592, 1.800262451171875, 2.5719079971313477, -31.35514992299455, -31.159760249528503, -25.547892615058032, -31.083039775862783, -21.361446731946188, 0.21866793930530548, 0.0, 4.814268589019775, 13.256303787231445, -0.25014845728396146, 0.8692598305796261, -0.6712183225147088, -0.731601201388961, -0.7936222401000477, -0.9945709596164185]",[0],J1837.9-0607,PSR,PSR,J1837.8-0604,PSR,J1837.8-0604,PSR,J1837.8-0604,PSR,AGN,PSR,PSR,PSR
1471,J1838.8+4802,bll,J1838.8+4802,"[1.852419137954712, 1.8171095848083496, 1.7219223976135254, 191.0902557373047, -32.04473753000921, -31.82471547029781, -27.55396157784849, -31.914673655969622, -23.256598163643606, 0.030290696769952774, 0.5355244278907776, 1.8512849807739258, 52.80746841430664, -0.3276481324201738, -0.36535848325980735, -0.5451615211615777, -0.33958997716957984, -0.4596183480034066, -0.37631885275080373]",[1],J1838.8+4802,bll,bll,J1838.8+4802,bll,J1838.8+4802,bll,J1838.8+4802,bll,AGN,AGN,AGN,AGN
1472,J1838.9-0537,PSR,J1838.9-0537,"[2.387162208557129, 2.620828628540039, 1.3881129026412964, 2.0418460369110107, -30.88404988842236, -30.598172960574296, -25.103336909656893, -30.480720219447758, -20.782704237569998, 0.323794960975647, 0.0, 11.02004337310791, 28.620960235595703, 0.8406095465895267, -0.43405063242533076, -0.6037878881385992, -0.5967019979393027, -0.8858928313019435, -0.928812869324425]",[0],J1838.9-0537,PSR,PSR,J1838.9-0537,PSR,J1838.9-0537,PSR,J1838.9-0537,PSR,PSR,PSR,PSR,PSR
1473,J1841.3+2909,bll,J1841.2+2910,"[1.7137938737869263, 1.589151382446289, 1.2298574447631836, 8.75417423248291, -34.37226108324111, -33.95661909951253, -28.049488965505716, -34.01995231185703, -23.63754283351856, 0.1343754529953003, 0.15206776559352875, 2.1325466632843018, 12.2780122756958, 0.999989083967993, -0.9667611398413002, 0.6043379210685456, -0.38062216780447716, -0.11712758441360052, -0.5892794050666854]",[1],J1841.2+2910,bcu,bll,J1841.3+2909,bll,J1841.3+2909,bll,J1841.3+2909,bll,AGN,AGN,AGN,AGN
1474,J1841.8+3218,bll,J1841.7+3218,"[1.9324082136154175, 1.7550601959228516, 1.3114829063415527, 34.75558090209961, -33.02994149858988, -32.67646260036341, -28.03736842579001, -32.713477766143086, -23.547592192478294, 0.16074536740779877, 0.5198774337768555, 2.8255531787872314, 17.193857192993164, 0.9576233239343942, -0.5885753712920214, -0.6168021379237525, -0.22028879810675467, -0.4252577021951925, -0.7920308439961224]",[1],J1841.7+3218,bll,bll,J1841.8+3218,bll,J1841.8+3218,bll,J1841.8+3218,bll,AGN,AGN,AGN,AGN
1475,J1842.3+6810,fsrq,J1842.8+6810,"[2.700453996658325, 2.66434383392334, 2.5388600826263428, 7.467065811157227, -30.096135101181638, -29.889073231582604, -28.0265332102938, -29.905826548188454, -24.055260149011428, 0.05862940102815628, 0.0, 0.6469014883041382, 8.099016189575195, 0.6994547762812129, -0.6089564488784251, -0.7846296399336395, -0.7934994416650988, -0.8080886430093632, -0.9995657997553503]",[1],J1842.8+6810,fsrq,fsrq,J1842.3+6810,fsrq,J1842.3+6810,fsrq,J1842.3+6810,fsrq,AGN,AGN,AGN,AGN
1476,J1842.4-5840,bcu,J1842.3-5841,"[1.663913607597351, 1.5853396654129028, 1.4527629613876343, 45.869873046875, -34.736532457000465, -34.38397995150472, -28.271986685666867, -34.54549438433758, -23.915371353720342, 0.07147752493619919, 0.9138824939727783, 1.1106188297271729, 11.902176856994629, 0.9620681619479285, -0.21603258825186955, -0.284311814150269, -0.13281029809188996, -0.6024885043528312, -0.05020741005050654]",[1],J1842.3-5841,bcu,bcu,J1842.4-5840,bll,J1842.4-5840,bll,J1842.4-5840,bll,AGN,AGN,AGN,AGN
1477,J1843.7-1114,PSR,J1843.6-1114,"[2.5996429920196533, 2.5299880504608154, 1.4395650625228882, 9.95967960357666, -29.57932998646881, -29.361596955905775, -26.910514184761407, -29.180972092167533, -22.650467294111223, 0.3741219639778137, 0.10883510112762451, 6.140744686126709, 17.97353744506836, 0.8865752894188128, -0.4055726530471069, -0.7290631878226085, -0.7852619422135667, -0.9787654583410076, -0.9989033867427617]",[0],J1843.6-1114,PSR,PSR,J1843.7-1114,PSR,J1843.7-1114,MSP,J1843.7-1114,MSP,PSR,PSR,PSR,PSR
1478,J1844.4+1547,bll,J1844.3+1547,"[2.0571987628936768, 1.942021131515503, 1.8141663074493408, 56.91636276245117, -31.493308793960797, -31.26171668683305, -27.286488029603504, -31.343535624012922, -22.834901672520946, 0.10351026058197021, 0.44355905055999756, 3.628264904022217, 28.904621124267578, 0.939295601467805, -0.6659687332520345, -0.3231118789223358, -0.4643880121092966, -0.6280702882843336, -0.6519697659115538]",[1],J1844.3+1547,bcu,bll,J1844.4+1547,bll,J1844.4+1547,bll,J1844.4+1547,bll,AGN,AGN,AGN,AGN
1479,J1844.9+5709,bll,J1844.1+5709,"[2.229905366897583, 2.173830986022949, 1.9545093774795532, 2.7804737091064453, -31.741106666566967, -31.453510791267643, -28.320016953927396, -31.516006789549085, -23.859830266780204, 0.09057789295911789, 0.0, 1.7341182231903076, 15.428884506225586, -0.5998883586431887, -0.5340469586073906, -0.65154930378487, -0.46608911406692477, -0.7394557725986397, -0.8000544064856726]",[1],J1844.1+5709,bll,bll,J1844.9+5709,bll,J1844.9+5709,bll,J1844.9+5709,bll,AGN,AGN,AGN,AGN
1480,J1846.3+0919,PSR,J1846.3+0919,"[2.1910650730133057, 2.0645384788513184, 0.6139412522315979, 11.665485382080078, -30.661135032007667, -30.153382736786476, -27.561026167251555, -30.22307179730014, -22.411507381675744, 0.5030670762062073, 0.06711907684803009, 16.901844024658203, 54.20257568359375, -0.2072904181267969, -0.133021436615454, -0.34502248433110055, -0.5994500312860009, -0.9455786211267171, -0.9999976266958894]",[0],J1846.3+0919,PSR,PSR,J1846.3+0919,PSR,J1846.3+0919,PSR,J1846.3+0919,PSR,PSR,PSR,PSR,PSR
1481,J1848.1-4230,bcu,J1848.1-4230,"[2.3098490238189697, 2.3138301372528076, 2.2919254302978516, 9.330794334411621, -31.907802740247313, -31.719213482203998, -28.030594230237902, -31.83894129787898, -23.725628283861983, 0.03604930266737938, 0.3233278691768646, 0.6214276552200317, 7.639854907989502, -0.3488351662178076, 0.9608777448341183, -0.8006428988144737, -0.47475424237871644, -0.797652921010526, -0.05829099306574877]",[1],J1848.1-4230,bcu,bcu,J1848.1-4230,bcu,J1848.1-4230,bcu,J1848.1-4230,bcu,AGN,AGN,AGN,AGN
1482,J1848.4+3217,FSRQ,J1848.4+3216,"[2.39152455329895, 2.232509136199951, 1.8381234407424927, 463.7294921875, -29.93375287556978, -29.587073468355708, -27.09555758174153, -29.6304108800336, -22.771366396204133, 0.22822052240371704, 0.9872022867202759, 6.524632453918457, 33.85905456542969, -0.6070017699138852, -0.30535494960437976, -0.5696172818852691, -0.708830161386086, -0.8184195645136706, -0.9998485675086638]",[1],J1848.4+3216,FSRQ,FSRQ,J1848.4+3217,FSRQ,J1848.4+3217,FSRQ,J1848.4+3217,FSRQ,AGN,AGN,AGN,AGN
1483,J1848.9+4247,bll,J1848.9+4247,"[2.011111259460449, 2.005147933959961, 1.9658900499343872, 13.812965393066406, -33.1717680436567, -32.981669029171044, -28.39628594142185, -33.080273062516895, -23.889144633792807, 0.01849312335252762, 0.4622756838798523, 0.40739062428474426, 9.33615779876709, -0.7545044161767643, 0.9432814355974644, -0.4895229573473374, -0.6369373629157824, -0.48553625881978607, -0.1213142067298135]",[1],J1848.9+4247,bll,bll,J1848.9+4247,bll,J1848.9+4247,bll,J1848.9+4247,bll,AGN,AGN,AGN,AGN
1484,J1849.2-1647,bcu,J1849.3-1645,"[1.9454814195632935, 1.965860366821289, 1.937035083770752, 0.4179973900318146, -33.42442277008935, -33.332259100046166, -27.808306725942714, -33.366960550361036, -23.251867407101116, -0.023532701656222343, 0.0, 0.6105290055274963, 12.191207885742188, 0.9984667422531999, -0.17311087541978293, -0.7248043512558301, -0.5319344706441326, -0.26428306010353314, -0.25167036732230197]",[1],J1849.3-1645,bcu,bcu,J1849.2-1647,bcu,J1849.2-1647,bll,J1849.2-1647,bll,AGN,AGN,AGN,AGN
1485,J1849.2+6705,FSRQ,J1849.2+6705,"[2.286266326904297, 2.2319834232330322, 2.0428383350372314, 1598.577880859375, -29.517436935079022, -29.23822584867166, -27.345215066399234, -29.304567506835728, -22.888790694792267, 0.09628409147262573, 0.7745887637138367, 8.572474479675293, 78.45771026611328, -0.13546101782970463, -0.495103258912469, -0.6349066045340495, -0.651356856068211, -0.7521499501783242, -0.7707162140149922]",[1],J1849.2+6705,FSRQ,FSRQ,J1849.2+6705,FSRQ,J1849.2+6705,FSRQ,J1849.2+6705,FSRQ,AGN,AGN,AGN,AGN
1486,J1849.4+2745,bll,J1849.5+2751,"[2.3294730186462402, 2.2105371952056885, 1.9552891254425049, 25.022859573364258, -30.90307960034364, -30.535787023334837, -28.025638341317492, -30.629420914213963, -23.606165497263508, 0.16700929403305054, 0.4947908818721771, 2.3948609828948975, 10.980937957763672, -0.5777825323144983, -0.3340533761658325, -0.5841621990920849, -0.7638436195579504, -0.6571868292165283, -0.7896784263518999]",[1],J1849.5+2751,bll,bll,J1849.4+2745,bll,J1849.4+2745,bll,J1849.4+2745,bll,AGN,AGN,AGN,AGN
1487,J1849.4-4313,bll,J1849.4-4312,"[2.237483263015747, 2.1709954738616943, 1.7241275310516357, 27.826723098754883, -30.762745682472236, -30.41867080344509, -27.796247226047107, -30.32366415027125, -23.26217105284565, 0.17399939894676208, 0.2799515724182129, 4.570457935333252, 22.20975112915039, 0.9979159937886842, -0.4527753298327126, -0.5638714003231258, -0.6151347750716092, -0.879886109057244, -0.3275653998085685]",[1],J1849.4-4312,bll,bll,J1849.4-4313,bll,J1849.4-4313,bll,J1849.4-4313,bll,AGN,AGN,AGN,AGN
1488,J1852.4+4856,fsrq,J1852.4+4856,"[2.2551136016845703, 2.1629178524017334, 2.0557422637939453, 382.8961486816406, -29.641710786702387, -29.434885464989296, -27.84233104906535, -29.52539393555428, -23.340262750996043, 0.07689014077186584, 0.8859342932701111, 3.5186188220977783, 38.049930572509766, -0.09769223507619568, -0.5212788974910496, -0.6552359782378037, -0.5461437592547499, -0.7105033080585603, -0.8808626570628156]",[1],J1852.4+4856,fsrq,fsrq,J1852.4+4856,fsrq,J1852.4+4856,fsrq,J1852.4+4856,fsrq,AGN,AGN,AGN,AGN
1489,J1854.6-6007,bll,J1855.1-6008,"[1.8751544952392578, 1.8166006803512573, 1.1576858758926392, 5.54608154296875, -34.16964823202283, -33.68740331518052, -28.62612078955311, -33.750764717678024, -24.119128440684992, 0.2509627044200897, 0.0, 1.2670425176620483, 5.67341423034668, 0.9714533327799, -0.9999452595208066, 0.9989684849532268, -0.6223599011666902, -0.24309706770625375, -0.9767291699496656]",[1],J1855.1-6008,bcu,bll,J1854.6-6007,bll,J1854.6-6007,bll,J1854.6-6007,bll,AGN,AGN,AGN,AGN
1490,J1858.3-2511,bcu,J1858.4-2509,"[2.3722383975982666, 2.2304677963256836, 1.8043441772460938, 59.04538345336914, -29.82159708439418, -29.465740759783714, -27.538089173996003, -29.544602437124126, -23.042169774783922, 0.21851392090320587, 0.43282148241996765, 5.267370223999023, 22.151111602783203, 0.937967568627279, -0.47162312718469385, -0.657054610013406, -0.6364267902576062, -0.8014088546451289, -0.9999991928094281]",[1],J1858.4-2509,bcu,bcu,J1858.3-2511,bcu,J1858.3-2511,bcu,J1858.3-2511,bcu,AGN,AGN,AGN,AGN
1491,J1858.3-2216,PSR,J1858.2-2215,"[2.1871821880340576, 1.958822250366211, 0.1461249589920044, 3.9957101345062256, -30.99275201671218, -30.325997162932584, -28.057656950173147, -30.477996292888452, -22.879689800082073, 0.6545488834381104, 0.0, 11.202482223510742, 28.249555587768555, 0.9996855963520791, -0.016073624882531803, -0.276787722698527, -0.6755408756183364, -0.9449044643773596, -0.9969776445766797]",[0],J1858.2-2215,PSR,PSR,J1858.3-2216,PSR,J1858.3-2216,MSP,J1858.3-2216,MSP,PSR,PSR,PSR,PSR
1492,J1902.0-5105,PSR,J1902.0-5107,"[2.316654920578003, 2.276921510696411, 1.5139834880828857, 4.2253804206848145, -29.95988005741857, -29.544007886614104, -27.580032402623118, -29.560224208330393, -22.950514929699924, 0.2871856987476349, 0.0, 11.545443534851074, 41.98800277709961, 0.7329313130043563, -0.35349050939629867, -0.6242451159160337, -0.7210316426364423, -0.9407517679003604, -0.99973284353454]",[0],J1902.0-5107,PSR,PSR,J1902.0-5105,PSR,J1902.0-5105,MSP,J1902.0-5105,MSP,PSR,PSR,PSR,AGN
1493,J1902.9-6748,fsrq,J1902.9-6745,"[2.4233200550079346, 2.2942135334014893, 2.0721161365509033, 196.39959716796875, -29.27962774310647, -29.015930938004704, -27.91242746990193, -29.08969091530733, -23.456992942207435, 0.13594761490821838, 0.668029248714447, 4.020333766937256, 30.680879592895508, 0.042478071961627686, -0.4890264236852602, -0.7172771321770552, -0.7558719236564679, -0.6616194526135508, -0.9999997923443926]",[1],J1902.9-6745,fsrq,fsrq,J1902.9-6748,fsrq,J1902.9-6748,fsrq,J1902.9-6748,fsrq,AGN,AGN,AGN,AGN
1494,J1903.2+5540,bll,J1903.2+5541,"[1.9475454092025757, 1.8175766468048096, 1.7179429531097412, 65.4212646484375, -30.46224328429472, -30.240680886423206, -27.32736714876772, -30.33600409199636, -22.898129486803786, 0.08307182043790817, 0.18933600187301636, 6.562128067016602, 81.03524780273438, 0.9990192202751844, -0.35704486949314196, -0.4388075177740937, -0.44396441585683705, -0.5993412222372851, -0.5725525044389288]",[1],J1903.2+5541,bll,bll,J1903.2+5540,bll,J1903.2+5540,bll,J1903.2+5540,bll,AGN,AGN,AGN,AGN
1495,J1903.4-7053,PSR,J1903.6-7052,"[2.101832389831543, 1.8943955898284912, 0.4205693304538727, 4.860546588897705, -31.924979948253846, -31.215566545229, -28.591947774441163, -31.449414081242516, -23.428801342154966, 0.5542072057723999, 0.0, 6.531216621398926, 22.57428550720215, -0.7516660035123922, -0.5743574852576695, -0.11368762455446704, -0.5302820430644236, -0.9000142610298297, -0.9962647275491348]",[0],J1903.6-7052,PSR,PSR,J1903.4-7053,PSR,J1903.4-7053,MSP,J1903.4-7053,MSP,PSR,PSR,PSR,PSR
1496,J1904.1+3627,bll,J1904.5+3627,"[1.8777860403060913, 1.8261152505874634, 1.7862675189971924, 23.633621215820312, -33.24277691534374, -32.96539568893105, -28.11714501326567, -33.12033029157338, -23.669660039354746, 0.04840858280658722, 0.5022646188735962, 1.0788581371307373, 14.882962226867676, 0.9386759240355786, -0.6260618026968511, -0.1199497150790043, -0.43773655086998187, -0.4226729882081495, -0.5467206640412466]",[1],J1904.5+3627,bcu,bll,J1904.1+3627,bll,J1904.1+3627,bll,J1904.1+3627,bll,AGN,AGN,AGN,AGN
1497,J1907.9+0602,PSR,J1907.9+0602,"[2.331550359725952, 2.3760969638824463, 1.4044270515441895, 6.304848670959473, -29.406244741129807, -29.003394314399173, -25.762549380573855, -28.967693161152408, -21.234091377972035, 0.3063906729221344, 0.0, 31.531116485595703, 109.97220611572266, 0.9947110881722038, -0.36536015906599634, -0.5537214534852846, -0.6802136854010679, -0.9043758484985288, -0.944728940754159]",[0],J1907.9+0602,PSR,PSR,J1907.9+0602,PSR,J1907.9+0602,PSR,J1907.9+0602,PSR,PSR,PSR,PSR,PSR
1498,J1911.2-2006,fsrq,J1911.2-2006,"[2.44527530670166, 2.34598970413208, 1.9611114263534546, 609.60546875, -28.861286250452224, -28.5392915413434, -27.13957861264233, -28.591334634614885, -22.739892214787005, 0.17766615748405457, 0.6253977417945862, 9.632143020629883, 57.3983268737793, 0.01735299738394276, -0.5472029960889988, -0.6916622492600026, -0.7388298920657677, -0.8435863982382517, -0.9999094905551923]",[1],J1911.2-2006,fsrq,fsrq,J1911.2-2006,fsrq,J1911.2-2006,fsrq,J1911.2-2006,fsrq,AGN,AGN,AGN,AGN
1499,J1911.4-1908,bll,J1911.4-1908,"[1.8838310241699219, 1.8352090120315552, 1.732116460800171, 22.739952087402344, -33.428666303803865, -33.20126850445228, -27.93103883360732, -33.302242554093276, -23.419702683427268, 0.045929886400699615, 0.5490506887435913, 1.002690076828003, 14.61166763305664, 0.5260405246673981, -0.3798799646375671, -0.5563617018801956, -0.31672590622048785, -0.48558792481408963, -0.42178062493243973]",[1],J1911.4-1908,bcu,bll,J1911.4-1908,bll,J1911.4-1908,bll,J1911.4-1908,bll,AGN,AGN,AGN,AGN
1500,J1912.1-0803,bcu,J1912.0-0804,"[2.360278367996216, 2.3257334232330322, 2.248183250427246, 95.31439971923828, -30.253867752933665, -30.023839103526537, -27.409113020906098, -30.11586282811071, -23.021574059465426, 0.050200507044792175, 0.5770437121391296, 1.5634890794754028, 22.199840545654297, -0.07734807523264536, -0.5842240542664495, -0.638797219013234, -0.6101133872551189, -0.7658643135285498, -0.5949585176576971]",[1],J1912.0-0804,bcu,bcu,J1912.1-0803,bcu,J1912.1-0803,bcu,J1912.1-0803,bcu,AGN,AGN,AGN,AGN
1501,J1912.4-1222,bcu,J1912.6-1223,"[2.392382860183716, 2.4310882091522217, 1.8462741374969482, 29.73685073852539, -30.809261694427803, -30.521450193100577, -27.38071382011483, -30.49729242019663, -23.02046932321292, 0.20818379521369934, 0.46143123507499695, 4.082693576812744, 13.754781723022461, 0.9964198554235398, -0.5902868333181134, -0.6703912402512847, -0.6936196093395055, -0.6736308585228354, -0.9999921006753016]",[1],J1912.6-1223,bcu,bcu,J1912.4-1222,bcu,J1912.4-1222,bcu,J1912.4-1222,bcu,AGN,AGN,AGN,AGN
1502,J1913.0-8009,fsrq,J1912.9-8008,"[2.4460456371307373, 2.340371608734131, 2.0938472747802734, 336.20330810546875, -29.171056533812518, -28.903080991201172, -27.56508875808626, -28.97103478732136, -23.196325062619437, 0.12457382678985596, 0.8723486661911011, 4.236204624176025, 31.292583465576172, -0.20545803464103768, -0.4770519066708147, -0.6818593287851347, -0.7098122490715488, -0.8222302381730584, -0.9993442829664319]",[1],J1912.9-8008,fsrq,fsrq,J1913.0-8009,fsrq,J1913.0-8009,fsrq,J1913.0-8009,fsrq,AGN,AGN,AGN,AGN
1503,J1913.4-3629,bcu,J1913.5-3631,"[2.332395315170288, 2.3686327934265137, 1.722206950187683, 65.28820037841797, -31.435505843601455, -31.194645889547445, -27.438357302376414, -30.71586574003625, -23.065511627414704, 0.19960880279541016, 0.8549646735191345, 3.362358808517456, 10.920462608337402, -0.600017633174622, -0.6142245636176313, -0.1868346703375036, -0.6866849377464519, -0.7978225622622914, -0.7249685851926395]",[1],J1913.5-3631,bcu,bcu,J1913.4-3629,bcu,J1913.4-3629,bcu,J1913.4-3629,bcu,AGN,AGN,AGN,AGN
1504,J1913.9+4439,bll,J1913.9+4441,"[1.985660195350647, 1.9127236604690552, 1.7024434804916382, 7.819488048553467, -33.052209146596915, -32.75487155592467, -28.38149668064775, -32.82307163796683, -23.885172672801733, 0.09369601309299469, 0.1470145881175995, 1.4651005268096924, 10.68610954284668, 0.9442958872961832, -0.657154197511561, -0.3596889095338085, -0.3851860355934489, -0.5280893077790795, -0.6934081754936154]",[1],J1913.9+4441,bcu,bll,J1913.9+4439,bll,J1913.9+4439,bll,J1913.9+4439,bll,AGN,AGN,AGN,AGN
1505,J1917.7-1921,bll,J1917.7-1921,"[1.9483535289764404, 1.9255601167678833, 1.8956717252731323, 52.4169921875, -31.405113419200255, -31.212922957674756, -27.318244625670946, -31.330951782042735, -22.909675966590175, 0.01997571997344494, 0.22201880812644958, 1.401322603225708, 57.237510681152344, -0.6005801663402314, -0.25814476427025124, -0.5294323743328713, -0.4153123830290779, -0.5743162513590299, -0.34439486441138284]",[1],J1917.7-1921,bll,bll,J1917.7-1921,bll,J1917.7-1921,bll,J1917.7-1921,bll,AGN,AGN,AGN,AGN
1506,J1918.1+3752,bcu,J1918.0+3750,"[2.036362886428833, 1.9948006868362427, 1.8890223503112793, 17.669099807739258, -32.969072945246566, -32.75904730299244, -28.304478185689177, -32.833477176874446, -23.79909437451756, 0.04297253489494324, 0.5113645792007446, 0.6444809436798096, 7.675579071044922, 0.9998961464098388, -0.7473151555012296, -0.4627696124054211, -0.40562658438216953, -0.5932047774890215, -0.4790927272032371]",[1],J1918.0+3750,bcu,bcu,J1918.1+3752,bcu,J1918.1+3752,bcu,J1918.1+3752,bcu,AGN,AGN,AGN,AGN
1507,J1918.2-4111,bll,J1918.2-4110,"[1.9392975568771362, 1.760662317276001, 1.5771564245224, 30.02450180053711, -30.722847046784054, -30.469382889268502, -27.326536576328568, -30.54427857772979, -22.883895062810915, 0.11389483511447906, 0.16953858733177185, 6.139477729797363, 52.79390335083008, 0.9900616944492556, -0.35670861839751666, -0.3988687360462355, -0.392751674952108, -0.6546179728759064, -0.7142595434791396]",[1],J1918.2-4110,bll,bll,J1918.2-4111,bll,J1918.2-4111,bll,J1918.2-4111,bll,AGN,AGN,AGN,AGN
1508,J1921.3-1231,bll,J1921.2-1232,"[2.0403826236724854, 1.9741891622543335, 1.8028919696807861, 12.97525691986084, -31.921460953299203, -31.661666332710613, -27.73535473690033, -31.73509951719606, -23.238472043970734, 0.07051639258861542, 0.21884015202522278, 2.164665937423706, 21.595605850219727, 0.9999945251104984, -0.41653780880102215, -0.5326521473005772, -0.48802092750074755, -0.523754122166787, -0.6353136403757322]",[1],J1921.2-1232,bll,bll,J1921.3-1231,bll,J1921.3-1231,bll,J1921.3-1231,bll,AGN,AGN,AGN,AGN
1509,J1921.4+0136,PSR,J1921.2+0136,"[2.3112094402313232, 2.2689409255981445, 1.310783863067627, 6.096351146697998, -31.23424638903651, -30.885878806373224, -27.809139246278097, -30.872462970986106, -22.868806675705777, 0.32075250148773193, 0.0, 5.390224933624268, 16.544937133789062, 0.04671818390943123, -0.5241653448289251, -0.466247834356497, -0.6423839792770393, -0.8406725871478427, -0.9998765162191903]",[0],J1921.2+0136,psr,PSR,J1921.4+0136,PSR,J1921.4+0136,MSP,J1921.4+0136,MSP,AGN,PSR,PSR,AGN
1510,J1921.8-1607,bll,J1921.9-1607,"[1.8075968027114868, 1.743660569190979, 1.6250241994857788, 33.78547286987305, -33.225849489243, -32.939003453681046, -27.727931604271667, -33.046381735526104, -23.321226679845786, 0.07155674695968628, 0.5269967913627625, 2.080261707305908, 20.166648864746094, 0.9988505273026964, -0.3064170534841066, -0.47301625058582036, -0.21415933258825715, -0.5752820197522127, -0.2056642989922268]",[1],J1921.9-1607,bll,bll,J1921.8-1607,bll,J1921.8-1607,bll,J1921.8-1607,bll,AGN,AGN,AGN,AGN
1511,J1923.5-2104,fsrq,J1923.5-2104,"[2.3026649951934814, 2.1566784381866455, 1.9027836322784424, 1638.863037109375, -29.337125309429293, -29.08538243124447, -27.49889699502269, -29.15324229581231, -22.952130090688946, 0.13216084241867065, 1.5033178329467773, 6.107740879058838, 45.67365646362305, 0.3245871884884604, -0.4703142500639638, -0.6108385194473982, -0.6234736203228463, -0.8615702654229771, -0.9999999998500692]",[1],J1923.5-2104,fsrq,fsrq,J1923.5-2104,fsrq,J1923.5-2104,fsrq,J1923.5-2104,fsrq,AGN,AGN,AGN,AGN
1512,J1924.8-2914,fsrq,J1924.8-2914,"[2.3892934322357178, 2.372040271759033, 2.319391965866089, 203.5909881591797, -29.571417945131806, -29.37397662473335, -27.709527149420158, -29.467682511513793, -23.160120731391046, 0.029877349734306335, 0.5525345802307129, 1.4449506998062134, 37.114837646484375, -0.23789985770140148, -0.5701509816513413, -0.7194730500483617, -0.60892387777507, -0.6362983534624377, -0.8574071682856022]",[1],J1924.8-2914,fsrq,fsrq,J1924.8-2914,fsrq,J1924.8-2914,fsrq,J1924.8-2914,fsrq,AGN,AGN,AGN,AGN
1513,J1925.0+2815,bcu,J1924.9+2817,"[1.979546308517456, 1.9693164825439453, 1.8641108274459839, 9.693056106567383, -32.93937188167347, -32.781134917721374, -27.908600124487513, -32.82745922676227, -23.389142356630952, 0.009521928615868092, 0.19059143960475922, 0.26546815037727356, 15.291437149047852, 0.9999857862618857, -0.51634156337321, -0.7050005192145756, -0.2722441969808753, -0.4501246012910765, -0.4901057181843723]",[1],J1924.9+2817,bcu,bcu,J1925.0+2815,bcu,J1925.0+2815,bcu,J1925.0+2815,bcu,AGN,AGN,AGN,AGN
1514,J1925.7+1227,bcu,J1925.7+1228,"[2.4247381687164307, 2.3952739238739014, 1.8656419515609741, 82.49590301513672, -30.555526851502073, -30.27269514972719, -26.686140085092596, -30.239698639163773, -22.476157495362695, 0.16736586391925812, 0.8338103890419006, 3.3848938941955566, 11.708697319030762, 0.6156338153829666, -0.6373523009849611, -0.6371709067817376, -0.6325702191127531, -0.7940090254130228, -0.7989069767919013]",[1],J1925.7+1228,bcu,bcu,J1925.7+1227,bcu,J1925.7+1227,bcu,J1925.7+1227,bcu,AGN,AGN,AGN,AGN
1515,J1926.8+6154,bll,J1926.8+6154,"[1.9210164546966553, 1.765779972076416, 1.5285730361938477, 54.56025695800781, -32.315832980991836, -32.07644894413786, -27.724176959542778, -32.12345701346463, -23.290753524780783, 0.1156400591135025, 0.41411086916923523, 3.99172306060791, 33.65409851074219, -0.4954247644106555, -0.5268884671621495, -0.3614283315973507, -0.3943288841965916, -0.41403655697209263, -0.7436334448708314]",[1],J1926.8+6154,bll,bll,J1926.8+6154,bll,J1926.8+6154,bll,J1926.8+6154,bll,AGN,AGN,AGN,AGN
1516,J1927.5+6117,bll,J1927.7+6118,"[2.125786066055298, 2.0424997806549072, 1.9219346046447754, 38.14118957519531, -31.514500192341806, -31.286838341430524, -27.882761397316656, -31.376437257313484, -23.456172059854833, 0.09292961657047272, 0.41791459918022156, 2.9677209854125977, 25.918184280395508, 0.9979609248477451, 0.16540219280228924, -0.4965634071890509, -0.5810372799037293, -0.6647903897670089, -0.4776838779989991]",[1],J1927.7+6118,bll,bll,J1927.5+6117,bll,J1927.5+6117,bll,J1927.5+6117,bll,AGN,AGN,AGN,AGN
1517,J1931.1+0937,bll,J1931.1+0937,"[1.8670103549957275, 1.6930415630340576, 1.560037612915039, 59.63792037963867, -31.95053708689943, -31.735236343237563, -27.05397040371301, -31.819506458040255, -22.60026948672093, 0.09763183444738388, 0.3202056884765625, 4.060633182525635, 43.4493408203125, 0.9181059696875921, -0.6493197215122097, -0.3668594508199308, -0.3541331508911699, -0.4239503322998753, -0.4414469807478083]",[1],J1931.1+0937,bll,bll,J1931.1+0937,bll,J1931.1+0937,bll,J1931.1+0937,bll,AGN,AGN,AGN,AGN
1518,J1932.3+1916,PSR,J1932.2+1916,"[2.4925968647003174, 2.551029920578003, 1.2516772747039795, 8.683697700500488, -29.739674120862187, -29.26753453595093, -26.10770999089316, -29.29455766812731, -21.94270433613979, 0.42067649960517883, 0.04364011436700821, 13.545281410217285, 37.320308685302734, -0.1720076753001925, -0.38484366051389013, -0.6010903093990748, -0.7823471013066805, -0.9461111283382244, -0.9978602060207918]",[0],J1932.2+1916,PSR,PSR,J1932.3+1916,PSR,J1932.3+1916,PSR,J1932.3+1916,PSR,PSR,PSR,PSR,PSR
1519,J1933.2-4539,fsrq,J1932.6-4537,"[2.6727771759033203, 2.6601383686065674, 2.578336000442505, 38.91282653808594, -29.067724275138776, -28.8737481489774, -28.08765711777973, -28.95322281545796, -23.79584651527852, 0.019792325794696808, 0.5796282291412354, 0.36214685440063477, 11.064370155334473, -0.4898302747289703, -0.6071648277165751, -0.8068446000834975, -0.5818696228752537, -0.8772585288120434, -0.9992221101971025]",[1],J1932.6-4537,fsrq,fsrq,J1933.2-4539,fsrq,J1933.2-4539,fsrq,J1933.2-4539,fsrq,AGN,AGN,AGN,AGN
1520,J1933.3+0726,bll,J1933.4+0727,"[1.829390287399292, 1.7801545858383179, 1.679219126701355, 13.312158584594727, -33.35576185860645, -33.093578346503975, -27.663863921883078, -33.18959111472369, -23.186342085104634, 0.04648778587579727, 0.252076655626297, 1.3876534700393677, 21.58514404296875, 0.9996485103759344, -0.7677188146400046, -0.47039691473589174, -0.29025064228636227, -0.4654143568635166, -0.3905192535169868]",[1],J1933.4+0727,bcu,bll,J1933.3+0726,bll,J1933.3+0726,bll,J1933.3+0726,bll,AGN,AGN,AGN,AGN
1521,J1936.9-4720,bll,J1936.9-4719,"[1.7679237127304077, 1.7302448749542236, 1.6306209564208984, 30.38651466369629, -33.357669059484195, -33.11466339783492, -27.897029846367936, -33.19304583208417, -23.574506815125176, 0.031855661422014236, 0.41643744707107544, 0.9910534024238586, 21.69011688232422, 0.9435805925051454, -0.23508087975903869, -0.5458017376288036, -0.30217523722773076, -0.4489668316684663, -0.2819498117375947]",[1],J1936.9-4719,bll,bll,J1936.9-4720,bll,J1936.9-4720,bll,J1936.9-4720,bll,AGN,AGN,AGN,AGN
1522,J1937.0+8354,bcu,J1935.5+8355,"[2.136117935180664, 1.632567048072815, 0.2987969219684601, 8.965314865112305, -32.942781333112165, -32.291549098475045, -29.17588128674126, -32.47141323963153, -24.01002496105297, 0.6385878324508667, 0.1364082247018814, 3.1405858993530273, 7.4980788230896, 0.6142362783362937, -0.6508558000710049, -0.015508057179607303, -0.3829192819364082, -0.7329231469815429, -0.9999780005528733]",[1],J1935.5+8355,bcu,bcu,J1937.0+8354,bcu,J1937.0+8354,bcu,J1937.0+8354,bcu,AGN,AGN,AGN,AGN
1523,J1937.2-3958,fsrq,J1937.0-3956,"[2.6233878135681152, 2.5774343013763428, 2.4218435287475586, 50.35919189453125, -28.7943574756191, -28.549751311757284, -27.875288219242837, -28.62652251175727, -23.49387269513601, 0.07113480567932129, 0.4196023941040039, 1.6560691595077515, 17.63897705078125, -0.4091277675719473, -0.613011109985906, -0.7565323981170045, -0.7128581548994337, -0.9542850550556238, -0.9971429396332525]",[1],J1937.0-3956,fsrq,fsrq,J1937.2-3958,fsrq,J1937.2-3958,fsrq,J1937.2-3958,fsrq,AGN,AGN,AGN,AGN
1524,J1939.8-4928,bcu,J1939.6-4925,"[2.0818464756011963, 2.0603041648864746, 1.922995924949646, 13.196383476257324, -32.647563237486764, -32.460917405812786, -28.387252475605806, -32.49934010858912, -23.890582486673843, 0.02471769228577614, 0.3645133972167969, 0.450474351644516, 9.991384506225586, 0.998740679462818, -0.6153373623443779, -0.7462678574840359, -0.27545483091684236, -0.6361143728075311, -0.48506713722315203]",[1],J1939.6-4925,bcu,bcu,J1939.8-4928,bcu,J1939.8-4928,bcu,J1939.8-4928,bcu,AGN,AGN,AGN,AGN
1525,J1941.3-6210,fsrq,J1941.2-6210,"[2.446810483932495, 2.3633601665496826, 2.2468831539154053, 738.6246337890625, -28.40761675979287, -28.20595153347194, -27.726637091492073, -28.28846437728247, -23.20786236679542, 0.07665819674730301, 0.7690649032592773, 4.173630237579346, 53.07448959350586, -0.16433917703237103, -0.5875473304061758, -0.7112373303022602, -0.695351615179023, -0.7614188839274303, -0.9402671437926412]",[1],J1941.2-6210,bcu,fsrq,J1941.3-6210,bll,J1941.3-6210,bll,J1941.3-6210,bll,AGN,AGN,AGN,AGN
1526,J1941.7+7218,bcu,J1941.8+7218,"[2.6777284145355225, 2.647519826889038, 2.4374160766601562, 70.65973663330078, -30.268114963838826, -30.031763416270145, -27.96237917745107, -30.06186586960639, -24.016731426668763, 0.09922713786363602, 1.1405799388885498, 1.1616744995117188, 6.952920913696289, -0.12564118867450047, -0.701433969044647, -0.7782538056933255, -0.8115396267538978, -0.36878469311404294, -0.9998165139931813]",[1],J1941.8+7218,bcu,bcu,J1941.7+7218,bcu,J1941.7+7218,bcu,J1941.7+7218,bcu,AGN,AGN,AGN,AGN
1527,J1942.7+1033,bll,J1942.7+1033,"[1.8704196214675903, 1.8420921564102173, 1.7773151397705078, 54.6290283203125, -32.19610526752856, -31.990655307616983, -27.25668453831282, -32.09199410161363, -22.850881992020604, 0.024759117513895035, 0.31314584612846375, 1.4356216192245483, 44.048587799072266, 0.8204610763982897, -0.4440032488424623, -0.4762414362617208, -0.4132780498833334, -0.46002737012681705, -0.369639290069678]",[1],J1942.7+1033,bcu,bll,J1942.7+1033,bll,J1942.7+1033,bll,J1942.7+1033,bll,AGN,AGN,AGN,AGN
1528,J1942.8-3512,bll,J1943.2-3510,"[2.407566547393799, 2.3597512245178223, 2.1616318225860596, 14.7105712890625, -30.72684673758285, -30.536171251494725, -28.021186779841038, -30.594570429703023, -23.68004321632222, 0.03717343509197235, 0.6066595315933228, 0.3883434534072876, 4.791563987731934, -0.6315988616555044, -0.37815168906477686, -0.7217831985920848, -0.5230676778499548, -0.6254431883050775, -0.9999922339721556]",[1],J1943.2-3510,bll,bll,J1942.8-3512,bll,J1942.8-3512,bll,J1942.8-3512,bll,AGN,AGN,AGN,AGN
1529,J1944.4-4523,bcu,J1944.1-4523,"[1.7038753032684326, 1.6380259990692139, 1.4224377870559692, 10.694129943847656, -34.574504773088876, -34.2364192341138, -28.323261234770815, -34.30604482075136, -23.947093879868067, 0.08464901149272919, 0.16294436156749725, 1.3998321294784546, 9.907604217529297, -0.982758045973153, 0.9921721921990116, -0.157942025079753, -0.3187780028822624, -0.43381118758016857, -0.09934605456430308]",[1],J1944.1-4523,bcu,bcu,J1944.4-4523,bcu,J1944.4-4523,bll,J1944.4-4523,bll,AGN,AGN,AGN,AGN
1530,J1946.0-3112,bll,J1945.9-3115,"[2.22416090965271, 2.2183964252471924, 2.1124167442321777, 4.499321937561035, -31.326469818136783, -31.17217353190458, -27.96640098003367, -31.22049488499766, -23.49212078124142, 0.005189838819205761, 0.0, 0.10979913175106049, 12.928767204284668, -0.1986068940200405, -0.8330935331118753, -0.517356605956012, -0.4110839163739997, -0.8459915220758673, -0.31494158666731326]",[1],J1945.9-3115,bll,bll,J1946.0-3112,bll,J1946.0-3112,bll,J1946.0-3112,bll,AGN,AGN,AGN,AGN
1531,J1949.0+1314,bcu,J1949.0+1312,"[2.4606595039367676, 2.444284677505493, 2.288896083831787, 10.460868835449219, -30.748750123403468, -30.533064900083406, -27.437796345654736, -30.533982032739466, -23.29728002860739, 0.08877194672822952, 0.27170529961586, 1.586680293083191, 10.007773399353027, 0.9743388792813023, -0.6387227035473996, -0.6733252847958462, -0.7408397886341048, -0.5442452445107457, -0.999998779420811]",[1],J1949.0+1312,bcu,bcu,J1949.0+1314,bcu,J1949.0+1314,bcu,J1949.0+1314,bcu,AGN,AGN,AGN,AGN
1532,J1952.9+3252,PSR,J1952.9+3253,"[2.2767302989959717, 2.1602118015289307, 1.4590330123901367, 3.278620719909668, -29.122991464963565, -28.704768428000985, -26.553941332654002, -28.715312382633105, -21.855376291698164, 0.27494245767593384, 0.0, 25.9937686920166, 106.8575668334961, -0.10162971499737443, -0.26989160704275955, -0.553277009502234, -0.6692783785098416, -0.9093295297560361, -0.9244714655122043]",[0],J1952.9+3253,PSR,PSR,J1952.9+3252,PSR,J1952.9+3252,PSR,J1952.9+3252,PSR,PSR,PSR,PSR,PSR
1533,J1954.3+2836,PSR,J1954.2+2836,"[2.3105032444000244, 2.1624562740325928, 1.404054045677185, 5.086944103240967, -29.586394901077053, -29.132547954253475, -26.34190389835098, -29.18544738498791, -21.84870167772781, 0.3167743980884552, 0.0, 19.15951919555664, 73.59929656982422, 0.9958241849677378, -0.10658315896103099, -0.5021957890261542, -0.6740673672192816, -0.8920314725544157, -0.9168719564574656]",[0],J1954.2+2836,PSR,PSR,J1954.3+2836,PSR,J1954.3+2836,PSR,J1954.3+2836,PSR,PSR,PSR,PSR,PSR
1534,J1954.6-1122,bll,J1954.8-1122,"[2.4145748615264893, 2.386403799057007, 2.294168710708618, 169.62481689453125, -29.79050523375246, -29.555074403144218, -27.72690847323876, -29.639414694694782, -23.261992043819625, 0.072447769343853, 0.7388717532157898, 2.281109094619751, 23.08991813659668, -0.3145146606515661, -0.6396053805087277, -0.7191816090598165, -0.6178089893421652, -0.7105209688598094, -0.7617227149932235]",[1],J1954.8-1122,fsrq,bll,J1954.6-1122,bll,J1954.6-1122,bll,J1954.6-1122,bll,AGN,AGN,AGN,AGN
1535,J1954.9-5640,bcu,J1954.9-5640,"[1.9437843561172485, 1.982630729675293, 1.9804288148880005, 8.510066032409668, -33.13880179477348, -33.0595669394636, -28.287392413627416, -33.11093624117929, -23.802904747079463, -0.03626830875873566, 0.20412887632846832, 1.0197780132293701, 13.364679336547852, 0.9975349671892692, -0.4458557587597005, -0.6863398995216624, -0.37469356509922924, -0.5621297411733235, -0.08462188786778461]",[1],J1954.9-5640,bcu,bcu,J1954.9-5640,bll,J1954.9-5640,bll,J1954.9-5640,bll,AGN,AGN,AGN,AGN
1536,J1955.1-1604,bll,J1955.0-1605,"[2.070648431777954, 2.0682296752929688, 2.0048506259918213, 19.30025291442871, -32.12897750310262, -31.992387507518657, -27.91097838574049, -32.04280878573602, -23.411587781027357, 0.004302774555981159, 0.3392261564731598, 0.1526821106672287, 16.04570770263672, 0.9991591743564254, -0.6503827450985125, -0.6003774496397375, -0.5530328559591248, -0.45210081029837645, -0.3297923108729064]",[1],J1955.0-1605,bcu,bll,J1955.1-1604,bll,J1955.1-1604,bll,J1955.1-1604,bll,AGN,AGN,AGN,AGN
1537,J1955.2+1358,fsrq,J1955.1+1357,"[2.4102842807769775, 2.2616262435913086, 1.9471116065979004, 125.70958709716797, -29.74629591282186, -29.45900565885456, -27.529988975112587, -29.514229828437934, -23.127954467254167, 0.1646822839975357, 0.8184308409690857, 3.557987689971924, 18.429622650146484, 0.5352046647214426, -0.6289840955074074, -0.6125309601695038, -0.7243340025985117, -0.8129939469160777, -0.5637503184923346]",[1],J1955.1+1357,fsrq,fsrq,J1955.2+1358,fsrq,J1955.2+1358,fsrq,J1955.2+1358,fsrq,AGN,AGN,AGN,AGN
1538,J1955.7+0214,bll,J1955.9+0212,"[1.8744271993637085, 1.877049446105957, 1.649308443069458, 3.79638409614563, -34.178179160240326, -33.93868734892668, -28.075837006200207, -33.94729674921604, -23.528934609190436, 0.07086237519979477, 0.0, 1.2470442056655884, 8.428129196166992, -0.9832677712340309, 0.9998722158769553, -0.4562568072499966, -0.6625656259882634, -0.3321447348005564, -0.3916161908503815]",[1],J1955.9+0212,bcu,bll,J1955.7+0214,bll,J1955.7+0214,bll,J1955.7+0214,bll,AGN,AGN,AGN,AGN
1539,J1955.7+0214,bll,J1955.9+0212,"[1.8744271993637085, 1.877049446105957, 1.649308443069458, 3.79638409614563, -34.178179160240326, -33.93868734892668, -28.075837006200207, -33.94729674921604, -23.528934609190436, 0.07086237519979477, 0.0, 1.2470442056655884, 8.428129196166992, -0.9832677712340309, 0.9998722158769553, -0.4562568072499966, -0.6625656259882634, -0.3321447348005564, -0.3916161908503815]",[1],J1955.9+0212,bcu,bll,J1955.7+0214,bll,J1956.1+0234,bcu,J1955.7+0214,bll,AGN,AGN,AGN,AGN
1540,J1955.7+0214,bll,J1955.9+0212,"[1.8744271993637085, 1.877049446105957, 1.649308443069458, 3.79638409614563, -34.178179160240326, -33.93868734892668, -28.075837006200207, -33.94729674921604, -23.528934609190436, 0.07086237519979477, 0.0, 1.2470442056655884, 8.428129196166992, -0.9832677712340309, 0.9998722158769553, -0.4562568072499966, -0.6625656259882634, -0.3321447348005564, -0.3916161908503815]",[1],J1955.9+0212,bcu,bll,J1956.1+0234,bcu,J1955.7+0214,bll,J1955.7+0214,bll,AGN,AGN,AGN,AGN
1541,J1955.7+0214,bll,J1955.9+0212,"[1.8744271993637085, 1.877049446105957, 1.649308443069458, 3.79638409614563, -34.178179160240326, -33.93868734892668, -28.075837006200207, -33.94729674921604, -23.528934609190436, 0.07086237519979477, 0.0, 1.2470442056655884, 8.428129196166992, -0.9832677712340309, 0.9998722158769553, -0.4562568072499966, -0.6625656259882634, -0.3321447348005564, -0.3916161908503815]",[1],J1955.9+0212,bcu,bll,J1956.1+0234,bcu,J1956.1+0234,bcu,J1955.7+0214,bll,AGN,AGN,AGN,AGN
1542,J1956.1+0234,bcu,J1955.9+0212,"[2.0687949657440186, 2.1475651264190674, 1.280970811843872, 7.957639694213867, -32.94080753879773, -32.450225859929816, -28.08487427877613, -32.33891073839985, -23.587194845214913, 0.3205070197582245, 0.0, 2.462012767791748, 4.208582878112793, -0.9998582430116538, 0.9951990863391128, 0.9995474798046284, -0.45098296917834946, -0.7415676359727642, -0.49961296444787945]",[1],J1955.9+0212,bcu,bcu,J1955.7+0214,bll,J1955.7+0214,bll,J1955.7+0214,bll,AGN,AGN,AGN,AGN
1543,J1956.1+0234,bcu,J1955.9+0212,"[2.0687949657440186, 2.1475651264190674, 1.280970811843872, 7.957639694213867, -32.94080753879773, -32.450225859929816, -28.08487427877613, -32.33891073839985, -23.587194845214913, 0.3205070197582245, 0.0, 2.462012767791748, 4.208582878112793, -0.9998582430116538, 0.9951990863391128, 0.9995474798046284, -0.45098296917834946, -0.7415676359727642, -0.49961296444787945]",[1],J1955.9+0212,bcu,bcu,J1955.7+0214,bll,J1956.1+0234,bcu,J1955.7+0214,bll,AGN,AGN,AGN,AGN
1544,J1956.1+0234,bcu,J1955.9+0212,"[2.0687949657440186, 2.1475651264190674, 1.280970811843872, 7.957639694213867, -32.94080753879773, -32.450225859929816, -28.08487427877613, -32.33891073839985, -23.587194845214913, 0.3205070197582245, 0.0, 2.462012767791748, 4.208582878112793, -0.9998582430116538, 0.9951990863391128, 0.9995474798046284, -0.45098296917834946, -0.7415676359727642, -0.49961296444787945]",[1],J1955.9+0212,bcu,bcu,J1956.1+0234,bcu,J1955.7+0214,bll,J1955.7+0214,bll,AGN,AGN,AGN,AGN
1545,J1956.1+0234,bcu,J1955.9+0212,"[2.0687949657440186, 2.1475651264190674, 1.280970811843872, 7.957639694213867, -32.94080753879773, -32.450225859929816, -28.08487427877613, -32.33891073839985, -23.587194845214913, 0.3205070197582245, 0.0, 2.462012767791748, 4.208582878112793, -0.9998582430116538, 0.9951990863391128, 0.9995474798046284, -0.45098296917834946, -0.7415676359727642, -0.49961296444787945]",[1],J1955.9+0212,bcu,bcu,J1956.1+0234,bcu,J1956.1+0234,bcu,J1955.7+0214,bll,AGN,AGN,AGN,AGN
1546,J1957.1-3231,fsrq,J1957.0-3234,"[2.6196000576019287, 2.6357383728027344, 2.64243221282959, 11.634881019592285, -29.555040061563737, -29.413505935886352, -27.92492144780141, -29.5373985841394, -23.708228363854467, -0.034369226545095444, 0.3769296407699585, 0.4712502658367157, 5.757087230682373, -0.8783231377177491, 0.09234284885365249, -0.903180115092523, -0.5940723291751769, -0.28823524322115013, -0.9938905129011517]",[1],J1957.0-3234,fsrq,fsrq,J1957.1-3231,fsrq,J1957.1-3231,fsrq,J1957.1-3231,fsrq,AGN,AGN,AGN,AGN
1547,J1957.6+5033,PSR,J1957.7+5034,"[2.4042117595672607, 2.410615921020508, 0.39403873682022095, 3.6707680225372314, -29.785126183121985, -29.29037686704842, -27.877818454875882, -29.257101026534812, -22.91155703121121, 0.6683473587036133, 0.0, 19.37850570678711, 56.664493560791016, 0.9988241550555804, -0.2271429281230164, -0.6220668923978239, -0.9159295127458268, -0.9978774174356947, -0.9999456839787136]",[0],J1957.7+5034,PSR,PSR,J1957.6+5033,PSR,J1957.6+5033,PSR,J1957.6+5033,PSR,PSR,PSR,PSR,AGN
1548,J1958.0-3845,fsrq,J1958.0-3847,"[2.347522497177124, 2.1901888847351074, 1.917189359664917, 58.8607292175293, -28.691049463463482, -28.405457261659844, -27.540242928255232, -28.48036070953296, -22.909648413838546, 0.15365545451641083, 0.17887166142463684, 8.459628105163574, 58.41178894042969, -0.27756223297073096, -0.4711154464791221, -0.6443192162035724, -0.7123136903197863, -0.8807180821555971, -0.8275137188624716]",[1],J1958.0-3847,fsrq,fsrq,J1958.0-3845,fsrq,J1958.0-3845,fsrq,J1958.0-3845,fsrq,AGN,AGN,AGN,AGN
1549,J1958.3-3010,bll,J1958.2-3011,"[1.8125044107437134, 1.7490392923355103, 1.6514354944229126, 27.51426124572754, -33.187288772275814, -32.92213230558483, -27.757748645217024, -33.03858090689711, -23.35641947575813, 0.05634348466992378, 0.4052145779132843, 1.6447949409484863, 20.636667251586914, 0.9999866542646169, -0.6737087835286767, -0.4416909962714805, -0.23706639874104277, -0.44507832863514074, -0.42656414486616984]",[1],J1958.2-3011,bll,bll,J1958.3-3010,bll,J1958.3-3010,bll,J1958.3-3010,bll,AGN,AGN,AGN,AGN
1550,J1958.7+2846,PSR,J1958.6+2845,"[2.3446943759918213, 2.173768997192383, 1.2665941715240479, 3.5305233001708984, -29.344086378538105, -28.91769084334473, -26.399205852217825, -28.909311858906104, -21.87134674455222, 0.37911054491996765, 0.0, 21.597700119018555, 75.83517456054688, 0.999417722507385, -0.21760292365390724, -0.5135198294798742, -0.7305541729106151, -0.8957172111750518, -0.9473627620212891]",[0],J1958.6+2845,PSR,PSR,J1958.7+2846,PSR,J1958.7+2846,PSR,J1958.7+2846,PSR,PSR,PSR,PSR,PSR
1551,J1959.1-4247,fsrq,J1959.1-4245,"[2.458728313446045, 2.285832405090332, 2.0062718391418457, 294.01910400390625, -29.143893673714093, -28.89714912741028, -27.819456364976467, -28.960825357772016, -23.3878711045239, 0.14733333885669708, 0.9494085907936096, 3.5451598167419434, 24.387100219726562, -0.3797651708232441, -0.45869014084162146, -0.6808564685324157, -0.6819561179753112, -0.999999840763118, 0.987628350256416]",[1],J1959.1-4245,fsrq,fsrq,J1959.1-4247,fsrq,J1959.1-4247,fsrq,J1959.1-4247,fsrq,AGN,AGN,AGN,AGN
1552,J1959.5+2048,PSR,J1959.5+2047,"[2.356050968170166, 2.3143811225891113, 0.8441805839538574, 7.656005859375, -30.412016967160437, -29.94312795157638, -27.800905845353423, -30.015831118825187, -22.821289372061425, 0.5017492771148682, 0.04337416589260101, 10.705848693847656, 27.695575714111328, 0.9999732304187049, 0.00430969440287593, -0.5456759624473522, -0.7414977479559478, -0.9745667475549923, -0.9999949177572851]",[0],J1959.5+2047,PSR,PSR,J1959.5+2048,PSR,J1959.5+2048,MSP,J1959.5+2048,MSP,PSR,PSR,PSR,AGN
1553,J1959.7-4725,bll,J1959.8-4725,"[1.779971957206726, 1.5513393878936768, 1.3127262592315674, 7.33247709274292, -32.27175090703976, -31.928580616554985, -27.666440801676096, -32.03570719656615, -23.31725677847593, 0.1515732705593109, 0.03250512108206749, 5.103883743286133, 31.517887115478516, -0.9991825416738488, 0.9995363449203672, -0.26943122108910905, -0.2630395399956998, -0.43790264707266374, -0.7105102055935836]",[1],J1959.8-4725,bcu,bll,J1959.7-4725,bll,J1959.7-4725,bll,J1959.7-4725,bll,AGN,AGN,AGN,AGN
1554,J2000.0+4214,bcu,J2000.1+4212,"[2.5233840942382812, 2.5505669116973877, 2.557631254196167, 46.122501373291016, -30.814912276907, -30.754479103347553, -27.400041553007764, -30.69082249298878, -23.45004902339198, -0.05747978016734123, 0.8416414856910706, 0.8795308470726013, 6.195958614349365, -0.3776127608172039, -0.7375704998483283, -0.7073548703864241, -0.7160472695296537, -0.5828304481127229, -0.8681032993852458]",[1],J2000.1+4212,bcu,bcu,J2000.0+4214,bcu,J2000.0+4214,bcu,J2000.0+4214,bcu,AGN,AGN,AGN,AGN
1555,J2000.0+6508,bll,J2000.0+6509,"[1.8164150714874268, 1.7499557733535767, 1.7493771314620972, 1052.407470703125, -30.75574138094284, -30.616077470822155, -26.87467959351276, -30.712210439705714, -22.60664178507735, 0.03404700383543968, 0.6454665660858154, 3.6855554580688477, 121.33515167236328, -0.09828870995201837, -0.2098809003005277, -0.42080475173361903, -0.3858700229855586, -0.5103983315337169, -0.3217637290833772]",[1],J2000.0+6509,bll,bll,J2000.0+6508,bll,J2000.0+6508,bll,J2000.0+6508,bll,AGN,AGN,AGN,AGN
1556,J2000.3-2930,fsrq,J2000.4-2926,"[2.4230432510375977, 2.396789073944092, 2.3743982315063477, 3.2798752784729004, -30.16438674599199, -29.909283955677232, -27.913227737970118, -30.067461044375758, -23.51005837081906, 0.05246075615286827, 0.0, 1.098799705505371, 13.671616554260254, -0.5559157938043549, -0.46207851898980573, -0.7292057801494005, -0.6936613262691038, -0.7180054916828119, -0.4794972846227474]",[1],J2000.4-2926,fsrq,fsrq,J2000.3-2930,fsrq,J2000.3-2930,fsrq,J2000.3-2930,fsrq,AGN,AGN,AGN,AGN
1557,J2000.9-1748,fsrq,J2001.0-1750,"[2.270940065383911, 2.272091865539551, 2.2790353298187256, 77.01417541503906, -30.473620546113654, -30.338613160842883, -27.751223407121437, -30.443723981278943, -23.23026211710031, -0.002009051153436303, 0.503474235534668, 0.06156572327017784, 27.792030334472656, 0.9998915579098743, -0.5109859568699894, -0.7141580474818143, -0.5251557729787195, -0.7041873389918981, -0.308692971803074]",[1],J2001.0-1750,fsrq,fsrq,J2000.9-1748,fsrq,J2000.9-1748,fsrq,J2000.9-1748,fsrq,AGN,AGN,AGN,AGN
1558,J2001.2+4353,bll,J2001.1+4352,"[1.9518576860427856, 1.8038212060928345, 1.6832427978515625, 1027.20751953125, -31.015365476831985, -30.78713394303018, -27.027716209170205, -30.883933939315913, -22.608046923354202, 0.09654351323843002, 1.0207602977752686, 5.192564010620117, 59.27528762817383, -0.44788874911298493, -0.4618260660080239, -0.3737347526861519, -0.4093441305832766, -0.5587882486412193, -0.5856283041018849]",[1],J2001.1+4352,bll,bll,J2001.2+4353,bll,J2001.2+4353,bll,J2001.2+4353,bll,AGN,AGN,AGN,AGN
1559,J2001.7+7040,bll,J2001.8+7041,"[2.1376798152923584, 2.111085891723633, 1.9395807981491089, 14.304463386535645, -32.5347949403281, -32.2534715156433, -28.165212877082105, -32.295944189759624, -23.702741973531015, 0.06540128588676453, 0.3152969181537628, 1.3632701635360718, 13.355195045471191, -0.1858396042361368, -0.37920606497328646, -0.554900880735921, -0.533322584477393, -0.5530693715543812, -0.7069420950724452]",[1],J2001.8+7041,bll,bll,J2001.7+7040,bll,J2001.7+7040,bll,J2001.7+7040,bll,AGN,AGN,AGN,AGN
1560,J2002.6+6302,bcu,J2002.7+6303,"[1.588216781616211, 1.4966371059417725, 0.7761024236679077, 4.242791175842285, -35.69748813368346, -35.11337319529808, -28.719435187926567, -35.16222949709976, -24.411978064348997, 0.25243619084358215, 0.0, 2.059770107269287, 5.8119940757751465, -0.9997140202793764, 0.8838231824504662, 0.9986841426910539, -0.11730882570794807, -0.5070865630789337, 0.04132232955667422]",[1],J2002.7+6303,bcu,bcu,J2002.6+6302,bll,J2002.6+6302,bll,J2002.6+6302,bll,AGN,AGN,AGN,AGN
1561,J2005.1+7003,bll,J2004.8+7003,"[1.8123183250427246, 1.582674503326416, 1.1493099927902222, 37.165122985839844, -33.45973285335015, -33.043654621941954, -28.044208490966884, -33.15548396930849, -23.524013591462737, 0.20643694698810577, 0.7484439611434937, 3.5627684593200684, 16.77510643005371, -0.9604884272124475, 0.8381741749017306, -0.23388930375593164, -0.19817631645725522, -0.47707644419555373, -0.6195795962989947]",[1],J2004.8+7003,bll,bll,J2005.1+7003,bll,J2005.1+7003,bll,J2005.1+7003,bll,AGN,AGN,AGN,AGN
1562,J2005.5+7752,bll,J2005.2+7752,"[2.2300660610198975, 2.1439223289489746, 2.075746536254883, 332.5122985839844, -29.645917784351553, -29.471462958264745, -27.638071327601036, -29.556586322555653, -23.173221005030896, 0.06452928483486176, 0.5526518225669861, 4.13081169128418, 55.34040451049805, -0.2874092484147722, -0.5279322525770631, -0.615202129748613, -0.5511988804272047, -0.7594995396671897, -0.7800495161514404]",[1],J2005.2+7752,bll,bll,J2005.5+7752,bll,J2005.5+7752,bll,J2005.5+7752,bll,AGN,AGN,AGN,AGN
1563,J2005.9-2309,fsrq,J2006.0-2311,"[2.462937355041504, 2.3547232151031494, 2.2275547981262207, 239.8148651123047, -28.748281032004492, -28.51232796910892, -27.741811131399277, -28.603498823732544, -23.28901479878259, 0.10251758992671967, 0.896897554397583, 2.773128032684326, 23.767812728881836, -0.3417611407478383, -0.5206316477707121, -0.7179349917640192, -0.7258935956104645, -0.6947651907134862, -0.9997464334854561]",[1],J2006.0-2311,fsrq,fsrq,J2005.9-2309,fsrq,J2005.9-2309,fsrq,J2005.9-2309,fsrq,AGN,AGN,AGN,AGN
1564,J2007.2+6607,fsrq,J2007.3+6605,"[2.545762300491333, 2.6127798557281494, 1.846024990081787, 11.24630355834961, -31.172218076795225, -30.750523710756116, -27.858154297508356, -30.518994587011907, -23.846273021589344, 0.3048734962940216, 0.2798924446105957, 2.7410900592803955, 6.639754295349121, -0.12874661629719575, -0.7754853252285423, -0.7726343787390665, -0.7708136907128363, -0.9999902527051574, 0.9880760549839527]",[1],J2007.3+6605,fsrq,fsrq,J2007.2+6607,fsrq,J2007.2+6607,fsrq,J2007.2+6607,fsrq,AGN,AGN,AGN,AGN
1565,J2007.3-7728,bcu,J2007.7-7728,"[2.428014039993286, 2.133509635925293, 1.3602967262268066, 61.881229400634766, -30.50398898639329, -30.056742192058884, -28.21190324473724, -30.12899056356195, -23.559507698129785, 0.3588714599609375, 0.919134259223938, 3.492438793182373, 10.736200332641602, 0.45320257352595616, -0.340082021776552, -0.5380885467497698, -0.7542136954982298, -0.9999910187213578, 0.659050697495134]",[1],J2007.7-7728,bcu,bcu,J2007.3-7728,bcu,J2007.3-7728,bcu,J2007.3-7728,bcu,AGN,AGN,AGN,AGN
1566,J2007.9-4432,nlsy1,J2007.8-4429,"[2.598299980163574, 2.4096357822418213, 1.981992244720459, 60.98285675048828, -28.567155294718578, -28.287705247201306, -27.908354225101764, -28.32995121017824, -23.562186119201694, 0.18396298587322235, 0.4220433831214905, 3.4277517795562744, 20.670795440673828, -0.45104547787614374, -0.549300541162382, -0.7435221002212126, -0.8447921977464578, -0.9007074555457688, -0.9984018108847499]",[1],J2007.8-4429,nlsy1,nlsy1,J2007.9-4432,nlsy1,J2007.9-4432,nlsy1,J2007.9-4432,nlsy1,AGN,AGN,AGN,AGN
1567,J2009.4-4849,BLL,J2009.3-4849,"[1.8300068378448486, 1.79263436794281, 1.7468582391738892, 135.07833862304688, -31.795342032381868, -31.560989863823927, -27.36215527614624, -31.693606822452708, -23.110679311261954, 0.02952858805656433, 0.43920546770095825, 1.8828437328338623, 58.483131408691406, 0.5912703875659641, -0.45175743825961684, -0.42975454787407896, -0.3576070433288568, -0.5629769151539118, -0.2372320348263219]",[1],J2009.3-4849,BLL,BLL,J2009.4-4849,BLL,J2009.4-4849,BLL,J2009.4-4849,BLL,AGN,AGN,AGN,AGN
1568,J2010.0+7229,bll,J2010.3+7228,"[2.292013645172119, 2.164168357849121, 1.8701730966567993, 63.75801467895508, -30.25724328435398, -29.967447623090827, -27.764751901717286, -30.035500185960228, -23.26131074932324, 0.15173420310020447, 0.32253023982048035, 5.817811012268066, 35.33184051513672, -0.32562162750677864, -0.5231501389832486, -0.5948248101765605, -0.6535289404197592, -0.7418636541329727, -0.9998489319251499]",[1],J2010.3+7228,bll,bll,J2010.0+7229,bll,J2010.0+7229,bll,J2010.0+7229,bll,AGN,AGN,AGN,AGN
1569,J2012.0+4629,bll,J2012.0+4629,"[2.0719687938690186, 1.8961656093597412, 1.683037519454956, 231.09324645996094, -30.852945922886256, -30.574960626872866, -27.199065941653767, -30.653546618054694, -22.685021668532166, 0.1386452615261078, 0.6271374821662903, 5.716210842132568, 41.92776107788086, 0.17996835922234564, -0.31567520792509807, -0.4021721455893108, -0.47864959582588223, -0.6720675179796876, -0.6331817904885363]",[1],J2012.0+4629,bll,bll,J2012.0+4629,bll,J2012.0+4629,bll,J2012.0+4629,bll,AGN,AGN,AGN,AGN
1570,J2012.2-1646,bll,J2012.1-1643,"[2.697040319442749, 2.726609706878662, 1.6567161083221436, 101.41275787353516, -29.197110074050276, -28.80709532801717, -27.613868350838978, -28.78053585600997, -23.469026559915743, 0.37375572323799133, 0.8813334107398987, 5.289570331573486, 13.451127052307129, 0.0025965451608791013, -0.5776597337898867, -0.7720904121955957, -0.8707490675388402, -0.9999590506516811, 0.7143126291549159]",[1],J2012.1-1643,bll,bll,J2012.2-1646,bll,J2012.2-1646,bll,J2012.2-1646,bll,AGN,AGN,AGN,AGN
1571,J2014.3-0047,bll,J2014.3-0047,"[1.942259669303894, 1.9231866598129272, 1.9102293252944946, 19.217103958129883, -33.03409210313305, -32.85852982771018, -27.986874483271222, -32.97055226755431, -23.48444159006941, 0.022409072145819664, 0.5364881157875061, 0.5104023814201355, 12.412158012390137, 0.9963835683812303, -0.26067651482520227, -0.5162784818579347, -0.3687402380358786, -0.7118333916018968, -0.24634286510590114]",[1],J2014.3-0047,bll,bll,J2014.3-0047,bll,J2014.3-0047,bll,J2014.3-0047,bll,AGN,AGN,AGN,AGN
1572,J2014.5+0648,bll,J2014.5+0648,"[1.9198710918426514, 1.9075214862823486, 1.7678077220916748, 4.462213516235352, -33.508986160297404, -33.3474447982449, -28.02839528389606, -33.37476857941562, -23.489514813594276, 0.012546489015221596, 0.0, 0.25895074009895325, 12.345242500305176, 0.9959295299857048, -0.6784112819282222, -0.4833793851006456, -0.5485369396957338, -0.20928874821979207, -0.618779300098161]",[1],J2014.5+0648,bcu,bll,J2014.5+0648,bll,J2014.5+0648,bll,J2014.5+0648,bll,AGN,AGN,AGN,AGN
1573,J2015.0+1621,bcu,J2014.9+1623,"[2.3081703186035156, 2.3167619705200195, 2.3185923099517822, 7.504228115081787, -31.328907242610626, -31.202780241591284, -27.924942394549323, -31.28934418881337, -23.559084087578753, -0.014854387380182743, 0.09796945750713348, 0.33572810888290405, 9.034305572509766, 0.9964632286060783, -0.5907054802303704, -0.6840405923131281, -0.6318557908525778, -0.4749938590309281, -0.31574472199747805]",[1],J2014.9+1623,bcu,bcu,J2015.0+1621,bcu,J2015.0+1621,bcu,J2015.0+1621,bcu,AGN,AGN,AGN,AGN
1574,J2015.2-0137,bll,J2015.2-0138,"[2.23722505569458, 2.1697309017181396, 2.004582405090332, 9.108798027038574, -30.297320336676957, -30.0202479157345, -27.65959267436728, -30.1040982994078, -23.14903538518735, 0.1058422103524208, 0.07221894711256027, 3.612264394760132, 25.49658966064453, 0.9999881143762271, -0.41788929708928035, -0.5908911554561567, -0.6708377232655809, -0.6024158544253344, -0.8912614770260942]",[1],J2015.2-0138,bll,bll,J2015.2-0137,bll,J2015.2-0137,bll,J2015.2-0137,bll,AGN,AGN,AGN,AGN
1575,J2015.5+3710,FSRQ,J2015.6+3709,"[2.4503185749053955, 2.5799880027770996, 1.9697833061218262, 107.36507415771484, -30.16031756958441, -29.893989688460145, -25.81029057731048, -29.701124042187, -21.569331240415064, 0.17963771522045135, 0.363147109746933, 8.505918502807617, 22.667165756225586, 0.141705896571866, -0.5517743389999616, -0.47521672314865643, -0.725127090841203, -0.8362021376325123, -0.960540656589726]",[1],J2015.6+3709,FSRQ,FSRQ,J2015.5+3710,FSRQ,J2015.5+3710,FSRQ,J2015.5+3710,FSRQ,AGN,AGN,AGN,AGN
1576,J2016.3-0903,bll,J2016.4-0905,"[1.9751874208450317, 1.9269301891326904, 1.8166182041168213, 31.137523651123047, -31.864373697104547, -31.623099841560357, -27.79223248946438, -31.711128646249385, -23.34743734259788, 0.05036656931042671, 0.3355615437030792, 1.8025411367416382, 27.171287536621094, 0.9917169019130125, -0.44360417609944053, -0.4922931817060891, -0.5215198141646824, -0.42684594032830764, -0.7066463994072183]",[1],J2016.4-0905,bll,bll,J2016.3-0903,bll,J2016.3-0903,bll,J2016.3-0903,bll,AGN,AGN,AGN,AGN
1577,J2017.4+0602,PSR,J2017.3+0602,"[1.9726005792617798, 1.6945819854736328, 0.7262438535690308, 10.664962768554688, -30.74325011060765, -30.169671210285074, -27.490481004385835, -30.223728311396965, -22.505084785705506, 0.406360387802124, 0.05312684550881386, 19.33542823791504, 67.72528839111328, 0.9989622569839315, -0.11593335982306535, -0.25438007828081277, -0.4703421219448854, -0.8758882423271894, -0.9999961483747791]",[0],J2017.3+0602,PSR,PSR,J2017.4+0602,PSR,J2017.4+0602,MSP,J2017.4+0602,MSP,PSR,PSR,PSR,PSR
1578,J2017.5-4113,bcu,J2017.6-4110,"[2.0273661613464355, 1.868072748184204, 1.670988917350769, 12.670369148254395, -32.74289174507671, -32.382557902140285, -28.371338770129785, -32.497004929258864, -23.873450259529513, 0.13419988751411438, 0.41866183280944824, 1.4784895181655884, 8.196433067321777, 0.8068019419385094, -0.41139922552605623, -0.2188606996905252, -0.5082089669211323, -0.5617631384701807, -0.7574688552606693]",[1],J2017.6-4110,bcu,bcu,J2017.5-4113,bcu,J2017.5-4113,bcu,J2017.5-4113,bcu,AGN,AGN,AGN,AGN
1579,J2017.7-1612,PSR,J2017.6-1616,"[2.2333245277404785, 2.0585715770721436, 1.5360946655273438, 7.9797139167785645, -30.770600074110693, -30.4708352689974, -27.955309662600904, -30.47793824857423, -23.33816717785199, 0.20115432143211365, 0.09568945318460464, 3.640697956085205, 19.034976959228516, 0.9888666574231172, -0.38167511296042816, -0.4982823684036872, -0.5274733074385057, -0.9077736080316972, -0.5950518284356731]",[0],J2017.6-1616,psr,PSR,J2017.7-1612,PSR,J2017.7-1612,MSP,J2017.7-1612,MSP,AGN,AGN,AGN,AGN
1580,J2018.5+3852,bcu,J2018.5+3851,"[2.1157994270324707, 1.820205569267273, 0.8936057686805725, 6.583463668823242, -32.324277804791656, -31.902417701416226, -27.36153600886309, -31.943450243758164, -22.533967828968382, 0.31500113010406494, 0.0, 3.440751552581787, 13.899930953979492, -0.9539351528827367, -0.38873465206808205, -0.21520318177235503, -0.23352238826888994, -0.6222420139859405, -0.9411686696334615]",[1],J2018.5+3851,bcu,bcu,J2018.5+3852,bcu,J2018.5+3852,bcu,J2018.5+3852,bcu,AGN,AGN,AGN,AGN
1581,J2021.1+3651,PSR,J2021.1+3651,"[2.3133342266082764, 2.212061882019043, 1.3845092058181763, 2.2368228435516357, -28.53358095641152, -28.008521700546165, -25.701116992052047, -28.057489857441773, -21.054196750526664, 0.3179113268852234, 0.0, 48.56430435180664, 182.37640380859375, 0.04535103600570689, -0.2918033993357249, -0.541755020152624, -0.702140791186876, -0.9121234984093695, -0.9551830126396399]",[0],J2021.1+3651,PSR,PSR,J2021.1+3651,PSR,J2021.1+3651,PSR,J2021.1+3651,PSR,PSR,PSR,PSR,PSR
1582,J2021.5+4026,PSR,J2021.5+4026,"[2.3422799110412598, 2.7450103759765625, 1.2617121934890747, 201.75640869140625, -29.333231167466316, -28.99138841239031, -25.20357780811306, -28.857842823775723, -20.523284744964013, 0.3965599536895752, 0.09226573258638382, 53.308231353759766, 117.51615142822266, 0.6500424844920523, -0.06081198292782729, -0.5563550279056927, -0.7569137060988288, -0.9634952201294213, -0.9992013625610168]",[0],J2021.5+4026,PSR,PSR,J2021.5+4026,PSR,J2021.5+4026,PSR,J2021.5+4026,PSR,PSR,PSR,PSR,PSR
1583,J2021.9+0629,bll,J2021.9+0630,"[2.057892084121704, 1.9223198890686035, 1.611790657043457, 14.23781967163086, -32.40688561596767, -32.08527324808415, -27.990321091610596, -32.109930511244734, -23.489902224520677, 0.15755455195903778, 0.3854335844516754, 2.362779378890991, 11.207154273986816, 0.9836339107129387, 0.43815988951636414, -0.4566080254641549, -0.4297778793815244, -0.8100216325247344, -0.5050230603253535]",[1],J2021.9+0630,bll,bll,J2021.9+0629,bll,J2021.9+0629,bll,J2021.9+0629,bll,AGN,AGN,AGN,AGN
1584,J2022.3+3840,PSR,J2022.2+3840,"[2.7205514907836914, 2.838388442993164, 1.4171640872955322, 6.80956506729126, -29.260815205887162, -28.815290361799757, -26.447892585151692, -28.943468510412416, -22.278096759733504, 0.4448399245738983, 0.0, 5.62700891494751, 10.717440605163574, 0.767448586969078, -0.7220616798846414, -0.7366321116896208, -0.7728108369414568, -0.9999749000037683, -0.9682001339899099]",[0],J2022.2+3840,spp,PSR,J2022.3+3840,PSR,J2022.3+3840,PSR,J2022.3+3840,PSR,PSR,PSR,PSR,PSR
1585,J2022.3-4513,bll,J2022.2-4515,"[2.135728120803833, 2.0548267364501953, 1.9310827255249023, 47.93653869628906, -31.271011736850504, -30.965643652166484, -28.12526579594681, -31.07307627626573, -23.590770349506865, 0.10433628410100937, 0.4821111559867859, 2.600309133529663, 19.64876365661621, 0.980021157622123, -0.2996658572982351, -0.5649461377785502, -0.5991813877229549, -0.742752801703901, -0.3368067539307567]",[1],J2022.2-4515,bll,bll,J2022.3-4513,bll,J2022.3-4513,bll,J2022.3-4513,bll,AGN,AGN,AGN,AGN
1586,J2022.5+7612,bll,J2022.5+7612,"[2.275282621383667, 2.2493574619293213, 2.186514377593994, 61.43194580078125, -30.865740537107584, -30.672316823455706, -27.981827247442077, -30.760315128735545, -23.48586677244974, 0.03400548920035362, 0.37067490816116333, 1.4106860160827637, 30.223852157592773, 0.2128273436721515, -0.5291739005130666, -0.6522041340716681, -0.5481860032663437, -0.768340008409143, -0.5134957102679389]",[1],J2022.5+7612,bll,bll,J2022.5+7612,bll,J2022.5+7612,bll,J2022.5+7612,bll,AGN,AGN,AGN,AGN
1587,J2023.2+3153,bcu,J2023.2+3154,"[2.1173648834228516, 2.110236644744873, 1.859278917312622, 11.134830474853516, -33.06134383303932, -32.86652560781724, -27.280347011172175, -32.92936806191224, -22.841168576369164, 0.06854318827390671, 0.2773441970348358, 1.1436667442321777, 8.97279167175293, 0.5351266986546026, 0.9930515543919146, -0.7137275282756832, -0.5758874490189505, -0.4405286051033389, -0.7300580323225316]",[1],J2023.2+3154,bcu,bcu,J2023.2+3153,bcu,J2023.2+3153,bcu,J2023.2+3153,bcu,AGN,AGN,AGN,AGN
1588,J2023.6-1139,fsrq,J2023.6-1139,"[2.08182954788208, 1.9340879917144775, 1.6665657758712769, 24.59390640258789, -30.83647564337409, -30.561727643024806, -27.828500522335784, -30.628031345665683, -23.261368794108805, 0.12730224430561066, 0.2696566879749298, 4.095973968505859, 26.91767120361328, 0.9973104899063981, 0.05953179697504772, -0.5692076111683807, -0.4590816220296192, -0.6608552183861195, -0.9999777708899024]",[1],J2023.6-1139,fsrq,fsrq,J2023.6-1139,fsrq,J2023.6-1139,fsrq,J2023.6-1139,fsrq,AGN,AGN,AGN,AGN
1589,J2024.4-0847,bll,J2024.4-0848,"[1.9979145526885986, 1.8995813131332397, 1.6502747535705566, 10.341424942016602, -32.68551869134804, -32.41423068402736, -28.045610003699796, -32.47815768794082, -23.544757223557863, 0.08345914632081985, 0.1961374431848526, 1.4215927124023438, 14.912703514099121, 0.32565571259448467, -0.6240704000168704, -0.5388796543333992, -0.39106922348987927, -0.47110979345554177, -0.9999023244751645]",[1],J2024.4-0848,bcu,bll,J2024.4-0847,bll,J2024.4-0847,bll,J2024.4-0847,bll,AGN,AGN,AGN,AGN
1590,J2024.6-3252,fsrq,J2024.4-3254,"[2.502762794494629, 2.4545798301696777, 2.259389877319336, 76.52445983886719, -29.229942886066652, -28.9394046842344, -27.965007932725477, -29.01005896209573, -23.468464792166266, 0.09524773061275482, 0.5154584646224976, 2.1638588905334473, 21.693387985229492, -0.40090558332859494, -0.5614270863155224, -0.7532423096953028, -0.6833725376403372, -0.7437656415906022, -0.9999956817277807]",[1],J2024.4-3254,fsrq,fsrq,J2024.6-3252,fsrq,J2024.6-3252,fsrq,J2024.6-3252,fsrq,AGN,AGN,AGN,AGN
1591,J2025.3+3341,bcu,J2025.2+3340,"[2.652465581893921, 2.7367146015167236, 2.2004551887512207, 116.53907775878906, -29.542279042755897, -29.26345942670297, -26.483792285298513, -29.05495185195208, -22.51142775192813, 0.16171549260616302, 0.6612216830253601, 4.436180114746094, 14.096529006958008, 0.9934986671335255, -0.6725251487309357, -0.7657970977042561, -0.716553263311204, -0.9999990101359915, 0.9998728672017752]",[1],J2025.2+3340,bcu,bcu,J2025.3+3341,bll,J2025.3+3341,bll,J2025.3+3341,bll,AGN,AGN,AGN,AGN
1592,J2025.6-0735,fsrq,J2025.6-0736,"[2.3068325519561768, 2.2200777530670166, 2.0584516525268555, 3045.168701171875, -28.354194350134613, -28.088069805470848, -27.122709579324017, -28.178745134550617, -22.521001864304385, 0.09789537638425827, 0.8838200569152832, 10.260370254516602, 110.53770446777344, -0.2780488812318833, -0.5016238394449357, -0.6540531604690776, -0.6718890640908929, -0.7828167426922455, -0.8278676027381712]",[1],J2025.6-0736,fsrq,fsrq,J2025.6-0735,fsrq,J2025.6-0735,fsrq,J2025.6-0735,fsrq,AGN,AGN,AGN,AGN
1593,J2026.1+7645,bcu,J2026.3+7644,"[1.5888960361480713, 1.529841661453247, 1.116624116897583, 9.408446311950684, -35.87027500831032, -35.34289405837573, -28.53377948662018, -35.46685776104448, -24.154801163281178, 0.1864752471446991, 0.3007798492908478, 2.207174062728882, 8.021025657653809, -0.9996093725943389, -0.9999985706229421, 0.999999964699892, 0.30987737426495127, -0.5163991953934827, -0.045433764712884045]",[1],J2026.3+7644,bcu,bcu,J2026.1+7645,bcu,J2026.1+7645,bcu,J2026.1+7645,bcu,AGN,AGN,AGN,AGN
1594,J2028.3+3331,PSR,J2028.3+3332,"[2.315486431121826, 2.2560458183288574, 0.44652706384658813, 8.002721786499023, -30.141194421342437, -29.657348211617855, -27.11571199940978, -29.716824025515123, -22.04451566869971, 0.6454702615737915, 0.02922646887600422, 21.529308319091797, 54.98271560668945, -0.652513067220344, 0.10287632214192563, -0.3075064222382407, -0.7446461928592659, -0.9461069520910538, -0.999396818090225]",[0],J2028.3+3332,PSR,PSR,J2028.3+3331,PSR,J2028.3+3331,PSR,J2028.3+3331,PSR,PSR,PSR,PSR,PSR
1595,J2029.5+4925,bll,J2029.4+4923,"[2.440302610397339, 2.2368407249450684, 1.5910389423370361, 130.12954711914062, -29.83185453076901, -29.427200252530998, -27.300938538827346, -29.47305940245997, -22.80315337191509, 0.29539424180984497, 0.7707992792129517, 5.513455390930176, 19.869140625, -0.39257408371686486, -0.27290705362575074, -0.5244749495043055, -0.7918408200958494, -0.7823614485338397, -0.9999770164843044]",[1],J2029.4+4923,bll,bll,J2029.5+4925,bll,J2029.5+4925,bll,J2029.5+4925,bll,AGN,AGN,AGN,AGN
1596,J2030.0+3641,PSR,J2030.0+3642,"[2.314260721206665, 2.0555338859558105, 0.5176584124565125, 8.13245964050293, -30.18575240939795, -29.709254831158646, -26.94421315376099, -29.67424383912763, -22.094462277778376, 0.567912220954895, 0.0333319716155529, 15.473367691040039, 45.6289176940918, 0.9642665438372485, 0.6010223159391007, -0.3310640290786629, -0.6430626378900377, -0.9468164274775894, -0.9988243324501376]",[0],J2030.0+3642,PSR,PSR,J2030.0+3641,PSR,J2030.0+3641,PSR,J2030.0+3641,PSR,PSR,PSR,PSR,PSR
1597,J2030.2-0620,fsrq,J2030.2-0622,"[2.393928050994873, 2.4283502101898193, 2.4212656021118164, 68.97081756591797, -31.10381072440058, -30.983557059860594, -28.012499447393218, -31.058440137704263, -23.731848500153486, -0.035408347845077515, 1.1784499883651733, 0.5445946455001831, 8.908194541931152, 0.9308478879922967, -0.6189337576963675, -0.7758744108942114, -0.44157695399065616, -0.7963921169190056, -0.4407886287924456]",[1],J2030.2-0622,fsrq,fsrq,J2030.2-0620,fsrq,J2030.2-0620,fsrq,J2030.2-0620,fsrq,AGN,AGN,AGN,AGN
1598,J2030.9+4416,PSR,J2030.8+4416,"[2.46242356300354, 2.4246864318847656, 0.49681970477104187, 3.896815299987793, -29.973234208232356, -29.480703814173204, -27.05502430605861, -29.548328920316084, -22.14894182376351, 0.6486642956733704, 0.0, 15.114690780639648, 39.43918991088867, -0.06659691705907284, -0.3148368943194882, -0.44181188952605716, -0.8090978358846328, -0.9998404820828607, -0.9974302089378098]",[0],J2030.8+4416,PSR,PSR,J2030.9+4416,PSR,J2030.9+4416,PSR,J2030.9+4416,PSR,PSR,PSR,PSR,PSR
1599,J2030.9+1935,bll,J2031.0+1937,"[1.8422645330429077, 1.6092324256896973, 1.3827284574508667, 17.29323387145996, -32.48876886626728, -32.16510656871364, -27.817553158750044, -32.280263375354494, -23.380600516737776, 0.1572950780391693, 0.31321099400520325, 3.589655637741089, 20.716150283813477, -0.4483609844753995, -0.6590258120832302, -0.2600421352542294, -0.20585197799804708, -0.5983162555183402, -0.44613464399134667]",[1],J2031.0+1937,bcu,bll,J2030.9+1935,bll,J2030.9+1935,bll,J2030.9+1935,bll,AGN,AGN,AGN,AGN
1600,J2032.0+1219,bll,J2031.8+1223,"[2.410356044769287, 2.309335947036743, 2.0315959453582764, 32.70738983154297, -31.127927903324437, -30.842677392873206, -27.770039102074808, -30.889447391078743, -23.568857831983614, 0.13911239802837372, 0.6192436814308167, 1.759132742881775, 11.120020866394043, -0.5999391080536647, -0.67516332848641, -0.6550981848473928, -0.6293906614565214, -0.7094716039752204, -0.9998517858144829]",[1],J2031.8+1223,bll,bll,J2032.0+1219,bll,J2032.0+1219,bll,J2032.0+1219,bll,AGN,AGN,AGN,AGN
1601,J2032.2+4127,PSR,J2032.2+4126,"[2.221257209777832, 1.9706658124923706, 1.0161001682281494, 10.653114318847656, -30.170266701853137, -29.499978774505273, -26.215338197110515, -29.745938509556677, -21.51049756911764, 0.4000193476676941, 0.03584933280944824, 22.027002334594727, 86.97269439697266, 0.8242554575551266, 0.1021887526822141, -0.3294333108224733, -0.505444999428891, -0.8721992797780832, -0.9228138564186659]",[0],J2032.2+4126,PSR,PSR,J2032.2+4127,PSR,J2032.2+4127,PSR,J2032.2+4127,PSR,PSR,PSR,PSR,PSR
1602,J2033.7+6308,bcu,J2033.6+6309,"[1.8226219415664673, 1.5790045261383057, 0.7628067135810852, 7.153986930847168, -34.281523401431954, -33.65272560218214, -28.452854472237814, -33.54592841686561, -23.704037690874188, 0.3895789384841919, 0.12035501003265381, 3.346829652786255, 8.585637092590332, -0.9997229402361444, -0.9998983797791205, 0.9999999671557063, 0.028232262503605592, -0.4729447484106917, -0.8515204717035716]",[1],J2033.6+6309,bcu,bcu,J2033.7+6308,bcu,J2033.7+6308,bcu,J2033.7+6308,bcu,AGN,AGN,AGN,AGN
1603,J2034.6+1154,fsrq,J2034.3+1155,"[2.5068280696868896, 2.4771039485931396, 2.3326456546783447, 38.83433532714844, -30.665978269976648, -30.452562221556406, -27.435161961239576, -30.43248366544999, -23.39443386630927, 0.07890003174543381, 0.5229148864746094, 1.2644537687301636, 14.084712028503418, 0.9050712449994079, -0.5369063934890673, -0.6892251150124608, -0.7223479437244407, -0.7558326447778555, -0.719917764937213]",[1],J2034.3+1155,fsrq,fsrq,J2034.6+1154,fsrq,J2034.6+1154,fsrq,J2034.6+1154,fsrq,AGN,AGN,AGN,AGN
1604,J2035.4+1056,fsrq,J2035.3+1055,"[2.3704583644866943, 2.301492691040039, 2.060342311859131, 2421.814453125, -28.874441333632316, -28.60322891701786, -27.089030771215302, -28.65947053284305, -22.653131508622515, 0.11802346259355545, 1.1277612447738647, 8.931550979614258, 73.85669708251953, -0.09811509818621264, -0.5661395746401473, -0.6542574040407738, -0.6966933285013411, -0.8270220691862664, -0.7587438776043902]",[1],J2035.3+1055,fsrq,fsrq,J2035.4+1056,fsrq,J2035.4+1056,fsrq,J2035.4+1056,fsrq,AGN,AGN,AGN,AGN
1605,J2036.4+6553,bll,J2036.4+6551,"[2.054731607437134, 1.941892147064209, 1.6683942079544067, 24.745576858520508, -31.992364275836323, -31.676284049469952, -28.02069760731663, -31.750869373019068, -23.476174743141105, 0.13910703361034393, 0.4239637553691864, 3.0286710262298584, 17.783090591430664, 0.9262377556137963, -0.033840752990387635, -0.3986858400330031, -0.470192292819387, -0.6926979188566987, -0.6847922791742211]",[1],J2036.4+6551,bll,bll,J2036.4+6553,bll,J2036.4+6553,bll,J2036.4+6553,bll,AGN,AGN,AGN,AGN
1606,J2036.9-3329,bll,J2036.6-3325,"[1.6972578763961792, 1.1625568866729736, 0.8743903636932373, 10.376920700073242, -34.58217441791109, -34.12638545219316, -28.171478798217336, -34.215715333976995, -23.7473424238342, 0.25953158736228943, 0.3578573763370514, 1.3208752870559692, 10.11828899383545, -0.41591872306336175, -0.6973183202930501, -0.6204037979478347, -0.29536537851182126, -0.06481179650282708, -0.30757252044764444]",[1],J2036.6-3325,bcu,bll,J2036.9-3329,bll,J2036.9-3329,bll,J2036.9-3329,bll,AGN,AGN,AGN,AGN
1607,J2038.7+5117,fsrq,J2038.8+5113,"[2.6156017780303955, 2.3342013359069824, 1.6944862604141235, 44.41190719604492, -29.59106633412145, -29.225158996909745, -26.814760404856756, -29.27921508853437, -22.831032803969165, 0.31548067927360535, 0.5494486093521118, 3.796379327774048, 13.766830444335938, -0.6640625012604574, -0.44367419690383714, -0.6254718038574385, -0.7761474253213887, -0.9334649821081332, -0.9986943545458733]",[1],J2038.8+5113,fsrq,fsrq,J2038.7+5117,fsrq,J2038.7+5117,fsrq,J2038.7+5117,fsrq,AGN,AGN,AGN,AGN
1608,J2039.0-1046,bll,J2039.0-1047,"[2.0877065658569336, 1.959242582321167, 1.8487114906311035, 19.786705017089844, -30.03806714612991, -29.815925555281336, -27.566996385086153, -29.910422511685745, -23.044638568690907, 0.09140098839998245, 0.15504182875156403, 4.35903263092041, 42.68438720703125, -0.2833973631071072, -0.3210387903008687, -0.5517758679748126, -0.5359216079320511, -0.5895836927687017, -0.812037288394771]",[1],J2039.0-1047,bll,bll,J2039.0-1046,bll,J2039.0-1046,bll,J2039.0-1046,bll,AGN,AGN,AGN,AGN
1609,J2039.5+5218,bll,J2039.5+5217,"[1.8824328184127808, 1.841171145439148, 1.7376298904418945, 4.578657150268555, -34.00334996150109, -33.72257457354177, -27.90678959875475, -33.828302719059415, -23.33091667333531, 0.05391848832368851, 0.0, 0.9624798893928528, 11.481587409973145, 0.9966780853457096, -0.9966234083378287, 0.9897790972320464, -0.6288708204766619, -0.38445523567222273, -0.4248310442956923]",[1],J2039.5+5217,bll,bll,J2039.5+5218,bll,J2039.5+5218,bll,J2039.5+5218,bll,AGN,AGN,AGN,AGN
1610,J2040.0-5737,bcu,J2040.0-5734,"[2.39359450340271, 2.379359483718872, 2.256730318069458, 3.7912487983703613, -30.97513725768464, -30.80542871191211, -28.188234953120734, -30.852333619701383, -23.839355051115028, 0.016977181658148766, 0.0, 0.29475638270378113, 9.431227684020996, -0.5673921553327808, -0.5977302382304862, -0.5789367724425842, -0.5899008679592206, -0.7879178424888196, -0.9998017675284221]",[1],J2040.0-5734,bcu,bcu,J2040.0-5737,bcu,J2040.0-5737,bcu,J2040.0-5737,bcu,AGN,AGN,AGN,AGN
1611,J2040.2-7115,bll,J2040.2-7115,"[1.7504806518554688, 1.6891645193099976, 1.5430275201797485, 6.478142261505127, -33.73296220137697, -33.45820284535129, -28.1233593393782, -33.56359143897463, -23.8050915455842, 0.04301073029637337, 0.0, 0.9795297384262085, 18.505678176879883, 0.9900338016948201, -0.5644538971700206, -0.4128426849208214, -0.3904688351850444, -0.27899182828374247, -0.3402267750289451]",[1],J2040.2-7115,bcu,bll,J2040.2-7115,bll,J2040.2-7115,bll,J2040.2-7115,bll,AGN,AGN,AGN,AGN
1612,J2041.8-7319,bcu,J2041.9-7318,"[1.983524203300476, 2.0605974197387695, 1.8468142747879028, 4.307457447052002, -33.36255698017657, -33.22114859763748, -28.442388690504067, -33.2494987319771, -23.924545701199463, -0.04802212491631508, 0.0, 0.8495683073997498, 11.261222839355469, -0.7239837873352626, -0.5928494885846697, -0.7689636638595136, -0.14382808361633626, -0.5802449726395438, -0.3096903249904554]",[1],J2041.9-7318,bcu,bcu,J2041.8-7319,bll,J2041.8-7319,bll,J2041.8-7319,bll,AGN,AGN,AGN,AGN
1613,J2041.9-3735,bll,J2041.7-3732,"[2.0277044773101807, 2.0653843879699707, 2.0992636680603027, 11.528908729553223, -32.8683767760545, -32.79145781122051, -28.315875458111233, -32.86929702611617, -23.81175767264452, -0.046930596232414246, 0.36406704783439636, 0.926548421382904, 8.879150390625, -0.9900345010087727, 0.8461846931473679, -0.6154391115201253, -0.40396223585436986, -0.8155802699140593, 0.36464521442860615]",[1],J2041.7-3732,bll,bll,J2041.9-3735,bll,J2041.9-3735,bll,J2041.9-3735,bll,AGN,AGN,AGN,AGN
1614,J2042.1+2427,bll,J2042.1+2428,"[1.816794514656067, 1.79903244972229, 1.7772125005722046, 12.657421112060547, -33.87731912053176, -33.65296475599266, -28.04494364865229, -33.777599886815345, -23.564204497622335, 0.023486658930778503, 0.3136611878871918, 0.5849481821060181, 13.927715301513672, 0.6698393121981748, 0.890460801159148, -0.4282107969453071, -0.28775488859018034, -0.6201334481197618, -0.0503885765808459]",[1],J2042.1+2428,bll,bll,J2042.1+2427,bll,J2042.1+2427,bll,J2042.1+2427,bll,AGN,AGN,AGN,AGN
1615,J2042.2+0245,PSR,J2042.1+0247,"[2.4178481101989746, 2.5181283950805664, 0.005005383398383856, 6.735818862915039, -30.456407359575408, -29.760613448951606, -28.39768163947313, -29.98061131111122, -23.333438120154145, 0.826555609703064, 0.0435757152736187, 7.826048851013184, 16.138057708740234, 0.9981774238591666, -0.34909446939673466, -0.5164286383448073, -0.9396828573428568, -0.9998791292289032, -0.9999284431567645]",[0],J2042.1+0247,PSR,PSR,J2042.2+0245,PSR,J2042.2+0245,MSP,J2042.2+0245,MSP,PSR,PSR,PSR,AGN
1616,J2043.3+1711,PSR,J2043.2+1711,"[2.0781428813934326, 1.850999116897583, 1.1214475631713867, 6.86733865737915, -30.20974627343068, -29.73734290733342, -27.643707488222486, -29.793980894064006, -22.701380183249086, 0.30637267231941223, 0.0, 14.847705841064453, 58.378013610839844, 0.9998054327644569, -0.29331403298570996, -0.4126631049944634, -0.5596425419562618, -0.8792174575782015, -0.9998897933393279]",[0],J2043.2+1711,PSR,PSR,J2043.3+1711,PSR,J2043.3+1711,MSP,J2043.3+1711,MSP,PSR,PSR,PSR,PSR
1617,J2043.7+2741,PSR,J2043.8+2741,"[2.43052339553833, 2.380080223083496, 0.5926104187965393, 33.109806060791016, -30.25893204896163, -29.789488471171182, -28.07748739962561, -29.829601597748795, -23.099250566514225, 0.5840210914611816, 0.3475393056869507, 8.039107322692871, 20.144033432006836, 0.19996769937352532, -0.2486006687635334, -0.5247970788911929, -0.8988182351730383, -0.933466177046165, -0.9999048398761838]",[0],J2043.8+2741,PSR,PSR,J2043.7+2741,PSR,J2043.7+2741,PSR,J2043.7+2741,PSR,AGN,AGN,AGN,AGN
1618,J2046.6-1012,bcu,J2046.7-1011,"[2.0761117935180664, 2.031930923461914, 1.969414472579956, 5.230644226074219, -32.63797938630327, -32.40276514397779, -28.409700619008575, -32.52754665343766, -23.911134866739534, 0.051919758319854736, 0.0, 0.5887125730514526, 5.505081653594971, -0.9996333589823418, 0.9999765023212884, -0.720180913439274, -0.4066432586003941, -0.5041418708207208, -0.6318157063111259]",[1],J2046.7-1011,bcu,bcu,J2046.6-1012,bll,J2046.6-1012,bll,J2046.6-1012,bll,AGN,AGN,AGN,AGN
1619,J2047.3+1051,PSR,J2047.1+1054,"[2.111217498779297, 1.7800862789154053, 1.0601181983947754, 12.876107215881348, -31.733952065196, -31.315412320056904, -28.104021981338942, -31.33399610803756, -23.41372965658014, 0.3377375602722168, 0.30433741211891174, 4.08502721786499, 12.911174774169922, -0.9771529495803886, 0.3598681223172912, -0.45401066058858425, -0.35971725294432766, -0.8364010903581127, -0.6732963826852107]",[0],J2047.1+1054,PSR,PSR,J2047.3+1051,PSR,J2047.3+1051,MSP,J2047.3+1051,MSP,AGN,AGN,AGN,AGN
1620,J2048.6-6804,bll,J2049.0-6801,"[2.2163851261138916, 2.1982505321502686, 2.071558713912964, 5.253231048583984, -32.00291784553674, -31.78343007576666, -28.329799752561957, -31.860401087567407, -23.885865738500893, 0.03799271956086159, 0.0, 0.7626339793205261, 11.324126243591309, -0.9849982141962801, 0.9975483984529752, -0.7372493641158475, -0.316229523337101, -0.7014331301511669, -0.7556785217300506]",[1],J2049.0-6801,bcu,bll,J2048.6-6804,bll,J2048.6-6804,bll,J2048.6-6804,bll,AGN,AGN,AGN,AGN
1621,J2049.9+1002,bcu,J2049.7+1002,"[2.4893360137939453, 2.4398627281188965, 2.1138036251068115, 33.0467414855957, -29.738591856512475, -29.43937301805732, -27.91182824518526, -29.479549190309918, -23.513119186559017, 0.13127915561199188, 0.38520297408103943, 2.6372532844543457, 16.643800735473633, 0.994361761202349, -0.5521022017963197, -0.7172630785086554, -0.6892906169510413, -0.8837744479031892, -0.9998534086125956]",[1],J2049.7+1002,bcu,bcu,J2049.9+1002,bll,J2049.9+1002,bll,J2049.9+1002,bll,AGN,AGN,AGN,AGN
1622,J2050.0+0408,bll,J2050.2+0409,"[2.217491388320923, 2.204258918762207, 2.156163215637207, 14.389128684997559, -31.022180328183698, -30.833468077887886, -28.027841948771893, -30.932126044191946, -23.505219400478904, 0.01901606284081936, 0.2258937954902649, 0.6292312145233154, 18.679367065429688, 0.14994239801595868, -0.4868216793373908, -0.6353616210388382, -0.613762941703375, -0.5082171107894343, -0.8311931023567146]",[1],J2050.2+0409,bll,bll,J2050.0+0408,bll,J2050.0+0408,bll,J2050.0+0408,bll,AGN,AGN,AGN,AGN
1623,J2051.0-0826,PSR,J2051.3-0828,"[2.101182699203491, 2.041524648666382, 0.17123982310295105, 7.10483980178833, -32.22602582848758, -31.66008147073789, -28.713306734340232, -31.69673951512662, -23.48944244584961, 0.6183704733848572, 0.09828710556030273, 5.0754804611206055, 11.927734375, -0.999997937868749, 0.9999665974296519, -0.1667299970054095, -0.534405415843701, -0.9999998973801678, 0.999995180033407]",[0],J2051.3-0828,PSR,PSR,J2051.0-0826,PSR,J2051.0-0826,MSP,J2051.0-0826,MSP,AGN,AGN,AGN,PSR
1624,J2052.2-5533,bcu,J2051.8-5535,"[2.310248613357544, 2.2738559246063232, 2.148538589477539, 463.3017883300781, -30.2652656076769, -30.040317297216728, -28.058999688080434, -30.111999057271053, -23.486420257611634, 0.059379156678915024, 1.2618436813354492, 2.150916814804077, 28.34025001525879, 0.9976463561479306, -0.47016053251417705, -0.6618799775272061, -0.6081317885999179, -0.737892045236553, -0.9983847811177611]",[1],J2051.8-5535,bcu,bcu,J2052.2-5533,bcu,J2052.2-5533,bcu,J2052.2-5533,bcu,AGN,AGN,AGN,AGN
1625,J2052.7+1218,PSR,J2052.7+1217,"[2.347353935241699, 2.269757032394409, 1.8171741962432861, 7.047478675842285, -30.745545547691805, -30.419656044565542, -28.065083916362976, -30.44906590267419, -23.635667915062072, 0.15819527208805084, 0.0, 2.3143022060394287, 10.218303680419922, 0.9987191252045832, -0.6225268803076195, -0.5678531081154528, -0.6936867989128984, -0.8125375952602794, -0.9994828846110618]",[0],J2052.7+1217,psr,PSR,J2052.7+1218,PSR,J2052.7+1218,MSP,J2052.7+1218,MSP,AGN,AGN,AGN,AGN
1626,J2054.8+0015,bll,J2055.0+0016,"[1.9162565469741821, 1.9232877492904663, 1.898226022720337, 8.166299819946289, -33.552237842297494, -33.4230224740049, -28.217378224047305, -33.47935942063143, -23.697934568782195, -0.007771423552185297, 0.2293163239955902, 0.12978674471378326, 8.554993629455566, 0.3447848806823571, -0.7549892588829181, -0.43291649475069, -0.4755654905690171, -0.4530793772322755, -0.43085888274732564]",[1],J2055.0+0016,bll,bll,J2054.8+0015,bll,J2054.8+0015,bll,J2054.8+0015,bll,AGN,AGN,AGN,AGN
1627,J2055.4-0020,bll,J2055.2-0019,"[1.8690296411514282, 1.7928097248077393, 1.5621604919433594, 10.377655982971191, -33.60896800936343, -33.32888150801911, -28.133848257999276, -33.401303340073255, -23.645386017023135, 0.06978640705347061, 0.23774848878383636, 1.101688027381897, 10.054970741271973, -0.9980211776222665, 0.999639984458325, -0.7981346787842426, -0.02155002495612711, -0.41459658049847337, -0.5309487066553652]",[1],J2055.2-0019,bll,bll,J2055.4-0020,bll,J2055.4-0020,bll,J2055.4-0020,bll,AGN,AGN,AGN,AGN
1628,J2055.8+2540,PSR,J2055.8+2539,"[2.1675305366516113, 1.8467044830322266, 0.3837794065475464, 8.098774909973145, -29.357596782937545, -28.71928226841513, -27.54088710673752, -28.778526326525924, -22.363523360949667, 0.5824880003929138, 0.01546257734298706, 30.97571563720703, 94.3709716796875, 0.1525529508025552, -0.022850804842116622, -0.4487661934974687, -0.8100511675144212, -0.9754405620038066, -0.9987851496773084]",[0],J2055.8+2539,PSR,PSR,J2055.8+2540,PSR,J2055.8+2540,PSR,J2055.8+2540,PSR,PSR,PSR,PSR,PSR
1629,J2056.2-4714,fsrq,J2056.2-4714,"[2.446796417236328, 2.357252836227417, 2.2012836933135986, 902.1614379882812, -27.819059875632757, -27.5565893412671, -27.404440749022015, -27.65067397373801, -22.801205182771913, 0.10018250346183777, 0.4372618794441223, 8.493066787719727, 99.6834945678711, -0.22644041418976502, -0.5705714864854007, -0.724872646740418, -0.7314109960934315, -0.8083731173827592, -0.8124884246552168]",[1],J2056.2-4714,fsrq,fsrq,J2056.2-4714,fsrq,J2056.2-4714,fsrq,J2056.2-4714,fsrq,AGN,AGN,AGN,AGN
1630,J2056.7+4939,bcu,J2056.7+4938,"[1.8518728017807007, 1.8117121458053589, 1.7744596004486084, 23.85820960998535, -33.35904644468223, -33.07747554807854, -27.296704725268, -33.21862059831718, -22.743748402354054, 0.053720299154520035, 0.2690966725349426, 2.0325889587402344, 27.379886627197266, -0.999934879141837, 0.9983316365034075, 0.16647446192975796, -0.42209607790566467, -0.517577962518086, -0.3769320141593107]",[1],J2056.7+4938,bcu,bcu,J2056.7+4939,bcu,J2056.7+4939,bcu,J2056.7+4939,bcu,AGN,AGN,AGN,AGN
1631,J2103.8-6233,bll,J2103.9-6233,"[2.0223960876464844, 1.8795623779296875, 1.7597888708114624, 37.64778518676758, -30.678885116118675, -30.434352641140638, -27.79805293433715, -30.53619990898685, -23.274728057207202, 0.10360414534807205, 0.2468726933002472, 4.876639366149902, 41.80275344848633, -0.2648951614441547, -0.0004391814270122364, -0.5266320310804272, -0.5095256967501328, -0.654734936214418, -0.5769812794809468]",[1],J2103.9-6233,bcu,bll,J2103.8-6233,bll,J2103.8-6233,bll,J2103.8-6233,bll,AGN,AGN,AGN,AGN
1632,J2104.0-3546,bcu,J2103.9-3546,"[2.3324646949768066, 2.302971601486206, 2.1669867038726807, 65.98988342285156, -30.593920380995353, -30.36578015582111, -28.159038732275754, -30.42910343979143, -23.66033964863665, 0.0417134091258049, 0.7661818265914917, 0.9012771248817444, 13.591829299926758, -0.596738161539781, -0.48463992322465554, -0.6811312365855561, -0.513806629875793, -0.7771411651608964, -0.999999598708423]",[1],J2103.9-3546,bcu,bcu,J2104.0-3546,bcu,J2104.0-3546,bcu,J2104.0-3546,bcu,AGN,AGN,AGN,AGN
1633,J2104.3-0212,bll,J2104.2-0211,"[1.6739801168441772, 1.5200058221817017, 1.2394486665725708, 10.143192291259766, -34.61291642903468, -34.09732289428516, -28.293895144220755, -34.28930502767324, -23.955675116766365, 0.18615832924842834, 0.3247053623199463, 1.9038254022598267, 9.215963363647461, 0.7010930158909422, -0.9240223226757842, 0.22118835556913288, -0.01367268607155222, -0.430770779913621, -0.3977477766090552]",[1],J2104.2-0211,bcu,bll,J2104.3-0212,bll,J2104.3-0212,bll,J2104.3-0212,bll,AGN,AGN,AGN,AGN
1634,J2106.9+2455,bcu,J2106.1+2505,"[2.727940082550049, 2.5980279445648193, 2.007390022277832, 21.670183181762695, -28.6068251666271, -28.239149629301632, -28.016231679847472, -28.26645999198311, -23.847012268418272, 0.278719037771225, 0.8126479983329773, 1.93364679813385, 4.199742794036865, 0.9760262187360698, -0.5567950641723042, -0.8023011277490172, -0.826903416326872, -0.998760636226777, 0.31236904040022867]",[1],J2106.1+2505,bcu,bcu,J2106.9+2455,bcu,J2106.9+2455,bcu,J2106.9+2455,bcu,AGN,AGN,AGN,AGN
1635,J2108.0+3655,bll,J2108.0+3654,"[2.014519691467285, 1.824676513671875, 1.1971750259399414, 7.910853385925293, -32.79025805474484, -32.44483164825033, -28.065081657163233, -32.44173783747836, -23.558826767616754, 0.18808938562870026, 0.0963878482580185, 2.3947837352752686, 9.68155288696289, -0.5846707042878676, -0.5446651033598244, -0.5676861345238212, -0.3745239010260218, -0.42428221755814555, -0.9999627432886721]",[1],J2108.0+3654,bcu,bll,J2108.0+3655,bll,J2108.0+3655,bll,J2108.0+3655,bll,AGN,AGN,AGN,AGN
1636,J2108.7-0250,bll,J2108.6-0250,"[2.0983314514160156, 2.116668224334717, 2.0880825519561768, 10.440262794494629, -32.298876601898755, -32.19696194380826, -28.285201247749324, -32.25764250956703, -23.786638729641183, -0.023039136081933975, 0.26985234022140503, 0.5087539553642273, 11.166433334350586, -0.10399730524835617, -0.6822946830889826, -0.6388884096073894, -0.4617154686055125, -0.7181619012985938, -0.14923406295341876]",[1],J2108.6-0250,bll,bll,J2108.7-0250,bll,J2108.7-0250,bll,J2108.7-0250,bll,AGN,AGN,AGN,AGN
1637,J2108.9-6638,bll,J2109.1-6638,"[2.082728862762451, 2.072659492492676, 2.0258820056915283, 5.6435346603393555, -31.848326472723134, -31.665838741233408, -28.251186433707545, -31.74526974576652, -23.741605869967817, 0.013737286441028118, 0.0, 0.43362727761268616, 21.942611694335938, 0.18458430369944367, -0.569437135848123, -0.6330319524434139, -0.4654605892731828, -0.5411365278653429, -0.5780137016814519]",[1],J2109.1-6638,bcu,bll,J2108.9-6638,bll,J2108.9-6638,bll,J2108.9-6638,bll,AGN,AGN,AGN,AGN
1638,J2109.8-8618,bcu,J2108.6-8619,"[1.7351237535476685, 1.7118719816207886, 1.560739278793335, 4.654306411743164, -34.53737437038105, -34.31641302864456, -28.27357437126423, -34.38822931868621, -23.820495269483917, 0.019691480323672295, 0.0, 0.3472951054573059, 11.43678092956543, -0.9901031916397774, 0.9999056598945815, -0.6178777180123031, -0.42067733826373016, -0.1073378956785288, -0.42862784612045146]",[1],J2108.6-8619,bcu,bcu,J2109.8-8618,bcu,J2109.8-8618,bcu,J2109.8-8618,bcu,AGN,AGN,AGN,AGN
1639,J2110.2-1021,fsrq,J2110.3-1013,"[2.562434434890747, 2.214878797531128, 0.39556238055229187, 9.2579984664917, -29.71456327031609, -29.042273254165867, -28.103270005126724, -29.05296771137441, -23.81906425244572, 0.7200063467025757, 0.35382962226867676, 2.4462108612060547, 4.478281021118164, -0.5908111127025737, -0.013663458853498395, -0.7333894782427198, -0.911453930901569, -0.990893492425086, -0.9812020857802443]",[1],J2110.3-1013,fsrq,fsrq,J2110.2-1021c,fsrq,J2110.2-1021c,fsrq,J2110.2-1021c,fsrq,AGN,AGN,AGN,AGN
1640,J2110.3+0808,fsrq,J2110.0+0812,"[2.448674440383911, 2.4178669452667236, 2.1930081844329834, 61.491939544677734, -30.021875606939396, -29.778588802631013, -27.92866405233347, -29.814895626880073, -23.54241913461263, 0.0757189393043518, 0.7974902391433716, 1.5995128154754639, 11.624829292297363, 0.9764587988989919, -0.6990013001919259, -0.6629927973292367, -0.551686352103536, -0.999544972804187, -0.9996620254859707]",[1],J2110.0+0812,fsrq,fsrq,J2110.3+0808,fsrq,J2110.3+0808,fsrq,J2110.3+0808,fsrq,AGN,AGN,AGN,AGN
1641,J2111.4+4606,PSR,J2111.4+4605,"[2.2464280128479004, 2.130958318710327, 1.473275065422058, 3.9315173625946045, -30.32972168518214, -29.97661667893963, -27.23160663633306, -29.994053817128556, -22.431428303277023, 0.25687143206596375, 0.0, 12.84853744506836, 59.277305603027344, 0.09505911428591772, -0.26568412066063607, -0.5298469066367227, -0.5989896022781259, -0.8682142173361487, -0.9752813276400635]",[0],J2111.4+4605,PSR,PSR,J2111.4+4606,PSR,J2111.4+4606,PSR,J2111.4+4606,PSR,PSR,PSR,PSR,PSR
1642,J2112.7+0819,bll,J2112.7+0819,"[1.9230059385299683, 1.8351514339447021, 1.5924348831176758, 26.289730072021484, -33.1929861819723, -32.9274184267549, -28.002156719503013, -32.9867661670809, -23.496030906432697, 0.07588937878608704, 0.5335742831230164, 1.3745440244674683, 15.233341217041016, 0.5247354812147332, 0.611018190550267, -0.8182436763127873, -0.0634356998159364, -0.4350461529715942, -0.7655570984795899]",[1],J2112.7+0819,bcu,bll,J2112.7+0819,bll,J2112.7+0819,bll,J2112.7+0819,bll,AGN,AGN,AGN,AGN
1643,J2114.7+3130,bcu,J2114.7+3130,"[2.3002800941467285, 2.2473104000091553, 1.9633501768112183, 9.533782958984375, -30.979589762521105, -30.701217660402737, -28.01788267524965, -30.718324828768196, -23.573914022396153, 0.11631867289543152, 0.2484501302242279, 1.9713571071624756, 10.784893989562988, -0.5925758321336833, -0.3487623686151699, -0.6623877359012011, -0.5080032957422962, -0.9174618586886032, -0.07886187363673128]",[1],J2114.7+3130,bcu,bcu,J2114.7+3130,bcu,J2114.7+3130,bcu,J2114.7+3130,bcu,AGN,AGN,AGN,AGN
1644,J2115.1+5449,PSR,J2114.9+5448,"[2.20786714553833, 2.267104148864746, 0.0010445744264870882, 7.655919075012207, -32.42576767419895, -31.6440368726377, -28.194257112307245, -31.951298325489272, -22.83794108330778, 0.9121679067611694, 0.09778019040822983, 7.57978630065918, 15.225900650024414, 0.8743048842488873, -0.69411377956289, 0.3035481759695604, -0.4576059827195756, -0.8897805262759072, -0.9985105748384602]",[0],J2114.9+5448,psr,PSR,J2115.1+5449,PSR,J2115.1+5449,MSP,J2115.1+5449,MSP,PSR,PSR,PSR,PSR
1645,J2115.4+2932,fsrq,J2115.4+2933,"[2.3234505653381348, 2.2507827281951904, 2.0124995708465576, 413.85272216796875, -29.66082847706487, -29.39260044897823, -27.47301487001309, -29.44400513239172, -22.991419667487122, 0.12208309769630432, 0.8332360982894897, 5.8797407150268555, 40.20826721191406, 0.9841275721564751, -0.4794298836285339, -0.6659963975681923, -0.6116005422498901, -0.7772466662756237, -0.9360469123270743]",[1],J2115.4+2933,fsrq,fsrq,J2115.4+2932,fsrq,J2115.4+2932,fsrq,J2115.4+2932,fsrq,AGN,AGN,AGN,AGN
1646,J2116.2+3339,bll,J2116.1+3339,"[1.8922775983810425, 1.7423962354660034, 1.6001769304275513, 136.77932739257812, -31.000873681097275, -30.74412010255367, -27.25471385096018, -30.83817330273388, -22.846837554258123, 0.10224460065364838, 0.4119742214679718, 6.038381099700928, 55.88434600830078, -0.2121861398331125, -0.2070732249390678, -0.41349420225715494, -0.3690194402868682, -0.5619332569953184, -0.5575582173073135]",[1],J2116.1+3339,bll,bll,J2116.2+3339,bll,J2116.2+3339,bll,J2116.2+3339,bll,AGN,AGN,AGN,AGN
1647,J2117.8-3243,bll,J2118.0-3241,"[2.08556866645813, 2.0902559757232666, 1.9985578060150146, 4.630516529083252, -32.87622337784818, -32.7551849885873, -28.177768213733465, -32.78395698574533, -23.691237583813738, -0.005608347710222006, 0.0, 0.0848577618598938, 7.916520595550537, 0.03709869837509453, -0.5515059962549197, -0.6147751214024361, -0.7158389851891674, -0.13265268090219545, -0.7148593059587712]",[1],J2118.0-3241,bcu,bll,J2117.8-3243,bll,J2117.8-3243,bll,J2117.8-3243,bll,AGN,AGN,AGN,AGN
1648,J2118.0+0019,fsrq,J2118.4+0013,"[2.564845561981201, 2.521148681640625, 2.238025426864624, 28.028568267822266, -29.69117467804622, -29.380102342947442, -28.20470144756732, -29.250443678121638, -23.845858818751914, 0.07766209542751312, 1.0512158870697021, 0.6078803539276123, 5.123495578765869, -0.3178459341105349, -0.7170327226776585, -0.7014789154584619, -0.8324285017074761, -0.6253624489145767, -0.38527206568792155]",[1],J2118.4+0013,fsrq,fsrq,J2118.0+0019,fsrq,J2118.0+0019,fsrq,J2118.0+0019,fsrq,AGN,AGN,AGN,AGN
1649,J2119.0-3317,bcu,J2119.2-3313,"[2.260310173034668, 2.090094566345215, 7.300919241970405e-05, 9.626065254211426, -32.399336212859495, -31.812241587394414, -29.041170597384827, -31.13092669989286, -23.521194716878412, 0.999445915222168, 0.30417361855506897, 3.5949864387512207, 6.461181163787842, -0.48991784339203076, 0.9889309438308835, 0.2908543206498846, -0.679516645482139, -0.9049056494355078, -0.9992931190016993]",[1],J2119.2-3313,bcu,bcu,J2119.0-3317,bcu,J2119.0-3317,bcu,J2119.0-3317,bcu,AGN,AGN,AGN,AGN
1650,J2121.0+1901,fsrq,J2121.0+1901,"[2.2215137481689453, 2.145690679550171, 1.9888670444488525, 16.626609802246094, -29.747124015101924, -29.53062958744647, -27.52549191663637, -29.594811124492665, -23.046478942499338, 0.07156875729560852, 0.11787058413028717, 3.638199806213379, 42.72108459472656, -0.11238454134571181, -0.544417623365241, -0.6077571139419361, -0.5237422172602061, -0.7880949079814092, -0.806528347513047]",[1],J2121.0+1901,fsrq,fsrq,J2121.0+1901,fsrq,J2121.0+1901,fsrq,J2121.0+1901,fsrq,AGN,AGN,AGN,AGN
1651,J2123.6+0535,fsrq,J2123.6+0533,"[2.364861488342285, 2.355872631072998, 2.325968027114868, 26.68518829345703, -30.687394584243588, -30.499690828924823, -28.113563024208194, -30.606327883041395, -23.688703676988947, 0.018148895353078842, 0.5918869972229004, 0.40707752108573914, 11.4967041015625, -0.4638829940866322, -0.5860556172417493, -0.7327359621647628, -0.6116282998035558, -0.5424158104015593, -0.9999999521220319]",[1],J2123.6+0533,fsrq,fsrq,J2123.6+0535,fsrq,J2123.6+0535,fsrq,J2123.6+0535,fsrq,AGN,AGN,AGN,AGN
1652,J2124.7-3358,PSR,J2124.7-3358,"[2.006402015686035, 1.5850160121917725, 0.29882028698921204, 6.351489543914795, -29.994826010960278, -29.36220798488271, -27.71407896308844, -29.433284835613424, -22.460655842214802, 0.5467047691345215, 0.0, 27.3099308013916, 82.40978240966797, 0.14455207627084185, 0.21215010320615227, -0.26036718895388117, -0.6330720865744122, -0.9888919275569568, -0.4778395842334549]",[0],J2124.7-3358,PSR,PSR,J2124.7-3358,PSR,J2124.7-3358,MSP,J2124.7-3358,MSP,PSR,PSR,PSR,PSR
1653,J2126.1-3922,bcu,J2126.5-3926,"[2.248476266860962, 2.2687017917633057, 2.2783422470092773, 8.53658390045166, -31.65124194465571, -31.54350545474269, -28.39384846702384, -31.63163729896025, -23.931246455956867, -0.027964705601334572, 0.18773244321346283, 0.4697257876396179, 6.93084192276001, 0.9980313186694035, -0.3509647238971137, -0.7375743132617344, -0.5300039324536172, -0.9108836891673208, 0.47727818382642684]",[1],J2126.5-3926,bcu,bcu,J2126.1-3922,bll,J2126.1-3922,bll,J2126.1-3922,bll,AGN,AGN,AGN,AGN
1654,J2126.3-4605,FSRQ,J2126.5-4605,"[2.553887367248535, 2.53082275390625, 2.4311301708221436, 553.8176879882812, -28.905575895007793, -28.687182708213246, -28.0527393310338, -28.767747395342127, -23.522661661076082, 0.042943429201841354, 1.1246111392974854, 1.5183662176132202, 29.19447898864746, -0.38100772801166904, -0.632032972468637, -0.7719929715130804, -0.6117193346328972, -0.8970080679229848, -0.999538880852776]",[1],J2126.5-4605,FSRQ,FSRQ,J2126.3-4605,FSRQ,J2126.3-4605,FSRQ,J2126.3-4605,FSRQ,AGN,AGN,AGN,AGN
1655,J2127.7+3612,bll,J2127.7+3612,"[1.9376921653747559, 1.7557494640350342, 1.490562081336975, 32.99681854248047, -31.795474162920492, -31.48718954665383, -27.66381585780929, -31.559604390507886, -23.17303335339251, 0.13695211708545685, 0.36128178238868713, 3.9667141437530518, 25.846410751342773, -0.6135519519618299, -0.20491543255885172, -0.3396171989238281, -0.47253061072448665, -0.4214823551959644, -0.8630940828989732]",[1],J2127.7+3612,bll,bll,J2127.7+3612,bll,J2127.7+3612,bll,J2127.7+3612,bll,AGN,AGN,AGN,AGN
1656,J2129.8-0428,PSR,J2129.6-0427,"[2.1652443408966064, 1.850080132484436, 1.0448132753372192, 3.179013967514038, -30.56737040518359, -30.062917422091896, -28.20398348735129, -30.145104818368903, -23.243723911014897, 0.3915289640426636, 0.0, 7.179171085357666, 24.99458885192871, 0.9997908604707748, -0.06400035427451584, -0.4417637127978738, -0.6465192266018823, -0.8641901235708572, -0.9999909477172281]",[0],J2129.6-0427,PSR,PSR,J2129.8-0428,PSR,J2129.8-0428,MSP,J2129.8-0428,MSP,PSR,PSR,PSR,PSR
1657,J2131.0-2746,bll,J2130.8-2745,"[1.7793388366699219, 1.5890804529190063, 1.3866451978683472, 18.341279983520508, -32.32257064004022, -31.973340637584172, -27.785539502234005, -32.088467698107515, -23.425060994742633, 0.14002321660518646, 0.2532820403575897, 4.20115327835083, 25.475662231445312, -0.6555250394929153, 0.9949981503131348, -0.1399665109435338, -0.4224573758633924, -0.40340432576251567, -0.625027790180375]",[1],J2130.8-2745,bll,bll,J2131.0-2746,bll,J2131.0-2746,bll,J2131.0-2746,bll,AGN,AGN,AGN,AGN
1658,J2131.5-0916,bll,J2131.5-0915,"[1.9745489358901978, 1.994389295578003, 1.9465774297714233, 16.088516235351562, -32.296859172660675, -32.16742344524274, -28.0157532078513, -32.236789079842886, -23.55816107031564, -0.018265647813677788, 0.29034560918807983, 0.628308892250061, 18.62316131591797, -0.5801620147692346, -0.5335620593564617, -0.6478399659291912, -0.3610250680412053, -0.5326207238841026, -0.13109377741609338]",[1],J2131.5-0915,bll,bll,J2131.5-0916,bll,J2131.5-0916,bll,J2131.5-0916,bll,AGN,AGN,AGN,AGN
1659,J2131.7-2515,bll,J2131.8-2516,"[1.8672062158584595, 1.7466944456100464, 1.5876256227493286, 10.316095352172852, -33.228307442850785, -32.86036339380043, -28.26202885684042, -33.0129548861833, -23.85329124412883, 0.1126328855752945, 0.241749107837677, 1.566951036453247, 10.802120208740234, -0.5293532595252528, -0.6873552917599595, -0.37499432564475016, -0.32108301772726305, -0.6403422826404613, -0.1550553049392911]",[1],J2131.8-2516,bll,bll,J2131.7-2515,bll,J2131.7-2515,bll,J2131.7-2515,bll,AGN,AGN,AGN,AGN
1660,J2132.0-5418,bcu,J2132.4-5420,"[2.36297607421875, 2.3247454166412354, 2.2196810245513916, 34.08667755126953, -30.55845043900412, -30.3187240241183, -28.27630050514299, -30.4180713463715, -23.775770281040028, 0.0698104053735733, 0.4950537383556366, 1.3860152959823608, 13.839221000671387, -0.14347885314224218, -0.5867058512238236, -0.6101684652238497, -0.6777218615082679, -0.7155457735868958, -0.5924720287200209]",[1],J2132.4-5420,bcu,bcu,J2132.0-5418,bcu,J2132.0-5418,bcu,J2132.0-5418,bcu,AGN,AGN,AGN,AGN
1661,J2133.1+2529c,bll,J2133.3+2533,"[2.043363332748413, 1.9511147737503052, 1.659467339515686, 7.953028202056885, -33.131931538663274, -32.87283913495932, -28.308399423506433, -32.91177149088481, -23.801302380745316, 0.10040412098169327, 0.0, 1.0811201333999634, 7.073085308074951, 0.9819996976724791, -0.8624938278947097, -0.394558197522267, -0.3172082991214459, -0.6838954530960178, -0.6062741296858578]",[1],J2133.3+2533,bcu,bll,J2133.1+2529c,bll,J2133.1+2529c,bll,J2133.1+2529c,bll,AGN,AGN,AGN,AGN
1662,J2133.9+6646,bll,J2133.8+6648,"[2.0892624855041504, 2.027728796005249, 1.7694905996322632, 45.397377014160156, -32.55461613541381, -32.25530960724081, -27.794588154635793, -32.30605752436731, -23.310041080836356, 0.09647943824529648, 0.528145432472229, 2.4937286376953125, 19.358930587768555, -0.36761198195727224, -0.2582258624492722, -0.601364718138893, -0.3922699859736506, -0.6300116927587357, -0.757035564093563]",[1],J2133.8+6648,bcu,bll,J2133.9+6646,bll,J2133.9+6646,bll,J2133.9+6646,bll,AGN,AGN,AGN,AGN
1663,J2134.2-0154,bll,J2134.1-0152,"[2.3003153800964355, 2.282538414001465, 2.2081680297851562, 62.79695510864258, -30.26374172903472, -30.062669059473798, -28.024865953863845, -30.149316552343667, -23.4483683524193, 0.025307098403573036, 0.44677263498306274, 0.8916037082672119, 26.63418197631836, -0.2792746488675689, -0.611996197459796, -0.675245842070571, -0.523090969300832, -0.7672241240944976, -0.5772791339869486]",[1],J2134.1-0152,bll,bll,J2134.2-0154,bll,J2134.2-0154,bll,J2134.2-0154,bll,AGN,AGN,AGN,AGN
1664,J2135.3-5006,fsrq,J2135.3-5008,"[2.4330215454101562, 2.399643898010254, 2.2336058616638184, 13.669897079467773, -29.46538396858544, -29.17527353740435, -28.110986412168614, -29.26884924424476, -23.527975018150766, 0.06984630227088928, 0.12584607303142548, 1.967710018157959, 28.581708908081055, -0.2523746457939262, -0.5750019892523635, -0.7146522405426103, -0.6779901568639582, -0.7317342343813116, -0.8917198282880561]",[1],J2135.3-5008,fsrq,fsrq,J2135.3-5006,fsrq,J2135.3-5006,fsrq,J2135.3-5006,fsrq,AGN,AGN,AGN,AGN
1665,J2139.4-4235,bll,J2139.4-4235,"[2.03501033782959, 1.9293864965438843, 1.8528369665145874, 380.4953308105469, -29.563965178720167, -29.374229272267062, -27.260836377563606, -29.465656642683662, -22.769326829858485, 0.0686529129743576, 0.4805603623390198, 5.761038780212402, 75.1344985961914, 0.2934349259413329, -0.421878874360664, -0.5256563227048983, -0.49176561336379865, -0.6824905900644856, -0.5554434105119501]",[1],J2139.4-4235,bll,bll,J2139.4-4235,bll,J2139.4-4235,bll,J2139.4-4235,bll,AGN,AGN,AGN,AGN
1666,J2140.0+4716,PSR,J2140.0+4715,"[2.4093213081359863, 2.096782922744751, 0.5061485171318054, 5.468534469604492, -29.438419726460218, -28.90744281225175, -27.47172244676289, -28.903002364086642, -22.622605408451584, 0.6382802128791809, 0.0, 16.34638023376465, 43.54156494140625, -0.33668735827633745, -0.18528323247722997, -0.5296496524817024, -0.8558132504681193, -0.9999999999733306, 0.9999743195091518]",[0],J2140.0+4715,PSR,PSR,J2140.0+4716,PSR,J2140.0+4716,PSR,J2140.0+4716,PSR,PSR,PSR,PSR,PSR
1667,J2141.7-6410,bcu,J2141.6-6412,"[2.3047921657562256, 2.19830060005188, 1.9966521263122559, 1605.8245849609375, -29.01485325590035, -28.738328510253435, -27.634408477135903, -28.822946972799716, -23.047250422400307, 0.1110406145453453, 0.9787748456001282, 7.297247409820557, 65.17391204833984, 0.35127245073191743, -0.4553312394503457, -0.6593867721847687, -0.6488890000396599, -0.7807264492056232, -0.9428691675247033]",[1],J2141.6-6412,bcu,bcu,J2141.7-6410,bcu,J2141.7-6410,bcu,J2141.7-6410,bcu,AGN,AGN,AGN,AGN
1668,J2141.8-3727,fsrq,J2141.7-3734,"[2.645857810974121, 2.6292316913604736, 2.5510261058807373, 38.38152313232422, -28.71148770764309, -28.5265240362501, -28.23544661237408, -28.597812455004473, -23.76483233920003, 0.02337135374546051, 0.4245687425136566, 0.5083668828010559, 15.32449722290039, -0.5184131688633973, -0.6505953183678282, -0.7324363810244852, -0.7159122223243499, -0.9214905046057424, -0.999907112605701]",[1],J2141.7-3734,fsrq,fsrq,J2141.8-3727,fsrq,J2141.8-3727,fsrq,J2141.8-3727,fsrq,AGN,AGN,AGN,AGN
1669,J2142.5-2552,bcu,J2142.2-2546,"[2.2334625720977783, 2.144502639770508, 1.973836064338684, 40.25381088256836, -31.26599838195589, -30.96643098778688, -28.37471245217939, -31.076990689222907, -23.842439402778705, 0.0754966288805008, 0.7874972224235535, 0.8236989378929138, 9.751399993896484, -0.24938649560236267, -0.632596703274902, -0.6278410625332513, -0.45531443705439884, -0.8038794498787692, -0.9917300368225691]",[1],J2142.2-2546,bcu,bcu,J2142.5-2552,bcu,J2142.5-2552,bcu,J2142.5-2552,bcu,AGN,AGN,AGN,AGN
1670,J2143.1-3929,bll,J2143.1-3928,"[2.1883537769317627, 2.203568458557129, 2.2204365730285645, 42.941715240478516, -31.1141582912436, -30.979284406185872, -28.22859156075133, -31.103207098720546, -23.674318508378107, -0.017619086429476738, 0.6189208626747131, 0.46650904417037964, 15.33968448638916, 0.9886580905019668, -0.4828405532651304, -0.703798916164776, -0.5431922517577065, -0.68575442340374, -0.19829692468909177]",[1],J2143.1-3928,bll,bll,J2143.1-3929,bll,J2143.1-3929,bll,J2143.1-3929,bll,AGN,AGN,AGN,AGN
1671,J2143.5+1743,fsrq,J2143.5+1744,"[2.5002622604370117, 2.4492597579956055, 2.402043342590332, 103.82231903076172, -27.302595578293804, -27.12746938812323, -27.30400274107085, -27.219737650679708, -22.748661110639794, 0.045993492007255554, 0.15350109338760376, 4.144250869750977, 87.51214599609375, -0.30746666152775887, -0.6545647276668777, -0.7278072900474001, -0.6960834997889219, -0.7872234881593101, -0.7224802561981587]",[1],J2143.5+1744,fsrq,fsrq,J2143.5+1743,fsrq,J2143.5+1743,fsrq,J2143.5+1743,fsrq,AGN,AGN,AGN,AGN
1672,J2144.2+3132,bll,J2144.2+3132,"[2.101435422897339, 2.0636775493621826, 1.9428150653839111, 9.971043586730957, -32.027654042416614, -31.793477061407593, -28.090524795153293, -31.87967969681753, -23.590369836090066, 0.04728198051452637, 0.2029687464237213, 1.117504596710205, 15.414295196533203, 0.9827854920713393, -0.4223394013774332, -0.5525560178124077, -0.5889398183955602, -0.42660044128846575, -0.7926851296664791]",[1],J2144.2+3132,bcu,bll,J2144.2+3132,bll,J2144.2+3132,bll,J2144.2+3132,bll,AGN,AGN,AGN,AGN
1673,J2145.0-3356,fsrq,J2144.9-3356,"[2.3124094009399414, 2.2076351642608643, 2.113286256790161, 289.8089294433594, -29.059349706567087, -28.861126535305054, -27.869159182688392, -28.951685235913615, -23.313156532401653, 0.0833982303738594, 0.7380315065383911, 3.0624711513519287, 36.08513641357422, 0.06611259091663357, -0.47839029830934127, -0.644557501384606, -0.6752817654045193, -0.7485891630561925, -0.6873403063589343]",[1],J2144.9-3356,fsrq,fsrq,J2145.0-3356,fsrq,J2145.0-3356,fsrq,J2145.0-3356,fsrq,AGN,AGN,AGN,AGN
1674,J2145.7+0718,bll,J2145.7+0717,"[2.1587486267089844, 2.1610405445098877, 2.1118509769439697, 3.656257152557373, -32.911974255593954, -32.80927022266989, -28.188235615601627, -32.84894895992852, -23.784071745528507, -0.0061761774122715, 0.0, 0.09519235044717789, 7.718080043792725, -0.5090603386977798, -0.7212518745161638, -0.7843272626036922, -0.3119550183651126, -0.497996431974663, -0.7264397552753347]",[1],J2145.7+0717,bll,bll,J2145.7+0718,bll,J2145.7+0718,bll,J2145.7+0718,bll,AGN,AGN,AGN,AGN
1675,J2146.4-1528,fsrq,J2146.7-1527,"[2.7851457595825195, 2.734110116958618, 2.5159096717834473, 42.2441520690918, -28.281926281241063, -27.975911557295667, -28.134923324902154, -28.033542105502786, -23.89590469853851, 0.10826505720615387, 0.6732527017593384, 1.4781495332717896, 10.22864055633545, -0.4258687114797284, -0.7239087902801097, -0.8265374060367378, -0.8609322159815157, -0.638506136013312, -0.9948015401247757]",[1],J2146.7-1527,fsrq,fsrq,J2146.4-1528,fsrq,J2146.4-1528,fsrq,J2146.4-1528,fsrq,AGN,AGN,AGN,AGN
1676,J2146.5-1344,bll,J2146.6-1344,"[1.7199327945709229, 1.5026739835739136, 1.2845131158828735, 13.026729583740234, -32.3797856359343, -32.06312587199019, -27.497640158113484, -32.14977791473814, -23.248399652044185, 0.13037505745887756, 0.16169537603855133, 4.384682655334473, 31.3087100982666, 0.6488922527870056, -0.37992473838061697, -0.2937604149368464, -0.273746189653715, -0.3028600896234174, -0.5951431548614619]",[1],J2146.6-1344,bll,bll,J2146.5-1344,bll,J2146.5-1344,bll,J2146.5-1344,bll,AGN,AGN,AGN,AGN
1677,J2147.1+0931,FSRQ,J2147.2+0929,"[2.501436233520508, 2.3778200149536133, 2.0915632247924805, 568.3261108398438, -28.124151612463784, -27.85512676702505, -27.686348628598704, -27.91483019795981, -23.160124858131173, 0.1363929957151413, 0.8416069149971008, 5.2691826820373535, 37.35829544067383, -0.30353980961203464, -0.5672311692091587, -0.7374035140559397, -0.7760811381491878, -0.8208481378335228, -0.6986987343797387]",[1],J2147.2+0929,FSRQ,FSRQ,J2147.1+0931,FSRQ,J2147.1+0931,FSRQ,J2147.1+0931,FSRQ,AGN,AGN,AGN,AGN
1678,J2147.3-7536,FSRQ,J2147.3-7536,"[2.4203810691833496, 2.3447563648223877, 2.2357349395751953, 1584.4124755859375, -27.91091039375118, -27.70503460415248, -27.380690691547258, -27.794111868043455, -22.80439803960234, 0.06981074064970016, 0.5654386878013611, 7.203917026519775, 99.32101440429688, -0.1421467102964288, -0.6112466274876218, -0.6884421510234969, -0.6829945487261391, -0.8249857087558621, -0.8384738106374607]",[1],J2147.3-7536,FSRQ,FSRQ,J2147.3-7536,FSRQ,J2147.3-7536,FSRQ,J2147.3-7536,FSRQ,AGN,AGN,AGN,AGN
1679,J2149.6+0323,bll,J2149.7+0323,"[2.191112518310547, 2.1808266639709473, 2.1214919090270996, 35.93526840209961, -31.21397339806471, -31.037120022639165, -28.144665427791878, -31.116995637692238, -23.61033947439808, 0.01562814600765705, 0.5271143317222595, 0.41925469040870667, 17.205930709838867, -0.16518297585299582, -0.6618485745917263, -0.5853027707721321, -0.5318840408554389, -0.7718120999105689, -0.23786813206954732]",[1],J2149.7+0323,bll,bll,J2149.6+0323,bll,J2149.6+0323,bll,J2149.6+0323,bll,AGN,AGN,AGN,AGN
1680,J2149.7+1917,bcu,J2149.6+1915,"[2.5636417865753174, 2.455214023590088, 2.191978693008423, 56.930599212646484, -29.741780304102647, -29.406508555256448, -27.94769769580411, -29.479271841755143, -23.66503106026337, 0.16367295384407043, 0.9670958518981934, 1.92542564868927, 10.310296058654785, -0.6587172461725317, -0.4151428809130557, -0.7089695283981995, -0.8247420699035983, -0.7294681198278208, -0.9999988465122837]",[1],J2149.6+1915,bcu,bcu,J2149.7+1917,bcu,J2149.7+1917,bcu,J2149.7+1917,bcu,AGN,AGN,AGN,AGN
1681,J2150.1-1410,bll,J2150.2-1411,"[1.8052656650543213, 1.715945839881897, 1.5917723178863525, 10.946669578552246, -33.411600475571134, -33.082366968754854, -28.062314875738583, -33.21522636022117, -23.690448272264902, 0.08266083151102066, 0.3215080201625824, 1.5239315032958984, 13.947725296020508, -0.9999970010380095, 0.9999991987164017, -0.3164259006371009, -0.2261803975901295, -0.648533736545038, -0.1776363446474374]",[1],J2150.2-1411,bll,bll,J2150.1-1410,bll,J2150.1-1410,bll,J2150.1-1410,bll,AGN,AGN,AGN,AGN
1682,J2151.8-3027,fsrq,J2151.8-3025,"[2.8399999141693115, 2.7661216259002686, 2.2753043174743652, 740.0448608398438, -27.00843143829311, -26.64526262157722, -27.608125591660727, -26.687271410639347, -23.386883778709876, 0.19052253663539886, 0.6410858631134033, 7.292468547821045, 46.58730697631836, -0.3323679855136631, -0.6875612960419052, -0.8656884691775625, -0.8674878512928779, -0.9999895474570293, 0.8017955727440641]",[1],J2151.8-3025,fsrq,fsrq,J2151.8-3027,fsrq,J2151.8-3027,fsrq,J2151.8-3027,fsrq,AGN,AGN,AGN,AGN
1683,J2152.5+1737,bll,J2152.4+1735,"[2.0831151008605957, 1.954725742340088, 1.722445011138916, 13.56955337524414, -33.27416605170871, -32.91042983550058, -28.426613770331684, -33.02093580196435, -23.939362081871057, 0.14806479215621948, 0.4485098421573639, 0.8383285403251648, 4.197829246520996, 0.6328100370921433, -0.8153224737948913, -0.40703312656440555, -0.5440015074623827, -0.6901245596272941, -0.7135100298762869]",[1],J2152.4+1735,bll,bll,J2152.5+1737,bll,J2152.5+1737,bll,J2152.5+1737,bll,AGN,AGN,AGN,AGN
1684,J2153.1-0041,bll,J2152.9-0045,"[1.7718229293823242, 1.761381983757019, 1.7043687105178833, 10.262398719787598, -34.792988045932226, -34.57784086870986, -28.285167671229527, -34.66718312298879, -23.740755306115616, 0.010788828134536743, 0.5067004561424255, 0.1461186408996582, 7.866646766662598, 0.9991674993376854, -0.691293147528161, 0.04396268943126933, -0.2727183643155464, -0.3852523415663636, -0.19835593660751075]",[1],J2152.9-0045,bll,bll,J2153.1-0041,bll,J2153.1-0041,bll,J2153.1-0041,bll,AGN,AGN,AGN,AGN
1685,J2153.8-1137,fsrq,J2154.0-1137,"[2.5226988792419434, 2.486485481262207, 2.2784454822540283, 40.151702880859375, -29.326601325959352, -29.048940252237017, -27.95172262257249, -29.110027647275384, -23.539100502088036, 0.08852123469114304, 0.3702619969844818, 2.2507550716400146, 17.699581146240234, -0.3434680620206264, -0.6415970686379225, -0.7072135438869048, -0.7849522254639079, -0.706959389181127, -0.9999996534961929]",[1],J2154.0-1137,fsrq,fsrq,J2153.8-1137,fsrq,J2153.8-1137,fsrq,J2153.8-1137,fsrq,AGN,AGN,AGN,AGN
1686,J2156.0+1818,bll,J2156.0+1818,"[1.7700119018554688, 1.7006287574768066, 1.5815904140472412, 11.658682823181152, -33.6300711824688, -33.334007058028426, -27.995689205168585, -33.459843206256046, -23.62818919407825, 0.06649506092071533, 0.25906023383140564, 1.4588314294815063, 15.460057258605957, -0.8245309115908019, 0.9421424361660419, -0.42598319574456256, -0.31939492486076076, -0.5145432110634246, -0.2205333035875675]",[1],J2156.0+1818,bcu,bll,J2156.0+1818,bll,J2156.0+1818,bll,J2156.0+1818,bll,AGN,AGN,AGN,AGN
1687,J2156.9-0854,bll,J2156.9-0855,"[2.0871422290802, 1.9015474319458008, 1.4522501230239868, 5.492598056793213, -32.39673627988862, -32.038121182695, -28.389477133077577, -32.08075281748911, -23.888890732192827, 0.16800008714199066, 0.0, 1.620982050895691, 8.37498950958252, -0.697364704789145, -0.34764184636623063, -0.6019474165807053, -0.34052999598895317, -0.5077066032286227, -0.9996996603316967]",[1],J2156.9-0855,bll,bll,J2156.9-0854,bll,J2156.9-0854,bll,J2156.9-0854,bll,AGN,AGN,AGN,AGN
1688,J2157.5+3127,fsrq,J2157.5+3126,"[2.297708749771118, 2.1464712619781494, 1.8806374073028564, 1364.132568359375, -28.84116445109463, -28.556073150059223, -27.527759478901295, -28.63645990475794, -22.875749108775096, 0.14152832329273224, 1.014038324356079, 8.42672061920166, 59.58183670043945, -0.22712479133698746, -0.4946155625057406, -0.6166819494619573, -0.668832910638397, -0.9063963685576216, -0.7913711684418352]",[1],J2157.5+3126,fsrq,fsrq,J2157.5+3127,fsrq,J2157.5+3127,fsrq,J2157.5+3127,fsrq,AGN,AGN,AGN,AGN
1689,J2158.1-1501,fsrq,J2158.0-1501,"[2.195321559906006, 2.069243907928467, 1.9768544435501099, 18.64763832092285, -29.90906057870048, -29.658685967849156, -27.84862993105684, -29.765456202364884, -23.315371657974957, 0.10418849438428879, 0.2030043751001358, 2.9253883361816406, 24.784238815307617, -0.26823285226149696, -0.38780942921530626, -0.6032360977131137, -0.6658249274816711, -0.5473466033685699, -0.7481405900104411]",[1],J2158.0-1501,fsrq,fsrq,J2158.1-1501,fsrq,J2158.1-1501,fsrq,J2158.1-1501,fsrq,AGN,AGN,AGN,AGN
1690,J2158.8-3013,bll,J2158.8-3013,"[1.8488208055496216, 1.7632428407669067, 1.7438609600067139, 646.951416015625, -29.481728487632058, -29.345225271638284, -26.32868967374981, -29.432133093476317, -22.044235553113012, 0.0417182520031929, 0.29122674465179443, 4.895074844360352, 198.63946533203125, -0.07626248563507561, -0.33792704831490933, -0.4449420915841463, -0.39970101612615, -0.5176271728306963, -0.4319532904581071]",[1],J2158.8-3013,bll,bll,J2158.8-3013,bll,J2158.8-3013,bll,J2158.8-3013,bll,AGN,AGN,AGN,AGN
1691,J2159.1-2840,bcu,J2159.2-2841,"[1.834058403968811, 1.6487456560134888, 1.3152339458465576, 8.251533508300781, -33.37785349491164, -32.990004823202355, -28.157720593748163, -33.06837247084649, -23.760458112497954, 0.1510135382413864, 0.177850604057312, 2.1592493057250977, 12.730491638183594, -0.9999859649324543, 0.9997093894491865, -0.5120470621118471, -0.25289061301610294, -0.5389491942215928, -0.5674228585253729]",[1],J2159.2-2841,bcu,bcu,J2159.1-2840,bll,J2159.1-2840,bll,J2159.1-2840,bll,AGN,AGN,AGN,AGN
1692,J2200.1+2138,bll,J2200.2+2139,"[1.9898126125335693, 1.710426926612854, 1.2900867462158203, 4.128250598907471, -32.97477380487045, -32.59294070827155, -28.290639856233504, -32.65182093458661, -23.79165188631654, 0.19603809714317322, 0.0, 1.645846962928772, 9.611222267150879, 0.7923915533374021, -0.5913548552057352, -0.72476391906559, -0.018350765443147683, -0.5460550955058787, -0.999999516161871]",[1],J2200.2+2139,bll,bll,J2200.1+2138,bll,J2200.1+2138,bll,J2200.1+2138,bll,AGN,AGN,AGN,AGN
1693,J2200.3+1029,bll,J2159.8+1025,"[2.501401424407959, 2.500181198120117, 2.4265596866607666, 2.6314334869384766, -30.381480530203486, -30.224411902488267, -28.188960916824897, -30.20320488053409, -23.88622401620176, 0.005572957918047905, 0.0, 0.0809236466884613, 7.689967155456543, 0.9642721621159153, -0.7015517091702745, -0.802497054868456, -0.3381124041707283, -0.7335029085139504, -0.998715147586161]",[1],J2159.8+1025,bll,bll,J2200.3+1029,bll,J2200.3+1029,bll,J2200.3+1029,bll,AGN,AGN,AGN,AGN
1694,J2200.7-2414,bcu,J2200.9-2412,"[2.235854148864746, 2.1775295734405518, 1.9632983207702637, 19.120010375976562, -31.466691835412277, -31.221517816081555, -28.415849202093277, -31.280150084917135, -23.912440428494417, 0.057255033403635025, 0.47989699244499207, 0.8042612075805664, 9.809257507324219, -0.5403078359338872, -0.4302420675729595, -0.7138395660902503, -0.3467727966265325, -0.6873397375070454, -0.9998777766939835]",[1],J2200.9-2412,bcu,bcu,J2200.7-2414,bcu,J2200.7-2414,bcu,J2200.7-2414,bcu,AGN,AGN,AGN,AGN
1695,J2201.5-8339,fsrq,J2202.4-8339,"[2.525768756866455, 2.4469077587127686, 2.143918514251709, 302.8365478515625, -29.16075272162531, -28.881255323992704, -27.28777046073272, -28.922940537553945, -23.16721972257005, 0.14664389193058014, 0.6732504963874817, 5.67156982421875, 36.633758544921875, 0.3293783941240859, -0.6449257779204376, -0.6843033096920988, -0.7458024291277295, -0.8672310339801002, -0.9999805842670342]",[1],J2202.4-8339,fsrq,fsrq,J2201.5-8339,fsrq,J2201.5-8339,fsrq,J2201.5-8339,fsrq,AGN,AGN,AGN,AGN
1696,J2201.8+5048,fsrq,J2201.7+5047,"[2.6378822326660156, 2.557147979736328, 2.228159189224243, 2708.39013671875, -27.81256395904954, -27.504665358108277, -27.149403807341326, -27.56417342268567, -22.838944764611238, 0.13879752159118652, 1.0970975160598755, 7.96274471282959, 58.77973937988281, -0.29445978150952096, -0.6114109720476582, -0.7682773456621838, -0.8043551646664971, -0.9194856081645011, -0.99996605486154]",[1],J2201.7+5047,fsrq,fsrq,J2201.8+5048,fsrq,J2201.8+5048,fsrq,J2201.8+5048,fsrq,AGN,AGN,AGN,AGN
1697,J2202.7+4216,BLL,J2202.7+4217,"[2.2328286170959473, 2.175527811050415, 2.0988621711730957, 2474.03076171875, -28.360541437961288, -28.136880295977658, -26.631138330726227, -28.244130530112862, -22.086936823246774, 0.060071203857660294, 0.4675852656364441, 9.296422958374023, 166.76904296875, -0.18393501345078683, -0.4980665993586465, -0.6383992069431587, -0.597676805135404, -0.7156392562459649, -0.6307890304907005]",[1],J2202.7+4217,BLL,BLL,J2202.7+4216,BLL,J2202.7+4216,BLL,J2202.7+4216,BLL,AGN,AGN,AGN,AGN
1698,J2203.4+1725,fsrq,J2203.4+1725,"[2.311638116836548, 2.2191948890686035, 2.1355767250061035, 671.94677734375, -28.520913676357008, -28.32542405263076, -27.499465264163398, -28.42221949699675, -22.914949654326673, 0.07468473166227341, 0.7321649193763733, 4.542023658752441, 63.225582122802734, -0.2623126068481046, -0.5024662620488392, -0.6576380681700741, -0.6689847712803693, -0.6995867950688354, -0.7803089538783105]",[1],J2203.4+1725,fsrq,fsrq,J2203.4+1725,fsrq,J2203.4+1725,fsrq,J2203.4+1725,fsrq,AGN,AGN,AGN,AGN
1699,J2204.3+0438,bll,J2204.4+0439,"[2.3392996788024902, 2.277160406112671, 1.3737982511520386, 18.917612075805664, -30.4787706950351, -29.9765271959275, -28.191271448726855, -29.85245605156339, -23.579151977467248, 0.3140212297439575, 0.3944891691207886, 3.186795711517334, 11.238855361938477, 0.06998190832704437, -0.5437441573465895, -0.5754200692010143, -0.8392748855509157, -0.5383126008400021, -0.7503586949981718]",[1],J2204.4+0439,bll,bll,J2204.3+0438,bll,J2204.3+0438,bll,J2204.3+0438,bll,AGN,AGN,AGN,AGN
1700,J2206.8-0032,bll,J2206.9-0031,"[2.254776954650879, 2.2061965465545654, 2.039036512374878, 73.07842254638672, -30.665475850146375, -30.41727801453924, -28.005394051722494, -30.488480065070277, -23.46495019194123, 0.07025643438100815, 0.605494499206543, 1.9568918943405151, 20.308990478515625, 0.5773221841947737, -0.48056165694188036, -0.6030589359623243, -0.5669820981623824, -0.8809967978491237, -0.06282048384118975]",[1],J2206.9-0031,bll,bll,J2206.8-0032,bll,J2206.8-0032,bll,J2206.8-0032,bll,AGN,AGN,AGN,AGN
1701,J2207.5-5346,fsrq,J2207.8-5345,"[2.41886568069458, 2.38808274269104, 2.3318142890930176, 79.87088012695312, -29.95693983794856, -29.7180537110369, -28.304807045116114, -29.833413643754756, -23.753055644931568, 0.05142955109477043, 0.5823719501495361, 1.4656473398208618, 21.864011764526367, -0.5969948061405491, -0.5819927495149184, -0.6917855994967418, -0.6993686731775925, -0.8632394445170415, 0.026057421643150728]",[1],J2207.8-5345,fsrq,fsrq,J2207.5-5346,fsrq,J2207.5-5346,fsrq,J2207.5-5346,fsrq,AGN,AGN,AGN,AGN
1702,J2211.4-7040,bcu,J2212.3-7039,"[2.325594663619995, 2.3865792751312256, 2.4436261653900146, 5.805531024932861, -32.090050790476944, -32.065490281501894, -28.493700366044948, -32.11791844228934, -24.203785212956692, -0.08256582915782928, 0.0, 1.5722055435180664, 7.255832672119141, -0.7676508190546912, -0.4696813776119434, -0.708035612800181, -0.6770548989749732, -0.539940265372786, -0.24032037082188593]",[1],J2212.3-7039,bcu,bcu,J2211.4-7040,bll,J2211.4-7040,bll,J2211.4-7040,bll,AGN,AGN,AGN,AGN
1703,J2212.0+2356,fsrq,J2212.0+2355,"[2.2229416370391846, 2.1229965686798096, 2.0067291259765625, 4.524477005004883, -30.184048920004823, -29.924644440469745, -27.782001977785402, -30.03083618121248, -23.271950400832182, 0.10667888075113297, 0.0, 3.3557798862457275, 26.56488037109375, -0.5118256761152186, -0.43893803632479683, -0.5865059195480624, -0.6547476394133822, -0.7178257103768009, -0.5077259291953498]",[1],J2212.0+2355,fsrq,fsrq,J2212.0+2356,fsrq,J2212.0+2356,fsrq,J2212.0+2356,fsrq,AGN,AGN,AGN,AGN
1704,J2212.6+2800,bll,J2212.6+2801,"[2.0985774993896484, 2.041393995285034, 1.8737751245498657, 9.275465965270996, -31.993942734728385, -31.693140593431703, -28.20150637406866, -31.77370820151793, -23.697015387621928, 0.09174972027540207, 0.15785165131092072, 1.890920877456665, 13.791698455810547, -0.9070863063413194, 0.9993907291816334, -0.5289765699043535, -0.562636998268359, -0.4750589445847371, -0.6420657838753364]",[1],J2212.6+2801,bcu,bll,J2212.6+2800,bll,J2212.6+2800,bll,J2212.6+2800,bll,AGN,AGN,AGN,AGN
1705,J2212.9-2526,fsrq,J2213.1-2532,"[2.278418779373169, 2.1928560733795166, 1.9882067441940308, 24.743803024291992, -30.811341928382927, -30.501917292198296, -28.349131631631096, -30.597417183768357, -23.79864755674139, 0.1085333600640297, 0.4592050313949585, 1.838012456893921, 14.328593254089355, 0.9846246671089105, -0.23258620992701076, -0.6783366789543219, -0.5711808840105007, -0.7221516047996397, -0.9987730591106865]",[1],J2213.1-2532,fsrq,fsrq,J2212.9-2526,fsrq,J2212.9-2526,fsrq,J2212.9-2526,fsrq,AGN,AGN,AGN,AGN
1706,J2213.5-4754,bcu,J2213.6-4755,"[1.8544822931289673, 1.665541648864746, 1.4305771589279175, 11.407533645629883, -34.02899714635682, -33.642740912239965, -28.605480201161026, -33.76232632388937, -24.136996175125763, 0.11725050956010818, 0.4617537260055542, 0.7564365267753601, 7.222166538238525, 0.9957858597604735, -0.9088609310722984, 0.19061464060270147, -0.5871631822437151, -0.21239193918861046, -0.6216652395279647]",[1],J2213.6-4755,bcu,bcu,J2213.5-4754,bll,J2213.5-4754,bll,J2213.5-4754,bll,AGN,AGN,AGN,AGN
1707,J2214.6+3000,PSR,J2214.6+3000,"[2.0767529010772705, 1.7152076959609985, 0.6542601585388184, 11.170686721801758, -29.936057492443748, -29.367468563008785, -27.73770853092088, -29.431891973767094, -22.60894819306443, 0.46893805265426636, 0.04643305391073227, 21.855300903320312, 79.18112182617188, 0.4420893932946766, -0.17132144195559712, -0.35845336855972754, -0.6618963572835906, -0.999985883266453, 0.21434901097583625]",[0],J2214.6+3000,PSR,PSR,J2214.6+3000,PSR,J2214.6+3000,MSP,J2214.6+3000,MSP,PSR,PSR,PSR,PSR
1708,J2215.6+5135,PSR,J2215.6+5134,"[2.220485210418701, 2.0535190105438232, 1.4626816511154175, 8.755270004272461, -30.81961412121652, -30.454541694635967, -27.83970697025764, -30.487718158833296, -22.977600740821373, 0.2660863697528839, 0.06008055433630943, 8.07539176940918, 36.36045837402344, -0.3958754922611717, -0.29354708610061836, -0.4502661797936689, -0.6280747300114714, -0.8623115526195322, -0.8609525874626688]",[0],J2215.6+5134,PSR,PSR,J2215.6+5135,PSR,J2215.6+5135,MSP,J2215.6+5135,MSP,PSR,PSR,PSR,AGN
1709,J2216.9+2421,bll,J2217.0+2421,"[2.288687229156494, 2.2467005252838135, 2.1266283988952637, 36.1928596496582, -30.701472466882972, -30.492606173942328, -28.041838241592536, -30.558683875253855, -23.527628846309213, 0.05442137271165848, 0.4779275059700012, 1.399788737297058, 17.81319236755371, 0.9205766794921398, -0.5491019488333854, -0.6925980240512757, -0.5915718546242503, -0.5931948048304148, -0.8749251846859425]",[1],J2217.0+2421,bll,bll,J2216.9+2421,bll,J2216.9+2421,bll,J2216.9+2421,bll,AGN,AGN,AGN,AGN
1710,J2219.2+1806,fsrq,J2219.2+1806,"[2.2298052310943604, 2.126493215560913, 1.9950485229492188, 528.3914794921875, -29.82403898332689, -29.60215680727567, -27.74511463364506, -29.688633826797794, -23.22960906944062, 0.09051977097988129, 1.1727654933929443, 3.501176357269287, 33.20209884643555, 0.9974643694842377, -0.3843406569463438, -0.6316391661925206, -0.5394951879426185, -0.7668215182005091, -0.8713746820414896]",[1],J2219.2+1806,fsrq,fsrq,J2219.2+1806,fsrq,J2219.2+1806,fsrq,J2219.2+1806,fsrq,AGN,AGN,AGN,AGN
1711,J2220.5+2813,bll,J2220.3+2812,"[1.9946057796478271, 1.9867361783981323, 1.9348400831222534, 5.141557216644287, -32.91791551398979, -32.750442005908226, -28.330908245980403, -32.842279690314356, -23.835177461908252, 0.006196871399879456, 0.0, 0.10103249549865723, 9.409018516540527, 0.9583916152899559, -0.8086539711307246, -0.4488544360492608, -0.5484400648928328, -0.2732973544367567, -0.6937054986911163]",[1],J2220.3+2812,bcu,bll,J2220.5+2813,bll,J2220.5+2813,bll,J2220.5+2813,bll,AGN,AGN,AGN,AGN
1712,J2221.5-5225,bll,J2221.6-5225,"[1.7790758609771729, 1.6266610622406006, 1.572312593460083, 25.325271606445312, -32.21647533576832, -31.97061816197825, -27.826121153221113, -32.093715442588206, -23.552102738934085, 0.08848892897367477, 0.3080095648765564, 3.0346972942352295, 27.409345626831055, 0.9982640651359758, 0.02742220458385379, -0.28672826781368194, -0.35973842397811207, -0.38688735176849337, -0.578983858111469]",[1],J2221.6-5225,bll,bll,J2221.5-5225,bll,J2221.5-5225,bll,J2221.5-5225,bll,AGN,AGN,AGN,AGN
1713,J2221.9-3504,fsrq,J2222.3-3500,"[2.599196434020996, 2.442861557006836, 1.6217063665390015, 48.50336456298828, -29.495303567737526, -29.016526926531238, -28.550762185703515, -29.102094947902284, -24.14936885850753, 0.3303571343421936, 1.2277213335037231, 1.8420679569244385, 6.6126556396484375, 0.9946402573503953, -0.4849738845446749, -0.7338991147862394, -0.9177916978474544, -0.9999814095248124, 0.9999622109751756]",[1],J2222.3-3500,fsrq,fsrq,J2221.9-3504,fsrq,J2221.9-3504,fsrq,J2221.9-3504,fsrq,AGN,AGN,AGN,AGN
1714,J2224.0-1127,bll,J2224.6-1122,"[2.096726179122925, 1.9595063924789429, 1.2083252668380737, 11.01607608795166, -32.645590620016925, -32.217148929084175, -28.24849555483614, -32.214885203446165, -23.758616068705123, 0.283780574798584, 0.5123357176780701, 2.001751661300659, 5.348991394042969, -0.925095135625474, -0.024439082173186123, -0.6298387468301705, -0.40184685380965146, -0.8067013933217824, -0.9991895499946358]",[1],J2224.6-1122,bll,bll,J2224.0-1127,bll,J2224.0-1127,bll,J2224.0-1127,bll,AGN,AGN,AGN,AGN
1715,J2224.0-1127,bll,J2224.6-1122,"[2.096726179122925, 1.9595063924789429, 1.2083252668380737, 11.01607608795166, -32.645590620016925, -32.217148929084175, -28.24849555483614, -32.214885203446165, -23.758616068705123, 0.283780574798584, 0.5123357176780701, 2.001751661300659, 5.348991394042969, -0.925095135625474, -0.024439082173186123, -0.6298387468301705, -0.40184685380965146, -0.8067013933217824, -0.9991895499946358]",[1],J2224.6-1122,bll,bll,J2224.0-1127,bll,J2224.0-1127,bll,J2225.5-1114,bll,AGN,AGN,AGN,AGN
1716,J2224.0-1127,bll,J2224.6-1122,"[2.096726179122925, 1.9595063924789429, 1.2083252668380737, 11.01607608795166, -32.645590620016925, -32.217148929084175, -28.24849555483614, -32.214885203446165, -23.758616068705123, 0.283780574798584, 0.5123357176780701, 2.001751661300659, 5.348991394042969, -0.925095135625474, -0.024439082173186123, -0.6298387468301705, -0.40184685380965146, -0.8067013933217824, -0.9991895499946358]",[1],J2224.6-1122,bll,bll,J2224.0-1127,bll,J2225.5-1114,bll,J2224.0-1127,bll,AGN,AGN,AGN,AGN
1717,J2224.0-1127,bll,J2224.6-1122,"[2.096726179122925, 1.9595063924789429, 1.2083252668380737, 11.01607608795166, -32.645590620016925, -32.217148929084175, -28.24849555483614, -32.214885203446165, -23.758616068705123, 0.283780574798584, 0.5123357176780701, 2.001751661300659, 5.348991394042969, -0.925095135625474, -0.024439082173186123, -0.6298387468301705, -0.40184685380965146, -0.8067013933217824, -0.9991895499946358]",[1],J2224.6-1122,bll,bll,J2224.0-1127,bll,J2225.5-1114,bll,J2225.5-1114,bll,AGN,AGN,AGN,AGN
1718,J2224.0-1127,bll,J2224.6-1122,"[2.096726179122925, 1.9595063924789429, 1.2083252668380737, 11.01607608795166, -32.645590620016925, -32.217148929084175, -28.24849555483614, -32.214885203446165, -23.758616068705123, 0.283780574798584, 0.5123357176780701, 2.001751661300659, 5.348991394042969, -0.925095135625474, -0.024439082173186123, -0.6298387468301705, -0.40184685380965146, -0.8067013933217824, -0.9991895499946358]",[1],J2224.6-1122,bll,bll,J2225.5-1114,bll,J2224.0-1127,bll,J2224.0-1127,bll,AGN,AGN,AGN,AGN
1719,J2224.0-1127,bll,J2224.6-1122,"[2.096726179122925, 1.9595063924789429, 1.2083252668380737, 11.01607608795166, -32.645590620016925, -32.217148929084175, -28.24849555483614, -32.214885203446165, -23.758616068705123, 0.283780574798584, 0.5123357176780701, 2.001751661300659, 5.348991394042969, -0.925095135625474, -0.024439082173186123, -0.6298387468301705, -0.40184685380965146, -0.8067013933217824, -0.9991895499946358]",[1],J2224.6-1122,bll,bll,J2225.5-1114,bll,J2224.0-1127,bll,J2225.5-1114,bll,AGN,AGN,AGN,AGN
1720,J2224.0-1127,bll,J2224.6-1122,"[2.096726179122925, 1.9595063924789429, 1.2083252668380737, 11.01607608795166, -32.645590620016925, -32.217148929084175, -28.24849555483614, -32.214885203446165, -23.758616068705123, 0.283780574798584, 0.5123357176780701, 2.001751661300659, 5.348991394042969, -0.925095135625474, -0.024439082173186123, -0.6298387468301705, -0.40184685380965146, -0.8067013933217824, -0.9991895499946358]",[1],J2224.6-1122,bll,bll,J2225.5-1114,bll,J2225.5-1114,bll,J2224.0-1127,bll,AGN,AGN,AGN,AGN
1721,J2224.0-1127,bll,J2224.6-1122,"[2.096726179122925, 1.9595063924789429, 1.2083252668380737, 11.01607608795166, -32.645590620016925, -32.217148929084175, -28.24849555483614, -32.214885203446165, -23.758616068705123, 0.283780574798584, 0.5123357176780701, 2.001751661300659, 5.348991394042969, -0.925095135625474, -0.024439082173186123, -0.6298387468301705, -0.40184685380965146, -0.8067013933217824, -0.9991895499946358]",[1],J2224.6-1122,bll,bll,J2225.5-1114,bll,J2225.5-1114,bll,J2225.5-1114,bll,AGN,AGN,AGN,AGN
1722,J2225.5-1114,bll,J2224.6-1122,"[2.2111878395080566, 1.8667831420898438, 0.9387766718864441, 16.553897857666016, -31.938576184879146, -31.525980787831536, -28.21514148631142, -31.551003621421874, -23.76775017098627, 0.37857383489608765, 0.5957184433937073, 2.3756496906280518, 5.451430797576904, 0.14527775487622252, 0.3568058925921359, -0.5307604809007667, -0.4316015234458368, -0.9776437747414635, -0.9909838627012362]",[1],J2224.6-1122,bll,bll,J2224.0-1127,bll,J2224.0-1127,bll,J2224.0-1127,bll,AGN,AGN,AGN,AGN
1723,J2225.5-1114,bll,J2224.6-1122,"[2.2111878395080566, 1.8667831420898438, 0.9387766718864441, 16.553897857666016, -31.938576184879146, -31.525980787831536, -28.21514148631142, -31.551003621421874, -23.76775017098627, 0.37857383489608765, 0.5957184433937073, 2.3756496906280518, 5.451430797576904, 0.14527775487622252, 0.3568058925921359, -0.5307604809007667, -0.4316015234458368, -0.9776437747414635, -0.9909838627012362]",[1],J2224.6-1122,bll,bll,J2224.0-1127,bll,J2224.0-1127,bll,J2225.5-1114,bll,AGN,AGN,AGN,AGN
1724,J2225.5-1114,bll,J2224.6-1122,"[2.2111878395080566, 1.8667831420898438, 0.9387766718864441, 16.553897857666016, -31.938576184879146, -31.525980787831536, -28.21514148631142, -31.551003621421874, -23.76775017098627, 0.37857383489608765, 0.5957184433937073, 2.3756496906280518, 5.451430797576904, 0.14527775487622252, 0.3568058925921359, -0.5307604809007667, -0.4316015234458368, -0.9776437747414635, -0.9909838627012362]",[1],J2224.6-1122,bll,bll,J2224.0-1127,bll,J2225.5-1114,bll,J2224.0-1127,bll,AGN,AGN,AGN,AGN
1725,J2225.5-1114,bll,J2224.6-1122,"[2.2111878395080566, 1.8667831420898438, 0.9387766718864441, 16.553897857666016, -31.938576184879146, -31.525980787831536, -28.21514148631142, -31.551003621421874, -23.76775017098627, 0.37857383489608765, 0.5957184433937073, 2.3756496906280518, 5.451430797576904, 0.14527775487622252, 0.3568058925921359, -0.5307604809007667, -0.4316015234458368, -0.9776437747414635, -0.9909838627012362]",[1],J2224.6-1122,bll,bll,J2224.0-1127,bll,J2225.5-1114,bll,J2225.5-1114,bll,AGN,AGN,AGN,AGN
1726,J2225.5-1114,bll,J2224.6-1122,"[2.2111878395080566, 1.8667831420898438, 0.9387766718864441, 16.553897857666016, -31.938576184879146, -31.525980787831536, -28.21514148631142, -31.551003621421874, -23.76775017098627, 0.37857383489608765, 0.5957184433937073, 2.3756496906280518, 5.451430797576904, 0.14527775487622252, 0.3568058925921359, -0.5307604809007667, -0.4316015234458368, -0.9776437747414635, -0.9909838627012362]",[1],J2224.6-1122,bll,bll,J2225.5-1114,bll,J2224.0-1127,bll,J2224.0-1127,bll,AGN,AGN,AGN,AGN
1727,J2225.5-1114,bll,J2224.6-1122,"[2.2111878395080566, 1.8667831420898438, 0.9387766718864441, 16.553897857666016, -31.938576184879146, -31.525980787831536, -28.21514148631142, -31.551003621421874, -23.76775017098627, 0.37857383489608765, 0.5957184433937073, 2.3756496906280518, 5.451430797576904, 0.14527775487622252, 0.3568058925921359, -0.5307604809007667, -0.4316015234458368, -0.9776437747414635, -0.9909838627012362]",[1],J2224.6-1122,bll,bll,J2225.5-1114,bll,J2224.0-1127,bll,J2225.5-1114,bll,AGN,AGN,AGN,AGN
1728,J2225.5-1114,bll,J2224.6-1122,"[2.2111878395080566, 1.8667831420898438, 0.9387766718864441, 16.553897857666016, -31.938576184879146, -31.525980787831536, -28.21514148631142, -31.551003621421874, -23.76775017098627, 0.37857383489608765, 0.5957184433937073, 2.3756496906280518, 5.451430797576904, 0.14527775487622252, 0.3568058925921359, -0.5307604809007667, -0.4316015234458368, -0.9776437747414635, -0.9909838627012362]",[1],J2224.6-1122,bll,bll,J2225.5-1114,bll,J2225.5-1114,bll,J2224.0-1127,bll,AGN,AGN,AGN,AGN
1729,J2225.5-1114,bll,J2224.6-1122,"[2.2111878395080566, 1.8667831420898438, 0.9387766718864441, 16.553897857666016, -31.938576184879146, -31.525980787831536, -28.21514148631142, -31.551003621421874, -23.76775017098627, 0.37857383489608765, 0.5957184433937073, 2.3756496906280518, 5.451430797576904, 0.14527775487622252, 0.3568058925921359, -0.5307604809007667, -0.4316015234458368, -0.9776437747414635, -0.9909838627012362]",[1],J2224.6-1122,bll,bll,J2225.5-1114,bll,J2225.5-1114,bll,J2225.5-1114,bll,AGN,AGN,AGN,AGN
1730,J2227.9+0036,bll,J2227.8+0040,"[2.0575053691864014, 1.9088290929794312, 1.56429922580719, 10.237293243408203, -32.51453102637187, -32.1422071321668, -27.84573681368307, -32.20703847478235, -23.34436587664628, 0.18793638050556183, 0.17323105037212372, 2.5902514457702637, 14.297459602355957, 0.9999430951909646, -0.5309461730657089, -0.29365823058866386, -0.46781205882213445, -0.7567106070487274, -0.3964793779001284]",[1],J2227.8+0040,bll,bll,J2227.9+0036,bll,J2227.9+0036,bll,J2227.9+0036,bll,AGN,AGN,AGN,AGN
1731,J2229.0+6114,PSR,J2229.0+6114,"[2.2967281341552734, 2.177615165710449, 1.6598308086395264, 6.429704666137695, -28.80028814876561, -28.390060966939885, -26.365876828902273, -28.45252109782549, -21.748392016686655, 0.21744152903556824, 0.0, 31.399770736694336, 158.4364471435547, -0.03936973469246266, -0.384010117708651, -0.5887842915698454, -0.666207085547123, -0.8852796153411441, -0.9540557288801416]",[0],J2229.0+6114,PSR,PSR,J2229.0+6114,PSR,J2229.0+6114,PSR,J2229.0+6114,PSR,PSR,PSR,PSR,PSR
1732,J2229.7-0832,FSRQ,J2229.7-0833,"[2.5961992740631104, 2.4939701557159424, 2.332256555557251, 492.7283020019531, -26.915860755945566, -26.697064457543966, -27.586289512078874, -26.77898399831701, -23.000131940609847, 0.09497923403978348, 0.4283011257648468, 6.188144683837891, 61.71974182128906, -0.21989730302100055, -0.6564517188360987, -0.7666570287692673, -0.7829126699680382, -0.8960063845403085, -0.8421312265475615]",[1],J2229.7-0833,FSRQ,FSRQ,J2229.7-0832,FSRQ,J2229.7-0832,FSRQ,J2229.7-0832,FSRQ,AGN,AGN,AGN,AGN
1733,J2230.9-7815,bcu,J2230.5-7817,"[2.288638114929199, 2.247530460357666, 2.0881807804107666, 27.381479263305664, -31.463690762658686, -31.154698600905437, -28.186587396694573, -31.25397021687416, -23.775424354349024, 0.0633508637547493, 0.5599609613418579, 0.9380266070365906, 11.466201782226562, 0.9989639540733487, -0.5809211400791461, -0.4927538282503238, -0.7060488059071616, -0.5780566776699828, -0.999999924950484]",[1],J2230.5-7817,bcu,bcu,J2230.9-7815,bcu,J2230.9-7815,fsrq,J2230.9-7815,fsrq,AGN,AGN,AGN,AGN
1734,J2231.0-4416,fsrq,J2230.6-4419,"[2.4726786613464355, 2.3449912071228027, 1.8931080102920532, 41.09115982055664, -29.877791718027897, -29.469787320895627, -28.493766841589633, -29.547661207248996, -23.97174322816529, 0.22653627395629883, 0.6372783184051514, 2.4610612392425537, 12.321395874023438, 0.07923481686449009, -0.42173454356361356, -0.7603860274404831, -0.759976496116302, -0.6729130115597421, -0.8944523047918911]",[1],J2230.6-4419,fsrq,fsrq,J2231.0-4416,fsrq,J2231.0-4416,fsrq,J2231.0-4416,fsrq,AGN,AGN,AGN,AGN
1735,J2232.6+1143,FSRQ,J2232.5+1143,"[2.378512144088745, 2.26065993309021, 2.102686882019043, 14315.208984375, -26.97671765542016, -26.74089586754769, -26.847311913245072, -26.83584473486044, -22.131240283475854, 0.10065906494855881, 0.957467794418335, 16.127567291259766, 199.4576873779297, -0.22457952061856545, -0.5562773927860306, -0.6878501408441958, -0.7065398563390116, -0.834237795216764, -0.9588602790368437]",[1],J2232.5+1143,FSRQ,FSRQ,J2232.6+1143,FSRQ,J2232.6+1143,FSRQ,J2232.6+1143,FSRQ,AGN,AGN,AGN,AGN
1736,J2232.6-2023,bll,J2232.9-2021,"[2.013650894165039, 2.110105276107788, 2.135366201400757, 8.270757675170898, -33.17299749063448, -33.193006910258426, -28.443935835400357, -33.173770191907025, -23.932204573046103, -0.08122517168521881, 0.2954937517642975, 1.7204370498657227, 7.559650421142578, 0.14632068134107173, -0.7153349962374383, -0.8206783392728872, -0.054666456376828015, -0.41824812509302456, -0.4158023339696465]",[1],J2232.9-2021,bcu,bll,J2232.6-2023,bll,J2232.6-2023,bll,J2232.6-2023,bll,AGN,AGN,AGN,AGN
1737,J2233.9-1229,bcu,J2233.5-1235,"[2.0974245071411133, 1.9286125898361206, 1.4498844146728516, 4.953685283660889, -33.11032375606992, -32.6809449124361, -28.506337234943178, -32.701909349094166, -24.024793712606293, 0.198099747300148, 0.0, 1.0616546869277954, 5.362600803375244, -0.9999737092480975, 0.9990438971206302, -0.5654741818196718, -0.3467030653624751, -0.8478974350463079, -0.999107381139904]",[1],J2233.5-1235,bcu,bcu,J2233.9-1229,bcu,J2233.9-1229,bcu,J2233.9-1229,bcu,AGN,AGN,AGN,AGN
1738,J2234.1-2656,bll,J2234.1-2655,"[2.0923962593078613, 2.0318028926849365, 1.9097987413406372, 148.6031494140625, -31.110805124163875, -30.842895640558783, -28.07391696726873, -30.945668259079614, -23.54865378226849, 0.0739249661564827, 0.8040912747383118, 2.255448579788208, 25.927841186523438, -0.4134016941413463, -0.361574874878197, -0.5562775357063112, -0.5498972083618128, -0.6027590699496492, -0.5700771468955039]",[1],J2234.1-2655,bcu,bll,J2234.1-2656,bll,J2234.1-2656,bll,J2234.1-2656,bll,AGN,AGN,AGN,AGN
1739,J2234.7+0943,PSR,J2234.8+0945,"[2.1588189601898193, 1.8537191152572632, 0.8003695607185364, 21.072534561157227, -30.805517107775582, -30.332557633916526, -28.050497632976615, -30.345474148401372, -23.047363285376832, 0.44981053471565247, 0.19958455860614777, 8.675990104675293, 29.4499454498291, 0.8457322376605494, 0.5786432813247375, -0.3860177875380585, -0.6244548770252015, -0.8936792684971088, -0.9979806973844413]",[0],J2234.8+0945,PSR,PSR,J2234.7+0943,PSR,J2234.7+0943,MSP,J2234.7+0943,MSP,PSR,PSR,PSR,AGN
1740,J2235.3-4836,fsrq,J2235.3-4835,"[2.5104410648345947, 2.496758222579956, 2.474637985229492, 60.9732780456543, -29.316349078703347, -29.11906583954707, -28.251807388078582, -29.238998878970172, -23.701132573739702, 0.02660026215016842, 0.3898158073425293, 0.9044192433357239, 25.34946632385254, -0.5197009562922308, -0.613823676103255, -0.747100761408742, -0.7005684737342364, -0.56730275499204, -0.8158005651387504]",[1],J2235.3-4835,fsrq,fsrq,J2235.3-4836,fsrq,J2235.3-4836,fsrq,J2235.3-4836,fsrq,AGN,AGN,AGN,AGN
1741,J2235.8-3627,bll,J2236.0-3629,"[2.2414608001708984, 2.1799495220184326, 2.008453607559204, 20.912151336669922, -30.413648709633705, -30.1449968219814, -28.232709141343957, -30.22877240652884, -23.62420922089773, 0.08036457747220993, 0.23467084765434265, 2.4469707012176514, 24.356081008911133, 0.999803987402355, -0.5579300430278031, -0.6235128695795678, -0.633249813243218, -0.6311310570829716, -0.9999999811526227]",[1],J2236.0-3629,bll,bll,J2235.8-3627,bll,J2235.8-3627,bll,J2235.8-3627,bll,AGN,AGN,AGN,AGN
1742,J2236.2-1706,bll,J2236.0-1706,"[2.2402145862579346, 2.2327864170074463, 2.195385694503784, 7.901422023773193, -31.232917868960385, -31.05469451656845, -28.282080013976643, -31.159374189656027, -23.770020011705906, 0.009752016514539719, 0.0, 0.23758664727210999, 12.708475112915039, 0.8929663613270182, -0.30947730528692, -0.6539039987534375, -0.6580127488699734, -0.3061292722800551, -0.7555362792210238]",[1],J2236.0-1706,fsrq,bll,J2236.2-1706,bll,J2236.2-1706,bll,J2236.2-1706,bll,AGN,AGN,AGN,AGN
1743,J2236.3+2828,fsrq,J2236.3+2829,"[2.2972800731658936, 2.16015362739563, 1.9470601081848145, 387.64642333984375, -28.45047120612416, -28.184137021995575, -27.54479015795059, -28.26891867428967, -22.857502514710795, 0.12464608252048492, 0.4214611053466797, 8.684863090515137, 75.08992767333984, -0.13050908934825567, -0.5118764520480213, -0.6234917132408473, -0.6996180686955626, -0.8272161698623529, -0.6894506740343581]",[1],J2236.3+2829,bll,fsrq,J2236.3+2828,fsrq,J2236.3+2828,fsrq,J2236.3+2828,fsrq,AGN,AGN,AGN,AGN
1744,J2236.4-2309,bcu,J2235.6-2319,"[2.782850503921509, 2.715402364730835, 2.453855514526367, 20.61101722717285, -28.23048369434668, -27.96476804995426, -28.28292227333425, -28.016137098547144, -23.954248785845223, 0.09132430702447891, 0.27868595719337463, 1.3406379222869873, 14.503392219543457, -0.6573088553056411, -0.6079456854667878, -0.8201403163984144, -0.8042680534387071, -0.9999998332255656, 0.9972907818911738]",[1],J2235.6-2319,bcu,bcu,J2236.4-2309,bcu,J2236.4-2309,bcu,J2236.4-2309,bcu,AGN,AGN,AGN,AGN
1745,J2236.5-1433,BLL,J2236.5-1432,"[2.145998001098633, 2.051269769668579, 1.9678515195846558, 1534.8916015625, -28.652144385959424, -28.453260799265124, -27.161956050474117, -28.55134930677921, -22.587383742944557, 0.06827163696289062, 0.7641147375106812, 6.668144226074219, 98.12652587890625, -0.05676714723111109, -0.46196437173122296, -0.5855284627509555, -0.574782304634381, -0.6897019138205078, -0.773101418980203]",[1],J2236.5-1432,BLL,BLL,J2236.5-1433,BLL,J2236.5-1433,BLL,J2236.5-1433,BLL,AGN,AGN,AGN,AGN
1746,J2237.0-3921,fsrq,J2237.1-3921,"[2.340393304824829, 2.260688066482544, 2.0814173221588135, 156.69818115234375, -30.63075220431601, -30.336686394889785, -28.380981857193557, -30.427712158955334, -23.848743993322696, 0.11608818918466568, 1.3708710670471191, 2.068956136703491, 15.992267608642578, -0.5681538776943516, -0.5282897360717295, -0.6680119186354136, -0.6507242884720635, -0.9999999890292073, 0.9999998651897956]",[1],J2237.1-3921,fsrq,fsrq,J2237.0-3921,fsrq,J2237.0-3921,fsrq,J2237.0-3921,fsrq,AGN,AGN,AGN,AGN
1747,J2238.5+5903,PSR,J2238.4+5903,"[2.3905224800109863, 2.470126152038574, 1.5167503356933594, 10.748391151428223, -30.195273693393034, -29.842856970166746, -26.85482966526633, -29.821732797826268, -22.272319012381562, 0.3021204471588135, 0.044617246836423874, 15.850533485412598, 56.87400817871094, -0.3016615188454051, -0.25390050076151477, -0.5977441437232281, -0.738440897214543, -0.9163964534863116, -0.9999277856946718]",[0],J2238.4+5903,PSR,PSR,J2238.5+5903,PSR,J2238.5+5903,PSR,J2238.5+5903,PSR,PSR,PSR,PSR,PSR
1748,J2240.6+5833,PSR,J2240.9+5831,"[2.445222854614258, 2.4580535888671875, 1.3682793378829956, 3.2503912448883057, -31.069302644409287, -30.691528226329726, -27.356266822513447, -30.802524020945953, -22.77792294517928, 0.33739611506462097, 0.0, 4.673003196716309, 13.464472770690918, 0.9674990502253235, -0.20102081558978313, -0.5112482830105154, -0.6892180368507793, -0.9685491971943362, -0.9989736862075851]",[0],J2240.9+5831,PSR,PSR,J2240.6+5833,PSR,J2240.6+5833,PSR,J2240.6+5833,PSR,AGN,PSR,PSR,AGN
1749,J2241.2+4120,bll,J2240.9+4121,"[2.2181546688079834, 2.1911041736602783, 2.04005765914917, 15.130250930786133, -32.48706370635482, -32.2888967852445, -27.793801593186764, -32.32662986724056, -23.46504621473531, 0.034780263900756836, 0.48294609785079956, 0.5425704717636108, 10.35419750213623, 0.725957882238, 0.8759120464001974, -0.6842891676298666, -0.5059238715119868, -0.5158723778708115, -0.6765983995248454]",[1],J2240.9+4121,bll,bll,J2241.2+4120,bll,J2241.2+4120,bll,J2241.2+4120,bll,AGN,AGN,AGN,AGN
1750,J2241.7-5236,PSR,J2241.6-5237,"[2.056259870529175, 2.1896800994873047, 0.6323577165603638, 6.562875747680664, -31.035831599181932, -30.379489248972842, -27.387171108271573, -30.547071986381273, -22.555644969667355, 0.502188503742218, 0.0, 19.995651245117188, 42.31034469604492, 0.4339154946496497, 0.033126975953495265, -0.3801146544448929, -0.6471871715367697, -0.9833461345294311, -0.9999975855160074]",[0],J2241.6-5237,PSR,PSR,J2241.7-5236,PSR,J2241.7-5236,MSP,J2241.7-5236,MSP,PSR,PSR,PSR,PSR
1751,J2243.4-2544,bll,J2243.4-2541,"[2.119692325592041, 2.0018324851989746, 1.8538949489593506, 27.560142517089844, -30.54235176981674, -30.278083136652217, -27.627836905796027, -30.370627896187685, -23.117381312792077, 0.12894634902477264, 0.2174585461616516, 4.848610877990723, 36.34906005859375, 0.8384641795131549, -0.2743687435048485, -0.4843991077379087, -0.60489440315716, -0.7424651637576398, -0.45396208904463287]",[1],J2243.4-2541,bll,bll,J2243.4-2544,bll,J2243.4-2544,bll,J2243.4-2544,bll,AGN,AGN,AGN,AGN
1752,J2243.5-3931,bcu,J2243.2-3933,"[2.4706473350524902, 2.3355696201324463, 2.05071759223938, 18.602277755737305, -30.42593891111213, -30.10769350320254, -28.47935179140493, -30.193221530863358, -24.068269878852284, 0.15351110696792603, 0.5169786214828491, 1.6001514196395874, 9.747669219970703, -0.4079509992496383, -0.6387630631751572, -0.6925760471431841, -0.7265189325086484, -0.8749403265170065, -0.9998117666150178]",[1],J2243.2-3933,bcu,bcu,J2243.5-3931,bcu,J2243.5-3931,bcu,J2243.5-3931,bcu,AGN,AGN,AGN,AGN
1753,J2243.7-1231,bll,J2243.6-1230,"[2.0104448795318604, 2.0297553539276123, 2.028393268585205, 7.346658706665039, -32.72363876182622, -32.62735028771626, -28.167561266725325, -32.686144347554674, -23.667242682083288, -0.025331946089863777, 0.0, 0.6984204053878784, 13.791991233825684, -0.2569412542109689, -0.7500181443936045, -0.5553041724509578, -0.6169581018539411, -0.15528511126282582, -0.5080624540366514]",[1],J2243.6-1230,bll,bll,J2243.7-1231,bll,J2243.7-1231,bll,J2243.7-1231,bll,AGN,AGN,AGN,AGN
1754,J2243.9+2021,bll,J2243.9+2021,"[1.8550937175750732, 1.7117276191711426, 1.6130871772766113, 116.38640594482422, -30.677023456493416, -30.468602645992345, -27.090753369298337, -30.55705406150947, -22.76034936454763, 0.08084224909543991, 0.32759442925453186, 5.69733190536499, 71.8831787109375, 0.17376433543817346, -0.15197838860150265, -0.3808809215258917, -0.43325850689916473, -0.4678752595508264, -0.5438902511438563]",[1],J2243.9+2021,bll,bll,J2243.9+2021,bll,J2243.9+2021,bll,J2243.9+2021,bll,AGN,AGN,AGN,AGN
1755,J2244.2+4057,fsrq,J2244.1+4057,"[2.1534955501556396, 2.0876212120056152, 1.9032623767852783, 3929.897705078125, -29.868646818536455, -29.595883728268443, -27.093576267628634, -29.66188849383392, -22.6140138815081, 0.08957318961620331, 1.4884800910949707, 7.818256855010986, 77.27142333984375, 0.14045770050051057, -0.4777020824808396, -0.5754061022855848, -0.5482221663031505, -0.7182640135319363, -0.7513669352784476]",[1],J2244.1+4057,bll,fsrq,J2244.2+4057,fsrq,J2244.2+4057,fsrq,J2244.2+4057,fsrq,AGN,AGN,AGN,AGN
1756,J2246.7-5207,bcu,J2246.7-5205,"[1.6129390001296997, 1.532541036605835, 1.3382173776626587, 15.586536407470703, -35.18217114223063, -34.8234499212931, -28.46426856303092, -34.92057264970577, -24.15021936449881, 0.08543138951063156, 0.5549858212471008, 1.0695363283157349, 8.711899757385254, -0.9994251092444565, -0.9751760191060352, 0.9994131035991972, 0.11202136993267488, -0.5304106801886734, 0.03417710134471199]",[1],J2246.7-5205,bcu,bcu,J2246.7-5207,bcu,J2246.7-5207,bll,J2246.7-5207,bll,AGN,AGN,AGN,AGN
1757,J2247.8+4413,bll,J2247.8+4413,"[1.7646433115005493, 1.735155463218689, 1.6085050106048584, 13.161316871643066, -33.97775000318508, -33.74973112227346, -27.978623371613164, -33.82338331251422, -23.541052329714073, 0.02920803241431713, 0.34518343210220337, 0.7506538033485413, 15.681360244750977, -0.9986396493087071, 0.9920127884463612, -0.487213260548646, -0.4754627449431988, -0.21152587845059362, -0.3574163654910743]",[1],J2247.8+4413,bll,bll,J2247.8+4413,bll,J2247.8+4413,bll,J2247.8+4413,bll,AGN,AGN,AGN,AGN
1758,J2248.7-3235,fsrq,J2248.6-3235,"[2.8392210006713867, 2.823298692703247, 2.7269437313079834, 39.574737548828125, -28.39958270523086, -28.21005983968717, -28.287401505638094, -28.276710175540824, -24.113310777069422, 0.027568930760025978, 0.5822829008102417, 0.4731021821498871, 10.337224006652832, -0.5503167057671693, -0.7234629909160112, -0.804217934405429, -0.7818642885246226, -0.9999872249241902, 0.28401389916629505]",[1],J2248.6-3235,fsrq,fsrq,J2248.7-3235,fsrq,J2248.7-3235,fsrq,J2248.7-3235,fsrq,AGN,AGN,AGN,AGN
1759,J2250.0+3825,bll,J2250.1+3825,"[1.7169510126113892, 1.7072325944900513, 1.7112804651260376, 24.53192710876465, -33.61547140958322, -33.40600617516993, -27.799568708821763, -33.53842496491472, -23.496395745562957, 0.008840824477374554, 0.39887648820877075, 0.31097251176834106, 21.94217872619629, -0.9018811322153565, 0.07567510539655294, -0.3345169200478612, -0.373721809356693, -0.5461353781103352, -0.014478601261305218]",[1],J2250.1+3825,bll,bll,J2250.0+3825,bll,J2250.0+3825,bll,J2250.0+3825,bll,AGN,AGN,AGN,AGN
1760,J2250.4-4206,bll,J2250.3-4206,"[2.1530044078826904, 2.167071580886841, 2.159620523452759, 27.8431396484375, -31.431048446176582, -31.298294769046286, -28.39414435275528, -31.399658856877014, -23.84870844304789, -0.01594279147684574, 0.4625984728336334, 0.46636897325515747, 16.275510787963867, 0.9870045348182707, -0.6540589315300569, -0.5690629773866045, -0.6240809106030637, -0.5559263310666701, -0.32388432399267725]",[1],J2250.3-4206,bcu,bll,J2250.4-4206,bll,J2250.4-4206,bll,J2250.4-4206,bll,AGN,AGN,AGN,AGN
1761,J2250.7-2806,bll,J2250.7-2806,"[2.1816229820251465, 2.0529441833496094, 1.9485756158828735, 502.90069580078125, -29.579759339824935, -29.379665241785062, -27.458358178634345, -29.465425548066023, -22.951985393991823, 0.09507830440998077, 0.780782163143158, 4.896233558654785, 55.50101852416992, -0.4041485696695937, -0.3892230144594954, -0.5836538531044961, -0.5851604462863778, -0.7198595362439436, -0.6829173921692988]",[1],J2250.7-2806,bcu,bll,J2250.7-2806,bll,J2250.7-2806,bll,J2250.7-2806,bll,AGN,AGN,AGN,AGN
1762,J2251.5-4928,bll,J2251.5-4928,"[1.8152964115142822, 1.6006075143814087, 1.3503373861312866, 52.638038635253906, -32.29505295190021, -31.94831762416634, -28.010674636388302, -32.04660111555221, -23.610464157737265, 0.15377622842788696, 0.5907692313194275, 4.12333345413208, 23.579025268554688, 0.8593933811295197, 0.9247944341936891, -0.31248902100990406, -0.28570087161662855, -0.4648489249103141, -0.7195799571897101]",[1],J2251.5-4928,bcu,bll,J2251.5-4928,bll,J2251.5-4928,bll,J2251.5-4928,bll,AGN,AGN,AGN,AGN
1763,J2252.0+4031,bll,J2251.9+4031,"[2.013957977294922, 1.953518033027649, 1.8116741180419922, 19.691181182861328, -32.12906135979842, -31.893499065218062, -27.913130553550747, -31.974730713061717, -23.42762593760602, 0.050703294575214386, 0.26053401827812195, 1.3976783752441406, 23.082250595092773, -0.5182136007444933, -0.504058936037607, -0.554626446102554, -0.3378296889040362, -0.6275569603974511, -0.5433557368179949]",[1],J2251.9+4031,bll,bll,J2252.0+4031,bll,J2252.0+4031,bll,J2252.0+4031,bll,AGN,AGN,AGN,AGN
1764,J2253.7+1405,bll,J2254.0+1403,"[2.0313210487365723, 1.8758442401885986, 1.42661452293396, 18.667163848876953, -33.114994789217796, -32.66215522365542, -28.323015807424365, -32.729046399851086, -23.813622546955468, 0.22884373366832733, 0.9287465214729309, 1.5914591550827026, 6.726520538330078, 0.9938690700075726, -0.9319758958451717, -0.27849395137946864, -0.3811417953843629, -0.659280311935522, -0.42420637301284747]",[1],J2254.0+1403,bll,bll,J2253.7+1405,bll,J2253.7+1405,bll,J2253.7+1405,bll,AGN,AGN,AGN,AGN
1765,J2253.9+1609,FSRQ,J2254.0+1608,"[2.387157440185547, 2.3148951530456543, 2.0142321586608887, 50905.23046875, -26.595976369162862, -26.257609806191645, -25.955373214292006, -26.35456913101197, -21.240146045136214, 0.09993269294500351, 0.806920051574707, 38.145713806152344, 443.8450927734375, -0.22079786576722615, -0.5672935940918321, -0.6846423808022594, -0.7103323000855701, -0.8539345300688258, -0.8922327319132141]",[1],J2254.0+1608,FSRQ,FSRQ,J2253.9+1609,FSRQ,J2253.9+1609,FSRQ,J2253.9+1609,FSRQ,AGN,AGN,AGN,AGN
1766,J2255.2+2411,bll,J2255.1+2411,"[2.1015419960021973, 2.118427276611328, 2.089409112930298, 19.3554744720459, -31.30420762070086, -31.177617064874795, -27.9722556304473, -31.260670723760843, -23.44872690433089, -0.015471384860575199, 0.23916612565517426, 0.6379431486129761, 25.61886215209961, -0.4264758412235775, -0.5845040293162143, -0.5805520139906551, -0.5710254490716561, -0.482545967368222, -0.42644268025181264]",[1],J2255.1+2411,bll,bll,J2255.2+2411,bll,J2255.2+2411,bll,J2255.2+2411,bll,AGN,AGN,AGN,AGN
1767,J2256.6-2011,bll,J2256.7-2011,"[2.1192822456359863, 2.09560227394104, 2.0138301849365234, 7.878108978271484, -31.034178639611604, -30.829411151701642, -28.078263637317214, -30.921711698669142, -23.534769978165045, 0.023539096117019653, 0.044911496341228485, 0.7988553047180176, 24.60379409790039, -0.5022245833512256, -0.5141441703543775, -0.5965813833903878, -0.44189473815326547, -0.7374898661339494, -0.548674559254478]",[1],J2256.7-2011,bll,bll,J2256.6-2011,bll,J2256.6-2011,bll,J2256.6-2011,bll,AGN,AGN,AGN,AGN
1768,J2256.8-1024,PSR,J2256.7-1022,"[2.1817736625671387, 1.9089418649673462, 1.0052490234375, 8.279587745666504, -30.321610713518908, -29.833658208782605, -28.20535705440534, -29.895001222134077, -23.22775776872238, 0.3708902895450592, 0.05598924681544304, 7.31597900390625, 27.33679962158203, -0.6500401298732464, -0.22491943067423006, -0.447389422351575, -0.6760359032006914, -0.9918118403324598, -0.7149792999352605]",[0],J2256.7-1022,PSR,PSR,J2256.8-1024,PSR,J2256.8-1024,MSP,J2256.8-1024,MSP,PSR,PSR,PSR,PSR
1769,J2258.1-2759,fsrq,J2258.0-2759,"[2.4349477291107178, 2.299053192138672, 1.791798710823059, 638.4803466796875, -29.15761644696393, -28.86771630896021, -27.310463609568238, -28.901273164412416, -22.947284073946513, 0.22041985392570496, 0.8795742392539978, 8.186758995056152, 44.39290237426758, -0.3522631135763366, -0.41601023217633265, -0.651081529599908, -0.770373741795535, -0.8596559788273812, -0.8035784799362998]",[1],J2258.0-2759,fsrq,fsrq,J2258.1-2759,fsrq,J2258.1-2759,fsrq,J2258.1-2759,fsrq,AGN,AGN,AGN,AGN
1770,J2258.4-5524,bll,J2258.3-5526,"[2.2129063606262207, 2.2622861862182617, 2.2488362789154053, 5.561830520629883, -31.773997021616225, -31.72951285244968, -28.556473540116684, -31.762705551115776, -24.046015135854308, -0.05280888080596924, 0.0, 1.455249309539795, 12.90787124633789, -0.10445958929658877, -0.7491250408758915, -0.6417744254117028, -0.49085370460961864, -0.47004488103928505, -0.6345897445124025]",[1],J2258.3-5526,bll,bll,J2258.4-5524,bll,J2258.4-5524,bll,J2258.4-5524,bll,AGN,AGN,AGN,AGN
1771,J2258.5-8247,bcu,J2258.1-8248,"[2.096662759780884, 2.0012662410736084, 1.659676194190979, 24.03902816772461, -32.28682853015118, -31.918962470244924, -28.082674331538396, -31.992323190267985, -23.589258356444667, 0.15630502998828888, 0.4334096312522888, 2.696732521057129, 14.649551391601562, -0.7368077400761759, 0.9369209463705016, -0.4392139275629894, -0.46522186320813674, -0.781803156443185, -0.569173642945287]",[1],J2258.1-8248,bcu,bcu,J2258.5-8247,bcu,J2258.5-8247,bcu,J2258.5-8247,bcu,AGN,AGN,AGN,AGN
1772,J2300.3+3136,bll,J2300.3+3136,"[1.8562874794006348, 1.6401921510696411, 1.4082396030426025, 6.886655330657959, -32.01954585897873, -31.681441722361253, -27.836933957898687, -31.78663720672355, -23.402653723044207, 0.16043877601623535, 0.06376981735229492, 3.9672939777374268, 25.228315353393555, 0.9844484126280212, 0.2937495069633016, -0.23801478326290226, -0.37649842472446626, -0.522788635627864, -0.7339313847132257]",[1],J2300.3+3136,bll,bll,J2300.3+3136,bll,J2300.3+3136,bll,J2300.3+3136,bll,AGN,AGN,AGN,AGN
1773,J2302.7+4443,PSR,J2302.7+4443,"[2.019775867462158, 1.6847476959228516, 0.7704486846923828, 3.542736291885376, -30.243430281441384, -29.698033625705627, -27.625779536265377, -29.767208054209142, -22.543180769925637, 0.40199488401412964, 0.0, 22.168004989624023, 81.53155517578125, 0.1067939358014922, -0.1557318589377468, -0.304716994369674, -0.5546585781826389, -0.9099087557019785, -0.9999374273484534]",[0],J2302.7+4443,PSR,PSR,J2302.7+4443,PSR,J2302.7+4443,MSP,J2302.7+4443,MSP,PSR,PSR,PSR,PSR
1774,J2304.6+3704,bll,J2304.6+3704,"[1.8313485383987427, 1.8063116073608398, 1.6896222829818726, 37.47744369506836, -33.197444814091206, -32.985892325095634, -27.937011509657793, -33.05972277416354, -23.53650197302449, 0.02357812039554119, 0.50023353099823, 0.7218601703643799, 19.479928970336914, -0.6056731161258659, -0.31393179752426864, -0.6647616803473031, -0.24496533114991378, -0.288558247007724, -0.5091944853646199]",[1],J2304.6+3704,bll,bll,J2304.6+3704,bll,J2304.6+3704,bll,J2304.6+3704,bll,AGN,AGN,AGN,AGN
1775,J2307.4-1206,bll,J2307.4-1208,"[1.931318759918213, 1.9479104280471802, 1.905251145362854, 6.553382873535156, -33.88471229472959, -33.788937544477, -28.528033931569922, -33.81604193357208, -24.00201391216011, -0.018857307732105255, 0.0, 0.2659715712070465, 5.4517822265625, 0.9971249225432202, -0.5481616867910876, -0.617075160337391, -0.9357979403336206, 0.7484089009138608, -0.46636991971218983]",[1],J2307.4-1208,bll,bll,J2307.4-1206,bll,J2307.4-1206,bll,J2307.4-1206,bll,AGN,AGN,AGN,AGN
1776,J2307.6+1451,bll,J2307.7+1449,"[2.1574742794036865, 1.9109464883804321, 1.4822331666946411, 59.41866683959961, -31.666836683198834, -31.23774166777999, -27.999670995668545, -31.331677077595444, -23.507318597941314, 0.25482386350631714, 0.8014258146286011, 2.778759479522705, 10.948417663574219, -0.7689376743765064, -0.7725074222900165, -0.2647284953997688, -0.6002857265369398, -0.6416430727812009, -0.8041659520617284]",[1],J2307.7+1449,bll,bll,J2307.6+1451,bll,J2307.6+1451,bll,J2307.6+1451,bll,AGN,AGN,AGN,AGN
1777,J2309.7-3632,bcu,J2309.6-3633,"[2.0284242630004883, 2.048785448074341, 1.9725878238677979, 6.1604108810424805, -32.18144587267125, -32.033341966127885, -28.346021746379034, -32.107032677826794, -23.86624501010743, -0.015261569991707802, 0.0, 0.34727638959884644, 14.905847549438477, 0.9999313842553043, -0.6631033245919836, -0.4842728261802294, -0.4285044859052726, -0.5565538978351825, -0.5044348352357058]",[1],J2309.6-3633,bcu,bcu,J2309.7-3632,bcu,J2309.7-3632,bll,J2309.7-3632,bll,AGN,AGN,AGN,AGN
1778,J2311.0+0205,bll,J2311.0+0204,"[2.197554588317871, 2.134708881378174, 2.0029304027557373, 89.73258209228516, -30.649587318103375, -30.38161140114128, -28.05370975380693, -30.469014046882965, -23.4801116307089, 0.07327922433614731, 0.7608821988105774, 1.8760617971420288, 20.1518611907959, -0.38619762635552246, -0.3728049903886098, -0.5555977368583005, -0.6997444112370427, -0.46207581028555184, -0.9999989452244157]",[1],J2311.0+0204,bll,bll,J2311.0+0205,bll,J2311.0+0205,bll,J2311.0+0205,bll,AGN,AGN,AGN,AGN
1779,J2311.0+3425,FSRQ,J2311.0+3425,"[2.346684455871582, 2.234502077102661, 2.0824639797210693, 1853.3150634765625, -28.14876427939657, -27.909188181493594, -27.50287728978191, -28.00405278475573, -22.836764826905984, 0.10108551383018494, 0.8391932249069214, 7.953859806060791, 82.47029113769531, -0.13266564023913788, -0.5191681585082812, -0.6812097101844766, -0.6656549678279314, -0.8547190328070678, -0.7595589137342712]",[1],J2311.0+3425,FSRQ,FSRQ,J2311.0+3425,FSRQ,J2311.0+3425,FSRQ,J2311.0+3425,FSRQ,AGN,AGN,AGN,AGN
1780,J2313.4-6922,bcu,J2312.9-6923,"[1.7025398015975952, 1.4915093183517456, 0.5989103317260742, 14.029088973999023, -34.90155808355136, -34.15338698035062, -28.74683575626725, -34.36047604494003, -24.396052674257888, 0.3975640833377838, 0.4709840714931488, 2.5984973907470703, 5.840933799743652, 0.9996756710551349, -0.9999999935614414, 0.9999999266599565, 0.12680477226822945, -0.6423779647016731, -0.09266947232506437]",[1],J2312.9-6923,bcu,bcu,J2313.4-6922,bcu,J2313.4-6922,bcu,J2313.4-6922,bcu,AGN,AGN,AGN,AGN
1781,J2314.0+1445,bll,J2314.0+1443,"[1.8928860425949097, 1.8487762212753296, 1.747696876525879, 11.99055004119873, -32.82555133154725, -32.571148261612876, -27.970830726875263, -32.67476527059779, -23.54379118796316, 0.044284600764513016, 0.20753924548625946, 1.2097103595733643, 18.46004295349121, -0.727368886209109, 0.156663190960264, -0.4950035072711282, -0.44907481300986757, -0.4454083505649978, -0.41243765516658715]",[1],J2314.0+1443,bll,bll,J2314.0+1445,bll,J2314.0+1445,bll,J2314.0+1445,bll,AGN,AGN,AGN,AGN
1782,J2315.6-5018,bll,J2315.7-5018,"[2.384639024734497, 2.432443857192993, 2.375701665878296, 25.43148422241211, -30.822739000944736, -30.673827600286888, -28.31134624748069, -30.767833292781706, -23.862948873350213, -0.03674643114209175, 0.42952340841293335, 0.6596658825874329, 13.593738555908203, -0.8482899677825827, -0.3507395405422998, -0.6805616464767417, -0.5082502997230969, -0.9970471242237201, 0.9176584959436358]",[1],J2315.7-5018,bll,bll,J2315.6-5018,bll,J2315.6-5018,bll,J2315.6-5018,bll,AGN,AGN,AGN,AGN
1783,J2316.9-5210,bcu,J2316.8-5209,"[1.9827840328216553, 2.2388124465942383, 1.8649687767028809, 4.63352632522583, -33.75283830335787, -33.88008366628526, -28.74863078496241, -33.63516397159954, -24.223407989810276, -0.13685458898544312, 0.0, 1.5431663990020752, 5.863626956939697, -0.7227715836462969, -0.7732089039507475, -0.6625391519052851, -0.33458838220678155, -0.6020983687646769, -0.14446164367803624]",[1],J2316.8-5209,bcu,bcu,J2316.9-5210,bll,J2316.9-5210,bll,J2316.9-5210,bll,AGN,AGN,AGN,AGN
1784,J2317.4-4533,bll,J2317.3-4534,"[2.082045078277588, 1.9408916234970093, 1.596269965171814, 24.42314338684082, -31.99995089016588, -31.684102254577617, -28.307744886257154, -31.734431668405072, -23.799777877050452, 0.14199219644069672, 0.4140353500843048, 2.507965564727783, 17.830379486083984, 0.9609518479879392, -0.7110671356373061, -0.5284390059546521, -0.4183148085743481, -0.687014420884974, -0.8109394795355653]",[1],J2317.3-4534,bcu,bll,J2317.4-4533,bll,J2317.4-4533,bll,J2317.4-4533,bll,AGN,AGN,AGN,AGN
1785,J2318.2+1915,bcu,J2318.6+1912,"[2.6155543327331543, 2.6124866008758545, 2.4997851848602295, 43.57680892944336, -29.296442528292438, -29.151584651057462, -27.98950109189296, -29.177126007233355, -23.643069911586515, 0.0031514696311205626, 0.5488153696060181, 0.06830587983131409, 12.680377006530762, -0.5326142470030026, -0.7252287543646133, -0.7635503172928789, -0.49844483460365335, -0.9433020658765523, -0.9996773971228303]",[1],J2318.6+1912,bcu,bcu,J2318.2+1915,bcu,J2318.2+1915,bcu,J2318.2+1915,bcu,AGN,AGN,AGN,AGN
1786,J2319.1-4207,bll,J2319.2-4207,"[2.0482394695281982, 2.0942306518554688, 2.1213841438293457, 3.8117527961730957, -32.536292019806424, -32.415458097671845, -28.4868713954904, -32.532530161278196, -23.99017618810737, -0.037085067480802536, 0.0, 0.7133871912956238, 10.517940521240234, -0.6947362367684304, -0.6510045380657127, -0.4669355616611944, -0.5984898694266251, -0.5108472695802238, -0.450556522941389]",[1],J2319.2-4207,bll,bll,J2319.1-4207,bll,J2319.1-4207,bll,J2319.1-4207,bll,AGN,AGN,AGN,AGN
1787,J2321.7-6438,bcu,J2321.2-6439,"[2.0993008613586426, 2.098062753677368, 2.0572683811187744, 158.74925231933594, -31.57013012457792, -31.39630921768712, -28.2823176757848, -31.50009591422518, -23.758552685111272, 0.0010691846255213022, 0.8389889597892761, 0.03236770257353783, 24.101253509521484, -0.48863489443377195, -0.5042288718047976, -0.5703964474734929, -0.5610645506269877, -0.6137599005420482, -0.21226606356622332]",[1],J2321.2-6439,bcu,bcu,J2321.7-6438,bll,J2321.7-6438,bll,J2321.7-6438,bll,AGN,AGN,AGN,AGN
1788,J2321.9+3204,fsrq,J2321.9+3204,"[2.2267138957977295, 2.1162030696868896, 1.8254693746566772, 872.4186401367188, -29.517840962032462, -29.25542761168695, -27.409269785527815, -29.30697883443149, -22.85690751837196, 0.13381259143352509, 0.8273971080780029, 8.11375617980957, 60.61445999145508, -0.10618034584182312, -0.44755008115205386, -0.5820062641360391, -0.5996370942737829, -0.831400995295028, -0.9488010338200961]",[1],J2321.9+3204,fsrq,fsrq,J2321.9+3204,fsrq,J2321.9+3204,fsrq,J2321.9+3204,fsrq,AGN,AGN,AGN,AGN
1789,J2321.9+2734,fsrq,J2321.9+2732,"[2.157925844192505, 2.1022021770477295, 1.9368258714675903, 6.975946426391602, -31.355056359007087, -31.12357523500234, -28.118282828197486, -31.18598661254931, -23.591663676068013, 0.064907006919384, 0.0, 1.5982757806777954, 16.950363159179688, 0.9931179344298776, -0.45768785501544007, -0.6539053571882574, -0.4553915709338288, -0.7530964557442064, -0.5610733793172922]",[1],J2321.9+2732,fsrq,fsrq,J2321.9+2734,fsrq,J2321.9+2734,fsrq,J2321.9+2734,fsrq,AGN,AGN,AGN,AGN
1790,J2322.1+4440,fsrq,J2321.6+4438,"[2.326352596282959, 2.1441526412963867, 1.3270460367202759, 6.759259223937988, -31.372915196148504, -31.01212431185405, -28.270197897448817, -31.012674973977866, -23.882438050027343, 0.25689154863357544, 0.0, 2.0764002799987793, 5.191410541534424, 0.7107013379268449, -0.6428811965736898, -0.6746927281499067, -0.5306480901709871, -0.993130658700179, -0.9960386429276101]",[1],J2321.6+4438,fsrq,fsrq,J2322.1+4440,fsrq,J2322.1+4440,fsrq,J2322.1+4440,fsrq,AGN,AGN,AGN,AGN
1791,J2322.7+3436,bll,J2322.5+3436,"[1.9673348665237427, 2.0259768962860107, 2.044032573699951, 12.832322120666504, -33.017471145410546, -32.989107645760456, -28.219905860302198, -33.01432308818729, -23.72218353787188, -0.058296170085668564, 0.2729831635951996, 1.7062880992889404, 12.591533660888672, -0.7536324878471212, -0.46391350603567405, -0.6715370981719985, -0.5452486106247937, -0.3035284101372914, -0.2135409215771705]",[1],J2322.5+3436,bll,bll,J2322.7+3436,bll,J2322.7+3436,bll,J2322.7+3436,bll,AGN,AGN,AGN,AGN
1792,J2322.8-4916,bll,J2322.9-4917,"[1.8447604179382324, 1.597956895828247, 1.456979513168335, 24.766706466674805, -32.57366599671217, -32.26250417804575, -27.917165242217784, -32.385774740176544, -23.503102457850936, 0.16208764910697937, 0.3718702495098114, 3.3267788887023926, 21.472131729125977, -0.9644644474843598, 0.9998200747683238, -0.16681984452466025, -0.34786313730746954, -0.6122775332715745, -0.3392344506719196]",[1],J2322.9-4917,bcu,bll,J2322.8-4916,bll,J2322.8-4916,bll,J2322.8-4916,bll,AGN,AGN,AGN,AGN
1793,J2323.5-0317,fsrq,J2323.5-0315,"[2.250948190689087, 2.136461019515991, 1.9702421426773071, 767.3312377929688, -28.53929819627744, -28.293504345033558, -27.427333446642645, -28.383212030214075, -22.749748434001642, 0.10301865637302399, 0.6001492142677307, 7.983685493469238, 76.03626251220703, -0.20486342143687955, -0.4846743873047532, -0.6485784640319782, -0.6230994651334283, -0.8170286257759345, -0.8135844655486623]",[1],J2323.5-0315,fsrq,fsrq,J2323.5-0317,fsrq,J2323.5-0317,fsrq,J2323.5-0317,fsrq,AGN,AGN,AGN,AGN
1794,J2323.8+4210,bll,J2323.9+4211,"[1.8952142000198364, 1.8452426195144653, 1.7204149961471558, 39.615318298339844, -31.955166313616143, -31.704947275741784, -27.59438130834929, -31.791197842349977, -23.233339489224015, 0.047895316034555435, 0.257444828748703, 2.48934006690979, 41.20970153808594, -0.3584408630818714, -0.3529732775645663, -0.5701919919339272, -0.3333536977509501, -0.4520852605730396, -0.5109011336619839]",[1],J2323.9+4211,bll,bll,J2323.8+4210,bll,J2323.8+4210,bll,J2323.8+4210,bll,AGN,AGN,AGN,AGN
1795,J2324.7-4041,bll,J2324.7-4040,"[1.7773996591567993, 1.5769720077514648, 1.4344964027404785, 49.443077087402344, -32.484612986283494, -32.24291142320197, -27.61267221386683, -32.32558146634497, -23.314955571606845, 0.10631044209003448, 0.46678921580314636, 3.07426381111145, 30.800884246826172, -0.5398681846448721, -0.17157699888673048, -0.4269653207792727, -0.25687634818733734, -0.42478824888216604, -0.3701282304517141]",[1],J2324.7-4040,bll,bll,J2324.7-4041,bll,J2324.7-4041,bll,J2324.7-4041,bll,AGN,AGN,AGN,AGN
1796,J2324.7+0801,bll,J2324.7+0801,"[2.2098116874694824, 2.1523871421813965, 2.008906841278076, 20.215620040893555, -31.25527226381581, -30.98645887893809, -28.03821007658411, -31.082119525890505, -23.53105318833659, 0.07564623653888702, 0.35816794633865356, 1.4900288581848145, 17.27651023864746, 0.362708418748233, -0.5000533968531559, -0.6246185885363063, -0.49320929192122254, -0.7250767706555491, -0.5750589795687387]",[1],J2324.7+0801,bll,bll,J2324.7+0801,bll,J2324.7+0801,bll,J2324.7+0801,bll,AGN,AGN,AGN,AGN
1797,J2325.2+3957,bll,J2325.2+3957,"[2.086458683013916, 1.9570562839508057, 1.767051339149475, 62.24184036254883, -30.586731708538572, -30.32065387748996, -27.71507990565153, -30.411495791035165, -23.165408092357243, 0.11330468952655792, 0.3732450008392334, 4.716766357421875, 34.831443786621094, 0.9982545786343424, -0.08983653080776455, -0.5797936597824643, -0.49631314298027834, -0.6130776785723946, -0.8694879252187931]",[1],J2325.2+3957,bll,bll,J2325.2+3957,bll,J2325.2+3957,bll,J2325.2+3957,bll,AGN,AGN,AGN,AGN
1798,J2325.4-4800,bll,J2325.4-4758,"[2.1170969009399414, 2.092146158218384, 2.003084897994995, 44.85517501831055, -31.64690572079558, -31.47167723411836, -28.014660018689142, -31.5471760198399, -23.4999115673339, 0.02113671600818634, 0.3972988724708557, 0.6901729106903076, 29.47179412841797, -0.39199468574007945, -0.6294328923081152, -0.6082507139056561, -0.5191371024449952, -0.5855409333079444, -0.4886977902036603]",[1],J2325.4-4758,bll,bll,J2325.4-4800,bll,J2325.4-4800,bll,J2325.4-4800,bll,AGN,AGN,AGN,AGN
1799,J2325.4-3559,fsrq,J2325.3-3557,"[2.2927772998809814, 2.085819959640503, 1.7131811380386353, 82.88252258300781, -29.127161059969836, -28.807539141579873, -27.939938847190668, -28.88609142328543, -23.21693579382373, 0.19266313314437866, 0.3252162039279938, 7.312129497528076, 45.94625473022461, -0.3446428131323525, -0.3958597535962089, -0.6176041411271502, -0.715678349202406, -0.9304664444730713, -0.9997501961740396]",[1],J2325.3-3557,fsrq,fsrq,J2325.4-3559,fsrq,J2325.4-3559,fsrq,J2325.4-3559,fsrq,AGN,AGN,AGN,AGN
1800,J2325.6+1644,bll,J2325.6+1650,"[1.960216999053955, 1.8913044929504395, 1.5977228879928589, 15.501443862915039, -33.011235563507284, -32.67701962822565, -28.396573690632394, -32.7432644509598, -23.92107062944755, 0.10388540476560593, 0.6406486630439758, 1.1246681213378906, 7.790304183959961, 0.9381615695619371, 0.9979094071633173, -0.345387311454585, -0.5501850292167264, -0.30174330946736155, -0.9999508670778834]",[1],J2325.6+1650,bll,bll,J2325.6+1644,bll,J2325.6+1644,bll,J2325.6+1644,bll,AGN,AGN,AGN,AGN
1801,J2327.5+0939,fsrq,J2327.7+0941,"[2.702655076980591, 2.670856475830078, 2.428450107574463, 311.9642028808594, -28.04064464611233, -27.7827820221124, -27.67519667085867, -27.829816886453504, -23.37284438003004, 0.09220319241285324, 0.7325318455696106, 3.3648159503936768, 31.701509475708008, 0.01031441710728089, -0.6766001549495849, -0.7880603428334585, -0.8078108329349502, -0.8564962747021686, -0.9998091988212535]",[1],J2327.7+0941,fsrq,fsrq,J2327.5+0939,fsrq,J2327.5+0939,fsrq,J2327.5+0939,fsrq,AGN,AGN,AGN,AGN
1802,J2328.3-4036,fsrq,J2328.4-4034,"[2.3605241775512695, 2.305067539215088, 2.1233229637145996, 197.91664123535156, -29.293697324169052, -29.060868208526944, -27.53722861407137, -29.103475471336296, -23.12577865292987, 0.08875665068626404, 0.5031365752220154, 4.5475921630859375, 42.536991119384766, 0.3192219418243347, -0.5953893895266834, -0.6530352722046108, -0.6408218871817161, -0.8802220462843342, -0.33502063575919516]",[1],J2328.4-4034,bcu,fsrq,J2328.3-4036,fsrq,J2328.3-4036,fsrq,J2328.3-4036,fsrq,AGN,AGN,AGN,AGN
1803,J2329.2+3755,bll,J2329.2+3754,"[1.912135362625122, 1.9029754400253296, 1.7937250137329102, 13.750117301940918, -32.82875304634862, -32.644712783831075, -27.962914212193507, -32.69262112270796, -23.510043168517814, 0.0070922160521149635, 0.2409740686416626, 0.1913996934890747, 19.943822860717773, -0.2998552230854359, -0.6191137715221414, -0.6616514708705511, -0.2541878159900368, -0.4676903056816694, -0.3831647769667432]",[1],J2329.2+3754,bll,bll,J2329.2+3755,bll,J2329.2+3755,bll,J2329.2+3755,bll,AGN,AGN,AGN,AGN
1804,J2329.3-4955,FSRQ,J2329.3-4955,"[2.2749078273773193, 2.1792354583740234, 1.9853765964508057, 8509.2021484375, -27.86153323787294, -27.580401732425635, -27.034235806007942, -27.671206249122303, -22.31921357258864, 0.1056426465511322, 0.8287348747253418, 14.958456039428711, 185.4010772705078, -0.056497968139595865, -0.5077726880426265, -0.6552953098415011, -0.6586419978410025, -0.8039086706035652, -0.9760951311054523]",[1],J2329.3-4955,fsrq,FSRQ,J2329.3-4955,FSRQ,J2329.3-4955,FSRQ,J2329.3-4955,FSRQ,AGN,AGN,AGN,AGN
1805,J2329.3-4733,fsrq,J2329.9-4734,"[2.487082004547119, 2.471423625946045, 2.289144277572632, 39.12554931640625, -30.855206084000628, -30.68673852866716, -28.185350889582775, -30.682077006172168, -23.966174969103562, 0.026865359395742416, 0.726298987865448, 0.35221660137176514, 10.481379508972168, 0.9737953853974517, -0.6637357479449706, -0.705431972685623, -0.5637630207906588, -0.9999366043155229, -0.6435652969699863]",[1],J2329.9-4734,fsrq,fsrq,J2329.3-4733,fsrq,J2329.3-4733,fsrq,J2329.3-4733,fsrq,AGN,AGN,AGN,AGN
1806,J2330.5+1102,fsrq,J2330.5+1104,"[2.731977939605713, 2.6511406898498535, 1.9306319952011108, 32.23080825805664, -28.904566008726285, -28.514427233978047, -28.051877440307226, -28.525916815775116, -23.893798643966054, 0.2556709349155426, 0.7594616413116455, 2.6641108989715576, 8.660531044006348, 0.8051690933102019, -0.7226035924559041, -0.7564474495408492, -0.9133821597954613, -0.9999967440014732, -0.13678969871992616]",[1],J2330.5+1104,fsrq,fsrq,J2330.5+1102,fsrq,J2330.5+1102,fsrq,J2330.5+1102,fsrq,AGN,AGN,AGN,AGN
1807,J2330.6-3726,bll,J2330.4-3726,"[2.4909825325012207, 2.5205140113830566, 2.50896954536438, 8.075939178466797, -30.473266643855116, -30.376260637024668, -28.381414359966858, -30.448969350916332, -24.018855629581974, -0.04137475788593292, 0.1074100211262703, 0.891829788684845, 11.64561939239502, 0.18084753376097132, -0.6838830568795993, -0.7131843696553234, -0.6716062563519883, -0.44416389392096856, -0.9999278431342449]",[1],J2330.4-3726,bll,bll,J2330.6-3726,bll,J2330.6-3726,bll,J2330.6-3726,bll,AGN,AGN,AGN,AGN
1808,J2334.2+0736,fsrq,J2334.1+0732,"[2.536853313446045, 2.505521535873413, 2.37530255317688, 50.41237258911133, -29.75222667506545, -29.48401991040506, -28.032031016104177, -29.562531837285526, -23.671117536582642, 0.054597362875938416, 0.7257369756698608, 0.8614478707313538, 12.672233581542969, 0.4825366925097414, -0.5733185337454546, -0.6837240065236675, -0.8072747814314989, -0.7958836070451338, -0.989621584755266]",[1],J2334.1+0732,fsrq,fsrq,J2334.2+0736,fsrq,J2334.2+0736,fsrq,J2334.2+0736,fsrq,AGN,AGN,AGN,AGN
1809,J2334.8+1432,bll,J2334.8+1432,"[2.002034902572632, 1.9407798051834106, 1.706903338432312, 101.50436401367188, -31.7046719484279, -31.42730853771796, -27.895030669524065, -31.469890320424167, -23.434544833592888, 0.0773124024271965, 0.7145868539810181, 2.3248116970062256, 25.589092254638672, -0.3316267677215003, -0.27353554876339053, -0.603192095246877, -0.39145730991651706, -0.49574079810121624, -0.9366154880689042]",[1],J2334.8+1432,bll,bll,J2334.8+1432,bll,J2334.8+1432,bll,J2334.8+1432,bll,AGN,AGN,AGN,AGN
1810,J2335.4-0128,fsrq,J2335.1-0133,"[2.541137456893921, 2.4717369079589844, 2.0315260887145996, 87.56208038330078, -29.723394253277828, -29.43275520127916, -27.985131716042886, -29.398581150992243, -23.661887616794285, 0.1739613264799118, 0.7996890544891357, 2.7957394123077393, 13.243646621704102, -0.17745470091329738, -0.6574032437247523, -0.7137343234213199, -0.8359322910038891, -0.7237836980075901, -0.9999988922968204]",[1],J2335.1-0133,fsrq,fsrq,J2335.4-0128,fsrq,J2335.4-0128,fsrq,J2335.4-0128,fsrq,AGN,AGN,AGN,AGN
1811,J2336.5-7622,bll,J2336.5-7620,"[2.2243854999542236, 2.2546231746673584, 2.172245740890503, 18.159832000732422, -31.922607608321805, -31.77580107307628, -28.39072741480279, -31.85125490778197, -23.940011440774196, -0.02475701831281185, 0.44394007325172424, 0.42802852392196655, 10.759135246276855, -0.7029110134321673, -0.6281070336589146, -0.5483103466949306, -0.6473599666901656, -0.5983584344571747, -0.6432931844902934]",[1],J2336.5-7620,bcu,bll,J2336.5-7622,bll,J2336.5-7622,bll,J2336.5-7622,bll,AGN,AGN,AGN,AGN
1812,J2336.6+2356,bcu,J2336.5+2356,"[2.220771312713623, 2.174227237701416, 2.0020501613616943, 7.871891498565674, -31.674966834324522, -31.368446229689514, -28.383013534867942, -31.474595696386544, -23.903064294457852, 0.09089379012584686, 0.09470764547586441, 1.2053357362747192, 7.422046184539795, -0.8775229499858298, 0.6491267379129112, -0.7072002004006466, -0.591071994985839, -0.43917915500488747, -0.9999981180297922]",[1],J2336.5+2356,bcu,bcu,J2336.6+2356,bcu,J2336.6+2356,bcu,J2336.6+2356,bcu,AGN,AGN,AGN,AGN
1813,J2336.6-4115,fsrq,J2336.5-4116,"[2.358715534210205, 2.2874040603637695, 2.0546224117279053, 111.59321594238281, -30.34490339258954, -30.057573491470908, -28.20947325783145, -30.132567490198646, -23.67538197861765, 0.11160573363304138, 0.7983419895172119, 2.5475826263427734, 21.368715286254883, -0.059473033074860786, -0.5548405871227792, -0.6817727504993025, -0.6785906774341218, -0.7113577133531156, -0.9998921186661095]",[1],J2336.5-4116,fsrq,fsrq,J2336.6-4115,fsrq,J2336.6-4115,fsrq,J2336.6-4115,fsrq,AGN,AGN,AGN,AGN
1814,J2338.0-0230,fsrq,J2338.1-0229,"[2.4362525939941406, 2.4078471660614014, 2.314387083053589, 105.19249725341797, -29.833128812244276, -29.62853774996583, -27.950108096822934, -29.703305172966026, -23.471026588279457, 0.05971803143620491, 0.683845579624176, 1.8503837585449219, 22.888708114624023, -0.31488127720705844, -0.5878831554345839, -0.6851127197314635, -0.7006516740135648, -0.9205256323173303, 0.14615613000106692]",[1],J2338.1-0229,fsrq,fsrq,J2338.0-0230,fsrq,J2338.0-0230,fsrq,J2338.0-0230,fsrq,AGN,AGN,AGN,AGN
1815,J2338.9+2124,bll,J2339.0+2122,"[1.9902194738388062, 1.9921255111694336, 1.9300131797790527, 17.6429500579834, -32.69805101231332, -32.55017001778537, -28.246587625023377, -32.613633762358546, -23.761854912346553, -0.0016448561800643802, 0.4244115650653839, 0.025838198140263557, 12.875941276550293, 0.9999991071143364, -0.5821635305663365, -0.6078980508402065, -0.4347940116666726, -0.4269050863225241, -0.4375949652831564]",[1],J2339.0+2122,bll,bll,J2338.9+2124,bll,J2338.9+2124,bll,J2338.9+2124,bll,AGN,AGN,AGN,AGN
1816,J2339.2-7403,bcu,J2338.7-7401,"[1.9113401174545288, 1.8370217084884644, 1.7358503341674805, 22.0999698638916, -33.000485268160986, -32.71250126715963, -28.308678652371203, -32.84135704217209, -23.88125527277059, 0.05753980949521065, 0.41169658303260803, 1.1854839324951172, 16.878137588500977, 0.9774436103748341, -0.6495873159454008, -0.49862892204496595, -0.38541457263379003, -0.6003942186700625, -0.3076543241749314]",[1],J2338.7-7401,bcu,bcu,J2339.2-7403,bll,J2339.2-7403,bll,J2339.2-7403,bll,AGN,AGN,AGN,AGN
1817,J2339.6-0533,PSR,J2339.6-0533,"[1.9948022365570068, 1.6844902038574219, 1.0885038375854492, 7.521065711975098, -30.062975338544074, -29.61871601212979, -27.67910376184465, -29.68857792463526, -22.684132516029816, 0.2848581373691559, 0.0, 14.866040229797363, 71.89181518554688, 0.6386476603589167, -0.3102233506795326, -0.34352715969555725, -0.5304403687307738, -0.8904245558904369, -0.8987772334638001]",[0],J2339.6-0533,PSR,PSR,J2339.6-0533,PSR,J2339.6-0533,MSP,J2339.6-0533,MSP,PSR,PSR,PSR,PSR
1818,J2340.8+8015,bll,J2340.7+8016,"[1.9484294652938843, 1.843195915222168, 1.672819972038269, 6.86807107925415, -32.12722428754204, -31.904199588000736, -27.45881843386147, -31.969898800963126, -23.013092575401455, 0.09386680275201797, 0.0, 4.1949944496154785, 36.53406524658203, 0.8015406814111073, -0.5313347493395336, -0.46477984318404186, -0.3174977512573539, -0.6006779627447635, -0.439221162724375]",[1],J2340.7+8016,bll,bll,J2340.8+8015,bll,J2340.8+8015,bll,J2340.8+8015,bll,AGN,AGN,AGN,AGN
1819,J2343.6+3438,bll,J2343.7+3437,"[1.788573145866394, 1.6934924125671387, 1.4710813760757446, 15.971924781799316, -33.52219547862123, -33.11662489522433, -28.129188223851262, -33.26494688214464, -23.7749204745188, 0.13113966584205627, 0.371702641248703, 2.4079275131225586, 13.871055603027344, -0.9831769494569209, 0.7222306752884994, 0.4378510692723493, -0.43031386142955935, -0.4456350316076682, -0.34718328879711247]",[1],J2343.7+3437,bll,bll,J2343.6+3438,bll,J2343.6+3438,bll,J2343.6+3438,bll,AGN,AGN,AGN,AGN
1820,J2343.9+0546,bcu,J2344.4+0549,"[2.075086832046509, 1.9753402471542358, 0.90941321849823, 10.370490074157715, -32.28462335023764, -31.751262025101052, -28.41429077085954, -31.695033044301947, -23.46833366121346, 0.3665538430213928, 0.24147555232048035, 3.7078428268432617, 10.140485763549805, -0.9999828663124044, 0.9997357820785296, -0.503356653383617, -0.36814120016131197, -0.7677399038964446, -0.999502905344414]",[1],J2344.4+0549,bcu,bcu,J2343.9+0546,bcu,J2343.9+0546,bll,J2343.9+0546,bll,AGN,AGN,AGN,AGN
1821,J2345.2-1555,FSRQ,J2345.2-1554,"[2.115792751312256, 2.0180485248565674, 1.813036561012268, 2327.39306640625, -29.083912837202277, -28.80219031117018, -26.905481195229612, -28.87474899547199, -22.298695065135245, 0.11563272029161453, 0.6897256970405579, 13.737683296203613, 129.70291137695312, -0.09672841788900574, -0.3846982888346271, -0.5680063034662824, -0.5726542254557162, -0.7349308299357041, -0.7471193523983803]",[1],J2345.2-1554,FSRQ,FSRQ,J2345.2-1555,FSRQ,J2345.2-1555,FSRQ,J2345.2-1555,FSRQ,AGN,AGN,AGN,AGN
1822,J2346.7+0705,bll,J2346.7+0705,"[1.844849944114685, 1.8181626796722412, 1.738720417022705, 13.26412582397461, -32.7662964231341, -32.53556559579057, -27.718368656083957, -32.63563846675947, -23.33389539476958, 0.02456153742969036, 0.21950511634349823, 0.8706794381141663, 22.894580841064453, -0.9999674748701164, 0.9995843719747824, -0.557386590288314, -0.2869877946284061, -0.5815113042964546, -0.08360235577928801]",[1],J2346.7+0705,bcu,bll,J2346.7+0705,bll,J2346.7+0705,bll,J2346.7+0705,bll,AGN,AGN,AGN,AGN
1823,J2347.0+5141,bll,J2347.0+5142,"[1.8064665794372559, 1.7181365489959717, 1.7364953756332397, 56.97053909301758, -31.357052158634634, -31.195688068017695, -27.309614011357713, -31.318312814932288, -23.009040320736407, 0.046712636947631836, 0.2658032476902008, 3.179917812347412, 56.3726921081543, 0.9890512280086922, -0.04602778669217514, -0.3396424169980912, -0.3985539865059341, -0.5311369340426975, -0.33267140084217783]",[1],J2347.0+5142,bll,bll,J2347.0+5141,bll,J2347.0+5141,bll,J2347.0+5141,bll,AGN,AGN,AGN,AGN
1824,J2347.9+5436,bcu,J2347.9+5436,"[1.7566083669662476, 1.6504770517349243, 1.2812836170196533, 9.290719032287598, -34.33382206297732, -33.921729702189175, -28.134188642549248, -34.00689961487062, -23.679403204771756, 0.1511661261320114, 0.23249974846839905, 2.6628775596618652, 13.382619857788086, -0.9999839620516893, 0.9999973105715761, 0.08719621133433346, -0.4379824698168315, -0.3410210116236618, -0.3374600399811086]",[1],J2347.9+5436,bcu,bcu,J2347.9+5436,bcu,J2347.9+5436,bcu,J2347.9+5436,bcu,AGN,AGN,AGN,AGN
1825,J2348.0-1630,fsrq,J2348.0-1630,"[2.358808755874634, 2.340108633041382, 2.217677354812622, 216.9938507080078, -29.848383354286714, -29.65469559008042, -27.541501463447148, -29.70669911431079, -23.044436231690803, 0.042118970304727554, 0.5512046813964844, 2.109849452972412, 40.91283416748047, -0.2860841511585299, -0.5653465280795968, -0.6697730723701807, -0.5946589831260598, -0.7872152967042636, -0.7826667322584548]",[1],J2348.0-1630,fsrq,fsrq,J2348.0-1630,fsrq,J2348.0-1630,fsrq,J2348.0-1630,fsrq,AGN,AGN,AGN,AGN
1826,J2350.6-3005,bll,J2350.4-3004,"[2.006708860397339, 1.960350513458252, 1.864506721496582, 23.30272102355957, -32.379555872719436, -32.15263995242498, -28.266838928598567, -32.24735469745428, -23.791473714497705, 0.04060596600174904, 0.480817586183548, 0.8179032802581787, 14.49073600769043, -0.9091992337769055, -0.016180031501986505, -0.6118319768233657, -0.40965440718841994, -0.5144660555091488, -0.5294576666244514]",[1],J2350.4-3004,bll,bll,J2350.6-3005,bll,J2350.6-3005,bll,J2350.6-3005,bll,AGN,AGN,AGN,AGN
1827,J2352.0+1750,bll,J2352.0+1752,"[2.0160536766052246, 1.8001620769500732, 1.4173927307128906, 28.393898010253906, -31.704594790718748, -31.350468790580337, -28.15024320852614, -31.389321447503267, -23.57356855884013, 0.18707509338855743, 0.4944233000278473, 2.9758903980255127, 15.22421932220459, -0.5195420128033446, -0.4964169591565649, -0.40170769857402233, -0.4349410984812134, -0.7581719027429709, -0.7051936161408726]",[1],J2352.0+1752,bll,bll,J2352.0+1750,bll,J2352.0+1750,bll,J2352.0+1750,bll,AGN,AGN,AGN,AGN
1828,J2353.1-4806,bcu,J2353.3-4805,"[2.0771825313568115, 2.008673667907715, 1.8433195352554321, 6.356818675994873, -32.59229131753642, -32.35198109331848, -28.620091431003093, -32.43655229353002, -24.118162665204707, 0.07686465233564377, 0.0, 1.0099806785583496, 9.557157516479492, -0.16272415993522407, -0.4635948019545647, -0.6853011475954521, -0.3026605572259875, -0.6044003642013623, -0.5707525666591755]",[1],J2353.3-4805,bcu,bcu,J2353.1-4806,bcu,J2353.1-4806,bcu,J2353.1-4806,bcu,AGN,AGN,AGN,AGN
1829,J2353.7-3037,bll,J2353.6-3037,"[2.249354362487793, 2.241046667098999, 2.1355786323547363, 10.709721565246582, -31.403216306901687, -31.23422449483749, -28.329233380093708, -31.28396221746639, -23.83485765767808, 0.010130728594958782, 0.25597238540649414, 0.18764400482177734, 13.643592834472656, -0.29680118502837066, -0.6845209772849948, -0.5140669697974042, -0.551687263560459, -0.8294203235508638, -0.44008854135411035]",[1],J2353.6-3037,bll,bll,J2353.7-3037,bll,J2353.7-3037,bll,J2353.7-3037,bll,AGN,AGN,AGN,AGN
1830,J2353.8-3911,bcu,J2353.7-3911,"[2.5146727561950684, 2.4999663829803467, 2.363966703414917, 12.385390281677246, -30.341532654086304, -30.171805222254257, -28.56873795919379, -30.209908300979826, -24.174357104574323, 0.02204705961048603, 0.438824862241745, 0.2688160538673401, 8.04345417022705, 0.3125186630533692, -0.7798175422845711, -0.6647128130262554, -0.6471600289685051, -0.9999199327353855, -0.3530517756773815]",[1],J2353.7-3911,bcu,bcu,J2353.8-3911,bcu,J2353.8-3911,bcu,J2353.8-3911,bcu,AGN,AGN,AGN,AGN
1831,J2354.9+8151,fsrq,J2355.5+8154,"[2.5357248783111572, 2.5175492763519287, 2.5040347576141357, 12.071633338928223, -30.615151364766284, -30.305348407614375, -28.13130983329727, -30.41713491896632, -23.963731050710578, 0.07750028371810913, 0.34443768858909607, 0.9631717205047607, 7.245147228240967, -0.3851433051131026, -0.7562121233331905, -0.7138613921115501, -0.7495219805496474, -0.914681007397471, 0.29037309157853114]",[1],J2355.5+8154,fsrq,fsrq,J2354.9+8151,fsrq,J2354.9+8151,fsrq,J2354.9+8151,fsrq,AGN,AGN,AGN,AGN
1832,J2356.2+4036,bll,J2356.0+4037,"[1.944581151008606, 1.9246501922607422, 1.9499106407165527, 6.219560146331787, -32.96653035194088, -32.762080685594846, -28.22202406563006, -32.91121651211202, -23.748298639359277, 0.023768452927470207, 0.0, 0.5487791299819946, 13.847450256347656, -0.9777443662187577, 0.818807251608818, -0.6082596979474577, -0.38732538188922516, -0.6283572139755043, -0.32692754485429515]",[1],J2356.0+4037,bll,bll,J2356.2+4036,bll,J2356.2+4036,bll,J2356.2+4036,bll,AGN,AGN,AGN,AGN
1833,J2357.4-0152,bll,J2357.3-0150,"[2.2684853076934814, 2.1175739765167236, 1.797444462776184, 27.71125602722168, -31.140790484103213, -30.8303388644831, -28.374271438543236, -30.876027387996334, -23.85776152831317, 0.12761247158050537, 0.6618981957435608, 1.2358108758926392, 8.876825332641602, 0.2950405815938174, -0.7461444541262194, -0.29807323287544735, -0.7958703201393609, -0.7711818460451024, -0.9999997139867388]",[1],J2357.3-0150,bll,bll,J2357.4-0152,bll,J2357.4-0152,bll,J2357.4-0152,bll,AGN,AGN,AGN,AGN
1834,J2357.4-1718,bll,J2357.4-1716,"[1.7030701637268066, 1.5898051261901855, 1.4339553117752075, 4.921487808227539, -33.95873241163787, -33.607848267026846, -28.12909437545311, -33.740359014031725, -23.852766877679645, 0.08565173298120499, 0.0, 1.3989014625549316, 13.105561256408691, 0.9992549743376671, -0.8984544254112535, -0.2197279957651808, -0.09303620250103967, -0.5645543940593489, -0.12284370440721208]",[1],J2357.4-1716,bll,bll,J2357.4-1718,bll,J2357.4-1718,bll,J2357.4-1718,bll,AGN,AGN,AGN,AGN
1835,J2357.8-5311,fsrq,J2357.8-5310,"[2.5927510261535645, 2.58020281791687, 2.4639334678649902, 213.76754760742188, -29.447202630296342, -29.21785410530966, -28.117327579705133, -29.27978913123074, -23.801480956157057, 0.03258068859577179, 1.1563395261764526, 0.8218987584114075, 15.112894058227539, -0.5163261551935826, -0.6166533203268131, -0.71440545660708, -0.7371959840075164, -0.8108321513711989, -0.9995344902600355]",[1],J2357.8-5310,fsrq,fsrq,J2357.8-5311,fsrq,J2357.8-5311,fsrq,J2357.8-5311,fsrq,AGN,AGN,AGN,AGN
1836,J2358.0-4601,bcu,J2358.0-4552,"[2.553051710128784, 2.5785059928894043, 2.5644423961639404, 23.737628936767578, -30.020449892677814, -29.90779591557973, -28.459393535470976, -29.996670511214585, -24.06945851883254, -0.03543752804398537, 0.49692419171333313, 0.656882643699646, 10.983379364013672, -0.5322637118982837, -0.5994815744598957, -0.8374025360232972, -0.606296312503946, -0.41897112366504047, -0.9999789804344805]",[1],J2358.0-4552,fsrq,bcu,J2358.0-4601,bcu,J2358.0-4601,bcu,J2358.0-4601,bcu,AGN,AGN,AGN,AGN
1837,J2358.1-2853,bcu,J2358.3-2853,"[2.2303898334503174, 2.120457887649536, 1.7202802896499634, 3.141106367111206, -31.218639891424417, -30.86832348431158, -28.462439703489515, -30.940035413851867, -23.91583252987635, 0.15606366097927094, 0.0, 1.9953961372375488, 11.813027381896973, 0.9399562280397111, 0.9809475347007857, -0.6491927934604198, -0.5062671254371609, -0.999637544975679, -0.8188490820668561]",[1],J2358.3-2853,bcu,bcu,J2358.1-2853,bcu,J2358.1-2853,bcu,J2358.1-2853,bcu,AGN,AGN,AGN,AGN
1838,J2358.3-1021,fsrq,J2358.2-1022,"[2.6062629222869873, 2.567373752593994, 2.3008289337158203, 131.6748504638672, -28.755863830553707, -28.45434331403741, -28.068493923322563, -28.501608935743782, -23.62372222760909, 0.1072651743888855, 0.6828535795211792, 2.2625198364257812, 20.492502212524414, -0.4357254352985802, -0.6221869690952061, -0.7965448021723027, -0.7524281708260572, -0.9689250537500251, 0.46645829549917556]",[1],J2358.2-1022,fsrq,fsrq,J2358.3-1021,fsrq,J2358.3-1021,fsrq,J2358.3-1021,fsrq,AGN,AGN,AGN,AGN
1839,J2359.0+3922,fsrq,J2358.9+3926,"[2.293797254562378, 2.292609691619873, 2.2535769939422607, 19.993589401245117, -31.99054511976978, -31.864130076864548, -28.188603644252947, -31.917832183301368, -23.863040789250675, 0.004725508391857147, 0.7970893979072571, 0.09699273109436035, 6.74467658996582, 0.9965450475292738, -0.789996843729477, -0.5910732788500506, -0.6901465510933599, -0.3864695058460275, -0.9993764790881087]",[1],J2358.9+3926,fsrq,fsrq,J2359.0+3922,fsrq,J2359.0+3922,fsrq,J2359.0+3922,fsrq,AGN,AGN,AGN,AGN
1840,J2359.0-3038,bll,J2359.3-3038,"[1.9260066747665405, 1.9623427391052246, 1.9133278131484985, 1.7662028074264526, -32.66913570900456, -32.558807115513645, -28.144179901757013, -32.61753540740618, -23.724135993587176, -0.02911124937236309, 0.0, 0.8932594060897827, 18.841291427612305, 0.9876441149362725, -0.6594154692273788, -0.6050469965911767, -0.3575323483564934, -0.3949412195141318, -0.4421159914828647]",[1],J2359.3-3038,bll,bll,J2359.0-3038,bll,J2359.0-3038,bll,J2359.0-3038,bll,AGN,AGN,AGN,AGN
1841,J2359.3-2049,bll,J2359.5-2052,"[2.0252184867858887, 2.0062334537506104, 1.9302682876586914, 11.047517776489258, -32.316665641213014, -32.12330779762311, -28.3908406380694, -32.2198755148264, -23.909333474672792, 0.015638012439012527, 0.2371765375137329, 0.2840341329574585, 12.162574768066406, -0.4885834113713006, -0.6952781051134297, -0.48530812669621914, -0.5478880190690062, -0.3334552535308535, -0.5728598815247526]",[1],J2359.5-2052,bll,bll,J2359.3-2049,bll,J2359.3-2049,bll,J2359.3-2049,bll,AGN,AGN,AGN,AGN
