,4fgldr2,4fgldr2_features,4fgldr2_labels,3fgl,3fgl-cls1,4fgldr1,4fgldr1-cls1,4fgldr2-cls1,4fgldr3,4fgldr3-cls1,4fgldr4,4fgldr4-cls1
0,J0001.2-0747,"[2.104942798614502, 2.0718932151794434, 1.944939136505127, 33.22867965698242, -31.443143627967324, -31.22157929279334, -28.113411352363947, -31.26419387443247, -23.591882350892732, 0.048769861459732056, 0.3327931761741638, 1.6251894235610962, 23.369342803955078, 0.9979667407449494, -0.5525027566560387, -0.6138659801060186, -0.42176375510240616, -0.7506568423081122, -0.4770866163713669]",[1],J0001.2-0748,bll,J0001.2-0747,bll,bll,J0001.2-0747,bll,J0001.2-0747,bll
1,J0001.5+2113,"[2.6593079566955566, 2.5481505393981934, 2.200929641723633, 1564.4176025390625, -27.536335260878957, -27.226061811606606, -27.867320975679746, -27.29095346456838, -23.40274526118288, 0.15877607464790344, 1.054583191871643, 7.32485294342041, 44.13469696044922, -0.2475014154045196, -0.6374355682119596, -0.7734710011471335, -0.8885870573221855, -0.9999980172515082, 0.0035166957032942117]",[1],J0001.4+2120,fsrq,J0001.5+2113,fsrq,fsrq,J0001.5+2113,fsrq,J0001.5+2113,fsrq
2,J0001.6-4156,"[1.7558894157409668, 1.667587161064148, 1.5633279085159302, 16.148963928222656, -33.70055146290592, -33.39951080469897, -28.36514075292734, -33.5258994977317, -24.095979334866108, 0.06975477933883667, 0.3279660642147064, 1.4801549911499023, 15.610699653625488, 0.9294002632180417, -0.6459100170324881, -0.27013829950276824, -0.2801479953302196, -0.4451379432839197, -0.24518512041941823]",[1],J0002.2-4152,bcu,J0001.6-4156,bcu,bcu,J0001.6-4156,bcu,J0001.6-4156,bcu
3,J0003.1-5248,"[1.875063180923462, 1.8100780248641968, 1.641323208808899, 5.088118076324463, -33.56347573024476, -33.29795284384096, -28.47065552642827, -33.37239070656205, -24.03254377442631, 0.05651086941361427, 0.0, 1.1941826343536377, 15.321318626403809, -0.8084971275968477, -0.032542383995171245, -0.5601663008062036, -0.4222626067702106, -0.2699447747163581, -0.6357847545281096]",[1],J0003.2-5246,bcu,J0003.1-5248,bcu,bcu,J0003.1-5248,bcu,J0003.1-5248,bcu
4,J0003.9-1149,"[2.087108612060547, 1.9320688247680664, 1.263930082321167, 4.358573913574219, -31.95194258954791, -31.48716928107137, -28.649837036971682, -31.524299310850978, -23.835915490266256, 0.2711872160434723, 0.0, 3.343202590942383, 12.366488456726074, 0.8332870473216184, 0.9942064594305055, -0.38094770411297135, -0.6031820643516811, -0.6146128808816766, -0.9999935077784878]",[1],J0003.8-1151,bcu,J0003.9-1149,bll,bll,J0003.9-1149,bll,J0003.9-1149,bll
5,J0004.4-4737,"[2.3655600547790527, 2.304285764694214, 2.0942935943603516, 139.123046875, -30.580316970860984, -30.314725057294517, -28.55087153060594, -30.381091624321865, -24.007548671644216, 0.09203691780567169, 0.8883282542228699, 2.1470119953155518, 19.552749633789062, -0.35318812347262574, -0.642563106826132, -0.6879232922098208, -0.5983481559892149, -0.7979518204711085, -0.9999849845451741]",[1],J0004.7-4740,fsrq,J0004.4-4737,fsrq,fsrq,J0004.4-4737,fsrq,J0004.4-4737,fsrq
6,J0005.9+3824,"[2.6721155643463135, 2.5520496368408203, 2.0834903717041016, 26.769515991210938, -28.44433439695355, -28.11321369533232, -28.060848693223072, -28.133660410327053, -23.7417091447033, 0.1899041086435318, 0.31499016284942627, 3.1194798946380615, 16.455745697021484, -0.21210184909079494, -0.5759855402580819, -0.8141680828792643, -0.8521305694632563, -0.8250856540761197, -0.9999981795667131]",[1],J0006.4+3825,fsrq,J0005.9+3824,fsrq,fsrq,J0005.9+3824,fsrq,J0005.9+3824,fsrq
7,J0007.0+7303,"[2.027639389038086, 1.855302333831787, 1.0683751106262207, 5.124154090881348, -29.528380507235312, -28.95746471769923, -26.469927339845164, -29.031568997772784, -21.566513472335757, 0.2808079123497009, 0.0, 69.31866455078125, 351.6734313964844, -0.03180966365747363, -0.19659352786523418, -0.3900419733836665, -0.5252982882261593, -0.8291276642026472, -0.9390503663362088]",[0],J0007.0+7302,PSR,J0007.0+7303,PSR,PSR,J0007.0+7303,PSR,J0007.0+7303,PSR
8,J0008.0+4711,"[2.047048807144165, 1.9286298751831055, 1.80353581905365, 6.434004306793213, -30.865114933700802, -30.66695169984801, -27.653287993650398, -30.73361836790026, -23.24119513152405, 0.0791311115026474, 0.0, 3.9601640701293945, 47.19151306152344, -0.49768175761800204, -0.3687856439916565, -0.5170912766635751, -0.42894266520375174, -0.622245735777334, -0.6937646968797925]",[1],J0008.0+4713,bll,J0008.0+4711,bll,bll,J0008.0+4711,bll,J0008.0+4711,bll
9,J0008.4-2339,"[1.6560616493225098, 1.34911048412323, 0.7352696657180786, 13.834541320800781, -34.67305936937323, -34.11363326121903, -28.483349852765837, -34.181674316336675, -24.21598846878188, 0.2781689763069153, 0.334467351436615, 2.683634042739868, 10.347475051879883, -0.9979010329077863, 0.9992453963286717, -0.1741407739169584, -0.1850494262772901, -0.03552054540416835, -0.7842778147154547]",[1],J0008.6-2340,bll,J0008.4-2339,bll,bll,J0008.4-2339,bll,J0008.4-2339,bll
10,J0009.1+0628,"[2.0990545749664307, 2.0630695819854736, 1.9771441221237183, 13.046000480651855, -31.925211049764474, -31.700004332534252, -28.284653007122493, -31.804118239173498, -23.774829707721644, 0.04600047320127487, 0.21036946773529053, 1.1111429929733276, 15.143667221069336, 0.9887713028145936, -0.2209261127450742, -0.6222576568193242, -0.4853669072568076, -0.5518293134595257, -0.4985130142741443]",[1],J0009.1+0630,bll,J0009.1+0628,bll,bll,J0009.1+0628,bll,J0009.1+0628,bll
11,J0009.3+5030,"[1.9939121007919312, 1.897671103477478, 1.8078027963638306, 148.4995880126953, -30.745839842091815, -30.557923445674817, -27.58319869741935, -30.64128617992115, -23.16373664324264, 0.062285661697387695, 0.38765761256217957, 4.1640167236328125, 57.92721939086914, 0.08271766048155123, -0.4609836877203737, -0.514816486988407, -0.4436468946487972, -0.6030335745083182, -0.551015100866125]",[1],J0009.3+5030,bll,J0009.3+5030,bll,bll,J0009.3+5030,bll,J0009.3+5030,bll
12,J0009.7-3217,"[2.1454286575317383, 2.090195417404175, 1.818247675895691, 15.28574275970459, -32.47041249120934, -32.17129108009534, -28.766699112965057, -32.2355014797049, -24.27100795804523, 0.12845568358898163, 0.5761472582817078, 1.4798275232315063, 7.188787937164307, -0.8800697508692162, 0.9998189419798141, -0.47202949451688647, -0.7247302560805693, -0.39731328200685634, -0.9999961535282642]",[1],J0009.6-3211,bcu,J0009.7-3217,rdg,rdg,J0009.7-3217,rdg,J0009.7-3217,rdg
13,J0012.0+7043,"[2.409168243408203, 2.40501070022583, 2.3571839332580566, 17.850988388061523, -31.666873783868727, -31.526468787192552, -27.75467843207923, -31.310659127316683, -23.641786035773006, 0.012992526404559612, 0.5082703828811646, 0.24992617964744568, 7.696666240692139, 0.9802246790498147, -0.7202198101439758, -0.7204695422839875, -0.6408927263623816, -0.5467861484937853, -0.9996061620395864]",[1],J0012.4+7040,bcu,J0012.0+7043,bcu,bcu,J0012.0+7043,bcu,J0012.0+7043,bcu
14,J0013.1-3955,"[2.0022683143615723, 1.9179043769836426, 1.595347285270691, 12.13773250579834, -32.454964090311414, -32.15145527380625, -28.46141443175078, -32.16955280668502, -23.994891476230112, 0.11524172127246857, 0.18776029348373413, 2.4875874519348145, 18.3475341796875, -0.9399128447943434, 0.44254080478652486, -0.5231515237421284, -0.4966849100069487, -0.4474204614884687, -0.9962501376629334]",[1],J0013.2-3954,bll,J0013.1-3955,bll,bll,J0013.1-3955,bll,J0013.1-3955,bll
15,J0013.9-1854,"[1.9975508451461792, 1.9552112817764282, 1.8289291858673096, 4.385260105133057, -32.7740314662074, -32.536435881202046, -28.52212056974199, -32.62356812898997, -24.044588384867616, 0.03726464509963989, 0.0, 0.6974276900291443, 13.319672584533691, -0.8395636456159474, -0.1533466879428166, -0.4591783050032263, -0.4592666685735982, -0.5496857266949153, -0.44182594189995894]",[1],J0013.9-1853,bll,J0013.9-1854,bll,bll,J0013.9-1854,bll,J0013.9-1854,bll
16,J0014.1-5022,"[2.015000820159912, 1.967581868171692, 1.9048296213150024, 2.0987236499786377, -32.97757166647489, -32.772239028040865, -28.6161431118099, -32.882997466920884, -24.123398513264952, 0.03362283110618591, 0.0, 0.5129988789558411, 11.469014167785645, 0.9736403726464952, -0.797923815482421, -0.392791725628243, -0.5582393868477319, -0.512643730720221, -0.5137553786689147]",[1],J0014.0-5025,bll,J0014.1-5022,bll,bll,J0014.1-5022,bll,J0014.1-5022,bll
17,J0014.7+5801,"[1.72096586227417, 1.5530362129211426, 1.2771636247634888, 14.760305404663086, -35.09051338730347, -34.673448707237625, -28.335725967357735, -34.75338816111191, -23.829516007419947, 0.17607784271240234, 0.4888305366039276, 2.013796806335449, 9.670090675354004, -0.9962467964330545, 0.9973335890502338, -0.30460748538627536, 0.058198718640661465, -0.3259488293732468, -0.48581820456820457]",[1],J0014.7+5802,bll,J0014.7+5801,bll,bll,J0014.7+5801,bll,J0014.7+5801,bll
18,J0014.8+6118,"[2.0499324798583984, 1.9009732007980347, 1.5554460287094116, 6.146344184875488, -33.037832332115045, -32.70812615008003, -27.840649286567682, -32.75014329694061, -23.332975960439075, 0.13999830186367035, 0.0, 2.5531880855560303, 15.637378692626953, -0.8563633812825913, -0.03978013265420648, -0.6148493223001832, -0.3992874325780748, -0.47377909919607186, -0.7529362968639947]",[1],J0014.6+6119,bcu,J0014.8+6118,bcu,bcu,J0014.8+6118,bcu,J0014.8+6118,bcu
19,J0015.6+5551,"[1.8762322664260864, 1.8814630508422852, 1.8117730617523193, 10.359964370727539, -34.09724813319888, -33.933096116038264, -28.253449092017817, -34.01733386468475, -23.699751237817477, -0.004141819663345814, 0.20093396306037903, 0.08676213771104813, 12.751275062561035, 0.9997700320669908, -0.4158422906297915, -0.5924068015226766, -0.41114301420337723, -0.431330678095533, -0.2912334075833332]",[1],J0015.7+5552,bcu,J0015.6+5551,bll,bll,J0015.6+5551,bll,J0015.6+5551,bll
20,J0016.2-0016,"[2.7406797409057617, 2.6136598587036133, 2.1723849773406982, 82.13560485839844, -27.97988391152223, -27.661791982380446, -28.149245938482526, -27.706352169266278, -23.842952018089107, 0.18483015894889832, 0.5066494941711426, 4.125214576721191, 20.85448455810547, 0.10687363203137876, -0.6873953265018918, -0.7782240962716128, -0.9594847599890276, -0.5014086984936436, -0.9917286966648486]",[1],J0016.3-0013,fsrq,J0016.2-0016,fsrq,fsrq,J0016.2-0016,fsrq,J0016.2-0016,fsrq
21,J0017.0-0649,"[2.298107385635376, 2.278012752532959, 2.2352936267852783, 26.482019424438477, -31.167747889594057, -30.98290357026399, -28.37862268698721, -31.082320841710185, -23.89648856358419, 0.031068913638591766, 0.3136467933654785, 0.7001218795776367, 13.638586044311523, 0.9934728520136801, -0.5355643389404714, -0.6886255780016409, -0.5284826992986327, -0.725346736114974, -0.42793729099519523]",[1],J0017.2-0643,bcu,J0017.0-0649,bcu,bcu,J0017.0-0649,bcu,J0017.0-0649,bcu
22,J0017.5-0514,"[2.562999963760376, 2.5941524505615234, 2.3311662673950195, 230.1560516357422, -29.848792393409614, -29.61261120933736, -27.857422728556234, -29.613930662437884, -23.613858234900942, 0.1051255464553833, 0.9217864274978638, 3.1402747631073, 23.468843460083008, 0.255735345901541, -0.6418642385918326, -0.755574118536901, -0.7951862805459721, -0.5452100064000911, -0.9999995565226399]",[1],J0017.6-0512,FSRQ,J0017.5-0514,FSRQ,FSRQ,J0017.5-0514,FSRQ,J0017.5-0514,FSRQ
23,J0018.4+2946,"[1.6984659433364868, 1.5638436079025269, 1.353289008140564, 4.771218299865723, -34.257586920148135, -33.89069698963242, -28.324126451155966, -34.013155854087366, -24.03070320192932, 0.10504265874624252, 0.0, 1.780631184577942, 13.572393417358398, 0.9834841299421473, -0.7276278120834453, -0.16339687356674634, -0.2550024056085475, -0.5445473689129277, 0.06417357539807797]",[1],J0018.4+2947,bll,J0018.4+2946,bll,bll,J0018.4+2946,bll,J0018.4+2946,bll
24,J0019.2-5640,"[2.2048230171203613, 2.171724557876587, 2.0158753395080566, 91.01695251464844, -31.76999767229975, -31.572568425149047, -28.70061318510665, -31.600046312282373, -24.172788436330926, 0.03940746560692787, 1.1238974332809448, 0.8072444200515747, 13.454424858093262, -0.1414746707585114, -0.3071059454510927, -0.6831814151399594, -0.44240118872868883, -0.7245673548828441, -0.9912672426291115]",[1],J0019.1-5645,bcu,J0019.2-5640,bcu,bcu,J0019.2-5640,bcu,J0019.2-5640,bcu
25,J0019.3-8152,"[2.112436294555664, 2.0754687786102295, 1.9532616138458252, 19.439966201782227, -32.0011360537183, -31.780825555750514, -28.28879470922303, -31.86402580311796, -23.78098769352808, 0.041055746376514435, 0.25065159797668457, 1.1407556533813477, 19.484689712524414, -0.5821506804846214, -0.564226742276652, -0.5465431339589953, -0.51134910985197, -0.5262577948011733, -0.7792029810819211]",[1],J0018.9-8152,bll,J0019.3-8152,bll,bll,J0019.3-8152,bll,J0019.3-8152,bll
26,J0019.6+2022,"[2.1648294925689697, 2.1133480072021484, 1.8663076162338257, 15.973142623901367, -31.893245420745753, -31.55347741039025, -28.487794966782364, -31.54791668917419, -23.978302118726848, 0.1185886338353157, 0.3729702830314636, 1.790919542312622, 11.732686042785645, 0.9996885729805509, -0.04197451570149934, -0.5912464037905657, -0.6203103028816176, -0.7835602463925896, -0.3259622367906115]",[1],J0019.4+2021,bll,J0019.6+2022,bll,bll,J0019.6+2022,bll,J0019.6+2022,bll
27,J0021.5-2552,"[2.12144136428833, 2.0815937519073486, 1.9898751974105835, 29.73120880126953, -31.2452147913172, -31.013561892261425, -28.343437321778644, -31.111391791199324, -23.797916243705252, 0.045913513749837875, 0.31696346402168274, 1.4465129375457764, 24.498342514038086, -0.4750832642805735, -0.4293139543242819, -0.5357655248277216, -0.5132679581086641, -0.7574897140297526, -0.3244878305648684]",[1],J0021.6-2553,bll,J0021.5-2552,bll,bll,J0021.5-2552,bll,J0021.5-2552,bll
28,J0021.9-5140,"[2.065307855606079, 2.0532596111297607, 1.975903868675232, 30.68359375, -31.82495169518275, -31.648349918908565, -28.413629779976613, -31.734819456849383, -23.910949722036904, 0.009565411135554314, 0.30867281556129456, 0.2732659578323364, 24.845306396484375, -0.17543391134798292, -0.6506219424073212, -0.4746894513558031, -0.5243566344208089, -0.48250509219661136, -0.5607448588221781]",[1],J0022.1-5141,bll,J0021.9-5140,bll,bll,J0021.9-5140,bll,J0021.9-5140,bll
29,J0022.1-1854,"[1.9422410726547241, 1.767860770225525, 1.6394424438476562, 15.917248725891113, -31.427545466637376, -31.17852050174771, -28.003520935488066, -31.27256571643801, -23.548150278589606, 0.10515857487916946, 0.1465073525905609, 3.0920207500457764, 27.49284553527832, 0.9676717531828556, -0.46420450036372185, -0.34427064746478314, -0.3797428598014458, -0.7357625564691362, -0.28785000431270197]",[1],J0022.1-1855,bll,J0022.1-1854,bll,bll,J0022.1-1854,bll,J0022.1-1854,bll
30,J0022.5+0608,"[2.148970365524292, 2.070549726486206, 2.004216194152832, 58.482330322265625, -29.79084050714791, -29.635571752884168, -27.63293928577629, -29.71702830426073, -23.17358024629502, 0.051376163959503174, 0.2546512484550476, 2.884874105453491, 48.80265808105469, -0.1506185216052677, -0.46436236483839727, -0.6004709997681561, -0.5371531443406453, -0.612077449423214, -0.8138016077731748]",[1],J0022.5+0608,bll,J0022.5+0608,bll,bll,J0022.5+0608,bll,J0022.5+0608,bll
31,J0023.4+0920,"[2.266627550125122, 1.8855739831924438, 0.8434017896652222, 7.449699878692627, -30.264899449780597, -29.74295405533031, -28.189132165044875, -29.789532707767513, -23.2718739897328, 0.4628027081489563, 0.0, 7.684471607208252, 25.47446632385254, -0.7040220401565743, -0.10614736477259326, -0.46166218570367046, -0.7672658538058662, -0.855787363801427, -0.9994805513266974]",[0],J0023.4+0923,PSR,J0023.4+0920,PSR,PSR,J0023.4+0920,MSP,J0023.4+0920,MSP
32,J0023.7-6820,"[2.8068578243255615, 2.7651703357696533, 2.6003241539001465, 33.363433837890625, -28.58846504812739, -28.34462566842529, -28.50830220295645, -28.381260758741053, -24.26161156654865, 0.08253295719623566, 0.37679290771484375, 1.512491226196289, 14.776670455932617, -0.25648498321627533, -0.7249892936159192, -0.8096251970491858, -0.6735539141082802, -0.9999990868614821, 0.6544393915332457]",[1],J0021.6-6835,bcu,J0023.7-6820,bcu,fsrq,J0023.7-6820,fsrq,J0023.7-6820,fsrq
33,J0023.7+4457,"[2.436455011367798, 2.385298490524292, 2.2252938747406006, 98.55006408691406, -30.169566962782707, -29.942735760187976, -28.312688452571035, -29.995746465780798, -23.827747839182486, 0.07231488078832626, 0.7025848031044006, 1.8864960670471191, 19.001428604125977, 0.992833303607956, -0.5952920143290357, -0.6818731541437494, -0.7045446858837568, -0.7880999385905176, -0.6991277651460116]",[1],J0023.5+4454,fsrq,J0023.7+4457,fsrq,fsrq,J0023.7+4457,fsrq,J0023.7+4457,fsrq
34,J0024.7+0349,"[2.3913183212280273, 2.3798794746398926, 2.222480297088623, 88.12024688720703, -31.454716161004203, -31.17244901715675, -28.45500805416407, -31.286470820316293, -24.14524360920554, 0.11269627511501312, 1.9035720825195312, 1.1298660039901733, 6.049645900726318, 0.157297587283006, 0.9870869830877056, -0.7852144209228163, -0.5584933724567692, -0.7075815403035993, -0.9985094470522832]",[1],J0024.4+0350,fsrq,J0024.7+0349,fsrq,fsrq,J0024.7+0349,fsrq,J0024.7+0349,fsrq
35,J0026.6-4600,"[1.9491358995437622, 1.9325785636901855, 1.8210687637329102, 13.78029727935791, -33.29011272544514, -33.11419158406102, -28.707264431932213, -33.17960387181281, -24.247201544951963, 0.01120657380670309, 0.40731507539749146, 0.2010316103696823, 10.381613731384277, 0.9989875964761049, -0.6141689026449126, -0.476602377177335, -0.3712318474137132, -0.706533419674744, 0.0599066658879395]",[1],J0026.7-4603,bll,J0026.6-4600,bll,bll,J0026.6-4600,bll,J0026.6-4600,bll
36,J0028.1+7505,"[2.137679100036621, 1.7521333694458008, 0.8664110898971558, 11.28921127319336, -32.68826331626188, -32.16978897798481, -28.712998948114212, -32.2413500741228, -23.683384417480102, 0.4220649003982544, 0.196687251329422, 3.7208847999572754, 10.176467895507812, -0.6653655458268527, -0.8178985950466257, -0.057942919747278734, -0.41962945225540693, -0.6865968483635996, -0.9999117930957804]",[1],J0028.6+7507,bcu,J0028.1+7505,bcu,bcu,J0028.1+7505,bcu,J0028.1+7505,bcu
37,J0028.4+2001,"[2.4137485027313232, 2.358516216278076, 2.0745885372161865, 81.12262725830078, -29.961219276330308, -29.63289422610061, -28.259270986352632, -29.702206270810713, -23.73359192608957, 0.11103255301713943, 0.5678475499153137, 2.603989839553833, 19.10028839111328, 0.9977168231050907, -0.5401004315414695, -0.7225931255881917, -0.6230960255256056, -0.9551746855134685, -0.19898396861258427]",[1],J0028.8+1951,bcu,J0028.4+2001,fsrq,fsrq,J0028.5+2001,fsrq,J0028.5+2001,fsrq
38,J0029.0-7044,"[2.218125581741333, 2.1774933338165283, 1.9634063243865967, 45.47019958496094, -31.72582119822626, -31.535228356718125, -28.48490902390054, -31.55373293412348, -23.983630793643616, 0.03533171862363815, 0.44878333806991577, 0.7625517845153809, 18.45952606201172, 0.9940454710802227, -0.6991266698770454, -0.5723875709708247, -0.4245524365525784, -0.8607938352301758, -0.6257313554318463]",[1],J0029.1-7045,bll,J0029.0-7044,bll,bll,J0029.0-7044,bll,J0029.0-7044,bll
39,J0030.2-1647,"[1.7863624095916748, 1.6412055492401123, 1.3751189708709717, 34.82960510253906, -33.612070777056566, -33.21020412264725, -28.362839578184648, -33.30898486117335, -24.045167705892105, 0.13414232432842255, 0.6729927659034729, 2.198768377304077, 14.141412734985352, 0.995588240948069, -0.11536582073645645, -0.13051437735347363, -0.28269698794991643, -0.4818968345830662, -0.3485532594526686]",[1],J0030.2-1646,bcu,J0030.2-1647,bll,bll,J0030.2-1647,bll,J0030.2-1647,bll
40,J0030.3-4224,"[2.5236237049102783, 2.5033674240112305, 2.420591115951538, 78.6083755493164, -29.305732912882355, -29.102825596678034, -28.1937297782589, -29.17621631007229, -23.67390273607973, 0.05095110833644867, 0.2983439266681671, 2.405820608139038, 38.76677703857422, -0.3617111333189858, -0.6555548752997921, -0.7250156064720177, -0.7067396500149246, -0.9555945154410782, 0.17428092342426152]",[1],J0030.3-4223,fsrq,J0030.3-4224,fsrq,fsrq,J0030.3-4224,fsrq,J0030.3-4224,fsrq
41,J0030.4+0451,"[2.083371877670288, 1.7822301387786865, 0.7914667725563049, 9.162074089050293, -29.494137736675256, -28.90645559137966, -27.528781933814297, -28.97148529036568, -22.438841640493223, 0.4390549659729004, 0.0, 31.995033264160156, 119.74320983886719, -0.05664254765185734, -0.10849979249056417, -0.4316077407131804, -0.735676703250798, -0.951728531059426, -0.9997945923108664]",[0],J0030.4+0451,PSR,J0030.4+0451,PSR,PSR,J0030.4+0451,MSP,J0030.4+0451,MSP
42,J0030.6-0212,"[2.403325080871582, 2.2993688583374023, 2.058110475540161, 725.4195556640625, -29.004875737103138, -28.722065922875686, -27.88860830920921, -28.80241250680057, -23.34407308893841, 0.12841904163360596, 0.9593102931976318, 5.422337532043457, 40.932525634765625, 0.0703402430720846, -0.5110883918592009, -0.7089552437019389, -0.6389058519459095, -0.879182314819115, -0.9998959204212823]",[1],J0030.7-0209,bcu,J0030.6-0212,bcu,bcu,J0030.6-0212,fsrq,J0030.6-0212,fsrq
43,J0031.3+0726,"[1.91562020778656, 1.8350496292114258, 1.6256682872772217, 13.153173446655273, -33.67659009670537, -33.3643346774177, -28.582644243494133, -33.46044607907988, -24.096814460211775, 0.08665937930345535, 0.3059086203575134, 1.0381810665130615, 7.880674362182617, -0.6388311798835585, -0.9024501377691755, 0.6022449585007306, -0.7807650364877468, 0.02451415217545272, -0.6113080522699962]",[1],J0031.3+0724,bcu,J0031.3+0726,bll,bll,J0031.3+0726,bll,J0031.3+0726,bll
44,J0032.4-2849,"[2.3642773628234863, 2.303434133529663, 2.2604942321777344, 14.111947059631348, -31.056746705044553, -30.748157611203357, -28.749388215042462, -30.915799907084338, -24.27178362369147, 0.09098505973815918, 0.44307202100753784, 0.965906023979187, 7.377357006072998, -0.6832011014587601, -0.2807667517011069, -0.6821766084810647, -0.6918082647221393, -0.8014480270434494, -0.08514106626281927]",[1],J0032.3-2852,bll,J0032.4-2849,bll,bll,J0032.4-2849,bll,J0032.4-2849,bll
45,J0033.5-1921,"[1.7602993249893188, 1.6196341514587402, 1.551045298576355, 74.24559783935547, -31.170986983403004, -30.96249452174099, -27.31430286827728, -31.0589785957994, -23.08542200620658, 0.07244495302438736, 0.25645124912261963, 5.371826171875, 67.0898666381836, 0.9570969383756647, 0.07697561795108288, -0.4036600052762044, -0.31452335703073997, -0.4616845991549626, -0.45840917702320966]",[1],J0033.6-1921,bll,J0033.5-1921,bll,bll,J0033.5-1921,bll,J0033.5-1921,bll
46,J0034.3-0534,"[2.2081563472747803, 1.9895702600479126, 1.4976067543029785, 5.717992782592773, -29.446312693506403, -29.059327544168262, -28.004386928861397, -29.14021233467364, -23.057604416181977, 0.23326264321804047, 0.0, 10.92908000946045, 57.63230514526367, 0.03948809784726988, -0.31578473552470643, -0.561183446407785, -0.6901890363828351, -0.9137832930711725, -0.9998585773797686]",[0],J0034.3-0534,PSR,J0034.3-0534,PSR,PSR,J0034.3-0534,MSP,J0034.3-0534,MSP
47,J0035.2+1514,"[1.8548170328140259, 1.717626929283142, 1.6215420961380005, 28.935970306396484, -31.772472029994855, -31.5485068093571, -27.743863056220164, -31.637532390866298, -23.39832178057445, 0.0810696929693222, 0.2697529196739197, 3.164918899536133, 31.93866539001465, 0.41318488223637095, -0.3835024848332199, -0.39406206528958665, -0.37745257248431197, -0.48543970443615736, -0.5538983511512017]",[1],J0035.2+1513,bll,J0035.2+1514,bll,bll,J0035.2+1514,bll,J0035.2+1514,bll
48,J0035.9+5950,"[1.7616578340530396, 1.661505103111267, 1.6128432750701904, 197.9702911376953, -32.19567789583394, -32.01972081856539, -27.260438192828556, -32.110347478440225, -22.949474103052548, 0.05187775939702988, 0.4717918038368225, 3.3714077472686768, 64.34468841552734, 0.9720080462537986, -0.1342396589658169, -0.4637400074802515, -0.27850660608726546, -0.4219518730935974, -0.35833337780287605]",[1],J0035.9+5949,bll,J0035.9+5950,bll,bll,J0035.9+5950,bll,J0035.9+5950,bll
49,J0037.8+1239,"[2.2157862186431885, 2.2195632457733154, 2.1847803592681885, 61.5361442565918, -31.01697368984597, -30.874948798601746, -28.17083507139373, -30.957528631277206, -23.62406899198737, -0.004597567021846771, 0.5309857726097107, 0.15489855408668518, 20.482580184936523, 0.9929630396153698, -0.5905239692393328, -0.6439487087444622, -0.505350476219209, -0.6191249033164598, -0.60521208806131]",[1],J0037.9+1239,bll,J0037.8+1239,bll,bll,J0037.8+1239,bll,J0037.8+1239,bll
50,J0038.1+0012,"[2.0260841846466064, 2.0066633224487305, 1.9145076274871826, 8.304557800292969, -32.339567174755366, -32.1654128712819, -28.37297016868472, -32.23008687298938, -23.888530511460207, 0.02151092141866684, 0.0, 0.576249361038208, 16.237686157226562, -0.7362773450100377, -0.3791493035342807, -0.6644703896950646, -0.3114041760700362, -0.5769421807732382, -0.5810890994815319]",[1],J0038.0+0012,bll,J0038.1+0012,bll,bll,J0038.1+0012,bll,J0038.1+0012,bll
51,J0038.2-2459,"[2.2622263431549072, 2.164599657058716, 2.034651279449463, 1644.3140869140625, -29.581421230075378, -29.35274985095861, -27.975069253621193, -29.44034550821189, -23.42587017900699, 0.0890856459736824, 1.7992061376571655, 4.095483779907227, 43.556114196777344, -0.07735329482214856, -0.42463196546843507, -0.6541996107004152, -0.579218843534032, -0.828256166095751, -0.6859381927651802]",[1],J0038.0-2501,fsrq,J0038.2-2459,fsrq,fsrq,J0038.2-2459,fsrq,J0038.2-2459,fsrq
52,J0039.0-0946,"[2.6902740001678467, 2.6325483322143555, 2.3733444213867188, 17.683334350585938, -29.012057288097935, -28.738997075754103, -28.399378829963474, -28.79890537911171, -24.07199617830788, 0.09802725166082382, 0.3107459843158722, 1.3823211193084717, 10.678061485290527, 0.9999300542607314, -0.6125875722232672, -0.7878231973186601, -0.7642000893246957, -0.9999928615129751, 0.9111499751774026]",[1],J0039.1-0939,fsrq,J0039.0-0946,fsrq,fsrq,J0039.0-0946,fsrq,J0039.0-0946,fsrq
53,J0039.1-2219,"[1.7586851119995117, 1.752968430519104, 1.7563683986663818, 7.2018537521362305, -33.970901609248706, -33.759971911681625, -28.436233699744857, -33.898982508717644, -24.11757804467801, 0.004720545839518309, 0.0, 0.08851990103721619, 12.064723014831543, 0.9961364985913053, -0.34722336531668335, -0.31852529915933203, -0.33114018998469835, -0.6047630274653396, -0.1713049102900532]",[1],J0039.0-2218,bcu,J0039.1-2219,bcu,bcu,J0039.1-2219,bll,J0039.1-2219,bll
54,J0039.1+4330,"[2.0589234828948975, 2.0063869953155518, 1.579405426979065, 24.894241333007812, -32.94207538324562, -32.57166096853003, -28.621080732584275, -32.576797546362585, -24.120982199298712, 0.15314368903636932, 0.5892243385314941, 1.867422103881836, 8.906134605407715, -0.896825142995802, 0.9991887374963226, -0.5523893849748419, -0.4592971173305706, -0.5174788221467022, -0.9999048676509615]",[1],J0039.1+4330,bcu,J0039.1+4330,bcu,bcu,J0039.1+4330,bcu,J0039.1+4330,bcu
55,J0040.3+4050,"[1.9257006645202637, 1.9842840433120728, 2.0723485946655273, 16.410917282104492, -34.15224989519073, -34.1938618629361, -28.480359632168938, -34.17798841398711, -23.89440617059379, -0.07495580613613129, 0.45155495405197144, 1.6984995603561401, 9.331744194030762, 0.7800643477297893, -0.5691287630176196, -0.7785716952378663, -0.34952103854106, -0.5059844245423739, -0.16512008038309964]",[1],J0040.3+4049,bcu,J0040.3+4050,bll,bll,J0040.3+4050,bll,J0040.3+4050,bll
56,J0040.4-2340,"[2.3491604328155518, 2.3079824447631836, 2.1318893432617188, 18.178686141967773, -31.583950783835373, -31.38402877270564, -28.602290257804725, -31.43270987709054, -24.222161892888376, 0.05191687121987343, 0.5130673050880432, 0.606938898563385, 8.10641860961914, -0.10481141935049759, -0.7630687297108399, -0.5957885520964178, -0.7966050158995573, -0.20182469512434167, -0.9999807976281997]",[1],J0040.5-2339,bcu,J0040.4-2340,bll,bll,J0040.4-2340,bll,J0040.4-2340,bll
57,J0042.0+3640,"[2.100984811782837, 2.112867832183838, 2.091848373413086, 7.220255374908447, -33.12645543803015, -33.002582207546475, -28.614356572257197, -33.078185104325165, -24.13340178527336, -0.015462764538824558, 0.0, 0.2129393368959427, 6.943265914916992, 0.7933383041055494, 0.9581280352509571, -0.8632183449760706, -0.27825811925007304, -0.4969415102313027, -0.5535645761000346]",[1],J0041.9+3639,bll,J0042.0+3640,bll,bll,J0042.0+3640,bll,J0042.0+3640,bll
58,J0042.2+2319,"[2.3218624591827393, 2.22990345954895, 1.9658132791519165, 15.586790084838867, -31.053683551722727, -30.76182071517395, -28.383313478159288, -30.798838819484377, -23.90565893865191, 0.12039848417043686, 0.28376489877700806, 1.8424206972122192, 14.308270454406738, -0.03099009600863044, -0.7092779216776811, -0.5981930345156115, -0.6438010345457192, -0.7578327745427849, -0.9959797873235051]",[1],J0042.0+2318,fsrq,J0042.2+2319,fsrq,fsrq,J0042.2+2319,fsrq,J0042.2+2319,fsrq
59,J0043.5-0442,"[1.9197033643722534, 1.882874608039856, 1.7445437908172607, 8.998506546020508, -33.70954701836668, -33.50580646729206, -28.523897899676108, -33.57032177823214, -24.022963763129386, 0.04078971967101097, 0.0, 0.5524578094482422, 7.466921806335449, -0.8138728491934146, -0.588044645516696, -0.5985981852718593, -0.3437532968334303, -0.5309664154029856, -0.23387650700290677]",[1],J0043.5-0444,bcu,J0043.5-0442,bll,bll,J0043.5-0442,bll,J0043.5-0442,bll
60,J0043.7-1116,"[1.911508560180664, 1.5923470258712769, 1.0793092250823975, 16.632286071777344, -33.27586115292498, -32.811666111817544, -28.53164011168399, -32.89375536779523, -24.094049941590697, 0.26773306727409363, 0.5303836464881897, 2.0792551040649414, 8.474912643432617, 0.9999537748172372, -0.8556743806776672, -0.39234680526444865, -0.21051531290780529, -0.7139769378978903, -0.5943036815496983]",[1],J0043.7-1117,bcu,J0043.7-1116,bll,bll,J0043.7-1116,bll,J0043.7-1116,bll
61,J0043.8+3425,"[1.9526112079620361, 1.8642350435256958, 1.8004094362258911, 190.19281005859375, -30.552017806205523, -30.38213335836537, -27.50911933350586, -30.467113991331043, -23.106511544375014, 0.051662784069776535, 0.4450957477092743, 3.7180593013763428, 56.53064727783203, 0.9999120668350584, -0.38062783139497613, -0.529033784879542, -0.40184877786203943, -0.589478414513967, -0.5215955397882042]",[1],J0043.8+3425,fsrq,J0043.8+3425,fsrq,fsrq,J0043.8+3425,fsrq,J0043.8+3425,fsrq
62,J0044.2-8424,"[2.6622695922851562, 2.6612625122070312, 2.622983694076538, 43.068355560302734, -29.674439810566206, -29.480105754434078, -28.22760617806664, -29.584033423865275, -24.046463958549303, 0.0002643668558448553, 0.754335880279541, 0.028395893052220345, 7.511814594268799, -0.4884399599466266, -0.546972334586816, -0.7514077778610071, -0.8702460822306972, -0.18268827622963352, -0.9999239168385119]",[1],J0046.7-8419,fsrq,J0044.2-8424,fsrq,fsrq,J0044.2-8424,fsrq,J0044.2-8424,fsrq
63,J0045.1-3706,"[2.5946521759033203, 2.57889986038208, 2.54337739944458, 102.66680145263672, -29.101915584361528, -28.894858139802192, -28.5269076536098, -29.00107520872747, -24.00333744578304, 0.024906011298298836, 0.5581784248352051, 0.7196789979934692, 20.807491302490234, -0.24830706726538557, -0.6938794892688259, -0.7449913714285944, -0.7508418982699808, -0.8789761073142683, -0.037460595042041016]",[1],J0045.2-3704,bcu,J0045.1-3706,bcu,fsrq,J0045.1-3706,fsrq,J0045.1-3706,fsrq
64,J0045.3+2128,"[1.809100866317749, 1.6690747737884521, 1.582654356956482, 222.41537475585938, -31.870155162703526, -31.6676274074931, -27.613055077630673, -31.753683603227383, -23.34120822075742, 0.07630503177642822, 0.8441885113716125, 3.4193170070648193, 42.99823760986328, 0.09879353858436571, -0.3779271116990586, -0.40462895231090296, -0.2724391439012918, -0.5695546054791374, -0.3332875597508302]",[1],J0045.3+2126,bll,J0045.3+2128,bll,bll,J0045.3+2128,bll,J0045.3+2128,bll
65,J0045.7+1217,"[1.9824254512786865, 1.9571126699447632, 1.8639429807662964, 37.515174865722656, -32.03085007384402, -31.827054578248546, -28.01283849111532, -31.91516453522985, -23.56637324411532, 0.02066095918416977, 0.3539309501647949, 0.7327895164489746, 25.8033390045166, -0.37990228892216243, -0.5648545108216074, -0.4794880795866835, -0.5158887023341813, -0.3732057901877769, -0.6361940152388396]",[1],J0045.7+1217,bll,J0045.7+1217,bll,bll,J0045.7+1217,bll,J0045.7+1217,bll
66,J0047.0+5657,"[2.1599035263061523, 2.0170788764953613, 1.7878600358963013, 89.8093032836914, -31.461497398313853, -31.206717626771535, -27.880049922567345, -31.2726858058757, -23.432061782762236, 0.11713219434022903, 0.6682678461074829, 3.1382687091827393, 21.822298049926758, 0.3199218757127822, -0.32031116630056417, -0.5541631988337844, -0.479318559328973, -0.6680235987930524, -0.7534944953006482]",[1],J0047.0+5658,bll,J0047.0+5657,bll,bll,J0047.0+5657,bll,J0047.0+5657,bll
67,J0047.9+3947,"[1.9808937311172485, 1.949684500694275, 1.8599088191986084, 52.794593811035156, -32.15872471805611, -31.958419711572358, -28.166738211954158, -32.04270903274849, -23.723181691037258, 0.02774697169661522, 0.41853198409080505, 1.006461501121521, 26.29840087890625, -0.2662133134273967, -0.5401330413548495, -0.4950362176176486, -0.49084727535893385, -0.43580495336551167, -0.5520063541549163]",[1],J0048.0+3950,bll,J0047.9+3947,bll,bll,J0047.9+3947,bll,J0047.9+3947,bll
68,J0047.9+5448,"[1.5751969814300537, 1.5806273221969604, 1.6147278547286987, 10.841017723083496, -36.435570198161756, -36.216741081070055, -28.645443864240345, -36.32754417279318, -24.170258220674352, -0.00852305255830288, 0.0, 0.10431092977523804, 6.576597213745117, 0.737153414254488, 0.9998330376388269, -0.8235311984361866, 0.5931161834018687, -0.45688412524237293, -0.17826065451923984]",[1],J0047.9+5447,bcu,J0047.9+5448,bcu,bcu,J0047.9+5448,bcu,J0047.9+5448,bcu
69,J0047.9+2233,"[2.508938789367676, 2.5131337642669678, 2.4468140602111816, 125.62030792236328, -30.72502407591814, -30.611196933083722, -27.91244370315161, -30.61345403405016, -23.761957692067288, 0.015077728778123856, 1.2487925291061401, 0.3871668875217438, 10.31091022491455, 0.7237420397348521, -0.6748641839831814, -0.7713906660256079, -0.5685060576351249, -0.654484145242873, -0.999860695673763]",[1],J0048.0+2236,fsrq,J0047.9+2233,fsrq,fsrq,J0047.9+2233,fsrq,J0047.9+2233,fsrq
70,J0049.4-5402,"[2.1866331100463867, 2.0520005226135254, 1.814456820487976, 11.34560489654541, -31.856143070634218, -31.518138005904206, -28.682863433051182, -31.609733883596775, -24.159086245766044, 0.14205175638198853, 0.2058282196521759, 1.8548208475112915, 12.799026489257812, -0.6625872383010072, -0.44667104920362455, -0.5407286032833007, -0.5418448172094316, -0.6154287298680059, -0.9999877697407938]",[1],J0049.4-5401,bcu,J0049.4-5402,bcu,bcu,J0049.4-5402,bll,J0049.4-5402,bll
71,J0049.5-4150,"[1.9923889636993408, 1.9327539205551147, 1.7455544471740723, 4.209863662719727, -33.802848580424865, -33.60322474635009, -28.85586281464864, -33.65801884988793, -24.33884725369184, 0.05578650161623955, 0.0, 0.5748642683029175, 5.626362323760986, -0.999740632235003, 0.9910530106816415, -0.6032889580998243, -0.5553319908591362, -0.14382001127802896, -0.6921032052863757]",[1],J0049.4-4149,bcu,J0049.5-4150,bcu,bcu,J0049.5-4150,bcu,J0049.5-4150,bcu
72,J0049.6-4500,"[2.6326446533203125, 2.5826871395111084, 2.3408613204956055, 9.283709526062012, -30.244388278972806, -30.027525705367697, -28.66241763722379, -30.066048714809394, -24.439069432054904, 0.060025595128536224, 0.08008717000484467, 0.6132423877716064, 7.367239475250244, -0.008639023112513411, -0.7124845772812081, -0.7338761480724255, -0.7318232117872646, -0.9999998260762007, 0.7629124795731823]",[1],J0050.0-4458,bcu,J0049.6-4500,bcu,fsrq,J0049.6-4500,fsrq,J0049.6-4500,fsrq
73,J0049.7+0237,"[2.2106740474700928, 2.1641383171081543, 2.019664764404297, 115.45196533203125, -30.376480302138596, -30.14299789846945, -28.062639353914097, -30.215076922815058, -23.457666910885447, 0.057245392352342606, 0.41586488485336304, 2.5329184532165527, 36.93881607055664, 0.5360875748096349, -0.5340578761229899, -0.6126929860247178, -0.5443379608475247, -0.7747478892480507, -0.6797901556103522]",[1],J0049.7+0237,bll,J0049.7+0237,bll,bll,J0049.7+0237,bll,J0049.7+0237,bll
74,J0050.0-5736,"[2.616628646850586, 2.611555576324463, 2.6008520126342773, 65.85706329345703, -29.824565654206946, -29.666296150881212, -28.403495004451596, -29.757709397998063, -24.093209151210363, 0.008495748043060303, 0.5070788860321045, 0.23702959716320038, 19.607419967651367, -0.2407809172399174, -0.6602894227391998, -0.7847611536647856, -0.679759144737016, -0.6974432656594794, -0.9999552491330091]",[1],J0049.8-5737,fsrq,J0050.0-5736,fsrq,fsrq,J0050.0-5736,fsrq,J0050.0-5736,fsrq
75,J0050.4-0452,"[2.378105640411377, 2.3358187675476074, 2.1616597175598145, 206.61996459960938, -29.97455240373378, -29.741420261289566, -28.106993059380933, -29.804714786340796, -23.54796324060228, 0.06921294331550598, 0.7796493172645569, 2.4598214626312256, 27.50169563293457, -0.24905515126449637, -0.5934253893831536, -0.6972302857826345, -0.5604920938113266, -0.8934882541988912, -0.6446963248171045]",[1],J0050.4-0449,fsrq,J0050.4-0452,fsrq,fsrq,J0050.4-0452,fsrq,J0050.4-0452,fsrq
76,J0050.7-0929,"[2.0163779258728027, 1.921019196510315, 1.8474414348602295, 157.92974853515625, -29.83616081711178, -29.655407159284593, -27.362526722270147, -29.7427281752383, -22.91047668700936, 0.06111099198460579, 0.30774903297424316, 5.024077415466309, 76.29878997802734, 0.01931466526813729, -0.36934128249151504, -0.5302910723210528, -0.4977445160342467, -0.5753576295306623, -0.6660754926942856]",[1],J0050.6-0929,BLL,J0050.7-0929,BLL,BLL,J0050.7-0929,BLL,J0050.7-0929,BLL
77,J0051.1-0648,"[2.350569248199463, 2.2325620651245117, 1.9588090181350708, 152.874267578125, -29.69706886311607, -29.405164373555895, -28.049454449138306, -29.481328096894334, -23.478071881490244, 0.148496612906456, 0.7654555439949036, 4.207913875579834, 24.39969253540039, 0.9991186626901901, -0.5543571119376111, -0.6325821545791258, -0.7196795647732988, -0.6707173882740304, -0.9993203031502156]",[1],J0051.0-0649,fsrq,J0051.1-0648,fsrq,fsrq,J0051.1-0648,fsrq,J0051.1-0648,fsrq
78,J0051.2-6242,"[1.7622628211975098, 1.5837515592575073, 1.4653750658035278, 164.28955078125, -31.999008045944883, -31.77420896855131, -27.603624232095033, -31.86251604535261, -23.3815776940068, 0.09435062110424042, 0.5325739979743958, 5.158425807952881, 57.27042770385742, 0.9748267669767159, 0.26484630796968717, -0.326587824693071, -0.30342042546733405, -0.43736788252780506, -0.46561668156473024]",[1],J0051.2-6241,bcu,J0051.2-6242,bll,bll,J0051.2-6242,bll,J0051.2-6242,bll
79,J0054.7-2455,"[1.7745269536972046, 1.683218002319336, 1.5203591585159302, 16.972061157226562, -32.92804963857566, -32.61661734762691, -27.957890258242333, -32.70973387287558, -23.726561503129933, 0.07679501920938492, 0.18397311866283417, 2.6471149921417236, 28.226276397705078, -0.6910903478712146, -0.4160895086651345, -0.39595454619809956, -0.34693789030342886, -0.3851675016908803, -0.4727675204809736]",[1],J0054.8-2455,bll,J0054.7-2455,bll,bll,J0054.7-2455,bll,J0054.7-2455,bll
80,J0055.1-1219,"[2.3250038623809814, 2.2551605701446533, 1.9136180877685547, 94.57510375976562, -30.72320144685485, -30.41982429439148, -28.42907419305921, -30.47122496845707, -23.9021486818239, 0.1317995935678482, 0.8922697901725769, 2.5344154834747314, 15.10350227355957, 0.9970299074293028, -0.45326256914710866, -0.6122389294471466, -0.6755354941749494, -0.8519519672759001, -0.9999781600140408]",[1],J0055.2-1213,bcu,J0055.1-1219,bcu,bcu,J0055.1-1219,bcu,J0055.1-1219,bcu
81,J0056.3-0935,"[1.8729496002197266, 1.8635517358779907, 1.8311686515808105, 22.671005249023438, -32.70913453922201, -32.50973919364108, -28.015491921458306, -32.627377279502646, -23.649209489316505, 0.006912173703312874, 0.27817320823669434, 0.2489391714334488, 24.073341369628906, -0.8485263922464797, -0.2979599771917133, -0.5259707471899926, -0.40980542006813453, -0.5773341313046979, -0.03781686745896875]",[1],J0056.3-0935,bll,J0056.3-0935,bll,bll,J0056.3-0935,bll,J0056.3-0935,bll
82,J0056.4-2118,"[1.9121007919311523, 1.7324186563491821, 1.4902697801589966, 25.11961555480957, -31.57622361915176, -31.29703413388698, -27.991388058606322, -31.36804184710423, -23.531635371378332, 0.12346265465021133, 0.26254743337631226, 4.137301445007324, 29.5387020111084, 0.9944456580038077, -0.1345681681584719, -0.42372058276432617, -0.33667730851885214, -0.5417760653385585, -0.8870890247667556]",[1],J0056.3-2116,bll,J0056.4-2118,bll,bll,J0056.4-2118,bll,J0056.4-2118,bll
83,J0058.0-0539,"[2.4572598934173584, 2.4435415267944336, 2.3746073246002197, 55.397003173828125, -30.192008185781518, -30.022941708358356, -28.24273857621643, -30.08722315824411, -23.813803946569166, 0.025534050539135933, 0.5359497666358948, 0.656581461429596, 13.591805458068848, -0.11108012615684397, -0.6393052799873633, -0.7208146124840815, -0.5292826522330936, -0.9999999975420402, 0.9999999087147555]",[1],J0057.9-0542,fsrq,J0058.0-0539,fsrq,fsrq,J0058.0-0539,fsrq,J0058.0-0539,fsrq
84,J0058.0-3233,"[2.108067274093628, 1.9158047437667847, 1.6751126050949097, 66.11323547363281, -30.4460555181393, -30.16693897166, -27.990994980261636, -30.243289699576323, -23.40242850409317, 0.14846758544445038, 0.34064048528671265, 5.455936431884766, 39.9495735168457, 0.225665283211973, -0.41338165037582436, -0.4954017912146606, -0.5810110928625534, -0.6679111244321669, -0.9235099664911651]",[1],J0058.0-3233,bll,J0058.0-3233,bll,bll,J0058.0-3233,bll,J0058.0-3233,bll
85,J0058.4+3315,"[2.343221664428711, 2.301743268966675, 2.0935285091400146, 79.38579559326172, -31.399272100124687, -31.168113209621605, -28.512508776896176, -31.23247308213772, -24.10569796210647, 0.032184697687625885, 1.3434003591537476, 0.3537624776363373, 8.211487770080566, -0.41158846387663456, -0.8271956094736653, -0.4391239855774942, -0.5965593701864689, -0.7137037763705705, -0.9999679371097662]",[1],J0058.3+3315,fsrq,J0058.4+3315,fsrq,fsrq,J0058.4+3315,fsrq,J0058.4+3315,fsrq
86,J0059.2+0006,"[2.376387357711792, 2.3754966259002686, 2.2808282375335693, 11.865838050842285, -31.63418705661357, -31.491334749921233, -28.40374292308672, -31.543039310828796, -24.121989117940597, 0.00013636999938171357, 0.3058300018310547, 0.02078179642558098, 6.244401454925537, -0.9994296097318661, 0.9848718852700055, -0.7809349574489536, -0.444289254976836, -0.5239289140774009, -0.9999651980545838]",[1],J0059.6+0003,fsrq,J0059.2+0006,fsrq,fsrq,J0059.2+0006,fsrq,J0059.2+0006,fsrq
87,J0059.3-0152,"[1.805440068244934, 1.643099069595337, 1.3981252908706665, 8.876599311828613, -34.058162773452, -33.64865567135807, -28.43525904443131, -33.76470103718803, -24.00589871610866, 0.1258309930562973, 0.0, 1.430849552154541, 10.346473693847656, 0.9783837092211961, -0.41224281017779335, -0.8531679147648695, 0.39441830725667376, -0.4770151332158559, -0.5763936669802996]",[1],J0059.2-0152,bll,J0059.3-0152,bll,bll,J0059.3-0152,bll,J0059.3-0152,bll
88,J0100.3+0745,"[1.909800410270691, 1.6839302778244019, 1.40883469581604, 42.31317901611328, -31.296262909615855, -30.978080377434118, -27.7192512122586, -31.061695238511728, -23.24714178316015, 0.15141016244888306, 0.28066349029541016, 5.587425231933594, 40.044010162353516, 0.9965142770303601, -0.11100360598052816, -0.328031332036933, -0.38985924957168006, -0.5565194965117471, -0.8459309289120676]",[1],J0100.2+0745,bll,J0100.3+0745,bll,bll,J0100.3+0745,bll,J0100.3+0745,bll
89,J0101.1-6422,"[2.1639647483825684, 1.8125057220458984, 0.9735407829284668, 6.243208885192871, -30.210605569040794, -29.713495214989056, -28.363494776647425, -29.789543620544446, -23.319911093689203, 0.40240517258644104, 0.0, 13.936768531799316, 55.725807189941406, 0.9970002692044736, -0.24237699124029294, -0.4366837996170456, -0.7369318965188029, -0.8959092348456635, -0.9998718064517995]",[0],J0101.0-6422,PSR,J0101.1-6422,PSR,PSR,J0101.1-6422,MSP,J0101.1-6422,MSP
90,J0102.4+4214,"[2.679718255996704, 2.6228461265563965, 2.2264699935913086, 136.2788543701172, -28.930066439041948, -28.55662434329779, -28.30842759902927, -28.563613194604137, -23.98356470576869, 0.15485987067222595, 0.861770749092102, 2.5708987712860107, 15.736738204956055, 0.8848052735652211, -0.6788035445552688, -0.8253824954659108, -0.7752720433566691, -0.7346705932018377, -0.9989135257549322]",[1],J0102.3+4217,fsrq,J0102.4+4214,fsrq,fsrq,J0102.4+4214,fsrq,J0102.4+4214,fsrq
91,J0102.8+5824,"[2.291783332824707, 2.218036413192749, 2.138946056365967, 1330.4490966796875, -29.454509576166195, -29.262166807837183, -27.279516505101135, -29.347405372275915, -22.864765430646884, 0.06508300453424454, 0.9102705121040344, 4.6382951736450195, 60.84796142578125, -0.11749018490336346, -0.483605233355766, -0.630522858025794, -0.6387371926731581, -0.6701760076217166, -0.7549948318403599]",[1],J0102.8+5825,fsrq,J0102.8+5824,fsrq,fsrq,J0102.8+5824,fsrq,J0102.8+5824,fsrq
92,J0102.8+4839,"[2.1854031085968018, 2.001575469970703, 1.3793259859085083, 6.543138027191162, -30.75562744552313, -30.366524353754034, -27.825798218807787, -30.375935026384504, -23.10267977775865, 0.26372575759887695, 0.0, 9.398269653320312, 39.292762756347656, 0.9847420226037434, -0.2744655797942227, -0.4540481320728813, -0.5916245038438182, -0.8682484679403539, -0.9999650557603553]",[0],J0102.8+4840,PSR,J0102.8+4839,PSR,PSR,J0102.8+4839,MSP,J0102.8+4839,MSP
93,J0103.5+5337,"[1.7933552265167236, 1.6273760795593262, 1.5665992498397827, 33.12952423095703, -33.189599685557006, -32.89019350471151, -28.023948885569094, -33.03854878393191, -23.599529737592004, 0.11335299909114838, 0.45923495292663574, 3.0012271404266357, 20.47719955444336, -0.9999999998104152, 0.9999999976111574, 0.386343663861338, -0.37747293750168737, -0.449128037574146, -0.4087420608136472]",[1],J0103.4+5336,bll,J0103.5+5337,bll,bll,J0103.5+5337,bll,J0103.5+5337,bll
94,J0103.8+1321,"[2.0816712379455566, 1.9321544170379639, 1.7116620540618896, 36.14238357543945, -32.59395731652071, -32.29186284152439, -28.531167123646664, -32.37399423714789, -24.03091891732762, 0.10783163458108902, 0.8332263827323914, 1.0524616241455078, 9.394153594970703, -0.392718183484873, -0.3054375111135113, -0.5051553901854147, -0.38200417131885744, -0.666422759357812, -0.590630078894785]",[1],J0103.7+1323,bcu,J0103.8+1321,bll,bll,J0103.8+1321,bll,J0103.8+1321,bll
95,J0104.8-2416,"[2.591942310333252, 2.530437707901001, 2.326956272125244, 82.02611541748047, -29.31538659889779, -29.029506205155347, -28.486517113998094, -29.10545119642705, -24.02009306857603, 0.1020766943693161, 0.6737287044525146, 1.7485463619232178, 15.514583587646484, 0.7117975095465477, -0.5957853914024775, -0.7745387527997336, -0.8011829270760523, -0.6531192591918241, -0.9999795295303686]",[1],J0105.1-2415,fsrq,J0104.8-2416,fsrq,fsrq,J0104.8-2416,fsrq,J0104.8-2416,fsrq
96,J0105.1+3929,"[2.3041670322418213, 2.2339084148406982, 2.04396653175354, 80.30953216552734, -30.841800761137073, -30.585068507898455, -28.426049863431505, -30.6340471457935, -23.89063801062305, 0.08172605186700821, 0.7974271178245544, 1.7811938524246216, 16.354896545410156, 0.7913784004849306, -0.6907693398060678, -0.6008395565137368, -0.5796632859443682, -0.9031743201463339, -0.4415974529523681]",[1],J0105.3+3928,bll,J0105.1+3929,bll,bll,J0105.1+3929,bll,J0105.1+3929,bll
97,J0106.4+4855,"[2.1033341884613037, 1.758646011352539, 0.6886290907859802, 3.434551477432251, -30.90653163442017, -30.421628450173202, -27.88051260692944, -30.427484279249512, -22.920843236531724, 0.45942261815071106, 0.0, 15.574880599975586, 55.98268127441406, 0.8162909948804817, -0.12215149450488355, -0.33746781138508986, -0.5282133900254058, -0.9416932286614345, -0.9998346756466987]",[0],J0106.5+4855,PSR,J0106.4+4855,PSR,PSR,J0106.4+4855,PSR,J0106.4+4855,PSR
98,J0107.3-1210,"[2.288033962249756, 2.277585983276367, 2.0743820667266846, 18.342235565185547, -31.522514267807814, -31.262091273276862, -28.55589529593236, -31.229587461060913, -24.099150987434797, 0.08903498947620392, 0.487417608499527, 1.2027571201324463, 7.62141227722168, 0.37056191541014083, -0.48530593509065295, -0.7238833018333295, -0.533326829830912, -0.8438447428405651, -0.10408401612109636]",[1],J0107.0-1208,bcu,J0107.3-1210,bcu,bcu,J0107.3-1210,bll,J0107.3-1210,bll
99,J0108.1-0039,"[2.7438759803771973, 2.706559181213379, 2.430354595184326, 11.179421424865723, -29.64796412689386, -29.430013756892468, -28.10347005368329, -29.42222896373285, -24.08984328859926, 0.09156336635351181, 0.2600455582141876, 1.0945619344711304, 7.963834762573242, -0.5122856689783534, -0.6674518142612729, -0.7650369465210368, -0.6764577187708993, -0.9999592589644397, 0.03615194959606088]",[1],J0108.5-0035,fsrq,J0108.1-0039,fsrq,fsrq,J0108.1-0039,fsrq,J0108.1-0039,fsrq
100,J0108.6+0134,"[2.361858606338501, 2.284402370452881, 2.086047887802124, 6428.14453125, -27.87813288586231, -27.585762970156615, -27.1634448595012, -27.67058263420387, -22.497059660610788, 0.1017867773771286, 0.8217476010322571, 14.987161636352539, 167.52182006835938, -0.2110830940163614, -0.5554413075026955, -0.6868966644075355, -0.6893695825942509, -0.8256498381899291, -0.9575801316504992]",[1],J0108.7+0134,fsrq,J0108.6+0134,fsrq,fsrq,J0108.6+0134,fsrq,J0108.6+0134,fsrq
101,J0109.1+1815,"[2.1103553771972656, 2.048478603363037, 1.8859245777130127, 8.637887001037598, -31.495052262868956, -31.24863143775846, -28.21884429058009, -31.31472973123721, -23.693708374731777, 0.06207985803484917, 0.0, 1.723262071609497, 21.570751190185547, -0.45094379982866717, -0.5525545796137525, -0.4501215605753568, -0.5591754386973227, -0.5388764464977478, -0.9060302931646714]",[1],J0109.1+1816,bll,J0109.1+1815,bll,bll,J0109.1+1815,bll,J0109.1+1815,bll
102,J0109.7+6133,"[2.618321180343628, 2.564735174179077, 2.1561622619628906, 945.6830444335938, -29.0377716317144, -28.715346530926965, -27.1167277104251, -28.75106429288236, -23.029521450083866, 0.1581176221370697, 1.1028850078582764, 6.396691799163818, 34.744171142578125, -0.10456993046153948, -0.5503726768604892, -0.7438972274162771, -0.7948512744614278, -0.9279932278280394, -0.9999721786710047]",[1],J0109.8+6132,fsrq,J0109.7+6133,fsrq,fsrq,J0109.7+6133,fsrq,J0109.7+6133,fsrq
103,J0110.0-4019,"[1.8152498006820679, 1.695728063583374, 1.4754278659820557, 19.40618133544922, -33.896800957697906, -33.503120698145395, -28.676661080315373, -33.63715459686322, -24.309857955464064, 0.13271404802799225, 0.4993766248226166, 1.628898024559021, 9.365995407104492, -0.9999599981275766, 0.9977623540469309, -0.130536754414929, -0.45017202499458375, -0.7604611298662941, 0.279163721668622]",[1],J0109.9-4020,bll,J0110.0-4019,bll,bll,J0110.0-4019,bll,J0110.0-4019,bll
104,J0110.1+6805,"[1.9962714910507202, 1.9869623184204102, 1.9445855617523193, 12.878747940063477, -32.3824326946764, -32.22930170909553, -27.647914368030513, -32.31261119539637, -23.141831482626525, 0.00864874105900526, 0.08697853982448578, 0.5197084546089172, 40.94066619873047, 0.9960718993744263, -0.4883781795708869, -0.5933875735694091, -0.4631867391618005, -0.4768991399710598, -0.4733032151541049]",[1],J0110.2+6806,bll,J0110.1+6805,bll,bll,J0110.1+6805,bll,J0110.1+6805,bll
105,J0110.7-1254,"[2.030512571334839, 2.0392932891845703, 2.0736377239227295, 7.600905418395996, -32.99812537616327, -32.90175453263595, -28.541727716975732, -32.97367420271425, -24.040871787568406, -0.02202599309384823, 0.0, 0.48174354434013367, 9.238628387451172, 0.9999166599093289, 0.6203203672543792, -0.7011808500974744, -0.8140090348377328, 0.08456498316872216, -0.07912293744508704]",[1],J0110.9-1254,bll,J0110.7-1254,bll,bll,J0110.7-1254,bll,J0110.7-1254,bll
106,J0111.4+0534,"[1.9167759418487549, 1.8181016445159912, 1.4179084300994873, 14.583126068115234, -34.16643626486028, -33.79378277154748, -28.750269980498967, -33.722875138718926, -24.227885070269814, 0.13303282856941223, 0.0, 0.9129399061203003, 4.677108287811279, -0.9679181105863982, 0.9997180656274376, -0.7742266243323521, 0.06795612083732906, -0.7868838132618247, -0.21935874623021007]",[1],J0111.5+0535,bll,J0111.4+0534,bll,bll,J0111.4+0534,bll,J0111.4+0534,bll
107,J0112.1+2245,"[2.085399627685547, 2.0057313442230225, 1.929242730140686, 423.7963562011719, -29.126010145861507, -28.92862048222342, -27.145645985930866, -29.020573171249623, -22.64648356932034, 0.05708829686045647, 0.2982874810695648, 6.795066833496094, 126.49015808105469, -0.00993792683114314, -0.46288360565466213, -0.5502464041984357, -0.5372891124587279, -0.6233725999717321, -0.7468224258947819]",[1],J0112.1+2245,BLL,J0112.1+2245,BLL,BLL,J0112.1+2245,BLL,J0112.1+2245,BLL
108,J0112.8+3208,"[2.3405661582946777, 2.251579999923706, 2.158597469329834, 1040.777099609375, -28.474425663891186, -28.29448194525507, -27.76938646073814, -28.378787792139644, -23.165944603517843, 0.06694947183132172, 0.7578517198562622, 4.746511459350586, 67.61260223388672, -0.35261414043512995, -0.5624262114839531, -0.6583223960579119, -0.6602175485829274, -0.8218835833510824, -0.6802352922851951]",[1],J0112.8+3207,fsrq,J0112.8+3208,fsrq,fsrq,J0112.8+3208,fsrq,J0112.8+3208,fsrq
109,J0113.1-3553,"[2.4037652015686035, 2.335843563079834, 2.110955238342285, 161.09263610839844, -30.12827275938592, -29.8547601251, -28.552996949306706, -29.92143273170441, -23.97261970058727, 0.08932919800281525, 0.9551538228988647, 2.0463290214538574, 19.716493606567383, -0.24404685262710557, -0.5257108437870762, -0.6246663542484722, -0.785209340123503, -0.7577372651480311, -0.9999032047547669]",[1],J0113.0-3554,fsrq,J0113.1-3553,fsrq,fsrq,J0113.1-3553,fsrq,J0113.1-3553,fsrq
110,J0113.4+4948,"[2.219243288040161, 2.134458065032959, 2.046294689178467, 463.3968200683594, -30.161707789198516, -29.96273008515191, -27.72960570863655, -30.05226407066886, -23.29892040612167, 0.06875474005937576, 1.0099087953567505, 3.3021433353424072, 38.31344985961914, 0.9322012302030812, -0.4500927896656463, -0.605342169844639, -0.6090421441792865, -0.6197757538100033, -0.7466267713026848]",[1],J0113.4+4948,fsrq,J0113.4+4948,fsrq,fsrq,J0113.4+4948,fsrq,J0113.4+4948,fsrq
111,J0114.8+1326,"[2.106442928314209, 2.103670835494995, 2.0463342666625977, 48.33647918701172, -31.19738372565408, -31.034964364402622, -28.05670600725473, -31.118943081699936, -23.52543642044195, 0.0026303851045668125, 0.32016727328300476, 0.12447832524776459, 31.45138931274414, -0.4492745658644015, -0.5304317153839027, -0.6073871754483499, -0.4662775033062775, -0.6008873825569893, -0.5377938466530919]",[1],J0114.8+1326,bll,J0114.8+1326,bll,bll,J0114.8+1326,bll,J0114.8+1326,bll
112,J0115.6+0356,"[2.08382248878479, 2.011854887008667, 1.912583589553833, 17.95507049560547, -31.24902211128205, -30.972592347911327, -27.97139872276428, -31.07949928142454, -23.454890419008724, 0.0708392933011055, 0.1491912454366684, 2.418088436126709, 34.17598342895508, -0.62689992126294, -0.4012598113177548, -0.5372702095293641, -0.5163656118692033, -0.7183541926504805, -0.537317246427392]",[1],J0115.7+0356,bll,J0115.6+0356,bll,bll,J0115.6+0356,bll,J0115.6+0356,bll
113,J0115.8+2519,"[1.9178919792175293, 1.9170329570770264, 1.8484649658203125, 305.50701904296875, -32.06535568061599, -31.896416057294505, -27.714091097583175, -31.97872273772245, -23.32683965464396, 0.0008220425806939602, 0.8110101222991943, 0.05381137877702713, 42.778934478759766, -0.3144907619513064, -0.5773032879754345, -0.5350769665576288, -0.42644455685999305, -0.40152303469882655, -0.4552266841119587]",[1],J0115.8+2519,bll,J0115.8+2519,bll,bll,J0115.8+2519,bll,J0115.8+2519,bll
114,J0116.0-1136,"[2.3620805740356445, 2.3327956199645996, 2.2366514205932617, 298.3137512207031, -29.887148314141065, -29.643333389799086, -28.248777448451317, -29.74339509970857, -23.641107196113232, 0.057339150458574295, 1.0095077753067017, 2.002957582473755, 28.058382034301758, 0.027027924079147166, -0.5805497350357612, -0.709888900641181, -0.6046602071537078, -0.710858628854616, -0.9999208185201302]",[1],J0116.0-1134,fsrq,J0116.0-1136,fsrq,fsrq,J0116.0-1136,fsrq,J0116.0-1136,fsrq
115,J0116.0-2745,"[1.8867284059524536, 1.7253249883651733, 1.4546602964401245, 18.023263931274414, -34.19856599413556, -33.85606331650535, -28.622501283028484, -33.943741539152164, -24.089323623014973, 0.11928726732730865, 0.4481542110443115, 0.970427930355072, 8.409436225891113, -0.9997261626094869, 0.9967597517899242, -0.18854211795025605, -0.5543266675012404, -0.3851003681293311, -0.32428985765256546]",[1],J0116.2-2744,bcu,J0116.0-2745,bll,bll,J0116.0-2745,bll,J0116.0-2745,bll
116,J0116.2-6153,"[1.8745310306549072, 1.7990190982818604, 1.6325205564498901, 6.16070032119751, -33.46400279776229, -33.166136676442946, -28.604009523688998, -33.2717795820592, -24.200596843978985, 0.07999959588050842, 0.0, 1.6491751670837402, 14.694336891174316, -0.9692322035575665, 0.24501612038158915, -0.23593929201419453, -0.5590180169931852, -0.30185160532507244, -0.5773109816238762]",[1],J0116.3-6153,bll,J0116.2-6153,bll,bll,J0116.2-6153,bll,J0116.2-6153,bll
117,J0117.8-2109,"[2.376126766204834, 2.3323943614959717, 2.0224225521087646, 139.06033325195312, -30.93902945938426, -30.682843890121983, -27.899590522866966, -30.71742333856881, -23.574219680415354, 0.11489914357662201, 0.9187062978744507, 2.635249614715576, 18.154680252075195, 0.9992806905911481, -0.3714488098353978, -0.6703329404018963, -0.684763349835649, -0.6905391510109884, -0.9992876048552207]",[1],J0117.8-2113,fsrq,J0117.8-2109,fsrq,fsrq,J0117.8-2109,fsrq,J0117.8-2109,fsrq
118,J0118.9-2141,"[2.2597250938415527, 2.2505295276641846, 2.0275723934173584, 206.09793090820312, -30.05923263433924, -29.835329705803172, -27.511932738007356, -29.856335194225597, -23.051520145208862, 0.09011996537446976, 0.4032788872718811, 6.808045387268066, 58.24102020263672, -0.15994381838927793, -0.5698743093376687, -0.6489591454721603, -0.5822019794907073, -0.7566203074799351, -0.7784812395902067]",[1],J0118.8-2142,fsrq,J0118.9-2141,fsrq,fsrq,J0118.9-2141,fsrq,J0118.9-2141,fsrq
119,J0119.0-1458,"[1.8034193515777588, 1.6502171754837036, 1.3696916103363037, 13.55920696258545, -33.52054543962563, -33.13361049911772, -28.336887720464556, -33.218997467300724, -24.003064357539635, 0.12012212723493576, 0.2656724154949188, 1.887164831161499, 14.660076141357422, 0.9989771777727199, -0.6623875908494982, -0.4647346337818782, -0.26616658642908997, -0.4324263340526474, -0.5872599294203011]",[1],J0118.9-1457,bll,J0119.0-1458,bll,bll,J0119.0-1458,bll,J0119.0-1458,bll
120,J0120.4-2701,"[1.9086518287658691, 1.8161957263946533, 1.761439323425293, 35.94491958618164, -30.407192493080903, -30.239601645337345, -27.350831889238815, -30.322117756354608, -23.01637083657101, 0.05214462801814079, 0.13823336362838745, 4.262640476226807, 78.0519027709961, 0.9997016762950518, -0.3920305398449816, -0.4691317128454744, -0.41335163732741603, -0.5732810818680837, -0.4468105415119658]",[1],J0120.4-2700,bll,J0120.4-2701,bll,bll,J0120.4-2701,bll,J0120.4-2701,bll
121,J0121.7+5153,"[1.7184392213821411, 1.6834896802902222, 1.3274857997894287, 8.211480140686035, -35.44516740904514, -35.04456636361051, -28.53370140673814, -35.12007033741572, -24.039902158375813, 0.12606148421764374, 0.0, 1.4586306810379028, 5.82907247543335, -0.9999695561856103, -0.9708813833327053, 0.999886128057954, -0.11114396691622297, -0.7204471376208775, 0.010058034760326011]",[1],J0121.7+5154,bcu,J0121.7+5153,bcu,bcu,J0121.7+5153,bcu,J0121.7+5153,bcu
122,J0123.7-2311,"[1.8648755550384521, 1.8391187191009521, 1.807107925415039, 17.656965255737305, -32.95844123752508, -32.74715792768813, -28.177058282289313, -32.870615011140714, -23.806643038100706, 0.02402120642364025, 0.28822061419487, 0.7726202607154846, 20.668561935424805, -0.9999999996375922, 0.9999999939569558, -0.443199572367432, -0.4576102038297642, -0.5081361721317809, -0.20806089741996223]",[1],J0123.7-2312,bll,J0123.7-2311,bll,bll,J0123.7-2311,bll,J0123.7-2311,bll
123,J0124.8-0625,"[2.214381217956543, 2.188699722290039, 1.8788679838180542, 45.94450378417969, -31.75220387111463, -31.425613493397087, -28.54723522874528, -31.479158819355575, -24.045295399661082, 0.061237916350364685, 1.009997010231018, 0.7315852642059326, 9.165654182434082, -0.7611252546793486, -0.6437405486970557, -0.6061822261760116, -0.5842843037969269, -0.5034779180067366, -0.9003838053544736]",[1],J0125.2-0627,bll,J0124.8-0625,bll,bll,J0124.8-0625,bll,J0124.8-0625,bll
124,J0125.3-2548,"[2.2236876487731934, 2.1439061164855957, 1.8458091020584106, 25.220428466796875, -31.092598550102558, -30.829880048026336, -28.467992869043222, -30.853677287828088, -23.895111873935925, 0.0835941731929779, 0.3172670304775238, 1.8327734470367432, 20.0859432220459, 0.9876561881660415, -0.5481218864634406, -0.5198568678072972, -0.56517623893039, -0.7869225464207844, -0.9998464770372297]",[1],J0125.4-2548,bll,J0125.3-2548,bll,bll,J0125.3-2548,bll,J0125.3-2548,bll
125,J0126.0-2221,"[2.5871994495391846, 2.5399935245513916, 2.2618610858917236, 114.90328216552734, -29.71178322405271, -29.437775926038892, -28.369486513798602, -29.471621762269432, -24.033050991790642, 0.11251696944236755, 0.9751561284065247, 2.0138323307037354, 13.675260543823242, 0.9810046415534273, -0.680252279145014, -0.6939964765286745, -0.8779985992803429, -0.5384305116228737, -0.9997078332979209]",[1],J0126.1-2227,fsrq,J0126.0-2221,fsrq,fsrq,J0126.0-2221,fsrq,J0126.0-2221,fsrq
126,J0127.2-0819,"[2.1785197257995605, 2.1026697158813477, 1.8788347244262695, 9.080568313598633, -31.093226702563367, -30.80766767074733, -28.24324480800642, -30.87891868603922, -23.685251297091657, 0.09780674427747726, 0.0, 2.6156551837921143, 23.42159652709961, 0.9999855535763044, -0.5061522262934954, -0.5702636258618816, -0.5976168270159464, -0.6485334468675163, -0.9996208769757186]",[1],J0127.1-0818,bll,J0127.2-0819,bll,bll,J0127.2-0819,bll,J0127.2-0819,bll
127,J0127.2+0324,"[1.9667717218399048, 1.9070411920547485, 1.788252353668213, 76.42093658447266, -32.4474222649387, -32.185612434873526, -28.256531745660396, -32.29124145010781, -23.813853535874365, 0.04995390772819519, 0.7814567685127258, 1.1639739274978638, 17.45924949645996, -0.6784723800900507, -0.13294675832869002, -0.5366630925727272, -0.3875487129981649, -0.46997488643073326, -0.5923223477017088]",[1],J0127.2+0325,bcu,J0127.2+0324,bll,bll,J0127.2+0324,bll,J0127.2+0324,bll
128,J0128.5+4440,"[2.13175892829895, 2.0139834880828857, 1.268286108970642, 27.00817108154297, -32.733566586695325, -32.29391291965705, -28.62422611612577, -32.268964774921635, -24.141733762053825, 0.2930569052696228, 0.8894869089126587, 2.4956560134887695, 5.710281848907471, -0.999882620698676, 0.9998444662133626, -0.5154992623376827, -0.5285439205088508, -0.5873175175768117, -0.9996845897483857]",[1],J0128.5+4430,fsrq,J0128.5+4440,fsrq,fsrq,J0128.5+4440,fsrq,J0128.5+4440,fsrq
129,J0129.8+1440,"[2.7014963626861572, 2.6211981773376465, 2.22880482673645, 16.56884002685547, -28.69204404306361, -28.34089042831233, -28.335161600739553, -28.399105697580403, -24.00406293925302, 0.16496366262435913, 0.263976514339447, 2.1527750492095947, 11.580370903015137, 0.5580894817975124, -0.6490245413321792, -0.8539837411867822, -0.7183324579947322, -0.9999809102327522, 0.9996829505808079]",[1],J0130.8+1441,fsrq,J0129.8+1440,fsrq,fsrq,J0129.8+1440,fsrq,J0129.8+1440,fsrq
130,J0131.1+6120,"[1.789304494857788, 1.6605896949768066, 1.5686752796173096, 73.83478546142578, -32.880776479955536, -32.639950096326444, -27.60089165967183, -32.75195001353579, -23.1644815469832, 0.07965778559446335, 0.5051704049110413, 3.428420305252075, 35.33528518676758, -0.9976098983572902, 0.9752578622447639, -0.29402170727116367, -0.3396056562581823, -0.40700451022467865, -0.36562755493115506]",[1],J0131.2+6120,bll,J0131.1+6120,bll,bll,J0131.1+6120,bll,J0131.1+6120,bll
131,J0131.2+5547,"[2.1453208923339844, 2.131239414215088, 2.0507519245147705, 2.8800625801086426, -32.227813441899464, -32.05734886876825, -28.100982856475486, -32.145061703599644, -23.63367410336654, 0.016724053770303726, 0.0, 0.4185442626476288, 13.47280502319336, 0.8695168458486742, -0.28544140305108284, -0.6431778167553844, -0.551055222563267, -0.5596206248283728, -0.5345763764537333]",[1],J0131.3+5548,bcu,J0131.2+5547,bcu,bcu,J0131.2+5547,bcu,J0131.2+5547,bcu
132,J0132.7-1654,"[2.343470811843872, 2.2689766883850098, 2.1857070922851562, 259.03497314453125, -28.538021193183873, -28.351846748762696, -27.886387495124612, -28.439236056854966, -23.280113959535772, 0.060738638043403625, 0.4307577610015869, 4.08329963684082, 60.92977523803711, 0.04819761579349824, -0.5751304244524993, -0.6724558749574405, -0.6592288685216707, -0.6930030704097222, -0.9999405373903115]",[1],J0132.6-1655,fsrq,J0132.7-1654,fsrq,fsrq,J0132.7-1654,fsrq,J0132.7-1654,fsrq
133,J0132.7-0804,"[1.8770196437835693, 1.7628053426742554, 1.4969358444213867, 5.5396552085876465, -33.37165057135156, -32.97811092324633, -28.480840315147365, -33.10954822954846, -24.066387664830476, 0.14686018228530884, 0.0, 1.8265410661697388, 8.921194076538086, -0.9998864159491391, 0.9995600049749133, -0.05367696146016444, -0.4871103103825172, -0.5833048896632316, -0.49844634254252446]",[1],J0132.5-0802,bcu,J0132.7-0804,bcu,bcu,J0132.7-0804,fsrq,J0132.7-0804,fsrq
134,J0132.8-4413,"[2.2652907371520996, 2.3225743770599365, 2.2987637519836426, 5.786056995391846, -31.465801520915587, -31.392129563749595, -28.67188214355536, -31.454063775934667, -24.143646600368843, -0.054190438240766525, 0.0, 1.4445757865905762, 14.471884727478027, -0.3283637256771512, -0.7253380549476018, -0.4888009113213485, -0.6194069966143783, -0.7689296558097687, 0.26321964584324675]",[1],J0133.0-4413,bll,J0132.8-4413,bll,bll,J0132.8-4413,bll,J0132.8-4413,bll
135,J0132.8+4324,"[2.3372795581817627, 2.310863733291626, 1.7514369487762451, 14.366646766662598, -31.334306035055974, -30.87480810814137, -28.495564898002026, -30.78485424091018, -24.082877244542335, 0.249287948012352, 0.3852185904979706, 2.2705795764923096, 7.7727556228637695, -0.8153450805259094, 0.37415546540199723, -0.7144330221263545, -0.7565934513638645, -0.7401919330741802, -0.28459631842708133]",[1],J0133.3+4324,bcu,J0132.8+4324,bcu,bcu,J0132.8+4324,bcu,J0132.8+4324,bcu
136,J0133.1-5201,"[2.3234989643096924, 2.2267684936523438, 2.092447280883789, 1417.0411376953125, -29.06924151052904, -28.862638544069124, -28.011167808829434, -28.94216597055768, -23.437011035922474, 0.08143022656440735, 1.2400141954421997, 4.62230110168457, 54.93517303466797, -0.09552692778611105, -0.5358604008405865, -0.6734437703316924, -0.634022727981783, -0.7243137393199497, -0.999912314528896]",[1],J0133.2-5159,bcu,J0133.1-5201,bcu,fsrq,J0133.1-5201,fsrq,J0133.1-5201,fsrq
137,J0134.3-3842,"[2.48976993560791, 2.4290225505828857, 2.179835557937622, 33.86578369140625, -30.62865948807383, -30.341508607287153, -28.776823399016475, -30.418663759278605, -24.388018495640832, 0.10308852046728134, 0.84076988697052, 1.1016690731048584, 7.4411163330078125, -0.23709220283564475, -0.3492790172074262, -0.7270941668448125, -0.6674399654518093, -0.9997208945068192, -0.9998679381026551]",[1],J0134.3-3842,fsrq,J0134.3-3842,fsrq,fsrq,J0134.3-3842,fsrq,J0134.3-3842,fsrq
138,J0134.5+2637,"[1.9873418807983398, 1.9531784057617188, 1.8461366891860962, 10.868562698364258, -32.28390959599661, -32.08319166938469, -28.039961109099337, -32.16155481138767, -23.573957956487583, 0.025712603703141212, 0.09042823314666748, 0.795403242111206, 25.410127639770508, -0.09569859806476101, -0.7109487460882232, -0.6204151804631046, -0.24645400302026724, -0.6005102503335279, -0.5730754000078218]",[1],J0134.5+2638,bcu,J0134.5+2637,fsrq,fsrq,J0134.5+2637,fsrq,J0134.5+2637,bll
139,J0136.5+3906,"[1.7168687582015991, 1.5612808465957642, 1.4466975927352905, 61.22666931152344, -31.315245507414737, -31.076690123119057, -27.10639669778038, -31.16834856129556, -22.910436190615066, 0.0819578468799591, 0.18550965189933777, 6.9588942527771, 91.8019790649414, 0.9994055633866253, -0.21173319237051844, -0.3717935581935115, -0.2709484455477845, -0.3530749711129183, -0.5707808777757281]",[1],J0136.5+3905,bll,J0136.5+3906,bll,bll,J0136.5+3906,bll,J0136.5+3906,bll
140,J0137.0+4751,"[2.301518440246582, 2.196227550506592, 2.0231382846832275, 1410.4808349609375, -29.102136135257016, -28.86408521668221, -27.58910665575262, -28.938463769514943, -23.037212287469703, 0.09871235489845276, 0.8114760518074036, 7.403926849365234, 72.21263885498047, -0.19704487234275528, -0.5128824734928582, -0.6458013250546507, -0.6239857397995563, -0.7846841238271242, -0.8589976794799685]",[1],J0137.0+4752,fsrq,J0137.0+4751,fsrq,fsrq,J0137.0+4751,fsrq,J0137.0+4751,fsrq
141,J0137.6-2430,"[2.5362229347229004, 2.406271457672119, 2.2278575897216797, 343.5787353515625, -28.114762278610176, -27.886785980326174, -28.258160525223545, -27.96923441949903, -23.649317304479226, 0.11585766822099686, 0.6449416875839233, 4.16737174987793, 40.10943603515625, -0.16988009714655736, -0.599854254772609, -0.7294788337171296, -0.7832784995539487, -0.8375082285547958, -0.9999438747291528]",[1],J0137.6-2430,fsrq,J0137.6-2430,fsrq,fsrq,J0137.6-2430,fsrq,J0137.6-2430,fsrq
142,J0137.9+5814,"[1.9511427879333496, 1.93569016456604, 1.904485821723938, 37.428279876708984, -32.57026511314441, -32.3849175162727, -27.79233510457325, -32.50054466629363, -23.309558366484694, 0.015076106414198875, 0.2936309576034546, 0.7472567558288574, 32.92312240600586, -0.759943853627102, -0.3234684493141771, -0.5240056871048863, -0.45376797613971237, -0.5003381478289679, -0.3798319539778539]",[1],J0137.8+5813,bcu,J0137.9+5814,bll,bll,J0137.9+5814,bll,J0137.9+5814,bll
143,J0140.6+8736,"[2.064333438873291, 1.9670803546905518, 1.7974416017532349, 28.880247116088867, -33.289224274114666, -32.93594366043916, -28.552723027965662, -33.070883141731294, -24.05380444472921, 0.1206694170832634, 0.7430822849273682, 1.3815144300460815, 6.978132724761963, 0.9737066702087794, -0.43065367072307903, -0.4212312498727527, -0.43848774145551334, -0.7107759504906894, -0.27006740984945377]",[1],J0139.9+8735,bcu,J0140.6+8736,bcu,bcu,J0140.6+8736,bcu,J0140.6+8736,bcu
144,J0141.4-0928,"[2.1544606685638428, 2.086930274963379, 2.0509514808654785, 256.4931640625, -29.41735958047881, -29.254703091139557, -27.68531157322052, -29.352592925341863, -23.1726882113596, 0.047848623245954514, 0.5012609958648682, 2.993245840072632, 58.082462310791016, -0.07866757776543642, -0.4629619501490483, -0.594827689700855, -0.5752829769505348, -0.6524446429065076, -0.5667925423148813]",[1],J0141.4-0929,bll,J0141.4-0928,bll,bll,J0141.4-0928,bll,J0141.4-0928,bll
145,J0143.7-5846,"[1.832160234451294, 1.779905080795288, 1.6892508268356323, 53.10956954956055, -32.398695660172024, -32.14611976787107, -27.948418508558362, -32.259656936255055, -23.690607298780176, 0.044526804238557816, 0.3223605155944824, 2.2643704414367676, 41.229957580566406, 0.9995538387019763, -0.31808949914300033, -0.4229715460993454, -0.4425475503091512, -0.4929310606097638, -0.2845772884426428]",[1],J0143.7-5845,bll,J0143.7-5846,bll,bll,J0143.7-5846,bll,J0143.7-5846,bll
146,J0144.6+2705,"[2.1363768577575684, 2.03289794921875, 1.914925217628479, 263.3277587890625, -29.224759808531868, -28.991696521624867, -27.35618593529095, -29.08648023658034, -22.7741184148423, 0.08398512005805969, 0.269248902797699, 8.442632675170898, 100.82378387451172, 0.028056487443005124, -0.4372712921935657, -0.5715055888860323, -0.5563076000086762, -0.7132480996070173, -0.7407036900491618]",[1],J0144.6+2705,bll,J0144.6+2705,bll,bll,J0144.6+2705,bll,J0144.6+2705,bll
147,J0145.0-2732,"[2.6034374237060547, 2.480112314224243, 2.3249783515930176, 810.14208984375, -27.806502969369106, -27.61078665249262, -28.36741610149998, -27.68835592988237, -23.81273471288772, 0.09678340703248978, 1.377663493156433, 2.851121187210083, 29.118677139282227, -0.3754423099000108, -0.6452728007026163, -0.7416832592845409, -0.8311325663435843, -0.9080079803255633, -0.9606771980066385]",[1],J0145.1-2732,fsrq,J0145.0-2732,fsrq,fsrq,J0145.0-2732,fsrq,J0145.0-2732,fsrq
148,J0146.0-6746,"[2.0624899864196777, 1.954129934310913, 1.868424654006958, 45.188411712646484, -32.23579752668414, -31.924611376163757, -28.581400587935477, -32.06125729042321, -24.081067417848207, 0.1182517483830452, 0.6222771406173706, 2.464776039123535, 17.6165828704834, 0.41802596567959477, -0.20367154523663802, -0.4236788770560213, -0.5319602308820258, -0.7435172504883727, -0.5297200261154675]",[1],J0146.4-6746,bcu,J0146.0-6746,bcu,bcu,J0146.0-6746,bll,J0146.0-6746,bll
149,J0146.9-5202,"[2.0812442302703857, 1.9584920406341553, 1.7125178575515747, 7.686557292938232, -32.38797277701003, -32.08379493071492, -28.613797542987488, -32.16405849622091, -24.108304405348207, 0.11423272639513016, 0.0, 1.8833811283111572, 13.246061325073242, -0.8595442735424533, 0.17972080035691845, -0.5468423529724858, -0.4944477103903469, -0.4811601820574468, -0.998602553619628]",[1],J0147.0-5204,bcu,J0146.9-5202,bll,bll,J0146.9-5202,bll,J0146.9-5202,bll
150,J0148.2+5201,"[1.8087139129638672, 1.71052885055542, 1.5364925861358643, 14.003316879272461, -33.49358106110829, -33.16563522678367, -28.12925843749034, -33.26499688289111, -23.74561214918829, 0.09997165203094482, 0.18382304906845093, 2.7910213470458984, 20.312847137451172, -0.9997446333008422, 0.9999952441396796, -0.1607381325721654, -0.44287365425923453, -0.4222862899889959, -0.3401740393581186]",[1],J0148.3+5200,bcu,J0148.2+5201,bll,bll,J0148.2+5201,bll,J0148.2+5201,bll
151,J0148.6+0127,"[2.3056561946868896, 2.348940372467041, 2.3227200508117676, 17.213483810424805, -31.673260807297126, -31.644367048435644, -28.396488021518977, -31.65151342466329, -24.01092663990922, -0.057713013142347336, 0.38353291153907776, 1.375108003616333, 10.237226486206055, 0.9837349781403147, -0.7634039067768084, -0.6694756663590548, -0.5281189286367831, -0.4005447025566082, -0.9992979326265085]",[1],J0148.6+0128,bll,J0148.6+0127,bll,bll,J0148.6+0127,bll,J0148.6+0127,bll
152,J0150.6-5448,"[1.9805043935775757, 1.6103100776672363, 1.499596118927002, 6.143613815307617, -33.647429395856754, -33.229258545257856, -28.91831461623859, -33.38977684147051, -24.419576621569036, 0.2434837371110916, 0.0, 1.2811100482940674, 7.01322078704834, -0.2896707560040752, -0.8386705628973238, -0.49977837473992226, -0.2035996790545898, -0.7447913413469762, -0.1313333791567661]",[1],J0150.5-5447,bcu,J0150.6-5448,bcu,bcu,J0150.6-5448,bcu,J0150.6-5448,bcu
153,J0151.0+0539,"[2.3057007789611816, 2.359365940093994, 2.3368825912475586, 6.653187274932861, -32.04149917725024, -32.0489567920587, -28.42760221486558, -32.020739056258726, -24.118148909150943, -0.07373259216547012, 0.0, 1.52772057056427, 7.612842559814453, 0.9980023515367829, -0.8680333670560638, -0.7329747261145146, -0.2872803140862795, -0.41648806729836846, -0.9999983930779826]",[1],J0151.0+0537,bcu,J0151.0+0539,bcu,bcu,J0151.0+0539,bcu,J0151.0+0539,bcu
154,J0151.3+8601,"[2.294344425201416, 2.2823729515075684, 2.279578447341919, 21.551471710205078, -31.69526972938645, -31.520445342829188, -28.40701599284556, -31.644273692194346, -24.005989040235974, 0.01229919120669365, 0.37613141536712646, 0.24001507461071014, 14.243463516235352, -0.7192732634997335, -0.544804038202743, -0.7202300443608592, -0.542420714424732, -0.7260556241835984, -0.388061850755874]",[1],J0145.6+8600,bcu,J0151.3+8601,bll,bll,J0151.3+8601,bll,J0151.3+8601,bll
155,J0151.4-3607,"[2.2837510108947754, 2.248223066329956, 2.0626871585845947, 7.990469932556152, -31.66518934446359, -31.436475789401253, -28.758436538085107, -31.495832540596457, -24.283780203571755, 0.06574837118387222, 0.0, 0.987896740436554, 8.628363609313965, -0.10614780499789038, -0.44511996626869094, -0.7835271805246959, -0.41045694919018444, -0.8148490503276007, -0.9986232207543894]",[1],J0151.0-3609,bcu,J0151.4-3607,bcu,bcu,J0151.4-3607,bcu,J0151.4-3607,bcu
156,J0152.2+3714,"[2.3425235748291016, 2.299386978149414, 2.095991849899292, 22.390918731689453, -31.312365853924863, -31.049540871317948, -28.525279670630514, -31.10565354409664, -24.105886954630794, 0.0767197534441948, 0.5608409643173218, 1.1052991151809692, 8.047367095947266, 0.9863416117831152, -0.6096053673242845, -0.7094703975466492, -0.5598526493311654, -0.694612663941859, -0.9941359740384753]",[1],J0152.2+3707,bcu,J0152.2+3714,bcu,bcu,J0152.2+3714,bcu,J0152.2+3714,bcu
157,J0152.2+2206,"[2.6774778366088867, 2.611816883087158, 2.3315529823303223, 34.62177658081055, -28.787186454216755, -28.500140003919064, -28.218215768873524, -28.555587509423333, -23.885404734027606, 0.11995278298854828, 0.40581750869750977, 2.271421194076538, 14.213645935058594, -0.0775751828801495, -0.6972514026024864, -0.7772030266028523, -0.7379845512896873, -0.9999971099912047, 0.8217796144273326]",[1],J0151.6+2205,fsrq,J0152.2+2206,fsrq,fsrq,J0152.2+2206,fsrq,J0152.2+2206,fsrq
158,J0152.6+0147,"[1.9839189052581787, 1.9964563846588135, 1.9346530437469482, 22.783056259155273, -32.287534028301565, -32.14210898210268, -28.086066513024956, -32.21869480718501, -23.62871444137471, -0.009293376468122005, 0.25752031803131104, 0.31891921162605286, 25.962867736816406, 0.056002927645369995, 0.09486644795188921, -0.5452107266309697, -0.4455615420008498, -0.5198634463824909, -0.30214320112304]",[1],J0152.6+0148,bll,J0152.6+0147,bll,bll,J0152.6+0147,bll,J0152.6+0147,bll
159,J0153.0+7517,"[2.0005037784576416, 1.9470088481903076, 1.826760172843933, 7.523477554321289, -33.21951701221824, -32.965215073513164, -28.298892324605443, -33.05338838065893, -23.78419853484475, 0.06741873919963837, 0.0, 1.526472806930542, 15.411956787109375, -0.7592429635125807, -0.05682634873389291, -0.359280065446396, -0.5175973969198947, -0.5150845341385925, -0.5563607460267083]",[1],J0152.8+7517,bll,J0153.0+7517,bll,bll,J0153.0+7517,bll,J0153.0+7517,bll
160,J0153.4+7114,"[1.8879742622375488, 1.9037878513336182, 1.9932715892791748, 12.53614330291748, -34.44134225235656, -34.32510941895, -28.309148158882792, -34.43988758434997, -23.723747790912892, -0.018040305003523827, 0.3220265209674835, 0.41657954454421997, 10.651063919067383, -0.9994910785736111, 0.9999128581533123, -0.7657047948394692, -0.33514310526708363, -0.4481086799677115, -0.48525883326695346]",[1],J0153.4+7114,bcu,J0153.4+7114,rdg,rdg,J0153.4+7114,rdg,J0153.4+7114,rdg
161,J0153.9+0823,"[1.9525654315948486, 1.821570634841919, 1.6472021341323853, 43.93357467651367, -31.10694221175635, -30.89609805642699, -27.66439434861445, -30.954609835310787, -23.254300048670085, 0.07988183200359344, 0.3019714951515198, 3.5365936756134033, 38.18204116821289, -0.2567067802867297, -0.33681480227047106, -0.503836069503539, -0.3382183557931893, -0.5686010940504479, -0.8091881384068151]",[1],J0154.0+0824,bll,J0153.9+0823,bll,bll,J0153.9+0823,bll,J0153.9+0823,bll
162,J0155.0+4433,"[2.189854145050049, 1.8978914022445679, 1.4815144538879395, 16.900014877319336, -31.160765812906014, -30.7084174127194, -28.496308748955624, -30.82253499789313, -23.676933134229575, 0.3038945496082306, 0.24639491736888885, 4.283247470855713, 15.959714889526367, 0.9991629551669026, -0.3088388196582665, -0.4349664711842934, -0.724885368401847, -0.6988089922034105, -0.44099602566614016]",[1],J0154.9+4433,bll,J0155.0+4433,bll,bll,J0155.0+4433,bll,J0155.0+4433,bll
163,J0156.5+3914,"[2.446661949157715, 2.433558464050293, 2.406654119491577, 79.8982925415039, -30.20703482677801, -29.987734176201634, -28.392247320686355, -30.12653186234871, -23.912171452431622, 0.026084087789058685, 0.7178711295127869, 0.6331549882888794, 16.803022384643555, 0.010652907169970966, -0.5802763187994827, -0.7499113238365906, -0.6651580192213499, -0.6367029173955605, -0.7023206184014226]",[1],J0156.3+3913,bcu,J0156.5+3914,bcu,bcu,J0156.5+3914,fsrq,J0156.5+3914,fsrq
164,J0156.8-4744,"[2.1928389072418213, 2.22924542427063, 2.1299731731414795, 23.965261459350586, -31.96998732975422, -31.853198689894253, -28.665630614948128, -31.89980441900548, -24.152103685001205, -0.027327924966812134, 0.45839792490005493, 0.5743640065193176, 13.368647575378418, -0.7567111796508438, -0.6061511666583582, -0.6891124238258104, -0.4561937807948111, -0.4604331971304791, -0.8220562324479351]",[1],J0156.9-4742,bcu,J0156.8-4744,bll,bll,J0156.8-4744,bll,J0156.8-4744,bll
165,J0156.9-5301,"[1.7406833171844482, 1.5526525974273682, 1.4897208213806152, 45.47267150878906, -32.84545675511915, -32.579511392018894, -28.10820813054948, -32.71020388313536, -23.853518166045923, 0.10434076935052872, 0.5090088248252869, 2.90946364402771, 23.582233428955078, -0.9963236941696746, 0.9225816046424332, 0.04156269047362949, -0.3456141092915643, -0.5687586538040788, -0.1477082725241827]",[1],J0157.0-5301,bll,J0156.9-5301,bll,bll,J0156.9-5301,bll,J0156.9-5301,bll
166,J0157.7-4614,"[2.4454004764556885, 2.2394979000091553, 1.8201851844787598, 123.16751861572266, -30.00794266299489, -29.695985231054213, -28.12970686829126, -29.737271184983527, -23.805080201512922, 0.22590920329093933, 0.7988355755805969, 3.8234493732452393, 19.42116355895996, 0.9995198547957002, -0.42560151753028375, -0.6819755722127808, -0.776824010009486, -0.9063713709729775, -0.9999992273611578]",[1],J0157.9-4615,fsrq,J0157.7-4614,fsrq,fsrq,J0157.7-4614,fsrq,J0157.7-4614,fsrq
167,J0158.5-3932,"[2.09074330329895, 2.037264108657837, 1.9631762504577637, 47.38481140136719, -31.354290207754794, -31.106226359978265, -28.29880173169593, -31.225296774683276, -23.775867009186676, 0.05991007387638092, 0.40171340107917786, 2.0348708629608154, 26.335865020751953, 0.9236119127152816, -0.46234172302601684, -0.550627865758988, -0.6213699141879395, -0.5428445410668667, -0.5744366639940726]",[1],J0158.6-3931,bll,J0158.5-3932,bll,bll,J0158.5-3932,bll,J0158.5-3932,bll
168,J0159.5+1046,"[1.9946088790893555, 1.9612237215042114, 1.8853975534439087, 34.197975158691406, -31.968325412952364, -31.762242253810502, -27.972780717635736, -31.8522897365728, -23.513695539658745, 0.03140752390027046, 0.33710795640945435, 1.192421793937683, 26.797441482543945, -0.4673310919341568, -0.4560514394306472, -0.5163675200868695, -0.5620797326073809, -0.41663676205341466, -0.42656736811807533]",[1],J0159.4+1046,bll,J0159.5+1046,bll,bll,J0159.5+1046,bll,J0159.5+1046,bll
169,J0159.7-2740,"[2.059190511703491, 2.00666880607605, 1.8724467754364014, 13.433637619018555, -31.99809893384403, -31.71603115112345, -28.507045990768088, -31.819305793389574, -24.008696909672704, 0.06782933324575424, 0.21916703879833221, 1.4868249893188477, 17.315322875976562, 0.9989715876683304, -0.4119353292053942, -0.5236658973007957, -0.5236873410038211, -0.5782493774182026, -0.7130530651287881]",[1],J0159.8-2741,bll,J0159.7-2740,bll,bll,J0159.7-2740,bll,J0159.7-2740,bll
170,J0200.6-6637,"[2.577631950378418, 2.5702216625213623, 2.5130083560943604, 50.89372634887695, -30.01096419418964, -29.834876836348606, -28.52035549560003, -29.908251866294226, -24.168354637271875, 0.016984667629003525, 0.5109813809394836, 0.39709192514419556, 14.925360679626465, -0.5445563997129126, -0.6297686006839033, -0.7493090048429794, -0.635496008020847, -0.8050161226632628, -0.9992921847333058]",[1],J0200.9-6635,bcu,J0200.6-6637,bcu,fsrq,J0200.6-6637,fsrq,J0200.6-6637,fsrq
171,J0202.4+0849,"[1.8334898948669434, 1.660416841506958, 1.1138403415679932, 13.445932388305664, -33.997592475123504, -33.50881014401272, -28.45674629763679, -33.57505272231574, -24.006883106575753, 0.2243821918964386, 0.2199336290359497, 2.2530672550201416, 7.845700263977051, 0.8014237658820711, -0.8400988525055463, -0.10407419404918429, -0.21083604510351428, -0.47178243807736886, -0.7278728382618279]",[1],J0202.3+0851,fsrq,J0202.4+0849,fsrq,fsrq,J0202.4+0849,fsrq,J0202.4+0849,bll
172,J0202.7+4204,"[2.1732776165008545, 2.083270311355591, 1.8261077404022217, 30.347606658935547, -32.45130942115809, -32.16055796429442, -28.542153547922027, -32.22084297307393, -24.079406216438358, 0.09325147420167923, 0.7262512445449829, 1.1315447092056274, 7.363531589508057, -0.8094269208295468, 0.9550626919308853, -0.6998176453806553, -0.38833011246000093, -0.6768575535502351, -0.9998581379195868]",[1],J0202.5+4206,bll,J0202.7+4204,bll,bll,J0202.7+4204,bll,J0202.7+4204,bll
173,J0202.9-0225,"[1.9096691608428955, 1.9093701839447021, 1.8765329122543335, 6.702517986297607, -33.84193778072891, -33.67564867018083, -28.484953207200885, -33.76366572260414, -23.968075234412286, 0.000518948829267174, 0.0, 0.0, 7.800440788269043, -0.9980365885421186, 0.9962308576989659, -0.5155308589420361, -0.42536549979779686, -0.8309985560410559, 0.3958012833396783]",[1],J0203.1-0227,bcu,J0202.9-0225,bcu,bcu,J0202.9-0225,bcu,J0202.9-0225,bcu
174,J0203.6+7233,"[2.261866331100464, 2.220001697540283, 2.0726354122161865, 29.92287254333496, -32.39480882227976, -32.20739978586578, -27.861277213159934, -32.245206572767074, -23.575980893806122, 0.05542663112282753, 0.5574617981910706, 1.0597050189971924, 11.099800109863281, 0.9189619805287703, -0.38360361282301936, -0.6162615034925298, -0.6167438687910312, -0.5476009317672054, -0.7601200756519374]",[1],J0204.0+7234,bll,J0203.6+7233,bll,bll,J0203.6+7233,bll,J0203.6+7233,bll
175,J0203.7+3042,"[2.2386670112609863, 2.14070463180542, 1.96812903881073, 773.127685546875, -29.83426009710342, -29.599111563641262, -27.688189342653278, -29.672402705688175, -23.200193644328028, 0.09852984547615051, 1.0111382007598877, 5.430673122406006, 50.34390640258789, -0.20818256523765294, -0.4642678767469155, -0.6169179597163269, -0.5900898928593336, -0.7960246652761023, -0.7717453508336299]",[1],J0203.6+3043,bll,J0203.7+3042,bll,bll,J0203.7+3042,bll,J0203.7+3042,bll
176,J0204.3+2417,"[1.8871272802352905, 1.5726168155670166, 0.7081232070922852, 19.299636840820312, -34.11227129277489, -33.64114251052558, -28.65116801557027, -33.626542461654104, -24.15555515600333, 0.31315097212791443, 0.7667527794837952, 1.9417763948440552, 5.917534351348877, 0.9939209130059072, -0.29449796497622965, -0.7038804548646717, -0.08915201304568018, -0.2755212398359171, -0.9999609875860859]",[1],J0204.2+2420,bcu,J0204.3+2417,bcu,bll,J0204.3+2417,bll,J0204.3+2417,bll
177,J0204.8+1513,"[2.3146562576293945, 2.2639966011047363, 2.0587751865386963, 115.0282974243164, -30.37275464428096, -30.108930607178422, -28.18925133625378, -30.163384184394058, -23.630323781016706, 0.08296462148427963, 0.6217306852340698, 2.6116390228271484, 24.622331619262695, 0.00751029502936443, -0.6292277555373832, -0.5975535917505567, -0.6257870107372185, -0.8256856035324919, -0.9996116571937881]",[1],J0205.0+1510,bcu,J0204.8+1513,bcu,bcu,J0204.8+1513,bcu,J0204.8+1513,bcu
178,J0205.0-1700,"[2.6324944496154785, 2.5640385150909424, 2.378610849380493, 234.40447998046875, -28.04993127585939, -27.820836632688742, -28.11433157322213, -27.884759716685767, -23.664175117926266, 0.08165045082569122, 0.5595391392707825, 3.043198823928833, 34.747920989990234, -0.3699027773709191, -0.647497922893731, -0.7636812893024141, -0.798163902437404, -0.9997496753725972, -0.8931816465122855]",[1],J0205.2-1700,fsrq,J0205.0-1700,fsrq,fsrq,J0205.0-1700,fsrq,J0205.0-1700,fsrq
179,J0205.2+3212,"[2.6567859649658203, 2.6310651302337646, 2.450671434402466, 259.621826171875, -28.967800774775036, -28.72248178673147, -28.052517529513683, -28.769245315513718, -23.721478842467945, 0.07094847410917282, 0.7456364631652832, 2.1658403873443604, 24.970970153808594, -0.2074419602105555, -0.6858623803993392, -0.7602938690506142, -0.7599718812815709, -0.8810861765819697, -0.543403233773194]",[1],J0204.8+3212,fsrq,J0205.2+3212,fsrq,fsrq,J0205.2+3212,fsrq,J0205.2+3212,fsrq
180,J0205.7+6449,"[2.4730215072631836, 2.425586223602295, 2.024282217025757, 46.20780563354492, -29.318158975411365, -28.97371625526278, -27.162816864868766, -29.042520505002432, -22.728225637011423, 0.15354369580745697, 0.11081027239561081, 10.282159805297852, 74.15370178222656, -0.058169752507644515, -0.500428324260753, -0.6938423355981377, -0.7583803089494021, -0.8591803557713342, -0.5843210434399798]",[0],J0205.5+6448,PSR,J0205.7+6449,PSR,PSR,J0205.7+6449,PSR,J0205.6+6449e,PWN
181,J0205.7+6449,"[2.4730215072631836, 2.425586223602295, 2.024282217025757, 46.20780563354492, -29.318158975411365, -28.97371625526278, -27.162816864868766, -29.042520505002432, -22.728225637011423, 0.15354369580745697, 0.11081027239561081, 10.282159805297852, 74.15370178222656, -0.058169752507644515, -0.500428324260753, -0.6938423355981377, -0.7583803089494021, -0.8591803557713342, -0.5843210434399798]",[0],J0205.5+6448,PSR,J0205.7+6449,PSR,PSR,J0205.7+6449,PSR,J0205.7+6449,PSR
182,J0206.4-1151,"[2.399110794067383, 2.3790664672851562, 2.2586829662323, 206.08566284179688, -29.67842224026286, -29.45746321342106, -28.156964298578263, -29.51997896740192, -23.56525365310448, 0.04408115893602371, 0.6048023104667664, 1.8334907293319702, 34.139854431152344, -0.2943895773622304, -0.606983185908736, -0.6834694079845355, -0.6035540167313928, -0.7887551600149405, -0.9999027451188961]",[1],J0206.4-1150,fsrq,J0206.4-1151,fsrq,fsrq,J0206.4-1151,fsrq,J0206.4-1151,fsrq
183,J0207.4-3855,"[2.391672134399414, 2.3185973167419434, 2.1808152198791504, 6.10534143447876, -30.70156411087512, -30.354745087666863, -28.704994669079426, -30.42299404196263, -24.189364654758204, 0.11876264214515686, 0.0, 1.287834882736206, 9.54191780090332, -0.65042475762472, -0.4286351435122824, -0.6805866042940232, -0.8694610736235839, 0.0027922963976883147, -0.9999951392796598]",[1],J0207.9-3846,bcu,J0207.4-3855,bcu,bcu,J0207.4-3855,bll,J0207.4-3855,bll
184,J0208.3-6838,"[2.2752323150634766, 2.307269811630249, 2.293657064437866, 19.431503295898438, -31.840334206373363, -31.765368394487865, -28.638805464863093, -31.81859803784519, -24.194870608693847, -0.037576884031295776, 0.2379453480243683, 0.9672082662582397, 12.395785331726074, 0.9746589409894288, -0.6971325428041301, -0.733916637121464, -0.648609126141532, -0.22688831561962533, -0.7811714284346436]",[1],J0208.0-6838,bll,J0208.3-6838,bll,bll,J0208.3-6838,bll,J0208.3-6838,bll
185,J0208.6+3523,"[1.879762887954712, 1.805711030960083, 1.5752391815185547, 9.749581336975098, -33.75551773886118, -33.43998662966949, -28.488016222101656, -33.50186940309551, -24.017972320241324, 0.09318947046995163, 0.06382600963115692, 1.4020897150039673, 10.11933708190918, 0.2782715527610916, -0.4894887279204187, -0.4798278547094024, -0.2662120386719134, -0.5564383437536414, -0.38607805985307764]",[1],J0208.6+3522,bll,J0208.6+3523,bll,bll,J0208.6+3523,bll,J0208.6+3523,bll
186,J0209.3+4449,"[1.9211660623550415, 1.7812962532043457, 1.5746766328811646, 17.91905975341797, -33.485792077956646, -33.12804390329646, -28.487818590557026, -33.25322649871484, -24.00734701141879, 0.10598290711641312, 0.3977696895599365, 1.378523826599121, 11.67598819732666, -0.18799188984559811, -0.7406623216091673, -0.2875103690391344, -0.494602178148209, -0.518193975480928, -0.26836095186332315]",[1],J0209.5+4449,bll,J0209.3+4449,bll,bll,J0209.3+4449,bll,J0209.3+4449,bll
187,J0209.3-5228,"[1.85092031955719, 1.8072454929351807, 1.7398229837417603, 72.38396453857422, -32.236184882035175, -32.00525461082532, -27.728846855687436, -32.118102382295305, -23.442629673101465, 0.029567604884505272, 0.3155651092529297, 1.5608415603637695, 53.667537689208984, 0.47204104874295943, -0.2548801765946776, -0.5635267312688509, -0.30746241867268415, -0.5172476374661679, -0.34809119234281755]",[1],J0209.4-5229,bll,J0209.3-5228,bll,bll,J0209.3-5228,bll,J0209.3-5228,bll
188,J0210.7-5101,"[2.3416082859039307, 2.2391324043273926, 2.0824453830718994, 1486.398681640625, -28.174083983910464, -27.963394431312622, -27.578549141592816, -28.038948417005933, -22.941361286341472, 0.08525082468986511, 0.5129043459892273, 8.997589111328125, 120.41035461425781, -0.24664574007985546, -0.561892520847546, -0.6472577742728366, -0.6843374160457636, -0.8385180794504127, -0.9999735817217862]",[1],J0210.7-5101,BCU,J0210.7-5101,FSRQ,FSRQ,J0210.7-5101,FSRQ,J0210.7-5101,FSRQ
189,J0211.1-0646,"[2.127960443496704, 2.09915828704834, 1.978188395500183, 17.365585327148438, -32.36636312407292, -32.16751311940533, -28.612339033812233, -32.22270540383114, -24.111074161101836, 0.029274282976984978, 0.39535295963287354, 0.46505317091941833, 9.537800788879395, -0.5699301227841767, -0.7225222751200953, -0.2508697318028023, -0.5609649904777032, -0.579740338261994, -0.48931256824942193]",[1],J0211.2-0649,bcu,J0211.1-0646,bcu,bll,J0211.1-0646,bll,J0211.1-0646,bll
190,J0211.2+1051,"[2.1190030574798584, 2.050916910171509, 1.9998645782470703, 306.7500915527344, -29.406118618093778, -29.217959975297042, -27.276369032492273, -29.319378614616667, -22.782171537188272, 0.0523817241191864, 0.34674736857414246, 5.186367988586426, 85.5306167602539, 0.1329456846045649, -0.46629589377227554, -0.5936814051205344, -0.5305541802098437, -0.648470092507009, -0.6257546501010599]",[1],J0211.2+1051,BLL,J0211.2+1051,BLL,BLL,J0211.2+1051,BLL,J0211.2+1051,BLL
191,J0212.4-3502,"[2.0368030071258545, 2.0250637531280518, 1.9636868238449097, 14.717059135437012, -32.37249353776079, -32.195937567654795, -28.561213051654452, -32.28819050380462, -24.07493365815648, 0.00932170171290636, 0.28583160042762756, 0.20186318457126617, 14.220840454101562, 0.26984133602240523, -0.709928972393736, -0.3964847809031739, -0.4701084514116458, -0.6781246934698475, -0.20340350077348335]",[1],J0212.8-3504,bll,J0212.4-3502,bll,bll,J0212.4-3502,bll,J0212.4-3502,bll
192,J0212.8-2721,"[2.3103413581848145, 2.2828757762908936, 2.2060611248016357, 12.394905090332031, -31.28329637815673, -31.05941727924861, -28.718483603835033, -31.16642103142455, -24.21250558343345, 0.04739993065595627, 0.2636653184890747, 0.6503986120223999, 8.218281745910645, 0.9909470946627941, -0.36644542557602977, -0.5969670560262818, -0.8036192550380988, -0.22061596005405598, -0.999999934236603]",[1],J0213.1-2720,bcu,J0212.8-2721,bcu,bcu,J0212.8-2721,bcu,J0212.8-2721,bcu
193,J0212.9+2244,"[2.0544984340667725, 1.9931715726852417, 1.827086091041565, 37.33781814575195, -32.19901458404834, -31.871558031507693, -28.237144834713465, -31.942026195473037, -23.738825368924083, 0.1199854388833046, 0.5194059610366821, 2.881438732147217, 17.194091796875, -0.9631130122136616, 0.9968430352037861, -0.5247844344593623, -0.5201644873674037, -0.6323826125518881, -0.6552141167515065]",[1],J0213.0+2245,bll,J0212.9+2244,bll,bll,J0212.9+2244,bll,J0212.9+2244,bll
194,J0214.3+5145,"[1.903795838356018, 2.0116913318634033, 2.0139925479888916, 13.49371337890625, -33.46078850732162, -33.45338646208994, -28.262607137083346, -33.4592574601217, -23.76717339377966, -0.07872440665960312, 0.2145499885082245, 2.625593662261963, 15.668813705444336, 0.9964797360975777, -0.6905027680024419, -0.614681726466034, -0.32333037474823106, -0.575674636539612, -0.2466070468966667]",[1],J0214.4+5143,bll,J0214.3+5145,bll,bll,J0214.3+5145,bll,J0214.3+5145,bll
195,J0214.4-5822,"[2.1882545948028564, 1.9364246129989624, 1.2908685207366943, 29.067352294921875, -32.716021080396224, -32.2388819787099, -28.94920663942671, -32.317224225829435, -24.48680247532662, 0.3217993676662445, 1.1037640571594238, 1.869956374168396, 4.991796970367432, -0.9787244054690798, 0.9958622572035482, -0.4452876944207621, -0.5876543560033842, -0.6978980574127549, -0.9999982854567698]",[1],J0214.7-5823,bcu,J0214.4-5822,bcu,bcu,J0214.4-5822,bcu,J0214.4-5822,bcu
196,J0216.6-1015,"[2.163386344909668, 2.102538585662842, 1.9620122909545898, 121.09208679199219, -31.195183262708678, -30.927170057840147, -28.328050657247573, -31.02562887737013, -23.775325173078947, 0.08637353032827377, 0.8214026689529419, 2.431093454360962, 21.196260452270508, 0.9951193670276373, -0.5423903496478296, -0.567431167778866, -0.5280397296262392, -0.6970835145741767, -0.8135242732752049]",[1],J0216.6-1019,bcu,J0216.6-1015,bcu,bcu,J0216.6-1015,bcu,J0216.6-1015,bcu
197,J0216.8-6635,"[1.987937569618225, 1.7877908945083618, 1.6059930324554443, 30.387344360351562, -31.751559667360315, -31.457279432411603, -28.25458558016775, -31.557611547528168, -23.74123863901385, 0.1447991281747818, 0.28299251198768616, 4.048001766204834, 25.858726501464844, 0.9010559687347945, 0.15807783509339648, -0.4668589446317346, -0.4439198489702221, -0.5817963974528125, -0.7380967467150894]",[1],J0217.0-6635,bll,J0216.8-6635,bll,bll,J0216.8-6635,bll,J0216.8-6635,bll
198,J0217.0-0821,"[2.3432469367980957, 2.2712948322296143, 1.9727287292480469, 6.754493236541748, -30.70755874639372, -30.40022840963589, -28.456054422996523, -30.462880291195855, -23.944426650086207, 0.1295730173587799, 0.0, 2.287114143371582, 13.112980842590332, 0.9956299114168994, -0.6057147779211492, -0.6622209001714187, -0.6581376754906462, -0.7361313846305341, -0.9981172108562345]",[1],J0217.1-0833,fsrq,J0217.0-0821,fsrq,fsrq,J0217.0-0821,fsrq,J0217.0-0821,fsrq
199,J0217.2+0837,"[2.26912784576416, 2.240583896636963, 2.1310653686523438, 66.39126586914062, -30.213875974996203, -30.01048096070564, -27.911094585283927, -30.07422186463989, -23.32530900969245, 0.041729725897312164, 0.28900301456451416, 1.9820889234542847, 37.269989013671875, -0.29277988896584295, -0.6061978090476511, -0.6166468223369083, -0.5912748671136314, -0.6819500707396102, -0.7903985550527524]",[1],J0217.2+0837,bll,J0217.2+0837,bll,bll,J0217.2+0837,bll,J0217.2+0837,bll
200,J0217.4+7352,"[2.939821720123291, 2.8761990070343018, 2.606826066970825, 41.124752044677734, -27.402861294535988, -27.096488533435824, -27.65947275173118, -27.13999694774639, -23.67902218115662, 0.10476738959550858, 0.3184102773666382, 2.126887559890747, 14.487590789794922, -0.005240291264721586, -0.7167773255872392, -0.8565266984919995, -0.8698018305386688, -0.9994977165979543, -0.9316325735877568]",[1],J0217.5+7349,fsrq,J0217.4+7352,fsrq,fsrq,J0217.4+7352,fsrq,J0217.4+7352,fsrq
201,J0217.8+0144,"[2.2363600730895996, 2.1595938205718994, 2.05130934715271, 458.6964416503906, -29.039192309314906, -28.842182791217432, -27.67423303337227, -28.92421411000551, -23.099119000221048, 0.0638452097773552, 0.5778344869613647, 4.696218013763428, 63.78323745727539, -0.11695979967571783, -0.5416523123723724, -0.6138858954271852, -0.5798755793729036, -0.7029284587716549, -0.9038996405483071]",[1],J0217.8+0143,fsrq,J0217.8+0144,fsrq,fsrq,J0217.8+0144,fsrq,J0217.8+0144,fsrq
202,J0218.1+4232,"[2.360416889190674, 2.244493246078491, 1.8072412014007568, 17.460573196411133, -29.18849558004218, -28.856112489201095, -27.380011760384594, -28.901638930241585, -22.807654453853164, 0.17976129055023193, 0.05150463432073593, 12.886889457702637, 80.66122436523438, -0.2811983544652138, -0.4871579489816153, -0.6320243319673011, -0.7213551254770865, -0.9107282408397448, -0.9999540502856268]",[0],J0218.1+4233,PSR,J0218.1+4232,PSR,PSR,J0218.1+4232,MSP,J0218.1+4232,MSP
203,J0218.9+3643,"[2.556640863418579, 2.473886728286743, 2.029435396194458, 126.99111938476562, -30.256604554675853, -29.970664969557372, -27.59402516892196, -29.98532303784883, -23.565328626417585, 0.1847003996372223, 0.7959833741188049, 3.3000426292419434, 17.913450241088867, -0.131816610457504, -0.6385441956499317, -0.6638150390387394, -0.744308771409804, -0.907012094610469, -0.9999999896025918]",[1],J0218.9+3642,bcu,J0218.9+3643,bcu,bcu,J0218.9+3643,bcu,J0218.9+3643,bcu
204,J0219.0+2443,"[1.909364104270935, 1.8911160230636597, 1.7921818494796753, 12.647994995117188, -33.44441892949244, -33.238879448652625, -28.36597041055529, -33.301762783567334, -23.88929567290268, 0.027820643037557602, 0.23302079737186432, 0.6665241718292236, 12.553268432617188, -0.9794349375561889, 0.9999505239709088, -0.6349608755368685, -0.5035873782137334, -0.4420589347121566, -0.13892936015305335]",[1],J0219.0+2440,bcu,J0219.0+2443,bll,bll,J0219.0+2443,bll,J0219.0+2443,bll
205,J0221.1+3556,"[2.287543773651123, 2.2542874813079834, 2.1849935054779053, 3494.66162109375, -28.987811223028064, -28.766240328667884, -27.162139605192863, -28.863503284461167, -22.696426440481343, 0.04833374544978142, 0.9729627370834351, 5.7895402908325195, 120.7076644897461, -0.2201859044614636, -0.5279700782445733, -0.6689434457447625, -0.593463498668905, -0.7591863681081791, -0.6021748313519696]",[1],J0221.1+3556,FSRQ,J0221.1+3556,FSRQ,FSRQ,J0221.1+3556,FSRQ,J0221.1+3556,FSRQ
206,J0222.0-1616,"[2.4044077396392822, 2.409696340560913, 2.436784029006958, 39.583465576171875, -31.353749624601765, -31.24446697794174, -28.22006099675518, -31.337308820535796, -23.964537634971226, -0.016067063435912132, 0.6184409260749817, 0.3646494150161743, 11.983515739440918, 0.934993587597128, -0.6671909344360273, -0.7294186596132924, -0.5781494551907949, -0.6869340462713656, -0.19614782415800525]",[1],J0222.1-1616,fsrq,J0222.0-1616,fsrq,fsrq,J0222.0-1616,fsrq,J0222.0-1616,fsrq
207,J0222.6+4302,"[1.9705734252929688, 1.8946027755737305, 1.8611218929290771, 1169.675537109375, -29.741334492016573, -29.593535548129125, -26.68975360678309, -29.678943708403338, -22.329251910874227, 0.043735578656196594, 0.4125227630138397, 5.077541828155518, 176.65257263183594, -0.10459120737151419, -0.37550757348516095, -0.5142593942412594, -0.4497319450108756, -0.5689554782741927, -0.4915318008888334]",[1],J0222.6+4301,BLL,J0222.6+4302,BLL,BLL,J0222.6+4302,BLL,J0222.6+4302,BLL
208,J0223.0+6821,"[2.0269737243652344, 1.9242690801620483, 1.691894769668579, 11.12309741973877, -33.29780914959513, -33.030177288954505, -28.081210922765898, -33.14449882579239, -23.561507038271163, 0.09873058646917343, 0.1522371619939804, 1.7423772811889648, 12.454391479492188, -0.5469667310416313, 0.05583775157674402, -0.5951151554662698, -0.3153328678784351, -0.5930304095542661, -0.5378515335124526]",[1],J0223.3+6820,bcu,J0223.0+6821,bll,bll,J0223.0+6821,bll,J0223.0+6821,bll
209,J0223.1-1117,"[1.877339482307434, 1.6978727579116821, 1.2273616790771484, 21.011627197265625, -33.516601310631636, -33.137634726504366, -28.489393767112386, -33.173637167334704, -24.057690230458284, 0.14583870768547058, 0.47191059589385986, 1.8048983812332153, 11.632894515991211, 0.9464403029788248, -0.47789578752078204, -0.6783971642968378, -0.03316843681236611, -0.534356829390404, -0.6995521532018625]",[1],J0222.9-1117,bll,J0223.1-1117,bll,bll,J0223.1-1117,bll,J0223.1-1117,bll
210,J0224.0-7941,"[2.2416696548461914, 2.2632558345794678, 2.2179079055786133, 14.332768440246582, -32.14029751948195, -32.03789670781053, -28.485518976889768, -32.08812074435829, -24.074807867756796, -0.02460111305117607, 0.2748582065105438, 0.5281346440315247, 11.092917442321777, 0.9243002812298464, -0.6260573160573533, -0.6574881125664186, -0.6762796424769139, -0.3124007115781353, -0.7435952576978376]",[1],J0224.1-7941,bcu,J0224.0-7941,bll,bll,J0224.0-7941,bll,J0224.0-7941,bll
211,J0225.1-2604,"[2.5179429054260254, 2.4818544387817383, 2.314744710922241, 155.0655517578125, -29.323272449826, -29.075685222885806, -28.434742433939334, -29.147045090525626, -23.855715119438734, 0.06458530575037003, 0.6363651752471924, 1.8052842617034912, 25.138530731201172, -0.2885004821600771, -0.6125018716065127, -0.7180536476093897, -0.7061345163445477, -0.905249679226711, -0.9998523432306743]",[1],J0225.2-2602,bcu,J0225.1-2604,bcu,bcu,J0225.1-2604,bcu,J0225.1-2604,bcu
212,J0226.5+0938,"[2.15078067779541, 2.0439345836639404, 1.7307559251785278, 79.7972640991211, -32.0579087405976, -31.769734443245007, -28.37950073644988, -31.8109030716793, -23.88455058508074, 0.12038083374500275, 1.1781775951385498, 1.6794997453689575, 8.813234329223633, -0.7452351915418178, 0.7752285808314717, -0.7377518691214291, -0.20447023904871975, -0.764277189528693, -0.6400609601865503]",[1],J0226.3+0941,fsrq,J0226.5+0938,fsrq,fsrq,J0226.5+0938,fsrq,J0226.5+0938,fsrq
213,J0226.5-4441,"[1.948947548866272, 1.799941062927246, 1.621531367301941, 29.99696159362793, -33.39590097150868, -33.049915901678276, -28.458370202612997, -33.18889591320616, -23.96013722433874, 0.13429632782936096, 0.6215558052062988, 1.813766598701477, 13.46694564819336, 0.3026910012314311, -0.8379676776730063, -0.15216182968704842, -0.49392595145485507, -0.5067308270215597, -0.6516666046813597]",[1],J0226.5-4442,bcu,J0226.5-4441,bll,bll,J0226.5-4441,bll,J0226.5-4441,bll
214,J0227.3+0201,"[1.9567204713821411, 1.923884391784668, 1.8601514101028442, 11.028792381286621, -32.30906105782351, -32.10322228188519, -28.17323372898331, -32.203551804373475, -23.746893734184912, 0.02856254018843174, 0.12257333844900131, 0.8951349854469299, 21.95205307006836, -0.5510385537138766, -0.5237966301518074, -0.5195073309328883, -0.37963349459761964, -0.5478339824409836, -0.47466860553344964]",[1],J0227.2+0201,bll,J0227.3+0201,bll,bll,J0227.3+0201,bll,J0227.3+0201,bll
215,J0227.8+2246,"[2.1436517238616943, 1.955365538597107, 1.3546228408813477, 50.78746032714844, -32.39018523989555, -32.08048906312917, -28.326895858018496, -32.09354893302309, -23.851593464785534, 0.21181055903434753, 1.5433381795883179, 2.052462577819824, 7.33702278137207, -0.7670819843065114, -0.34968177820540125, -0.5483355302898274, -0.4975874833556733, -0.7130984070294312, -0.9998756778239638]",[1],J0228.0+2248,bcu,J0227.8+2246,bcu,bcu,J0227.8+2246,bcu,J0227.8+2246,bcu
216,J0228.2-3102,"[2.063112735748291, 1.935805320739746, 1.5640285015106201, 6.80548095703125, -33.13934785448369, -32.808413621207634, -28.82619795644944, -32.86570303778631, -24.326433532323826, 0.17383986711502075, 0.0, 1.4752442836761475, 6.03058385848999, -0.9928803037467996, 0.8684420329935999, -0.31311326675203127, -0.8133933860029308, 0.08592857593203115, -0.9989792230895935]",[1],J0228.7-3106,bcu,J0228.2-3102,bcu,bcu,J0228.2-3102,bcu,J0228.2-3102,bcu
217,J0228.3-5547,"[2.2321527004241943, 2.2259409427642822, 1.886777400970459, 1596.330322265625, -30.38997622833909, -30.093080298221214, -27.389230841409756, -30.088469593977276, -23.074779097941402, 0.11282452195882797, 0.9853242635726929, 8.846177101135254, 66.44271087646484, 0.8652396865656505, -0.4227667494065792, -0.6047380602929895, -0.6291177495561024, -0.784569699622864, -0.9999367688644948]",[1],J0228.3-5545,fsrq,J0228.3-5547,fsrq,fsrq,J0228.3-5547,fsrq,J0228.3-5547,fsrq
218,J0229.5-3644,"[2.603184700012207, 2.46319317817688, 2.2538819313049316, 267.6014099121094, -27.9297446529352, -27.684980583327683, -28.32935924925174, -27.753558335438484, -23.778512552969662, 0.12860074639320374, 0.6361141800880432, 4.216533184051514, 33.02204132080078, -0.3637613094335234, -0.6165138224796153, -0.7631049205277115, -0.82014195251209, -0.9999953575325158, 0.9998763778803021]",[1],J0229.3-3643,fsrq,J0229.5-3644,fsrq,fsrq,J0229.5-3644,fsrq,J0229.5-3644,fsrq
219,J0230.8+4032,"[2.450244665145874, 2.3057734966278076, 2.1114342212677, 291.9322814941406, -29.621204957342727, -29.368242258926866, -27.958750634748647, -29.436859038374493, -23.602505409950204, 0.14060582220554352, 0.9246656894683838, 3.728649377822876, 27.825790405273438, 0.9171300618680004, -0.5607994451035314, -0.6889253815507582, -0.7231808082530103, -0.8383210987964521, -0.5557889731805533]",[1],J0230.8+4032,fsrq,J0230.8+4032,fsrq,fsrq,J0230.8+4032,fsrq,J0230.8+4032,fsrq
220,J0231.2-5754,"[1.9460886716842651, 1.939306616783142, 1.8986645936965942, 14.246625900268555, -33.24574982422856, -33.077102547611545, -28.60861399571074, -33.17227355080168, -24.14500612634423, 0.005640939809381962, 0.29137933254241943, 0.13411539793014526, 12.640182495117188, -0.7529531542953359, -0.325443323258598, -0.5562054166877471, -0.41182898933661954, -0.5312989210924334, -0.3918025647093999]",[1],J0230.6-5757,bll,J0231.2-5754,bll,bll,J0231.2-5754,bll,J0231.2-5754,bll
221,J0232.8+2018,"[1.7880126237869263, 1.7811421155929565, 1.7136852741241455, 6.79880952835083, -34.17311482174797, -33.96365458010167, -28.28501116946997, -34.0711762453337, -23.829230857366323, 0.00889652594923973, 0.0, 0.20093216001987457, 12.463111877441406, 0.4708406028614587, 0.08560382124534946, -0.5019246458612121, -0.3223856948660004, -0.41471736725504754, -0.22354109139472542]",[1],J0232.8+2016,bll,J0232.8+2018,bll,bll,J0232.8+2018,bll,J0232.8+2018,bll
222,J0232.9+2608,"[1.9583499431610107, 1.8704535961151123, 1.6789586544036865, 8.629801750183105, -33.796106898361735, -33.491093575240434, -28.569722897408287, -33.57292298202234, -24.045832892232763, 0.09020854532718658, 0.0, 0.9666796326637268, 7.122897148132324, 0.9446593592776472, -0.020674857821191904, 0.1399533289523192, -0.5191034454561468, -0.48454032412148007, -0.5440474196089745]",[1],J0232.9+2606,bcu,J0232.9+2608,bll,bll,J0232.9+2608,bll,J0232.9+2608,bll
223,J0236.8-6136,"[2.352952480316162, 2.327390432357788, 2.2666103839874268, 792.431640625, -30.15942022353478, -29.94840951656989, -28.362180866987202, -30.054369256937836, -23.749943175976878, 0.0359496995806694, 1.3313369750976562, 1.2842687368392944, 36.320682525634766, -0.4137725302499899, -0.5057058937265501, -0.7335365681467009, -0.550895915323433, -0.754577566961063, -0.7473956500094036]",[1],J0236.7-6136,fsrq,J0236.8-6136,fsrq,fsrq,J0236.8-6136,fsrq,J0236.8-6136,fsrq
224,J0237.6-3602,"[1.8615275621414185, 1.808474063873291, 1.7481070756912231, 26.076143264770508, -33.5057189607766, -33.221669828978044, -28.491553560252875, -33.373630216920176, -24.085181595824057, 0.043693866580724716, 0.653323233127594, 0.7952101826667786, 12.377901077270508, 0.8146884907696221, -0.708886241078336, -0.10084275714610907, -0.4481498698070407, -0.6555890673106509, 3.296784321028383e-05]",[1],J0237.5-3603,bll,J0237.6-3602,bll,bll,J0237.6-3602,bll,J0237.6-3602,bll
225,J0237.8+2848,"[2.3156402111053467, 2.2085423469543457, 2.0982489585876465, 5286.5400390625, -27.715733321684482, -27.49261580260656, -27.234666667013872, -27.5961928098044, -22.537605470734775, 0.08713530749082565, 0.7350037097930908, 12.120959281921387, 154.8249969482422, -0.24020345831587114, -0.513153269391234, -0.6834995477629761, -0.6387562491952188, -0.7566393161538654, -0.9111555009728132]",[1],J0237.9+2848,FSRQ,J0237.8+2848,FSRQ,FSRQ,J0237.8+2848,FSRQ,J0237.8+2848,FSRQ
226,J0238.1-3905,"[1.990332007408142, 1.9286315441131592, 1.8029208183288574, 29.3118896484375, -32.58569572592249, -32.33974847256259, -28.5391116060262, -32.43151304642187, -24.08160245349886, 0.05199466273188591, 0.5082364678382874, 1.1347479820251465, 16.159297943115234, 0.4355948079640098, -0.477820345630414, -0.545949851684888, -0.39081211729583193, -0.6697843245054664, -0.26684033859397127]",[1],J0238.3-3904,bll,J0238.1-3905,bll,bll,J0238.1-3905,bll,J0238.1-3905,bll
227,J0238.4-3116,"[1.82003653049469, 1.824326753616333, 1.7976386547088623, 36.51587677001953, -32.58317212538502, -32.392460440523294, -27.915737170527088, -32.51447911190274, -23.65578803754744, -0.0034049099776893854, 0.31238773465156555, 0.1526504009962082, 34.71648406982422, -0.2929522000046192, -0.4375109926908872, -0.44525941982729345, -0.4162928030514584, -0.49802707768435767, -0.16898818710561989]",[1],J0238.4-3117,bll,J0238.4-3116,bll,bll,J0238.4-3116,bll,J0238.4-3116,bll
228,J0238.6+1637,"[2.164503574371338, 2.0895910263061523, 1.932153344154358, 5222.951171875, -29.205544576516242, -28.926815847625576, -26.992270282196596, -29.01141868690498, -22.45525400872169, 0.09193698316812515, 1.0749112367630005, 12.01542854309082, 135.2649383544922, -0.12518145102805212, -0.45675719948852067, -0.6004979525822527, -0.5731180427152249, -0.721672604633245, -0.7430487828297562]",[1],J0238.6+1636,BLL,J0238.6+1637,BLL,BLL,J0238.6+1637,BLL,J0238.6+1637,BLL
229,J0241.3+6543,"[2.113725185394287, 2.086322784423828, 2.010469675064087, 17.462677001953125, -32.48794321494092, -32.28444537503315, -27.79564487542952, -32.37097192180955, -23.330059416752132, 0.03783364221453667, 0.2369306981563568, 1.2159513235092163, 20.40114402770996, 0.8760320429724837, -0.23986940000234544, -0.5430462194449077, -0.5472290661302873, -0.5575594053595384, -0.5694946617177585]",[1],J0241.3+6542,bcu,J0241.3+6543,bll,bll,J0241.3+6543,bll,J0241.3+6543,bll
230,J0242.3+1102,"[2.581815242767334, 2.4354398250579834, 1.8651971817016602, 93.25212097167969, -28.953360919039728, -28.580721359381485, -28.01247467868099, -28.637726751052785, -23.60601321134277, 0.24351023137569427, 0.8028373122215271, 3.8822288513183594, 14.39525032043457, -0.30325731100797443, -0.5631890757062272, -0.710808162514765, -0.8418078658730097, -0.999216949298812, 0.40789801449940544]",[1],J0242.3+1059,fsrq,J0242.3+1102,fsrq,fsrq,J0242.3+1102,fsrq,J0242.3+1102,fsrq
231,J0243.4+7119,"[2.1332807540893555, 2.0221469402313232, 1.761643409729004, 118.97513580322266, -31.94653697115205, -31.625719711600503, -27.87655860028695, -31.69542715598662, -23.370150637857716, 0.1458243727684021, 0.8405718803405762, 3.6182401180267334, 19.82539939880371, -0.999643093222158, 0.9997908310898248, -0.5211848667878446, -0.49747927946125176, -0.7036769325725591, -0.6383433024726938]",[1],J0243.5+7119,bll,J0243.4+7119,bll,bll,J0243.4+7119,bll,J0243.4+7119,bll
232,J0244.6-5819,"[1.7456912994384766, 1.691127896308899, 1.5824028253555298, 39.95507049560547, -33.50305522477535, -33.233644639318875, -28.188466848241575, -33.3441443000846, -23.946615710111832, 0.04471958056092262, 0.46414637565612793, 1.5003736019134521, 24.722524642944336, 0.9806271107803621, -0.5517167801686474, -0.3458867294686037, -0.3481484053624618, -0.5556888703861856, -0.051890367139270616]",[1],J0244.8-5818,bll,J0244.6-5819,bll,bll,J0244.6-5819,bll,J0244.6-5819,bll
233,J0245.4+2408,"[2.6761081218719482, 2.6476423740386963, 2.52921199798584, 107.83850860595703, -28.904557485095633, -28.593450479123856, -28.06544938819247, -28.705108205541595, -23.800695236878276, 0.08198752999305725, 0.9469513297080994, 1.5318797826766968, 12.261452674865723, 0.6164931477487463, -0.638106530590098, -0.8664334861884018, -0.5530554812481098, -0.7541649676720343, -0.9988452076669112]",[1],J0245.4+2410,fsrq,J0245.4+2408,fsrq,fsrq,J0245.4+2408,fsrq,J0245.4+2408,fsrq
234,J0245.9-4650,"[2.4174599647521973, 2.3084590435028076, 2.1126363277435303, 1149.3251953125, -28.644088229004225, -28.382250281435706, -27.74824371237032, -28.45195951959479, -23.24623955280921, 0.11460819840431213, 0.6869489550590515, 7.286333084106445, 77.36146545410156, -0.256737265032787, -0.5445676991166161, -0.6967936687898689, -0.7341057949468518, -0.8074285883846942, -0.8758522880231813]",[1],J0245.9-4651,fsrq,J0245.9-4650,fsrq,fsrq,J0245.9-4650,fsrq,J0245.9-4650,fsrq
235,J0248.4+6021,"[2.648937940597534, 2.5485174655914307, 1.1263680458068848, 8.007965087890625, -30.098071897111794, -29.57975981550686, -27.054435114435602, -29.79223731815501, -22.690436855920566, 0.5417307615280151, 0.0, 9.309028625488281, 35.028568267822266, -0.40700441102794754, -0.4120507806579376, -0.5840623790845374, -0.826843970588689, -0.9999999994809264, 0.9999999633065896]",[0],J0248.5+6022,PSR,J0248.4+6021,PSR,PSR,J0248.4+6021,PSR,J0248.4+6021,PSR
236,J0248.6+4230,"[2.2556796073913574, 2.1930830478668213, 0.014756367541849613, 3.7661101818084717, -32.23125625154771, -31.486383245386097, -29.145145939997064, -31.76135391850467, -23.813962564701153, 0.7683756947517395, 0.0, 4.883401870727539, 11.17754077911377, -0.999999274270428, 0.9999996065896777, -0.40091723440919635, -0.5609906352486512, -0.9999348564608778, -0.9424414246776224]",[0],J0248.5+4232,psr,J0248.6+4230,PSR,PSR,J0248.6+4230,MSP,J0248.6+4230,MSP
237,J0250.2-8224,"[2.6535959243774414, 2.607805013656616, 2.377162218093872, 105.21804809570312, -29.340592521677795, -29.103649086869567, -28.293023837761698, -29.14728699779805, -23.984395416066487, 0.062056899070739746, 0.8295254707336426, 1.2293283939361572, 13.99285888671875, -0.3450194449917283, -0.7174901829200894, -0.6964505282008783, -0.8204635257503341, -0.8532117118381431, -0.9978603203711852]",[1],J0244.4-8224,bcu,J0250.2-8224,bcu,bcu,J0250.2-8224,bcu,J0250.2-8224,bcu
238,J0250.6+1712,"[1.8404546976089478, 1.7662659883499146, 1.691833734512329, 22.180931091308594, -33.48851765310394, -33.19764229796127, -28.16587344648918, -33.32982273165586, -23.73913372743846, 0.059807147830724716, 0.4206427335739136, 1.1739859580993652, 14.584976196289062, -0.3047979116513554, -0.6767925632933104, -0.4776728307605976, -0.313762441646384, -0.550002748875797, -0.3042641365156516]",[1],J0250.6+1713,fsrq,J0250.6+1712,bll,bll,J0250.6+1712,bll,J0250.6+1712,bll
239,J0250.6+8435,"[2.1162919998168945, 1.9840933084487915, 1.6512792110443115, 17.59246063232422, -32.29910614371491, -32.007385321128204, -28.496091188041817, -32.04033674327705, -23.99370700640636, 0.09986769407987595, 0.24209533631801605, 1.827205777168274, 16.610807418823242, 0.2161151627573396, -0.54359800484418, -0.6143784625580061, -0.368836986605512, -0.6270480449333562, -0.9998828241309599]",[1],J0249.1+8438,bcu,J0250.6+8435,bcu,bcu,J0250.6+8435,bcu,J0250.6+8435,bcu
240,J0250.7+5630,"[2.0599043369293213, 2.0327091217041016, 1.9390873908996582, 3.583678722381592, -33.17561294147836, -32.90121002501553, -27.905666870407213, -33.09555868971077, -23.404399853371523, 0.03391748294234276, 0.0, 0.5322492718696594, 11.073596954345703, -0.7475182919645392, -0.43649846094152833, -0.5985275863621965, -0.3468064507526029, -0.5776153059591193, -0.6261699895141085]",[1],J0250.6+5630,bcu,J0250.7+5630,bcu,bcu,J0250.7+5630,bcu,J0250.7+5630,bcu
241,J0251.0+2605,"[2.252717971801758, 1.9188693761825562, 0.2884902060031891, 7.768150806427002, -31.1416514890997, -30.50927829455444, -28.483279871132968, -30.57283810329929, -23.439030530017025, 0.6527612805366516, 0.0, 7.555770397186279, 19.53154754638672, 0.928985875509076, -0.3744508805831723, -0.2879758780568812, -0.7067700238043219, -0.9680335281181011, -0.9993948044665476]",[0],J0251.1+2603,psr,J0251.0+2605,PSR,PSR,J0251.0+2605,MSP,J0251.0+2605,MSP
242,J0251.5-5958,"[2.2149689197540283, 2.0946156978607178, 1.7242202758789062, 33.32718276977539, -32.29597143553663, -31.96132795488988, -28.7335431394838, -32.02434421017839, -24.276303268198024, 0.1521701216697693, 0.7215186357498169, 1.6127289533615112, 9.454773902893066, -0.7284899996818803, -0.6696736342756026, -0.47620555652146535, -0.5527565268122825, -0.7047799541097669, -0.9999562462910556]",[1],J0251.5-5959,fsrq,J0251.5-5958,fsrq,fsrq,J0251.5-5958,fsrq,J0251.5-5958,fsrq
243,J0252.8-2219,"[2.359727144241333, 2.2524166107177734, 2.1409366130828857, 1195.5916748046875, -27.889841311071194, -27.683715545541776, -27.743958762268548, -27.777125820039874, -23.026166339053184, 0.08602657914161682, 0.5668993592262268, 7.222116470336914, 97.46653747558594, -0.17060315110874738, -0.5590591443706316, -0.6776262621858868, -0.705980206764576, -0.7776704444609134, -0.8333588702773523]",[1],J0252.8-2218,fsrq,J0252.8-2219,fsrq,fsrq,J0252.8-2219,fsrq,J0252.8-2219,fsrq
244,J0252.9+3834,"[2.6318359375, 2.5181021690368652, 2.2472219467163086, 17.457117080688477, -29.563412916041806, -29.21140864858321, -28.34884754495118, -29.31073677183774, -24.061157591885774, 0.15118186175823212, 0.435260146856308, 1.4238543510437012, 7.983041763305664, -0.5512931924938732, -0.6470323408925357, -0.7584311621565781, -0.7563067023776973, -0.7018170969703137, -0.9981862796135048]",[1],J0252.3+3830,fsrq,J0252.9+3834,fsrq,fsrq,J0252.9+3834,fsrq,J0252.9+3834,fsrq
245,J0253.2-5441,"[2.5320990085601807, 2.4868228435516357, 2.3790202140808105, 176.1937713623047, -29.66737299023839, -29.413952926941764, -28.52669680848187, -29.502582612580674, -24.016998925505774, 0.06622181087732315, 0.8379262089729309, 1.5150283575057983, 22.314159393310547, -0.42664732561519353, -0.5452763150465405, -0.7416522103790036, -0.7902115870882765, -0.7118220419027496, -0.5302493111669552]",[1],J0253.1-5438,fsrq,J0253.2-5441,fsrq,fsrq,J0253.2-5441,fsrq,J0253.2-5441,fsrq
246,J0253.2-0124,"[2.0728232860565186, 2.043334722518921, 1.9896043539047241, 5.828343868255615, -32.46797698733324, -32.244945836661685, -28.47225699578043, -32.36729883002723, -23.971065262310102, 0.02986624464392662, 0.0, 0.563856303691864, 11.197978973388672, 0.7349382347148963, -0.13107101522105208, -0.5639301611369703, -0.518044196082523, -0.6261636254557018, -0.26896288362899484]",[1],J0253.0-0125,bll,J0253.2-0124,bll,bll,J0253.2-0124,bll,J0253.2-0124,bll
247,J0253.5+3216,"[2.1734519004821777, 2.1529619693756104, 2.0743680000305176, 97.16370391845703, -32.17649545700831, -31.959931698178817, -28.337244989921516, -32.05248005592649, -23.868699076107703, 0.03536905720829964, 1.4509090185165405, 0.7300217747688293, 10.30109691619873, -0.9996992355980583, 0.9999747955188368, -0.6870301151079459, -0.5905001425297277, -0.4558945858075787, -0.6422746854661836]",[1],J0253.5+3216,bcu,J0253.5+3216,fsrq,fsrq,J0253.5+3216,fsrq,J0253.5+3216,fsrq
248,J0253.9+5103,"[2.4682021141052246, 2.4420650005340576, 2.3031227588653564, 111.13717651367188, -30.21720579072991, -29.982331211884038, -27.796900683514338, -30.037667485046814, -23.49639296850675, 0.06157622113823891, 0.6979255080223083, 1.6847172975540161, 17.114110946655273, 0.9509958736556137, -0.5067855244067079, -0.7542449008981992, -0.5929143518088238, -0.7902061239592095, -0.9860643253979348]",[1],J0253.8+5104,fsrq,J0253.9+5103,fsrq,fsrq,J0253.9+5103,fsrq,J0253.9+5103,fsrq
249,J0255.8+0534,"[2.1889617443084717, 2.1055757999420166, 1.8336405754089355, 16.996519088745117, -32.531981219270385, -32.261156571954004, -28.293399099345496, -32.31720411026598, -23.8743531687447, 0.11214502155780792, 0.6503841876983643, 1.1025315523147583, 5.934183120727539, 0.28903510801844345, -0.727034908690274, -0.559286555811994, -0.5214891811351365, -0.7693256575270913, -0.7711943789415514]",[1],J0255.8+0532,bcu,J0255.8+0534,bll,bll,J0255.8+0534,bll,J0255.8+0534,bll
250,J0256.3+0334,"[2.0863516330718994, 2.071873188018799, 2.0000064373016357, 23.171844482421875, -32.21052875861898, -32.03095258303596, -28.254087828608295, -32.106205096663295, -23.75228596280385, 0.0179214458912611, 0.3625245690345764, 0.45746639370918274, 14.778587341308594, 0.9994541238918657, -0.5825386319994622, -0.6199658066524947, -0.48752167539750335, -0.3434136240549124, -0.9007182611644317]",[1],J0256.3+0335,bcu,J0256.3+0334,bll,bll,J0256.3+0334,bll,J0256.3+0334,bll
251,J0257.9-1215,"[2.647768974304199, 2.6325371265411377, 2.5444867610931396, 47.19236755371094, -29.125828314631992, -28.933237120344884, -28.45652653132405, -29.00379417321873, -24.056029084671994, 0.019928105175495148, 0.7020205855369568, 0.34211891889572144, 10.544418334960938, -0.41836860627397837, -0.6776808199537793, -0.7662926766453804, -0.6660307652324585, -0.831397676023726, -0.9999391144950905]",[1],J0257.8-1216,fsrq,J0257.9-1215,fsrq,fsrq,J0257.9-1215,fsrq,J0257.9-1215,fsrq
252,J0258.1+2030,"[2.12661075592041, 1.9613474607467651, 1.3967056274414062, 25.72598648071289, -32.17100693784229, -31.736899767974993, -28.126719341124893, -31.77813982581916, -23.335517365164836, 0.24578595161437988, 0.6618234515190125, 3.042897939682007, 8.888725280761719, -0.9998111598084743, 0.99784135075793, 0.125461987471449, -0.5523958190498482, -0.7107286146325245, -0.6556731397432776]",[1],J0258.0+2030,bll,J0258.1+2030,bll,bll,J0258.1+2030,bll,J0258.1+2030,bll
253,J0259.4+0746,"[2.198148488998413, 2.1220638751983643, 2.0320920944213867, 259.1541442871094, -29.907021216769824, -29.71084036054164, -27.593497358674043, -29.798767006558318, -23.106433471332, 0.06204892322421074, 0.6315116882324219, 3.2022674083709717, 38.127952575683594, 0.8677153803276003, -0.4814281414712089, -0.5998221013603219, -0.5751101927657318, -0.6807668395252655, -0.6902666938436124]",[1],J0259.5+0746,fsrq,J0259.4+0746,fsrq,fsrq,J0259.4+0746,fsrq,J0259.4+0746,fsrq
254,J0301.0-1652,"[2.3143746852874756, 2.282034397125244, 1.9010076522827148, 21.66272735595703, -31.857499956999074, -31.69637055782282, -28.503644863317994, -31.65124128398064, -24.138565911129792, 0.04671233519911766, 0.970130980014801, 0.5020780563354492, 4.576432704925537, 0.022947471925040368, 0.9729299777571251, -0.7291509932221975, -0.4581863417889913, -0.7240282872330149, -0.9993488583555487]",[1],J0301.4-1652,bcu,J0301.0-1652,bcu,bll,J0301.0-1652,bll,J0301.0-1652,bll
255,J0301.6-7155,"[2.538780927658081, 2.4940590858459473, 2.311063051223755, 43.05643081665039, -30.218893748639513, -29.9944316660839, -28.541806156535294, -30.04756347763769, -24.173881619891212, 0.06531107425689697, 0.6058521270751953, 1.2606738805770874, 14.238946914672852, 0.007754863673233468, -0.6002193282402049, -0.6687666242433935, -0.7639534541246176, -0.8964931385309196, -0.9981425708314224]",[1],J0301.8-7157,bcu,J0301.6-7155,fsrq,fsrq,J0301.6-7155,fsrq,J0301.5-7156,fsrq
256,J0301.9-2731,"[2.2933857440948486, 2.191802978515625, 1.8600131273269653, 20.60120391845703, -31.235767654060552, -30.966092422194126, -28.6888486419311, -30.999673990356605, -24.163235142084925, 0.10785920172929764, 0.3836599588394165, 1.3888198137283325, 9.25622272491455, 0.989787618143052, -0.6131076110615266, -0.6195995427365821, -0.5582378521507431, -0.8301020924405432, -0.999902381793748]",[1],J0301.8-2721,bcu,J0301.9-2731,bcu,bcu,J0301.9-2731,bcu,J0301.9-2731,bcu
257,J0303.2+3149,"[2.4007883071899414, 2.3012986183166504, 1.8440709114074707, 7.388322830200195, -31.04492484076627, -30.727738850572454, -28.252208556768938, -30.752425608559413, -23.921478960129548, 0.15962828695774078, 0.0, 1.9832546710968018, 7.4197096824646, 0.7354158604805763, -0.5861446557525635, -0.5983626327724628, -0.7004994897887079, -0.8213452844438556, -0.9999969938427117]",[1],J0303.0+3150,bcu,J0303.2+3149,bcu,bcu,J0303.2+3149,bcu,J0303.2+3149,bcu
258,J0303.3-7913,"[2.466143846511841, 2.438246965408325, 2.241262197494507, 26.011693954467773, -30.594784231284944, -30.413437479215737, -28.38771045930624, -30.43597490697259, -24.028517586865057, 0.032769039273262024, 0.47282928228378296, 0.5949506163597107, 9.927608489990234, -0.26709341549112264, -0.6291942617616838, -0.781665744766888, -0.39458367786040993, -0.8670425131034398, -0.9998782115295559]",[1],J0302.5-7915,fsrq,J0303.3-7913,fsrq,fsrq,J0303.3-7913,fsrq,J0303.3-7913,fsrq
259,J0303.4-2407,"[1.910174012184143, 1.8485527038574219, 1.8295282125473022, 365.38336181640625, -29.88761895472496, -29.768973096254616, -27.15499403286429, -29.847783915151183, -22.840927239880674, 0.03126119449734688, 0.39570868015289307, 3.0297532081604004, 103.37870788574219, -0.12288094275926313, -0.37442298055336043, -0.4850063913321698, -0.4479210528009328, -0.5003314892326847, -0.467586610093545]",[1],J0303.4-2407,BLL,J0303.4-2407,BLL,BLL,J0303.4-2407,BLL,J0303.4-2407,BLL
260,J0303.6+4716,"[2.198780059814453, 2.097484588623047, 2.0090842247009277, 71.19761657714844, -29.942042722278792, -29.732194328512783, -27.5972342653464, -29.821217790332074, -23.10275553500803, 0.0793747752904892, 0.2540399432182312, 4.257111549377441, 49.83732223510742, 0.47826404414783447, -0.4472214147172813, -0.5662853697674617, -0.6012341354344939, -0.7129587949479878, -0.5290457817596794]",[1],J0303.6+4716,bll,J0303.6+4716,bll,bll,J0303.6+4716,bll,J0303.6+4716,bll
261,J0303.6-6211,"[2.4503238201141357, 2.3455073833465576, 2.197091579437256, 153.05511474609375, -29.519705407992237, -29.319177205300676, -28.011383162568606, -29.39852733890167, -23.70481365664152, 0.09502725303173065, 0.5563915371894836, 2.9235832691192627, 31.592830657958984, -0.4756031078790249, -0.5066801227205835, -0.711262877481665, -0.6360267219453696, -0.8487340974308734, -0.999758133321436]",[1],J0303.7-6211,fsrq,J0303.6-6211,fsrq,fsrq,J0303.6-6211,fsrq,J0303.6-6211,fsrq
262,J0304.4-2833,"[1.727044701576233, 1.2086502313613892, 0.3659091889858246, 9.968793869018555, -34.37072783076939, -33.68428936300727, -28.594568477153558, -33.791942563549355, -24.279774125121047, 0.48686516284942627, 0.0, 2.6767630577087402, 8.756134033203125, 0.9989339017843923, 0.9885473661212528, -0.6778037702704057, 0.2164515464584786, -0.46411122676545125, -0.7495095510349739]",[1],J0304.3-2836,bll,J0304.4-2833,bll,bll,J0304.4-2833,bll,J0304.4-2833,bll
263,J0304.5+6821,"[2.6311495304107666, 2.669610023498535, 2.0404508113861084, 56.07244110107422, -29.757804881709525, -29.415875968307525, -27.324461043766394, -29.26298241700465, -23.251265560088353, 0.21324698626995087, 0.34501633048057556, 5.583645820617676, 21.779390335083008, -0.1711420156932858, -0.58559898398245, -0.7607425360535889, -0.8052810283711064, -0.8586366073272323, -0.9998753680327896]",[1],J0304.9+6817,bcu,J0304.5+6821,bcu,bcu,J0304.5+6821,bcu,J0304.5+6821,bcu
264,J0305.1-1608,"[1.7855883836746216, 1.7188249826431274, 1.504028081893921, 25.84069061279297, -34.05920746552485, -33.76731565932607, -28.41821624675678, -33.844310403405, -24.019367287275976, 0.05894559994339943, 0.4783560335636139, 0.9641966819763184, 12.682076454162598, 0.9930243134867608, -0.7409510902363234, -0.3720895736668698, -0.5009251892880845, -0.1061855150047673, -0.5000221575285172]",[1],J0305.2-1607,bcu,J0305.1-1608,bll,bll,J0305.1-1608,bll,J0305.1-1608,bll
265,J0307.8+7443,"[2.22798228263855, 2.110893487930298, 0.37587034702301025, 13.590873718261719, -31.051406860230752, -30.515778514411338, -28.281100125812863, -30.564396467867017, -23.087269554584683, 0.616987943649292, 0.06842981278896332, 17.764490127563477, 49.64130401611328, 0.2919268260699108, 0.3293704478466826, -0.35181066229752284, -0.7033088163737845, -0.9901226904535007, -0.9999840598903945]",[0],J0308.0+7442,PSR,J0307.8+7443,PSR,PSR,J0307.8+7443,MSP,J0307.8+7443,MSP
266,J0308.4+0407,"[1.9733450412750244, 1.9073947668075562, 1.7617155313491821, 40.26124572753906, -32.2458236027539, -31.96611297104511, -28.00896254906727, -32.07231219277714, -23.55166898722043, 0.07429097592830658, 0.4331355690956116, 2.22900128364563, 21.803926467895508, -0.9818789507668579, 0.9986215815008503, -0.5153600685183581, -0.4342630536826383, -0.6163053328846199, -0.45761296155120557]",[1],J0308.6+0408,rdg,J0308.4+0407,rdg,rdg,J0308.4+0407,rdg,J0308.4+0407,rdg
267,J0309.0+1029,"[2.350484609603882, 2.2258169651031494, 2.063946485519409, 496.8484191894531, -29.30626492125032, -29.04198772439367, -27.67544463942732, -29.131258316911786, -23.163467947996935, 0.11466831713914871, 1.1008720397949219, 3.962965726852417, 30.400724411010742, -0.38377973006306293, -0.4427407522447181, -0.63351540269485, -0.7236408606716311, -0.7276196492897405, -0.6902184406564823]",[1],J0309.0+1029,fsrq,J0309.0+1029,fsrq,fsrq,J0309.0+1029,fsrq,J0309.0+1029,fsrq
268,J0309.7-0745,"[1.9761334657669067, 1.8710076808929443, 1.3611156940460205, 10.909685134887695, -32.87611077321289, -32.49014013538164, -28.383532511993184, -32.517949881400895, -23.905682438628936, 0.09222376346588135, 0.22868692874908447, 1.109531044960022, 10.887764930725098, 0.953095624313103, -0.604455162469234, -0.49300107517079056, -0.18433869672779962, -0.8623783033067581, -0.03189928264511384]",[1],J0309.5-0749,bll,J0309.7-0745,bll,bll,J0309.7-0745,bll,J0309.7-0745,bll
269,J0309.9-6058,"[2.4910004138946533, 2.4134228229522705, 2.2237086296081543, 781.6594848632812, -28.710778545557307, -28.469926682422415, -27.88115217598054, -28.542594869892444, -23.428528950330932, 0.09831316024065018, 0.6717187762260437, 5.770049095153809, 63.52618408203125, -0.056317880617880824, -0.6035905525495069, -0.724786799990034, -0.7448873806933267, -0.8038965867729235, -0.9980208101669262]",[1],J0309.9-6057,fsrq,J0309.9-6058,fsrq,fsrq,J0309.9-6058,fsrq,J0309.9-6058,fsrq
270,J0310.6-5017,"[1.809224247932434, 1.7542601823806763, 1.5300750732421875, 29.76457977294922, -33.551452683804, -33.27665113066845, -28.380864122113415, -33.30471600078671, -24.039466213046722, 0.04932776093482971, 0.514918327331543, 1.1666483879089355, 17.565454483032227, -0.507507128892944, 0.9605992751031639, -0.30403490234652025, -0.5831603787238483, -0.05561527635915071, -0.7458468783982786]",[1],J0310.4-5015,bcu,J0310.6-5017,bll,bll,J0310.6-5017,bll,J0310.6-5017,bll
271,J0310.9+3815,"[2.3957979679107666, 2.305372476577759, 2.010061264038086, 17.488340377807617, -30.85175215568768, -30.57574649144459, -28.228582298263156, -30.63229804582148, -23.852762990984118, 0.10070022195577621, 0.3689619302749634, 1.5514577627182007, 11.18244457244873, 0.9961756432928326, -0.7252088690242793, -0.6133891363250097, -0.5531232108835867, -0.9198046912129759, -0.9951111467408342]",[1],J0310.8+3814,fsrq,J0310.9+3815,fsrq,fsrq,J0310.9+3815,fsrq,J0310.9+3815,fsrq
272,J0312.8+0134,"[2.3273110389709473, 2.2520389556884766, 2.0847597122192383, 84.17485809326172, -30.948409037394104, -30.69794526880496, -28.15996577621479, -30.767926542744696, -23.714409887227426, 0.0872453972697258, 0.8802946209907532, 1.6122080087661743, 14.513967514038086, 0.9938434823165694, -0.2676458942519207, -0.6657687901948333, -0.6215083821357165, -0.6281632812485586, -0.999999999663554]",[1],J0312.7+0133,fsrq,J0312.8+0134,fsrq,fsrq,J0312.8+0134,fsrq,J0312.8+0134,fsrq
273,J0312.9+3614,"[1.8818726539611816, 1.8342570066452026, 1.7768375873565674, 10.345003128051758, -33.463077926701416, -33.196890339925645, -28.246248276688288, -33.329235855576755, -23.78181149297235, 0.05329650267958641, 0.20314925909042358, 1.2407888174057007, 13.398810386657715, -0.999694262277504, 0.9965590139920919, -0.19095776537981904, -0.4327022473814631, -0.6282224068328809, -0.14940831995619366]",[1],J0312.7+3613,bll,J0312.9+3614,bll,bll,J0312.9+3614,bll,J0312.9+3614,bll
274,J0314.3-5103,"[2.043464183807373, 2.0021770000457764, 1.8933862447738647, 31.245962142944336, -31.94629290207688, -31.743610570045252, -28.344896160617587, -31.820885958355635, -23.85718971776014, 0.03940771147608757, 0.3054494559764862, 1.3560490608215332, 25.14274024963379, 0.9971403685274568, -0.5841826255830402, -0.5767766367661695, -0.4644097604480376, -0.5887228137498328, -0.4840837539043424]",[1],J0314.3-5103,bll,J0314.3-5103,bll,bll,J0314.3-5103,bll,J0314.3-5103,bll
275,J0315.9-1033,"[2.4754579067230225, 2.4318559169769287, 2.2396492958068848, 123.40873718261719, -29.57076198324254, -29.289675060166033, -28.220709156871067, -29.368292309616674, -23.7220045857395, 0.08508769422769547, 0.7697346806526184, 2.0576083660125732, 17.83530616760254, 0.0655575039042628, -0.5383171934585366, -0.7537766507240472, -0.64216616943333, -0.7870591140774265, -0.9982214666320723]",[1],J0315.5-1026,fsrq,J0315.9-1033,fsrq,fsrq,J0315.9-1033,fsrq,J0315.9-1033,fsrq
276,J0316.2-6437,"[1.7926746606826782, 1.5900299549102783, 1.5057131052017212, 12.993483543395996, -32.750300076154865, -32.47712484210341, -28.20239494007945, -32.60713139569646, -23.864262381806103, 0.11711349338293076, 0.17006511986255646, 3.201164484024048, 24.25187873840332, -0.2859226705788846, -0.03815631764411828, -0.0599936653293193, -0.2896852404262003, -0.5451403154619364, -0.37263637768673685]",[1],J0316.2-6436,bll,J0316.2-6437,bll,bll,J0316.2-6437,bll,J0316.2-6437,bll
277,J0316.2+0905,"[1.929385781288147, 1.8634240627288818, 1.785050392150879, 57.7668571472168, -32.161749000648115, -31.905503493988753, -27.668362128413943, -32.026470152063744, -23.24027924556236, 0.05875365436077118, 0.3675127625465393, 2.339979410171509, 34.746063232421875, 0.9988893503282262, -0.4033487897809824, -0.4634838239782322, -0.4103684245098721, -0.5294102709086176, -0.5290142738450488]",[1],J0316.1+0904,bll,J0316.2+0905,bll,bll,J0316.2+0905,bll,J0316.2+0905,bll
278,J0316.2-2608,"[1.8743906021118164, 1.7742563486099243, 1.5911518335342407, 11.181520462036133, -32.71261147040494, -32.39015856289534, -28.21192262628184, -32.49122586982621, -23.86398215127394, 0.09793779999017715, 0.12867355346679688, 2.599846363067627, 21.76324462890625, 0.4213228174311484, 0.2454559002758314, -0.5483822851304687, -0.2639783785668352, -0.6510450079137341, -0.4000975631063986]",[1],J0316.1-2611,bll,J0316.2-2608,bll,bll,J0316.2-2608,bll,J0316.2-2608,bll
279,J0316.8+4120,"[1.8546316623687744, 1.8347705602645874, 1.7992409467697144, 20.89583396911621, -34.938981334192626, -34.54822411112066, -28.037527631299508, -34.83586400084126, -23.37623341757504, 0.01635352522134781, 0.6109335422515869, 0.0, 7.866201877593994, 0.7258331559724457, -0.9253025504544318, -0.3946741857084367, -0.6701429837286494, -0.3877749960302696, -0.2612337615239688]",[1],J0316.6+4119,rdg,J0316.8+4120,RDG,RDG,J0316.8+4120,RDG,J0316.8+4120,RDG
280,J0318.7+2135,"[2.0629842281341553, 1.9974836111068726, 1.8667534589767456, 23.720754623413086, -32.01554244166151, -31.754054976958336, -28.03045204724864, -31.86123756832408, -23.53028436579843, 0.0650290995836258, 0.3132757246494293, 1.721634030342102, 19.165706634521484, -0.3976815922321239, -0.39786158403662536, -0.574195354736806, -0.3825800730588799, -0.6646890523936767, -0.485033933087005]",[1],J0318.7+2134,bcu,J0318.7+2135,bll,bll,J0318.7+2135,bll,J0318.7+2135,bll
281,J0319.8+4130,"[2.1055078506469727, 2.046459197998047, 1.9435393810272217, 4829.67431640625, -28.812287422017622, -28.557907192087523, -26.2837078833067, -28.648087209308166, -21.86515890575675, 0.06488782912492752, 0.47453784942626953, 11.617538452148438, 235.64891052246094, -0.18159497550285666, -0.42003502306314133, -0.5667904854418064, -0.5436634895098879, -0.6679702080455302, -0.6959833593990845]",[1],J0319.8+4130,RDG,J0319.8+4130,RDG,RDG,J0319.8+4130,RDG,J0319.8+4130,RDG
282,J0319.8+1845,"[1.6630195379257202, 1.6168256998062134, 1.5624860525131226, 43.77662658691406, -34.14190144717769, -33.83549589661258, -28.043181912791393, -33.979517434255314, -23.78277981128533, 0.054101601243019104, 0.7837706208229065, 1.5376920700073242, 16.637958526611328, -0.9988745252962422, -0.021715981197820595, 0.9999706516045754, -0.42316285181287916, -0.2947155785455966, -0.3031728403474462]",[1],J0319.8+1847,bll,J0319.8+1845,bll,bll,J0319.8+1845,bll,J0319.8+1845,bll
283,J0322.0+2335,"[1.9860870838165283, 1.9697068929672241, 1.8937108516693115, 17.656991958618164, -31.98050908114753, -31.799049725209482, -27.814891313636572, -31.87687781132562, -23.35417388326741, 0.01342551875859499, 0.15465526282787323, 0.6046262979507446, 33.427547454833984, 0.9985608984033356, -0.529498396774552, -0.5801977774681829, -0.4237983171172194, -0.5238534895136027, -0.4020158539972639]",[1],J0322.0+2335,bll,J0322.0+2335,bll,bll,J0322.0+2335,bll,J0322.0+2335,bll
284,J0323.7-0111,"[1.8966516256332397, 1.8102885484695435, 1.6171594858169556, 12.01434326171875, -32.574028464328684, -32.25368612613685, -28.03512482801797, -32.34963161606337, -23.645534554365753, 0.09815383702516556, 0.12475357204675674, 2.833191156387329, 23.499256134033203, 0.999899521406119, -0.1649327201482076, -0.49966818705318267, -0.2674850627396617, -0.6727095960991631, -0.33723320630628456]",[1],J0323.6-0109,bll,J0323.7-0111,bll,bll,J0323.7-0111,bll,J0323.7-0111,bll
285,J0324.8+3412,"[2.817988395690918, 2.8120903968811035, 2.7831294536590576, 197.37489318847656, -28.11471989438681, -27.85657220548019, -27.692220242509133, -27.87752853872164, -23.608824286641152, 0.057676225900650024, 0.5829617381095886, 1.938913345336914, 22.177602767944336, -0.4050022349328679, -0.7488769197425139, -0.8293011397002649, -0.7914814990807498, -0.9497011394776658, 0.6274138640554752]",[1],J0325.2+3410,nlsy1,J0324.8+3412,nlsy1,nlsy1,J0324.8+3412,nlsy1,J0324.8+3412,nlsy1
286,J0325.5-5635,"[1.9475634098052979, 1.9062238931655884, 1.8619945049285889, 36.16117858886719, -32.59808866935686, -32.35694513648657, -28.387233306082667, -32.49560742276709, -23.96499339395333, 0.037127137184143066, 0.4136705696582794, 1.1455743312835693, 21.878259658813477, 0.999950431353356, -0.4862481935339023, -0.4508057314124697, -0.5375728890367905, -0.40327333896570905, -0.4474497072392331]",[1],J0325.2-5634,bll,J0325.5-5635,bll,bll,J0325.5-5635,bll,J0325.5-5635,bll
287,J0325.6-1646,"[1.8614749908447266, 1.8022794723510742, 1.6898069381713867, 37.919822692871094, -32.47387325148278, -32.221612338356344, -27.901178363356863, -32.32069234900267, -23.57278332385557, 0.05193904787302017, 0.30915993452072144, 2.11545467376709, 32.281288146972656, -0.7204619867544805, -0.3268758191564452, -0.5055470330129912, -0.3173798998736318, -0.5649745868981179, -0.26833348211003805]",[1],J0325.6-1648,bll,J0325.6-1646,bll,bll,J0325.6-1646,bll,J0325.6-1646,bll
288,J0325.7+2225,"[2.653165102005005, 2.5366926193237305, 2.122765064239502, 176.59414672851562, -27.991316316887982, -27.679451702625865, -27.766153270083503, -27.722607437176848, -23.374496997697044, 0.16711607575416565, 0.4640902578830719, 5.990322113037109, 32.3050422668457, -0.3780267649440466, -0.6458432307904719, -0.7646273216784255, -0.846334537738187, -0.9353490074928432, -0.9999913811244566]",[1],J0325.5+2223,fsrq,J0325.7+2225,fsrq,fsrq,J0325.7+2225,fsrq,J0325.7+2225,fsrq
289,J0325.9-1843,"[2.222383499145508, 2.2047173976898193, 2.041393995285034, 14.493179321289062, -32.73745017045595, -32.61126144609588, -28.529801436414072, -32.6116003210884, -24.157251973368822, 0.029283860698342323, 0.2877052426338196, 0.3659017086029053, 5.359991073608398, -0.673095358354035, 0.9923186588745597, -0.7869418700043919, -0.3325738631040767, -0.7615869157660266, -0.3179101214069247]",[1],J0326.0-1842,bcu,J0325.9-1843,bcu,bcu,J0325.9-1843,bcu,J0325.9-1843,bcu
290,J0326.2+0225,"[1.8823535442352295, 1.849933385848999, 1.7611557245254517, 18.236656188964844, -32.81160745472093, -32.5879426464492, -27.99051670245033, -32.69060631785707, -23.5841836071769, 0.02882596291601658, 0.2444515824317932, 0.9460854530334473, 21.78713035583496, 0.8209652751739238, -0.5449669715274502, -0.5765711525103067, -0.3224593275819954, -0.37024214377609427, -0.6093727770230856]",[1],J0326.2+0225,bll,J0326.2+0225,bll,bll,J0326.2+0225,bll,J0326.2+0225,bll
291,J0331.3-6156,"[2.004706621170044, 1.942964792251587, 1.90748929977417, 31.72831153869629, -32.103972810589866, -31.83801824365372, -28.292605960006135, -31.98774619622609, -23.831291267001138, 0.06448237597942352, 0.3376798629760742, 2.2056782245635986, 26.008941650390625, -0.3607166608056097, -0.016107671033506035, -0.48186842404103236, -0.5547399037436187, -0.533312856978348, -0.6123593038883705]",[1],J0331.3-6155,bcu,J0331.3-6156,bll,bll,J0331.3-6156,bll,J0331.3-6156,bll
292,J0331.9+6307,"[2.090054750442505, 2.025582790374756, 1.8770790100097656, 24.907075881958008, -32.34227860874186, -32.056172048922576, -27.80793287745817, -32.156938879942814, -23.31931098998646, 0.08711916208267212, 0.28205376863479614, 2.385908842086792, 20.010669708251953, -0.20251283205537712, -0.5718919650134185, -0.4743267533589742, -0.5647630523058307, -0.5930411567885776, -0.31695524347704584]",[1],J0332.0+6308,bcu,J0331.9+6307,bll,bll,J0331.9+6307,bll,J0331.9+6307,bll
293,J0333.7+7851,"[2.077672243118286, 2.0130937099456787, 1.8691484928131104, 13.631274223327637, -32.39002192852952, -32.12527185784971, -28.400937941875803, -32.2209389862379, -23.899307388423413, 0.060722507536411285, 0.1754746288061142, 1.5610164403915405, 21.203819274902344, -0.500283075787695, -0.4311638518414574, -0.582130568086008, -0.44238235509748425, -0.5477401532886734, -0.7719782225938006]",[1],J0333.4+7853,bcu,J0333.7+7851,bll,bll,J0333.7+7851,bll,J0333.7+7851,bll
294,J0333.7+2916,"[1.9727132320404053, 1.833519458770752, 1.6939142942428589, 21.628314971923828, -31.588060704670156, -31.345142373998648, -27.67591898826377, -31.437591267037973, -23.231045502756896, 0.09694651514291763, 0.19939099252223969, 3.817046880722046, 33.29710388183594, -0.17718492194606697, 0.5221418325055212, -0.47824970710417564, -0.3788827705808632, -0.6376004145874733, -0.5697985390342274]",[1],J0333.6+2916,bll,J0333.7+2916,bll,bll,J0333.7+2916,bll,J0333.7+2916,bll
295,J0333.8+4007,"[2.1716980934143066, 2.05910587310791, 1.7147061824798584, 15.646628379821777, -32.5469638947016, -32.23896504517739, -28.367906656291947, -32.27271455373438, -23.922877313290314, 0.14293532073497772, 0.32430872321128845, 1.6443852186203003, 7.436413764953613, -0.9986440241833877, 0.9994101902862531, -0.5696565407735376, -0.5225263090355203, -0.6983115264378097, -0.6660252382976692]",[1],J0333.4+4003,bcu,J0333.8+4007,bcu,bcu,J0333.8+4007,bcu,J0333.8+4007,bcu
296,J0333.9+6537,"[1.9752960205078125, 1.918135166168213, 1.7761666774749756, 64.85398864746094, -32.79029593996251, -32.53364639915422, -27.84318978125084, -32.61087371133721, -23.331719264574488, 0.06135684251785278, 0.4882858395576477, 2.3094332218170166, 28.113908767700195, 0.9036003052432732, -0.18009201863364768, -0.4401073566337396, -0.5318702709428867, -0.41321050190289643, -0.534073803275277]",[1],J0333.9+6538,bll,J0333.9+6537,bll,bll,J0333.9+6537,bll,J0333.9+6537,bll
297,J0334.2-3725,"[2.030806064605713, 1.9158607721328735, 1.8676321506500244, 99.80671691894531, -30.10103729645167, -29.933359058919674, -27.542285541759473, -30.024459433545374, -23.11587397038743, 0.06797802448272705, 0.2665032148361206, 4.417072296142578, 71.59752655029297, -0.44412787477653753, -0.3982600695124122, -0.5117186281257139, -0.5208026739293695, -0.6193226559739726, -0.5195217929596205]",[1],J0334.3-3726,bll,J0334.2-3725,bll,bll,J0334.2-3725,bll,J0334.2-3725,bll
298,J0334.2-4008,"[2.1829442977905273, 2.077632427215576, 1.9977383613586426, 481.68170166015625, -29.02831645463718, -28.840912663721102, -27.71382405492703, -28.93606296872908, -23.123002054744756, 0.07230116426944733, 0.4732656180858612, 5.402396202087402, 82.80702209472656, -0.1950546239256705, -0.4514078311490267, -0.6099804033389827, -0.5900656233296808, -0.6880952093054541, -0.75401309935518]",[1],J0334.3-4008,bll,J0334.2-4008,bll,bll,J0334.2-4008,bll,J0334.2-4008,bll
299,J0334.3+3920,"[1.809034824371338, 1.8245238065719604, 1.8618662357330322, 12.490408897399902, -34.54928646260608, -34.40270482592753, -28.449164396292034, -34.5346271383864, -23.931314494733158, -0.019741229712963104, 0.2993481457233429, 0.3540393114089966, 8.648808479309082, -0.9913457529459501, 0.9676877254123928, -0.5735471059421716, -0.272810553383676, -0.6748333372603023, 0.04194071777570596]",[1],J0334.2+3915,rdg,J0334.3+3920,rdg,rdg,J0334.3+3920,rdg,J0334.3+3920,rdg
300,J0335.1-4459,"[1.9812921285629272, 1.9825598001480103, 1.918156385421753, 33.34336471557617, -32.494973805133405, -32.34368056610364, -28.47670581477156, -32.41317259130548, -24.03140928375171, -0.0011367889819666743, 0.4627855718135834, 0.016220752149820328, 18.984888076782227, 0.9974453639877323, -0.22312659908973093, -0.5907164249145653, -0.5118119184488915, -0.3316779066366829, -0.47465578021352994]",[1],J0335.3-4459,bll,J0335.1-4459,bll,bll,J0335.1-4459,bll,J0335.1-4459,bll
301,J0336.8-3612,"[2.8129003047943115, 2.7948343753814697, 2.573500394821167, 12.548073768615723, -29.0279015211921, -28.832113772820236, -28.426756298422887, -28.84610291545415, -24.30209459427974, 0.023146111518144608, 0.158850759267807, 0.3423229455947876, 10.050986289978027, 0.9861680684756746, -0.7158541982948389, -0.7080156292063875, -0.8575335462078694, -0.9990771163246039, -0.9989898463207038]",[1],J0336.9-3622,fsrq,J0336.8-3612,fsrq,fsrq,J0336.8-3612,fsrq,J0336.8-3612,fsrq
302,J0338.1-2443,"[1.7325636148452759, 1.714883804321289, 1.4893174171447754, 10.057716369628906, -35.17095200697954, -34.89735330998412, -28.736761415249234, -34.91438843659075, -24.2852236843823, 0.05051225423812866, 0.0, 0.6525866985321045, 5.912951946258545, -0.9956185741712368, 0.9858726660743993, -0.4698719756435618, -0.6213137842259866, -0.7169075822698876, 0.6220305136115285]",[1],J0338.1-2443,bll,J0338.1-2443,bll,bll,J0338.1-2443,bll,J0338.1-2443,bll
303,J0338.5+1302,"[1.7676448822021484, 1.5360831022262573, 1.244795799255371, 55.20073318481445, -32.583614722694655, -32.21181475382133, -27.492745808721374, -32.31422486590731, -23.12318911413574, 0.1650138795375824, 0.4039413332939148, 5.968118667602539, 35.58877944946289, -0.9999877165184918, 0.9999946044915824, -0.3157558321746525, -0.1781377047811367, -0.4903295294351445, -0.4415365167771545]",[1],J0338.5+1303,bcu,J0338.5+1302,bll,bll,J0338.5+1302,bll,J0338.5+1302,bll
304,J0339.2-1736,"[1.9308991432189941, 1.899574637413025, 1.8569791316986084, 21.292264938354492, -32.506205320977124, -32.27949098414602, -28.08735154246551, -32.40006678011799, -23.660563071303987, 0.03485722467303276, 0.3223816752433777, 1.2229130268096924, 21.609939575195312, 0.8575402638423678, -0.25840163345593425, -0.5395018143345932, -0.38603667966696564, -0.524318487455221, -0.4564600670067565]",[1],J0339.2-1738,bcu,J0339.2-1736,bll,bll,J0339.2-1736,bll,J0339.2-1736,bll
305,J0339.5-0146,"[2.323768377304077, 2.2422292232513428, 2.1166441440582275, 1506.346923828125, -28.21257212519689, -27.959617926622773, -27.40349478047791, -28.05810388602004, -22.76249012052283, 0.08149968087673187, 0.5455030202865601, 7.8547868728637695, 99.61331176757812, -0.21859998388051263, -0.525136975464436, -0.6719388696782469, -0.6737073922827611, -0.7781178125452513, -0.7301758142276249]",[1],J0339.5-0146,fsrq,J0339.5-0146,fsrq,fsrq,J0339.5-0146,fsrq,J0339.5-0146,fsrq
306,J0340.3+4130,"[2.024158477783203, 1.68782639503479, 0.6929542422294617, 4.635720252990723, -31.053690094251998, -30.545020392798683, -27.961756287666265, -30.5615837067588, -22.92622937782182, 0.4321669340133667, 0.0, 15.778438568115234, 54.457767486572266, 0.9910864012524183, 0.022230929834501593, -0.22067527598690956, -0.5008339039766334, -0.87026113597817, -0.99999999637195]",[0],J0340.3+4130,PSR,J0340.3+4130,PSR,PSR,J0340.3+4130,MSP,J0340.3+4130,MSP
307,J0340.5-2118,"[2.261350393295288, 2.2192931175231934, 2.149683952331543, 41.41792678833008, -30.524053699336104, -30.274469404446783, -28.262045464738392, -30.38853864960169, -23.665584905152564, 0.06323772668838501, 0.2949390709400177, 2.1967766284942627, 30.377838134765625, -0.040958460746439954, -0.5079319833971463, -0.656168398611565, -0.6701625593025705, -0.5114075057533602, -0.7539346517891518]",[1],J0340.5-2119,bll,J0340.5-2118,bll,bll,J0340.5-2118,bll,J0340.5-2118,bll
308,J0342.2+3858,"[2.2570557594299316, 2.2484025955200195, 2.2515416145324707, 97.20050048828125, -31.989940727158487, -31.764565223765842, -28.226076795038935, -31.94360789418807, -23.844635098392153, 0.022319354116916656, 1.6613200902938843, 0.3435990810394287, 8.980265617370605, 0.9359197091391112, -0.6938846706461413, -0.6793184596733802, -0.5639078300664088, -0.589654493036082, -0.8626166452374382]",[1],J0342.2+3857,fsrq,J0342.2+3858,fsrq,fsrq,J0342.2+3858,fsrq,J0342.2+3858,fsrq
309,J0342.8-3007,"[2.1202783584594727, 1.5585287809371948, 0.2704930901527405, 9.317500114440918, -32.71675521203824, -32.12589756490448, -28.90818221543288, -32.14414790083729, -24.408238066311156, 0.6028150320053101, 0.0, 2.57833194732666, 6.009488105773926, -0.5530994990365582, 0.9956830950283946, -0.32174681294056284, -0.3633955101433596, -0.8769070050757246, -0.9983958642822449]",[1],J0342.6-3006,bcu,J0342.8-3007,bcu,bcu,J0342.8-3007,bcu,J0342.8-3007,bcu
310,J0343.2-2529,"[2.536569356918335, 2.461638927459717, 2.075594186782837, 194.48065185546875, -29.890753640859792, -29.599410451109833, -28.392729427459297, -29.631612152469216, -23.983571938155027, 0.14402993023395538, 1.1175090074539185, 2.7040460109710693, 18.04559898376465, 0.31326517092278194, -0.6363096324160344, -0.7147855264827776, -0.7522515151353523, -0.9124653489285453, -0.9995686317914065]",[1],J0343.2-2534,fsrq,J0343.2-2529,fsrq,fsrq,J0343.2-2529,fsrq,J0343.2-2529,fsrq
311,J0343.2-6444,"[2.167806386947632, 2.1296496391296387, 2.0527095794677734, 85.15190124511719, -31.334018924848465, -31.110574027425226, -28.324628867193358, -31.208862444307396, -23.78140741113459, 0.046641040593385696, 0.5324503183364868, 1.7229856252670288, 26.102725982666016, 0.9883660456672244, -0.19219806084009164, -0.6332162302982062, -0.5117384709467045, -0.747768517331775, -0.3702449314024399]",[1],J0343.3-6443,bcu,J0343.2-6444,bll,bll,J0343.2-6444,bll,J0343.2-6444,bll
312,J0343.4+3621,"[2.3537511825561523, 2.1876659393310547, 1.8836753368377686, 7.114809036254883, -30.914563897925003, -30.56065030652822, -28.021149783309177, -30.65821797326015, -23.6367786007985, 0.15494845807552338, 0.0, 1.821959376335144, 9.5231351852417, -0.2515952328846389, -0.8038894505774975, -0.35573188099355973, -0.7196588838813979, -0.7203723686698932, -0.9974831758915337]",[1],J0343.3+3622,bcu,J0343.4+3621,fsrq,fsrq,J0343.4+3621,fsrq,J0343.4+3621,fsrq
313,J0345.2-2353,"[2.4457404613494873, 2.410139799118042, 2.310559034347534, 24.023258209228516, -29.84877104106344, -29.61005037213198, -28.268220878348814, -29.70306116705292, -23.729555998891275, 0.07324119657278061, 0.1797931045293808, 2.0391011238098145, 28.677349090576172, -0.3687024024207406, -0.5812914362827319, -0.7425108185886432, -0.672866008099938, -0.65055315809367, -0.9999968852181448]",[1],J0345.1-2353,bll,J0345.2-2353,bll,bll,J0345.2-2353,bll,J0345.2-2353,bll
314,J0348.5-2749,"[2.1769909858703613, 2.0877368450164795, 2.0169947147369385, 3723.33203125, -28.979291325121082, -28.806213207420885, -27.64389505179204, -28.893839177799215, -23.07163271152449, 0.0631154328584671, 1.8498213291168213, 4.940295219421387, 71.40241241455078, 0.4314494981607621, -0.4551056792822707, -0.6190755919709215, -0.5630264010254621, -0.7328130145234663, -0.6041639503496513]",[1],J0348.6-2748,fsrq,J0348.5-2749,fsrq,fsrq,J0348.6-2749,fsrq,J0348.6-2749,fsrq
315,J0348.6-1609,"[2.371452569961548, 2.3307135105133057, 2.2050724029541016, 35.34677505493164, -30.365275323083328, -30.138619471693932, -28.298630822031736, -30.217444991702614, -23.771690597243943, 0.06190637871623039, 0.376266747713089, 1.6734321117401123, 20.284517288208008, 0.9999641933857144, -0.5804113590648903, -0.7086081685857327, -0.6817162032176715, -0.47201369718025016, -0.9999866708466543]",[1],J0348.7-1606,bll,J0348.6-1609,bll,bll,J0348.6-1609,bll,J0348.6-1609,bll
316,J0349.4-1159,"[1.7584539651870728, 1.6458289623260498, 1.5936468839645386, 12.52437686920166, -33.94162432412147, -33.611604982328856, -28.320506074461402, -33.79595133168916, -23.983068237098582, 0.06473347544670105, 0.22186902165412903, 0.885060727596283, 14.890564918518066, 0.030655322165745423, -0.7300951990627316, -0.6735824739358142, 0.19005124117256333, -0.5143966114817429, -0.4387213824897258]",[1],J0349.2-1158,bll,J0349.4-1159,bll,bll,J0349.4-1159,bll,J0349.4-1159,bll
317,J0349.8-2103,"[2.4779627323150635, 2.339341640472412, 1.994524359703064, 353.0999755859375, -28.670862857544908, -28.356328898578965, -28.116085094084493, -28.430953363693124, -23.509935069929092, 0.17707392573356628, 0.7365425825119019, 6.314366817474365, 35.885562896728516, 0.10467181155282503, -0.5931769037487331, -0.7122696566703378, -0.7737097732925446, -0.8872317408524818, -0.9995970173663361]",[1],J0349.9-2102,fsrq,J0349.8-2103,fsrq,fsrq,J0349.8-2103,fsrq,J0349.8-2103,fsrq
318,J0352.9-3623,"[1.6297296285629272, 1.3037970066070557, 0.7255679368972778, 11.747041702270508, -34.52098028123548, -33.935123886889215, -28.460513777065024, -34.04300083741778, -24.313878325765167, 0.2970104217529297, 0.32103338837623596, 3.1998560428619385, 10.356518745422363, -0.930018927851109, -0.8667286472043858, 0.6957687100412618, -0.3365362613142998, -0.07432677877979514, -0.5752652511033914]",[1],J0353.0-3622,bll,J0352.9-3623,bll,bll,J0352.9-3623,bll,J0352.9-3623,bll
319,J0353.0+5654,"[2.082777738571167, 2.033085584640503, 1.7386739253997803, 35.464019775390625, -33.13249980441444, -32.83971996198732, -28.044292816473718, -32.83002591666945, -23.559415295271474, 0.08477882295846939, 0.7476791143417358, 1.2005642652511597, 9.534321784973145, -0.8458782058970934, 0.9967676579306981, -0.37620493352912615, -0.48707002416089495, -0.6409798073564665, -0.6316153404279848]",[1],J0352.9+5655,bcu,J0353.0+5654,bll,bll,J0353.0+5654,bll,J0353.0+5654,bll
320,J0353.0-6831,"[1.6694658994674683, 1.6362384557724, 1.510118007659912, 8.32318115234375, -34.90298695518214, -34.628740944674156, -28.444886019758812, -34.72593962251959, -24.07209435379457, 0.027075644582509995, 0.0, 0.5275042653083801, 14.038230895996094, 0.9790727800127863, -0.4138004144072911, -0.5784072397627198, -0.2776286083368112, -0.3844236870433532, 0.02115253608329623]",[1],J0353.0-6831,bll,J0353.0-6831,bll,bll,J0353.0-6831,bll,J0353.0-6831,bll
321,J0354.4+4643,"[2.577463388442993, 2.5205092430114746, 2.2733564376831055, 72.91667938232422, -29.783094556610198, -29.524493138041755, -27.597366345040964, -29.5778494946676, -23.44098316943486, 0.11235229671001434, 0.7001021504402161, 2.5003199577331543, 14.118854522705078, 0.9161631006678689, -0.5733939035983243, -0.7645311619995553, -0.6441327531837692, -0.8329375788973848, -0.9999999999990796]",[1],J0354.1+4643,bcu,J0354.4+4643,bcu,bcu,J0354.4+4643,bcu,J0354.4+4643,bcu
322,J0354.7+8009,"[2.2656641006469727, 2.1656839847564697, 1.903417706489563, 274.1263122558594, -31.88763273935463, -31.524850034686715, -28.58645441871238, -31.60353677522665, -24.149901474355527, 0.13009633123874664, 2.0758960247039795, 1.7150835990905762, 12.483644485473633, 0.5631932031981359, 0.35813368534641826, -0.6098739321772607, -0.6707415748516994, -0.6479046391849491, -0.8529540182081458]",[1],J0354.6+8011,bll,J0354.7+8009,bll,bll,J0354.7+8009,bll,J0354.7+8009,bll
323,J0357.0-4955,"[2.1679177284240723, 2.0855135917663574, 1.926369071006775, 11.260401725769043, -31.64098517097284, -31.36278321974062, -28.62059777164367, -31.448885323645886, -24.075336690175337, 0.09036000818014145, 0.11437791585922241, 1.9499692916870117, 18.588092803955078, -0.7982666431528405, -0.273043059245782, -0.5865342697939293, -0.6125352076738848, -0.5625937212921922, -0.8269146793670317]",[1],J0357.1-4957,bll,J0357.0-4955,bll,bll,J0357.0-4955,bll,J0357.0-4955,bll
324,J0357.2+2320,"[2.2644126415252686, 2.2498958110809326, 2.1589107513427734, 7.983894348144531, -31.905930593062845, -31.700190952497906, -28.298422324317244, -31.523319518082836, -23.90044982568037, 0.04733525216579437, 0.0, 0.720928430557251, 7.131274223327637, 0.9433905890580664, -0.49184913247510165, -0.7972645344086952, -0.3878820469874062, -0.6475722102011341, -0.8530414893547185]",[1],J0357.1+2325,bcu,J0357.2+2320,bcu,bcu,J0357.2+2320,bcu,J0357.2+2320,bcu
325,J0358.0-6946,"[2.408669948577881, 2.138421058654785, 0.06705082207918167, 7.885478973388672, -32.61275618246649, -32.08544843858241, -29.540724445251318, -32.28875116815568, -24.035248928529096, 0.9879446625709534, 0.0, 3.1005806922912598, 4.046365737915039, -0.8395173539441079, -0.4363852194121562, 0.02204628989090526, -0.6156074265491902, -0.9995247908950237, -0.9872088484636833]",[1],J0356.3-6948,bcu,J0358.0-6946,bcu,bcu,J0358.0-6946,bcu,J0358.0-6946,bcu
326,J0358.6+0634,"[2.566542625427246, 2.4373340606689453, 1.9867218732833862, 45.465667724609375, -29.73464106091219, -29.411659090365475, -28.05134372644072, -29.46061931228094, -23.781785558868982, 0.1968245506286621, 1.1115339994430542, 2.0855393409729004, 6.678145408630371, 0.6693214487112726, -0.2971328482586761, -0.8027435068460131, -0.5933065507976081, -0.9999993437283116, 0.9983246955106286]",[1],J0358.7+0633,bcu,J0358.6+0634,bcu,bcu,J0358.6+0634,bcu,J0358.6+0634,bcu
327,J0358.9+6004,"[2.5969457626342773, 2.5614914894104004, 2.1407182216644287, 109.75177001953125, -29.945198018452523, -29.610370400396846, -27.68327038419029, -29.672105709108234, -23.58243404976936, 0.1626688539981842, 1.2069088220596313, 2.3945505619049072, 8.829538345336914, 0.9987648893542725, -0.4655561830850639, -0.840302348641694, -0.5165443417938388, -0.998384553514294, 0.9464819490671099]",[1],J0358.8+6002,fsrq,J0358.9+6004,fsrq,fsrq,J0358.9+6004,fsrq,J0358.9+6004,fsrq
328,J0359.4-2616,"[2.3178446292877197, 2.286255359649658, 2.115765333175659, 8.551257133483887, -31.857456689063536, -31.67855475424414, -28.418791722293566, -31.694043912644528, -24.077628180346395, 0.03424236178398132, 0.055831775069236755, 0.400770902633667, 7.940189361572266, 0.8508813306568183, -0.6234303450112549, -0.6785889243255249, -0.5173592074806118, -0.44616451784717726, -0.9980246024014633]",[1],J0359.3-2612,bll,J0359.4-2616,bll,bll,J0359.4-2616,bll,J0359.4-2616,bll
329,J0401.7+2112,"[2.419842004776001, 2.4097721576690674, 2.419668436050415, 122.2771987915039, -30.23399817039536, -30.00158032182089, -28.003481518443337, -30.177970538654836, -23.592403538411347, 0.024979518726468086, 0.9365016222000122, 0.6536672711372375, 15.229304313659668, 0.035522985549382644, -0.6702902579540087, -0.7307281312846609, -0.6260554020211194, -0.6778303540330571, -0.5387523270330234]",[1],J0401.4+2109,fsrq,J0401.7+2112,fsrq,fsrq,J0401.7+2112,fsrq,J0401.7+2112,fsrq
330,J0402.0-2616,"[2.133617639541626, 1.995100498199463, 1.6683907508850098, 31.21240997314453, -31.62856317227592, -31.3131166228692, -28.205427529812052, -31.372057854238566, -23.6560497335678, 0.17047667503356934, 0.44498997926712036, 3.3339180946350098, 17.40248680114746, 0.5755873285982881, 0.009051857556582242, -0.4967984440205256, -0.5478319854162824, -0.6084391460352928, -0.999510932424039]",[1],J0402.1-2618,bll,J0402.0-2616,bll,bll,J0402.0-2616,bll,J0402.0-2616,bll
331,J0402.1-3147,"[2.3942744731903076, 2.4084904193878174, 2.3183867931365967, 17.682159423828125, -30.750591891168572, -30.614271688500565, -28.61187068386312, -30.667470177359057, -24.102882936731113, -0.01362617313861847, 0.2677433490753174, 0.2879392206668854, 13.036043167114258, -0.20652588740377784, -0.658998167617887, -0.6949794081308617, -0.5173574215883364, -0.7153449979107763, -0.9999998238142561]",[1],J0401.8-3144,fsrq,J0402.1-3147,fsrq,fsrq,J0402.1-3147,fsrq,J0402.1-3147,fsrq
332,J0403.5-2437,"[2.4295244216918945, 2.4212305545806885, 2.396756172180176, 25.927940368652344, -30.588215035748618, -30.359710798310527, -28.52583662813467, -30.4418579266627, -24.065485219513654, 0.02036622166633606, 0.5557283163070679, 0.28377416729927063, 9.205986022949219, -0.434955777333889, -0.623331315048452, -0.5958776816114143, -0.7955282676973797, -0.9917141753618651, 0.9634026231118311]",[1],J0403.7-2442,fsrq,J0403.5-2437,bll,bll,J0403.5-2437,bll,J0403.5-2437,bll
333,J0403.9-3605,"[2.528435707092285, 2.3930890560150146, 2.1435959339141846, 6080.07958984375, -27.26103421881814, -26.993784985190132, -27.642174037729283, -27.07695889116471, -22.966331769319236, 0.13758485019207, 0.8698191046714783, 13.11182975769043, 137.66224670410156, -0.22949548092069164, -0.5903750463767266, -0.7641699879386354, -0.7942049859251425, -0.9141133254164393, -0.7777425740225287]",[1],J0403.9-3604,FSRQ,J0403.9-3605,FSRQ,FSRQ,J0403.9-3605,FSRQ,J0403.9-3605,FSRQ
334,J0405.6-1308,"[2.5478157997131348, 2.556577444076538, 2.577035665512085, 79.74285888671875, -29.21247613381139, -29.050568322005002, -28.296447610288457, -29.203568222297587, -23.77878345208681, -0.012865224853157997, 0.48347151279449463, 0.43437659740448, 21.142858505249023, -0.4029938428120917, -0.6441290735222903, -0.783261588293101, -0.6319970726180812, -0.9995812057110439, 0.9950455868374436]",[1],J0405.5-1307,fsrq,J0405.6-1308,fsrq,fsrq,J0405.6-1308,fsrq,J0405.6-1308,fsrq
335,J0407.0-3826,"[2.3646039962768555, 2.246288776397705, 2.0487570762634277, 343.0033264160156, -29.07171422798526, -28.849040504660017, -27.797105284594622, -28.91402440770649, -23.279199288555652, 0.11195062845945358, 0.5947911739349365, 5.749289035797119, 44.122711181640625, 0.7598472451460052, -0.45767503090279593, -0.660011187622642, -0.6990833841568463, -0.7852975617799202, -0.9998252399293849]",[1],J0407.1-3825,fsrq,J0407.0-3826,fsrq,fsrq,J0407.0-3826,fsrq,J0407.0-3826,fsrq
336,J0407.5+0741,"[2.3113481998443604, 2.292691230773926, 2.2332563400268555, 32.05820083618164, -30.838294363487435, -30.6543108002243, -27.920148031552532, -30.735396116091525, -23.480721754085675, 0.03741629049181938, 0.3730785846710205, 1.1526111364364624, 18.215816497802734, 0.9414253065375051, -0.28906196613377166, -0.7102459823423963, -0.6315822593987085, -0.5932029907990266, -0.6719608824393709]",[1],J0407.5+0740,bll,J0407.5+0741,bll,bll,J0407.5+0741,bll,J0407.5+0741,bll
337,J0409.4+3201,"[2.0317652225494385, 2.0431134700775146, 2.085092782974243, 3.6593449115753174, -33.29329310447123, -33.183241784117584, -28.297509272016292, -33.275352566217414, -23.783307721126803, -0.016045117750763893, 0.0, 0.3439561724662781, 9.450118064880371, 0.8751791093559432, -0.8097283031125373, -0.5079939008424009, -0.3050597540963656, -0.5118022321250555, -0.7034273608808728]",[1],J0409.4+3158,bcu,J0409.4+3201,bcu,bcu,J0409.4+3201,bcu,J0409.4+3201,bcu
338,J0409.8-0359,"[2.0607500076293945, 1.6773735284805298, 1.1347944736480713, 37.345428466796875, -31.63790186830947, -31.226683227563377, -28.293676589146582, -31.29038046014193, -23.545644957578702, 0.2988193929195404, 0.5138545632362366, 3.9986186027526855, 18.651098251342773, 0.9872772502951194, -0.354835278848407, -0.21530452461874672, -0.4896874862435754, -0.725438851706483, -0.8803396559294725]",[1],J0409.8-0358,bll,J0409.8-0359,bll,bll,J0409.8-0359,bll,J0409.8-0359,bll
339,J0416.5-1852,"[2.3945531845092773, 2.370122194290161, 2.3210866451263428, 159.13026428222656, -29.936546088830767, -29.714870645476754, -28.355540424870366, -29.828551882167538, -23.7676679203854, 0.03689708933234215, 0.768038272857666, 1.1936092376708984, 24.780967712402344, 0.1487846126903533, -0.596613850682307, -0.6904998149812549, -0.7034779480446092, -0.5790359310046711, -0.6696438863974665]",[1],J0416.6-1850,fsrq,J0416.5-1852,fsrq,fsrq,J0416.5-1852,fsrq,J0416.5-1852,fsrq
340,J0416.9+0105,"[1.876053810119629, 1.8878042697906494, 1.8912636041641235, 22.864871978759766, -33.11105163182296, -32.96207073191176, -28.037982027303627, -33.067482030893615, -23.601848081213006, -0.0108532989397645, 0.36804401874542236, 0.3650739789009094, 19.9431095123291, -0.43730571429708426, -0.6475169159046339, -0.5755965267885057, -0.3411632026259385, -0.5571658932330158, -0.2158976704836672]",[1],J0416.8+0104,bll,J0416.9+0105,bll,bll,J0416.9+0105,bll,J0416.9+0105,bll
341,J0418.1-0252,"[2.3352622985839844, 2.1446805000305176, 1.7396737337112427, 134.28872680664062, -30.201429618438397, -29.911590073091993, -27.976393848749755, -29.964301943045967, -23.524870291750076, 0.1899193525314331, 0.7409165501594543, 3.6741280555725098, 21.49944305419922, 0.9999542723392958, -0.5515102404353126, -0.6070832697589529, -0.6223057936212798, -0.8885797716981011, -0.999827556397609]",[1],J0418.0-0251,bcu,J0418.1-0252,bcu,bcu,J0418.1-0252,bcu,J0418.1-0252,bcu
342,J0418.2+3807,"[2.7419538497924805, 2.611510992050171, 2.3000288009643555, 39.5283088684082, -27.447841008759188, -27.118614591893696, -27.42711723366645, -27.19999567011357, -23.124599303265484, 0.14993876218795776, 0.39135080575942993, 2.915778875350952, 13.206992149353027, -0.30028365619726277, -0.6506595224249028, -0.8010091175857699, -0.7576522298331012, -0.8702185974558158, -0.9996304734214888]",[1],J0418.5+3813c,rdg,J0418.2+3807,rdg,rdg,J0418.2+3807,rdg,J0418.2+3807,rdg
343,J0422.1-0644,"[2.4906609058380127, 2.4451537132263184, 2.2932891845703125, 475.46636962890625, -28.892022044610126, -28.65215454504124, -27.845606465931212, -28.716816493470322, -23.408789199585435, 0.08201859891414642, 0.8453981280326843, 3.138439655303955, 34.776710510253906, -0.2942357249475311, -0.5934772954149937, -0.7324827781647826, -0.7244510125206751, -0.8079383467515022, -0.9958986367972833]",[1],J0422.1-0642,fsrq,J0422.1-0644,fsrq,fsrq,J0422.1-0644,fsrq,J0422.1-0644,fsrq
344,J0423.3-0120,"[2.331855297088623, 2.23655104637146, 2.105644702911377, 1230.344970703125, -28.721173271588217, -28.50352227159653, -27.565447227222847, -28.587823907964424, -22.993896592288394, 0.08826206624507904, 0.8453730940818787, 5.988655090332031, 65.9607162475586, -0.29731644094527404, -0.5096704181787212, -0.6617769236432416, -0.6594097794718, -0.7471566998559298, -0.8778625314166896]",[1],J0423.2-0119,FSRQ,J0423.3-0120,FSRQ,FSRQ,J0423.3-0120,FSRQ,J0423.3-0120,FSRQ
345,J0423.9+4150,"[1.938976764678955, 1.7820318937301636, 1.605791687965393, 9.19572925567627, -31.472093196591338, -31.20514829135989, -27.37654893235398, -31.286250189007777, -22.93176095368545, 0.10922950506210327, 0.030093004927039146, 5.438928604125977, 50.206878662109375, -0.22397203248302858, -0.4191712848476305, -0.4171221817317858, -0.3270880575051222, -0.5804968305837525, -0.6205176219402031]",[1],J0423.8+4150,bll,J0423.9+4150,bll,bll,J0423.9+4150,bll,J0423.9+4150,bll
346,J0424.7+0036,"[2.213343381881714, 2.1612942218780518, 2.0988526344299316, 50.19205856323242, -30.735954961227993, -30.51354188534639, -27.86328669628424, -30.623654414050044, -23.309192960057658, 0.056504182517528534, 0.2932780981063843, 2.238037347793579, 38.61476135253906, -0.3724005969011527, -0.4202158881363282, -0.6412888561064779, -0.5592006126153594, -0.6960860816287272, -0.7136749948010149]",[1],J0424.7+0035,bll,J0424.7+0036,bll,bll,J0424.7+0036,bll,J0424.7+0036,bll
347,J0424.9-5331,"[2.264518976211548, 2.1416213512420654, 1.8786571025848389, 86.55451202392578, -30.199766879904008, -29.956862709961705, -28.25677020250826, -30.00916046985462, -23.766290772870462, 0.11458053439855576, 0.49129512906074524, 3.356614589691162, 29.42378807067871, -0.022741729296446578, -0.48475180965669457, -0.6095176479854794, -0.5996404727511021, -0.8325526104708639, -0.999875370693227]",[1],J0425.0-5331,bll,J0424.9-5331,bll,bll,J0424.9-5331,bll,J0424.9-5331,bll
348,J0425.3+6319,"[1.8620771169662476, 1.8359233140945435, 1.5889613628387451, 9.424832344055176, -34.38876747987979, -34.15624590745642, -28.128126163773263, -34.18469110683589, -23.527731309858527, 0.01944773644208908, 0.0, 0.3853681683540344, 15.21906566619873, -0.4003115236816625, -0.6775842568424187, -0.7417006992899132, -0.2807327178023514, -0.2971232949745941, -0.4203396066597327]",[1],J0425.2+6319,bcu,J0425.3+6319,bcu,bcu,J0425.3+6319,bcu,J0425.3+6319,bcu
349,J0426.7+6826,"[2.2295658588409424, 2.1994447708129883, 2.067862033843994, 18.81231689453125, -31.883790289723553, -31.66952933481281, -28.213745588263937, -31.72036304930227, -23.7843657850605, 0.052155397832393646, 0.2900713384151459, 1.4813189506530762, 16.768779754638672, 0.99901753001881, -0.5033815653406583, -0.6756801215473963, -0.5041049686133278, -0.6035574478882705, -0.698877595618187]",[1],J0426.3+6827,bcu,J0426.7+6826,bcu,bcu,J0426.7+6826,bcu,J0426.7+6826,bcu
350,J0427.3-3900,"[2.844226837158203, 2.8430609703063965, 2.810546398162842, 51.09174728393555, -28.41107343130492, -28.244781767043, -27.704625365198147, -28.29467656944916, -23.694381238146878, 0.00613069161772728, 0.2543827295303345, 0.20889508724212646, 21.778955459594727, -0.46615660496334493, -0.6833286365780576, -0.831551489736842, -0.7256692661311364, -0.9995437052006112, 0.9839087902131429]",[1],J0427.3-3900,bcu,J0427.3-3900,bcu,bcu,J0427.3-3900,bcu,J0427.3-3900,bcu
351,J0428.6-3756,"[2.0977022647857666, 1.9949921369552612, 1.886852502822876, 3498.595458984375, -28.740618405266485, -28.512679668013263, -26.661721181760182, -28.599190104510196, -22.122838554576443, 0.08168646693229675, 0.44459351897239685, 13.148555755615234, 249.90933227539062, -0.07670501300555378, -0.4084246800690834, -0.5673447357519933, -0.533812264773646, -0.6846959021901494, -0.7539400840730888]",[1],J0428.6-3756,bll,J0428.6-3756,bll,bll,J0428.6-3756,bll,J0428.6-3756,bll
352,J0429.8+2843,"[2.1175107955932617, 2.0469377040863037, 1.7334527969360352, 11.03455924987793, -32.26159375613872, -31.960992312643146, -27.762757694124154, -31.99085941579847, -23.289596718068818, 0.12031307816505432, 0.12798888981342316, 2.8295693397521973, 16.56879234313965, 0.6606592001093838, -0.002886211213184612, -0.5440555170336842, -0.4290666290025899, -0.6542515207111467, -0.7512091268083179]",[1],J0429.8+2843,bcu,J0429.8+2843,bcu,bcu,J0429.8+2843,bcu,J0429.8+2843,bcu
353,J0430.3-2507,"[2.176417350769043, 2.1488983631134033, 2.0174176692962646, 9.106675148010254, -31.740420968191735, -31.54563314029885, -28.47882594620966, -31.603877427885333, -23.957471222953085, 0.027733689174056053, 0.04473002627491951, 0.6003216505050659, 14.455750465393066, 0.9983118260219208, -0.6228142375258248, -0.5851704604583748, -0.5327432299607551, -0.4585149360543678, -0.9999999996504068]",[1],J0430.2-2508,bll,J0430.3-2507,bll,bll,J0430.3-2507,bll,J0430.3-2507,bll
354,J0430.3+1654,"[2.3501172065734863, 2.3464889526367188, 2.2947280406951904, 22.134449005126953, -31.138871082183332, -30.944174646892055, -27.78633010009176, -31.04558812116773, -23.474387356560268, 0.02589167095720768, 0.36989638209342957, 0.6138709187507629, 12.226780891418457, 0.9997196086816038, -0.009454997094148565, -0.7159985597178521, -0.6204352498403019, -0.6085104752401586, -0.7340568015272402]",[1],J0430.5+1655,bcu,J0430.3+1654,bcu,bcu,J0430.3+1654,bcu,J0430.3+1654,bcu
355,J0431.8+7403,"[1.9771323204040527, 1.9323922395706177, 1.7632414102554321, 30.72355079650879, -33.02828793875979, -32.77463079708136, -28.436638423476097, -32.82170649440982, -23.95066222195214, 0.0414460115134716, 0.4082423448562622, 1.0072360038757324, 18.326139450073242, 0.9955232116784073, -0.35939756768072806, -0.6244613692773637, -0.3809762141592669, -0.3528510949382267, -0.7768754377318501]",[1],J0431.6+7403,bcu,J0431.8+7403,bll,bll,J0431.8+7403,bll,J0431.8+7403,bll
356,J0433.1+3227,"[1.8911694288253784, 1.8381215333938599, 1.3215073347091675, 13.022777557373047, -33.96904127420087, -33.736808069974856, -28.15718061289867, -33.67526918656603, -23.596719764455504, 0.04267461597919464, 0.2802901566028595, 0.6072061657905579, 11.093381881713867, 0.9976344021435927, -0.8181419417877954, -0.551505256059815, -0.38470839703595267, -0.3444035290111339, -0.7194345151572831]",[1],J0433.1+3228,bcu,J0433.1+3227,bll,bll,J0433.1+3227,bll,J0433.1+3227,bll
357,J0433.6-6030,"[2.4387876987457275, 2.332319498062134, 2.1197757720947266, 175.01951599121094, -29.495156955880873, -29.24356495357071, -28.129613952976808, -29.308520397330692, -23.71464303002831, 0.12538759410381317, 0.5590006709098816, 4.307100772857666, 35.63828659057617, -0.21799217295716883, -0.44434877720025406, -0.6969839245018702, -0.7444822864556786, -0.8167226484746494, -0.9997379573771377]",[1],J0433.7-6028,bcu,J0433.6-6030,fsrq,fsrq,J0433.6-6030,fsrq,J0433.6-6030,fsrq
358,J0433.6+2905,"[2.07793927192688, 1.981060266494751, 1.833182692527771, 178.19720458984375, -31.104645266448216, -30.867015839126985, -27.226299544900694, -30.942949381342114, -22.847213450766716, 0.08930765837430954, 0.5286141037940979, 4.598993301391602, 44.129798889160156, 0.1767202765076725, -0.4286352102633815, -0.5135970305997284, -0.4853372983023139, -0.6291160443971635, -0.6026446823884686]",[1],J0433.6+2905,bll,J0433.6+2905,bll,bll,J0433.6+2905,bll,J0433.6+2905,bll
359,J0433.7-5725,"[1.9663200378417969, 1.6412115097045898, 1.2506791353225708, 16.293041229248047, -32.406228764750075, -32.008538048827184, -28.604147370617735, -32.100142983357124, -23.968961414957132, 0.2541213929653168, 0.2862120270729065, 3.9847559928894043, 18.98228645324707, 0.9971025754935596, -0.18315872918774947, -0.13617459009663463, -0.4498043342052722, -0.5770360370169468, -0.8578095392398212]",[1],J0434.0-5726,bcu,J0433.7-5725,bcu,bcu,J0433.7-5725,bll,J0433.7-5725,bll
360,J0434.1-2014,"[2.2680704593658447, 2.1506638526916504, 1.9054733514785767, 25.507089614868164, -31.045041997578533, -30.660333453316102, -28.51694141527417, -30.78961972023422, -23.977130298361736, 0.17224207520484924, 0.4500657618045807, 2.4248459339141846, 12.443648338317871, -0.8640881311284991, -0.11250390564509609, -0.5405302012471163, -0.8108226008056335, -0.1825614145652412, -0.999996720640276]",[1],J0434.0-2010,bll,J0434.1-2014,bll,bll,J0434.1-2014,bll,J0434.1-2014,bll
361,J0434.4-2342,"[2.4102485179901123, 2.3420450687408447, 2.1229727268218994, 6.944754600524902, -30.692403333283114, -30.403558560716085, -28.532669693872464, -30.471785311556257, -24.08253783334961, 0.09487727284431458, 0.0, 1.2054375410079956, 9.475419044494629, 0.33041600711753255, -0.6102995704789209, -0.7098900602725445, -0.6003872560055794, -0.6946635176291535, -0.9999999695551183]",[1],J0434.4-2341,bcu,J0434.4-2342,bll,bll,J0434.4-2342,bll,J0434.4-2342,bll
362,J0434.7+0922,"[1.9539424180984497, 1.889080286026001, 1.794666051864624, 33.91287612915039, -32.63646956493772, -32.35970895904872, -28.02161345997058, -32.491308402379744, -23.551991641119628, 0.05698736757040024, 0.4817584455013275, 1.4031367301940918, 18.229360580444336, 0.9615340052519666, -0.6307757347585052, -0.37772983389388554, -0.46912779685936234, -0.4744148891965451, -0.5581437059214147]",[1],J0434.6+0921,bcu,J0434.7+0922,bll,bll,J0434.7+0922,bll,J0434.7+0922,bll
363,J0437.2-4715,"[2.3479702472686768, 2.012901782989502, 0.74233478307724, 9.624285697937012, -29.256401525104224, -28.719700679540832, -28.273842186272667, -28.774486938911277, -23.31703420884691, 0.518785834312439, 0.023423317819833755, 17.818647384643555, 64.54948425292969, 0.14678095382126752, -0.3128749683762396, -0.624841822771856, -0.9177958664781023, -0.9999809501370521, -0.9984432630553276]",[0],J0437.2-4713,PSR,J0437.2-4715,PSR,PSR,J0437.2-4715,MSP,J0437.2-4715,MSP
364,J0438.4-1254,"[2.432833433151245, 2.3976123332977295, 2.185518503189087, 30.878225326538086, -30.729903428139078, -30.525060838903446, -28.370968316969293, -30.552807613698064, -24.001301405905892, 0.044553957879543304, 0.5843021273612976, 0.6395049691200256, 7.347525119781494, 0.2019259706046483, -0.6455096373320293, -0.7638936196469744, -0.437772319250132, -0.8997096617805425, -0.9999980099081109]",[1],J0438.3-1258,fsrq,J0438.4-1254,fsrq,fsrq,J0438.4-1254,fsrq,J0438.4-1254,fsrq
365,J0438.9-4521,"[2.4172163009643555, 2.375534772872925, 2.289886474609375, 29.904891967773438, -30.260688797091213, -30.023796016679505, -28.307290109819913, -30.125446990851067, -23.79395194183814, 0.06186893209815025, 0.214289128780365, 1.945456624031067, 29.352523803710938, 0.9998501446163225, -0.6248039533097626, -0.6715223710001583, -0.7246891131240714, -0.7399890154477219, -0.401587627519674]",[1],J0438.8-4519,bll,J0438.9-4521,bll,bll,J0438.9-4521,bll,J0438.9-4521,bll
366,J0439.4-3202,"[1.9447146654129028, 1.934142827987671, 1.7990710735321045, 13.288496017456055, -33.08675038770032, -32.895544671332935, -28.525705516292465, -32.95430861582072, -24.071884483313514, 0.008403931744396687, 0.2702159285545349, 0.1750696450471878, 12.482151985168457, -0.6641048821852155, -0.34780727179492865, -0.6206240794926727, -0.46291614091694205, -0.24063056886229225, -0.6431458517626502]",[1],J0439.6-3159,bcu,J0439.4-3202,bcu,bcu,J0439.4-3202,bcu,J0439.4-3202,bcu
367,J0439.8-1859,"[1.8853518962860107, 1.7604809999465942, 1.4806615114212036, 14.239792823791504, -32.91457379902267, -32.584070769826866, -28.299254566831664, -32.640930466260926, -23.915534430357813, 0.1203293576836586, 0.2471909075975418, 2.561070680618286, 17.251911163330078, 0.9007585196033271, -0.04839444671403932, -0.5311693437952966, -0.3030963792670437, -0.6235005860909599, -0.4912985241112866]",[1],J0439.9-1859,bcu,J0439.8-1859,bll,bll,J0439.8-1859,bll,J0439.8-1859,bll
368,J0440.2-2458,"[1.6289209127426147, 1.4523382186889648, 1.1252241134643555, 8.240134239196777, -34.75093177039055, -34.25656150836579, -28.44408366541762, -34.41308085548086, -24.206090397617476, 0.17211662232875824, 0.0, 2.296592950820923, 11.90835189819336, -0.9996619299523709, 0.9997174846245036, 0.45321737723702377, 0.12485002526528549, -0.5253815585483969, -0.20807167309011496]",[1],J0440.3-2500,bll,J0440.2-2458,bll,bll,J0440.2-2458,bll,J0440.2-2458,bll
369,J0440.4+1440,"[2.3955979347229004, 2.2496771812438965, 1.785040020942688, 6.285425186157227, -30.98643188617555, -30.6771912075205, -27.700624103170508, -30.692454638210194, -23.435276876941487, 0.17946484684944153, 0.0, 2.154043197631836, 7.532450199127197, 0.9802880526380456, -0.6470741288266221, -0.4839805097678462, -0.672609542796924, -0.8212212398099061, -0.9998231062118722]",[1],J0440.3+1444,bcu,J0440.4+1440,bcu,bcu,J0440.4+1440,bcu,J0440.4+1440,bcu
370,J0440.8+2749,"[2.0404505729675293, 1.9582980871200562, 1.67756187915802, 8.600687980651855, -32.65669338475229, -32.37736092400715, -27.913857077508702, -32.40487634781015, -23.407102444197985, 0.09573221206665039, 0.0, 2.223012685775757, 17.88656234741211, -0.7075163058885334, -0.5103056261064006, -0.5969874663939291, -0.4179705313538516, -0.40153464239069797, -0.8676604970497735]",[1],J0440.8+2751,bll,J0440.8+2749,bll,bll,J0440.8+2749,bll,J0440.8+2749,bll
371,J0442.6-0017,"[2.440770149230957, 2.3593709468841553, 2.2425034046173096, 1000.9573364257812, -27.881500526899668, -27.704257473257382, -27.648993474962225, -27.772746127986753, -23.0587450202323, 0.06685920059680939, 0.6269824504852295, 4.941163063049316, 75.33695220947266, -0.30293264319131574, -0.5968148194572374, -0.6988277002347337, -0.7057598734965242, -0.8322572139401974, -0.999829648001679]",[1],J0442.6-0017,fsrq,J0442.6-0017,fsrq,fsrq,J0442.6-0017,fsrq,J0442.6-0017,fsrq
372,J0444.6+3425,"[2.2425036430358887, 2.2001044750213623, 1.9995934963226318, 20.861591339111328, -31.863281490025784, -31.632318512906465, -27.721911281688346, -31.681891238409346, -23.355620173386807, 0.05842745676636696, 0.3544872999191284, 1.2405153512954712, 11.378826141357422, -0.10709182805549422, -0.2912402938662364, -0.6678449775308346, -0.44329408556433303, -0.7553752997782625, -0.625455691285966]",[1],J0444.5+3425,bcu,J0444.6+3425,bcu,bcu,J0444.6+3425,bcu,J0444.6+3425,bcu
373,J0445.1-6012,"[2.0456583499908447, 1.938543438911438, 1.786453127861023, 23.996448516845703, -32.72911441385368, -32.43782639389048, -28.6835700720049, -32.54243630481532, -24.187753324675242, 0.09522722661495209, 0.43691009283065796, 1.327681064605713, 11.160749435424805, 0.9877204805393183, -0.8381317590225889, -0.3951600225031869, -0.4943839230694286, -0.5033621336962144, -0.7345990781359942]",[1],J0444.6-6012,fsrq,J0445.1-6012,fsrq,fsrq,J0445.1-6012,fsrq,J0445.1-6012,fsrq
374,J0448.6-1632,"[1.9047437906265259, 1.8401153087615967, 1.7265729904174805, 18.588167190551758, -32.36075789438549, -32.09920917777465, -28.043049797137453, -32.201201566984444, -23.671140026081535, 0.05665929988026619, 0.2249630093574524, 2.0161325931549072, 26.297847747802734, 0.9951566862603421, -0.20818074338979384, -0.5053429427233943, -0.42519025588428505, -0.4127205867551441, -0.5211350086190866]",[1],J0448.6-1632,bll,J0448.6-1632,bll,bll,J0448.6-1632,bll,J0448.6-1632,bll
375,J0449.1+1121,"[2.507167100906372, 2.381859064102173, 2.1220855712890625, 179.16798400878906, -28.049194749621456, -27.75165584090915, -27.56921276551663, -27.834972964791557, -23.020994953100683, 0.13890621066093445, 0.3941914141178131, 6.415472984313965, 43.8836784362793, -0.2749468274599724, -0.544607725831924, -0.7362553568884562, -0.7421101376960145, -0.8954034644396867, -0.9999999847524426]",[1],J0449.0+1121,fsrq,J0449.1+1121,fsrq,fsrq,J0449.1+1121,fsrq,J0449.1+1121,fsrq
376,J0449.4-4350,"[1.8604483604431152, 1.749720811843872, 1.6975473165512085, 338.413330078125, -30.458700411163043, -30.285773465183322, -26.750960359265548, -30.369112048658476, -22.468231804838563, 0.06186878681182861, 0.27565351128578186, 6.640467166900635, 142.29417419433594, 0.20790636461322157, -0.30695225745628807, -0.4414686443927398, -0.37141822814802894, -0.5364673233612328, -0.4211640410563113]",[1],J0449.4-4350,bll,J0449.4-4350,bll,bll,J0449.4-4350,bll,J0449.4-4350,bll
377,J0453.1-2806,"[2.6514198780059814, 2.539393901824951, 2.3604798316955566, 318.197265625, -27.449304586374428, -27.25780775255868, -28.096332592268983, -27.3237514437728, -23.552628800799955, 0.09635548293590546, 0.4590984880924225, 4.184437274932861, 48.71931457519531, -0.34800623105312123, -0.6535659243098484, -0.7798762697872506, -0.830564035709825, -0.8742632714702969, -0.9999788553262724]",[1],J0453.2-2808,fsrq,J0453.1-2806,fsrq,fsrq,J0453.1-2806,fsrq,J0453.1-2806,fsrq
378,J0453.1+6322,"[2.0838634967803955, 2.0597779750823975, 1.9207860231399536, 17.527854919433594, -33.548933891810194, -33.39962236703745, -28.170643029113705, -33.42118140501353, -23.69328338168487, 0.026538964360952377, 0.41587400436401367, 0.46839025616645813, 10.482972145080566, 0.9261475032451663, -0.7481422328277683, -0.7805228237917613, -0.2675655910004601, -0.6291380150844704, -0.5078834106546278]",[1],J0453.2+6321,bcu,J0453.1+6322,bll,bll,J0453.1+6322,bll,J0453.1+6322,bll
379,J0455.7-4617,"[2.518669843673706, 2.4833130836486816, 2.3143982887268066, 167.04713439941406, -29.492236632572713, -29.273731222371286, -27.939856749960775, -29.318571169128322, -23.647362518025872, 0.08158581703901291, 0.5077706575393677, 3.1304264068603516, 33.35013198852539, -0.12133670539751538, -0.6467085657633254, -0.738939088724233, -0.7294828054427489, -0.7671004765568027, -0.7347789058234463]",[1],J0455.7-4617,fsrq,J0455.7-4617,fsrq,fsrq,J0455.7-4617,fsrq,J0455.7-4617,fsrq
380,J0456.2+2702,"[2.397993564605713, 2.319304943084717, 1.8889408111572266, 56.35544204711914, -30.559936740708114, -30.225626303962645, -27.62714438147625, -30.233978862847305, -23.210133591786832, 0.1733068823814392, 0.8454102277755737, 2.9549734592437744, 11.765220642089844, 0.7456073773713409, -0.4432613268981933, -0.6058594388791825, -0.7017888725404697, -0.7519403555199877, -0.9999614900639745]",[1],J0456.3+2702,bcu,J0456.2+2702,bcu,bcu,J0456.2+2702,bcu,J0456.2+2702,bcu
381,J0456.6-3136,"[2.520554542541504, 2.455782890319824, 2.27262020111084, 20.897756576538086, -29.628871644789065, -29.352701557698882, -28.505814757357594, -29.42946505895541, -23.989882196788233, 0.08288668841123581, 0.26457032561302185, 1.622119426727295, 18.280532836914062, 0.3720091902295034, -0.5524249436303565, -0.7491164959415503, -0.7008962865856824, -0.8355716166316426, -0.9999619636789876]",[1],J0456.3-3131,fsrq,J0456.6-3136,fsrq,fsrq,J0456.6-3136,fsrq,J0456.6-3136,fsrq
382,J0457.0+0646,"[2.5393948554992676, 2.4604880809783936, 2.351588726043701, 68.44764709472656, -30.214843314642412, -29.94288307041229, -28.10537368964649, -30.040086996371567, -23.84808249128623, 0.1026318222284317, 1.0870709419250488, 1.286989450454712, 9.990792274475098, 0.6854564772872813, -0.442085835433613, -0.7160183752713296, -0.809226143663957, -0.7815321614391982, -0.9998035001908862]",[1],J0457.0+0643,fsrq,J0457.0+0646,fsrq,fsrq,J0457.0+0646,fsrq,J0457.0+0646,fsrq
383,J0457.0-2324,"[2.2056734561920166, 2.100950241088867, 2.0177719593048096, 4410.27734375, -27.691042260429008, -27.48573370774108, -26.970549479352464, -27.589462087561287, -22.285265319167582, 0.07558535784482956, 0.48290151357650757, 13.235703468322754, 230.2613067626953, -0.1722697714810866, -0.48754165359942053, -0.6275014840719763, -0.6139391052272913, -0.7337899139724973, -0.7891219296366688]",[1],J0457.0-2324,FSRQ,J0457.0-2324,FSRQ,FSRQ,J0457.0-2324,FSRQ,J0457.0-2324,FSRQ
384,J0500.2+5237,"[1.892662763595581, 1.9093151092529297, 1.8562610149383545, 9.69895076751709, -33.97761661119451, -33.86144479983012, -28.062244869694588, -33.91043985704101, -23.488018551021987, -0.017307015135884285, 0.13850827515125275, 0.4925018846988678, 15.571844100952148, -0.4347551859855291, 0.998291717670343, -0.752485836806329, -0.4622823208307019, -0.36516146765289187, -0.21580951349693941]",[1],J0500.3+5237,spp,J0500.2+5237,bcu,bcu,J0500.2+5237,bcu,J0500.2+5237,bll
385,J0501.2-0158,"[2.3732845783233643, 2.267733097076416, 2.1180129051208496, 1438.0439453125, -27.975607450504853, -27.767118670400077, -27.566121672037642, -27.84751230901152, -22.89614548905407, 0.08820725232362747, 0.6271462440490723, 7.940978050231934, 90.9059829711914, -0.20928109505265846, -0.5757551742948009, -0.6769747208439335, -0.6648271217550761, -0.8382129328805187, -0.9998786701010018]",[1],J0501.2-0157,fsrq,J0501.2-0158,fsrq,fsrq,J0501.2-0158,fsrq,J0501.2-0158,fsrq
386,J0501.7+3048,"[1.9631216526031494, 2.009296417236328, 1.9563308954238892, 6.508083820343018, -34.0860120987295, -33.97384364398974, -28.073191838986173, -34.03143551179033, -23.493494376206872, -0.040379010140895844, 0.0, 0.6550184488296509, 8.228802680969238, 0.09702148965711781, 0.9935665522330396, -0.727956809465602, -0.5440852813043948, -0.4335957269897865, -0.22577748793963287]",[1],J0501.8+3046,bcu,J0501.7+3048,bcu,bcu,J0501.7+3048,bcu,J0501.7+3048,bcu
387,J0502.4+0609,"[2.650291681289673, 2.6374104022979736, 2.5819523334503174, 47.60919189453125, -30.06183089595218, -29.89213804755772, -27.737571266973493, -29.916297108519995, -23.736228272858323, 0.020855005830526352, 0.7389518022537231, 0.2944374084472656, 9.714248657226562, -0.38668430518286634, -0.6436391807594042, -0.7974815804634598, -0.6649811760697805, -0.9554703769813809, 0.47011761153422243]",[1],J0502.5+0612,fsrq,J0502.4+0609,fsrq,fsrq,J0502.4+0609,fsrq,J0502.4+0609,fsrq
388,J0502.5+3438,"[2.3815529346466064, 2.263442039489746, 1.9775354862213135, 72.9691390991211, -29.929220434684368, -29.65788297593837, -27.42858185184058, -29.718981315093128, -23.063197385130188, 0.1267651915550232, 0.44850170612335205, 3.9213967323303223, 23.22330665588379, -0.15327344692215114, -0.4750953307060433, -0.6165564700716663, -0.6491413077795686, -0.7974495666875063, -0.9991895236245688]",[1],J0502.7+3438,bcu,J0502.5+3438,bcu,bcu,J0502.5+3438,bcu,J0502.5+3438,bcu
389,J0502.9+6533,"[1.729151964187622, 1.6378878355026245, 1.3388274908065796, 1.8473626375198364, -35.42823991225975, -35.133756843475915, -28.74825079377237, -35.182372441548885, -24.234730713786597, 0.08311846852302551, 0.0, 0.9336207509040833, 6.388383865356445, -0.9973928679597387, -0.8806015546107498, 0.9997147345542243, -0.5176079126608919, -0.3161337417764158, -0.04905623642388406]",[1],J0503.5+6538,bll,J0502.9+6533,bll,bll,J0502.9+6533,bll,J0502.9+6533,bll
390,J0503.6+4518,"[2.0037219524383545, 1.9100545644760132, 1.651709794998169, 14.060344696044922, -33.204500062188515, -32.89515413862663, -27.862917698102585, -32.96796955396413, -23.32938711172488, 0.10912815481424332, 0.24788255989551544, 1.8249154090881348, 13.071495056152344, -0.8982785761182442, 0.4269824763507919, -0.49157906071590374, -0.4152623320197543, -0.5732721265445722, -0.5913759426182356]",[1],J0503.4+4522,bcu,J0503.6+4518,bcu,bcu,J0503.6+4518,bcu,J0503.6+4518,bcu
391,J0505.3+0459,"[2.368170738220215, 2.3211963176727295, 2.0583808422088623, 2859.762451171875, -29.02859876477357, -28.776568295049998, -27.058442670309766, -28.809823720956615, -22.662190493812474, 0.10558108240365982, 1.1114894151687622, 9.669057846069336, 83.29037475585938, -0.21222405460137583, -0.5284401222811392, -0.6558622970644161, -0.6800305564780793, -0.853639528254447, -0.9999625084549656]",[1],J0505.3+0459,fsrq,J0505.3+0459,fsrq,fsrq,J0505.3+0459,fsrq,J0505.3+0459,fsrq
392,J0505.6+0415,"[1.9415581226348877, 1.8754347562789917, 1.717230200767517, 9.703428268432617, -33.37389224199504, -33.11054841899399, -28.001152771635912, -33.19593468244514, -23.46215708229952, 0.05504053458571434, 0.1037689819931984, 0.997631847858429, 15.862293243408203, 0.9943951315009384, -0.5583129366025478, -0.6271388401656124, -0.4066455731263931, -0.4149922640275188, -0.5766305934913706]",[1],J0505.5+0416,bll,J0505.6+0415,bll,bll,J0505.6+0415,bll,J0505.6+0415,bll
393,J0505.6-1558,"[2.0611939430236816, 2.037763833999634, 1.9426578283309937, 21.657442092895508, -32.76299430497379, -32.56240919165439, -28.49379902119422, -32.63967895273675, -23.993869488697726, 0.027071427553892136, 0.48636898398399353, 0.49423643946647644, 9.568522453308105, 0.9736067748388992, -0.5485577382365032, -0.4498064460258884, -0.6531845189145649, -0.32437206426439147, -0.6276564810463997]",[1],J0505.5-1558,bcu,J0505.6-1558,bll,bll,J0505.6-1558,bll,J0505.6-1558,bll
394,J0505.8-0419,"[2.402353286743164, 2.3807451725006104, 2.359466075897217, 62.17109298706055, -30.383329263973074, -30.17361760293019, -28.092239177426084, -30.30158122508315, -23.663749489605003, 0.026783913373947144, 0.7056419253349304, 0.6363474130630493, 12.441832542419434, 0.9979621088674373, -0.3528115033026169, -0.7257301404344507, -0.5643995952951449, -0.8772172166049769, 0.08221604308512821]",[1],J0505.3-0422,fsrq,J0505.8-0419,fsrq,fsrq,J0505.8-0419,fsrq,J0505.8-0419,fsrq
395,J0506.0+6113,"[2.029740571975708, 2.0191311836242676, 1.9837232828140259, 18.449552536010742, -32.826433062859216, -32.65328336628353, -28.151319455712873, -32.752530644373465, -23.644570099906286, 0.015704235062003136, 0.2806236743927002, 0.5029681324958801, 17.818880081176758, -0.7547664312814845, 0.09893097837813437, -0.7058134778292052, -0.34990913036004767, -0.7028477844684817, -0.13537288253509105]",[1],J0505.9+6114,bll,J0506.0+6113,bll,bll,J0506.0+6113,bll,J0506.0+6113,bll
396,J0506.9-5435,"[1.6558244228363037, 1.3991050720214844, 1.2076091766357422, 15.8572416305542, -33.468098029014826, -33.134912482931874, -28.012764002805504, -33.23042308566431, -23.874656670938588, 0.1387871354818344, 0.21564045548439026, 3.6240057945251465, 27.20341682434082, -0.8340867798116935, -0.30780999776412904, -0.19682731640547688, -0.1820351262529168, -0.33251976934521355, -0.3299094177252428]",[1],J0506.9-5435,bcu,J0506.9-5435,bll,bll,J0506.9-5435,bll,J0506.9-5435,bll
397,J0507.9+6737,"[1.577933669090271, 1.5387324094772339, 1.4337389469146729, 56.3246955871582, -33.872796745238155, -33.5929492040788, -27.609174888284628, -33.69951311098015, -23.507101877814296, 0.03211808204650879, 0.29584914445877075, 2.2289555072784424, 58.48479461669922, 0.9836102515962191, 0.14509167872689113, -0.42175694158688165, -0.21389007213487185, -0.25242011961581196, -0.20579569479362556]",[1],J0508.0+6736,bll,J0507.9+6737,bll,bll,J0507.9+6737,bll,J0507.9+6737,bll
398,J0508.2-1937,"[2.3392229080200195, 2.1119706630706787, 1.1819944381713867, 11.749316215515137, -31.320314228501847, -30.822693003895626, -28.708785942780143, -30.867769039509835, -23.90645305872507, 0.37941062450408936, 0.3189166784286499, 3.032759666442871, 7.9888834953308105, -0.9957539325358779, 0.9947068376259864, -0.528464461787249, -0.6790698981872163, -0.9365805576894567, -0.9999989617024315]",[1],J0508.2-1936,bcu,J0508.2-1937,fsrq,fsrq,J0508.2-1937,fsrq,J0508.2-1937,fsrq
399,J0509.4+1012,"[2.4080452919006348, 2.3552207946777344, 2.209413766860962, 80.22045135498047, -30.085330978576003, -29.78619652334207, -27.9305844327204, -29.87801142249423, -23.491018953131302, 0.09841395914554596, 0.687757134437561, 2.3751108646392822, 16.73664093017578, 0.9994561099483237, -0.507935249425305, -0.699803810352305, -0.7039516089679352, -0.7210224002174195, -0.7268820698327042]",[1],J0509.3+1012,fsrq,J0509.4+1012,fsrq,fsrq,J0509.4+1012,fsrq,J0509.4+1012,fsrq
400,J0509.4+0542,"[2.0791096687316895, 1.9957969188690186, 1.9476193189620972, 1140.237548828125, -29.659674977175698, -29.509529268893388, -26.931870338206846, -29.59197427598891, -22.534081037338694, 0.05199486017227173, 0.6656028032302856, 4.821132659912109, 105.02063751220703, -0.13477603457166543, -0.42384780013713785, -0.5634585305570272, -0.48707818573817474, -0.6606039264809941, -0.5333012280701562]",[1],J0509.4+0541,bll,J0509.4+0542,bll,bll,J0509.4+0542,bll,J0509.4+0542,bll
401,J0509.6-0402,"[2.0280768871307373, 2.0509631633758545, 1.9795644283294678, 10.769813537597656, -33.10068404739949, -32.99222337712796, -28.35459731171769, -33.044826752620104, -23.843887071111027, -0.017811717465519905, 0.26900991797447205, 0.295874685049057, 8.339547157287598, 0.9989159244492019, -0.5937771519654298, -0.7310764840434263, -0.3529771708307172, -0.4974373636952335, -0.47972374888534863]",[1],J0509.7-0400,bll,J0509.6-0402,bll,bll,J0509.6-0402,bll,J0509.6-0402,bll
402,J0509.9-6417,"[1.8954919576644897, 1.9065372943878174, 1.8872108459472656, 22.92816162109375, -33.42388941681151, -33.286128852813846, -28.519204357869185, -33.37136369788646, -24.08315964257885, -0.009353486821055412, 0.4565596282482147, 0.2559043765068054, 15.45449447631836, -0.5518221144904372, -0.6160894663294276, -0.5052102223128871, -0.3991381130931657, -0.4130453846658835, -0.44221317435693835]",[1],J0509.7-6418,bcu,J0509.9-6417,bcu,bcu,J0509.9-6417,bll,J0509.9-6417,bll
403,J0510.0+1800,"[2.2001864910125732, 2.0845961570739746, 1.9333641529083252, 1833.773681640625, -29.697192430040797, -29.4759877214177, -27.273463060535015, -29.54910603779732, -22.782575247872558, 0.09245514124631882, 1.4155769348144531, 6.020864963531494, 62.8522834777832, 0.034243763217579264, -0.5140600620636787, -0.5716915774800588, -0.5672721656742997, -0.7151309726370806, -0.835581485872617]",[1],J0510.0+1802,fsrq,J0510.0+1800,fsrq,fsrq,J0510.0+1800,fsrq,J0510.0+1800,fsrq
404,J0512.8+4041,"[2.3373122215270996, 2.2911877632141113, 2.138939142227173, 53.38241195678711, -30.982207964823722, -30.762381956517334, -27.77014868544598, -30.81134999688697, -23.417729509637272, 0.05049540847539902, 0.5471258759498596, 1.1122586727142334, 15.63808536529541, 0.19595754880426147, -0.7216871314292813, -0.5538377006687257, -0.6648699936137213, -0.5230335108082431, -0.8868814933722041]",[1],J0512.9+4038,bcu,J0512.8+4041,bcu,bcu,J0512.8+4041,bcu,J0512.8+4041,bcu
405,J0515.5-0125,"[2.0798661708831787, 1.6242339611053467, 1.1871381998062134, 13.041220664978027, -32.68166265718992, -32.2334502692641, -28.36817830883031, -32.324538234626324, -23.871395041526277, 0.315361350774765, 0.32057297229766846, 1.9015129804611206, 7.763635158538818, 0.9994670473926052, -0.771398905525826, -0.5516661336963026, -0.2829456160511849, -0.6736951519214959, -0.7147041903185577]",[1],J0515.5-0123,bcu,J0515.5-0125,bcu,bcu,J0515.5-0125,bcu,J0515.5-0125,bcu
406,J0515.6-4556,"[2.4186463356018066, 2.393190622329712, 2.26877760887146, 822.0769653320312, -30.19737568222575, -30.032860770919644, -27.988366309884444, -30.044665334816017, -23.53900104004084, 0.05026116594672203, 1.3555294275283813, 2.142807722091675, 38.49336624145508, 0.02838947188260631, -0.5581510194416246, -0.6893673945442876, -0.6350115852204683, -0.7958294281373595, -0.8536528515746441]",[1],J0515.3-4557,fsrq,J0515.6-4556,fsrq,fsrq,J0515.6-4556,fsrq,J0515.6-4556,fsrq
407,J0515.8+1527,"[1.9418760538101196, 1.856895923614502, 1.6948612928390503, 41.07154846191406, -32.384060240958505, -32.09208173370761, -27.71239499313661, -32.178613458179264, -23.248800041653418, 0.08153624087572098, 0.3753846287727356, 2.59736967086792, 28.513715744018555, -0.7255945652188439, -0.3853013211525611, -0.38108796935255307, -0.45911019069590986, -0.5579080483467852, -0.36949220869084454]",[1],J0515.8+1526,bll,J0515.8+1527,bll,bll,J0515.8+1527,bll,J0515.8+1527,bll
408,J0516.4+7350,"[1.8775688409805298, 1.8004275560379028, 1.7685855627059937, 4.754556655883789, -33.38867913245532, -33.107789062622906, -28.45834720237447, -33.27740742158849, -24.041604441236252, 0.06625130027532578, 0.0, 1.5736210346221924, 17.98483657836914, 0.9999019377296692, -0.7316640830900669, -0.24235933825214603, -0.4412601874972143, -0.4629290899861262, -0.5267173722696304]",[1],J0516.3+7351,bll,J0516.4+7350,bll,bll,J0516.4+7350,bll,J0516.4+7350,bll
409,J0516.7-6207,"[2.1759207248687744, 2.1063272953033447, 2.039626121520996, 211.0813446044922, -29.991186304479527, -29.846694634942637, -27.750196637140906, -29.92058733470794, -23.34453105474629, 0.04798895865678787, 0.4407038688659668, 3.0164794921875, 57.07969284057617, 0.5234867923734425, -0.4850500947607715, -0.6111709753798933, -0.5186720096358435, -0.7153431651725287, -0.6859181668604978]",[1],J0516.7-6207,bll,J0516.7-6207,bll,bll,J0516.7-6207,bll,J0516.7-6207,bll
410,J0517.5+0858,"[2.0953025817871094, 1.8690412044525146, 0.0009018868440762162, 14.333860397338867, -34.02645059097884, -33.43839554504723, -28.92246157845624, -33.24034757142975, -23.852453928074745, 0.9999829530715942, 0.3003275394439697, 3.6080543994903564, 6.806670188903809, -0.7957617489921842, -0.9664539719124684, 0.5262438904463397, 0.10046486172273134, -0.8343465754091003, -0.9989962955824253]",[1],J0517.5+0902,fsrq,J0517.5+0858,fsrq,fsrq,J0517.5+0858,fsrq,J0517.5+0858,fsrq
411,J0519.0+0851,"[2.6008832454681396, 2.4435932636260986, 1.95121431350708, 12.252339363098145, -28.332965610879384, -27.990789099338393, -27.627081851017603, -27.69686051752507, -23.203976831240517, 0.1986510008573532, 0.12881959974765778, 3.762662410736084, 14.493486404418945, 0.2591440170443619, -0.5402724441340314, -0.7754512110179292, -0.7742345082642267, -0.9323613896460264, 0.03906415225833363]",[1],J0519.5+0852,bcu,J0519.0+0851,bcu,bcu,J0519.0+0851,bcu,J0519.0+0851,bcu
412,J0519.6+2744,"[2.1886725425720215, 0.850415050983429, 0.006295477040112019, 20.018007278442383, -32.87408845952584, -32.26043489366001, -27.90021474146134, -32.46059189508942, -23.567550266684844, 0.7042530179023743, 0.5732004046440125, 1.7860485315322876, 5.954740047454834, -0.6978140613015958, -0.8425621858879887, -0.6300227503740791, -0.3202787103804363, -0.5357636564842623, -0.9998375595003239]",[1],J0519.3+2746,bcu,J0519.6+2744,bcu,bcu,J0519.6+2744,bcu,J0519.6+2744,bcu
413,J0519.6-4544,"[2.4295153617858887, 2.4464123249053955, 2.5249714851379395, 7.309115886688232, -31.55893263990173, -31.5293245925841, -28.06052604486795, -31.578477083105234, -23.951867087302453, -0.052237410098314285, 0.0, 1.1616106033325195, 9.637187957763672, -0.48130859683611293, -0.7980974246275877, -0.7021376888085443, -0.6811912700415512, -0.6734871559747356, -0.33341276331585895]",[1],J0519.2-4542,rdg,J0519.6-4544,rdg,rdg,J0519.6-4544,rdg,J0519.6-4544,rdg
414,J0521.3-1734,"[2.374007225036621, 2.2596609592437744, 1.6823846101760864, 4.3062424659729, -30.62065423072573, -30.205180474959466, -28.244417702857145, -30.250016969527728, -23.749493532753753, 0.2468387484550476, 0.0, 3.3518917560577393, 12.090799331665039, 0.9282478787623131, -0.09659804329722659, -0.6716707149057946, -0.6617731855887714, -0.9932590812956121, -0.9996665648059675]",[1],J0521.4-1740,fsrq,J0521.3-1734,fsrq,fsrq,J0521.3-1734,fsrq,J0521.3-1734,fsrq
415,J0521.6+0103,"[1.9776595830917358, 1.968698263168335, 1.8716436624526978, 20.284046173095703, -33.24043520249056, -33.057949719438085, -28.366614994551234, -33.04580952741313, -23.860820503875427, 0.021538622677326202, 0.6465569734573364, 0.4044467806816101, 8.956612586975098, -0.9965476145841373, 0.9999666278186519, -0.6858766272707911, -0.4886236884586724, -0.29556388527657246, -0.5372351374459721]",[1],J0521.7+0103,bcu,J0521.6+0103,bll,bll,J0521.6+0103,bll,J0521.6+0103,bll
416,J0521.7+2112,"[1.935512900352478, 1.8513115644454956, 1.8215725421905518, 809.0173950195312, -30.20736168357181, -30.05612648548475, -26.679477509743183, -30.150325384653147, -22.32587942732593, 0.04582671448588371, 0.47757235169410706, 4.194797515869141, 119.47725677490234, -0.014259353019085182, -0.4027871753884335, -0.4852895158541629, -0.42743782845506406, -0.5615867788687142, -0.4028924400258601]",[1],J0521.7+2113,bll,J0521.7+2112,bll,bll,J0521.7+2112,bll,J0521.7+2112,bll
417,J0521.8-3848,"[2.5940518379211426, 2.564582109451294, 2.4991605281829834, 103.89273834228516, -29.913261903914798, -29.68375095607805, -28.35064233600218, -29.787667200824394, -24.04643661724296, 0.04972958564758301, 0.7871538400650024, 0.9290715456008911, 14.192232131958008, -0.0017956115202486266, -0.6591588190073101, -0.8154533180816629, -0.63630794313196, -0.6392000785229981, -0.9995130420238115]",[1],J0521.9-3847,bcu,J0521.8-3848,bcu,bcu,J0521.8-3848,bcu,J0521.8-3848,bcu
418,J0522.9-3628,"[2.456803321838379, 2.3715128898620605, 2.305525302886963, 676.49609375, -27.689187214104624, -27.48625092210457, -27.651348801521326, -27.58710298374482, -23.024163622284163, 0.07603030651807785, 0.37017008662223816, 4.988766670227051, 101.87751007080078, -0.27981956972464994, -0.5777331171342331, -0.740281546175598, -0.7212266626592334, -0.7466160453848188, -0.545478432511696]",[1],J0522.9-3628,BCU,J0522.9-3628,AGN,AGN,J0522.9-3628,AGN,J0522.9-3628,AGN
419,J0525.4-4600,"[2.3761303424835205, 2.3212718963623047, 2.1616525650024414, 7.258853435516357, -31.426591151494947, -31.21646748484512, -28.390648038682826, -31.224501981454967, -24.065830473332124, 0.048893265426158905, 0.0, 0.547197163105011, 10.035658836364746, -0.5614054854539451, -0.7714337919256703, -0.5944455204173205, -0.5003210025059169, -0.8261892766398673, -0.6830814948081421]",[1],J0525.3-4558,fsrq,J0525.4-4600,fsrq,fsrq,J0525.4-4600,fsrq,J0525.4-4600,fsrq
420,J0525.6-2008,"[2.173598051071167, 1.9253588914871216, 1.3257869482040405, 9.761465072631836, -32.12755612943853, -31.740936514185186, -28.6553889447001, -31.731545424975028, -24.157781380516738, 0.2605510652065277, 0.19411137700080872, 2.182762861251831, 7.479831218719482, -0.9990352215980608, 0.9988116144097771, -0.5123210815695305, -0.49705779410418627, -0.7312912738998342, -0.9999947590823474]",[1],J0525.8-2014,bcu,J0525.6-2008,bcu,bcu,J0525.6-2008,bll,J0525.6-2008,bll
421,J0525.6-6013,"[1.7972716093063354, 1.745199203491211, 1.608925700187683, 11.089238166809082, -33.602553957190025, -33.348799530190526, -28.28607494631361, -33.43722466986517, -23.93996098246255, 0.041936080902814865, 0.10752236843109131, 1.214620590209961, 22.447349548339844, 0.9427370198088731, -0.6312161277398808, -0.4783526938179923, -0.26254151495016237, -0.580752401414162, -0.05647133795510337]",[1],J0525.6-6013,bcu,J0525.6-6013,bcu,bcu,J0525.6-6013,bcu,J0525.6-6013,bcu
422,J0526.1+6318,"[2.17112135887146, 1.8787238597869873, 0.014899302273988724, 18.739343643188477, -32.59433915204681, -31.973234229492107, -29.064293547916606, -31.243288183245454, -23.908471061408637, 0.5259386897087097, 0.4070025384426117, 3.2992770671844482, 6.068015098571777, -0.9921960144181781, 0.9993004000069352, -0.22441671478536962, -0.4441341124284521, -0.9999598354050603, 0.9988320938708523]",[1],J0526.6+6321,bcu,J0526.1+6318,bcu,bcu,J0526.1+6318,bcu,J0526.1+6318,bcu
423,J0526.2-4830,"[2.2955563068389893, 2.2261810302734375, 2.095130443572998, 731.6324462890625, -29.6465823457848, -29.46468246947774, -27.549766008673455, -29.51811302787515, -23.180567345656765, 0.06704282760620117, 0.7207358479499817, 4.1864213943481445, 60.9405632019043, 0.06397788671110806, -0.5306347077032687, -0.6394493275118215, -0.6121598867549669, -0.7416809802681766, -0.7302483145818003]",[1],J0526.2-4829,fsrq,J0526.2-4830,fsrq,fsrq,J0526.2-4830,fsrq,J0526.2-4830,fsrq
424,J0528.7-5920,"[2.0590431690216064, 1.9997378587722778, 1.7820004224777222, 14.73527717590332, -32.75528740025403, -32.52423225946476, -28.636157181561618, -32.559993603407435, -24.13650167356098, 0.05751371756196022, 0.24827861785888672, 1.1036603450775146, 12.406208038330078, -0.8352170702710904, -0.13413781927769233, -0.6346910674245461, -0.4317941884897248, -0.3735942288194484, -0.8724860270728332]",[1],J0529.2-5917,bll,J0528.7-5920,bll,bll,J0528.7-5920,bll,J0528.7-5920,bll
425,J0529.1+0935,"[2.0567572116851807, 2.0656967163085938, 1.9962174892425537, 12.813530921936035, -32.9490293743426, -32.84637282671378, -28.059983700415305, -32.87163318423026, -23.55734279437069, -0.01043942105025053, 0.22571934759616852, 0.2146277278661728, 9.864944458007812, 0.5377951635023338, -0.4100438399286377, -0.7599450725242713, -0.5381846995343308, -0.2358244240649719, -0.5592486583660028]",[1],J0529.1+0933,bcu,J0529.1+0935,bcu,bcu,J0529.1+0935,bcu,J0529.1+0935,bcu
426,J0529.3-7243,"[2.368706226348877, 2.3250529766082764, 2.189873218536377, 57.474613189697266, -31.734004454526243, -31.523804059835904, -28.317071203620838, -31.575850942059628, -24.053170378174606, 0.06730283051729202, 0.8770427107810974, 1.075215458869934, 10.049215316772461, 0.4219543593133697, -0.3654356562488285, -0.7501699094800236, -0.4552466401199787, -0.7748601975494216, -0.6383916005156232]",[1],J0529.8-7242,bcu,J0529.3-7243,bcu,bcu,J0529.3-7243,bcu,J0529.3-7243,bcu
427,J0530.9+1332,"[2.560302972793579, 2.5844922065734863, 1.7485116720199585, 463.9769592285156, -29.404221095991154, -28.99110532298731, -27.240171453879242, -28.881673383665287, -22.96945819435288, 0.2776625454425812, 1.1365374326705933, 7.410195350646973, 26.466100692749023, 0.2055280355522938, -0.43609942399994933, -0.753581505497205, -0.7877327439627556, -0.9062652352070328, -0.45583325663759705]",[1],J0530.8+1330,FSRQ,J0530.9+1332,FSRQ,FSRQ,J0530.9+1332,FSRQ,J0530.9+1332,FSRQ
428,J0532.0-4827,"[2.1862540245056152, 2.086676836013794, 1.9758031368255615, 3040.92333984375, -29.776378952547162, -29.58912711019891, -27.404848649466075, -29.65787022053718, -22.98395548809444, 0.07776752859354019, 1.4926238059997559, 5.596711158752441, 80.24403381347656, -0.26439824100564324, -0.4257923776875187, -0.5873278354909436, -0.5736445568320857, -0.6629264074568268, -0.8139726808043986]",[1],J0532.0-4827,BCU,J0532.0-4827,BLL,BLL,J0532.0-4827,BLL,J0532.0-4827,BLL
429,J0532.6+0732,"[2.35713529586792, 2.265439033508301, 2.109588384628296, 575.56005859375, -28.575903208804306, -28.337747557763645, -27.260159954394833, -28.42452161342622, -22.725120716458914, 0.09408631175756454, 0.4798143804073334, 7.794532775878906, 76.83464050292969, -0.144992343758057, -0.5461251531730358, -0.6860461885559013, -0.6345839098352403, -0.7813427520665526, -0.9099737120887299]",[1],J0532.7+0732,FSRQ,J0532.6+0732,FSRQ,FSRQ,J0532.6+0732,FSRQ,J0532.6+0732,FSRQ
430,J0532.8-3941,"[2.5905611515045166, 2.570512294769287, 2.5650291442871094, 40.63414001464844, -29.467564809816192, -29.249283701358006, -28.365037743527978, -29.387997200256184, -23.945614708199145, 0.03670448437333107, 0.3861536383628845, 0.8932901620864868, 19.05426788330078, -0.49014599133334236, -0.6484787532448325, -0.7697583639802171, -0.7775237054276093, -0.4996945228430457, -0.7167718187182996]",[1],J0533.0-3939,bcu,J0532.8-3941,bcu,bcu,J0532.8-3941,bcu,J0532.8-3941,bcu
431,J0532.9-8325,"[2.0767247676849365, 2.018008232116699, 1.7650880813598633, 83.86150360107422, -33.39787546662956, -33.098363492273016, -28.353936522039955, -33.15394465462234, -23.863516611120474, 0.11564210057258606, 1.6003812551498413, 1.519060492515564, 8.191646575927734, -0.39902673543134454, -0.7332255983123268, -0.6276865783510578, -0.484718513269639, -0.6092357430598688, -0.5626216932632129]",[1],J0533.6-8323,fsrq,J0532.9-8325,fsrq,fsrq,J0532.9-8325,fsrq,J0532.9-8325,fsrq
432,J0533.3+4823,"[2.408905029296875, 2.3234527111053467, 2.178257465362549, 233.59274291992188, -28.86703971010804, -28.633154988725813, -27.53351008753559, -28.713435379939067, -23.06016594670847, 0.08664221316576004, 0.3560519516468048, 5.523407936096191, 54.02273178100586, -0.036850013168659275, -0.5502030397754767, -0.6808056146241539, -0.6796380100238658, -0.7704787968925665, -0.8736076149074246]",[1],J0533.2+4822,fsrq,J0533.3+4823,fsrq,fsrq,J0533.3+4823,fsrq,J0533.3+4823,fsrq
433,J0533.8+6800,"[2.092695474624634, 1.817537784576416, 0.9334017038345337, 11.917716979980469, -31.37319954398822, -30.850105180723943, -28.376724677462445, -30.930687219021753, -23.41595884142465, 0.37311312556266785, 0.06908680498600006, 9.99036693572998, 37.0682373046875, 0.9918407366698815, -0.3105074677846773, -0.33910277330388217, -0.5195106685406471, -0.8768560738890154, -0.9998175948141809]",[0],J0534.0+6759,PSR,J0533.8+6800,PSR,PSR,J0533.8+6800,MSP,J0533.8+6800,MSP
434,J0534.5+2200,"[2.3332812786102295, 2.2581419944763184, 1.8832933902740479, 62.85918426513672, -28.737190974572542, -27.450890369077992, -24.45896228575022, -28.32790209900504, -20.786422514365775, 0.20930755138397217, 0.027807820588350296, 33.88803482055664, 39.10385513305664, -0.20042670282015196, -0.4534151739010946, -0.6193648507123676, -0.683061258604718, -0.8423456701241322, -0.9999826579382601]",[0],J0534.5+2201,PSR,J0534.5+2200,PSR,PSR,J0534.5+2200,PSR,J0534.5+2200,PSR
435,J0536.0-2754,"[2.5505471229553223, 2.5062670707702637, 2.409701347351074, 14.858062744140625, -30.891607705271536, -30.676013340973547, -28.364389208788374, -30.753288319541532, -24.2274577456036, 0.04970962181687355, 0.35347574949264526, 0.3439216613769531, 5.411599636077881, 0.9435046413009965, -0.740053790634535, -0.7133001240858391, -0.6786549027696991, -0.5854574049388085, -0.9999748100020701]",[1],J0535.6-2749,bcu,J0536.0-2754,bcu,bcu,J0536.0-2754,bcu,J0536.0-2754,bcu
436,J0537.7-5717,"[2.0128891468048096, 1.8432945013046265, 1.5409142971038818, 12.830801010131836, -32.56556591749548, -32.17144429643202, -28.490469015427642, -32.276793582484544, -24.010216670399537, 0.17391134798526764, 0.2173060029745102, 2.6834495067596436, 15.180898666381836, 0.9933688113275462, -0.687603881573148, -0.3424773891899156, -0.45169118841660477, -0.6221132956390317, -0.6958513481252554]",[1],J0537.4-5717,bll,J0537.7-5717,bll,bll,J0537.7-5717,bll,J0537.7-5717,bll
437,J0538.2-3910,"[1.9636701345443726, 1.895297884941101, 1.8192285299301147, 31.064350128173828, -33.38194943204071, -33.12442825353386, -28.676814251987334, -33.23726145577992, -24.19117550313226, 0.06649579852819443, 1.0260666608810425, 0.9583691358566284, 8.458597183227539, -0.956157405559916, 0.9988315196496784, -0.3783685286738806, -0.4567821068274825, -0.5956052429404844, -0.44410217749448483]",[1],J0538.4-3909,bcu,J0538.2-3910,bcu,bll,J0538.2-3910,bll,J0538.2-3910,bll
438,J0538.8-4405,"[2.110651731491089, 2.0184812545776367, 1.9518635272979736, 9772.9921875, -28.372838120032796, -28.19058137114546, -26.88021475554833, -28.28649553262589, -22.31816245565799, 0.062004122883081436, 0.8511363863945007, 10.221272468566895, 221.64718627929688, -0.026014214328138024, -0.4583734852305147, -0.5794261412000373, -0.5453665213483623, -0.6716779690669191, -0.6963371342215416]",[1],J0538.8-4405,BLL,J0538.8-4405,BLL,BLL,J0538.8-4405,BLL,J0538.8-4405,BLL
439,J0539.6+1432,"[2.545170783996582, 2.4361252784729004, 2.020355224609375, 195.4484405517578, -29.60054346436107, -29.283257227997918, -27.66039457329789, -29.322885981596496, -23.38593949998665, 0.16413593292236328, 1.2290775775909424, 2.8319971561431885, 14.229350090026855, 0.999105528226045, -0.4669870918497082, -0.7247721503743196, -0.705316021523495, -0.9562270237321813, -0.5469394412076459]",[1],J0539.8+1434,fsrq,J0539.6+1432,FSRQ,FSRQ,J0539.6+1432,FSRQ,J0539.6+1432,FSRQ
440,J0539.9-2839,"[2.731299877166748, 2.676969528198242, 2.4190993309020996, 107.25762939453125, -28.04801751707634, -27.76824212877346, -28.043854548917267, -27.81413823370251, -23.72954225440327, 0.11187601089477539, 0.3617728054523468, 3.785916328430176, 34.11033248901367, -0.2941896332893525, -0.6877854177308549, -0.8025128439291959, -0.8434164011435645, -0.8069027517519956, -0.999997029972924]",[1],J0540.0-2837,fsrq,J0539.9-2839,fsrq,fsrq,J0539.9-2839,fsrq,J0539.9-2839,fsrq
441,J0540.5+5823,"[1.9356352090835571, 1.9446306228637695, 1.9229824542999268, 15.657264709472656, -33.2613278827262, -33.123765371783335, -28.194178565695623, -33.20789171114094, -23.69346923896122, -0.009713489562273026, 0.2419528067111969, 0.36516836285591125, 19.61717987060547, 0.9694418109595407, -0.08332455372849135, -0.7023121105483623, -0.35085956688461256, -0.567657536779843, -0.13446456043721305]",[1],J0540.4+5823,bll,J0540.5+5823,bll,bll,J0540.5+5823,bll,J0540.5+5823,bll
442,J0540.8-5415,"[2.6265931129455566, 2.605290412902832, 2.5086429119110107, 115.1863021850586, -29.760390725124925, -29.52230136531004, -28.189715652075716, -29.57378108571401, -23.978052144599665, 0.08775100111961365, 1.019343614578247, 1.607634425163269, 12.814817428588867, 0.8072523642772379, -0.5267218236460873, -0.791871429597654, -0.7829389362027321, -0.7996343244986328, -0.30002873591833307]",[1],J0540.5-5416,fsrq,J0540.8-5415,fsrq,fsrq,J0540.8-5415,fsrq,J0540.8-5415,fsrq
443,J0542.9-0913,"[2.5252413749694824, 2.6049957275390625, 2.1053249835968018, 53.83119201660156, -29.83643759786446, -29.51462765887705, -27.165459574190535, -29.481359653213183, -22.874711994919124, 0.15996789932250977, 0.4974682033061981, 3.95563006401062, 14.213155746459961, 0.9642463408378087, -0.4526472583912321, -0.8010092055527054, -0.6880053041023102, -0.8392293835668763, -0.9907828024585869]",[1],J0542.5-0907c,bcu,J0542.9-0913,bcu,bcu,J0542.9-0913,bcu,J0542.9-0913,bcu
444,J0543.9-5531,"[1.763790249824524, 1.6347405910491943, 1.5758569240570068, 56.88241195678711, -32.04552828430619, -31.841847591133984, -27.626160115509848, -31.94090668580311, -23.384193208795796, 0.06953566521406174, 0.2959704101085663, 3.8657214641571045, 50.19099044799805, 0.9938733557492764, -0.12423119874755152, -0.39594871105656865, -0.3188626028485722, -0.43647752177686705, -0.4044778138344821]",[1],J0543.9-5531,bll,J0543.9-5531,bll,bll,J0543.9-5531,bll,J0543.9-5531,bll
445,J0550.5-3216,"[1.8893952369689941, 1.9269905090332031, 1.8890165090560913, 9.009195327758789, -33.242971504141664, -33.11479329017026, -28.396106737302052, -33.19414652434498, -23.979139807630876, -0.02617759257555008, 0.1256009191274643, 0.6513959765434265, 14.224760055541992, -0.1337299696334637, -0.5812236339678996, -0.613149390529653, -0.15602928770538263, -0.6866013648774452, -0.19244391626789717]",[1],J0550.6-3217,bll,J0550.5-3216,bll,bll,J0550.5-3216,bll,J0550.5-3216,bll
446,J0553.5-2034,"[1.9448195695877075, 1.764068841934204, 1.5724972486495972, 19.432146072387695, -32.05809203174589, -31.72565464344308, -28.12374745612664, -31.83451294600984, -23.577381079793458, 0.1550157517194748, 0.2765443027019501, 3.888669967651367, 22.239561080932617, 0.9996032403063553, -0.41358716053999056, -0.2764020190869639, -0.46800572854448824, -0.5596418935415941, -0.6674630099880544]",[1],J0553.5-2036,bcu,J0553.5-2034,bll,bll,J0553.5-2034,bll,J0553.5-2034,bll
447,J0554.1+3107,"[2.3308827877044678, 2.2394120693206787, 0.6164674758911133, 5.625899791717529, -30.42082644640092, -29.91830524319754, -27.9171529735516, -29.98937416549563, -22.84133888515579, 0.5677949786186218, 0.0, 13.995061874389648, 39.129638671875, 0.009586795206078655, -0.12642510275297444, -0.46806640245602704, -0.783797715038536, -0.9999991717948399, 0.19037546819373347]",[0],J0554.1+3104,PSR,J0554.1+3107,PSR,PSR,J0554.1+3107,PSR,J0554.1+3107,PSR
448,J0556.2-4352,"[2.0572779178619385, 1.8541851043701172, 1.6390324831008911, 33.522804260253906, -31.774669729226645, -31.470801462554316, -28.279247188532555, -31.57477282558302, -23.695446752614416, 0.1590237319469452, 0.4488845765590668, 3.210270404815674, 18.210174560546875, -0.9999999957444794, 0.9999999994423632, -0.2776062317181879, -0.546860822240854, -0.6143928995972225, -0.7531758606385286]",[1],J0556.0-4353,bll,J0556.2-4352,bll,bll,J0556.2-4352,bll,J0556.2-4352,bll
449,J0558.0-3837,"[1.9067398309707642, 1.8394923210144043, 1.703022837638855, 14.162378311157227, -32.75479059882101, -32.492221415326625, -28.1817498045474, -32.589089490347945, -23.781165335742358, 0.05636626109480858, 0.19121815264225006, 1.5676640272140503, 23.865249633789062, 0.914486503101265, -0.5669227285150197, -0.44895682132699666, -0.4349250880058814, -0.4091572462986814, -0.5826028604260223]",[1],J0558.1-3838,bll,J0558.0-3837,bll,bll,J0558.0-3837,bll,J0558.0-3837,bll
450,J0558.8-7459,"[2.0507118701934814, 1.9780484437942505, 1.80575692653656, 20.153486251831055, -32.34318449620504, -32.08670728870477, -28.33491455073347, -32.15903871664488, -23.837730286017894, 0.06877893954515457, 0.26659345626831055, 1.6902543306350708, 18.885305404663086, 0.011305003603663804, -0.5958739099785002, -0.5570292518878915, -0.440128615232094, -0.5712465773643131, -0.6669490844661057]",[1],J0558.6-7459,bll,J0558.8-7459,bll,bll,J0558.8-7459,bll,J0558.8-7459,bll
451,J0600.6-3939,"[2.857262372970581, 2.678934335708618, 2.280025005340576, 8.876152038574219, -27.250292452432987, -26.942763591425926, -28.13516543714147, -26.99623207263436, -23.97707146493339, 0.1975916028022766, 0.0, 2.8216798305511475, 10.902542114257812, -0.06799287897115186, -0.6965378896168589, -0.8646383062014086, -0.8704341595440265, -0.9263083937016395, -0.9994757756519835]",[1],J0600.9-3943,fsrq,J0600.6-3939,fsrq,fsrq,J0600.6-3939,fsrq,J0600.6-3939,fsrq
452,J0601.0+3838,"[2.008732795715332, 1.9553006887435913, 1.8456337451934814, 9.1224365234375, -32.681100658739894, -32.432749498161186, -27.990116901980297, -32.54912553311191, -23.484693306957194, 0.06275663524866104, 0.06739513576030731, 1.651193380355835, 18.597362518310547, 0.9981165020490591, -0.3560838756923458, -0.5846707375334566, -0.365981382051959, -0.7098720215675932, -0.19758939038666526]",[1],J0601.0+3837,bll,J0601.0+3838,bll,bll,J0601.0+3838,bll,J0601.0+3838,bll
453,J0601.1-7035,"[2.418488025665283, 2.3142237663269043, 2.1394755840301514, 578.0552978515625, -29.24704983081246, -28.992510466804998, -27.909532042968213, -29.0829640604721, -23.42153874765314, 0.11648844927549362, 0.7817795276641846, 5.319071292877197, 44.851959228515625, -0.10399984098028868, -0.5051621807876137, -0.7136688824801558, -0.6817230315789001, -0.7724469058605411, -0.8852742545333824]",[1],J0601.2-7036,fsrq,J0601.1-7035,fsrq,fsrq,J0601.1-7035,fsrq,J0601.1-7035,fsrq
454,J0602.0+5315,"[1.964330792427063, 1.935791254043579, 1.8440158367156982, 51.719783782958984, -32.67205948970062, -32.47475079971356, -28.168793778986746, -32.55017709057756, -23.700746452167945, 0.02778700925409794, 0.5245243906974792, 1.0097339153289795, 24.598434448242188, 0.6985753729351881, -0.320347293375127, -0.5467021894885479, -0.3938827037544881, -0.550579438951949, -0.3087754154681128]",[1],J0602.2+5314,bcu,J0602.0+5315,bcu,bll,J0602.0+5315,bll,J0602.0+5315,bll
455,J0603.9+2159,"[2.378683567047119, 2.387556791305542, 2.4000885486602783, 23.123947143554688, -31.506754022431203, -31.41344647101985, -27.288723105131556, -31.291137875632824, -23.198733346059925, -0.025879524648189545, 0.4479374885559082, 0.6017675995826721, 10.369235038757324, 0.5861212135229054, -0.585958123901917, -0.8640959813636949, -0.2806510828276066, -0.8677589240065734, -0.024326057897808496]",[1],J0603.8+2155,bcu,J0603.9+2159,bcu,bcu,J0603.9+2159,bcu,J0603.9+2159,bcu
456,J0604.1-4816,"[1.7985235452651978, 1.7448569536209106, 1.5421102046966553, 17.83810043334961, -34.190373021597075, -33.895833919348235, -28.488125686555545, -33.983208998063766, -24.05637672803074, 0.07736106216907501, 0.5343987345695496, 1.4323062896728516, 12.436037063598633, -0.9902723350799846, 0.9996061399942782, -0.43894976749489295, -0.44616614676781524, -0.4505141432711773, -0.14576255266931662]",[1],J0604.1-4817,bll,J0604.1-4816,bll,bll,J0604.1-4816,bll,J0604.1-4816,bll
457,J0604.5-4851,"[2.3157458305358887, 2.3102357387542725, 2.2948296070098877, 14.512750625610352, -32.459945640972066, -32.27155405941818, -28.615645551088118, -32.39262543824727, -24.32267269370436, 0.011333155445754528, 0.39734748005867004, 0.13898171484470367, 5.332948684692383, 0.9987317515391773, -0.6751756104794092, -0.8100009555750187, -0.466238538545848, -0.8142640229739735, -0.10626496741720057]",[1],J0604.7-4849,bcu,J0604.5-4851,bcu,bcu,J0604.5-4851,bcu,J0604.5-4851,bcu
458,J0605.1+3757,"[2.170948028564453, 2.1045422554016113, 0.001133011537604034, 10.738752365112305, -31.609812207877354, -30.871470177166962, -28.57045162777974, -31.126636611605313, -23.23454984046245, 0.7710043787956238, 0.09531456232070923, 9.988740921020508, 23.111391067504883, -0.8153875349367441, 0.9976266745654293, -0.27082332233161754, -0.701709844130509, -0.9838843643889852, 0.0903581736352378]",[0],J0605.0+3756,PSR,J0605.1+3757,PSR,PSR,J0605.1+3757,MSP,J0605.1+3757,MSP
459,J0606.5-4730,"[1.9752062559127808, 1.8823310136795044, 1.6219700574874878, 17.89934539794922, -32.96000595259719, -32.58976400617238, -28.492819260104728, -32.689468682394306, -24.01662676456047, 0.15789440274238586, 0.3875970244407654, 2.4113199710845947, 12.266925811767578, -0.2069729224225339, 0.9851639095325065, -0.37907149731042344, -0.4285191853224872, -0.6096267043051019, -0.7412670232708487]",[1],J0606.4-4729,bcu,J0606.5-4730,bcu,bcu,J0606.5-4730,bcu,J0606.5-4730,bcu
460,J0607.4+4739,"[2.042928695678711, 1.9375065565109253, 1.8424382209777832, 102.02507019042969, -30.478658259685304, -30.272135642231323, -27.537211832911126, -30.357874209378558, -23.06845296475223, 0.07395320385694504, 0.27436232566833496, 4.947179317474365, 61.740299224853516, 0.647421338253377, -0.47933977658970717, -0.493543435178045, -0.47225583125096354, -0.6304440638102624, -0.692093830849596]",[1],J0607.4+4739,bll,J0607.4+4739,bll,bll,J0607.4+4739,bll,J0607.4+4739,bll
461,J0608.0-0835,"[2.4279680252075195, 2.357940435409546, 2.1805381774902344, 289.7486877441406, -28.85718561824496, -28.628706277865202, -27.40365420794881, -28.691320749532863, -23.020956836678902, 0.07086065411567688, 0.7547727227210999, 3.0379292964935303, 31.27170753479004, -0.19818044155331616, -0.5597161731139959, -0.6773284279477895, -0.670225642158463, -0.8690613912780475, -0.6102329409023359]",[1],J0608.0-0835,fsrq,J0608.0-0835,fsrq,fsrq,J0608.0-0835,fsrq,J0608.0-0835,fsrq
462,J0608.1-1521,"[2.582620859146118, 2.5477585792541504, 2.363384485244751, 310.82391357421875, -28.967616095041667, -28.673060752906046, -27.887150376627286, -28.640309961954525, -23.50066139711285, 0.08553946763277054, 1.0639913082122803, 1.9550037384033203, 21.02583885192871, -0.2595863914171462, -0.5680812576042493, -0.801208761934003, -0.6939771176106893, -0.7993758277020594, -0.9931589471380885]",[1],J0608.1-1522,fsrq,J0608.1-1521,fsrq,fsrq,J0608.1-1521,fsrq,J0608.1-1521,fsrq
463,J0609.2-0247,"[1.8812702894210815, 1.6704167127609253, 1.3442877531051636, 10.221843719482422, -32.6646286093502, -32.29234251066132, -27.79081529999347, -32.364702554742586, -23.26848742042416, 0.1838195025920868, 0.07463578134775162, 4.167187213897705, 22.071571350097656, -0.999883288758554, 0.9997539752573579, -0.0437072125703532, -0.32118741861839417, -0.4122525823962065, -0.7678735472369094]",[1],J0609.4-0248,bll,J0609.2-0247,bll,bll,J0609.2-0247,bll,J0609.2-0247,bll
464,J0610.2-2100,"[2.2206881046295166, 1.9877856969833374, 0.6714801788330078, 2.024362325668335, -30.760386303556544, -30.258639197893064, -28.38970215180404, -30.249214472355998, -23.34739925108234, 0.5081384778022766, 0.0, 9.073124885559082, 25.771554946899414, 0.9994727659691046, -0.36461171672965376, -0.4557589203766013, -0.7063209834630287, -0.9999887031442588, 0.7570838179029465]",[0],J0610.2-2059,PSR,J0610.2-2100,PSR,PSR,J0610.2-2100,MSP,J0610.2-2100,MSP
465,J0610.9-6054,"[2.58241868019104, 2.560615301132202, 2.358060836791992, 26.474994659423828, -30.939920573817464, -30.708251104768745, -28.147862827368577, -30.667720127605012, -24.132532929385942, 0.1218550056219101, 0.6850482225418091, 1.5475459098815918, 8.49194049835205, -0.6939890839931933, -0.5011195512781944, -0.7658759017115172, -0.7586834772051552, -0.6605947998413904, -0.9999676958357512]",[1],J0611.1-6100,fsrq,J0610.9-6054,fsrq,fsrq,J0610.9-6054,fsrq,J0610.9-6054,fsrq
466,J0611.1+4325,"[1.8813477754592896, 1.729673147201538, 1.4736148118972778, 8.338601112365723, -33.52095790464397, -33.17168147878394, -28.25989078086862, -33.25902988476218, -23.787553695863966, 0.12795478105545044, 0.0, 2.145827054977417, 14.302353858947754, 0.9758100454225582, -0.6116565038665578, -0.5778388373813464, -0.2268212599488459, -0.48516582813886594, -0.4307053773736652]",[1],J0611.2+4323,bcu,J0611.1+4325,bcu,bcu,J0611.1+4325,bcu,J0611.1+4325,bcu
467,J0611.6+2803,"[2.2180824279785156, 2.1125290393829346, 1.7469723224639893, 19.569820404052734, -31.98947799282064, -31.57553195255964, -27.83947777327218, -31.650777220402208, -23.436356908642363, 0.17702420055866241, 0.5639076828956604, 2.1032450199127197, 8.695626258850098, -0.5175787679994718, 0.3588449339710211, -0.4198469023702733, -0.6258784812788781, -0.7655849256397448, -0.6685456089551173]",[1],J0611.7+2759,bcu,J0611.6+2803,bll,bll,J0611.6+2803,bll,J0611.6+2803,bll
468,J0612.8+4122,"[1.9891501665115356, 1.8325166702270508, 1.6885749101638794, 82.31425476074219, -30.34134498213591, -30.08452317674505, -27.348805029159248, -30.18166136178079, -22.83220370554506, 0.10878979414701462, 0.21271859109401703, 8.357315063476562, 78.57936096191406, -0.11784569078087774, -0.3062678457120612, -0.4530020507240016, -0.46898755215977467, -0.6261090979202861, -0.7090244949157468]",[1],J0612.8+4122,bll,J0612.8+4122,bll,bll,J0612.8+4122,bll,J0612.8+4122,bll
469,J0613.7-0201,"[2.2194674015045166, 2.0174436569213867, 1.323768973350525, 4.441346168518066, -29.64906666604013, -29.252090942024846, -27.523118619030136, -29.277525243045506, -22.630135911232294, 0.28917625546455383, 0.0, 15.65990924835205, 64.60279846191406, -0.1421483369166131, -0.3220663742646288, -0.5415505956939725, -0.6589623602012754, -0.9700461927816079, -0.9998147761099926]",[0],J0613.8-0201,PSR,J0613.7-0201,PSR,PSR,J0613.7-0201,MSP,J0613.7-0201,MSP
470,J0614.1-3329,"[1.9097154140472412, 1.588839054107666, 1.0262664556503296, 5.587854862213135, -29.65626043774452, -29.162682838874215, -27.217840457612382, -29.256762441455535, -22.201784229045252, 0.2933008670806885, 0.0, 40.76709747314453, 200.174560546875, -0.01568211198780431, -0.046314995997082914, -0.3349251255689574, -0.5149174634385079, -0.8208113987814389, -0.945159030591695]",[0],J0614.1-3329,PSR,J0614.1-3329,PSR,PSR,J0614.1-3329,MSP,J0614.1-3329,MSP
471,J0615.3-3117,"[2.1200544834136963, 2.1027133464813232, 2.063451051712036, 22.07675552368164, -32.486162348697356, -32.26603024763364, -28.409410957267813, -32.262302534278824, -23.922598115608377, 0.044239770621061325, 0.4901886284351349, 0.7245621085166931, 11.761308670043945, 0.9997692975805836, -0.7072388346187718, -0.5983968082160656, -0.5414759546771355, -0.6199801157371154, -0.4625473337118156]",[1],J0615.4-3116,bll,J0615.3-3117,bll,bll,J0615.3-3117,bll,J0615.3-3117,bll
472,J0617.2+5701,"[2.0893867015838623, 2.0477070808410645, 1.9389749765396118, 41.539703369140625, -31.505563444541163, -31.290989348549168, -28.159559577185295, -31.373139866400837, -23.642755651557774, 0.04565123841166496, 0.2759477496147156, 2.0705950260162354, 36.20547866821289, -0.27560627344663763, -0.5423253348260425, -0.5705167119398143, -0.4456129516195035, -0.6865826089341379, -0.5951035102267803]",[1],J0617.2+5701,bll,J0617.2+5701,bll,bll,J0617.2+5701,bll,J0617.2+5701,bll
473,J0617.7-1715,"[1.9259204864501953, 1.7882394790649414, 1.528436303138733, 14.625930786132812, -32.36404125445659, -32.06782629451121, -27.857943823937287, -32.12466464957484, -23.38928625710237, 0.11274421960115433, 0.19143763184547424, 3.090724468231201, 22.382768630981445, 0.9698348780756149, -0.5241563162328137, -0.46538755209928206, -0.35730723178753065, -0.45118747037976026, -0.7345266497792718]",[1],J0617.6-1717,bll,J0617.7-1715,bll,bll,J0617.7-1715,bll,J0617.7-1715,bll
474,J0618.1-2428,"[2.362826347351074, 2.22141170501709, 1.8214539289474487, 9.736921310424805, -31.399815480512135, -31.043334184894416, -28.31647820884108, -31.130082386028224, -23.979161859186064, 0.2059459239244461, 0.0, 1.6936062574386597, 7.11990213394165, -0.7337087376767368, -0.13762208905041515, -0.6807690231566372, -0.6098980701666065, -0.9299076344290946, -0.9857921108774539]",[1],J0618.2-2429,bcu,J0618.1-2428,fsrq,fsrq,J0618.1-2428,fsrq,J0618.1-2428,fsrq
475,J0620.7+2643,"[1.5413063764572144, 1.533564805984497, 1.4394546747207642, 14.216948509216309, -35.850888743235494, -35.520448267586104, -28.270221113305126, -35.647480450691404, -23.928103534061123, 0.06140757352113724, 0.3964865207672119, 1.0718146562576294, 9.853007316589355, -0.9991135641254074, -0.9608918918484651, 0.9998938763597872, 0.006093864552883853, -0.5013157294911944, -0.02827674197906673]",[1],J0620.4+2644,bcu,J0620.7+2643,bcu,bcu,J0620.7+2643,bll,J0620.7+2643,bll
476,J0621.2+2512,"[2.154839038848877, 2.0533928871154785, 1.0758139978861436e-06, 8.056442260742188, -32.23434302392346, -31.508492717582605, -28.510281487497952, -31.7319757844208, -23.1965812519109, 0.9999706149101257, 0.0, 8.009834289550781, 14.47044563293457, -0.5685846842810962, 0.8941417961385416, 0.09657071491869233, -0.46731810056265616, -0.9975685226886019, -0.7905904837774413]",[0],J0621.0+2514,PSR,J0621.2+2512,PSR,PSR,J0621.2+2512,MSP,J0621.2+2512,MSP
477,J0622.2+3749,"[2.445612907409668, 2.65875506401062, 0.04564911499619484, 8.367317199707031, -30.049499361929623, -29.531849928123222, -26.687128975714064, -29.60028376075388, -22.89854221588245, 0.8223877549171448, 0.0, 17.43800163269043, 35.42058181762695, 0.43526095619889116, -0.25259358255957803, -0.6138501547612588, -0.9408574129180279, -0.9999918463445294, 0.9827127614962563]",[0],J0622.2+3747,PSR,J0622.2+3749,PSR,PSR,J0622.2+3749,PSR,J0622.2+3749,PSR
478,J0622.3-2605,"[1.908918023109436, 1.872899055480957, 1.8135960102081299, 122.13723754882812, -31.872545557336885, -31.651108591522114, -27.63540841316542, -31.76661159299592, -23.275459614498384, 0.0283597894012928, 0.4166761338710785, 1.6490410566329956, 50.498870849609375, -0.5591609994959003, -0.3819131478470863, -0.4827512222308165, -0.4660857107687213, -0.42094453945209465, -0.48321489582191585]",[1],J0622.4-2606,bll,J0622.3-2605,bll,bll,J0622.3-2605,bll,J0622.3-2605,bll
479,J0622.9+3326,"[2.219836473464966, 2.1261067390441895, 2.0228099822998047, 2553.43115234375, -29.639509624590136, -29.420215001555924, -27.40018752000279, -29.507050340651144, -22.89621247321594, 0.07898077368736267, 1.6174615621566772, 5.074154853820801, 55.90314865112305, -0.2700830317267919, -0.4212904895167281, -0.628544340783317, -0.5419628711699417, -0.7893181605960057, -0.6160830968636152]",[1],J0622.9+3326,BCU,J0622.9+3326,BCU,BCU,J0622.9+3326,BCU,J0622.9+3326,BCU
480,J0623.2+3044,"[1.9282306432724, 1.7703858613967896, 1.458358883857727, 18.065631866455078, -33.36221478672893, -33.025114648034396, -28.043293332432878, -33.091655816142676, -23.522954327302834, 0.15811416506767273, 0.34180229902267456, 2.5715904235839844, 14.43234634399414, -0.5635092036979561, -0.6956136229746168, -0.5303181230984042, -0.24152960161429707, -0.4590037895912256, -0.7210305123221092]",[1],J0623.3+3043,bcu,J0623.2+3044,bll,bll,J0623.2+3044,bll,J0623.2+3044,bll
481,J0625.3+4439,"[2.092839002609253, 2.0518505573272705, 1.9535857439041138, 27.658445358276367, -31.828043588940844, -31.588946511411162, -28.179379435154214, -31.68229480738175, -23.670161208881893, 0.04978170990943909, 0.2796592712402344, 1.6768133640289307, 23.579627990722656, -0.4751937532798673, -0.42687532763803504, -0.5574612312625881, -0.5359515441147819, -0.5859146519914518, -0.6165750554590543]",[1],J0625.2+4440,bll,J0625.3+4439,bll,bll,J0625.3+4439,bll,J0625.3+4439,bll
482,J0625.8-5441,"[2.732255458831787, 2.67948579788208, 2.4760940074920654, 23.080307006835938, -28.931282569099004, -28.668409083946948, -28.33704519763234, -28.749610678161325, -24.094017936025562, 0.08829925209283829, 0.4319908618927002, 1.2194952964782715, 8.864496231079102, 0.2121087026548895, -0.6885275484779889, -0.8362635654110407, -0.6081028153871164, -0.9998229456882131, -0.9985482507814026]",[1],J0626.0-5436,fsrq,J0625.8-5441,fsrq,fsrq,J0625.8-5441,fsrq,J0625.8-5441,fsrq
483,J0626.4-4259,"[1.9003268480300903, 1.5842143297195435, 1.2239593267440796, 29.886667251586914, -33.31734919242251, -32.931565201140025, -28.44669865299765, -33.00383416263561, -24.00735376980353, 0.2053193747997284, 0.6878655552864075, 2.188929319381714, 11.972636222839355, 0.7594152224249114, -0.6487437094975502, -0.5481311229497633, -0.2884021537152279, -0.4406828673488718, -0.8091981572457937]",[1],J0626.6-4259,bcu,J0626.4-4259,bll,bll,J0626.4-4259,bll,J0626.4-4259,bll
484,J0627.0-3529,"[1.9154272079467773, 1.8939213752746582, 1.8685927391052246, 19.073570251464844, -32.04560801718499, -31.853858784638867, -27.8551409431486, -31.97243867668255, -23.484586157614842, 0.01782648079097271, 0.15796267986297607, 0.8757813572883606, 36.89239501953125, -0.044691187700416725, -0.48990595869143616, -0.5032975459270289, -0.37122391899556023, -0.5168788722442758, -0.5281690438933231]",[1],J0627.0-3529,rdg,J0627.0-3529,rdg,rdg,J0627.0-3529,rdg,J0627.0-3529,rdg
485,J0628.6+6900,"[2.2127647399902344, 2.1768743991851807, 2.1319429874420166, 5.869383811950684, -32.28173193487038, -32.05983014672826, -28.684889204037106, -32.19685460536026, -24.229147569317906, 0.04138275235891342, 0.0, 0.6642308831214905, 9.106830596923828, -0.18162860760584304, -0.48913614962344554, -0.4667691191278151, -0.6882242478896324, -0.5275675373866968, -0.6760836647437883]",[1],J0630.3+6906,bcu,J0628.6+6900,bcu,bcu,J0628.6+6900,bcu,J0628.6+6900,bcu
486,J0628.8-6250,"[2.204378604888916, 2.11171817779541, 1.8845086097717285, 33.18687057495117, -31.29427057134118, -31.023816782816073, -28.367029443986333, -31.076974319435795, -23.820070723926143, 0.09632065147161484, 0.3523917496204376, 2.41005539894104, 22.96149444580078, -0.4487920270004723, -0.5995752568850519, -0.5268673487326291, -0.6233668423119954, -0.5681866969142703, -0.9999917682916203]",[1],J0629.0-6248,bll,J0628.8-6250,bll,bll,J0628.8-6250,bll,J0628.8-6250,bll
487,J0629.3-1959,"[2.2307169437408447, 2.14809513092041, 2.031269073486328, 368.0346984863281, -29.631639006319244, -29.42306591055046, -27.62477818744937, -29.49407634583921, -23.122909685089898, 0.07038091868162155, 0.7977233529090881, 3.5270423889160156, 38.19340896606445, 0.968653485942185, -0.5072078997038845, -0.622636656713567, -0.5734862117807538, -0.6744820931290254, -0.7592579623096563]",[1],J0629.4-1959,bll,J0629.3-1959,bll,bll,J0629.3-1959,bll,J0629.3-1959,bll
488,J0630.9-2406,"[1.813952088356018, 1.6542110443115234, 1.5299503803253174, 117.94432830810547, -31.047686306389725, -30.81590235878071, -27.111606488262254, -30.904491563736663, -22.817017049727166, 0.09257669001817703, 0.2699856758117676, 7.165546417236328, 85.42469024658203, 0.9574700748732548, -0.20113300112319668, -0.38208575903131653, -0.36693116117662916, -0.43347061008108906, -0.5645260778959864]",[1],J0630.9-2406,bll,J0630.9-2406,bll,bll,J0630.9-2406,bll,J0630.9-2406,bll
489,J0631.1+2020,"[2.429063558578491, 2.23486328125, 1.864136815071106, 54.18598175048828, -31.009240833114983, -30.689671911594473, -27.592958137245546, -30.740897872437767, -23.444328345457787, 0.2100500911474228, 0.9706073999404907, 2.269115447998047, 13.209080696105957, -0.7879972526000302, -0.23392097271197318, -0.5516489536398047, -0.6836370303004514, -0.7422905070569141, -0.9995335948018369]",[1],J0631.2+2019,bcu,J0631.1+2020,bcu,bcu,J0631.1+2020,bcu,J0631.1+2020,bcu
490,J0631.5+1036,"[2.202786684036255, 2.101623058319092, 0.9866042733192444, 5.902220726013184, -30.764416981924498, -30.21228483101122, -27.4429275532933, -30.373712800789765, -22.49789969114412, 0.3847774863243103, 0.0, 13.787123680114746, 43.0074462890625, 0.07711216714726911, -0.18276738881527899, -0.3967808981414365, -0.5467143112406802, -0.9570920773393248, -0.9994700937943038]",[0],J0631.5+1036,PSR,J0631.5+1036,PSR,PSR,J0631.5+1036,PSR,J0631.5+1036,PSR
491,J0633.7+0632,"[2.2264509201049805, 2.1640512943267822, 1.1156054735183716, 6.616432189941406, -29.91460410987642, -29.489267366657337, -26.745717533431144, -29.386908821289293, -21.970550607860602, 0.3818379044532776, 0.0, 26.000988006591797, 85.8768081665039, 0.648261821250158, -0.12813717819187323, -0.4447336613701025, -0.6793250554007438, -0.9354554173843482, -0.9999867591924346]",[0],J0633.7+0632,PSR,J0633.7+0632,PSR,PSR,J0633.7+0632,PSR,J0633.7+0632,PSR
492,J0633.9+1746,"[2.0983786582946777, 2.050741672515869, 1.073549509048462, 17.090578079223633, -27.862431651531644, -27.06599107452058, -25.161635170563073, -27.089379595136393, -19.926906847798133, 0.36172249913215637, 0.005523527041077614, 225.771728515625, 840.475341796875, 0.12798748345049796, -0.14996645317762533, -0.41041072941292006, -0.6514654498724686, -0.9451019885051766, -0.9811080037823962]",[0],J0633.9+1746,PSR,J0633.9+1746,PSR,PSR,J0633.9+1746,PSR,J0633.9+1746,PSR
493,J0634.9-2335,"[2.6120405197143555, 2.56337833404541, 2.3827273845672607, 22.654760360717773, -29.568729302652347, -29.33212233240073, -27.964135123527715, -29.357694302942935, -23.735329157207982, 0.07919161766767502, 0.31522852182388306, 1.5324259996414185, 12.77308177947998, 0.08159264987234688, -0.7225062835383512, -0.7263903956972784, -0.7448836316143792, -0.9999722151216263, -0.23457419627135354]",[1],J0634.7-2334,fsrq,J0634.9-2335,fsrq,fsrq,J0634.9-2335,fsrq,J0634.9-2335,fsrq
494,J0635.6-7518,"[2.7008731365203857, 2.6903514862060547, 2.6681790351867676, 448.18328857421875, -28.80242335114091, -28.594477760967678, -28.131255030657165, -28.69712014627657, -23.816018329839366, 0.01654018834233284, 0.9661651849746704, 0.4679110050201416, 25.92304229736328, -0.46775431115659444, -0.6414089691064484, -0.7814216998491704, -0.8041701252266801, -0.7573116428464254, -0.5424292531401099]",[1],J0635.7-7517,fsrq,J0635.6-7518,fsrq,fsrq,J0635.6-7518,fsrq,J0635.6-7518,fsrq
495,J0638.6+7320,"[3.0269978046417236, 3.0223307609558105, 2.942098379135132, 51.83540725708008, -27.724722749064064, -27.547957388866042, -28.303132934380464, -27.625178218620928, -24.329816433814553, 0.005964136216789484, 0.5680664777755737, 0.10796868056058884, 10.280739784240723, -0.6094636225343909, -0.7384396771626887, -0.8670350793662063, -0.8012179293733349, -0.9441761440745343, -0.9896659008109594]",[1],J0638.6+7324,fsrq,J0638.6+7320,fsrq,fsrq,J0638.6+7320,fsrq,J0638.6+7320,fsrq
496,J0640.0-1253,"[1.653947353363037, 1.616417646408081, 1.5031142234802246, 4.921981334686279, -34.92691482562183, -34.60398679991832, -27.959681029008674, -34.759885811821526, -23.50046607943796, 0.03556956350803375, 0.0, 0.6755196452140808, 14.623300552368164, -0.7987166258496469, -0.6566974974902273, -0.5108801544800147, -0.2400409785547103, -0.38692580790751413, -0.08692530279139882]",[1],J0640.0-1252,bcu,J0640.0-1253,bll,bll,J0640.0-1253,bll,J0640.0-1253,bll
497,J0641.7-0320,"[2.6824963092803955, 2.5541739463806152, 2.1308910846710205, 357.07257080078125, -27.8009485712516, -27.463089075237395, -27.14738251321537, -27.52951191978408, -22.944317175994968, 0.1708793044090271, 0.9458479285240173, 4.824689865112305, 21.369949340820312, -0.2730564272891515, -0.6281949001763517, -0.7274885794869227, -0.8471038167786709, -0.9835878473053807, -0.9994056920549472]",[1],J0641.8-0319,bcu,J0641.7-0320,FSRQ,FSRQ,J0641.7-0320,FSRQ,J0641.7-0320,FSRQ
498,J0643.2-5356,"[2.4507603645324707, 2.439603805541992, 2.3229048252105713, 50.40752410888672, -30.866015007313607, -30.685599820901427, -28.44480198174055, -30.738651110557814, -24.110411355302453, 0.01785912737250328, 0.8731829524040222, 0.3124605119228363, 9.250171661376953, -0.6049107008726233, -0.607690013223732, -0.6137620379650661, -0.6272728179144461, -0.8481362392303929, -0.9999957929959946]",[1],J0643.4-5358,bcu,J0643.2-5356,bcu,bcu,J0643.2-5356,bcu,J0643.2-5356,bcu
499,J0643.3+0857,"[2.5504679679870605, 2.489326238632202, 2.0717251300811768, 366.7254943847656, -28.889414899931626, -28.547493892359846, -27.058342500981933, -28.55875388090537, -22.78821012725278, 0.1768094152212143, 0.8449472188949585, 6.100808143615723, 26.93195343017578, -0.33427392704734343, -0.520098371584271, -0.719643051951052, -0.7797458047139282, -0.8468534870547466, -0.9999420628671178]",[1],J0643.2+0859,fsrq,J0643.3+0857,fsrq,fsrq,J0643.3+0857,fsrq,J0643.3+0857,fsrq
500,J0644.4-6712,"[2.156825304031372, 2.0369608402252197, 1.8827106952667236, 1320.4033203125, -30.273665330428656, -30.06792627083762, -27.79882419067717, -30.136768651732766, -23.32611910337234, 0.08959890156984329, 1.3647156953811646, 4.7306413650512695, 52.60691452026367, 0.3907609071644825, -0.4286281048992468, -0.5631513545305658, -0.5543465228292062, -0.6978016292887532, -0.9291432956968326]",[1],J0644.3-6713,bcu,J0644.4-6712,bcu,fsrq,J0644.4-6712,fsrq,J0644.4-6712,fsrq
501,J0644.6-2853,"[1.8356091976165771, 1.5869879722595215, 0.8387148380279541, 10.164215087890625, -33.81326730963799, -33.32335374152219, -28.41232604030618, -33.355414978255936, -23.814659821464943, 0.2891843020915985, 0.15421247482299805, 3.173292875289917, 10.477760314941406, -0.9999519138034403, 0.99849700663224, 0.12713593467671333, -0.4226167785570089, -0.24247096988200667, -0.7092762417671632]",[1],J0644.6-2853,bcu,J0644.6-2853,bcu,bcu,J0644.6-2853,bcu,J0644.6-2853,bcu
502,J0646.4-5455,"[2.2386927604675293, 1.8526209592819214, 0.0009340618271380663, 6.237444877624512, -31.90480173615886, -31.241412828151013, -28.897274699503825, -30.52122486092753, -23.654691834746806, 0.9206283688545227, 0.0, 6.390640735626221, 15.644840240478516, 0.9991409542178998, 0.19910158199780523, -0.008049069062483987, -0.672588709393153, -0.9995987578925621, -0.9958800917922406]",[0],J0646.4-5452,bcu,J0646.4-5455,bcu,psr,J0646.4-5455,msp,J0646.4-5455,msp
503,J0646.7-3913,"[2.9848885536193848, 2.933297872543335, 2.7832794189453125, 24.365272521972656, -27.275860325869953, -27.04421931108351, -28.284246737815792, -27.130713580786356, -24.16888244860007, 0.061543773859739304, 0.47926071286201477, 0.6086938381195068, 7.001910209655762, -0.5829716423596488, -0.7417826447455482, -0.8871085741634528, -0.7709251324584788, -0.9997699187984826, -0.800975072044217]",[1],J0645.9-3914,fsrq,J0646.7-3913,fsrq,fsrq,J0646.7-3913,fsrq,J0646.7-3913,fsrq
504,J0647.0-5138,"[1.8229163885116577, 1.6385139226913452, 1.5907635688781738, 17.028322219848633, -34.46403928672283, -34.04444447354248, -28.648320847592867, -34.26104051034903, -24.15332359192395, 0.14395828545093536, 0.31879737973213196, 1.1885571479797363, 7.9953107833862305, -0.7295138754460587, 0.9855941250201065, -0.6873221163909661, 0.28348088654553166, -0.6316678767249068, -0.26338590059068256]",[1],J0647.0-5134,bcu,J0647.0-5138,bcu,bcu,J0647.0-5138,bll,J0647.0-5138,bll
505,J0647.7-4418,"[2.199068546295166, 2.0300590991973877, 1.476016879081726, 10.797792434692383, -31.982128379367325, -31.625865548287685, -28.516682844886965, -31.6539862823751, -24.03491464256014, 0.21360358595848083, 0.24189014732837677, 2.2145612239837646, 8.278852462768555, 0.6438325581937113, -0.45273151536017653, -0.6448580518044451, -0.36099832269803106, -0.8722691712198363, -0.9999988932005982]",[1],J0647.1-4415,bcu,J0647.7-4418,hmb,bcu,J0647.7-4418,bcu,J0647.7-4418,bcu
506,J0647.7-6058,"[2.4456255435943604, 2.417921304702759, 2.301788568496704, 86.49356079101562, -30.296159251401036, -30.08984734221489, -28.32293697152731, -30.151424371874214, -23.883541652158506, 0.04260479658842087, 0.6526382565498352, 1.117277979850769, 15.992996215820312, 0.14084340492023978, -0.6885036451124593, -0.7010301609943618, -0.6027269972176343, -0.9129799312781665, -0.2700637813733525]",[1],J0647.6-6058,bcu,J0647.7-6058,bcu,bll,J0647.7-6058,bll,J0647.7-6058,bll
507,J0648.0-3045,"[2.4875946044921875, 2.385476589202881, 2.148660898208618, 422.16064453125, -28.760036154210177, -28.47705013068266, -27.962074628564956, -28.55250006233452, -23.437182722341003, 0.1298106610774994, 0.9536402225494385, 4.10576868057251, 27.75665283203125, 0.4317515806143401, -0.5107815804716372, -0.7524930596618441, -0.7248749082377821, -0.745229882787694, -0.99999154664992]",[1],J0648.1-3045,fsrq,J0648.0-3045,fsrq,fsrq,J0648.0-3045,fsrq,J0648.0-3045,fsrq
508,J0648.1+1605,"[1.8528101444244385, 1.7371604442596436, 1.4912033081054688, 10.231868743896484, -34.2005642752762, -33.82493237331485, -28.388435460954604, -34.02326894890895, -23.881978540994645, 0.1507541835308075, 0.0, 1.44314706325531, 5.903137683868408, 0.712425233269433, -0.988075865885158, 0.9998191690627939, -0.5182257796002913, -0.7216675646352374, -0.015659742148015035]",[1],J0648.1+1606,bcu,J0648.1+1605,bcu,bcu,J0648.1+1605,bcu,J0648.1+1605,bcu
509,J0648.4-1743,"[2.4521446228027344, 2.3659751415252686, 2.1204464435577393, 1467.8299560546875, -29.12613337963804, -28.854186093563836, -27.216123912145385, -28.87999009544235, -22.92785262362125, 0.12839490175247192, 1.4766883850097656, 6.023326873779297, 39.8897590637207, -0.3645955757198984, -0.5887975961954615, -0.6853106654560581, -0.7165629700907237, -0.8498325652075854, -0.705462034428098]",[1],J0648.8-1740,fsrq,J0648.4-1743,fsrq,fsrq,J0648.4-1743,fsrq,J0648.4-1744,fsrq
510,J0648.7+1516,"[1.7137478590011597, 1.6717292070388794, 1.66559636592865, 29.69619369506836, -33.33222526315783, -33.07523090663596, -27.619649639579194, -33.23734397602192, -23.350811800284067, 0.03439624607563019, 0.2818376123905182, 1.477197527885437, 34.65477752685547, 0.9359645025160025, 0.0616400338358785, -0.4032904246537929, -0.2794543665829965, -0.412528305472774, -0.41074080396360607]",[1],J0648.8+1516,bll,J0648.7+1516,bll,bll,J0648.7+1516,bll,J0648.7+1516,bll
511,J0649.5-3139,"[1.689115285873413, 1.483756184577942, 1.2017812728881836, 24.7528018951416, -34.363307338947855, -33.92538865247032, -28.130227567990552, -34.0792292556556, -23.77837374376902, 0.16140230000019073, 0.49489298462867737, 2.58259916305542, 16.472509384155273, -0.7417756996007507, -0.8080334982111141, -0.4899657521917571, -0.09364966545453857, -0.3726708810108684, -0.33389526440523676]",[1],J0649.6-3138,bcu,J0649.5-3139,bll,bll,J0649.5-3139,bll,J0649.5-3139,bll
512,J0650.2-1636,"[2.591599464416504, 2.5770254135131836, 2.4721267223358154, 42.173065185546875, -29.887073086531423, -29.67695025881628, -27.449685353730583, -29.709526132763052, -23.372635982614728, 0.04805873706936836, 0.476912260055542, 1.1400784254074097, 13.413990020751953, 0.9971252706978379, -0.5077839528204082, -0.7892830181331694, -0.6759719494709684, -0.8784302736965365, -0.5254083945588162]",[1],J0650.4-1636,bcu,J0650.2-1636,bcu,bcu,J0650.2-1636,bcu,J0650.2-1636,bcu
513,J0650.7+2503,"[1.740639328956604, 1.6804863214492798, 1.6454131603240967, 276.73614501953125, -31.332205719099253, -31.203223349124272, -27.14103644460088, -31.278593776788266, -22.940080642500256, 0.02859862521290779, 0.47895413637161255, 2.678227424621582, 76.0693588256836, -0.020340493616901448, -0.18854623687583616, -0.4371710873332199, -0.31350769310595056, -0.4809563062219603, -0.18978650434924618]",[1],J0650.7+2503,bll,J0650.7+2503,bll,bll,J0650.7+2503,bll,J0650.7+2503,bll
514,J0651.0+4013,"[2.088416814804077, 2.0310795307159424, 1.9609408378601074, 13.670201301574707, -32.03001769658401, -31.77322495852684, -28.31924051162584, -31.896313788901875, -23.811892742413896, 0.05836689472198486, 0.16854459047317505, 1.3999152183532715, 17.579774856567383, -0.470508172762541, -0.5018610206524992, -0.5060244809600568, -0.5299947879494114, -0.5821786017292531, -0.7444403137301551]",[1],J0651.3+4014,bcu,J0651.0+4013,bcu,bcu,J0651.0+4013,bll,J0651.0+4013,bll
515,J0652.1-4813,"[2.0444371700286865, 1.900818109512329, 1.5913747549057007, 10.789689064025879, -33.29583368809083, -32.99261528661992, -28.701470586376875, -33.0320443084048, -24.197594738098456, 0.13280309736728668, 0.0, 1.093734860420227, 6.117955684661865, 0.9865062904372028, -0.7939438642338943, -0.47261362503234505, -0.5605352057549751, -0.48928165239873267, -0.6189807311574469]",[1],J0652.0-4808,bcu,J0652.1-4813,bcu,bcu,J0652.1-4813,bll,J0652.1-4813,bll
516,J0653.7+2815,"[2.0611090660095215, 1.8071461915969849, 1.261072039604187, 10.936511993408203, -31.99098760112786, -31.578372217328727, -28.332180255512746, -31.623962052161144, -23.596209517799235, 0.25654205679893494, 0.11125879734754562, 4.170013427734375, 17.59452247619629, -0.7746430139804226, 0.06424337359665123, -0.29289010403155424, -0.3829491369779776, -0.7466002641178842, -0.9998540706335292]",[1],J0653.6+2817,bcu,J0653.7+2815,bll,bll,J0653.7+2815,bll,J0653.7+2815,bll
517,J0654.3+0923,"[2.138414144515991, 2.130788803100586, 2.1587674617767334, 16.81240463256836, -32.94482363379469, -32.74282559920042, -28.22968306560364, -32.902782408625185, -23.781606993858155, 0.01787881925702095, 0.5894863605499268, 0.25397053360939026, 5.948873043060303, 0.9474099979941952, 0.034992472346585674, -0.6717577460133803, -0.582486150039413, -0.41059636167647995, -0.7061196458577286]",[1],J0654.5+0926,bcu,J0654.3+0923,bcu,bcu,J0654.3+0923,bcu,J0654.3+0923,bcu
518,J0654.3+5042,"[2.2269818782806396, 2.1277341842651367, 1.9876327514648438, 241.0213623046875, -30.01191164918673, -29.79874391304754, -28.022639053691424, -29.87478576115632, -23.489873530442264, 0.08006509393453598, 0.6780965328216553, 3.774718999862671, 38.44378662109375, -0.35917289421386267, -0.4916129578937072, -0.6126485222671638, -0.584378067730211, -0.677232922859615, -0.9999867510925038]",[1],J0654.4+5042,fsrq,J0654.3+5042,fsrq,fsrq,J0654.3+5042,fsrq,J0654.3+5042,fsrq
519,J0654.4+4514,"[2.2699973583221436, 2.183042526245117, 2.09572172164917, 691.1676025390625, -30.030274803833475, -29.834455161364644, -27.83039968524037, -29.92327749947279, -23.389131879250044, 0.08025737851858139, 1.197288990020752, 3.560114860534668, 38.92923355102539, -0.4445195386345367, -0.41237612492071346, -0.6449360098729499, -0.6026388138429607, -0.7510858717524557, -0.5636411548736155]",[1],J0654.4+4514,FSRQ,J0654.4+4514,FSRQ,FSRQ,J0654.4+4514,FSRQ,J0654.4+4514,FSRQ
520,J0656.3-0322,"[2.566330909729004, 2.542707920074463, 1.938521146774292, 106.95742797851562, -29.079962543820344, -28.690868594813136, -27.021636180412653, -28.68027209496716, -22.777966376225432, 0.23889946937561035, 0.4550395905971527, 7.1762800216674805, 25.84725570678711, -0.16533811460482276, -0.5324737199290542, -0.7468112286504226, -0.7968218845817029, -0.867929131677092, -0.9999969487715654]",[1],J0656.2-0323,fsrq,J0656.3-0322,fsrq,fsrq,J0656.3-0322,fsrq,J0656.3-0322,fsrq
521,J0656.3+4235,"[1.9924094676971436, 1.9672727584838867, 1.775517225265503, 13.152544975280762, -33.71308325721469, -33.44834263045573, -28.313079638699193, -33.48814412215558, -23.78660390942394, 0.10418730974197388, 0.3355274796485901, 1.4504395723342896, 7.075935363769531, 0.9991474819102439, -0.6867035434797149, -0.27942377348927433, -0.5331746728493597, -0.7056580795410496, 0.0037724442885232177]",[1],J0656.4+4232,bll,J0656.3+4235,bll,bll,J0656.3+4235,bll,J0656.3+4235,bll
522,J0658.1-5840,"[2.1988284587860107, 2.1658854484558105, 2.0852832794189453, 6.085415840148926, -32.354401975837774, -32.061129017170856, -28.60286939346222, -32.235167526758524, -24.14838559895676, 0.08109802007675171, 0.0, 1.0504542589187622, 7.564218044281006, 0.9890922088156174, -0.2674624565704598, -0.42734330925990743, -0.7417524346641892, -0.7073280472258399, -0.1596959806403431]",[1],J0658.3-5832,bcu,J0658.1-5840,bcu,bcu,J0658.1-5840,bcu,J0658.1-5840,bcu
523,J0658.6+0636,"[1.9789050817489624, 1.9390367269515991, 1.80967378616333, 9.32192611694336, -33.4516269793173, -33.21183304274288, -28.168269216715796, -33.28980755959358, -23.63553264490761, 0.034521833062171936, 0.0, 0.4910864531993866, 9.298527717590332, 0.6428483521309736, -0.8734701836902219, -0.2931232863439141, -0.41413206108712813, -0.5008144249946338, -0.5818361103167842]",[1],J0658.6+0636,bcu,J0658.6+0636,bcu,bcu,J0658.6+0636,bcu,J0658.6+0636,bcu
524,J0659.7+1416,"[2.836270570755005, 2.7066304683685303, 1.3536051511764526, 8.903107643127441, -27.428273919908282, -27.030211593377274, -27.723923628744174, -26.98701329385765, -23.534136248714223, 0.49310609698295593, 0.0, 12.51262092590332, 38.74466323852539, -0.06665429478979418, -0.6465196477100186, -0.8904954902816736, -0.9751029238474213, -0.940072984161754, -0.989218609041717]",[0],J0659.5+1414,PSR,J0659.7+1416,PSR,PSR,J0659.7+1416,PSR,J0659.7+1416,PSR
525,J0659.9+1709,"[2.550457000732422, 2.5174176692962646, 2.3771135807037354, 38.669342041015625, -30.23090302161761, -30.044161001375976, -28.123193581813204, -30.07257778617503, -23.88154577448885, 0.03624750301241875, 0.6542055606842041, 0.46650758385658264, 8.36721134185791, -0.5599618408663265, -0.6958356197662884, -0.7161799148734833, -0.7308223214065664, -0.8448734141200744, -0.9999126421505604]",[1],J0700.0+1709,bcu,J0659.9+1709,fsrq,fsrq,J0659.9+1709,fsrq,J0659.9+1709,fsrq
526,J0700.1-6311,"[1.9842694997787476, 1.8442811965942383, 1.2231941223144531, 17.622211456298828, -33.34603118598261, -32.988501856422225, -28.594937820311724, -32.9415177383417, -24.094597223602893, 0.15343202650547028, 0.430911123752594, 1.8478609323501587, 9.330408096313477, -0.8778266360856856, 0.9993487108368863, -0.4274608532575019, -0.4128144764589239, -0.6276718508889203, -0.9046827815692128]",[1],J0700.3-6310,bcu,J0700.1-6311,bcu,bcu,J0700.1-6311,bcu,J0700.1-6311,bcu
527,J0700.2+1304,"[1.9975684881210327, 1.8805346488952637, 1.6653103828430176, 2.9852516651153564, -32.685332789608424, -32.38558165811061, -28.159326565540002, -32.47134101254353, -23.665857534204203, 0.10146129131317139, 0.0, 1.691331386566162, 15.083773612976074, 0.8529545245241604, -0.6581318878027067, -0.5273592793599803, -0.3299166241910398, -0.650438807307109, -0.3501630959726685]",[1],J0700.2+1304,bcu,J0700.2+1304,bll,bll,J0700.2+1304,bll,J0700.2+1304,bll
528,J0700.5-6610,"[2.0771071910858154, 1.9639496803283691, 1.8801602125167847, 263.0386047363281, -29.88809978807511, -29.689284515949563, -27.430086929056515, -29.780493831538603, -22.93901174307549, 0.07777366042137146, 0.3061167597770691, 6.570347785949707, 90.2599868774414, 0.03621766692785295, -0.3826839796744994, -0.5169615337526892, -0.5412171502327207, -0.6601502681329923, -0.6749329574874452]",[1],J0700.6-6610,bll,J0700.5-6610,bll,bll,J0700.5-6610,bll,J0700.5-6610,bll
529,J0701.5-4634,"[2.441877603530884, 2.317081928253174, 1.9483565092086792, 378.1221618652344, -29.225003786238307, -28.91874875772033, -27.92738256353305, -28.965614252068118, -23.446021880653387, 0.16317452490329742, 0.8218188881874084, 5.800809383392334, 33.54054641723633, -0.22260538089561582, -0.548347523113619, -0.6727495795667807, -0.7254693169456232, -0.9040361598821852, -0.6126487917418098]",[1],J0701.4-4634,fsrq,J0701.5-4634,fsrq,fsrq,J0701.5-4634,fsrq,J0701.5-4634,fsrq
530,J0702.7-1951,"[2.1299357414245605, 2.0149550437927246, 1.8691588640213013, 163.3253631591797, -30.579046983380145, -30.348241831217486, -27.444695085996056, -30.42358517609597, -22.970740925379136, 0.08907631039619446, 0.621813178062439, 3.6259069442749023, 33.64589309692383, -0.26442234227939687, -0.5252958161722856, -0.48176974066315537, -0.5283765125415644, -0.6616857885437596, -0.707376022297716]",[1],J0702.7-1952,bll,J0702.7-1951,bll,bll,J0702.7-1951,bll,J0702.7-1951,bll
531,J0703.2-3914,"[2.1100151538848877, 2.0607287883758545, 1.9813573360443115, 11.185576438903809, -31.966694782884073, -31.733377398097883, -28.213474465264117, -31.835028328194706, -23.70822987405985, 0.0642937645316124, 0.1671067625284195, 1.7036845684051514, 17.05825424194336, 0.9982866480685177, -0.6217205930619185, -0.5844869898812426, -0.37152121019613227, -0.7232220848335194, -0.49298321273444756]",[1],J0703.4-3914,bcu,J0703.2-3914,bll,bll,J0703.2-3914,bll,J0703.2-3914,bll
532,J0705.7-4848,"[2.328068733215332, 2.2890303134918213, 1.8711564540863037, 13.362663269042969, -31.06645599224645, -30.75607077202108, -27.97864194373046, -30.75064580990446, -23.535428711535282, 0.1660112887620926, 0.17872320115566254, 3.6500720977783203, 16.130626678466797, 0.5809849766040589, -0.3131871544146797, -0.6084625392437729, -0.6868909143856959, -0.7361962522639084, -0.9998116946946677]",[1],J0706.1-4849,bcu,J0705.7-4848,bcu,bcu,J0705.7-4848,bcu,J0705.7-4848,bcu
533,J0706.5+3744,"[1.877181053161621, 1.7650634050369263, 1.6818459033966064, 7.614936828613281, -31.723961691259717, -31.529007907941338, -27.826613726895516, -31.6161822205932, -23.473355577570047, 0.06425412744283676, 0.0, 2.7199771404266357, 35.76387405395508, 0.9968314608462889, -0.40198583362136286, -0.39967735048533104, -0.4085906952936537, -0.4471659590362767, -0.4811496595666905]",[1],J0706.5+3744,bll,J0706.5+3744,bll,bll,J0706.5+3744,bll,J0706.5+3744,bll
534,J0706.8+7742,"[2.038801908493042, 1.8605213165283203, 1.6656075716018677, 173.42584228515625, -31.24615796150261, -30.992496145509648, -28.172818191646922, -31.065091316753637, -23.66404834961489, 0.11882620304822922, 0.6072219014167786, 4.5195393562316895, 38.55792236328125, -0.13054843518680487, -0.33654176323476415, -0.4507694871100944, -0.44613183346783025, -0.6548066247608809, -0.768091237323002]",[1],J0707.0+7741,bll,J0706.8+7742,bll,bll,J0706.8+7742,bll,J0706.8+7742,bll
535,J0706.9+6109,"[2.4077205657958984, 2.3968608379364014, 2.3772690296173096, 18.02467155456543, -30.86877387348642, -30.694864518853528, -28.567703364749054, -30.80408688122422, -24.139686336704486, 0.014547951519489288, 0.3260233700275421, 0.3474659025669098, 12.709551811218262, 0.9882993450863067, -0.649483793933053, -0.7263401780464198, -0.532326834132756, -0.7340888036911495, -0.6581335042498955]",[1],J0707.2+6101,bll,J0706.9+6109,bll,bll,J0706.9+6109,bll,J0706.9+6109,bll
536,J0709.1+2241,"[2.0639700889587402, 1.9954886436462402, 1.91579008102417, 92.08580780029297, -31.562580995801508, -31.298392918986316, -28.074648450729807, -31.42692180019262, -23.57329584874984, 0.06803973019123077, 0.61212557554245, 2.0569276809692383, 25.589841842651367, -0.6506564451325139, -0.44371759546294376, -0.45969915943553186, -0.5404777380450407, -0.6678581968662978, -0.39556939732820945]",[1],J0708.9+2239,bcu,J0709.1+2241,bll,bll,J0709.1+2241,bll,J0709.1+2241,bll
537,J0709.7-0255,"[2.28520131111145, 2.2178845405578613, 2.1091980934143066, 206.90208435058594, -29.721336594231506, -29.50352999228599, -27.443866000251443, -29.5877859660083, -22.99728099600627, 0.06923099607229233, 0.6018707156181335, 3.1982216835021973, 34.97902297973633, -0.0833441891787461, -0.49198148833574906, -0.673664313084774, -0.5752609881376247, -0.7466592999342468, -0.6025486291435689]",[1],J0709.7-0256,bll,J0709.7-0255,fsrq,fsrq,J0709.7-0255,fsrq,J0709.7-0255,fsrq
538,J0710.4+5908,"[1.6887385845184326, 1.617702841758728, 1.5085517168045044, 27.473934173583984, -33.957745311872266, -33.65690377535573, -28.21425269721971, -33.78533576511075, -23.99156569496046, 0.060981959104537964, 0.3711843490600586, 2.090942144393921, 25.700651168823242, -0.8294107702950231, -0.07866238887132311, -0.31473820108527073, -0.25686013941954394, -0.4473711644359186, -0.22946858228975375]",[1],J0710.3+5908,bll,J0710.4+5908,bll,bll,J0710.4+5908,bll,J0710.4+5908,bll
539,J0710.9+4733,"[2.6701924800872803, 2.6151938438415527, 2.221385955810547, 61.44860076904297, -29.48866329643251, -29.18583201589613, -28.310423783492954, -29.234771803348874, -24.09731686309243, 0.15204066038131714, 0.6778922080993652, 2.5206124782562256, 11.760759353637695, 0.9863439685939109, -0.6983842322674999, -0.7734169925312493, -0.7326312758324769, -0.9999999955938306, 0.9999816279903337]",[1],J0710.5+4732,bll,J0710.9+4733,bll,bll,J0710.9+4733,bll,J0710.9+4733,bll
540,J0712.7+5033,"[2.200726270675659, 2.183133840560913, 2.1706111431121826, 106.71650695800781, -30.863782701926485, -30.66369162727869, -28.223845938121666, -30.79844692432186, -23.651308407658796, 0.025395335629582405, 0.4311993718147278, 1.214446783065796, 35.21181869506836, 0.999912487658889, -0.4795553999946848, -0.6300447475009882, -0.6139593346084627, -0.6087723436201279, -0.38641199957648364]",[1],J0712.6+5033,bll,J0712.7+5033,bll,bll,J0712.7+5033,bll,J0712.7+5033,bll
541,J0713.8+1935,"[2.39988112449646, 2.272364377975464, 2.096527576446533, 794.154296875, -28.841699778072204, -28.60404739025511, -27.847161398778145, -28.684509277863533, -23.315878145414803, 0.10560939460992813, 1.2723932266235352, 4.150374889373779, 34.485389709472656, 0.01674422818876193, -0.5478548823188513, -0.6626603927596528, -0.6839670367021597, -0.903317031315549, -0.9993631696437983]",[1],J0713.9+1933,fsrq,J0713.8+1935,fsrq,fsrq,J0713.8+1935,fsrq,J0713.8+1935,fsrq
542,J0718.6-4319,"[1.9314357042312622, 1.7910867929458618, 1.6241496801376343, 15.073714256286621, -31.18997950769062, -30.946747077207455, -27.569137651942988, -31.015802333200558, -23.15958067220943, 0.09581940621137619, 0.09292641282081604, 5.12548828125, 50.03243637084961, 0.3419027740635642, -0.34294946921029773, -0.46821467457602034, -0.34144848256482346, -0.5799315326752441, -0.7432237538893768]",[1],J0718.7-4319,bll,J0718.6-4319,bll,bll,J0718.6-4319,bll,J0718.6-4319,bll
543,J0719.3+3307,"[2.20268177986145, 2.0822384357452393, 1.9333254098892212, 941.4673461914062, -29.243421539920504, -28.986328568990302, -27.655711143985375, -29.0826557946927, -23.027904716314683, 0.10308008641004562, 0.7108705639839172, 8.02188777923584, 76.0763168334961, 0.004015964330799899, -0.46850383120766464, -0.5837086364845243, -0.6309272631497604, -0.7291148666675401, -0.8439179652528226]",[1],J0719.3+3307,fsrq,J0719.3+3307,fsrq,fsrq,J0719.3+3307,fsrq,J0719.3+3307,fsrq
544,J0719.7-4012,"[2.2297708988189697, 2.18367600440979, 2.0091376304626465, 4.285853385925293, -31.43787692638067, -31.209126025247013, -28.112227750039676, -31.252702809067287, -23.64127005763351, 0.060445185750722885, 0.0, 1.4323056936264038, 14.151647567749023, 0.8524812613950141, -0.6076725182015549, -0.6505565632604736, -0.48637746550939687, -0.6540067413326555, -0.8253203186054452]",[1],J0720.0-4010,bcu,J0719.7-4012,bll,bll,J0719.7-4012,bll,J0719.7-4012,bll
545,J0721.3+0405,"[2.5645172595977783, 2.4364583492279053, 2.1973912715911865, 87.2940444946289, -28.25552473320215, -27.994324164532767, -27.836915841492118, -28.068530698468077, -23.3567985954352, 0.12854036688804626, 0.4434981644153595, 4.11483097076416, 25.83922004699707, -0.16547922483998384, -0.64970694316737, -0.7253225442019012, -0.749958568110267, -0.9259203457233585, -0.99998809539155]",[1],J0721.4+0404,fsrq,J0721.3+0405,fsrq,fsrq,J0721.3+0405,fsrq,J0721.3+0405,fsrq
546,J0721.9+7120,"[2.077000141143799, 1.9861032962799072, 1.9436086416244507, 2733.374755859375, -28.734101261585266, -28.54430231649731, -26.814380579164673, -28.64819079195623, -22.30296700202338, 0.058142222464084625, 0.34357666969299316, 9.373700141906738, 298.1648254394531, -0.09836217833522186, -0.4249898780145291, -0.5642096103674001, -0.5199043651325777, -0.6593759176053533, -0.6310576716351712]",[1],J0721.9+7120,BLL,J0721.9+7120,BLL,BLL,J0721.9+7120,BLL,J0721.9+7120,BLL
547,J0723.0-0732,"[2.115114212036133, 2.0862343311309814, 2.0244429111480713, 10.389796257019043, -32.191079987339, -32.001340236383136, -28.010517826498578, -32.08871025000606, -23.524383074118703, 0.03444815054535866, 0.18133153021335602, 0.775076687335968, 11.714945793151855, 0.9855035625221961, -0.5462877337313461, -0.6584191569816159, -0.5342159318285358, -0.5244274548276127, -0.4011685349770534]",[1],J0723.2-0728,bcu,J0723.0-0732,bll,bll,J0723.0-0732,bll,J0723.0-0732,bll
548,J0723.5+2900,"[2.6718199253082275, 2.504108428955078, 2.062112808227539, 40.67290115356445, -29.42244971828679, -29.14216047572991, -28.406564035555487, -29.190281984453417, -24.147173401017447, 0.1359281986951828, 0.9696028232574463, 1.0694382190704346, 5.995466709136963, 0.964976179459539, -0.6236185706625639, -0.6235674589622846, -0.8279915690408233, -0.9987532139252625, -0.9997909536228977]",[1],J0724.1+2857,fsrq,J0723.5+2900,fsrq,fsrq,J0723.5+2900,fsrq,J0723.5+2900,fsrq
549,J0723.7+2050,"[1.8924843072891235, 1.9383350610733032, 1.8825290203094482, 10.733652114868164, -33.61839459038809, -33.46497736644455, -28.388979007863593, -33.55759877724858, -23.905691805321744, -0.034125931560993195, 0.14877402782440186, 0.7259416580200195, 12.482390403747559, -0.6439324650230401, -0.6860855583485227, -0.5705135941058214, -0.4029354244204967, -0.5953269075498754, 0.00471105754837462]",[1],J0723.7+2050,bcu,J0723.7+2050,bcu,bll,J0723.7+2050,bll,J0723.7+2050,bll
550,J0725.2+1425,"[2.2888758182525635, 2.203413248062134, 2.1229796409606934, 2140.242431640625, -28.480005242400424, -28.291991701534823, -27.53763322398377, -28.386725909247808, -22.930789047539918, 0.06522379070520401, 1.0706268548965454, 5.563546657562256, 77.21769714355469, -0.16465811043754924, -0.5438030731877321, -0.6498310763739394, -0.6263202176572475, -0.6998484181079528, -0.9223487723426973]",[1],J0725.2+1425,FSRQ,J0725.2+1425,FSRQ,FSRQ,J0725.2+1425,FSRQ,J0725.2+1425,FSRQ
551,J0725.8-0054,"[2.0600879192352295, 2.0800411701202393, 2.0727829933166504, 21.618541717529297, -31.773507559601793, -31.660576928811007, -27.981970920813158, -31.742486816794308, -23.482695807005946, -0.019801998510956764, 0.25326403975486755, 0.8302280902862549, 24.284122467041016, -0.5431837219801477, -0.5533685292669496, -0.5914840906417625, -0.44597525521532905, -0.5358123255440305, -0.46627034267910294]",[1],J0725.8-0054,bcu,J0725.8-0054,bcu,bcu,J0725.8-0054,bcu,J0725.8-0054,bcu
552,J0726.4-4727,"[2.478576183319092, 2.388793468475342, 2.1109213829040527, 125.96065521240234, -29.410711356590586, -29.137538554048778, -27.760768936770898, -29.19069704096111, -23.40707836684201, 0.12491763383150101, 0.565764844417572, 3.876650810241699, 23.932676315307617, -0.23864318888062366, -0.6432671360168415, -0.6812806070966002, -0.7428660725268152, -0.8473623730632504, -0.9999997930684223]",[1],J0726.6-4727,fsrq,J0726.4-4727,fsrq,fsrq,J0726.4-4727,fsrq,J0726.4-4727,fsrq
553,J0728.2+4827,"[2.2484045028686523, 2.1966748237609863, 2.04244065284729, 10.758767127990723, -31.94222730630491, -31.709270129794053, -28.56300148459399, -31.768137426720426, -24.118003085931036, 0.06658808887004852, 0.20050305128097534, 0.943979024887085, 7.688759803771973, -0.5771226466506942, -0.7111883188308766, -0.44303030906449, -0.6445498392533178, -0.6240259145758823, -0.9985507952867018]",[1],J0728.0+4828,bcu,J0728.2+4827,bll,bll,J0728.2+4827,bll,J0728.2+4827,bll
554,J0729.1-3131,"[2.333599805831909, 2.2607645988464355, 1.7215385437011719, 11.148362159729004, -31.30230100342225, -31.01537297275757, -28.00915305829077, -30.99262011616383, -23.666065147916314, 0.11832892149686813, 0.0, 1.0168685913085938, 6.736148357391357, -0.7030050823222104, -0.5643847734596077, -0.6975063571813808, -0.46666888881278945, -0.9998440046692568, 0.995067119296397]",[1],J0729.5-3127,bcu,J0729.1-3131,bcu,bcu,J0729.1-3131,bcu,J0729.1-3131,bcu
555,J0729.3-1445,"[2.4317216873168945, 2.4959521293640137, 2.256606340408325, 15.86097526550293, -31.115989459381108, -30.820663328177417, -27.486128792249804, -31.03227262506857, -23.33110007673999, 0.13818679749965668, 0.41602572798728943, 1.6147465705871582, 6.960707187652588, -0.9712129069283778, 0.8805939679544812, -0.834104851020871, -0.6049942669906714, -0.7720306147109981, -0.4452406709581089]",[0],J0729.7-1448,PSR,J0729.3-1445,PSR,PSR,J0729.3-1445,PSR,J0729.3-1445,PSR
556,J0730.3-1141,"[2.295398712158203, 2.203394889831543, 2.062976837158203, 2267.720947265625, -28.20159556920918, -27.955848878859033, -26.93738909328757, -28.054514026176665, -22.326817345238446, 0.0902283787727356, 0.564444899559021, 11.750387191772461, 132.114501953125, -0.11814200564338417, -0.5294548959800489, -0.6521323627572029, -0.6411449193281373, -0.7574833788908639, -0.8740099176366763]",[1],J0730.2-1141,fsrq,J0730.3-1141,fsrq,fsrq,J0730.3-1141,fsrq,J0730.3-1141,fsrq
557,J0730.4+3308,"[1.945848822593689, 1.8459166288375854, 1.605107307434082, 5.833912372589111, -32.99810024292877, -32.66116018202744, -28.42622034688698, -32.782653171147736, -23.96949210987736, 0.11457224935293198, 0.0, 1.8446458578109741, 13.658346176147461, -0.9838392215474753, 0.9982597442760719, -0.4551619521077867, -0.31450106263037647, -0.6470842535635623, -0.6797024430802552]",[1],J0730.5+3307,bll,J0730.4+3308,bll,bll,J0730.4+3308,bll,J0730.4+3308,bll
558,J0730.5-0535,"[2.1969947814941406, 2.1448254585266113, 2.0313053131103516, 52.76746368408203, -31.158049858259243, -30.918291936781863, -27.981869669746423, -30.998404198110755, -23.46743338345277, 0.06608637422323227, 0.4690327048301697, 2.0615952014923096, 22.068410873413086, 0.9979137741722374, -0.6021625012492894, -0.6027316583475972, -0.5151366484672647, -0.7629384857009485, -0.5991417058540326]",[1],J0730.5-0537,bcu,J0730.5-0535,bll,bll,J0730.5-0535,bll,J0730.5-0535,bll
559,J0730.7-6602,"[1.7726032733917236, 1.720420479774475, 1.6345034837722778, 10.683526039123535, -34.14317857577784, -33.862919554244044, -28.317257138453424, -34.00361677498287, -23.90252226258395, 0.04626043885946274, 0.08359325677156448, 1.0089869499206543, 15.034052848815918, -0.9966246006683085, 0.8170117801168253, -0.04925111074457839, -0.4782221093038741, -0.3960486867264403, -0.23400874005613004]",[1],J0730.5-6606,bcu,J0730.7-6602,bll,bll,J0730.7-6602,bll,J0730.7-6602,bll
560,J0732.7-4638,"[2.6972804069519043, 2.354456901550293, 1.0197895765304565, 78.19119262695312, -28.96827201737492, -28.572022504659387, -27.71813690117716, -28.54859726743547, -23.502201514795544, 0.4952313303947449, 0.8556260466575623, 5.056387901306152, 11.775867462158203, 0.4029412158370302, -0.47796822633640823, -0.7294935335685921, -0.9333932528957126, -0.9994226490924706, -0.9999999998585711]",[1],J0732.2-4638,bcu,J0732.7-4638,bcu,bcu,J0732.7-4638,bcu,J0732.7-4638,bcu
561,J0733.4+5152,"[1.814691185951233, 1.7713525295257568, 1.6855422258377075, 12.433828353881836, -34.093739566338726, -33.84422898724594, -28.569203017282153, -33.960483383716664, -24.145686636235308, 0.03911558911204338, 0.25636953115463257, 0.7832437753677368, 11.733494758605957, -0.8462078484288253, -0.5573244216947596, -0.4959251214275814, -0.31610562403934667, -0.5951162919461302, -0.11740267374692649]",[1],J0733.5+5153,bcu,J0733.4+5152,bcu,bcu,J0733.4+5152,bcu,J0733.4+5152,bcu
562,J0733.7+4110,"[2.0006473064422607, 1.9280227422714233, 1.7020570039749146, 9.329894065856934, -32.78042117365752, -32.53476125840205, -28.47450548728182, -32.60976666388367, -23.992847084595297, 0.051758747547864914, 0.10956691950559616, 0.9489011168479919, 14.167851448059082, -0.37913113325781816, -0.6627346811276297, -0.5560970577130628, -0.35442610417566445, -0.38887409683155155, -0.7838543341464063]",[1],J0733.8+4108,bll,J0733.7+4110,bll,bll,J0733.7+4110,bll,J0733.7+4110,bll
563,J0734.0+5021,"[2.471365451812744, 2.393974781036377, 2.003068208694458, 65.8882827758789, -30.271718782581246, -29.90587169489896, -28.404737563060454, -29.963982106848558, -23.99255622961921, 0.15697158873081207, 0.6487113833427429, 2.650928497314453, 15.403885841369629, 0.9942926869848391, -0.3748979870852764, -0.7254572408523443, -0.7429306678388609, -0.750652405998564, -0.6233120504491292]",[1],J0733.8+5021,fsrq,J0734.0+5021,fsrq,fsrq,J0734.0+5021,fsrq,J0734.0+5021,fsrq
564,J0734.4-7711,"[2.320068120956421, 2.178880453109741, 1.9733911752700806, 151.4317626953125, -30.08326173546518, -29.825816804257038, -27.902904539856227, -29.897558366587948, -23.448167318869046, 0.11992523819208145, 0.6534014344215393, 3.3657915592193604, 23.27382469177246, -0.547097857445868, -0.4891101297840127, -0.6137981447544625, -0.6289788292661255, -0.8090188422641517, -0.9980236333633261]",[1],J0734.3-7709,bcu,J0734.4-7711,fsrq,bcu,J0734.4-7711,bcu,J0734.4-7711,bcu
565,J0734.7-1559,"[2.350292682647705, 2.1798343658447266, 1.5418394804000854, 4.670085430145264, -29.138421065502662, -28.717349852812415, -27.229241202663815, -28.7810457611725, -22.553220223801848, 0.2784433960914612, 0.0, 14.459193229675293, 57.49992752075195, -0.07432711068502017, -0.4089238220645524, -0.6160981226122019, -0.7324561849236317, -0.9115215107751345, -0.9999875353874822]",[0],J0734.7-1558,PSR,J0734.7-1559,PSR,PSR,J0734.7-1559,PSR,J0734.7-1559,PSR
566,J0738.1+1742,"[2.033457040786743, 1.9795552492141724, 1.8831207752227783, 142.32762145996094, -30.534484321232817, -30.324363723121813, -26.99883299860266, -30.37625325238851, -22.664062282066865, 0.06040970981121063, 0.2636658847332001, 5.9664835929870605, 77.21415710449219, 0.1956067493847431, -0.31618941456403005, -0.5385605195678, -0.4889463112971407, -0.5884168235124442, -0.6046874866989541]",[1],J0738.1+1741,bll,J0738.1+1742,bll,bll,J0738.1+1742,bll,J0738.1+1742,bll
567,J0739.2+0137,"[2.4111015796661377, 2.313236713409424, 2.1588382720947266, 1968.52392578125, -27.947372071355726, -27.71211770321458, -27.454637479842134, -27.79316615886415, -22.84036519321347, 0.09503306448459625, 0.8563048839569092, 8.001011848449707, 87.05519104003906, -0.2495829540248099, -0.584440548925011, -0.6968546546751578, -0.7043168194149235, -0.8475095060905893, -0.7183567594287326]",[1],J0739.4+0137,fsrq,J0739.2+0137,fsrq,fsrq,J0739.2+0137,fsrq,J0739.2+0137,fsrq
568,J0741.0+6618,"[2.2638437747955322, 2.0065109729766846, 1.1427172422409058, 14.155314445495605, -31.505902660545814, -31.146839984615436, -28.607700501984763, -31.115194543837553, -23.922201656151067, 0.328614741563797, 0.16793154180049896, 4.76546049118042, 18.34161376953125, -0.721231831890415, -0.47134482130628086, -0.43041401502542315, -0.6269005459823416, -0.8933143559866813, -0.9999999999956832]",[0],J0740.8+6621,PSR,J0741.0+6618,PSR,PSR,J0741.0+6618,MSP,J0741.0+6618,MSP
569,J0742.6+5443,"[2.3201186656951904, 2.223750114440918, 2.096816062927246, 2314.770263671875, -29.10963957960783, -28.898392081479127, -27.946828930378405, -28.98381219998725, -23.36899012388795, 0.08462662994861603, 1.3582630157470703, 5.85341739654541, 66.11377716064453, -0.15355842746302914, -0.553534297393394, -0.6585488531763285, -0.6366438388273016, -0.7987393305852326, -0.7694543643552345]",[1],J0742.6+5444,fsrq,J0742.6+5443,fsrq,fsrq,J0742.6+5443,fsrq,J0742.6+5443,fsrq
570,J0742.8-2822,"[2.3698477745056152, 2.3633549213409424, 1.3472293615341187, 6.1683526039123535, -30.593406806867467, -30.24760352286354, -27.713230502704533, -30.216227893880124, -22.89336026624655, 0.32799673080444336, 0.0, 7.207952499389648, 23.810884475708008, 0.8230283238072232, -0.0719513878406015, -0.5727554189737928, -0.7384460320118444, -0.915951124918803, -0.598120476914588]",[0],J0742.7-2824,PSR,J0742.8-2822,PSR,PSR,J0742.8-2822,PSR,J0742.8-2822,PSR
571,J0743.0-5622,"[2.724005937576294, 2.6834053993225098, 2.298703908920288, 31.181312561035156, -29.164078522582447, -28.855604348139508, -28.15111470997968, -28.833485347333717, -24.00837805407979, 0.15590643882751465, 0.5364195108413696, 1.6516164541244507, 6.87071418762207, 0.9938208593020008, -0.6948838098250887, -0.8520520201746855, -0.6712350260832899, -0.7219820925963979, -0.9999993686204792]",[1],J0742.6-5623,fsrq,J0743.0-5622,fsrq,fsrq,J0743.0-5622,fsrq,J0743.0-5622,fsrq
572,J0744.1+7434,"[1.9056156873703003, 1.9454699754714966, 1.903472900390625, 11.048280715942383, -33.65654027654025, -33.569451365268684, -28.478713888570283, -33.60796405007159, -23.98485171846841, -0.03228701278567314, 0.15958763659000397, 1.0474098920822144, 20.419593811035156, 0.7368419436820597, 0.0024617590615062324, -0.6663517284526093, -0.45338488854226505, -0.36240266755500455, -0.22941479324717703]",[1],J0744.3+7434,bll,J0744.1+7434,bll,bll,J0744.1+7434,bll,J0744.1+7434,bll
573,J0746.4+2546,"[2.859004020690918, 2.6236774921417236, 1.8219372034072876, 87.51579284667969, -27.475389525748152, -27.115858305487603, -28.073424855582783, -27.15835303876862, -23.892143439146874, 0.2597135901451111, 0.7248139977455139, 3.130760669708252, 14.994498252868652, -0.35335239519050265, -0.6670105040758498, -0.89916138164032, -0.8899427822757586, -0.9186451638027863, -0.9996472713475343]",[1],J0746.4+2540,fsrq,J0746.4+2546,fsrq,fsrq,J0746.4+2546,fsrq,J0746.4+2546,fsrq
574,J0746.5-0710,"[2.1979548931121826, 2.063345432281494, 1.5389477014541626, 19.638317108154297, -31.44582999482859, -31.08522122701331, -27.97778713965564, -31.095022395115084, -23.395049284567502, 0.2098284363746643, 0.3117673397064209, 3.917025089263916, 15.507055282592773, 0.05527715816280137, -0.5652023059740209, -0.4446247040976576, -0.5297393416921379, -0.8073699731362496, -0.9999745142583418]",[1],J0746.6-0706,bcu,J0746.5-0710,bcu,bcu,J0746.5-0710,bcu,J0746.5-0710,bcu
575,J0746.6-4754,"[2.0096611976623535, 1.9433214664459229, 1.8110848665237427, 67.28975677490234, -32.07466479171491, -31.835527861658093, -27.924388835076243, -31.914689992211237, -23.443814952208164, 0.0653475895524025, 0.4581444263458252, 2.3917086124420166, 29.569488525390625, 0.9316752061088666, -0.516567153604811, -0.5026561199575107, -0.4593314215849409, -0.5104920779363451, -0.6462926694317532]",[1],J0746.6-4756,bcu,J0746.6-4754,bll,bll,J0746.6-4754,bll,J0746.6-4754,bll
576,J0747.3-3310,"[2.3249945640563965, 2.3223202228546143, 2.279449224472046, 107.33951568603516, -30.780237129693685, -30.61553383239862, -27.291732208962745, -30.690486026692152, -22.965560393006967, 0.006415266077965498, 0.6430783271789551, 0.27386581897735596, 21.053590774536133, -0.1090598658904954, -0.47859517833507237, -0.7072102043049092, -0.5554335157174254, -0.6703287828335452, -0.7218259036349497]",[1],J0747.2-3311,bcu,J0747.3-3310,bll,bll,J0747.3-3310,bll,J0747.3-3310,bll
577,J0747.5+0905,"[2.0323688983917236, 2.0067498683929443, 1.9248179197311401, 3.607818126678467, -32.91619076037538, -32.70369546531495, -28.503412794974448, -32.79126316229447, -24.003373316052727, 0.03506813570857048, 0.0, 0.7050881385803223, 11.601417541503906, -0.9904591578882955, 0.9999455015154661, -0.5759366560172948, -0.5718223301531952, -0.45292371482638444, -0.48415046905431375]",[1],J0747.4+0904,bll,J0747.5+0905,bll,bll,J0747.5+0905,bll,J0747.5+0905,bll
578,J0748.0-1638,"[2.6185238361358643, 2.5375146865844727, 2.2570431232452393, 34.81620407104492, -29.00008875069365, -28.68457620343086, -27.704906888680895, -28.753500489315773, -23.486086964356176, 0.15179701149463654, 0.36533674597740173, 3.058809280395508, 15.128931999206543, -0.1873708564937719, -0.6605947730863271, -0.7996257182079538, -0.7046780990286067, -0.9477798653038478, -0.9953736430912549]",[1],J0748.0-1639,bcu,J0748.0-1638,bcu,bcu,J0748.0-1638,bcu,J0748.0-1638,bcu
579,J0748.3+8511,"[1.7186826467514038, 1.5106642246246338, 1.2576401233673096, 13.723702430725098, -34.0397708143638, -33.62395008644928, -28.519163444421444, -33.74106839149054, -24.23746776630589, 0.18027019500732422, 0.28042638301849365, 3.234361171722412, 13.5347900390625, -0.9999932496106575, 0.9998370004872562, 0.23719657143419134, -0.26271214864164333, -0.5164687949683967, -0.3688136784842365]",[1],J0746.9+8511,bcu,J0748.3+8511,bcu,bcu,J0748.3+8511,bcu,J0748.3+8511,bcu
580,J0748.3+4928,"[2.3787119388580322, 2.251457452774048, 1.8332616090774536, 21.91914939880371, -31.363285186992265, -31.083936896422927, -28.554800911287717, -31.111053321285787, -24.189782004029887, 0.13207638263702393, 0.5803629159927368, 1.431281566619873, 7.583815097808838, 0.8572009874198963, -0.6818407211355315, -0.6273998133729211, -0.5183443208856444, -0.9917329256625732, -0.9798567664274596]",[1],J0748.8+4929,bcu,J0748.3+4928,bcu,bll,J0748.3+4928,bll,J0748.3+4928,bll
581,J0748.6+2400,"[2.3394455909729004, 2.290877103805542, 2.163144588470459, 137.67210388183594, -30.676024232215635, -30.44056725739065, -28.1685483984322, -30.50730704582366, -23.682839233869796, 0.061115562915802, 0.821245014667511, 1.4948759078979492, 19.701576232910156, 0.5570863432580268, -0.6296526281322569, -0.6191266297365237, -0.6143981569193709, -0.6610924828592009, -0.9999992051762472]",[1],J0748.3+2401,fsrq,J0748.6+2400,fsrq,fsrq,J0748.6+2400,fsrq,J0748.6+2400,fsrq
582,J0749.4+1058,"[2.375180721282959, 2.3714144229888916, 2.318916082382202, 13.202445983886719, -31.000452158460686, -30.89267648670014, -28.289461983936324, -30.927527643957387, -23.8922657207333, 0.0058310022577643394, 0.2006761133670807, 0.1487068235874176, 12.001131057739258, -0.2727075864272922, -0.7417930345222542, -0.7316368431140166, -0.42474488996277887, -0.7110375868872315, -0.683858967896221]",[1],J0749.4+1059,bcu,J0749.4+1058,bcu,bcu,J0749.4+1058,bll,J0749.4+1058,bll
583,J0750.8+1229,"[2.516667604446411, 2.505918264389038, 2.3413145542144775, 155.3572998046875, -29.945784041484377, -29.71868349615544, -28.08308752341227, -29.75523092330185, -23.741149317614145, 0.07537218928337097, 0.8255800604820251, 2.0721323490142822, 19.99525260925293, 0.9572450901178791, -0.5708684191854781, -0.7694445542546653, -0.6175460770836718, -0.8687711338480114, -0.44626835252692143]",[1],J0750.6+1232,fsrq,J0750.8+1229,fsrq,fsrq,J0750.8+1229,fsrq,J0750.8+1229,fsrq
584,J0751.0+7908,"[2.228393077850342, 1.9723682403564453, 1.665626883506775, 129.52296447753906, -31.093504831395645, -30.776744714428332, -28.51502410387892, -30.85381171997936, -23.88795398437999, 0.20556004345417023, 0.7833143472671509, 4.1566691398620605, 24.49103546142578, 0.18950151036113988, -0.2085916526862714, -0.5323574118680379, -0.565684661534792, -0.8451244876305284, -0.7361320639327577]",[1],J0748.5+7910,bcu,J0751.0+7908,bcu,bcu,J0751.0+7908,bcu,J0751.0+7908,bcu
585,J0751.2+1808,"[2.074366569519043, 2.135500431060791, 0.001946397707797587, 10.139044761657715, -31.853011359221806, -31.127138197522306, -28.42679564287701, -31.336042687491606, -23.096410731872773, 0.7266606688499451, 0.05398380011320114, 13.504888534545898, 34.47551727294922, 0.9999681422280554, 0.1536151927598262, -0.1639685791562342, -0.5586754786710364, -0.962065304891403, -0.9999736682283399]",[0],J0751.2+1806,PSR,J0751.2+1808,PSR,PSR,J0751.2+1808,MSP,J0751.2+1808,MSP
586,J0753.0+5353,"[2.1403651237487793, 2.095064401626587, 2.0165627002716064, 14.578030586242676, -31.213458183141512, -30.987607425839848, -28.228390859874033, -31.09198384826135, -23.678388019469597, 0.0489642359316349, 0.09534583240747452, 2.2291741371154785, 40.3978271484375, 0.9296581378749539, -0.4484479962954112, -0.5847410851418636, -0.4926595798772488, -0.7100487308608846, -0.5663438264762873]",[1],J0753.1+5353,bll,J0753.0+5353,bll,bll,J0753.0+5353,bll,J0753.0+5353,bll
587,J0754.4-1148,"[2.1333653926849365, 2.0311098098754883, 1.8999254703521729, 25.73056983947754, -30.231290338522264, -29.98880228360259, -27.67615341144291, -30.080029956807632, -23.115203394876847, 0.08923014253377914, 0.1741592288017273, 4.443176746368408, 38.02469253540039, 0.6197770613658891, -0.3734624022362201, -0.6038425365053915, -0.5509220943135245, -0.5131790957338541, -0.8837636777659178]",[1],J0754.4-1148,bll,J0754.4-1148,bll,bll,J0754.4-1148,bll,J0754.4-1148,bll
588,J0754.7+4823,"[2.09818959236145, 1.98252534866333, 1.8386234045028687, 92.81249237060547, -30.55319825003804, -30.337543100207927, -27.902022419301964, -30.415034585019356, -23.427361537465664, 0.0860782191157341, 0.3648165166378021, 4.214322566986084, 45.07843017578125, -0.5406550558845431, -0.45673469614727613, -0.5411541367648385, -0.49040682243550326, -0.7372449885961102, -0.7418781652489597]",[1],J0754.8+4824,bll,J0754.7+4823,bll,bll,J0754.7+4823,bll,J0754.7+4823,bll
589,J0756.3-6431,"[2.013596773147583, 2.0042495727539062, 1.8720043897628784, 8.913983345031738, -33.70351739286349, -33.466611419646625, -28.55127086345129, -33.55889782864886, -24.027630712774183, 0.008413680829107761, 0.0, 0.10705751180648804, 8.091924667358398, 0.9869819137561164, -0.6898675815241485, -0.2223876978906854, -0.6022019510363273, -0.5126047408272915, -0.30148498878028684]",[1],J0756.3-6433,bcu,J0756.3-6431,bll,bll,J0756.3-6431,bll,J0756.3-6431,bll
590,J0757.1+0956,"[2.15051007270813, 2.1238842010498047, 2.089754819869995, 29.723373413085938, -30.966199365324744, -30.778637242205765, -27.91828882388649, -30.884052430163333, -23.37285959680403, 0.03869057074189186, 0.18581253290176392, 1.9315035343170166, 40.257469177246094, -0.16288546694439376, -0.4866223463086493, -0.6011842455060518, -0.5827584715037638, -0.664454286731244, -0.3574035379150303]",[1],J0757.0+0956,bll,J0757.1+0956,bll,bll,J0757.1+0956,bll,J0757.1+0956,bll
591,J0758.1+1134,"[2.2660579681396484, 2.2473032474517822, 2.210773229598999, 15.704925537109375, -31.834694915323063, -31.634523277368352, -28.491722189242868, -31.74219517019286, -24.062009104290407, 0.042001787573099136, 0.35551291704177856, 0.6727014183998108, 8.262653350830078, 0.14458029694642452, -0.6349617434142476, -0.7345233245327151, -0.4428270731326646, -0.7081212460586425, -0.5718822934923363]",[1],J0758.1+1130,fsrq,J0758.1+1134,fsrq,fsrq,J0758.1+1134,fsrq,J0758.1+1134,fsrq
592,J0758.7+3746,"[2.198833465576172, 2.1135125160217285, 1.9275120496749878, 6.364445686340332, -32.4786358669975, -32.20780593323355, -28.7007270151533, -32.29371013602936, -24.250475925518852, 0.08004935085773468, 0.0, 0.6864411234855652, 5.6106276512146, -0.9742310766121006, 0.9706633692369762, -0.2705081581248527, -0.34579320806269326, -0.833438701035482, -0.16745167100555408]",[1],J0758.7+3747,rdg,J0758.7+3746,rdg,rdg,J0758.7+3746,rdg,J0758.7+3746,rdg
593,J0758.9+2703,"[2.1546645164489746, 2.1029701232910156, 1.9488229751586914, 11.408123970031738, -31.617509505545076, -31.364417111778742, -28.428200021784175, -31.288104560311925, -23.89333165577521, 0.052126042544841766, 0.1510893702507019, 1.1208593845367432, 17.54473114013672, -0.45996112710802495, -0.5033315762952187, -0.6113057445123614, -0.46798974174610025, -0.6593710435405492, -0.7567626135511412]",[1],J0758.9+2705,bll,J0758.9+2703,bll,bll,J0758.9+2703,bll,J0758.9+2703,bll
594,J0800.9+4401,"[2.1723055839538574, 2.045278310775757, 1.7524220943450928, 41.98186492919922, -31.906584833727802, -31.593807972809056, -28.621541009653214, -31.669983335696113, -24.102063899758306, 0.13499349355697632, 0.7210513353347778, 2.1309540271759033, 13.221745491027832, -0.8670252950361388, -0.12628309407257426, -0.5854703825099259, -0.566910316579913, -0.6686441915390177, -0.8315438498088462]",[1],J0800.9+4401,bll,J0800.9+4401,bll,bll,J0800.9+4401,bll,J0800.9+4401,bll
595,J0802.0+1006,"[2.016735792160034, 1.9563322067260742, 1.690237045288086, 5.6826171875, -32.87898261579104, -32.56921113778416, -28.479910725884952, -32.613941495910176, -23.984276080550746, 0.10962160676717758, 0.0, 1.7815643548965454, 10.951481819152832, -0.9435704211391245, 0.34909570681163327, -0.519563215621997, -0.42196576981300676, -0.6302654541644777, -0.5765057571061909]",[1],J0802.0+1005,bll,J0802.0+1006,bll,bll,J0802.0+1006,bll,J0802.0+1006,bll
596,J0803.2-0337,"[2.006073474884033, 1.9901721477508545, 1.967923879623413, 25.561756134033203, -31.779222005417548, -31.60286777782385, -28.012504290065706, -31.715184324300253, -23.553602710125617, 0.016202103346586227, 0.2610437273979187, 0.7059385180473328, 28.178997039794922, -0.07718284167184052, -0.4551517209541218, -0.5458690164478271, -0.4828069188131805, -0.7130457128042185, 0.020923001163442468]",[1],J0803.3-0339,bcu,J0803.2-0337,fsrq,fsrq,J0803.2-0337,fsrq,J0803.2-0337,fsrq
597,J0804.0-3629,"[1.9161484241485596, 1.6683968305587769, 1.2463278770446777, 35.16801834106445, -32.87408421156533, -32.4562634651214, -27.693952180073886, -32.53515158163415, -23.01833684863355, 0.22802622616291046, 0.4225023090839386, 4.772331237792969, 21.154949188232422, -0.7735638824036881, -0.33927792664641077, -0.3700779194398557, -0.14967650844867728, -0.5598076120154478, -0.5636010564645461]",[1],J0804.0-3629,bcu,J0804.0-3629,bll,bll,J0804.0-3629,bll,J0804.0-3629,bll
598,J0804.5+0414,"[2.4914066791534424, 2.4513823986053467, 2.3123741149902344, 27.85040855407715, -30.2086088897455, -29.93614240723011, -28.33213326090018, -30.0007404998277, -23.949170866070542, 0.0949161946773529, 0.5297855138778687, 1.519113302230835, 11.373311996459961, 0.9997454975702154, -0.6108926759899456, -0.7440009016867807, -0.718096107373119, -0.760770827991866, -0.9999734859334277]",[1],J0804.4+0418,bcu,J0804.5+0414,bcu,bcu,J0804.5+0414,bcu,J0804.5+0414,bcu
599,J0804.9-0624,"[1.8967829942703247, 1.770264983177185, 1.5057857036590576, 10.355386734008789, -33.344357469791966, -33.01050800084905, -28.156093276925798, -33.08230300692978, -23.67588555952434, 0.11422698199748993, 0.08744025975465775, 1.8779869079589844, 14.024079322814941, 0.2526238173181297, -0.12532031502926197, -0.17593012717616827, -0.4412934620785411, -0.42853424875964746, -0.5535827365675124]",[1],J0805.0-0622,bcu,J0804.9-0624,bcu,bcu,J0804.9-0624,bcu,J0804.9-0624,bcu
600,J0805.1+7744,"[2.717027425765991, 2.795740842819214, 2.7154951095581055, 47.035377502441406, -29.98848539673771, -29.93165500884939, -28.481797741834367, -29.929714745981315, -24.333557267134076, -0.07424789667129517, 0.7074916362762451, 1.45063316822052, 8.744479179382324, -0.2521246856328862, -0.5711610478118444, -0.809557617449661, -0.5831803328275424, -0.8327932366675475, -0.9986647430626985]",[1],J0807.1+7744,bcu,J0805.1+7744,bcu,bcu,J0805.1+7744,bcu,J0805.1+7744,bcu
601,J0805.2-0110,"[2.479735851287842, 2.3485329151153564, 2.149458646774292, 92.95677947998047, -29.119749419797795, -28.852122676001322, -28.172797875944635, -28.946071017688055, -23.695853885098412, 0.1329992711544037, 0.6414782404899597, 2.8628082275390625, 19.345767974853516, 0.005449670400983581, -0.46403234816065775, -0.738405257121895, -0.6906804293273119, -0.8425475238139855, -0.9999996714441639]",[1],J0805.2-0112,fsrq,J0805.2-0110,fsrq,fsrq,J0805.2-0110,fsrq,J0805.2-0110,fsrq
602,J0805.4+6147,"[2.7967112064361572, 2.6348345279693604, 2.2537388801574707, 221.17471313476562, -28.0272307492965, -27.731273271742644, -28.395148691692906, -27.794490095861097, -24.106887473168445, 0.18452057242393494, 0.9142438769340515, 3.302277088165283, 18.30766487121582, -0.24301233414857618, -0.6763646768284151, -0.8449671972180962, -0.8041579449676162, -0.949132454717191, -0.9796370189880137]",[1],J0805.4+6144,fsrq,J0805.4+6147,fsrq,fsrq,J0805.4+6147,fsrq,J0805.4+6147,fsrq
603,J0805.4+7534,"[1.853918194770813, 1.82196843624115, 1.772027611732483, 30.33821678161621, -32.43770132496382, -32.22495568012508, -27.99849103659835, -32.33721656922151, -23.705068043481667, 0.02477925270795822, 0.19626767933368683, 1.5569926500320435, 49.694820404052734, -0.3602883644445477, -0.33257420057156667, -0.4847267603448617, -0.4002570382641794, -0.4237949814463927, -0.47925252463074847]",[1],J0805.4+7534,bll,J0805.4+7534,bll,bll,J0805.4+7534,bll,J0805.4+7534,bll
604,J0806.5+5930,"[1.9956754446029663, 2.0183827877044678, 1.9181002378463745, 19.19652557373047, -33.318094176546666, -33.18459027320476, -28.67128986923041, -33.229817652827435, -24.17094643551871, -0.01759965717792511, 0.33573541045188904, 0.4139110743999481, 13.856772422790527, 0.5535641257014595, -0.7340705661962638, -0.5946808585664828, -0.503191805767565, -0.18107182145173245, -0.762690380373772]",[1],J0806.6+5933,bll,J0806.5+5930,bll,bll,J0806.5+5930,bll,J0806.5+5930,bll
605,J0807.1-0541,"[2.1817634105682373, 2.099982738494873, 1.8925408124923706, 117.14259338378906, -30.63244421551644, -30.380334815416646, -27.70159897968303, -30.437268068659257, -23.2858717571838, 0.09990695118904114, 0.5807807445526123, 3.703345775604248, 31.764205932617188, 0.9578212801051186, -0.34799758089965965, -0.6386975254951917, -0.5119161011352236, -0.6873127724545439, -0.8817003139445977]",[1],J0807.1-0541,bll,J0807.1-0541,bll,bll,J0807.1-0541,bll,J0807.1-0541,bll
606,J0808.2-0751,"[2.219048500061035, 2.1118974685668945, 1.9934078454971313, 1685.8717041015625, -28.62438544216452, -28.408527611637854, -27.336126552744705, -28.500606557632505, -22.69903145188809, 0.08328553289175034, 0.7464471459388733, 8.207934379577637, 94.42082214355469, -0.16157076983877733, -0.49630453620001774, -0.6068833730890912, -0.6130619797674784, -0.7167022118677885, -0.906777636223482]",[1],J0808.2-0751,fsrq,J0808.2-0751,fsrq,fsrq,J0808.2-0751,fsrq,J0808.2-0751,fsrq
607,J0808.5+4950,"[2.9036967754364014, 2.8321259021759033, 2.495967149734497, 17.88767433166504, -27.996943473208532, -27.708117561057676, -28.432310987010936, -27.767144137299972, -24.28238310913945, 0.1204335168004036, 0.2294192910194397, 1.5959593057632446, 11.438746452331543, 0.538955050714428, -0.7097457728091493, -0.7830078663008075, -0.9781132315327572, -0.9996263568611877, 0.9995098324064337]",[1],J0807.9+4946,fsrq,J0808.5+4950,fsrq,fsrq,J0808.5+4950,fsrq,J0808.5+4950,fsrq
608,J0809.3+4053,"[2.5881245136260986, 2.4981515407562256, 2.2228970527648926, 38.53264617919922, -29.76561268939408, -29.500105449545664, -28.47621146270689, -29.565818173681965, -24.12938494618876, 0.10343600809574127, 0.6440432071685791, 1.4453134536743164, 9.46511173248291, 0.9053595962187542, -0.7051042606322846, -0.7763081293187328, -0.5454021472126176, -0.9999927330165745, -0.8412870769640818]",[1],J0809.5+4045,fsrq,J0809.3+4053,fsrq,fsrq,J0809.3+4053,fsrq,J0809.3+4053,fsrq
609,J0809.5+5341,"[2.2919387817382812, 2.1645867824554443, 1.9487576484680176, 407.455322265625, -30.1417373092038, -29.907416544463675, -28.074286948942728, -29.97221548206766, -23.610288622002688, 0.11290881037712097, 0.8959925174713135, 4.178645133972168, 35.38810348510742, -0.5365590283355336, -0.3557579411383868, -0.6461932865206189, -0.5841314029451965, -0.7662210705487468, -0.9999977502019339]",[1],J0809.5+5342,fsrq,J0809.5+5341,fsrq,fsrq,J0809.5+5341,fsrq,J0809.5+5341,fsrq
610,J0809.6+3455,"[1.7980542182922363, 1.7922786474227905, 1.7944859266281128, 15.45969009399414, -34.062172041261874, -33.88528816885803, -28.522156516238013, -33.99910979441887, -24.123374703811695, 0.005928121041506529, 0.359441339969635, 0.1460399180650711, 12.302509307861328, 0.9724756274132192, 0.29495851981116894, -0.4572557222490855, -0.3131120258246519, -0.6659032506701241, 0.09349010230068334]",[1],J0809.6+3456,bll,J0809.6+3455,bll,bll,J0809.6+3455,bll,J0809.6+3455,bll
611,J0809.8+5218,"[1.8765472173690796, 1.8112457990646362, 1.7827656269073486, 329.1667175292969, -30.73632432100229, -30.611626680614332, -27.340916055813466, -30.68849353251564, -23.054140421972768, 0.032590605318546295, 0.430370956659317, 2.5969114303588867, 93.65335083007812, -0.18981262676077515, -0.4238302569523531, -0.46834343829530356, -0.38088100288045, -0.5256999171683008, -0.390597069280714]",[1],J0809.8+5218,bll,J0809.8+5218,BLL,BLL,J0809.8+5218,BLL,J0809.8+5218,BLL
612,J0811.0-7529,"[1.930312156677246, 1.811513066291809, 1.7118467092514038, 23.28404998779297, -31.31192066441999, -31.100463506343676, -27.55770186731821, -31.190161257845123, -23.195578430930343, 0.0761604830622673, 0.1299465149641037, 4.6204376220703125, 55.673866271972656, 0.9805373123411548, -0.3221961996854758, -0.4745514973103863, -0.4361380584032657, -0.5396145032004204, -0.5106801646471603]",[1],J0811.2-7529,bll,J0811.0-7529,bll,bll,J0811.0-7529,bll,J0811.0-7529,bll
613,J0811.4+0146,"[2.0920357704162598, 2.00543212890625, 1.913854718208313, 480.7930908203125, -29.765514853492075, -29.5508264942649, -27.429806194669123, -29.6429193343072, -22.929818211149417, 0.06881796568632126, 0.5423396825790405, 5.340939044952393, 70.05768585205078, -0.10190761281345843, -0.4542524538398643, -0.5515359679902554, -0.5223544123133431, -0.696407739621621, -0.570847014493883]",[1],J0811.3+0146,bll,J0811.4+0146,bll,bll,J0811.4+0146,bll,J0811.4+0146,bll
614,J0812.0+0237,"[1.8956528902053833, 1.9291521310806274, 1.8639017343521118, 3.7201058864593506, -33.34945092846103, -33.20964062462058, -28.18628613164835, -33.28297970686457, -23.707270323745984, -0.024739990010857582, 0.0, 0.6129254102706909, 17.047042846679688, -0.991768493413486, 0.9392073803748738, -0.5866781180119456, -0.39323308383887207, -0.5121204127848684, -0.19902319801785223]",[1],J0812.0+0237,bll,J0812.0+0237,bll,bll,J0812.0+0237,bll,J0812.0+0237,bll
615,J0812.8+6507,"[2.0739057064056396, 2.0585310459136963, 2.040560245513916, 8.630802154541016, -33.31781357918979, -33.12273379317312, -28.60352814087641, -33.24382099901235, -24.110043080211476, 0.014951939694583416, 0.0649341270327568, 0.25011777877807617, 10.78885269165039, 0.9426105831516786, -0.7769543056410609, -0.5179313679883264, -0.6292293840012579, -0.5571378114950243, -0.21262568855324415]",[1],J0813.3+6509,bcu,J0812.8+6507,bll,bll,J0812.8+6507,bll,J0812.8+6507,bll
616,J0812.9+5555,"[2.175344228744507, 2.157853841781616, 2.030453681945801, 17.958465576171875, -32.946517267834054, -32.728414804723236, -28.735562427382227, -32.79616399430015, -24.302742613091603, 0.01986195705831051, 0.4279384911060333, 0.2579614520072937, 7.995687007904053, 0.819359123077403, -0.7342983066561315, -0.7031442514998415, -0.37381478651494005, -0.570662799190911, -0.9999572362720126]",[1],J0812.9+5555,bll,J0812.9+5555,bll,bll,J0812.9+5555,bll,J0812.9+5555,bll
617,J0814.2-1013,"[2.1128246784210205, 2.0729901790618896, 1.972940444946289, 24.970430374145508, -31.531075894874142, -31.306843437675997, -27.968817045627425, -31.392135026626235, -23.45526752153562, 0.04954882711172104, 0.2666947841644287, 1.6684014797210693, 24.14142608642578, 0.999999869002794, -0.40848185468181, -0.5569621459072592, -0.5357479448732817, -0.6424475916367299, -0.6751859696913451]",[1],J0814.1-1012,bll,J0814.2-1013,bll,bll,J0814.2-1013,bll,J0814.2-1013,bll
618,J0814.4+2941,"[1.9872432947158813, 1.9329230785369873, 1.7841192483901978, 4.253704071044922, -33.86977518122043, -33.62506007535047, -28.5673961402729, -33.706862654411246, -24.03371557844156, 0.07181332260370255, 0.0, 0.8393147587776184, 7.8570876121521, 0.9998553335151207, -0.8060335322963563, -0.4178502461370881, -0.4516652189676286, -0.5009639478338048, -0.38382882210431546]",[1],J0814.5+2943,bll,J0814.4+2941,bll,bll,J0814.4+2941,bll,J0814.4+2941,bll
619,J0814.6+6430,"[2.239384412765503, 2.2195498943328857, 2.151305913925171, 94.30360412597656, -30.69665798045429, -30.509807808840225, -28.112150828396437, -30.583787671962916, -23.545499688985277, 0.03192764148116112, 0.29115861654281616, 1.903910756111145, 48.614681243896484, -0.4890344382720726, -0.4438343352437153, -0.6393970779931644, -0.5967348447276294, -0.6446648674764458, -0.692121958016194]",[1],J0814.7+6428,bll,J0814.6+6430,bll,bll,J0814.6+6430,bll,J0814.6+6430,bll
620,J0816.3+5739,"[2.085114002227783, 2.0329325199127197, 1.938965916633606, 36.24537658691406, -31.444670518035533, -31.19673936171552, -28.194852648697353, -31.302860102785374, -23.67802942794636, 0.05491503328084946, 0.22200648486614227, 2.589276075363159, 40.57529067993164, -0.6092268262043279, -0.37933779399302375, -0.5842211341148579, -0.45524278584236705, -0.6759671069978672, -0.5073288344157695]",[1],J0816.7+5739,bll,J0816.3+5739,bll,bll,J0816.3+5739,bll,J0816.3+5739,bll
621,J0816.4-1311,"[1.8503148555755615, 1.7926591634750366, 1.6659637689590454, 85.12833404541016, -32.321223123591516, -32.066687205056446, -27.623515992000957, -32.1553246449292, -23.29207882146404, 0.05042629316449165, 0.42427802085876465, 2.5002243518829346, 41.953670501708984, 0.9989188512957289, -0.4611584128287303, -0.5174110663724633, -0.3110136888375083, -0.5121333988385982, -0.3921142004245157]",[1],J0816.4-1311,bll,J0816.4-1311,bll,bll,J0816.4-1311,bll,J0816.4-1311,bll
622,J0816.7-2420,"[2.458589792251587, 2.442460775375366, 1.9638301134109497, 67.65302276611328, -30.589340644574587, -30.311170923575386, -27.82164416727381, -30.311896231077974, -23.534532801856933, 0.1751236766576767, 0.7849899530410767, 3.2108869552612305, 12.97244644165039, 0.012961209376561884, -0.5417105589126974, -0.7256863717290359, -0.6378379773696004, -0.8903846413909304, -0.5588879208357433]",[1],J0816.7-2421,bcu,J0816.7-2420,bcu,bcu,J0816.7-2420,bcu,J0816.7-2420,bcu
623,J0816.9+2050,"[1.895434856414795, 1.7023253440856934, 1.3589588403701782, 9.356101036071777, -32.90829709229738, -32.522553456682395, -28.39932716634226, -32.60654436443185, -23.831367430009735, 0.1878918558359146, 0.0, 2.979705810546875, 13.09758472442627, -0.5783837933370024, 0.9994090255613913, 0.00915080608724538, -0.30511276896196227, -0.6230726457787973, -0.6175525027480853]",[1],J0816.5+2049,bll,J0816.9+2050,bll,bll,J0816.9+2050,bll,J0816.9+2050,bll
624,J0817.8-0934,"[2.0497043132781982, 1.8911728858947754, 1.7014241218566895, 23.799449920654297, -30.928542614445796, -30.64378350650912, -27.745384452330363, -30.729760774856135, -23.204375746858815, 0.1323733776807785, 0.20051218569278717, 4.796829700469971, 33.51931381225586, 0.22754493785388474, -0.38492965942846696, -0.37842191596013536, -0.5698706806739895, -0.6401748479675211, -0.691708813293252]",[1],J0817.8-0935,bll,J0817.8-0934,bll,bll,J0817.8-0934,bll,J0817.8-0934,bll
625,J0818.2+4222,"[2.109804391860962, 1.9959136247634888, 1.8825746774673462, 266.1333923339844, -29.35443915584274, -29.141300678248406, -27.425550755027935, -29.231065392434836, -22.859659542988865, 0.08301416039466858, 0.2813696265220642, 8.339295387268066, 105.2762222290039, -0.15827006959591383, -0.4084857205527528, -0.5737014714510156, -0.5342903628488086, -0.6731315009110512, -0.7874806458816518]",[1],J0818.2+4223,bll,J0818.2+4222,bll,bll,J0818.2+4222,bll,J0818.2+4222,bll
626,J0819.0+2746,"[2.138601541519165, 1.973122000694275, 1.5433646440505981, 6.526788711547852, -32.310284266669946, -32.00505144244671, -28.47558186652449, -32.00880778122433, -23.984177022081063, 0.15918269753456116, 0.0, 1.8220068216323853, 10.436662673950195, 0.9992595150622979, -0.6470759386758065, -0.6214871472300111, -0.36419492723671976, -0.7505248523536706, -0.9999824926976613]",[1],J0818.8+2751,bll,J0819.0+2746,bll,bll,J0819.0+2746,bll,J0819.0+2746,bll
627,J0820.3+3639,"[2.217860698699951, 2.197021484375, 2.152167558670044, 13.36509895324707, -31.770187512269263, -31.575265724559554, -28.458735859663317, -31.6783652428919, -23.974880477499276, 0.04066780209541321, 0.20474858582019806, 0.9475845694541931, 13.850943565368652, -0.24695118066086424, -0.5549273986854473, -0.6867570547037478, -0.5460586562705431, -0.6697246005749387, -0.7228935737974881]",[1],J0820.4+3640,bll,J0820.3+3639,bll,bll,J0820.3+3639,bll,J0820.3+3639,bll
628,J0820.9-1258,"[2.234893798828125, 2.2233898639678955, 2.1358652114868164, 5.795464038848877, -31.868295544520688, -31.67714504502777, -28.37059925029541, -31.75212786437505, -23.925763687274763, 0.031423721462488174, 0.0, 0.5721494555473328, 8.69399642944336, 0.9950171390481766, -0.5079579054917743, -0.6295797140253178, -0.5982777739052879, -0.4601101542914871, -0.9994275426617227]",[1],J0820.9-1258,bll,J0820.9-1258,bll,bll,J0820.9-1258,bll,J0820.9-1258,bll
629,J0823.1+4042,"[2.4560158252716064, 2.4710655212402344, 2.4669389724731445, 58.7951774597168, -31.100977282019407, -31.018265192230473, -28.327111683249388, -31.06430056719035, -24.07942512119995, -0.02349415048956871, 0.8716040253639221, 0.4908207654953003, 10.70364761352539, 0.83008157469698, -0.7715855907565737, -0.703962042452151, -0.7458960545330772, -0.2852875027126254, -0.9995374547646769]",[1],J0822.9+4041,fsrq,J0823.1+4042,fsrq,fsrq,J0823.1+4042,fsrq,J0823.1+4042,fsrq
630,J0824.4+2440,"[2.529297351837158, 2.5556585788726807, 2.5288338661193848, 196.85777282714844, -30.386580069772922, -30.311629185534738, -28.09368455725333, -30.347548218212594, -23.84207732243679, -0.036171384155750275, 1.0760856866836548, 1.051145076751709, 17.614652633666992, 0.14367661453650032, -0.6838433599220884, -0.7482770431032734, -0.555428456052707, -0.7414529033284707, -0.6422457605584463]",[1],J0824.1+2434,fsrq,J0824.4+2440,fsrq,fsrq,J0824.4+2440,fsrq,J0824.4+2440,fsrq
631,J0824.7+5552,"[2.611557960510254, 2.5939197540283203, 2.5209603309631348, 110.03282165527344, -29.40932974641105, -29.213013237848905, -28.384209358155417, -29.28169145564132, -23.992072419046643, 0.03002064675092697, 0.5617143511772156, 0.948779284954071, 23.039093017578125, 0.07758888114150879, -0.6749014345364773, -0.7416734128101108, -0.7690952895502717, -0.6612075860555332, -0.9999626883894119]",[1],J0824.9+5551,fsrq,J0824.7+5552,fsrq,fsrq,J0824.7+5552,fsrq,J0824.7+5552,fsrq
632,J0824.9+3915,"[2.431774854660034, 2.370360851287842, 2.1511008739471436, 35.67448043823242, -30.194524574087925, -29.944651391563976, -28.31919379753339, -29.992851310201253, -23.825287938791202, 0.1025506779551506, 0.3478415906429291, 2.550004720687866, 22.699621200561523, 0.9575758575446398, -0.4532655799662818, -0.7219956765912956, -0.6388731976101211, -0.8702997077670843, -0.9999770811769716]",[1],J0824.9+3916,fsrq,J0824.9+3915,fsrq,fsrq,J0824.9+3915,fsrq,J0824.9+3915,fsrq
633,J0825.8+0309,"[2.2004518508911133, 2.2012939453125, 2.1631507873535156, 5.492713928222656, -31.210131193515252, -31.07113373052091, -28.245708445637078, -31.152119137538733, -23.698567926845072, -0.0004902641521766782, 0.0, 0.016603130847215652, 22.20067596435547, 0.9755247333019109, -0.6515773135438484, -0.6127977736111925, -0.5438570896811588, -0.6107471761106705, -0.3974495459019052]",[1],J0826.0+0307,bll,J0825.8+0309,bll,bll,J0825.8+0309,bll,J0825.8+0309,bll
634,J0825.9-3218,"[2.6193504333496094, 2.4520156383514404, 1.9303566217422485, 61.34624099731445, -28.76404188034483, -28.38729531966366, -27.650404435384374, -28.459920993614546, -23.375750562871193, 0.24718806147575378, 0.49272650480270386, 4.476708889007568, 16.780675888061523, -0.40426752229948404, -0.5018474565360849, -0.7829922136810302, -0.75647556997398, -0.9630043241799104, -0.8695538062159399]",[1],J0825.8-3217,bcu,J0825.9-3218,bcu,bcu,J0825.9-3218,bcu,J0825.9-3218,bcu
635,J0825.9-2230,"[2.007591962814331, 1.9097048044204712, 1.8229666948318481, 232.84210205078125, -29.998854415444608, -29.807267793736372, -27.289078260638647, -29.89491594873303, -22.831813290765847, 0.06453415751457214, 0.3556254804134369, 5.499434947967529, 79.40039825439453, -0.03884549026383433, -0.37429524085134325, -0.5320735920036868, -0.42581891939238325, -0.6281254997856416, -0.6706238264231931]",[1],J0825.9-2230,bll,J0825.9-2230,bll,bll,J0825.9-2230,bll,J0825.9-2230,bll
636,J0827.0-0708,"[1.8121092319488525, 1.6790783405303955, 1.3629646301269531, 17.684558868408203, -33.53647161030593, -33.15055160073783, -28.208696706547727, -33.26096469589174, -23.827110281936186, 0.15608055889606476, 0.29401493072509766, 2.7772810459136963, 15.307758331298828, 0.9983278654700487, 0.4674604994600308, -0.14703049087737474, -0.24972927253360297, -0.612432253130215, -0.3479873945364203]",[1],J0827.2-0711,bcu,J0827.0-0708,bll,bll,J0827.0-0708,bll,J0827.0-0708,bll
637,J0827.8+5221,"[2.0655517578125, 2.0885324478149414, 1.7405370473861694, 10.419953346252441, -33.93113299539652, -33.778364996203834, -28.720144879505437, -33.75935389384359, -24.223908772113486, -0.0145525261759758, 0.136690154671669, 0.1286313682794571, 5.8012309074401855, 0.8530147726714147, -0.7511136000488051, -0.7520844777715999, -0.4141497248754298, -0.4899901046243465, -0.503340621632472]",[1],J0828.5+5217,fsrq,J0827.8+5221,fsrq,fsrq,J0827.8+5221,fsrq,J0827.8+5221,fsrq
638,J0828.7-2422,"[2.264864921569824, 2.2551987171173096, 2.1392009258270264, 11.300454139709473, -32.22498298525607, -32.05632480719854, -28.361192544198452, -32.15500587471558, -24.00149292261806, 0.025698263198137283, 0.1621101349592209, 0.35363486409187317, 5.835087776184082, 0.9999393892388765, -0.7417700923129968, -0.6882362881271098, -0.3534075155580734, -0.6854928270145867, -0.9999361780753865]",[1],J0828.8-2420,bcu,J0828.7-2422,bll,bll,J0828.7-2422,bll,J0828.7-2422,bll
639,J0829.4+0857,"[2.0651297569274902, 2.066950559616089, 2.044158935546875, 8.708117485046387, -32.75671670654179, -32.62116842181017, -28.57009204888116, -32.70867664731394, -24.070179795078257, -0.001808186643756926, 0.0, 0.028653394430875778, 7.970232963562012, 0.9986778957803054, -0.5713339345298212, -0.5261552237751633, -0.5430275432730947, -0.4991555138667722, -0.3354172581254996]",[1],J0829.3+0901,fsrq,J0829.4+0857,fsrq,fsrq,J0829.4+0857,fsrq,J0829.4+0857,fsrq
640,J0829.6-1140,"[2.0070602893829346, 1.9433196783065796, 1.7568589448928833, 14.324204444885254, -32.22367828188259, -31.956450266236374, -28.223805925933636, -32.015968737213356, -23.750300086450256, 0.07235731184482574, 0.1765897274017334, 1.860374927520752, 18.201114654541016, 0.9999998518641372, -0.4846003656232999, -0.5966702868506089, -0.3076053682530088, -0.5956466813130804, -0.7831852864362499]",[1],J0829.6-1137,bcu,J0829.6-1140,bcu,bcu,J0829.6-1140,bcu,J0829.6-1140,bcu
641,J0829.7-5856,"[2.5990514755249023, 2.562868595123291, 2.3708109855651855, 15.470097541809082, -29.731229485724906, -29.492104065293862, -28.008740123261415, -29.542571864621802, -23.776519599413238, 0.074223093688488, 0.22057124972343445, 1.7207542657852173, 14.51971435546875, -0.31699304004260037, -0.6766943636528578, -0.7449239208739086, -0.7089163930739117, -0.9999999379517143, 0.9929435375549097]",[1],J0830.3-5855,bcu,J0829.7-5856,bcu,bcu,J0829.7-5856,bcu,J0829.7-5856,bcu
642,J0830.8+2410,"[2.5217456817626953, 2.412447214126587, 2.1058573722839355, 1632.695556640625, -28.64844409747654, -28.39164527486106, -27.861500335265678, -28.440213258632692, -23.442017834157024, 0.13047099113464355, 1.5873074531555176, 5.390598773956299, 43.23788070678711, -0.359608829580316, -0.5945096331130975, -0.7148469078304704, -0.7884420637150187, -0.8981753051430773, -0.9999918921040576]",[1],J0830.7+2408,FSRQ,J0830.8+2410,FSRQ,FSRQ,J0830.8+2410,FSRQ,J0830.8+2410,FSRQ
643,J0831.8+0429,"[2.273247718811035, 2.180677890777588, 2.0763492584228516, 427.6830749511719, -28.805314585640453, -28.603790958355845, -27.669265825006356, -28.693743597405444, -23.073700934961245, 0.07609853148460388, 0.5054448843002319, 5.252699851989746, 70.2180404663086, -0.19206493749486517, -0.4876031949935685, -0.6596853721146286, -0.61319562453619, -0.7518301448779651, -0.808824858278147]",[1],J0831.9+0430,bll,J0831.8+0429,bll,bll,J0831.8+0429,bll,J0831.8+0429,bll
644,J0832.4+4912,"[2.378178596496582, 2.3880584239959717, 2.379075050354004, 4.472055435180664, -30.921094204570053, -30.774049937230327, -28.596796268271216, -30.885302434546713, -24.122535081358617, -0.012854630127549171, 0.0, 0.3218238055706024, 13.655294418334961, -0.49797057773794223, -0.605856741478375, -0.7087975471066859, -0.5963540853078043, -0.6608243087462351, -0.6336199070115754]",[1],J0832.6+4914,bll,J0832.4+4912,bll,bll,J0832.4+4912,bll,J0832.4+4912,bll
645,J0833.9+4223,"[2.4344851970672607, 2.404421329498291, 2.2444870471954346, 26.162399291992188, -30.36488088137831, -30.16899246662181, -28.458174748437592, -30.223002920446724, -23.9665926324291, 0.041950080543756485, 0.30816397070884705, 1.038312554359436, 17.420040130615234, 0.9997771260195758, -0.587839968918303, -0.7366082154786028, -0.5133792192480027, -0.926676936455033, -0.9982667158052466]",[1],J0834.1+4223,fsrq,J0833.9+4223,fsrq,fsrq,J0833.9+4223,fsrq,J0833.9+4223,fsrq
646,J0834.6+4402,"[2.2456345558166504, 2.157848596572876, 1.9669606685638428, 23.545761108398438, -31.58752727683901, -31.279993283744087, -28.65465244435193, -31.3807446785535, -24.14571385350739, 0.11583799123764038, 0.46743738651275635, 1.7684396505355835, 11.568528175354004, 0.9899382780263641, -0.0046992161071709795, -0.6347175526341695, -0.6230508326736528, -0.5530608892638604, -0.9995396324580428]",[1],J0834.7+4403,bll,J0834.6+4402,bll,bll,J0834.6+4402,bll,J0834.6+4402,bll
647,J0835.3-4510,"[2.234131097793579, 2.2968599796295166, 1.2147828340530396, 4.560324668884277, -27.718916255822005, -27.051087705844086, -24.25490001517247, -27.088904982279704, -19.349101914353582, 0.3164520263671875, 0.0, 213.1986083984375, 548.109375, 0.030342257423369066, -0.2715074173808142, -0.5100071987795118, -0.6564500346211328, -0.905035928088028, -0.9628583903475516]",[0],J0835.3-4510,PSR,J0835.3-4510,PSR,PSR,J0835.3-4510,PSR,J0835.3-4510,PSR
648,J0835.7+0936,"[2.239363670349121, 2.2145915031433105, 2.1584911346435547, 16.920066833496094, -32.013381080341716, -31.786804940133305, -28.54102890615163, -31.9007899063192, -24.097558888353692, 0.04316344112157822, 0.5552330613136292, 0.6122976541519165, 6.591436862945557, 0.9994036245112278, -0.133954558024695, -0.7420123745890506, -0.48830331093951174, -0.6695171354188524, -0.5192632307722974]",[1],J0835.4+0930,bll,J0835.7+0936,bll,bll,J0835.7+0936,bll,J0835.7+0936,bll
649,J0836.2+2141,"[2.730759382247925, 2.7452003955841064, 2.6993775367736816, 25.661470413208008, -29.036793535709247, -28.888311119802083, -28.385593824601, -28.96066501239285, -24.104449261992766, -0.01814550720155239, 0.4471326768398285, 0.3188228905200958, 10.449784278869629, 0.12417487590225997, -0.7082346922003816, -0.7933081085444788, -0.6636428546369793, -0.9829209269389344, -0.9085006321652105]",[1],J0836.3+2143,bcu,J0836.2+2141,bcu,bcu,J0836.2+2141,bcu,J0836.2+2141,bcu
650,J0836.5-2026,"[2.9061501026153564, 2.633610725402832, 2.0074450969696045, 25.22679328918457, -27.091689720049132, -26.751738250496278, -28.15195575741104, -26.800425700330756, -23.93256773343531, 0.28466570377349854, 0.36662954092025757, 3.020402431488037, 11.186057090759277, -0.4531748607669653, -0.6108908195315839, -0.90311324738126, -0.9959636546099367, -0.999999995860655, 0.9999990843437002]",[1],J0836.5-2020,fsrq,J0836.5-2026,fsrq,fsrq,J0836.5-2026,fsrq,J0836.5-2026,fsrq
651,J0839.4+1803,"[2.176011562347412, 2.194674015045166, 2.2000956535339355, 19.42232894897461, -32.04040505977439, -31.939595803402877, -28.500020361755638, -32.01932762871753, -24.006706653396158, -0.02735847979784012, 0.393217533826828, 0.6778627038002014, 11.557130813598633, -0.21776582828168078, -0.4704805221203876, -0.6261445501332537, -0.6652835094615082, -0.5320535942955338, -0.22076610358893725]",[1],J0839.6+1803,bll,J0839.4+1803,bll,bll,J0839.4+1803,bll,J0839.4+1803,bll
652,J0839.7+3540,"[1.9816638231277466, 1.87931489944458, 1.6943912506103516, 10.840116500854492, -32.51909041616264, -32.243445810252915, -28.43545988596102, -32.31289338839814, -23.982653482058065, 0.08649226278066635, 0.1510673612356186, 1.790900468826294, 16.48933219909668, 0.9997592646922939, -0.5830457581441958, -0.3922171128202628, -0.45801205385222565, -0.5445073198527367, -0.5636367955534841]",[1],J0839.6+3538,bll,J0839.7+3540,bll,bll,J0839.7+3540,bll,J0839.7+3540,bll
653,J0839.8+0105,"[2.4190988540649414, 2.241389036178589, 1.7847425937652588, 101.85797882080078, -29.42907466042968, -29.110939360134605, -28.10766279421394, -29.163032659040812, -23.564585567842137, 0.19237254559993744, 0.6021801233291626, 4.440214157104492, 22.384145736694336, -0.30961678636703893, -0.5161365153136335, -0.6352502568329996, -0.7184212247234609, -0.9997664177672387, -0.5500911630737442]",[1],J0839.5+0102,fsrq,J0839.8+0105,fsrq,fsrq,J0839.8+0105,fsrq,J0839.8+0105,fsrq
654,J0840.8+1317,"[2.494441509246826, 2.3602113723754883, 1.659738302230835, 67.56952667236328, -30.197361303235166, -29.776104641783075, -28.452138174972063, -29.834002503686424, -24.078403085386277, 0.2610864043235779, 1.3007978200912476, 2.5281052589416504, 7.307773113250732, 0.16601369140228014, -0.5400313886182577, -0.7671430392064599, -0.6288073340914732, -0.9999999860420257, -0.9991907445051448]",[1],J0840.8+1315,ssrq,J0840.8+1317,ssrq,ssrq,J0840.8+1317,ssrq,J0840.8+1317,ssrq
655,J0841.3-3554,"[1.8192713260650635, 1.555011510848999, 1.1567153930664062, 36.97746276855469, -32.665189813974926, -32.26275491995567, -27.603746713673235, -32.332800895471905, -23.1384598785616, 0.20321956276893616, 0.3669397532939911, 5.84837532043457, 31.86819839477539, -0.9403420953433056, 0.19217555272551937, -0.222580775085983, -0.17774461438871111, -0.4696585239589737, -0.7192149992091591]",[1],J0841.3-3554,bcu,J0841.3-3554,bll,bll,J0841.3-3554,bll,J0841.3-3554,bll
656,J0841.3+7053,"[2.8196210861206055, 2.7745704650878906, 2.1301395893096924, 3386.981689453125, -27.612898762926264, -27.262612733837855, -27.755994549108216, -27.282847191836897, -23.573409698868858, 0.23130998015403748, 0.8843252658843994, 14.098764419555664, 75.81842803955078, -0.3214620185166402, -0.6765825206250061, -0.8679846429155367, -0.9166101030375022, -0.9341830870473082, -0.9980014525122455]",[1],J0841.4+7053,FSRQ,J0841.3+7053,FSRQ,FSRQ,J0841.3+7053,FSRQ,J0841.3+7053,FSRQ
657,J0842.3-6053,"[2.2803966999053955, 2.216237783432007, 1.9622827768325806, 71.1416244506836, -31.103959339882756, -30.828991414976354, -28.06504919218984, -30.880395420028794, -23.605032988242485, 0.0948624536395073, 0.5322564244270325, 2.649118423461914, 21.288593292236328, 0.9821385807529945, -0.5057803650960302, -0.6570377527102644, -0.566751263212014, -0.6682538034974651, -0.9999780630961727]",[1],J0842.0-6055,bcu,J0842.3-6053,bcu,bcu,J0842.3-6053,bcu,J0842.3-6053,bcu
658,J0844.2+5312,"[2.0347907543182373, 1.9961750507354736, 1.8697024583816528, 50.05994415283203, -31.86872410962234, -31.651410903037128, -28.31770354469945, -31.688099321547288, -23.83883246416242, 0.03842782974243164, 0.3597598671913147, 1.4184577465057373, 30.834396362304688, 0.9900866728110713, -0.48911137606245286, -0.6032963973981901, -0.35356411490828976, -0.6477016235798935, -0.7829690957846138]",[1],J0843.9+5311,bll,J0844.2+5312,bll,bll,J0844.2+5312,bll,J0844.2+5312,bll
659,J0844.9-5458,"[2.1183502674102783, 2.001081943511963, 1.8459526300430298, 17.15348243713379, -31.059348346944176, -30.838773643352457, -27.609161310478655, -30.911255448743823, -23.176720551354986, 0.09375380724668503, 0.12740233540534973, 3.9566285610198975, 36.19600296020508, 0.7590433844361653, -0.4143727603043968, -0.5415860293509949, -0.4745856491256164, -0.6545405787595019, -0.8062337296792812]",[1],J0845.1-5458,bcu,J0844.9-5458,bll,bll,J0844.9-5458,bll,J0844.9-5458,bll
660,J0847.0-2336,"[1.9556978940963745, 1.9408652782440186, 1.94028639793396, 14.721930503845215, -32.06468901287776, -31.882264569031648, -27.86899706638035, -32.005433005448346, -23.433403339213513, 0.017193200066685677, 0.14419712126255035, 0.8861384391784668, 29.5234317779541, 0.994685330089397, -0.3053390024023718, -0.5399550189632467, -0.46443397932171676, -0.40307593545876774, -0.5889606742218422]",[1],J0846.9-2336,bll,J0847.0-2336,bcu,bcu,J0847.0-2336,bll,J0847.0-2336,bll
661,J0847.2+1134,"[1.7249008417129517, 1.6892588138580322, 1.573108196258545, 17.180360794067383, -33.814118791971595, -33.56085921187257, -28.13703377144888, -33.652853161226496, -23.850314047225336, 0.03824586421251297, 0.3002917170524597, 1.1385265588760376, 19.0369815826416, -0.9919078351524556, 0.9998062494300184, -0.363922405266027, -0.44823041255015955, -0.4585456855064509, 0.031069837307208522]",[1],J0847.1+1134,bll,J0847.2+1134,bll,bll,J0847.2+1134,bll,J0847.2+1134,bll
662,J0849.1+6607,"[1.9739060401916504, 1.9266358613967896, 1.8164035081863403, 23.507755279541016, -32.83228546020165, -32.61270866089833, -28.490425547984223, -32.70244191918188, -24.028208797756484, 0.03865556791424751, 0.3146902918815613, 1.090031385421753, 22.119348526000977, 0.9997431282815032, -0.49606192652728476, -0.5634253108385874, -0.3687635192316091, -0.5477517105581594, -0.453847867834988]",[1],J0849.1+6607,bll,J0849.1+6607,bll,bll,J0849.1+6607,bll,J0849.1+6607,bll
663,J0849.4-2911,"[2.062823534011841, 2.00068736076355, 1.8154109716415405, 35.183998107910156, -32.35459475565275, -32.09900194788801, -28.239457887562743, -32.15806912780552, -23.739463852874252, 0.07781654596328735, 0.5267720222473145, 1.6284148693084717, 13.377567291259766, 0.9997718274506329, -0.6704868774321115, -0.4852683893699837, -0.478444194678773, -0.5087311903952617, -0.8604682670530867]",[1],J0849.5-2912,bcu,J0849.4-2911,bcu,bcu,J0849.4-2911,bcu,J0849.4-2911,bcu
664,J0849.5+0456,"[2.079840898513794, 2.008267641067505, 1.7426409721374512, 11.97071647644043, -31.9785682259489, -31.665856363062257, -28.137358152413107, -31.71612964015278, -23.634580143722648, 0.1119772270321846, 0.13973990082740784, 2.4851298332214355, 13.545065879821777, 0.9562248467847554, -0.4966109280617391, -0.4939926163224629, -0.3947765458989432, -0.7892619194165149, -0.42849235629695476]",[1],J0849.3+0458,bll,J0849.5+0456,bll,bll,J0849.5+0456,bll,J0849.5+0456,bll
665,J0849.8-3541,"[2.312196731567383, 2.174790620803833, 1.8574186563491821, 90.33036041259766, -30.510909802993982, -30.19498306034786, -27.72856550462548, -30.249810474567873, -23.26474698491208, 0.16194216907024384, 0.7757738828659058, 3.2198679447174072, 16.610729217529297, 0.8026333054429635, -0.5496116472335434, -0.5245153428915781, -0.6873199853157734, -0.8552022606942928, -0.22154736543484282]",[1],J0849.9-3540,bcu,J0849.8-3541,bcu,bcu,J0849.8-3541,bcu,J0849.8-3541,bcu
666,J0850.0+4855,"[2.221564292907715, 2.1405227184295654, 2.098775625228882, 260.30657958984375, -29.409609061621204, -29.256837037436195, -27.898342686822964, -29.342981890096404, -23.392878195702608, 0.05369274318218231, 0.450460821390152, 3.062326431274414, 55.95298385620117, 0.0768631000183846, -0.4901413336698703, -0.6027069104008164, -0.6242877888512061, -0.6779738590754236, -0.663088901256346]",[1],J0850.0+4855,bll,J0850.0+4855,bll,bll,J0850.0+4855,bll,J0850.0+4855,bll
667,J0850.0+5108,"[2.2656030654907227, 2.1608786582946777, 2.0561745166778564, 1005.5150756835938, -29.4090497873394, -29.2092721644728, -27.98622849648696, -29.292255711541713, -23.44083814957424, 0.08212681114673615, 0.9220096468925476, 4.180239677429199, 56.55350112915039, -0.4394186209063247, -0.4567973836141508, -0.6308677006725381, -0.6556789205445226, -0.7039688686048652, -0.7168442010766864]",[1],J0849.9+5108,NLSY1,J0850.0+5108,NLSY1,NLSY1,J0850.0+5108,NLSY1,J0850.0+5108,NLSY1
668,J0850.1-1212,"[2.3027889728546143, 2.201775550842285, 2.0606353282928467, 644.2521362304688, -29.049032800941678, -28.827762969252625, -27.78972751628344, -28.908926348900884, -23.21832737542229, 0.08771198242902756, 0.8577827215194702, 4.609678268432617, 50.9365119934082, -0.3022179604673868, -0.5281600505879779, -0.6105629970978265, -0.6840030825975102, -0.8098655209974996, -0.638495119181882]",[1],J0850.2-1214,fsrq,J0850.1-1212,fsrq,fsrq,J0850.1-1212,fsrq,J0850.1-1212,fsrq
669,J0850.5+3455,"[2.0127289295196533, 2.037838935852051, 1.9788488149642944, 14.436114311218262, -32.60313342751078, -32.490807081113964, -28.53628488628437, -32.551869853386776, -24.06024804114052, -0.019893677905201912, 0.2529679536819458, 0.48321065306663513, 14.144186973571777, 0.9996499963222952, -0.5723109028892871, -0.5300420832320437, -0.4790145381409281, -0.5181595773550236, -0.2888687816845676]",[1],J0850.2+3500,bll,J0850.5+3455,bll,bll,J0850.5+3455,bll,J0850.5+3455,bll
670,J0851.5+5528,"[2.2193939685821533, 2.17067813873291, 2.0241496562957764, 28.998926162719727, -31.279519578400972, -31.057518366185754, -28.55649111555249, -31.11766920034049, -23.996455585550173, 0.050758544355630875, 0.3191353678703308, 1.3466800451278687, 20.994611740112305, -0.07021197711157041, -0.5823156660656382, -0.573264274514482, -0.5648148896929646, -0.6213483196203797, -0.7489933336526354]",[1],J0851.8+5531,bll,J0851.5+5528,bll,bll,J0851.5+5528,bll,J0851.5+5528,bll
671,J0852.5-5755,"[2.268833637237549, 2.161140203475952, 2.037501573562622, 1225.958251953125, -29.84499040560995, -29.615503844738647, -27.56154823557003, -29.70515550522137, -23.079106046587512, 0.09852320700883865, 1.3371024131774902, 5.3549981117248535, 48.63542938232422, -0.39187028491293296, -0.45409953288861915, -0.6161644499686286, -0.6160508198589657, -0.7264201508321331, -0.7092726014245774]",[1],J0852.6-5756,bcu,J0852.5-5755,bcu,bcu,J0852.5-5755,bcu,J0852.5-5755,bcu
672,J0853.1-3657,"[1.9969735145568848, 1.9367271661758423, 1.8319816589355469, 9.216460227966309, -32.43795002751498, -32.17445375783839, -27.826272906483908, -32.268414829615736, -23.32832400612976, 0.06116807460784912, 0.0449686236679554, 1.7871538400650024, 21.835018157958984, -0.7086978840704045, -0.4315691800421165, -0.5012696933620587, -0.41413441029607373, -0.582106330753289, -0.46163260082408475]",[1],J0853.0-3654,bcu,J0853.1-3657,bcu,bcu,J0853.1-3657,bcu,J0853.1-3657,bcu
673,J0854.3+4408,"[1.8042693138122559, 1.4858710765838623, 1.1609543561935425, 15.209023475646973, -33.27142993123682, -32.752994227348495, -28.611723673868347, -32.91833841290403, -24.071624897432006, 0.29257187247276306, 0.34198325872421265, 3.931331157684326, 13.964727401733398, -0.9998617506412185, 0.9970592361141577, 0.2953887875274353, -0.15925364715432883, -0.7273469918767261, -0.34700242132298775]",[1],J0854.2+4408,bll,J0854.3+4408,bll,bll,J0854.3+4408,bll,J0854.3+4408,bll
674,J0854.8+2006,"[2.2152228355407715, 2.1557555198669434, 2.100883722305298, 780.6283569335938, -28.879073122514573, -28.692905334096682, -27.349653330613545, -28.789683360039728, -22.822558985136975, 0.051019519567489624, 0.48336267471313477, 5.181930065155029, 100.24361419677734, -0.15670648468922144, -0.5250639744077156, -0.6212761466722554, -0.6020509530551227, -0.7092293553663476, -0.5779048424205767]",[1],J0854.8+2006,BLL,J0854.8+2006,BLL,BLL,J0854.8+2006,BLL,J0854.8+2006,BLL
675,J0855.4-0714,"[2.4283924102783203, 2.1903979778289795, 1.328182339668274, 14.033469200134277, -30.231449232025117, -29.778602266131635, -28.467832324701796, -29.837111487609594, -23.843704612504784, 0.3776066303253174, 0.3344654440879822, 3.1288633346557617, 8.876379013061523, -0.4500266511977435, -0.29676749196192886, -0.6139896075183547, -0.8159453647128725, -0.9993285449825963, 0.9830784454398693]",[1],J0855.2-0718,bcu,J0855.4-0714,bcu,bcu,J0855.4-0714,bcu,J0855.4-0714,bcu
676,J0856.6-1105,"[2.052765369415283, 1.9489290714263916, 1.8577344417572021, 40.90337371826172, -30.233241337458868, -30.05650999336381, -27.566230194495343, -30.134996835271487, -23.120729167220603, 0.0668102353811264, 0.1856020838022232, 3.9163379669189453, 53.82081985473633, 0.6990690411268548, -0.38214785758364356, -0.5265961393382254, -0.48830517153272596, -0.651873638351944, -0.5711160957891865]",[1],J0856.7-1105,bll,J0856.6-1105,bll,bll,J0856.6-1105,bll,J0856.6-1105,bll
677,J0856.8+2056,"[2.0970094203948975, 2.0635271072387695, 2.033168077468872, 12.62060832977295, -32.43166885817748, -32.234158559636974, -28.235449390408164, -32.35488781020013, -23.74284196279544, 0.028774872422218323, 0.16963057219982147, 0.5877744555473328, 14.598102569580078, -0.995612661884285, 0.9059939341029877, -0.5905196277843144, -0.5635479232598548, -0.4666394703306893, -0.5737486161494966]",[1],J0856.5+2057,bll,J0856.8+2056,bll,bll,J0856.8+2056,bll,J0856.8+2056,bll
678,J0857.9-1949,"[2.5218424797058105, 2.5041558742523193, 2.4224634170532227, 73.9020004272461, -29.441525561028477, -29.218384826747076, -28.04851357513641, -29.290839192172953, -23.619292522836563, 0.030999265611171722, 0.5820112228393555, 0.8949766755104065, 17.443035125732422, 0.35702115631722237, -0.6451382609364178, -0.7275617161755249, -0.6816838199802588, -0.703782391723797, -0.9999444213980526]",[1],J0858.1-1951,bcu,J0857.9-1949,fsrq,fsrq,J0857.9-1949,fsrq,J0857.9-1949,fsrq
679,J0859.4+6218,"[2.2894697189331055, 2.2925288677215576, 2.280266046524048, 21.268495559692383, -31.861546639135547, -31.73465067858151, -28.693470869072115, -31.822951275317184, -24.2644534659034, -0.007300322875380516, 0.5129352807998657, 0.11695518344640732, 8.649985313415527, 0.8943838471865849, -0.4779943254555443, -0.7805868965762921, -0.36100520474300374, -0.7392401955957052, -0.48341363867858994]",[1],J0859.1+6219,bll,J0859.4+6218,bll,bll,J0859.4+6218,bll,J0859.4+6218,bll
680,J0902.4+2051,"[2.145068883895874, 2.1110236644744873, 2.014240264892578, 77.62076568603516, -31.025814287155573, -30.82099770072354, -28.02335290077411, -30.90439880195953, -23.4705637138579, 0.03275005891919136, 0.38780632615089417, 1.3896178007125854, 37.72385787963867, -0.2849197026200313, -0.5065741483070605, -0.5714846638318005, -0.5728626917947628, -0.5085700448127761, -0.7897373685573484]",[1],J0902.4+2050,bll,J0902.4+2051,bll,bll,J0902.4+2051,bll,J0902.4+2051,bll
681,J0903.1+4652,"[2.4673492908477783, 2.498236894607544, 2.4916226863861084, 20.139354705810547, -30.36007891565808, -30.259520918518515, -28.483099505088553, -30.344549812201134, -24.020878964662266, -0.04004661366343498, 0.25809431076049805, 1.4090687036514282, 20.2004451751709, -0.4195178606443813, -0.6813023843491496, -0.7246529490368822, -0.6705034256312573, -0.47307678863538755, -0.9024359966896462]",[1],J0903.1+4649,fsrq,J0903.1+4652,fsrq,fsrq,J0903.1+4652,fsrq,J0903.1+4652,fsrq
682,J0904.5-3513,"[2.5717239379882812, 2.453686475753784, 2.121642589569092, 120.92330932617188, -29.237503748412717, -28.91952193720847, -27.83080685360647, -28.936264206838977, -23.50652145647228, 0.15821605920791626, 0.8335110545158386, 2.767320394515991, 13.274646759033203, -0.2191509136895995, -0.7333040581370722, -0.6211729627943271, -0.849891457466682, -0.8704933390298809, 0.03955585016978737]",[1],J0904.8-3516,bcu,J0904.5-3513,bcu,bcu,J0904.5-3513,bcu,J0904.5-3513,bcu
683,J0904.6+4238,"[2.2328908443450928, 2.1196043491363525, 1.7974187135696411, 4.847749710083008, -31.929894401686838, -31.62747465940848, -28.658789880366463, -31.653513848700403, -24.18122125161129, 0.13671204447746277, 0.0, 1.6277612447738647, 9.861870765686035, 0.9141647934261848, -0.6652535721011064, -0.5762390468337806, -0.5777843105395855, -0.6387395215417138, -0.9999922155045087]",[1],J0904.3+4240,bcu,J0904.6+4238,fsrq,fsrq,J0904.6+4238,fsrq,J0904.6+4238,fsrq
684,J0904.9-5734,"[2.2812564373016357, 2.2314982414245605, 2.1883790493011475, 767.8271484375, -29.398698944494654, -29.240116090258653, -27.287262687926102, -29.326071604270886, -22.890872051953796, 0.042392387986183167, 0.6225104331970215, 3.276573896408081, 68.3491439819336, -0.006049281149292801, -0.5669067022587493, -0.6336666680477833, -0.6083940851285244, -0.7067167164534363, -0.5580435652412148]",[1],J0904.8-5734,bcu,J0904.9-5734,bcu,bcu,J0904.9-5734,bcu,J0904.9-5734,bcu
685,J0905.6+1358,"[1.7910146713256836, 1.5915446281433105, 1.4296694993972778, 29.078493118286133, -32.29954860004039, -31.99550737577718, -27.797489704794636, -32.10110881547787, -23.465839401235215, 0.1282709389925003, 0.2809971272945404, 4.3558831214904785, 31.95153045654297, -0.4178203714273938, -0.10345256644397507, -0.30655578876873113, -0.2736294833893638, -0.5279442955809588, -0.5035925094943188]",[1],J0905.5+1358,bll,J0905.6+1358,bll,bll,J0905.6+1358,bll,J0905.6+1358,bll
686,J0906.3-0905,"[2.1053998470306396, 2.0463500022888184, 1.8527889251708984, 79.99874877929688, -31.887699989057314, -31.6189483907812, -28.319900351980078, -31.68203284862479, -23.807162708043577, 0.0798802301287651, 0.8858906030654907, 1.7434722185134888, 16.067251205444336, 0.9760596334160879, 0.04313748207179531, -0.46669804071128773, -0.5888871015055025, -0.7228686330200279, -0.5487050064863918]",[1],J0906.3-0906,bll,J0906.3-0905,bll,bll,J0906.3-0905,bll,J0906.3-0905,bll
687,J0908.7-4911,"[2.670248508453369, 2.7828917503356934, 0.9313284158706665, 9.641633987426758, -29.591321344793826, -29.130207666425022, -26.484331045409206, -29.131458820662942, -22.445398360316435, 0.5184544324874878, 0.045978475362062454, 8.541823387145996, 16.486249923706055, 0.9823256342247865, -0.6003951544782187, -0.6745751736803927, -0.8892292735890684, -0.8728681527303277, -0.9998159230980419]",[0],J0908.4-4916,PSR,J0908.7-4911,PSR,PSR,J0908.7-4911,PSR,J0908.7-4911,PSR
688,J0908.9+2311,"[1.822495698928833, 1.6907522678375244, 1.4298362731933594, 16.354766845703125, -33.653623226481635, -33.32444839028258, -28.146861116854716, -33.401615165575734, -23.7117999834933, 0.1057426780462265, 0.30380117893218994, 2.037843704223633, 18.24020004272461, 0.9922668850289514, -0.6177607083955046, -0.5484034942420127, -0.31298462862067683, -0.2357532886100129, -0.6238069558962951]",[1],J0909.0+2310,bll,J0908.9+2311,bll,bll,J0908.9+2311,bll,J0908.9+2311,bll
689,J0909.1+0121,"[2.4695816040039062, 2.4905784130096436, 2.2253575325012207, 840.9019165039062, -29.43093365057876, -29.173768075802318, -27.6471797061037, -29.187284053756812, -23.194458665199857, 0.09910721331834793, 0.922873318195343, 5.259772300720215, 44.33213806152344, 0.9544847414254072, -0.5945658747930644, -0.7575797737271173, -0.6793030634808777, -0.8414101589711905, -0.9991688193519586]",[1],J0909.1+0121,fsrq,J0909.1+0121,fsrq,fsrq,J0909.1+0121,fsrq,J0909.1+0121,fsrq
690,J0909.6+0159,"[2.1638753414154053, 2.0441930294036865, 1.7836962938308716, 16.44073486328125, -31.79995544592521, -31.519863271141777, -27.921316350621794, -31.58197122545472, -23.45172083851445, 0.12307575345039368, 0.17253781855106354, 2.631265878677368, 23.624345779418945, -0.8599617824330308, -0.4424692419861689, -0.4880038234217497, -0.5106435448372555, -0.7207357480291807, -0.7647382363427531]",[1],J0909.6+0157,bll,J0909.6+0159,bll,bll,J0909.6+0159,bll,J0909.6+0159,bll
691,J0909.7-0230,"[2.2903261184692383, 2.1942479610443115, 2.0330300331115723, 151.08868408203125, -29.303524701955247, -29.043023310900093, -27.77633287144572, -29.13057368701986, -23.220288288231373, 0.10050734877586365, 0.3988219201564789, 5.376393795013428, 51.821807861328125, -0.13984719345196964, -0.47359275737589046, -0.6492634355031331, -0.6176386766319832, -0.8742433055936721, -0.39277067354438283]",[1],J0909.8-0229,fsrq,J0909.7-0230,fsrq,fsrq,J0909.7-0230,fsrq,J0909.7-0230,fsrq
692,J0910.6+3329,"[1.948837399482727, 1.9020211696624756, 1.8177053928375244, 20.53120231628418, -32.30838600764954, -32.11002988359754, -27.846785521686538, -32.18957003846666, -23.39861558105904, 0.04585200920701027, 0.17575863003730774, 2.1152920722961426, 36.8267822265625, 0.9986673355872019, 0.014011986703070835, -0.5340974504947203, -0.3914618218902056, -0.5911645104643927, -0.44398248555617004]",[1],J0910.5+3329,bll,J0910.6+3329,bll,bll,J0910.6+3329,bll,J0910.6+3329,bll
693,J0910.6+2247,"[2.3448374271392822, 2.19364857673645, 1.8430678844451904, 151.0244598388672, -30.267616494779734, -29.942739384552414, -28.064992883021535, -29.994585712176107, -23.61133201831936, 0.1673823595046997, 1.1673994064331055, 3.02323579788208, 15.130304336547852, 0.1335413827943604, -0.2806192940649857, -0.604106721882025, -0.6160998496578975, -0.9433786183780335, -0.9972734345704928]",[1],J0910.9+2248,fsrq,J0910.6+2247,fsrq,fsrq,J0910.6+2247,fsrq,J0910.6+2247,fsrq
694,J0910.8+3859,"[1.9964481592178345, 1.883768916130066, 1.6625488996505737, 39.03474426269531, -32.74277977061717, -32.456674578534, -28.536109511567897, -32.51956046616737, -24.06258794448027, 0.10248444974422455, 0.5365373492240906, 1.9387295246124268, 15.953384399414062, 0.9909036902567049, -0.5066366096115065, -0.5461905270524537, -0.30067015284408516, -0.6998435711840438, -0.6750876579205272]",[1],J0910.7+3858,bll,J0910.8+3859,bll,bll,J0910.8+3859,bll,J0910.8+3859,bll
695,J0911.7+3349,"[2.195565938949585, 2.190300941467285, 2.166888952255249, 11.135411262512207, -32.54359752605493, -32.408709383060014, -28.273908481045957, -32.4724463147987, -23.861825249560873, 0.012012404389679432, 0.2710460424423218, 0.21532830595970154, 8.401326179504395, 0.17137465755799483, -0.7866412682652341, -0.6150605839645201, -0.6064988968850613, -0.5412939078084068, -0.7670618405847083]",[1],J0911.8+3351,bll,J0911.7+3349,bll,bll,J0911.7+3349,bll,J0911.7+3349,bll
696,J0912.2+4127,"[2.4605650901794434, 2.4382312297821045, 2.3799188137054443, 356.2044677734375, -30.11717179783071, -29.905961862605018, -28.38785500161259, -29.993439541387524, -23.896317958224337, 0.04331362992525101, 1.2389816045761108, 1.118227481842041, 23.200504302978516, -0.41838094753269434, -0.5846707014944095, -0.776935119887165, -0.6158877912076001, -0.5912743443685372, -0.999909338786033]",[1],J0912.2+4126,fsrq,J0912.2+4127,fsrq,fsrq,J0912.2+4127,fsrq,J0912.2+4127,fsrq
697,J0912.2-2751,"[2.5592620372772217, 2.724168062210083, 1.6726047992706299, 6.480841636657715, -30.282635915735415, -29.860790523793774, -28.112124955285278, -29.755326851011887, -23.610369040933076, 0.30239853262901306, 0.0, 3.266970634460449, 9.972977638244629, -0.03880249152243509, -0.464597505434919, -0.7616566750630431, -0.8218396605310686, -0.7122438720741947, -0.9995742267027242]",[1],J0912.6-2757,bcu,J0912.2-2751,bcu,bcu,J0912.2-2751,bcu,J0912.2-2751,bcu
698,J0912.2+2800,"[1.6796411275863647, -0.08380364626646042, 0.00013893638970330358, 15.310718536376953, -35.21485206067832, -34.51851709953077, -28.72231096457597, -34.782455964303566, -24.309215452319933, 0.9999998807907104, 0.25604572892189026, 2.6585893630981445, 6.699622631072998, -0.9996683003528698, 0.9999873908058982, -0.7932513429230357, -0.5321562715000778, 0.5716979759813017, -0.6812952184610678]",[1],J0912.4+2800,bll,J0912.2+2800,bll,bll,J0912.2+2800,bll,J0912.2+2800,bll
699,J0912.5+1556,"[1.8014500141143799, 1.8533258438110352, 1.9326530694961548, 13.366317749023438, -34.18133995827252, -34.10048779477465, -28.457287099911397, -34.18611042207973, -24.012331531113404, -0.05397145822644234, 0.3577852249145508, 1.1914414167404175, 11.467856407165527, 0.5930745238692482, -0.7602256951343314, -0.306201372013431, -0.45806609941584814, -0.7781276791947772, 0.5277262791596481]",[1],J0912.7+1556,bll,J0912.5+1556,bll,bll,J0912.5+1556,bll,J0912.5+1556,bll
700,J0912.9-2102,"[1.86638343334198, 1.8466479778289795, 1.8051942586898804, 14.919207572937012, -32.79854306801599, -32.59470513127879, -27.8768795672465, -32.711919423547066, -23.485094450435604, 0.015030670911073685, 0.15428601205348969, 0.5469546318054199, 27.922359466552734, -0.43797949096915034, -0.67319159668137, -0.3968441523198988, -0.44122461097359134, -0.5648156214629833, -0.09805805757102108]",[1],J0912.9-2104,bll,J0912.9-2102,bll,bll,J0912.9-2102,bll,J0912.9-2102,bll
701,J0914.8+5846,"[2.0239996910095215, 1.6809853315353394, 0.9335229992866516, 10.958918571472168, -33.242609476439576, -32.85761887663807, -28.96330820083179, -32.87392400449314, -24.469153532916053, 0.2775501012802124, 0.32762154936790466, 1.9889132976531982, 6.298964023590088, 0.9885258582707547, -0.3901146368158792, -0.535450792403401, -0.4122015789077703, -0.4689181631089459, -0.9999913732492048]",[1],J0915.0+5844,bcu,J0914.8+5846,bll,bll,J0914.8+5846,bll,J0914.8+5846,bll
702,J0915.9+2933,"[1.8906850814819336, 1.7500743865966797, 1.660295844078064, 23.991254806518555, -30.990776113066424, -30.78652055851267, -27.613972481373356, -30.875383935292046, -23.2411060609905, 0.07920096814632416, 0.14070649445056915, 4.534911155700684, 54.42782974243164, -0.4230782838090148, -0.37481128792907215, -0.41298529893036157, -0.3988997031544735, -0.5746796663258315, -0.5497864525949945]",[1],J0915.8+2933,bll,J0915.9+2933,bll,bll,J0915.9+2933,bll,J0915.9+2933,bll
703,J0916.7+3856,"[2.45713472366333, 2.3910911083221436, 2.2145681381225586, 66.22054290771484, -30.586333154873657, -30.30939552363552, -28.354178261861836, -30.376923894211515, -23.973932627918433, 0.10903734713792801, 0.6044817566871643, 2.017432928085327, 18.54667091369629, 0.9991045232726711, -0.548119875145902, -0.666829906420764, -0.7491324954981519, -0.7768394990223939, -0.4689927568388993]",[1],J0916.3+3857,fsrq,J0916.7+3856,fsrq,fsrq,J0916.7+3856,fsrq,J0916.7+3856,fsrq
704,J0917.3-0342,"[1.7702096700668335, 1.795697808265686, 1.7874553203582764, 6.9945573806762695, -34.83156415532172, -34.67981908112451, -28.59444948932005, -34.760399272369554, -24.08845105175383, -0.020629681646823883, 0.0, 0.2678928077220917, 6.450798511505127, -0.9994406928366951, 0.9535921568514094, -0.3611323713511788, -0.5888519692106433, -0.23576685869239972, -0.3271330344694962]",[1],J0917.3-0344,bcu,J0917.3-0342,bll,bll,J0917.3-0342,bll,J0917.3-0342,bll
705,J0920.9+4441,"[2.347851037979126, 2.26731014251709, 2.0257010459899902, 2143.87646484375, -29.261080178235552, -28.983749712555483, -27.01649291095077, -28.951625028628953, -22.855341352474994, 0.13629764318466187, 0.8922756910324097, 11.047897338867188, 66.23503112792969, -0.028222103744480448, -0.4710153121187716, -0.660918114455537, -0.7091049302569056, -0.833085317804331, -0.9348645209316278]",[1],J0920.9+4442,fsrq,J0920.9+4441,fsrq,fsrq,J0920.9+4441,fsrq,J0920.9+4441,fsrq
706,J0920.9-2256,"[1.8113399744033813, 1.430405855178833, 0.8162012696266174, 4.395473957061768, -34.2186517732079, -33.63579373882573, -28.501395720101566, -33.73040009679661, -24.04211675567243, 0.343791127204895, 0.0, 1.9993648529052734, 8.173443794250488, -0.7021778511083205, -0.5096205824601246, -0.23666882100514505, -0.10872230832290276, -0.5188778771573649, -0.5299170437772208]",[1],J0921.0-2258,bcu,J0920.9-2256,bll,bll,J0920.9-2256,bll,J0920.9-2256,bll
707,J0921.6+6216,"[2.320723533630371, 2.222618341445923, 2.0795516967773438, 2177.545654296875, -29.06211276954135, -28.859737940638766, -27.91631199061248, -28.933068779849375, -23.346116376410553, 0.08311265707015991, 1.0306689739227295, 6.299713611602783, 79.72225952148438, -0.1758357884618291, -0.5564780151765187, -0.6207362584080004, -0.6732587717062881, -0.7784946613505059, -0.8804670904553034]",[1],J0921.8+6215,fsrq,J0921.6+6216,fsrq,fsrq,J0921.6+6216,fsrq,J0921.6+6216,fsrq
708,J0922.4-0528,"[2.1422762870788574, 2.044558048248291, 1.815556526184082, 12.219943046569824, -31.851255714743374, -31.52304939641476, -28.340856141623462, -31.625283064814546, -23.829140757557287, 0.14049522578716278, 0.16405561566352844, 2.593468427658081, 16.399097442626953, 0.9992969717842936, 0.06864655572356651, -0.5380251086177275, -0.6285817630832733, -0.470428756419389, -0.8246546680397835]",[1],J0922.4-0529,fsrq,J0922.4-0528,fsrq,fsrq,J0922.4-0528,fsrq,J0922.4-0528,fsrq
709,J0922.7-3959,"[2.606051445007324, 2.564225435256958, 2.2816267013549805, 203.85272216796875, -29.538378449804693, -29.254648723423877, -27.86608914979109, -29.27710424671225, -23.646120537884176, 0.12011431902647018, 1.2714875936508179, 2.4069900512695312, 13.515545845031738, -0.3890505158640595, -0.6982284994713527, -0.7922967388250086, -0.6097250024387879, -0.8766475555787537, -0.999940603674341]",[1],J0922.8-3959,bcu,J0922.7-3959,bcu,fsrq,J0922.7-3959,fsrq,J0922.7-3959,fsrq
710,J0923.5+3852,"[2.6854002475738525, 2.608978748321533, 2.006281852722168, 91.15252685546875, -29.23825465157629, -28.91568022111885, -28.13632898558593, -28.933832469648593, -24.027729729934467, 0.21488407254219055, 0.6378596425056458, 3.638535261154175, 16.933273315429688, -0.403435441259624, -0.66731130728165, -0.7689367182850952, -0.8172909676342051, -0.9999957387323345, -0.2065086905526692]",[1],J0923.1+3853,bcu,J0923.5+3852,bcu,bcu,J0923.5+3852,bcu,J0923.5+3852,bcu
711,J0923.5+4125,"[2.355332374572754, 2.3087193965911865, 2.1616291999816895, 29.025510787963867, -30.463287042396818, -30.20485939624602, -28.410943467575734, -30.270044636555884, -23.852613007804397, 0.07316576689481735, 0.24388498067855835, 2.0146312713623047, 25.559267044067383, -0.21796547135096878, -0.45430362590507933, -0.6825212285485466, -0.6373558265673369, -0.7186428869579427, -0.8988099112423212]",[1],J0923.3+4127,fsrq,J0923.5+4125,fsrq,fsrq,J0923.5+4125,fsrq,J0923.5+4125,fsrq
712,J0924.0+2816,"[2.5055525302886963, 2.5229458808898926, 2.562490940093994, 95.93836975097656, -29.995005984735602, -29.877822863390936, -28.480033307670357, -30.008783736399533, -24.00246837698541, -0.04326612502336502, 0.785735011100769, 1.1110987663269043, 16.671871185302734, 0.9395211609041197, -0.6506424971964968, -0.7754047194759658, -0.5262805213935126, -0.7264256273609482, -0.6303196873708881]",[1],J0924.0+2816,fsrq,J0924.0+2816,fsrq,fsrq,J0924.0+2816,fsrq,J0924.0+2816,fsrq
713,J0924.0+0534,"[2.0600531101226807, 2.1106066703796387, 2.0680439472198486, 9.5389986038208, -33.333387905731996, -33.286011471588836, -28.534836772130518, -33.30051605122529, -24.033984902631982, -0.04865371063351631, 0.0, 0.7411137223243713, 6.6952314376831055, 0.9878407931853042, -0.8087952844001409, -0.6469197107309967, -0.5018078418727261, -0.2712133657966716, -0.5590023206741184]",[1],J0924.2+0534,bll,J0924.0+0534,bll,bll,J0924.0+0534,bll,J0924.0+0534,bll
714,J0925.7+5959,"[1.9591342210769653, 1.8989784717559814, 1.7862920761108398, 12.962716102600098, -33.55729994987591, -33.30085999580265, -28.878606693081885, -33.411574477112865, -24.399076911610695, 0.04842618107795715, 0.28158050775527954, 0.6318865418434143, 9.496938705444336, 0.9983855099249993, -0.3452507386687516, -0.5532693934014521, -0.5424797842852336, -0.31734564916075664, -0.4306454786847297]",[1],J0925.6+5959,bll,J0925.7+5959,bll,bll,J0925.7+5959,bll,J0925.7+5959,bll
715,J0925.7+3126,"[2.213245153427124, 2.189316987991333, 2.047067403793335, 14.071393966674805, -31.8640389972913, -31.66733943282214, -28.67056280074345, -31.713664894833936, -24.164196403749834, 0.024905335158109665, 0.3027383089065552, 0.4181916415691376, 11.965672492980957, -0.2858157960993751, -0.5268607797406403, -0.6466671250205501, -0.38855560348689977, -0.7463167031663503, -0.6284597274271075]",[1],J0925.7+3129,bll,J0925.7+3126,bll,bll,J0925.7+3126,bll,J0925.7+3126,bll
716,J0926.4+5412,"[1.9239959716796875, 1.8656351566314697, 1.7731176614761353, 15.426739692687988, -33.668775934674805, -33.38138740133353, -28.845735626457934, -33.51218509884412, -24.38309473171735, 0.07365447282791138, 0.4577352702617645, 1.0473334789276123, 8.306035995483398, 0.6850133449722074, 0.365224773777616, -0.43308357408571674, -0.4756643969173588, -0.5977395721371856, -0.3296983450943403]",[1],J0926.3+5409,bll,J0926.4+5412,bll,bll,J0926.4+5412,bll,J0926.4+5412,bll
717,J0928.1-2035,"[2.4546432495117188, 2.390401840209961, 2.239212989807129, 108.02989959716797, -30.160941113236323, -29.844486961065293, -28.38727707318281, -29.93671002695659, -23.939000077580996, 0.12458989769220352, 0.8842286467552185, 2.227778434753418, 13.562912940979004, 0.989535776730772, -0.6879838089518556, -0.7267801650578949, -0.7344790331961857, -0.8416923705533469, -0.2841284692998751]",[1],J0927.9-2037,fsrq,J0928.1-2035,fsrq,fsrq,J0928.1-2035,fsrq,J0928.1-2035,fsrq
718,J0928.5+4048,"[2.0782384872436523, 1.9858843088150024, 1.7103002071380615, 10.922868728637695, -32.865573650952555, -32.60784822752217, -28.75932657310976, -32.64910450687027, -24.259454664811678, 0.09841542690992355, 0.13926002383232117, 1.1412897109985352, 9.34781551361084, -0.5280403953059946, -0.6898950530334634, -0.5957541535511026, -0.3890361637831057, -0.5553711565162989, -0.9999952392944363]",[1],J0928.5+4048,bll,J0928.5+4048,bll,bll,J0928.5+4048,bll,J0928.5+4048,bll
719,J0928.7-3529,"[2.235980272293091, 2.2360246181488037, 2.3076770305633545, 8.189194679260254, -31.933278561815563, -31.777704561193524, -28.189033371701758, -31.94587603041693, -23.77832941725045, -0.0023520730901509523, 0.0, 0.040306206792593, 9.04411506652832, 0.2741889782748662, -0.7592180252853394, -0.5660860291768754, -0.5062667583477631, -0.7245844956980589, -0.4091405934198494]",[1],J0928.9-3530,bcu,J0928.7-3529,bcu,bll,J0928.7-3529,bll,J0928.7-3529,bll
720,J0929.3+5014,"[2.125347375869751, 2.098686456680298, 2.036165475845337, 69.18594360351562, -31.28440153900644, -31.08546637014967, -28.14811363915601, -31.172172947339153, -23.614807635878535, 0.03701397031545639, 0.36384499073028564, 1.7437061071395874, 34.264671325683594, -0.360371197672226, -0.3963965942903744, -0.5960226397354109, -0.5541462427079827, -0.4906526539573972, -0.857235423758201]",[1],J0929.4+5013,bll,J0929.3+5014,bll,bll,J0929.3+5014,bll,J0929.3+5014,bll
721,J0930.3+8612,"[2.219447374343872, 2.1257755756378174, 1.9422240257263184, 80.1213150024414, -31.44856991413119, -31.183807628889195, -28.2713921585394, -31.235501503780743, -23.770861642658176, 0.09559917449951172, 0.469483345746994, 2.557229995727539, 25.166494369506836, 0.09359992052910672, -0.49556400681774865, -0.6005494246637875, -0.5529993195004694, -0.7889944962789491, -0.6058665654935365]",[1],J0930.2+8612,bll,J0930.3+8612,bll,bll,J0930.3+8612,bll,J0930.3+8612,bll
722,J0930.5+4951,"[1.8235418796539307, 1.8130652904510498, 1.7376922369003296, 15.57820987701416, -34.539493449937325, -34.381495911847516, -28.553843649719482, -34.44556060343559, -24.026083426743554, 0.009424399584531784, 0.27033698558807373, 0.17158520221710205, 9.17285442352295, -0.5260925184426611, -0.6324407922183964, -0.6073529931580827, -0.487486203355566, -0.45986496795003495, 0.05420733761306737]",[1],J0930.0+4951,bll,J0930.5+4951,bll,bll,J0930.5+4951,bll,J0930.5+4951,bll
723,J0931.2-1906,"[2.1300182342529297, 2.216063976287842, 6.146482974145329e-06, 4.585873126983643, -32.21407666835532, -31.495210837467734, -29.099340664641616, -31.676766107903607, -23.768028955406404, 0.9994256496429443, 0.0, 5.975120544433594, 10.818289756774902, -0.8791583064352168, 0.997966605809519, 0.08718220980739616, -0.7292571342243195, -0.9370813026619342, -0.9968433034965127]",[0],J0930.9-1904,PSR,J0931.2-1906,PSR,PSR,J0931.2-1906,MSP,J0931.2-1906,MSP
724,J0934.3+3926,"[2.439929723739624, 2.4263675212860107, 2.339240789413452, 17.256874084472656, -30.753524670623435, -30.590327817803857, -28.538767419548726, -30.641239359130196, -24.125741368026503, 0.014756985008716583, 0.27317818999290466, 0.29785120487213135, 14.326200485229492, 0.9996880979413134, -0.6362865201128406, -0.7121163537992353, -0.5851869431035851, -0.7175646236264306, -0.9999964792460387]",[1],J0934.1+3933,bll,J0934.3+3926,bll,bll,J0934.3+3926,bll,J0934.3+3926,bll
725,J0937.1+5008,"[2.3967831134796143, 2.250234365463257, 1.8983570337295532, 40.53605651855469, -30.88925266378225, -30.560528975826465, -28.62564301041505, -30.643799290807653, -24.161470040978724, 0.17634771764278412, 0.5588931441307068, 2.3961892127990723, 14.417920112609863, 0.9283059646343225, -0.5859832116777118, -0.6750764575405525, -0.6832910127786919, -0.9981837611613281, -0.9953189026752987]",[1],J0937.7+5008,fsrq,J0937.1+5008,fsrq,fsrq,J0937.1+5008,fsrq,J0937.1+5008,fsrq
726,J0939.3-1732,"[2.2631688117980957, 2.195871353149414, 1.8821989297866821, 67.54208374023438, -31.139732472700004, -30.8427705733413, -28.347731874352206, -30.858479568765425, -23.837365063722558, 0.11629772931337357, 0.8069965839385986, 1.9878194332122803, 13.158827781677246, 0.9996659102986564, -0.6769103067684072, -0.5568869685988357, -0.6342743883945834, -0.7018210421463551, -0.9971686956429928]",[1],J0939.2-1732,bcu,J0939.3-1732,bcu,bcu,J0939.3-1732,bcu,J0939.3-1732,bcu
727,J0940.0-2828,"[2.421311855316162, 2.3298611640930176, 1.9338730573654175, 96.33507537841797, -29.81056596696428, -29.44981780115414, -28.199322139192933, -29.525018549674677, -23.686743000837705, 0.17656844854354858, 0.775957465171814, 3.038050889968872, 14.393407821655273, 0.761474519140766, -0.6367278198914987, -0.6604728492776993, -0.6397853972775576, -0.9998279065611898, 0.14246304685634045]",[1],J0939.9-2831,bcu,J0940.0-2828,bcu,bcu,J0940.0-2828,bcu,J0940.0-2828,bcu
728,J0940.7-6105,"[2.54582142829895, 2.4874942302703857, 2.1539409160614014, 23.520925521850586, -30.235675322669003, -29.94422785157098, -27.854459495714377, -30.011295536555043, -23.684955758289945, 0.13973835110664368, 0.5453387498855591, 2.029064655303955, 8.111018180847168, -0.46529675216125066, -0.3011339894136091, -0.7028680370968512, -0.7401878487055142, -0.9816149802445767, -0.9999972934933735]",[1],J0940.7-6102,bcu,J0940.7-6105,bcu,bcu,J0940.7-6105,bcu,J0940.7-6105,bcu
729,J0940.9-1335,"[2.405179023742676, 2.3005428314208984, 2.096940517425537, 174.36215209960938, -29.50546816541002, -29.240363030863985, -28.153497643395845, -29.321453797345352, -23.644779782846157, 0.11488781869411469, 0.8693640232086182, 3.0671842098236084, 21.34132194519043, 0.2612677128078576, -0.5506736346656438, -0.6346381141979214, -0.7692070636852907, -0.7498693670717947, -0.9992630778455803]",[1],J0940.9-1337,fsrq,J0940.9-1335,fsrq,fsrq,J0940.9-1335,fsrq,J0940.9-1335,fsrq
730,J0941.9+2724,"[2.432943820953369, 2.3972513675689697, 2.2194173336029053, 22.846586227416992, -30.420004585608567, -30.10187739697652, -28.548336351164703, -30.144017099414096, -24.07389621183844, 0.09549129754304886, 0.4327358305454254, 1.5408892631530762, 12.643376350402832, 0.9258683008586345, -0.5164992342247037, -0.6634463694401285, -0.8011839771336774, -0.5022499945055142, -0.7856812092075537]",[1],J0941.6+2727,fsrq,J0941.9+2724,bll,bll,J0941.9+2724,bll,J0941.9+2724,bll
731,J0942.3-0800,"[2.1780683994293213, 2.008254289627075, 1.7858436107635498, 135.54685974121094, -30.34984090086211, -30.065100205226994, -28.09798225372298, -30.154529122553722, -23.48830698031606, 0.14421308040618896, 0.6331891417503357, 4.028568744659424, 26.699748992919922, -0.13596897500691862, -0.3434800726867978, -0.5346085433839551, -0.6015828790864831, -0.6683030222518752, -0.9993592955184141]",[1],J0942.1-0756,bll,J0942.3-0800,bll,bll,J0942.3-0800,bll,J0942.3-0800,bll
732,J0945.7+5759,"[2.0928397178649902, 1.8746479749679565, 1.3778760433197021, 40.058006286621094, -32.3571265537574, -32.0011210547334, -28.567056802557456, -32.03452045499778, -23.988141585536994, 0.22820137441158295, 0.6841946244239807, 3.123317003250122, 14.580010414123535, -0.09828644087082339, -0.11213952259384954, -0.380014292002209, -0.394256481186714, -0.7950287842948135, -0.4896819332631197]",[1],J0945.9+5756,bll,J0945.7+5759,bll,bll,J0945.7+5759,bll,J0945.7+5759,bll
733,J0946.2+0104,"[1.8907281160354614, 1.7840744256973267, 1.3406603336334229, 10.281201362609863, -34.238573967392, -33.89943670895492, -28.356451282448944, -33.91210357118324, -23.79901168502213, 0.1204531341791153, 0.2386370748281479, 1.2879668474197388, 8.017867088317871, -0.7948889269876803, -0.46612666676495523, -0.6384201599447684, -0.43079749004822926, -0.04098056789224512, -0.7998081855159095]",[1],J0946.2+0103,bll,J0946.2+0104,bll,bll,J0946.2+0104,bll,J0946.2+0104,bll
734,J0946.6+1016,"[2.426015853881836, 2.344146966934204, 2.2368099689483643, 291.9386901855469, -28.530157204306384, -28.299840607012076, -27.842399289222378, -28.390555576344653, -23.301901209264226, 0.0800633504986763, 0.4483317732810974, 4.092681407928467, 47.03663635253906, 0.9942314894435825, -0.5293827981170358, -0.7060216555124221, -0.732032579704648, -0.7409135428202752, -0.872471958580473]",[1],J0946.5+1017,fsrq,J0946.6+1016,fsrq,fsrq,J0946.6+1016,fsrq,J0946.6+1016,fsrq
735,J0947.1-2541,"[1.8694301843643188, 1.7507531642913818, 1.6524866819381714, 26.526744842529297, -31.97274414305574, -31.719579041325588, -27.86287497503545, -31.82376058587398, -23.47272910139545, 0.08621925860643387, 0.2728731036186218, 3.3138418197631836, 27.819290161132812, 0.9983005926884029, 0.25975799027773055, -0.3223805986152634, -0.475088828978745, -0.45055084890385116, -0.5195447176335539]",[1],J0947.1-2542,bcu,J0947.1-2541,bll,bll,J0947.1-2541,bll,J0947.1-2541,bll
736,J0948.9+0022,"[2.6377151012420654, 2.452965259552002, 2.1843361854553223, 435.7908630371094, -26.69778113659302, -26.44796013893843, -27.77246994976198, -26.53112408223868, -23.156071332429157, 0.16523098945617676, 0.3642103970050812, 10.365968704223633, 61.41170120239258, -0.26963642853635117, -0.6442235128478205, -0.8001637797286978, -0.8379153613597246, -0.9618796608990677, -0.9998964292523485]",[1],J0948.8+0021,NLSY1,J0948.9+0022,NLSY1,NLSY1,J0948.9+0022,NLSY1,J0948.9+0022,NLSY1
737,J0949.0+4038,"[2.607726573944092, 2.6178557872772217, 2.632380723953247, 31.628849029541016, -30.11092529868696, -29.966223601476543, -28.56594903670378, -30.09710618230485, -24.278633097331188, -0.018676651641726494, 0.5802478194236755, 0.2646738886833191, 9.779091835021973, 0.2417768335324564, -0.6047722274117606, -0.8484426526983294, -0.6213871094619688, -0.6088334238520955, -0.5485711401655927]",[1],J0948.6+4041,fsrq,J0949.0+4038,fsrq,fsrq,J0949.0+4038,fsrq,J0949.0+4038,fsrq
738,J0950.2+4553,"[1.9874199628829956, 1.9674259424209595, 1.8704025745391846, 11.070892333984375, -32.65365009622621, -32.46611520139457, -28.520769614780498, -32.54879559938229, -24.064206718693832, 0.015197152271866798, 0.12835800647735596, 0.3840225040912628, 18.91156578063965, 0.8197382843529579, -0.27764077488258726, -0.6599373252115808, -0.28263617174762456, -0.5686852998160005, -0.5340319593812867]",[1],J0950.1+4554,bll,J0950.2+4553,bll,bll,J0950.2+4553,bll,J0950.2+4553,bll
739,J0953.0-0840,"[1.8916586637496948, 1.8026386499404907, 1.726105809211731, 39.754276275634766, -30.804253409037177, -30.649680776241755, -27.432336979158755, -30.71723853883248, -23.093599061368778, 0.04647102952003479, 0.1928887963294983, 2.8273398876190186, 56.45620346069336, -0.2101544980542583, -0.44504964397029423, -0.40774915220352903, -0.4471712367146268, -0.42402055717000475, -0.6034646402906265]",[1],J0953.0-0839,bll,J0953.0-0840,bll,bll,J0953.0-0840,bll,J0953.0-0840,bll
740,J0953.4-7659,"[1.9798474311828613, 1.917763352394104, 1.7323241233825684, 5.881867408752441, -33.96390469227512, -33.731489173987896, -28.376829583547593, -33.81192577144174, -23.821367577667075, 0.0346057191491127, 0.0, 0.28011301159858704, 7.050224781036377, 0.9523970824538044, -0.6883178781433283, -0.6208581919607331, -0.19726667691881197, -0.6244222513191019, -0.1824412436326598]",[1],J0953.1-7657c,bcu,J0953.4-7659,bcu,bcu,J0953.4-7659,bll,J0953.4-7659,bll
741,J0954.2+4913,"[1.5906217098236084, 1.1609548330307007, 0.5514642000198364, 6.5803093910217285, -34.743280667455515, -34.13374579958486, -28.411456206972538, -34.23318271062914, -24.336818429059957, 0.3250579535961151, 0.0, 3.6450393199920654, 13.5316743850708, -0.9973728216494028, 0.9996346530723125, -0.4030021699409188, 0.2961050990148516, -0.42293325213226013, -0.25708651021342765]",[1],J0954.2+4913,bll,J0954.2+4913,bll,bll,J0954.2+4913,bll,J0954.2+4913,bll
742,J0955.4-6151,"[2.3740131855010986, 2.2033092975616455, 1.3675072193145752, 11.967398643493652, -30.709251354528405, -30.281091686892708, -27.94500171477838, -30.329680601222126, -23.34034000924985, 0.3252100348472595, 0.1333429366350174, 5.433277606964111, 18.09028434753418, 0.9798205466165157, -0.2666731673971179, -0.5369977177949643, -0.6883822481150377, -0.9315133011231715, -0.43037337395045505]",[0],J0955.6-6148,psr,J0955.4-6151,PSR,PSR,J0955.4-6151,MSP,J0955.4-6151,MSP
743,J0956.7+2516,"[2.5470032691955566, 2.4878103733062744, 2.2268240451812744, 91.27332305908203, -29.219464301113383, -28.946839552698137, -28.27527112612294, -28.995697023369072, -23.764959909040513, 0.09527304023504257, 0.4740678071975708, 2.8116259574890137, 25.45714569091797, -0.2653549785593168, -0.6450261421045808, -0.7196512924558842, -0.7807268897278643, -0.908027978638386, -0.9993609343102097]",[1],J0956.6+2515,fsrq,J0956.7+2516,fsrq,fsrq,J0956.7+2516,fsrq,J0956.7+2516,fsrq
744,J0957.3-1348,"[2.4667234420776367, 2.3099782466888428, 1.9837214946746826, 115.00164794921875, -29.10023867654237, -28.804430265665562, -28.167850172941943, -28.869643623425585, -23.65295806037474, 0.1552741825580597, 0.6916934251785278, 3.523458242416382, 20.11581039428711, -0.21102971266759832, -0.5476098720026878, -0.6423588945304572, -0.7639055215161575, -0.910646711732043, -0.9972740954778695]",[1],J0957.5-1351,fsrq,J0957.3-1348,fsrq,fsrq,J0957.3-1348,fsrq,J0957.3-1348,fsrq
745,J0957.6+5523,"[2.014448881149292, 1.900240421295166, 1.8133864402770996, 38.208839416503906, -29.347681566639157, -29.126305412551275, -27.168053326679736, -29.22740309990171, -22.66185214034446, 0.0782867819070816, 0.061180610209703445, 10.87868881225586, 180.7342529296875, -0.06901360799176988, -0.38102829582230185, -0.5182263048689592, -0.5111132964157264, -0.6352087297048863, -0.666545653984531]",[1],J0957.6+5523,fsrq,J0957.6+5523,fsrq,fsrq,J0957.6+5523,fsrq,J0957.6+5523,fsrq
746,J0958.0+4728,"[2.590306282043457, 2.365307092666626, 1.94389808177948, 243.12782287597656, -28.88928821226911, -28.55669958241286, -28.191876892305874, -28.622391123500137, -23.873476577781396, 0.2538478374481201, 0.8481609225273132, 4.8509721755981445, 26.661643981933594, 0.22654807194928284, -0.47964595902472795, -0.7915957903329995, -0.7353188346697485, -0.9664978082889638, -0.9999545861646407]",[1],J0957.4+4728,fsrq,J0958.0+4728,fsrq,fsrq,J0958.0+4728,fsrq,J0958.0+4728,fsrq
747,J0958.0-0319,"[1.6356701850891113, 0.5182172060012817, 0.002038411796092987, 12.330302238464355, -35.77671850126258, -34.98556755921086, -28.79049423480652, -35.221852412960295, -24.36832013363736, 0.8029049634933472, 0.0, 1.7551171779632568, 5.150301456451416, -0.9996811276923279, 0.9860971592205411, -0.34493000409332786, -0.9219835559495266, 0.8349475993038127, -0.5830729811281634]",[1],J0958.3-0318,bll,J0958.0-0319,bll,bll,J0958.0-0319,bll,J0958.0-0319,bll
748,J0958.1-6753,"[2.2341012954711914, 2.2467362880706787, 2.3610341548919678, 12.727877616882324, -33.09683937116502, -33.11138782360235, -28.264627013333385, -33.12662937922546, -23.991652364039517, -0.07913278043270111, 0.4621824026107788, 1.479811429977417, 5.117689609527588, 0.3214405685097224, -0.648430140316334, -0.7588138867232053, -0.5507811511572297, -0.6783191021320788, 0.028263698641663684]",[1],J0958.4-6752,bcu,J0958.1-6753,bcu,bcu,J0958.1-6753,bcu,J0958.1-6753,bcu
749,J0958.4-2441,"[2.1912007331848145, 2.0046679973602295, 1.5604220628738403, 14.089286804199219, -31.260093928178144, -30.918395430023534, -28.342944149682587, -30.970615604488778, -23.717009861477163, 0.20022495090961456, 0.2568189799785614, 3.097766399383545, 13.319379806518555, 0.29790090285028764, -0.4268189417575809, -0.4816439873184493, -0.5724068401110609, -0.7481775371416712, -0.9999999999970612]",[1],J0958.6-2447,bcu,J0958.4-2441,bcu,bcu,J0958.4-2441,bcu,J0958.4-2441,bcu
750,J0958.7+6534,"[2.2155821323394775, 2.161846399307251, 2.125189781188965, 2127.6767578125, -29.197397828634596, -29.054759473763664, -27.705053634453563, -29.139790441061304, -23.203975587469785, 0.037104129791259766, 0.9302629828453064, 3.4072606563568115, 87.44822692871094, -0.09046573236213788, -0.5280592399374456, -0.6098630315650897, -0.593499331596763, -0.7024837774694507, -0.5498948299625129]",[1],J0958.6+6534,bll,J0958.7+6534,BLL,BLL,J0958.7+6534,BLL,J0958.7+6534,BLL
751,J0959.4+2120,"[2.1803042888641357, 2.1896023750305176, 2.1385653018951416, 14.51876449584961, -32.37061171731765, -32.24282223012806, -28.52047073506258, -32.305507319674845, -24.06319394353697, -0.013471960090100765, 0.3274921178817749, 0.20302529633045197, 8.473209381103516, -0.011842607032375814, -0.4912477405300717, -0.5597680555322118, -0.6063631716836333, -0.4925660221916059, -0.5538345318419601]",[1],J0959.7+2124,bll,J0959.4+2120,bll,bll,J0959.4+2120,bll,J0959.4+2120,bll
752,J1001.1+2911,"[2.2687718868255615, 2.236396312713623, 2.175536632537842, 211.57781982421875, -30.52279531406094, -30.264699672271867, -28.37047080751629, -30.38199541635385, -23.766229156059136, 0.06037376448512077, 0.9467960000038147, 1.9170432090759277, 26.134288787841797, 0.1355870336132221, -0.5581268242186835, -0.6482062046949734, -0.6500746891466903, -0.6095697972305538, -0.49572530393749287]",[1],J1001.0+2913,bll,J1001.1+2911,bll,bll,J1001.1+2911,bll,J1001.1+2911,bll
753,J1002.5+2215,"[1.9066331386566162, 1.8682024478912354, 1.738113284111023, 2.853029727935791, -33.67166391619807, -33.44648699866113, -28.46620080424718, -33.54439842826727, -23.96904516672265, 0.02694767154753208, 0.0, 0.3836052119731903, 11.142135620117188, -0.41937651309957, -0.7516785615905249, -0.6258766514983372, -0.32158739139398906, -0.5473593946022026, -0.3416648411599472]",[1],J1002.3+2220,bll,J1002.5+2215,bll,bll,J1002.5+2215,bll,J1002.5+2215,bll
754,J1003.6+2605,"[2.280276298522949, 2.1973018646240234, 1.934096336364746, 6.54890251159668, -31.62079465865568, -31.264994948404226, -28.56433072986901, -31.3392537948207, -24.105565075778983, 0.14220091700553894, 0.0, 1.456952691078186, 8.83937931060791, -0.8588011887381949, -0.393734254040317, -0.607709012590557, -0.7299722220631992, -0.5256174180776942, -0.9995605294359416]",[1],J1003.6+2608,bcu,J1003.6+2605,bll,bll,J1003.6+2605,bll,J1003.6+2605,bll
755,J1006.7-2159,"[2.3508946895599365, 2.2939612865448, 2.2471258640289307, 1322.4129638671875, -28.51874551161375, -28.35178210229082, -27.79215567834117, -28.445855842488484, -23.228936809597982, 0.04599111154675484, 1.1629893779754639, 2.727304458618164, 50.4411506652832, -0.14485863195854284, -0.5778004801079285, -0.6944067156053016, -0.6286436061848193, -0.6539045782354769, -0.764571013706351]",[1],J1006.7-2159,fsrq,J1006.7-2159,fsrq,fsrq,J1006.7-2159,fsrq,J1006.7-2159,fsrq
756,J1007.0+3455,"[1.8178863525390625, 1.6858857870101929, 1.4140390157699585, 9.977836608886719, -33.66512544963068, -33.29253323376925, -28.54171902431047, -33.40969258569987, -24.188324428343304, 0.1328480988740921, 0.16109518706798553, 2.102572441101074, 12.200237274169922, 0.9948452245970527, -0.5789741962688728, -0.21795218288802023, -0.3272494883190076, -0.5003048045191478, -0.4702923819793936]",[1],J1006.7+3453,bll,J1007.0+3455,bll,bll,J1007.0+3455,bll,J1007.0+3455,bll
757,J1007.6-3332,"[2.440488815307617, 2.2797532081604004, 1.8658655881881714, 311.4648132324219, -29.127197060623903, -28.780593440530993, -27.98166758325079, -28.834690429839938, -23.420189946699384, 0.20302288234233856, 0.7894150614738464, 5.999959468841553, 31.126094818115234, 0.2515676018143241, -0.4805375211934196, -0.6910946906942312, -0.7631264395822048, -0.805214177060439, -0.9999696612621951]",[1],J1007.4-3334,fsrq,J1007.6-3332,fsrq,fsrq,J1007.6-3332,fsrq,J1007.6-3332,fsrq
758,J1008.0+0620,"[2.189497709274292, 2.1573095321655273, 2.0692594051361084, 84.11471557617188, -31.011470308840966, -30.805681685876834, -28.084901419361803, -30.8943505189375, -23.536227047332464, 0.047021206468343735, 0.45681238174438477, 1.7939618825912476, 28.83765411376953, 0.999799648864758, -0.23640797379357006, -0.6227821934725777, -0.5952800085822493, -0.5228004090751409, -0.7610477707768252]",[1],J1007.9+0621,bll,J1008.0+0620,bll,bll,J1008.0+0620,bll,J1008.0+0620,bll
759,J1008.0+0028,"[2.2517049312591553, 2.1437435150146484, 1.8516144752502441, 12.188498497009277, -31.559332898310455, -31.28274810759045, -28.430369823917875, -31.318985262352797, -23.951746841926425, 0.10794947296380997, 0.2618372142314911, 1.4470531940460205, 11.151455879211426, 0.9999984153349957, -0.5161208101437289, -0.5672231046577808, -0.506451994434636, -0.842876444367003, -0.9999528836206789]",[1],J1007.8+0026,bcu,J1008.0+0028,bcu,bcu,J1008.0+0028,bll,J1008.0+0028,bll
760,J1008.7-2909,"[2.4828126430511475, 2.426459550857544, 1.7499761581420898, 26.915390014648438, -30.558103992975283, -30.226289582790947, -28.352851200630532, -30.2254285038441, -24.044290156289343, 0.22382399439811707, 0.9236071109771729, 2.437755584716797, 6.967218399047852, 0.9999713542481629, -0.6597296948973762, -0.7034027908655949, -0.6415253977504116, -0.9996558736609286, -0.9544644319640249]",[1],J1008.9-2910,bcu,J1008.7-2909,bcu,bcu,J1008.7-2909,bcu,J1008.7-2909,bcu
761,J1008.8-3139,"[2.3100006580352783, 2.2963192462921143, 2.195288896560669, 12.69844913482666, -31.284838501943103, -31.089323888185074, -28.119467703836108, -31.135917178514205, -23.719069500915477, 0.04333269223570824, 0.23471349477767944, 0.9148732423782349, 10.123720169067383, -0.5887413176878883, -0.6325709291081986, -0.599534565318497, -0.6867888361216594, -0.513234953562206, -0.8352888046634622]",[1],J1009.0-3137,bcu,J1008.8-3139,bcu,bll,J1008.8-3139,bll,J1008.8-3139,bll
762,J1010.2-3119,"[1.7635767459869385, 1.7429534196853638, 1.7279736995697021, 38.144996643066406, -33.869188873213886, -33.67421098375636, -27.978171300676365, -33.78227308532401, -23.562162629486572, 0.018382834270596504, 0.525989294052124, 0.5688410401344299, 22.153507232666016, 0.1332533613907847, 0.07225493590015795, -0.6732004852430946, -0.060353413920042176, -0.6453080755780214, -0.12812948070575603]",[1],J1010.2-3120,bll,J1010.2-3119,bll,bll,J1010.2-3119,bll,J1010.2-3119,bll
763,J1010.8-0158,"[2.535404920578003, 2.5036158561706543, 2.375457763671875, 24.49755096435547, -29.91543873896858, -29.70003847707827, -28.332487414226037, -29.758690131397724, -23.94975801702312, 0.045516036450862885, 0.42251887917518616, 0.7712509632110596, 10.523261070251465, 0.9686178161017939, -0.7021842656271632, -0.6922647451951648, -0.607586778316563, -0.9997448974254891, -0.9751542522268811]",[1],J1010.8-0158,fsrq,J1010.8-0158,fsrq,fsrq,J1010.8-0158,fsrq,J1010.8-0158,fsrq
764,J1012.1-4235,"[2.2198095321655273, 2.164289951324463, 1.2893164157867432, 15.016304969787598, -31.795944938091516, -31.40373685458617, -28.459568868759057, -31.40309766348845, -23.51856660134628, 0.3033062815666199, 0.19728045165538788, 5.183014869689941, 17.513511657714844, -0.34981439049129426, -0.561379171043283, -0.5443282763531913, -0.541468627406162, -0.9602037993094851, -0.9998740940870549]",[0],J1012.0-4235,psr,J1012.1-4235,PSR,PSR,J1012.1-4235,MSP,J1012.1-4235,MSP
765,J1012.3+0629,"[2.092815399169922, 1.9735091924667358, 1.8490583896636963, 21.11680030822754, -31.07308697049655, -30.866513532498765, -27.84855924288931, -30.945800542184106, -23.433787866210928, 0.09335283935070038, 0.24344098567962646, 2.865199327468872, 26.422605514526367, -0.5020756545684096, -0.6078532767752064, -0.48283947185179826, -0.5353439751369078, -0.56083570118436, -0.8095220805851674]",[1],J1012.2+0631,bll,J1012.3+0629,bll,bll,J1012.3+0629,bll,J1012.3+0629,bll
766,J1012.7+4228,"[1.8004951477050781, 1.7544969320297241, 1.680751085281372, 17.531904220581055, -33.71898097702383, -33.424289995631376, -28.46383604638995, -33.59498502182578, -24.12964961147137, 0.031288839876651764, 0.3674343228340149, 0.5370557308197021, 14.572748184204102, 0.996626806865635, -0.714437512355981, -0.5300588779658897, -0.22389856789714535, -0.556294099280659, -0.37506025183279207]",[1],J1012.7+4229,bll,J1012.7+4228,agn,agn,J1012.7+4228,bll,J1012.7+4228,bll
767,J1013.7+3444,"[2.591487407684326, 2.516598701477051, 2.151829242706299, 44.262657165527344, -29.880102888662908, -29.614586806564574, -28.436186160157984, -29.634119883089507, -24.113801869314752, 0.1283891648054123, 0.5473295450210571, 2.043468475341797, 13.171283721923828, -0.30003775509017694, -0.7021253658494585, -0.6828300289100363, -0.83600513162893, -0.9989317050304078, 0.14820061363744175]",[1],J1013.5+3440,fsrq,J1013.7+3444,fsrq,fsrq,J1013.7+3444,fsrq,J1013.7+3444,fsrq
768,J1014.3+4112,"[2.56843638420105, 2.629795789718628, 2.5955379009246826, 20.447265625, -30.27474462587645, -30.22852875182358, -28.61555471637582, -30.265972532838433, -24.251721422743703, -0.07058561593294144, 0.42267030477523804, 1.4019973278045654, 9.635682106018066, -0.6984949174803708, -0.6108501426721618, -0.7119573764709615, -0.5380625604871808, -0.6269019041650724, -0.9993506800111146]",[1],J1014.2+4115,bcu,J1014.3+4112,bcu,bcu,J1014.3+4112,bcu,J1014.3+4112,bcu
769,J1014.9-4508,"[2.3163936138153076, 2.2979846000671387, 2.263960123062134, 10.972830772399902, -31.28610349973493, -31.04430047619283, -28.207627954099955, -31.06421649954639, -23.802942629906372, 0.056129977107048035, 0.22063247859477997, 1.1482170820236206, 10.267850875854492, 0.3714193555245389, 0.871198834301255, -0.6355157028203677, -0.771532287170918, -0.3514297497715095, -0.6480134409965658]",[1],J1015.2-4512,bcu,J1014.9-4508,bcu,bcu,J1014.9-4508,bcu,J1014.9-4508,bcu
770,J1015.0+4926,"[1.8372793197631836, 1.7495567798614502, 1.7309974431991577, 267.0340576171875, -29.982872922935577, -29.840787731178494, -26.974493567804288, -29.930744372516294, -22.701513622933042, 0.04278304800391197, 0.22656987607479095, 4.835784912109375, 158.52377319335938, -0.08644824067991178, -0.3272656676715152, -0.4267237521212297, -0.40834968758307616, -0.5271708509209414, -0.38973590443953576]",[1],J1015.0+4925,bll,J1015.0+4926,bll,bll,J1015.0+4926,bll,J1015.0+4926,bll
771,J1015.6+5553,"[2.5471208095550537, 2.4780502319335938, 2.1700687408447266, 54.21847915649414, -30.290407265265927, -30.02647240514443, -28.682314333721624, -30.077651579866284, -24.322691982742153, 0.11953915655612946, 0.6720441579818726, 1.9294400215148926, 12.387950897216797, 0.9987051766559868, -0.3333499263068429, -0.7561096620957781, -0.6647487001552446, -0.9999344498278726, -0.23549287649961467]",[1],J1016.1+5555,bcu,J1015.6+5553,fsrq,fsrq,J1015.6+5553,fsrq,J1015.6+5553,fsrq
772,J1016.0+0512,"[2.2234790325164795, 2.2187414169311523, 2.1872284412384033, 490.35748291015625, -31.06674928893593, -30.930301880553333, -27.955011156344376, -30.99874297285901, -23.445287420481307, 0.013987667858600616, 1.6423206329345703, 0.610602080821991, 30.86459732055664, 0.9727076448120333, -0.6084373394754158, -0.7012724711187932, -0.5148378325038154, -0.5705378304977173, -0.8304393886322806]",[1],J1016.0+0513,fsrq,J1016.0+0512,fsrq,fsrq,J1016.0+0512,fsrq,J1016.0+0512,fsrq
773,J1016.3-5857,"[2.466395854949951, 2.5486409664154053, 1.594407320022583, 14.076416015625, -30.963651256467482, -30.544509477657666, -26.23247431506431, -30.651114039505654, -21.834909729942048, 0.323295533657074, 0.07680743932723999, 10.312185287475586, 39.95857620239258, 0.5902318019830352, 0.7244735171969283, -0.5576148530332196, -0.6695379599822013, -0.8813266969896386, -0.9999842934958626]",[0],J1016.3-5858,PSR,J1016.3-5857,PSR,PSR,J1016.3-5857,PSR,J1016.3-5857,PSR
774,J1018.1+1905,"[2.0618820190429688, 2.099419116973877, 2.028177499771118, 24.067758560180664, -32.735616469885095, -32.62618232288793, -28.517170135553652, -32.67198850261867, -24.01726228828157, -0.032018087804317474, 0.5297921299934387, 0.689078688621521, 11.41552734375, -0.40179681852859034, -0.6844915221994055, -0.5587898937451002, -0.6660876618357519, -0.2161550829738672, -0.5504553051128349]",[1],J1018.1+1904,bll,J1018.1+1905,bll,bll,J1018.1+1905,bll,J1018.1+1905,bll
775,J1018.3-3124,"[2.5441038608551025, 2.461031436920166, 2.2052762508392334, 211.1992950439453, -28.988078639726464, -28.698631649560607, -27.94538187129581, -28.76977708867575, -23.532557480617022, 0.14595067501068115, 0.6325084567070007, 4.508798122406006, 30.84433937072754, -0.1027592672423101, -0.5515849125833577, -0.7725580218029844, -0.721049907219523, -0.8780762309569116, -0.9999934627055423]",[1],J1018.4-3119,fsrq,J1018.3-3124,fsrq,fsrq,J1018.3-3124,fsrq,J1018.3-3124,fsrq
776,J1018.4+3540,"[2.590066432952881, 2.53501033782959, 2.245015859603882, 137.46018981933594, -29.692943336997477, -29.441056884134177, -28.412798972302035, -29.471137574217796, -24.0380147830266, 0.10633356124162674, 0.8482264280319214, 1.9404466152191162, 17.91785430908203, -0.2157685001043021, -0.5582968574095373, -0.7709505952566854, -0.6953149401405591, -0.9793743816623524, -0.9869445858921656]",[1],J1018.3+3542,fsrq,J1018.4+3540,fsrq,fsrq,J1018.4+3540,fsrq,J1018.4+3540,fsrq
777,J1018.4+0528,"[2.283555746078491, 2.3075878620147705, 2.042039394378662, 35.37168502807617, -31.91480165081266, -31.714033958278605, -28.062361855128614, -31.65112312454586, -23.72694520442413, 0.09632200747728348, 0.8354017734527588, 1.422387719154358, 9.428428649902344, -0.9572306399273979, 0.998840476644675, -0.626471354309169, -0.6820617795172224, -0.5483443582748514, -0.9898373791561828]",[1],J1018.5+0530,fsrq,J1018.4+0528,fsrq,fsrq,J1018.4+0528,fsrq,J1018.4+0528,fsrq
778,J1018.8+5913,"[2.071261405944824, 1.9691365957260132, 1.6959689855575562, 11.421223640441895, -32.69472064736226, -32.401187907676885, -28.7983328954182, -32.460776161436875, -24.296178974865715, 0.11888403445482254, 0.2043481469154358, 1.9636681079864502, 13.03501033782959, -0.20641132286931957, 0.8761118965705166, -0.5769393381912701, -0.5206692007414471, -0.48581125202855335, -0.9999990850071675]",[1],J1018.8+5913,bll,J1018.8+5913,bll,bll,J1018.8+5913,bll,J1018.8+5913,bll
779,J1019.7+6321,"[2.1856958866119385, 1.9401826858520508, 1.6312952041625977, 33.141014099121094, -31.421468214319237, -31.099211522086602, -28.56881868485522, -31.181187232357825, -23.97240055515255, 0.19848088920116425, 0.386913537979126, 3.4807400703430176, 20.47525405883789, 0.9664856575897643, -0.23213269678028092, -0.4734801177518258, -0.5507433440260232, -0.7061035411413078, -0.9999999989980051]",[1],J1020.0+6323,bll,J1019.7+6321,bll,bll,J1019.7+6321,bll,J1019.7+6321,bll
780,J1019.8-5749,"[2.5306479930877686, 2.5844578742980957, 1.6041407585144043, 5.193653583526611, -31.46618767102424, -31.24154828114217, -26.564728579828095, -31.200045162744637, -22.067613999336526, 0.28762367367744446, 0.0, 4.966767311096191, 15.747475624084473, 0.9849944315088325, -0.7719723007701603, -0.622792568555583, -0.6202121057981095, -0.8821505854489651, -0.8465904929971788]",[0],J1020.0-5749,PSR,J1019.8-5749,PSR,PSR,J1019.8-5749,PSR,J1019.8-5749,PSR
781,J1021.4+8021,"[2.3579459190368652, 2.182784080505371, 2.0222887992858887, 5.912982940673828, -31.446539478466075, -31.107115941649965, -28.594002008716753, -31.21178859125333, -24.191732534070564, 0.167963445186615, 0.0, 2.1869077682495117, 17.40660285949707, -0.41740603900298195, -0.48971268129191187, -0.6059791190457284, -0.6164936795640896, -0.9534995783800876, 0.24703769475166676]",[1],J1021.8+8023,bcu,J1021.4+8021,bcu,bcu,J1021.4+8021,bcu,J1021.4+8021,bcu
782,J1022.4-4231,"[2.1951904296875, 2.1341142654418945, 1.9458400011062622, 6.788238525390625, -32.001151789502295, -31.757795428334862, -28.369124911223793, -31.82225963728716, -23.900657500289615, 0.082089364528656, 0.0, 1.392153263092041, 9.679852485656738, -0.4495706986555057, -0.38892806069141833, -0.6353980830805881, -0.5313773840500692, -0.5840246361103199, -0.729703326532268]",[1],J1022.3-4234,bcu,J1022.4-4231,bll,bll,J1022.4-4231,bll,J1022.4-4231,bll
783,J1022.7-0112,"[1.949131965637207, 1.9065797328948975, 1.8133054971694946, 12.114928245544434, -32.48718813662789, -32.2587384455401, -28.095017354471512, -32.35605811874189, -23.653724947673336, 0.04132210463285446, 0.14446963369846344, 1.2176727056503296, 21.614368438720703, -0.6507903833010013, -0.5538773382724891, -0.46973867542664627, -0.41346532627301685, -0.5170144056559707, -0.49832159836726897]",[1],J1022.8-0113,bll,J1022.7-0112,bll,bll,J1022.7-0112,bll,J1022.7-0112,bll
784,J1023.0-5745,"[2.442904472351074, 2.6677377223968506, 1.4312478303909302, 4.063462734222412, -29.571590141577147, -29.19913669530558, -25.6137576447356, -29.291712343310333, -21.054947712855615, 0.3564581871032715, 0.0, 19.40988540649414, 28.843158721923828, -0.22012278257243884, -0.38479753812870515, -0.3328852190257751, -0.7500540791254575, -0.9305766367846486, -0.7184391154608735]",[0],J1023.1-5745,PSR,J1023.0-5745,PSR,PSR,J1023.0-5745,PSR,J1023.0-5745,PSR
785,J1023.0-5745,"[2.442904472351074, 2.6677377223968506, 1.4312478303909302, 4.063462734222412, -29.571590141577147, -29.19913669530558, -25.6137576447356, -29.291712343310333, -21.054947712855615, 0.3564581871032715, 0.0, 19.40988540649414, 28.843158721923828, -0.22012278257243884, -0.38479753812870515, -0.3328852190257751, -0.7500540791254575, -0.9305766367846486, -0.7184391154608735]",[0],J1023.1-5745,PSR,J1023.0-5745,PSR,PSR,J1023.3-5747e,SFR,J1023.0-5745,PSR
786,J1023.0-5745,"[2.442904472351074, 2.6677377223968506, 1.4312478303909302, 4.063462734222412, -29.571590141577147, -29.19913669530558, -25.6137576447356, -29.291712343310333, -21.054947712855615, 0.3564581871032715, 0.0, 19.40988540649414, 28.843158721923828, -0.22012278257243884, -0.38479753812870515, -0.3328852190257751, -0.7500540791254575, -0.9305766367846486, -0.7184391154608735]",[0],J1023.1-5745,PSR,J1023.3-5747e,SFR,PSR,J1023.0-5745,PSR,J1023.0-5745,PSR
787,J1023.0-5745,"[2.442904472351074, 2.6677377223968506, 1.4312478303909302, 4.063462734222412, -29.571590141577147, -29.19913669530558, -25.6137576447356, -29.291712343310333, -21.054947712855615, 0.3564581871032715, 0.0, 19.40988540649414, 28.843158721923828, -0.22012278257243884, -0.38479753812870515, -0.3328852190257751, -0.7500540791254575, -0.9305766367846486, -0.7184391154608735]",[0],J1023.1-5745,PSR,J1023.3-5747e,SFR,PSR,J1023.3-5747e,SFR,J1023.0-5745,PSR
788,J1023.1+3949,"[2.3742175102233887, 2.250476360321045, 2.068958282470703, 1801.3858642578125, -28.90606797952708, -28.677682359442713, -28.136244167928567, -28.756303012393403, -23.51711789573217, 0.10769310593605042, 1.625922679901123, 4.9733195304870605, 49.74982833862305, -0.22286908862233656, -0.5602728721205438, -0.6429257604668579, -0.7896602214673095, -0.6980619668437102, -0.9999970719000437]",[1],J1023.1+3952,fsrq,J1023.1+3949,fsrq,fsrq,J1023.1+3949,fsrq,J1023.1+3949,fsrq
789,J1023.8+3002,"[1.8604847192764282, 1.8566762208938599, 1.7624835968017578, 16.654067993164062, -34.366265438491666, -34.17589540200471, -28.70852922444644, -34.26028864839708, -24.19477568877436, 0.0037450199015438557, 0.47142741084098816, 0.09266387671232224, 7.391269207000732, 0.8696614786204772, -0.7406419661820359, -0.6880377829215051, -0.29452470548002574, -0.3140036353337032, -0.5204563530971987]",[1],J1023.7+3000,bll,J1023.8+3002,bll,bll,J1023.8+3002,bll,J1023.8+3002,bll
790,J1023.8-4335,"[1.7694342136383057, 1.6045912504196167, 1.3928865194320679, 35.9001350402832, -32.615977107746424, -32.31653556692132, -27.72102768071203, -32.39499078775457, -23.405627278479415, 0.11278493702411652, 0.30482247471809387, 4.406961441040039, 32.686668395996094, 0.9989305231879687, -0.013616402355790917, -0.22800443625045308, -0.3684790832933095, -0.36059443224684185, -0.451059079739856]",[1],J1023.9-4335,bll,J1023.8-4335,bll,bll,J1023.8-4335,bll,J1023.8-4335,bll
791,J1024.5-0719,"[2.2155611515045166, 1.888325572013855, 0.8431613445281982, 10.188949584960938, -31.12394715921763, -30.66127713144076, -28.43280996554718, -30.675967001132307, -23.51534462925256, 0.4352606236934662, 0.11491125822067261, 5.70774507522583, 19.393186569213867, 0.8823447946536038, -0.5188822396615838, -0.3507553485762433, -0.6062762283505834, -0.9999999321458354, -0.34041775675661995]",[0],J1024.6-0718,PSR,J1024.5-0719,PSR,PSR,J1024.5-0719,MSP,J1024.5-0719,MSP
792,J1024.8+2332,"[2.442599296569824, 2.4373996257781982, 2.3591742515563965, 16.016748428344727, -30.6653952018467, -30.509089241633703, -28.51118263129417, -30.559603212068694, -24.086363468620483, 0.006494142115116119, 0.3116907775402069, 0.12392010539770126, 12.07162857055664, -0.030225780281325287, -0.733581710186568, -0.5810701640656571, -0.7278473712313844, -0.7616933352940232, -0.7304340063580915]",[1],J1025.1+2333,bll,J1024.8+2332,bll,bll,J1024.8+2332,bll,J1024.8+2332,bll
793,J1026.9+0608,"[1.688758134841919, 1.6602245569229126, 1.4694868326187134, 6.426463603973389, -35.07182097853983, -34.7797988032942, -28.5219296917094, -34.865368560273374, -24.098066328565917, 0.024525554850697517, 0.0, 0.29979729652404785, 7.984724998474121, -0.8116212505431654, -0.9872312491912577, 0.7748274021903858, -0.6808132447915327, 0.008326279845357042, -0.24781816099099854]",[1],J1027.0+0609,bll,J1026.9+0608,bll,bll,J1026.9+0608,bll,J1026.9+0608,bll
794,J1026.9-1749,"[1.9481019973754883, 1.9124869108200073, 1.8376617431640625, 104.91846466064453, -31.8987120685454, -31.69020046827515, -27.86916055841653, -31.783025666853234, -23.464321212340057, 0.03044835478067398, 0.548185408115387, 1.2990349531173706, 33.26112747192383, 0.9998845967276165, -0.5925831964335962, -0.4470785342729594, -0.44939341714856273, -0.49437020124012265, -0.5424717361383768]",[1],J1026.9-1750,bll,J1026.9-1749,bll,bll,J1026.9-1749,bll,J1026.9-1749,bll
795,J1027.0-8542,"[1.8659634590148926, 1.7274610996246338, 1.61454176902771, 2.3322479724884033, -32.26634306807202, -32.04596517808802, -27.89094436298428, -32.139561840144935, -23.50929932639957, 0.08141213655471802, 0.0, 2.9144699573516846, 30.35723876953125, -0.33326869173337376, -0.5028825804657482, -0.4268536008543085, -0.3243174367348405, -0.5025829350362007, -0.44705441224627174]",[1],J1026.4-8542,bll,J1027.0-8542,bll,bll,J1027.0-8542,bll,J1027.0-8542,bll
796,J1027.2+7427,"[2.419097661972046, 2.404088020324707, 2.1822023391723633, 199.39163208007812, -30.82656332289195, -30.629491306297897, -28.017205024249396, -30.558279700463327, -23.717186051830794, 0.08418695628643036, 0.8428429365158081, 2.67555570602417, 20.941242218017578, 0.869931575164744, -0.4111052969967803, -0.6915821993942556, -0.6544356288528768, -0.7662459353631875, -0.8530135193972149]",[1],J1026.5+7423,bcu,J1027.2+7427,bcu,bcu,J1027.2+7427,bcu,J1027.2+7427,bcu
797,J1027.6+6317,"[1.9627528190612793, 1.8954191207885742, 1.7051249742507935, 8.830326080322266, -33.10396705343102, -32.856103752287204, -28.634630519181137, -32.9210145497478, -24.174449558835104, 0.05211111530661583, 0.036876071244478226, 1.0584481954574585, 19.44748306274414, 0.99941921942019, 0.022040360734292285, -0.6476407336181996, -0.26600612454830114, -0.5342743850519436, -0.8742007652586018]",[1],J1027.7+6316,bll,J1027.6+6317,bll,bll,J1027.6+6317,bll,J1027.6+6317,bll
798,J1027.6+1828,"[2.5613186359405518, 2.6041438579559326, 2.5876007080078125, 9.598724365234375, -30.19112544147976, -30.11310778241689, -28.459499662744737, -30.17692462674944, -24.13492833537125, -0.05256934463977814, 0.08744353801012039, 1.0314985513687134, 8.751640319824219, -0.36665435446110123, -0.7854105896639547, -0.775827152649527, -0.43181900867513806, -0.6215746098697565, -0.999999947466181]",[1],J1028.0+1829,bcu,J1027.6+1828,bcu,bcu,J1027.6+1828,bcu,J1027.6+1828,bcu
799,J1028.4-0234,"[2.6134722232818604, 2.561171531677246, 2.3582265377044678, 41.64558410644531, -29.41105518905797, -29.141390644550995, -28.349033148001027, -29.21073603801962, -24.00000179184587, 0.08074423670768738, 0.670081615447998, 1.3147022724151611, 10.740495681762695, 0.6066472062662057, -0.6707640552377951, -0.7561094562497925, -0.733328339475403, -0.9043075658141124, -0.9982645745840822]",[1],J1028.5-0235,fsrq,J1028.4-0234,fsrq,fsrq,J1028.4-0234,fsrq,J1028.4-0234,fsrq
800,J1028.5-5819,"[2.3678693771362305, 2.2682297229766846, 1.6055214405059814, 5.733055591583252, -29.34726104544008, -28.971088513982174, -25.91920842312581, -28.988072743154234, -21.584281684560477, 0.2663152813911438, 0.0, 28.075801849365234, 131.00474548339844, 0.8550884909531934, -0.368521045021035, -0.5592413821254363, -0.6706022010508138, -0.864637728970894, -0.973251437896578]",[0],J1028.4-5819,PSR,J1028.5-5819,PSR,PSR,J1028.5-5819,PSR,J1028.5-5819,PSR
801,J1030.6-2028,"[1.8550516366958618, 1.7142804861068726, 1.4356555938720703, 17.918872833251953, -33.204375265102115, -32.86172791351465, -28.180099747137866, -32.96162910742828, -23.786503687420982, 0.10437681525945663, 0.27604594826698303, 1.9266458749771118, 17.499160766601562, -0.6636120012687928, -0.45491965235360465, -0.46232270306739043, -0.25075808084655143, -0.3426933110800921, -0.7490298903765231]",[1],J1030.4-2030,bcu,J1030.6-2028,bcu,bll,J1030.6-2028,bll,J1030.6-2028,bll
802,J1031.1+7442,"[2.162061929702759, 2.1771063804626465, 2.249800443649292, 33.4116096496582, -32.67710499288864, -32.60996180583436, -28.215343532167378, -32.681138921725896, -23.790673899370823, -0.029992667958140373, 0.5728448033332825, 1.0232406854629517, 17.71120834350586, -0.41501899318548224, -0.6234204527696428, -0.6486659334222009, -0.6255766566064364, -0.6777989621818915, -0.01796849461854951]",[1],J1031.0+7440,bcu,J1031.1+7442,bll,bll,J1031.1+7442,bll,J1031.1+7442,bll
803,J1031.3+5053,"[1.7350627183914185, 1.676108479499817, 1.589249849319458, 12.941985130310059, -32.99370232175766, -32.7133147112155, -27.942465300470023, -32.840076648395325, -23.78305201698457, 0.04465528950095177, 0.10301919281482697, 2.232132911682129, 39.52235794067383, -0.8560438674037081, 0.06887587192751093, -0.41675497905285414, -0.29826410718344676, -0.49300221650992043, -0.11908520644717076]",[1],J1031.2+5053,bll,J1031.3+5053,bll,bll,J1031.3+5053,bll,J1031.3+5053,bll
804,J1031.6+6019,"[2.6133346557617188, 2.605269432067871, 2.4868781566619873, 121.07833099365234, -30.30545032229851, -30.139799014407544, -27.874975788298173, -30.13562178482247, -23.835580167948578, 0.03370453417301178, 0.7075644731521606, 0.883457601070404, 17.253232955932617, -0.181033609730892, -0.6689729205167699, -0.6945575905194855, -0.7318292585882147, -0.760284883067818, -0.9999999912576408]",[1],J1031.6+6021,fsrq,J1031.6+6019,fsrq,fsrq,J1031.6+6019,fsrq,J1031.6+6019,fsrq
805,J1032.6+3737,"[2.075963020324707, 2.0863425731658936, 1.977453351020813, 25.02332878112793, -32.61425222926564, -32.489974396401585, -28.309996648515924, -32.52801752070323, -23.813179331928072, -0.007273684721440077, 0.3557482957839966, 0.18513378500938416, 19.141117095947266, -0.9981525842029987, 0.9994805496663918, -0.59938252845672, -0.48792030998313324, -0.5967024895728351, -0.4176226192040659]",[1],J1032.7+3735,bll,J1032.6+3737,bll,bll,J1032.6+3737,bll,J1032.6+3737,bll
806,J1032.7+6624,"[2.133364677429199, 2.028996706008911, 1.8659478425979614, 16.77513885498047, -32.43123587890734, -32.1340921362926, -28.880104457199902, -32.23514425745822, -24.367916619426204, 0.08602721989154816, 0.3434481918811798, 1.2175487279891968, 12.59634017944336, 0.78028564275242, -0.6384910614554279, -0.44769672931980015, -0.5633681979474917, -0.6253963780318441, -0.7577784832556547]",[1],J1032.5+6623,bll,J1032.7+6624,bll,bll,J1032.7+6624,bll,J1032.7+6624,bll
807,J1033.1+4115,"[2.4123449325561523, 2.384587287902832, 2.279167413711548, 111.4529800415039, -29.66640165583846, -29.440873548604554, -28.330850723776077, -29.526234402630838, -23.701323508900956, 0.04072992131114006, 0.3808425962924957, 1.7326854467391968, 37.29358673095703, 0.36267398218199315, -0.5239404461628505, -0.7357067397884197, -0.5841878387184984, -0.8673302191328348, -0.999253130136351]",[1],J1033.2+4116,fsrq,J1033.1+4115,fsrq,fsrq,J1033.1+4115,fsrq,J1033.1+4115,fsrq
808,J1033.9+6050,"[2.215148687362671, 2.137136220932007, 1.9575090408325195, 833.1990356445312, -30.11807136487091, -29.908305975940003, -27.25927793106467, -29.93454199184089, -23.005478739763156, 0.09680198132991791, 0.60915607213974, 8.20259952545166, 87.8867416381836, -0.2661062213409687, -0.4307715529934219, -0.592871884257601, -0.6048790212942614, -0.7029652789233293, -0.860804115338208]",[1],J1033.8+6051,FSRQ,J1033.9+6050,FSRQ,FSRQ,J1033.9+6050,FSRQ,J1033.9+6050,FSRQ
809,J1035.3+5541,"[2.6476142406463623, 2.6474270820617676, 2.5983762741088867, 4.110311985015869, -30.212800358234748, -30.087880456511165, -28.64260032746604, -30.127666124230696, -24.426324061247968, -0.0025349075440317392, 0.0, 0.04402901604771614, 7.819108486175537, 0.9469879134408388, -0.7154101435394219, -0.7657684493274817, -0.5316772626181181, -0.9999634167568504, 0.9983638664794373]",[1],J1035.2+5545,bcu,J1035.3+5541,bcu,bcu,J1035.3+5541,bcu,J1035.3+5541,bcu
810,J1036.5-8318,"[2.1558785438537598, 1.9372872114181519, 0.6039382219314575, 1.835917592048645, -31.788146089539126, -31.287493554838523, -28.53867564753453, -31.246413489693328, -23.535996574953224, 0.5254579782485962, 0.0, 6.889394760131836, 17.087026596069336, -0.9530294889812541, 0.9997360124690192, -0.13225182439008631, -0.6941651403875626, -0.8993550052415488, -0.9999612135329813]",[0],J1036.0-8317,psr,J1036.5-8318,PSR,PSR,J1036.5-8318,MSP,J1036.5-8318,MSP
811,J1037.4-2933,"[2.413907051086426, 2.3986058235168457, 2.272468090057373, 53.876609802246094, -30.823440759468173, -30.661582510138494, -28.117207422379114, -30.651850307158025, -23.77814602059592, 0.03922313451766968, 0.6304624676704407, 0.8814185261726379, 15.410691261291504, 0.9448641285476927, -0.6690767064271799, -0.6948763382889825, -0.5228629025578277, -0.7695253924521089, -0.8436242270754911]",[1],J1037.0-2934,fsrq,J1037.4-2933,fsrq,fsrq,J1037.4-2933,fsrq,J1037.4-2933,fsrq
812,J1037.7-2822,"[2.4172489643096924, 2.4039154052734375, 2.1940762996673584, 374.7763671875, -29.829023867584596, -29.582925442568033, -27.68929845667157, -29.60174962914576, -23.31722678393577, 0.09456785768270493, 0.8203029632568359, 4.1084089279174805, 33.970096588134766, -0.487523004830829, -0.5482690581170377, -0.7009490622329397, -0.7047975320117794, -0.8272330460313875, -0.5188647465197738]",[1],J1037.5-2821,fsrq,J1037.7-2822,fsrq,fsrq,J1037.7-2822,fsrq,J1037.7-2822,fsrq
813,J1037.7+5711,"[1.8819085359573364, 1.757825493812561, 1.6666529178619385, 153.19107055664062, -30.96361357867063, -30.760807492650756, -27.45175384852785, -30.837217972924144, -23.1401002311112, 0.07199357450008392, 0.2819957137107849, 5.826024055480957, 91.85999298095703, 0.9678184601676725, -0.30988635893841904, -0.44480477795834295, -0.39751356783779507, -0.4606332917273371, -0.6793924429286612]",[1],J1037.5+5711,bll,J1037.7+5711,bll,bll,J1037.7+5711,bll,J1037.7+5711,bll
814,J1038.8-5312,"[2.7373201847076416, 2.593346118927002, 2.250671625137329, 723.9797973632812, -28.320678927614868, -28.067163455454374, -27.238238793175768, -28.112915308109088, -23.325547099771114, 0.14299161732196808, 1.609641432762146, 2.9682369232177734, 20.03421974182129, -0.39601678805878304, -0.4382296467891219, -0.7783144945076325, -0.8562376039029214, -0.9997060725451037, -0.5046766587298046]",[1],J1038.9-5311,bcu,J1038.8-5312,fsrq,fsrq,J1038.8-5312,fsrq,J1038.8-5312,fsrq
815,J1040.5+0617,"[2.3679332733154297, 2.3591971397399902, 2.2918097972869873, 141.6864013671875, -29.80248858676299, -29.622783873752294, -27.911375241346573, -29.682617119287823, -23.359589084243208, 0.022144291549921036, 0.4421067237854004, 1.1568320989608765, 34.91225814819336, 0.987553236602801, -0.5766568345542712, -0.6687844960451944, -0.6242465737733486, -0.6367343814307487, -0.9519943153202527]",[1],J1040.4+0615,bcu,J1040.5+0617,bll,bll,J1040.5+0617,bll,J1040.5+0617,bll
816,J1041.0+1342,"[1.8340322971343994, 1.5884356498718262, 1.3160558938980103, 7.085606575012207, -34.061950327897826, -33.535336035023704, -28.56876842094197, -33.640627614107345, -24.12304444511072, 0.22810691595077515, 0.0, 1.9165897369384766, 8.778879165649414, -0.9159664830795802, -0.35817762965428945, -0.6277175393722374, 0.16529553043149592, -0.7271473532175652, -0.4279835271282262]",[1],J1040.8+1342,bcu,J1041.0+1342,bll,bll,J1041.0+1342,bll,J1041.0+1342,bll
817,J1041.1-1201,"[2.168896198272705, 2.193026542663574, 2.1406912803649902, 11.432680130004883, -32.34586531339397, -32.225820173908154, -28.553007239854182, -32.28350979277512, -24.078742786199324, -0.021444890648126602, 0.23126551508903503, 0.30595728754997253, 6.975561141967773, 0.9998714007367215, -0.7090984338278858, -0.6241195929288048, -0.4765173960159173, -0.6620460843973265, -0.1590211184251392]",[1],J1040.9-1205,bcu,J1041.1-1201,bcu,bcu,J1041.1-1201,bcu,J1041.1-1201,bcu
818,J1041.7+3902,"[1.8545161485671997, 1.6692556142807007, 1.2521064281463623, 15.65477466583252, -33.96914513439819, -33.52291390031966, -28.76436881816348, -33.597862808096195, -24.3357712284985, 0.22097450494766235, 0.5410252213478088, 2.0949862003326416, 7.38474178314209, 0.9121433676237115, -0.5386168816345268, -0.4521171568413735, -0.13328442795094855, -0.68143740466253, -0.35462198447003573]",[1],J1041.8+3901,bll,J1041.7+3902,bll,bll,J1041.7+3902,bll,J1041.7+3902,bll
819,J1041.9-0557,"[1.9892990589141846, 2.059370517730713, 2.0644209384918213, 6.430288791656494, -33.307358554124235, -33.29901401621551, -28.456520281284796, -33.297304821945296, -23.941668111707852, -0.06589014083147049, 0.0, 1.7539870738983154, 11.409280776977539, 0.9998769890200302, -0.7593208423945503, -0.6192851397759455, -0.5138558945009796, -0.4439518817761312, -0.11620570711944474]",[1],J1042.0-0557,bcu,J1041.9-0557,bll,bll,J1041.9-0557,bll,J1041.9-0557,bll
820,J1042.1-4128,"[1.8677711486816406, 1.7000049352645874, 1.1024976968765259, 6.534793376922607, -33.8476153564773, -33.344022536700585, -28.45732246191192, -33.34063846492586, -23.985804452347647, 0.24551627039909363, 0.0, 2.8768470287323, 11.106605529785156, -0.33603612261100796, 0.9538697232915918, -0.3383873059028143, -0.13095600026192283, -0.53182029766901, -0.7602794005975974]",[1],J1042.1-4126,bcu,J1042.1-4128,bcu,bll,J1042.1-4128,bll,J1042.1-4128,bll
821,J1043.2+2408,"[2.3227484226226807, 2.2964322566986084, 2.224510908126831, 46.256103515625, -30.4307753576554, -30.207485273784783, -28.272921215861178, -30.301386415380776, -23.710013713792904, 0.050810687243938446, 0.35954198241233826, 1.6335030794143677, 25.17591094970703, -0.4751015591901784, -0.5080804107127617, -0.6669885919920023, -0.6490272327697104, -0.6986968796287665, -0.686446036623463]",[1],J1043.1+2407,fsrq,J1043.2+2408,fsrq,fsrq,J1043.2+2408,fsrq,J1043.2+2408,fsrq
822,J1044.4-5737,"[2.4382314682006836, 2.3508708477020264, 1.4916061162948608, 14.316000938415527, -29.582441879458063, -29.16073526442104, -26.417927487867857, -29.208309664822348, -22.09303998640627, 0.3185224235057831, 0.04228493571281433, 20.259864807128906, 81.8552017211914, -0.11015446399426483, -0.4291209142716072, -0.6008008042199726, -0.7203510809587719, -0.9483968908851329, -0.9994606553748495]",[0],J1044.5-5737,PSR,J1044.4-5737,PSR,PSR,J1044.4-5737,PSR,J1044.4-5737,PSR
823,J1044.6+8053,"[2.7845399379730225, 2.821014881134033, 2.1004765033721924, 47.22148132324219, -29.590556315446904, -29.33900442039618, -27.713265816327766, -29.191957511554808, -24.02912173153138, 0.21667809784412384, 0.33814436197280884, 4.892338752746582, 21.665178298950195, -0.06683733833576733, -0.6286813064723084, -0.8388448590129155, -0.9198688808201007, -0.9997047407203574, -0.9888615236823767]",[1],J1044.4+8058,fsrq,J1044.6+8053,fsrq,fsrq,J1044.6+8053,fsrq,J1044.6+8053,fsrq
824,J1045.8-2928,"[2.544245719909668, 2.4986236095428467, 2.314868211746216, 166.50885009765625, -29.888134234663475, -29.642320397584303, -28.246255598094248, -29.701596231304773, -23.903810110064867, 0.08622130006551743, 1.3213293552398682, 1.6280871629714966, 11.743141174316406, 0.9848061677823348, -0.7007716055040958, -0.7512141130786562, -0.5977806662012444, -0.9999967899559902, 0.5012362285785125]",[1],J1045.7-2926,fsrq,J1045.8-2928,fsrq,fsrq,J1045.8-2928,fsrq,J1045.8-2928,fsrq
825,J1046.8-2534,"[1.7382439374923706, 1.6086598634719849, 1.0161726474761963, 9.74771499633789, -34.333007514741176, -33.793042444540774, -28.40736281248704, -33.85545173670769, -24.03633641623749, 0.20729924738407135, 0.13003738224506378, 2.0512208938598633, 9.766132354736328, -0.7895718549931944, -0.8122228805425106, 0.23071053958109286, -0.30466253959297185, -0.19576938620887427, -0.7993240296346067]",[1],J1046.9-2531,bll,J1046.8-2534,bll,bll,J1046.8-2534,bll,J1046.8-2534,bll
826,J1047.7+7238,"[2.2339847087860107, 2.1354167461395264, 1.9630826711654663, 66.75074768066406, -32.33134469188161, -32.04725155180517, -28.283323217061035, -32.14441840702973, -23.916749347723268, 0.11352714151144028, 0.6840444803237915, 1.7700401544570923, 16.479860305786133, 0.051098436523451314, 0.9803913348236369, -0.5534333191455553, -0.5925984257554122, -0.69521009688508, -0.6248402696632245]",[1],J1047.6+7240,bll,J1047.7+7238,bll,bll,J1047.7+7238,bll,J1047.7+7238,bll
827,J1047.8-6216,"[2.545006036758423, 2.524754524230957, 2.3754637241363525, 64.49678802490234, -30.143167512125043, -29.93628718658435, -27.14382314435144, -29.968159691915666, -23.103242886478355, 0.07076261192560196, 0.4979127049446106, 2.1635541915893555, 17.497478485107422, -0.22059987738480874, -0.5616924248529486, -0.7284937855511721, -0.7150657422607447, -0.6863064846586628, -0.9999994187052688]",[1],J1047.8-6216,bcu,J1047.8-6216,bcu,bcu,J1047.8-6216,bcu,J1047.8-6216,bcu
828,J1048.2-5832,"[2.3463611602783203, 2.2271206378936768, 1.5054861307144165, 8.998641014099121, -29.442874667524805, -29.058778842223425, -26.24758532811452, -29.061211744317763, -21.779475443651524, 0.2914145886898041, 0.0033276239410042763, 28.517961502075195, 124.58010864257812, 0.9758310704113239, -0.23404985925314079, -0.5630138859677781, -0.6689693581488215, -0.8977597621202694, -0.9395321595343842]",[0],J1048.2-5832,PSR,J1048.2-5832,PSR,PSR,J1048.2-5832,PSR,J1048.2-5832,PSR
829,J1048.4+7143,"[2.288635492324829, 2.203238010406494, 2.0667288303375244, 7636.94921875, -28.876528766925894, -28.64471920589758, -27.20682456587046, -28.724118750422175, -22.766755119990126, 0.08500305563211441, 1.0380314588546753, 11.095187187194824, 155.43353271484375, -0.30081160528931017, -0.5031020525449837, -0.645506080558705, -0.6337918016520868, -0.7783645420007969, -0.7907153868219996]",[1],J1048.4+7144,FSRQ,J1048.4+7143,FSRQ,FSRQ,J1048.4+7143,FSRQ,J1048.4+7143,FSRQ
830,J1048.6+2340,"[2.2824013233184814, 2.150902509689331, 1.5994232892990112, 10.754512786865234, -30.59805699952325, -30.266537487679283, -28.34569677688015, -30.306857747597988, -23.66256923867422, 0.1981900930404663, 0.10545036941766739, 3.6842424869537354, 18.95395851135254, 0.5951975958661225, -0.49261755425280546, -0.6083307656573449, -0.591844131069955, -0.9998799175237079, 0.9930037359856754]",[0],J1048.6+2338,bll,J1048.6+2340,PSR,PSR,J1048.6+2340,MSP,J1048.6+2340,MSP
831,J1049.8+1429,"[2.592465400695801, 2.552631139755249, 2.3159024715423584, 85.396728515625, -29.13401712882522, -28.890953221789832, -28.19822119769603, -28.9390843971646, -23.761268929356746, 0.07125754654407501, 0.4736224412918091, 2.036928653717041, 23.242238998413086, -0.0034797097771772593, -0.6459131036957576, -0.708964025197664, -0.8003848482260101, -0.9999999855592909, 0.999759041004015]",[1],J1049.8+1425,bcu,J1049.8+1429,bcu,bcu,J1049.8+1429,bcu,J1049.8+1429,bcu
832,J1051.2-6517,"[2.3707432746887207, 2.357346534729004, 2.3310909271240234, 3.50225567817688, -31.18436441538661, -30.978737755271602, -27.717007288509418, -30.933144130093613, -23.456825722180195, 0.05197647586464882, 0.0, 1.25428307056427, 13.71934986114502, -0.2890125666728756, -0.3463689339739617, -0.7442305093678713, -0.6787334907360758, -0.551486256538465, -0.7681823444322676]",[1],J1051.5-6517,bcu,J1051.2-6517,bcu,bcu,J1051.2-6517,bcu,J1051.2-6517,bcu
833,J1051.4+3942,"[1.7275224924087524, 1.599052906036377, 1.3355305194854736, 18.312374114990234, -34.36533964695733, -34.01406206967256, -28.57137168707506, -34.12425335540727, -24.250909068727044, 0.11177780479192734, 0.45035651326179504, 1.6486849784851074, 10.427289009094238, 0.9989646835455477, -0.754103166522348, 0.17629889397727033, -0.6417494680678845, 0.0697353217483259, -0.4083858061840246]",[1],J1051.4+3941,bll,J1051.4+3942,bll,bll,J1051.4+3942,bll,J1051.4+3942,bll
834,J1051.9+0103,"[1.9277033805847168, 1.739431619644165, 1.5086091756820679, 15.789419174194336, -33.58125208565903, -33.11857745387872, -28.479325011430056, -33.32246357372392, -23.982568944088726, 0.20349468290805817, 0.3525056838989258, 2.0537240505218506, 9.786108016967773, -0.9489927746168321, -0.1446087755901255, -0.31694040449330096, -0.08788082169312887, -0.8862999077875962, 0.1310234756556095]",[1],J1051.8+0105,bll,J1051.9+0103,bll,bll,J1051.9+0103,bll,J1051.9+0103,bll
835,J1052.9-3743,"[1.9971071481704712, 1.9553266763687134, 1.7345407009124756, 10.987473487854004, -33.09397961393133, -32.87574959227418, -28.487546184859692, -32.89713687136596, -23.990067989978748, 0.06363317370414734, 0.19959130883216858, 1.2121785879135132, 10.325844764709473, 0.9289657510526302, -0.13181917440825128, -0.6405892360806262, -0.4612528505254749, -0.2538519206022801, -0.8493718535867233]",[1],J1052.8-3741,bcu,J1052.9-3743,bll,bll,J1052.9-3743,bll,J1052.9-3743,bll
836,J1053.7+4930,"[1.918363332748413, 1.8865940570831299, 1.8273168802261353, 18.136642456054688, -32.82835703726641, -32.62404202103595, -28.428559021969818, -32.73094448523033, -24.02683940026528, 0.02935955673456192, 0.2379634976387024, 0.9019407629966736, 19.941104888916016, 0.9882426771191498, 0.20345701066901498, -0.5747705061130587, -0.45410095581035453, -0.6296406905584276, 0.10251834041913423]",[1],J1053.7+4929,bll,J1053.7+4930,bll,bll,J1053.7+4930,bll,J1053.7+4930,bll
837,J1054.5+2211,"[2.135002851486206, 2.0920331478118896, 2.0134775638580322, 35.755008697509766, -31.21908983904735, -31.015415450730625, -28.091826570632435, -31.09971236693981, -23.54787645937186, 0.04555974155664444, 0.2516056001186371, 1.7962069511413574, 35.49567413330078, 0.9711890839150441, -0.5609656230584139, -0.5693626894133599, -0.5402342259540811, -0.6315025862045364, -0.6525860481668809]",[1],J1054.5+2210,bll,J1054.5+2211,bll,bll,J1054.5+2211,bll,J1054.5+2211,bll
838,J1055.7-6028,"[2.4235105514526367, 2.5206851959228516, 1.3230230808258057, 10.640192985534668, -31.40315451630367, -31.13244599393581, -27.049194488124048, -31.08261177406063, -22.29163962840657, 0.324268102645874, 0.07520335167646408, 6.367208003997803, 17.050203323364258, 0.7810301586023416, -0.6113062343058614, -0.3413561497144153, -0.6799163229587016, -0.8932030734174369, -0.6368805782889083]",[0],J1055.8-6025,PSR,J1055.7-6028,PSR,PSR,J1055.7-6028,PSR,J1055.7-6028,PSR
839,J1056.8+7012,"[2.682143449783325, 2.6687042713165283, 2.346550941467285, 233.7757568359375, -30.131926102663712, -29.977228915061964, -26.653220750008373, -29.898954065240307, -23.698335918589624, 0.11393047124147415, 0.951863169670105, 3.225003480911255, 23.053281784057617, 0.38422694361344256, -0.5615399611325824, -0.7528929956476667, -0.76933363743157, -0.8771216833290122, -0.9997129346802553]",[1],J1058.1+7010,fsrq,J1056.8+7012,fsrq,fsrq,J1056.8+7012,fsrq,J1056.8+7012,fsrq
840,J1057.3-2341,"[2.5055899620056152, 2.3863892555236816, 2.0107662677764893, 22.370359420776367, -29.697099459218002, -29.359750072713638, -28.31575159718539, -29.406912730598826, -23.863970520155117, 0.16060179471969604, 0.3513374328613281, 2.5557761192321777, 13.46334457397461, -0.37942717676866716, -0.41676423307437416, -0.6557030936351934, -0.8042817711199939, -0.7889575858552736, -0.9999807679771578]",[1],J1057.3-2341,fsrq,J1057.3-2341,fsrq,fsrq,J1057.3-2341,fsrq,J1057.3-2341,fsrq
841,J1057.8-2754,"[1.912336826324463, 1.8448092937469482, 1.718932032585144, 18.00757598876953, -32.92404115089502, -32.665317561124205, -28.260802875955736, -32.77005815412729, -23.832719376080323, 0.05898931622505188, 0.3237439692020416, 1.3835207223892212, 16.73194694519043, 0.27735294201992966, -0.47251161466455194, -0.49536089779521725, -0.2962213481879704, -0.7174312360750107, -0.05293846191440227]",[1],J1057.6-2754,bll,J1057.8-2754,bll,bll,J1057.8-2754,bll,J1057.8-2754,bll
842,J1057.9-5227,"[2.180283784866333, 1.994504690170288, 0.9135167598724365, 14.82321548461914, -28.850776074478212, -28.12859905180999, -26.769215663860273, -28.16319566240131, -21.606528038566854, 0.5413138270378113, 0.014029335230588913, 81.20568084716797, 269.5443115234375, 0.21613498286662605, -0.09447334834763008, -0.45117457163380564, -0.799134620018121, -0.9888321020215846, -0.9999590936444084]",[0],J1057.9-5227,PSR,J1057.9-5227,PSR,PSR,J1057.9-5227,PSR,J1057.9-5227,PSR
843,J1058.4+0133,"[2.2327334880828857, 2.190237283706665, 2.112337112426758, 380.5049743652344, -29.182693478733725, -28.986462911313875, -27.1884070406343, -29.062664779227276, -22.739466912461527, 0.04784887656569481, 0.3625602424144745, 5.038800239562988, 94.76046752929688, -0.032547047968741735, -0.5315512093974163, -0.6428062641381148, -0.5951784034931437, -0.6683541596476397, -0.723483257984859]",[1],J1058.5+0133,BLL,J1058.4+0133,BLL,BLL,J1058.4+0133,BLL,J1058.4+0133,BLL
844,J1058.5+8115,"[2.5100619792938232, 2.3709402084350586, 2.148606777191162, 96.1878662109375, -31.19478597582061, -30.914012752577115, -28.082362698000562, -30.948170804533117, -24.044153369840824, 0.1330152302980423, 0.7281755208969116, 1.5198440551757812, 17.77688217163086, -0.47559593619836915, -0.6877696286141385, -0.7031690578801745, -0.6341167612884846, -0.7781317962681447, -0.9985139305920824]",[1],J1058.4+8112,fsrq,J1058.5+8115,fsrq,fsrq,J1058.5+8115,fsrq,J1058.5+8115,fsrq
845,J1058.6-8003,"[2.258077383041382, 2.1201252937316895, 1.8660380840301514, 485.4158020019531, -30.076547684242005, -29.779286938376927, -27.793365151018325, -29.86761958684418, -23.243258968692146, 0.14667214453220367, 0.8058381080627441, 6.513857364654541, 39.620277404785156, 0.554688305606265, -0.26385070424341817, -0.5886934018894966, -0.6414895078498631, -0.7965036998454473, -0.9043133398415332]",[1],J1058.5-8003,bll,J1058.6-8003,bll,bll,J1058.6-8003,bll,J1058.6-8003,bll
846,J1058.6+5627,"[1.9399250745773315, 1.8578076362609863, 1.8044302463531494, 174.72909545898438, -30.518314076666766, -30.372245438603997, -27.546620853925557, -30.44587046889599, -23.21189443340398, 0.045812081545591354, 0.31874173879623413, 3.4110193252563477, 87.2091293334961, -0.2589565143199892, -0.44450113903812677, -0.46631519423329415, -0.4612661954012084, -0.5663227554197919, -0.4122500363489152]",[1],J1058.6+5627,BLL,J1058.6+5627,BLL,BLL,J1058.6+5627,BLL,J1058.6+5627,BLL
847,J1059.2-1134,"[2.156036615371704, 2.0883548259735107, 2.023465871810913, 119.61415100097656, -29.247672925198938, -29.094857389537058, -27.534260167433995, -29.17224152138192, -23.03099034744852, 0.04524952545762062, 0.2638140618801117, 3.3284060955047607, 68.44090270996094, -0.16891030552420871, -0.5166487758183501, -0.5747507393100727, -0.5353720611277298, -0.6777880879240312, -0.6630140324854891]",[1],J1059.2-1133,bll,J1059.2-1134,bll,bll,J1059.2-1134,bll,J1059.2-1134,bll
848,J1059.5+2057,"[2.414874792098999, 2.3972692489624023, 2.144751787185669, 24.569679260253906, -31.026788960579236, -30.776451022393452, -28.43647507077715, -30.757842028794865, -24.07347140614801, 0.05939175933599472, 0.5899995565414429, 0.6390904188156128, 8.665971755981445, -0.4970610601071138, -0.6648160947659265, -0.6596322103903264, -0.6298193169740697, -0.9799906511012402, 0.7018374644340211]",[1],J1059.9+2056,fsrq,J1059.5+2057,fsrq,fsrq,J1059.5+2057,fsrq,J1059.5+2057,fsrq
849,J1100.3+4020,"[1.854982614517212, 1.7200815677642822, 1.4317721128463745, 11.145197868347168, -33.46801303486293, -33.13399552181258, -28.41035405346418, -33.22098564807081, -24.0090930254071, 0.11298983544111252, 0.19284357130527496, 2.121253728866577, 16.888498306274414, 0.9827910652011174, -0.5912819123399576, -0.5076589171367687, -0.3326981402023938, -0.3960135437782468, -0.6606319171320211]",[1],J1100.5+4020,bll,J1100.3+4020,bll,bll,J1100.3+4020,bll,J1100.3+4020,bll
850,J1101.4+4108,"[1.790998935699463, 1.6252782344818115, 1.3356724977493286, 14.750332832336426, -33.874819548468864, -33.486306868172896, -28.4932170579351, -33.56691645211394, -24.14007785207266, 0.1389344334602356, 0.3310084640979767, 2.2132153511047363, 14.368308067321777, -0.9999999692300893, 0.9999993791531483, -0.3370929874240671, -0.35012953265442337, -0.5555960795306703, -0.2248998280290921]",[1],J1101.5+4106,bll,J1101.4+4108,bll,bll,J1101.4+4108,bll,J1101.4+4108,bll
851,J1102.0-6054,"[2.5412814617156982, 2.8476696014404297, 1.6120911836624146, 4.587238788604736, -30.326489873634074, -30.051498543820777, -26.13036799646908, -29.771449953819353, -22.143739184672175, 0.2675992548465729, 0.0, 7.040777683258057, 18.763484954833984, 0.7846734290632054, -0.1691814509351078, -0.70268568665535, -0.8306145716099935, -0.8234901157258625, -0.3368576405525215]",[1],J1101.9-6053,spp,J1102.0-6054,spp,bcu,J1102.0-6054,bcu,J1102.0-6054,bcu
852,J1103.0+1157,"[2.4128153324127197, 2.2975003719329834, 2.1675312519073486, 505.79693603515625, -28.652486841534806, -28.42917829478469, -28.033043125459173, -28.511587018396316, -23.472088272922992, 0.09764629602432251, 0.8818760514259338, 3.638305902481079, 38.033447265625, -0.37629555424309974, -0.5545250619060017, -0.7017205767238183, -0.699989331588447, -0.8476598130972514, -0.45456552545611595]",[1],J1103.1+1155,fsrq,J1103.0+1157,fsrq,fsrq,J1103.0+1157,fsrq,J1103.0+1157,fsrq
853,J1103.6-2329,"[1.7667133808135986, 1.7692556381225586, 1.6972064971923828, 12.723937034606934, -33.7444751816874, -33.57067744229458, -28.13029874777406, -33.647504343900124, -23.77524780236764, -0.002095326781272888, 0.2369513213634491, 0.054443858563899994, 16.609241485595703, 0.9323401707298492, -0.5589575595288727, -0.6186614594025031, -0.1870059560243559, -0.5571193555573165, 0.0023276907950544917]",[1],J1103.5-2329,bll,J1103.6-2329,bll,bll,J1103.6-2329,bll,J1103.6-2329,bll
854,J1103.9-5357,"[2.163074493408203, 2.022372245788574, 1.8651264905929565, 544.0173950195312, -30.279968252030276, -30.050756838640787, -27.330722450025227, -30.132212196639188, -22.88290023263197, 0.10787105560302734, 0.7490425705909729, 5.854778289794922, 56.196685791015625, -0.3927251999901738, -0.3355163699623125, -0.5443003586036693, -0.5446377321134859, -0.7066479259039872, -0.8177225090208067]",[1],J1103.9-5357,bll,J1103.9-5357,bll,bll,J1103.9-5357,bll,J1103.9-5357,bll
855,J1104.4+0730,"[2.34222674369812, 2.3513407707214355, 2.3100125789642334, 37.26580047607422, -30.688659181847342, -30.564056484419876, -28.323826835104537, -30.62863973171991, -23.806231145898558, -0.013111523352563381, 0.4289567172527313, 0.3778407871723175, 16.825471878051758, 0.0008146603447676438, -0.6978389126900425, -0.6982396532864181, -0.5150087136376088, -0.6088667336695479, -0.7556034123770522]",[1],J1104.3+0730,bll,J1104.4+0730,bll,bll,J1104.4+0730,bll,J1104.4+0730,bll
856,J1104.4+3812,"[1.7818524837493896, 1.735507607460022, 1.7229634523391724, 1349.18017578125, -29.56180747956511, -29.45007356109112, -26.116501286564716, -29.517067740521767, -21.903484479473626, 0.020352404564619064, 0.279041051864624, 2.965895891189575, 325.52264404296875, -0.16914974474274264, -0.3303775848459538, -0.4460357306323696, -0.355235821333539, -0.46948930933651434, -0.301292271881445]",[1],J1104.4+3812,BLL,J1104.4+3812,BLL,BLL,J1104.4+3812,BLL,J1104.4+3812,BLL
857,J1105.4-6108,"[2.4779469966888428, 2.6746721267700195, 1.467658281326294, 5.407041072845459, -31.114470665509568, -30.863999849526977, -26.88532120516199, -30.80880829919641, -22.322426107153447, 0.3245576322078705, 0.0, 6.3371381759643555, 14.52212905883789, 0.8579859057070329, -0.30546927227218024, -0.6223875833022183, -0.7446820751775208, -0.8594037209073129, -0.9999993907324723]",[0],J1105.2-6113,PSR,J1105.4-6108,PSR,PSR,J1105.4-6108,PSR,J1105.4-6108,PSR
858,J1106.0+2813,"[2.3749430179595947, 2.335162401199341, 2.1871731281280518, 127.71207427978516, -30.166314158018736, -29.914668803975914, -28.307681322416, -29.98533260004169, -23.73649141459923, 0.07241414487361908, 0.5939489603042603, 2.330286979675293, 27.845012664794922, 0.6349300593432419, -0.5627488689556753, -0.6779176314605241, -0.6839158134780926, -0.7767972860274212, -0.7168952528983182]",[1],J1105.9+2814,fsrq,J1106.0+2813,fsrq,fsrq,J1106.0+2813,fsrq,J1106.0+2813,fsrq
859,J1106.5-3646,"[2.1036794185638428, 2.0642359256744385, 1.8782508373260498, 28.985719680786133, -31.854146390825676, -31.59486863727527, -28.268198221475725, -31.646204358361434, -23.756939489116785, 0.07452285289764404, 0.346902996301651, 2.002117156982422, 17.691862106323242, 0.9998930507727738, -0.4750512181946553, -0.6553335512421964, -0.29482353740977846, -0.8216343392859512, -0.3230025046401841]",[1],J1106.4-3643,bcu,J1106.5-3646,bll,bll,J1106.5-3646,bll,J1106.5-3646,bll
860,J1107.0-4449,"[2.702800750732422, 2.553002119064331, 1.9151606559753418, 123.5809326171875, -28.249428399449105, -27.84287515769633, -27.88935548026078, -27.893686778380484, -23.56542431481055, 0.2723958194255829, 0.5356217622756958, 5.662227630615234, 23.04728889465332, -0.22113158089775373, -0.6120492537781828, -0.8077584300158316, -0.8479082707035085, -0.8674787521500322, -0.9999558146838812]",[1],J1107.4-4447,fsrq,J1107.0-4449,fsrq,fsrq,J1107.0-4449,fsrq,J1107.0-4449,fsrq
861,J1107.6+0222,"[2.0769078731536865, 2.094066619873047, 1.973042607307434, 5.887176036834717, -32.182190962537256, -32.05943371632887, -28.247936124831167, -32.08138856430139, -23.745116156940735, -0.013784129172563553, 0.0, 0.3821702301502228, 17.15902328491211, 0.9869384465143681, -0.5669044823798561, -0.6319811110053057, -0.41816201122292246, -0.4102194450208378, -0.7247179822661222]",[1],J1107.5+0223,bll,J1107.6+0222,bll,bll,J1107.6+0222,bll,J1107.6+0222,bll
862,J1107.8+1501,"[1.951972484588623, 1.8605540990829468, 1.6492427587509155, 8.573959350585938, -32.441763949916336, -32.14767400063594, -28.237583214219356, -32.226401951246736, -23.812044584443044, 0.08239366859197617, 0.0, 2.0324578285217285, 21.668954849243164, 0.9929415995651858, -0.5312465764021068, -0.4604277523779993, -0.3315309510748981, -0.5449371764862609, -0.6739019006280875]",[1],J1107.8+1502,bll,J1107.8+1501,bll,bll,J1107.8+1501,bll,J1107.8+1501,bll
863,J1109.3+2411,"[1.8977460861206055, 1.841626763343811, 1.692803144454956, 9.922004699707031, -33.119657619621435, -32.8891451201842, -28.4049159699299, -32.966959195015995, -23.99478148679877, 0.0419156588613987, 0.09528490155935287, 0.8607997298240662, 14.97671127319336, 0.8676947097475441, -0.43594541113436663, -0.525916414027345, -0.35690863666590905, -0.5620158724961063, -0.2227364051281795]",[1],J1109.4+2411,bll,J1109.3+2411,bll,bll,J1109.3+2411,bll,J1109.3+2411,bll
864,J1109.6+3735,"[1.8547887802124023, 1.5734484195709229, 1.33524751663208, 25.39823341369629, -34.05288540723532, -33.66303872184195, -28.523392301723305, -33.79618741160296, -24.027946789442368, 0.19008511304855347, 0.4831411838531494, 1.5136604309082031, 10.280989646911621, -0.5823175699496653, -0.9036500741190263, -0.2704598990356653, -0.31007691837618123, -0.4929364034759687, -0.5121508185565687]",[1],J1109.6+3734,bll,J1109.6+3735,bll,bll,J1109.6+3735,bll,J1109.6+3735,bll
865,J1109.7-4814,"[2.4642207622528076, 2.4358420372009277, 2.15570068359375, 22.555130004882812, -31.34633756556069, -31.076641135580427, -28.124196173730162, -31.12909901854922, -23.96768827218638, 0.13308991491794586, 0.7498309016227722, 1.248256802558899, 4.763519287109375, -0.7447952051118084, -0.5098068445810426, -0.855821062969324, -0.4544471861703784, -0.6712424973179315, -0.9999744095099533]",[1],J1109.4-4815,bcu,J1109.7-4814,bcu,bcu,J1109.7-4814,bcu,J1109.7-4814,bcu
866,J1110.2+7135,"[1.9140839576721191, 1.7956171035766602, 1.6496825218200684, 13.635828018188477, -33.39450758625853, -33.03769978908037, -28.679599106766716, -33.177801757547805, -24.244066763273075, 0.1310110241174698, 0.23201626539230347, 2.453071355819702, 16.259981155395508, -0.9500400457323548, 0.987900196836811, -0.19307780156945037, -0.4066338005133043, -0.7239121818988141, -0.12203834695156585]",[1],J1110.0+7134,bll,J1110.2+7135,bll,bll,J1110.2+7135,bll,J1110.2+7135,bll
867,J1110.5-1836,"[1.9473258256912231, 1.7771328687667847, 1.4618866443634033, 35.70399856567383, -32.97317892635253, -32.61283635708797, -28.191136375438003, -32.671899513939586, -23.711233237929218, 0.1728845238685608, 0.5839101672172546, 2.6226847171783447, 15.61333179473877, 0.8409826017525971, 0.6438540668028621, -0.5220285532093135, -0.41380683476427843, -0.470637409972436, -0.7274708085475347]",[1],J1110.4-1835,bll,J1110.5-1836,bll,bll,J1110.5-1836,bll,J1110.5-1836,bll
868,J1111.8-6039,"[2.205054521560669, 2.1942358016967773, 1.2063182592391968, 9.581319808959961, -31.489991508936864, -31.123785852544106, -26.509515422316483, -31.061385838462744, -21.839627902441304, 0.334471195936203, 0.012114732526242733, 13.435700416564941, 46.17438888549805, 0.6647214937341059, -0.3875081500725907, -0.3787938614010748, -0.4916828012674237, -0.8098892459227784, -0.923713450770744]",[0],J1111.9-6038,spp,J1111.8-6039,PSR,PSR,J1111.8-6039,PSR,J1111.8-6039,PSR
869,J1112.4+1751,"[2.3043644428253174, 2.3460874557495117, 2.4071125984191895, 6.655149936676025, -32.08466443575288, -32.111183056024935, -28.628782215357877, -32.10522779327653, -24.278491516505753, -0.08135391771793365, 0.0, 1.7121121883392334, 7.012353420257568, -0.03550669600496081, -0.7120405155570627, -0.6870185126244545, -0.4437958047798204, -0.9074086421241779, 0.7195571683689854]",[1],J1112.6+1749,bll,J1112.4+1751,bll,bll,J1112.4+1751,bll,J1112.4+1751,bll
870,J1112.5+3448,"[2.5179171562194824, 2.3694493770599365, 2.1100504398345947, 196.49949645996094, -28.434890364398242, -28.296536513655987, -28.129895224570845, -28.360296244237627, -23.613591425034738, 0.14536570012569427, 0.6777315139770508, 4.036078453063965, 16.869247436523438, -0.308389359057944, -0.5245904037495759, -0.7353562138688788, -0.8003545160386689, -0.7907021110401472, -0.9970559626104997]",[1],J1112.4+3449,fsrq,J1112.5+3448,fsrq,fsrq,J1112.5+3448,fsrq,J1112.5+3448,fsrq
871,J1117.0+2013,"[1.9566267728805542, 1.955204725265503, 1.9275918006896973, 137.4530792236328, -31.777560193313068, -31.621813966510484, -27.934245108730234, -31.719770361427287, -23.537153518003127, 0.001042245072312653, 0.5547966361045837, 0.0669398084282875, 38.690528869628906, 0.24679578157752646, -0.6215138045198323, -0.5339686903496333, -0.3421971431429335, -0.6502378182407981, -0.25283200662815114]",[1],J1117.0+2014,bll,J1117.0+2013,bll,bll,J1117.0+2013,bll,J1117.0+2013,bll
872,J1117.6+2550,"[2.23459529876709, 2.2251365184783936, 2.2307047843933105, 11.230432510375977, -31.647103555228167, -31.475582078397178, -28.60320347816085, -31.605470629913153, -24.095137729991407, 0.015096178278326988, 0.22833152115345, 0.3128056824207306, 11.308286666870117, 0.9539729183704879, -0.5862837626840312, -0.6219205428052714, -0.5960336615761848, -0.7142952445199394, -0.40071672273658643]",[1],J1117.3+2546,bll,J1117.6+2550,bll,bll,J1117.6+2550,bll,J1117.6+2550,bll
873,J1118.0+5356,"[1.9012973308563232, 1.7836501598358154, 1.6896724700927734, 13.015257835388184, -31.78194915342773, -31.580466085308014, -28.119460812506194, -31.665708502562243, -23.752563482431643, 0.07127843797206879, 0.11399393528699875, 3.0468387603759766, 34.157562255859375, 0.9941935296109483, -0.019584435274279367, -0.510686332403156, -0.3657452709131538, -0.56812138423531, -0.41780846192982257]",[1],J1117.9+5355,bll,J1118.0+5356,bll,bll,J1118.0+5356,bll,J1118.0+5356,bll
874,J1118.2-4634,"[2.422135829925537, 2.6663403511047363, 1.1887105703353882, 49.143898010253906, -31.092714732884986, -30.689241839576216, -28.201294064097993, -30.292095320318232, -23.604525290375808, 0.4084565043449402, 0.8289791345596313, 3.399195432662964, 8.99917984008789, 0.9988359068134711, -0.016035971710901188, -0.748323277081098, -0.6996953381685433, -0.7301260863306621, -0.1750396981076392]",[1],J1117.7-4632,fsrq,J1118.2-4634,fsrq,fsrq,J1118.2-4634,fsrq,J1118.2-4634,fsrq
875,J1118.2-0415,"[2.6385624408721924, 2.600234270095825, 2.436391830444336, 244.8079376220703, -29.55244308112568, -29.32758612505611, -28.099528888897552, -29.36785048708503, -23.865747799132407, 0.08600832521915436, 1.384462833404541, 1.5975619554519653, 14.077958106994629, -0.41604300594349897, -0.5945897990314334, -0.7685436242927132, -0.73785514229652, -0.9008054305621406, -0.9867921329894362]",[1],J1118.2-0411,agn,J1118.2-0415,agn,agn,J1118.2-0415,agn,J1118.2-0415,agn
876,J1119.1-6127,"[2.319324016571045, 2.3775830268859863, 1.8485922813415527, 15.22537612915039, -31.227339215922747, -31.00915143557389, -26.75136623394724, -30.97846704627249, -22.297861010254675, 0.16934870183467865, 0.10885195434093475, 6.058433532714844, 32.89836502075195, 0.5908851717991954, 0.3190551992616124, -0.5759373786705321, -0.6528865638327243, -0.7893603179842242, -0.5886157193073255]",[0],J1119.1-6127,PSR,J1119.1-6127,PSR,PSR,J1119.1-6127,PSR,J1119.0-6127e,SPP
877,J1119.1-6127,"[2.319324016571045, 2.3775830268859863, 1.8485922813415527, 15.22537612915039, -31.227339215922747, -31.00915143557389, -26.75136623394724, -30.97846704627249, -22.297861010254675, 0.16934870183467865, 0.10885195434093475, 6.058433532714844, 32.89836502075195, 0.5908851717991954, 0.3190551992616124, -0.5759373786705321, -0.6528865638327243, -0.7893603179842242, -0.5886157193073255]",[0],J1119.1-6127,PSR,J1119.1-6127,PSR,PSR,J1119.1-6127,PSR,J1119.1-6127,PSR
878,J1119.6-3047,"[1.7281162738800049, 1.7562401294708252, 1.5122753381729126, 10.961357116699219, -35.33808340598853, -35.223440620197, -28.70375374940287, -35.19218950933197, -24.166931414486736, -0.024036824703216553, 0.0, 0.2927766442298889, 5.721375942230225, -0.33989880089003827, 0.9956386987961156, -0.8629738346198047, -0.08284341075065446, -0.3744224678828353, 0.1922440807816345]",[1],J1119.7-3046,bll,J1119.6-3047,bll,bll,J1119.6-3047,bll,J1119.6-3047,bll
879,J1120.8+4212,"[1.6235798597335815, 1.5631721019744873, 1.4235866069793701, 8.86268138885498, -33.31734432303023, -33.012826612457864, -27.649141182873525, -33.12158778061782, -23.600607822844943, 0.04565948620438576, 0.0, 2.674588441848755, 47.35637664794922, -0.7366052576226623, -0.24764210995141478, -0.336185869326902, -0.33275925354567054, -0.19752042917421145, -0.2682840254450425]",[1],J1120.8+4212,bll,J1120.8+4212,bll,bll,J1120.8+4212,bll,J1120.8+4212,bll
880,J1121.4-0553,"[2.4230756759643555, 2.308659791946411, 2.035156488418579, 357.2015075683594, -28.945471064019102, -28.682584734055386, -27.811888691577813, -28.747712374978793, -23.27908057772651, 0.13780200481414795, 0.6629895567893982, 6.388014316558838, 44.758628845214844, -0.23429370133714297, -0.5840290693748772, -0.6614811654598712, -0.7110092548747484, -0.9223004539118398, -0.5982132069628632]",[1],J1121.4-0554,fsrq,J1121.4-0553,fsrq,fsrq,J1121.4-0553,fsrq,J1121.4-0553,fsrq
881,J1123.8+7230,"[1.6558064222335815, 1.5478274822235107, 1.1566338539123535, 3.7181384563446045, -35.31144567508247, -34.78279740744393, -29.018090443705585, -34.897001638571595, -24.730592590371273, 0.19922466576099396, 0.0, 2.1187899112701416, 6.492626667022705, -0.9946179244152813, -0.9910061371616143, 0.9999389235843615, -0.36120185082525624, -0.49172220757357565, -0.1888119406252725]",[1],J1123.6+7231,bll,J1123.8+7230,bll,bll,J1123.8+7230,bll,J1123.8+7230,bll
882,J1124.0+2336,"[2.4064009189605713, 2.4076571464538574, 2.3801302909851074, 16.901182174682617, -31.16349090259005, -31.046757579095605, -28.176674082855705, -31.095736225464368, -23.888862031467664, 0.009927195496857166, 0.23618803918361664, 0.3157144784927368, 14.17457103729248, -0.9094939025993596, 0.22516702650078535, -0.7232125164495523, -0.6065712533106866, -0.6262828238358114, -0.7490955588409332]",[1],J1124.1+2337,fsrq,J1124.0+2336,fsrq,fsrq,J1124.0+2336,fsrq,J1124.0+2336,fsrq
883,J1124.0-3653,"[2.1098883152008057, 1.8943065404891968, 1.0312995910644531, 8.114945411682129, -30.911527927413697, -30.470714562561973, -28.098789456007392, -30.482761326330184, -23.16176181817095, 0.340126097202301, 0.0, 10.695817947387695, 38.27020263671875, 0.999916830604058, -0.20354823507744577, -0.41752085090190233, -0.5360135271746219, -0.9100736129966502, -0.9994711970106073]",[0],J1123.9-3653,PSR,J1124.0-3653,PSR,PSR,J1124.0-3653,MSP,J1124.0-3653,MSP
884,J1124.7-5915,"[2.4609527587890625, 2.421424388885498, 1.7261626720428467, 8.561666488647461, -29.63591675993186, -29.22046941786589, -27.10480402362787, -29.319983452930714, -22.557881687941958, 0.24154536426067352, 0.0, 12.236557960510254, 62.19404220581055, -0.18501361450332107, -0.4437392625140385, -0.6252670884993682, -0.7801333787664898, -0.899040060294983, -0.6463400919993367]",[0],J1124.5-5915,PSR,J1124.7-5915,PSR,PSR,J1124.7-5915,PSR,J1124.7-5915,PSR
885,J1124.9+4934,"[1.753330111503601, 1.5191770792007446, 1.255042314529419, 38.03324508666992, -33.0816398415663, -32.72878575700871, -28.210392350164145, -32.82782044289621, -23.909293857339296, 0.1498342603445053, 0.471039354801178, 3.770049571990967, 23.368741989135742, 0.6694849090204137, 0.9957733848932131, -0.2342548568082514, -0.33384339344019803, -0.31852580429692373, -0.6679670115214229]",[1],J1124.9+4932,bll,J1124.9+4934,bll,bll,J1124.9+4934,bll,J1124.9+4934,bll
886,J1125.1-2101,"[1.9669790267944336, 1.791403889656067, 1.5178427696228027, 19.763608932495117, -32.582099677121064, -32.217871294513515, -28.22948037030788, -32.30595507019004, -23.770580460152363, 0.15643632411956787, 0.29575732350349426, 2.7287158966064453, 16.034635543823242, -0.9983482491339383, 0.9763264223948357, -0.2817203578825947, -0.4658875827356207, -0.6460244626423854, -0.45928358344798664]",[1],J1125.0-2101,bcu,J1125.1-2101,bll,bll,J1125.1-2101,bll,J1125.1-2101,bll
887,J1125.5-3557,"[2.0101914405822754, 2.0033910274505615, 1.9745267629623413, 43.497413635253906, -32.57788422747873, -32.43769697321981, -28.228066591889906, -32.51567136275022, -23.73746070087778, 0.008915157988667488, 0.6884709596633911, 0.2932538390159607, 16.473604202270508, 0.999886116734147, -0.5584765663949278, -0.5210197440851987, -0.5692998470577549, -0.39895090904579367, -0.4913421204256735]",[1],J1125.5-3558,bll,J1125.5-3557,bll,bll,J1125.5-3557,bll,J1125.5-3557,bll
888,J1125.6-5825,"[2.1773195266723633, 2.1581971645355225, 0.5003728866577148, 4.390035152435303, -32.525452717272046, -32.07926979559771, -28.331094479076, -32.055039507332715, -23.08545684237184, 0.5487169027328491, 0.0, 6.255544662475586, 16.608671188354492, -0.24670882538727068, 0.18430519400079054, -0.2086600672710206, -0.4106611586240926, -0.9299983183557461, -0.9999604119575771]",[0],J1125.3-5824,PSR,J1125.6-5825,PSR,PSR,J1125.6-5825,MSP,J1125.6-5825,MSP
889,J1125.9-0742,"[2.108107328414917, 2.1047093868255615, 2.0562593936920166, 4.183165550231934, -32.735430856524864, -32.618006572613375, -28.372531174299176, -32.661841107944475, -23.89070325932236, 0.002017160877585411, 0.0, 0.08033429086208344, 9.541022300720215, -0.9936534604603713, 0.9842023694701177, -0.6099997583309341, -0.5857677397629295, -0.3907644083179708, -0.5514790822490694]",[1],J1125.8-0745,bll,J1125.9-0742,bll,bll,J1125.9-0742,bll,J1125.9-0742,bll
890,J1125.9+2005,"[2.2417314052581787, 2.2201614379882812, 2.0897088050842285, 68.90779876708984, -31.347769670147983, -31.12309513492922, -28.426559178984686, -31.187707741814982, -23.913856038650703, 0.05404961481690407, 0.7834811210632324, 1.2321614027023315, 14.701001167297363, 0.9119826600036761, -0.017553421201563335, -0.7173428234309821, -0.5062241060813185, -0.7166760214201456, -0.9999989833882444]",[1],J1125.9+2007,fsrq,J1125.9+2005,fsrq,fsrq,J1125.9+2005,fsrq,J1125.9+2005,fsrq
891,J1126.4-6011,"[2.474501609802246, 2.4741175174713135, 0.34216052293777466, 6.112972259521484, -32.053025570769194, -31.599912172219504, -28.24819886822638, -31.58671881973037, -22.989829057622757, 0.7092844843864441, 0.0, 3.4552464485168457, 6.230391979217529, -0.9999252995375312, 0.9996530008937738, -0.5887330607833619, -0.5434265138572362, -0.9999815250319464, -0.33763232154794415]",[0],J1125.6-6012,psr,J1126.4-6011,PSR,PSR,J1126.4-6011,MSP,J1126.4-6011,MSP
892,J1126.8-3829,"[2.2295074462890625, 2.185908794403076, 1.9609355926513672, 16.081754684448242, -31.23358697433222, -30.97201412191359, -28.245921174865654, -31.023914254926858, -23.733951287849212, 0.0882704108953476, 0.2239670604467392, 2.4227638244628906, 18.914915084838867, 0.13442646977444078, -0.4573870208971163, -0.6895858526029014, -0.5145346969900757, -0.631268895331513, -0.9995601502054773]",[1],J1126.7-3834,bcu,J1126.8-3829,bcu,bcu,J1126.8-3829,bcu,J1126.8-3829,bcu
893,J1127.0-1857,"[2.202047824859619, 2.0922632217407227, 2.0093436241149902, 3930.47802734375, -28.52838361871983, -28.319088617900235, -27.349956066471456, -28.422339871161416, -22.707409429538984, 0.08161015808582306, 0.9832682013511658, 8.54014778137207, 112.72465515136719, -0.16701736211348903, -0.47556269546189095, -0.61072632022422, -0.6221058031759116, -0.7022945793578741, -0.769385704671905]",[1],J1127.0-1857,fsrq,J1127.0-1857,fsrq,fsrq,J1127.0-1857,fsrq,J1127.0-1857,fsrq
894,J1127.8+3618,"[2.371216297149658, 2.351902723312378, 2.2385056018829346, 144.51504516601562, -30.18446012976438, -29.994938112518067, -28.13049114609384, -30.030083892367973, -23.595519637910662, 0.042891282588243484, 0.49759548902511597, 1.9174771308898926, 32.91915512084961, 0.8553193379121515, -0.6775863213971591, -0.68657763048738, -0.5699953195327324, -0.768010779008744, -0.999998376416246]",[1],J1127.8+3618,fsrq,J1127.8+3618,fsrq,fsrq,J1127.8+3618,fsrq,J1127.8+3618,fsrq
895,J1128.0+5924,"[2.4724509716033936, 2.4162628650665283, 2.1306135654449463, 82.82736206054688, -30.37119106718152, -30.13520513602836, -28.587335511256384, -30.138511674361798, -24.130650532921788, 0.08768047392368317, 0.6246377229690552, 1.9426257610321045, 19.61111831665039, -0.2939929046730158, -0.6763461687829959, -0.6450782472315879, -0.6721926832491143, -0.9705471196568665, -0.999999753662938]",[1],J1128.0+5921,fsrq,J1128.0+5924,fsrq,fsrq,J1128.0+5924,fsrq,J1128.0+5924,fsrq
896,J1129.1+3703,"[2.1712450981140137, 2.1176228523254395, 1.9335546493530273, 45.72228240966797, -32.44022780555415, -32.23108668187082, -28.377214104723457, -32.25891138356434, -23.93088703408179, 0.07887458801269531, 0.8493788242340088, 1.4215081930160522, 13.637866973876953, -0.9883461111496381, 0.5706855841023011, -0.6440022144921879, -0.4797302733940966, -0.7051795683267008, -0.7423833823119649]",[1],J1129.0+3705,bll,J1129.1+3703,bll,bll,J1129.1+3703,bll,J1129.1+3703,bll
897,J1129.8-1447,"[2.691802501678467, 2.6544857025146484, 2.390547037124634, 408.6453857421875, -28.81641791737217, -28.57209786938039, -28.019219854990446, -28.597851513136163, -23.772077746299846, 0.10289393365383148, 1.649749755859375, 2.0643136501312256, 14.155847549438477, -0.3830385508065245, -0.6899481952437634, -0.7981855649461288, -0.7820029532527487, -0.9456995452245155, -0.990356236895151]",[1],J1129.9-1446,fsrq,J1129.8-1447,fsrq,fsrq,J1129.8-1447,fsrq,J1129.8-1447,fsrq
898,J1129.8-4217,"[2.2946889400482178, 2.0080935955047607, 0.6537403464317322, 20.29823112487793, -31.178310858017753, -30.601677356228286, -28.68614016286266, -30.6691544016973, -23.67131671853489, 0.5316757559776306, 0.4586498439311981, 4.740349769592285, 11.207376480102539, -0.941458194400491, 0.9473242767017667, -0.40181669161137906, -0.6215892075233118, -0.9999999999710167, -0.9824905394999396]",[1],J1129.4-4215,bcu,J1129.8-4217,bll,bll,J1129.8-4217,bll,J1129.8-4217,bll
899,J1130.8+1016,"[2.7276923656463623, 2.69423508644104, 2.57305908203125, 10.038928031921387, -29.118346741660517, -28.878402386033823, -28.383426900405354, -28.958379532417023, -24.158521363279217, 0.04735993221402168, 0.136544868350029, 0.5930036902427673, 7.880096435546875, -0.12018063416534164, -0.7435308995480874, -0.7830991776263648, -0.7597080567404778, -0.9964550954803626, -0.6766583480576129]",[1],J1132.8+1015,fsrq,J1130.8+1016,bll,bll,J1130.8+1016,bll,J1130.8+1016,bll
900,J1131.0+3815,"[2.4909815788269043, 2.5488784313201904, 2.0849335193634033, 149.0249481201172, -30.215240085869052, -29.96417414999647, -27.857970895947677, -29.913848502894986, -23.5669987746345, 0.16199342906475067, 0.6098653078079224, 5.384944438934326, 25.349185943603516, 0.9169132552581786, -0.6358298288776806, -0.7265257506150199, -0.7525465056382482, -0.8327783034329687, -0.9999916746836056]",[1],J1131.4+3819,fsrq,J1131.0+3815,fsrq,fsrq,J1131.0+3815,fsrq,J1131.0+3815,fsrq
901,J1131.4+5809,"[2.0662827491760254, 2.0378410816192627, 1.8865525722503662, 17.71316909790039, -32.93560683662991, -32.7824197867567, -28.696820448812936, -32.81431491106618, -24.19719168979393, 0.027430010959506035, 0.3546698987483978, 0.5744044184684753, 14.112693786621094, -0.9825991297593912, 0.9987439576770866, -0.7118156167972066, -0.27078515003312925, -0.5952061209180893, -0.6481888240910418]",[1],J1131.1+5810,bll,J1131.4+5809,bll,bll,J1131.4+5809,bll,J1131.4+5809,bll
902,J1131.4-0504,"[2.4463143348693848, 2.714325428009033, 0.564540445804596, 25.703332901000977, -30.947182310095418, -30.448269374239207, -28.283899054867053, -30.32423382409684, -23.645256645050395, 0.6201600432395935, 0.5157497525215149, 4.34758186340332, 9.902591705322266, -0.8922052145960447, 0.5503101033110598, -0.717053241230311, -0.8271158195590234, -0.7708758672634358, 0.17717560528567206]",[1],J1131.9-0503,bcu,J1131.4-0504,bcu,bcu,J1131.4-0504,bcu,J1131.4-0504,bcu
903,J1132.7+0034,"[2.1355836391448975, 2.111964225769043, 2.036790370941162, 25.404497146606445, -30.38057476630891, -30.185748398395248, -27.80639798572433, -30.270901345111817, -23.238236129851135, 0.025075972080230713, 0.1377304643392563, 1.4829015731811523, 53.65685272216797, -0.26918851264727256, -0.5420815311431886, -0.5657541056439844, -0.5290375460692406, -0.6206459641240362, -0.7096729337347593]",[1],J1132.7+0034,bll,J1132.7+0034,bll,bll,J1132.7+0034,bll,J1132.7+0034,bll
904,J1135.2-6055,"[2.4167728424072266, 2.3963303565979004, 1.5366791486740112, 8.634252548217773, -30.33004195625909, -30.067310767622246, -27.11408742700226, -30.050711052642022, -22.504619667405372, 0.2849217653274536, 0.0, 11.456822395324707, 49.349578857421875, 0.300035975167222, -0.3641067311260393, -0.5612596209916402, -0.7148747175096386, -0.9504158649306514, -0.6467258896184404]",[0],J1135.2-6054,PSR,J1135.2-6055,PSR,PSR,J1135.2-6055,PSR,J1135.2-6055,PSR
905,J1136.0-6824,"[2.4352705478668213, 2.402223825454712, 2.0258166790008545, 11.066648483276367, -30.90292006972419, -30.60151942663601, -27.86422371688748, -30.700205938395058, -23.631591425911452, 0.17248812317848206, 0.21720372140407562, 2.624293327331543, 8.854158401489258, 0.99848577524858, -0.2523819848575033, -0.6867837141775239, -0.7806823049493421, -0.4121827209995403, -0.999999929372571]",[1],J1136.6-6826,bcu,J1136.0-6824,bcu,bcu,J1136.0-6824,bcu,J1136.0-6824,bcu
906,J1136.2+3407,"[2.553194284439087, 2.483045816421509, 2.2571873664855957, 182.5232696533203, -29.613697870704375, -29.32267724342753, -28.490467927118075, -29.37605003499523, -24.041293596443342, 0.11901465058326721, 1.0395338535308838, 2.3974738121032715, 16.519676208496094, 0.35896876885933565, -0.6470729151492763, -0.7025734978508904, -0.7858752990512926, -0.7305324868316764, -0.9999978342770309]",[1],J1136.4+3405,fsrq,J1136.2+3407,fsrq,fsrq,J1136.2+3407,fsrq,J1136.2+3407,fsrq
907,J1136.4+6736,"[1.7466912269592285, 1.7036489248275757, 1.6335560083389282, 27.51141357421875, -33.61114568555916, -33.367893211204816, -28.32966107283417, -33.483715803757015, -24.095967600313028, 0.03239978104829788, 0.3302158713340759, 1.1917510032653809, 27.41378402709961, 0.9379602771364846, 0.1977342392205496, -0.5348765817730455, -0.3153421201730582, -0.3751276011571807, -0.4011021047125178]",[1],J1136.6+6736,bll,J1136.4+6736,bll,bll,J1136.4+6736,bll,J1136.4+6736,bll
908,J1136.4+7009,"[1.8109198808670044, 1.8022435903549194, 1.7635419368743896, 28.37293815612793, -32.64297347784722, -32.45422043661089, -28.036125280961922, -32.56462580510001, -23.80511544418215, 0.006288128439337015, 0.20460616052150726, 0.3845120370388031, 45.940574645996094, 0.03955898421188522, -0.3769328349745552, -0.46278731043876775, -0.40077952839276715, -0.5074775498106319, -0.1387927349463481]",[1],J1136.6+7009,bll,J1136.4+7009,bll,bll,J1136.4+7009,bll,J1136.4+7009,bll
909,J1136.8+2550,"[1.9383593797683716, 1.986160397529602, 1.9544692039489746, 12.86166763305664, -33.42020816926384, -33.34076863612801, -28.58665682224087, -33.38499335514821, -24.10927146613486, -0.0387662798166275, 0.2373005449771881, 0.8227558135986328, 10.472972869873047, 0.9986401112809687, -0.6571854251285906, -0.36367086749124244, -0.5988362731242219, -0.44809684007594197, -0.06691555964741998]",[1],J1136.9+2551,bll,J1136.8+2550,bll,bll,J1136.8+2550,bll,J1136.8+2550,bll
910,J1136.8-7413,"[2.371603488922119, 2.268468141555786, 1.7224441766738892, 8.965189933776855, -30.287685795780344, -29.92383672079584, -27.887539707536433, -29.93498105858419, -23.3719327778925, 0.20934835076332092, 0.0, 5.060009479522705, 19.661794662475586, 0.9996802809803854, -0.4694205292526981, -0.6001099852243534, -0.707872249478822, -0.944695530478775, -0.2778212595730844]",[1],J1136.1-7411,bcu,J1136.8-7413,bcu,bcu,J1136.8-7413,bcu,J1136.8-7413,bcu
911,J1137.6+7527,"[2.1394460201263428, 2.2991957664489746, 0.033470045775175095, 4.7428483963012695, -33.707933395035, -32.9948691289806, -29.61953467669747, -33.15072809343317, -24.281027645126507, 0.7176961302757263, 0.0, 3.658421754837036, 5.970489978790283, -0.9870624025175254, 0.9998798617321767, -0.261638001500265, -0.4916128837264571, -0.999966417440335, 0.0904173643003792]",[0],J1136.1+7523,PSR,J1137.6+7527,PSR,PSR,J1137.6+7527,MSP,J1137.6+7527,MSP
912,J1138.4+4857,"[2.8270413875579834, 2.8573760986328125, 2.7734181880950928, 6.08163595199585, -29.04563404344782, -28.945451488823053, -28.64226638167208, -28.984095119801292, -24.44692568181151, -0.03554767742753029, 0.0, 0.5462080836296082, 7.8319525718688965, -0.4039515221269846, -0.8868023071555117, -0.4221594204938431, -0.9030103887893788, -0.9989870564758278, 0.024422664481838493]",[1],J1138.2+4905,bcu,J1138.4+4857,fsrq,fsrq,J1138.4+4857,fsrq,J1138.4+4857,fsrq
913,J1140.5+1528,"[1.7575398683547974, 1.7223951816558838, 1.582826018333435, 8.202131271362305, -35.06552650371536, -34.78296979471374, -28.524829093615594, -34.884111050307396, -23.990330543126223, 0.03534867614507675, 0.0, 0.40768855810165405, 8.333611488342285, -0.7745734451737674, -0.9821266943110917, 0.7103821677237984, -0.6786670723876973, -0.018611191629300528, -0.3095201046090173]",[1],J1140.4+1529,bll,J1140.5+1528,bll,bll,J1140.5+1528,bll,J1140.5+1528,bll
914,J1141.4+6805,"[1.7005785703659058, 1.399592399597168, 0.9915249943733215, 5.6579813957214355, -34.16670064619763, -33.66140536965438, -28.555388154776974, -33.78861525584484, -24.298101849404183, 0.2647164762020111, 0.0, 3.8634119033813477, 14.075928688049316, 0.9968208582820396, -0.9905560083190572, 0.9602782934789031, -0.19324849240772635, -0.5727752972085247, -0.2455955717885337]",[1],J1141.2+6805,bcu,J1141.4+6805,bcu,bcu,J1141.4+6805,bcu,J1141.4+6805,bcu
915,J1141.5-1408,"[1.9650405645370483, 1.930493950843811, 1.865886926651001, 26.545167922973633, -33.13515866031651, -32.913077946364766, -28.464977004966848, -33.03058895460704, -23.981150747747012, 0.033221740275621414, 0.6163978576660156, 0.5528655052185059, 8.728048324584961, -0.6005255426735572, -0.5991741704209782, -0.3499894201199727, -0.5608875781928543, -0.436469949304956, -0.48453641424825067]",[1],J1141.6-1406,bcu,J1141.5-1408,bll,bll,J1141.5-1408,bll,J1141.5-1408,bll
916,J1142.0+1548,"[2.258488893508911, 2.252675771713257, 2.2148325443267822, 8.136524200439453, -30.91431760202969, -30.748877595379042, -28.216800676205416, -30.83343416596747, -23.690670295919695, 0.01095444243401289, 0.0, 0.3681611120700836, 18.675376892089844, 0.9899327968344896, -0.49421806612077457, -0.6679786886705207, -0.5418416210548797, -0.6186530521203878, -0.6419192795101964]",[1],J1142.0+1546,bll,J1142.0+1548,bll,bll,J1142.0+1548,bll,J1142.0+1548,bll
917,J1142.8+0120,"[2.043220281600952, 1.6840378046035767, 0.9891546368598938, 8.289257049560547, -31.256963817353505, -30.825151533611137, -28.274428268885217, -30.846937151048508, -23.41355724597783, 0.33632856607437134, 0.0, 6.578618049621582, 25.459115982055664, 0.4941085775341627, -0.28733835560459214, -0.2864268738188456, -0.49775721572155895, -0.872430265490486, -0.7571503931005802]",[0],J1142.9+0120,PSR,J1142.8+0120,PSR,PSR,J1142.8+0120,MSP,J1142.8+0120,MSP
918,J1143.1+6122,"[2.041146993637085, 1.7376893758773804, 1.2487380504608154, 78.84447479248047, -32.010152603240144, -31.623031296876377, -28.58139827422891, -31.69160857018416, -23.904334549991383, 0.25026050209999084, 0.7075377702713013, 4.560303688049316, 20.69379425048828, 0.9982515112403401, -0.37681297567445254, -0.353028314066662, -0.370036022167706, -0.7659041969443536, -0.8367292282000764]",[1],J1143.0+6123,bll,J1143.1+6122,bll,bll,J1143.1+6122,bll,J1143.1+6122,bll
919,J1144.9+1937,"[1.9982856512069702, 1.988556981086731, 1.9409549236297607, 5.662021636962891, -32.83658057384454, -32.67862988377898, -28.499236675060978, -32.75988257551032, -24.016740304762305, 0.007432229816913605, 0.0, 0.1657329946756363, 12.879181861877441, 0.9706177166146421, -0.5972471790264763, -0.2959604786639984, -0.5257556796130075, -0.6126750132818705, -0.24420825141424318]",[1],J1145.1+1935,rdg,J1144.9+1937,rdg,rdg,J1144.9+1937,rdg,J1144.9+1937,rdg
920,J1145.5+4423,"[2.4805867671966553, 2.5545763969421387, 2.630570411682129, 12.459712028503418, -31.17536309269942, -31.27730297599524, -28.666090117700698, -31.224472292165697, -24.367095817585707, -0.1263066530227661, 0.37809911370277405, 2.3891077041625977, 5.979206085205078, 0.9856390927239032, -0.7014231880239842, -0.6196240138141006, -0.7203374699016698, -0.5798603927886745, -0.9999999856974517]",[1],J1145.8+4425,fsrq,J1145.5+4423,fsrq,fsrq,J1145.5+4423,fsrq,J1145.5+4423,fsrq
921,J1146.9+3958,"[2.382601261138916, 2.3226821422576904, 2.226999521255493, 1537.57568359375, -28.486534012064652, -28.27280132643122, -27.624467066946593, -28.362703339100957, -23.06503300860516, 0.06653117388486862, 0.6461600661277771, 6.446887969970703, 99.3587646484375, -0.07731281966950208, -0.5900062921008754, -0.6963412387917615, -0.6740037960753302, -0.7418829617513851, -0.8062678844520333]",[1],J1146.8+3958,fsrq,J1146.9+3958,fsrq,fsrq,J1146.9+3958,fsrq,J1146.9+3958,fsrq
922,J1147.0-3812,"[2.228651762008667, 2.1596875190734863, 2.110119104385376, 108.35704803466797, -29.417828930522568, -29.240593157162053, -27.692943546827102, -29.341227045051532, -23.175915361478683, 0.05456918478012085, 0.3017924726009369, 3.5227932929992676, 51.09711456298828, -0.1653526084742845, -0.526568933759664, -0.641802332876998, -0.5299603570148085, -0.7711163910060792, -0.5250509101219274]",[1],J1147.0-3811,fsrq,J1147.0-3812,bll,bll,J1147.0-3812,bll,J1147.0-3812,bll
923,J1147.8-0724,"[2.421365261077881, 2.3358020782470703, 2.025268077850342, 167.96450805664062, -29.6297040696791, -29.288096798226373, -28.04816180847216, -29.33071862142816, -23.54305534333288, 0.1710214912891388, 0.862009584903717, 3.855644464492798, 22.34994888305664, 0.9954172296112337, -0.4020213502592248, -0.747421185822861, -0.73038892132607, -0.7037718192767342, -0.9987671858284023]",[1],J1147.8-0725,fsrq,J1147.8-0724,fsrq,fsrq,J1147.8-0724,fsrq,J1147.8-0724,fsrq
924,J1149.4+2441,"[1.9622162580490112, 1.8424491882324219, 1.5190362930297852, 5.096264362335205, -33.87182611208648, -33.53547469887736, -28.496256463053985, -33.61761661102576, -23.962439760916876, 0.15953588485717773, 0.0, 1.5628694295883179, 6.959821701049805, -0.8275607267404216, -0.7782240300597115, -0.5176804728776252, -0.3806985772054795, -0.6530139962503303, -0.28699696009851794]",[1],J1149.5+2443,bll,J1149.4+2441,bll,bll,J1149.4+2441,bll,J1149.4+2441,bll
925,J1150.4+2418,"[2.22812557220459, 2.1924901008605957, 2.0395097732543945, 26.722923278808594, -30.47755783223444, -30.25134798343702, -27.99813490992839, -30.296535284894944, -23.42827292399421, 0.05770713835954666, 0.18376564979553223, 2.602097749710083, 32.529964447021484, 0.7915878220713418, -0.5026918880027121, -0.6336345740417194, -0.5539745365732787, -0.7076233281909574, -0.8903836627737647]",[1],J1150.3+2417,bll,J1150.4+2418,bll,bll,J1150.4+2418,bll,J1150.4+2418,bll
926,J1150.6+4154,"[1.80475914478302, 1.6186918020248413, 1.4539905786514282, 64.30330657958984, -31.67226578656146, -31.427079283204126, -27.603683624819737, -31.50534766936843, -23.320458547405178, 0.10253388434648514, 0.2852751612663269, 5.222538471221924, 54.88898849487305, -0.1455883035728822, -0.30412606934400116, -0.346393607020344, -0.3189990502613734, -0.44030719133139723, -0.629707634494761]",[1],J1150.5+4155,bll,J1150.6+4154,bll,bll,J1150.6+4154,bll,J1150.6+4154,bll
927,J1151.5-1347,"[1.9782317876815796, 1.9216810464859009, 1.7746319770812988, 17.083820343017578, -32.55621214532073, -32.2898878301892, -28.29916002862325, -32.38596372719244, -23.834456410652106, 0.06426616758108139, 0.28675970435142517, 1.5392969846725464, 15.309450149536133, -0.6668525556205133, -0.03083192125400491, -0.5575137354787216, -0.42941822300392535, -0.4518855745452908, -0.5310593229574523]",[1],J1151.4-1346,bll,J1151.5-1347,bll,bll,J1151.5-1347,bll,J1151.5-1347,bll
928,J1151.5+5859,"[1.87930428981781, 1.7259149551391602, 1.6053394079208374, 13.88101863861084, -32.36900018784596, -32.13981464724144, -28.105901131008316, -32.22098228276543, -23.752644930549074, 0.0907173752784729, 0.15260177850723267, 2.9715733528137207, 30.259063720703125, 0.6262983322455568, -0.488452040556842, -0.33501456287067677, -0.4565812542407577, -0.4058275673022103, -0.6163194977974241]",[1],J1151.4+5858,bll,J1151.5+5859,bll,bll,J1151.5+5859,bll,J1151.5+5859,bll
929,J1152.3-0839,"[2.4123644828796387, 2.3633291721343994, 2.184882164001465, 168.15736389160156, -29.934767267613882, -29.679743085423723, -28.101633562193108, -29.71894074789813, -23.573149146371335, 0.0840039923787117, 0.6966743469238281, 2.4359633922576904, 24.620840072631836, 0.1071130104267476, -0.663472503657065, -0.6573186098796802, -0.6860040193014691, -0.828688167607678, -0.783380063427921]",[1],J1152.3-0841,fsrq,J1152.3-0839,fsrq,fsrq,J1152.3-0839,fsrq,J1152.3-0839,fsrq
930,J1153.4+4931,"[2.4118731021881104, 2.385525703430176, 2.2784810066223145, 1177.00537109375, -29.879357749441663, -29.684446326633225, -28.257023720271295, -29.75032628775855, -23.66622975601137, 0.03884844854474068, 1.3625537157058716, 1.9308668375015259, 43.33892059326172, -0.3565396684230495, -0.6254944710975815, -0.6732547082487023, -0.6078177391468158, -0.9137310349305776, -0.48786161917739634]",[1],J1153.4+4932,FSRQ,J1153.4+4931,FSRQ,FSRQ,J1153.4+4931,FSRQ,J1153.4+4931,FSRQ
931,J1153.6-2553,"[1.896262764930725, 1.7630921602249146, 1.381914496421814, 20.990201950073242, -33.31273665943611, -32.90080237386474, -28.427358347824384, -32.95014681873383, -23.987919829588584, 0.17850598692893982, 0.36756402254104614, 2.399365186691284, 10.43176555633545, -0.9982566162273353, 0.9772558726932498, 0.059089010857692484, -0.4869171494320515, -0.5559923049625227, -0.6131102180203641]",[1],J1153.7-2555,bcu,J1153.6-2553,bcu,bcu,J1153.6-2553,bcu,J1153.6-2553,bcu
932,J1154.0-0010,"[1.806654691696167, 1.7286993265151978, 1.4678871631622314, 19.5609188079834, -33.52888987032979, -33.27444817972602, -28.230113251094217, -33.31477310261956, -23.86753838551075, 0.058972954750061035, 0.39682063460350037, 1.2446991205215454, 15.526351928710938, 0.9989858034581008, 0.041148142577613164, -0.6014714381447285, -0.31673035196037014, -0.20121128405493693, -0.6930430652248941]",[1],J1154.2-0010,bll,J1154.0-0010,bll,bll,J1154.0-0010,bll,J1154.0-0010,bll
933,J1154.0+4037,"[2.1146507263183594, 2.078662872314453, 1.9994663000106812, 27.45554542541504, -32.39662062108356, -32.207367031268326, -28.551935138927696, -32.28698126416155, -24.05040332575031, 0.030181333422660828, 0.5189740061759949, 0.5890305042266846, 14.704217910766602, 0.9913712071261893, -0.04824397837857379, -0.5484355308370202, -0.5376903804391774, -0.663377555951588, -0.3186280426621424]",[1],J1153.4+4033,fsrq,J1154.0+4037,fsrq,fsrq,J1154.0+4037,fsrq,J1154.0+4037,fsrq
934,J1154.0+6018,"[2.698408842086792, 2.7541086673736572, 1.9541329145431519, 86.21739196777344, -29.770976551851753, -29.417130890587046, -28.274482222662936, -29.3254985597309, -24.148991396062055, 0.24072317779064178, 0.6191067695617676, 3.531759262084961, 14.852533340454102, 0.4049285966923467, -0.572572612574151, -0.8031044470991443, -0.8696399571044922, -0.9998145181928538, 0.9974153243037637]",[1],J1154.3+6023,fsrq,J1154.0+6018,fsrq,fsrq,J1154.0+6018,fsrq,J1154.0+6018,fsrq
935,J1154.1-3243,"[2.080465078353882, 1.933658480644226, 1.681592583656311, 40.73530578613281, -30.893300558919275, -30.627977542627058, -27.944152933301396, -30.685554400163443, -23.38941590500868, 0.1201401799917221, 0.32307618856430054, 4.363632678985596, 30.37164878845215, 0.9999999820823668, -0.44977931733445686, -0.5316975938864085, -0.4001632802394447, -0.7392974505756006, -0.9250001878330815]",[1],J1154.0-3243,bcu,J1154.1-3243,bll,bll,J1154.1-3243,bll,J1154.1-3243,bll
936,J1155.5-3418,"[1.8272360563278198, 1.738656997680664, 1.5837563276290894, 16.909563064575195, -33.64240568135033, -33.34353242714751, -28.311452114578614, -33.44910332560043, -23.904474452670296, 0.07607224583625793, 0.37206438183784485, 1.413296103477478, 14.138838768005371, 0.9998454174633811, -0.7231824196827779, -0.30836654951218656, -0.25564949108190377, -0.6370622798991438, -0.09086509021419986]",[1],J1155.4-3417,bcu,J1155.5-3418,bcu,bll,J1155.5-3418,bll,J1155.5-3418,bll
937,J1155.8+6137,"[1.8491815328598022, 1.681838035583496, 1.3188896179199219, 8.545013427734375, -34.66703969313659, -34.279143862664895, -29.0570249939194, -34.35292467500586, -24.571272450654575, 0.16960541903972626, 0.0, 1.4146349430084229, 6.170173168182373, 0.9106100043487, -0.7120302418730047, -0.7138033785933657, 0.10917568582334371, -0.4654044288661655, -0.6304152186145363]",[1],J1155.9+6136,bll,J1155.8+6137,bll,bll,J1155.8+6137,bll,J1155.8+6137,bll
938,J1156.6-2248,"[2.0363874435424805, 1.946031928062439, 1.5407999753952026, 12.324429512023926, -32.93044771171363, -32.584146218128055, -28.37142219784029, -32.6285362961903, -23.867994687920824, 0.16234011948108673, 0.23602423071861267, 2.189880609512329, 10.024927139282227, -0.9926282599614951, 0.9959416880131652, -0.47865785086084994, -0.5424468305058661, -0.4318108419428499, -0.7587774137117163]",[1],J1156.7-2250,bcu,J1156.6-2248,bcu,bll,J1156.6-2248,bll,J1156.6-2248,bll
939,J1158.9+0818,"[1.9406919479370117, 1.8349263668060303, 1.678792953491211, 7.123783588409424, -33.47158836822146, -33.186922239036, -28.656058673050154, -33.292047993614254, -24.178544599318453, 0.08879050612449646, 0.0, 0.9448580741882324, 7.434309959411621, 0.9723558156086017, -0.9160613961930103, -0.15055773285379573, -0.41959577914409524, -0.6420606188870289, -0.33475291692783715]",[1],J1158.9+0818,bcu,J1158.9+0818,bcu,bcu,J1158.9+0818,bcu,J1158.9+0818,bcu
940,J1159.0+0939,"[2.1321418285369873, 2.0806875228881836, 1.974540114402771, 49.506004333496094, -31.45295083605562, -31.202458915536408, -28.283166067090935, -31.316982990775216, -23.748482788505886, 0.06636404991149902, 0.550167977809906, 1.7557791471481323, 18.84889030456543, -0.5083197687371618, 0.31019891779498776, -0.6041504357570274, -0.4757912343392192, -0.656709888723749, -0.7262379750692474]",[1],J1158.8+0941,bll,J1159.0+0939,bll,bll,J1159.0+0939,bll,J1159.0+0939,bll
941,J1159.2-2227,"[2.4477381706237793, 2.3587141036987305, 2.0141239166259766, 156.03817749023438, -30.7356233642667, -30.441351479530464, -27.762961797884532, -30.451302588383417, -23.546832517218114, 0.142922043800354, 0.7872446179389954, 2.687519073486328, 20.468181610107422, 0.3672376696408307, -0.5946913260018029, -0.7059243878305665, -0.6670778261584118, -0.8259388929860425, -0.999938320260859]",[1],J1159.3-2226,bcu,J1159.2-2227,bcu,bcu,J1159.2-2227,bcu,J1159.2-2227,bcu
942,J1159.3-2142,"[2.4320006370544434, 2.3827667236328125, 2.070302963256836, 94.66507720947266, -29.77292343820471, -29.51360835695754, -27.63114971457046, -29.53576578448348, -23.330543003553014, 0.13060274720191956, 0.3963732123374939, 4.970447540283203, 33.4911003112793, -0.4234638944261628, -0.5932533597923155, -0.668045313024127, -0.7257097140738933, -0.8087395773035053, -0.9998316094950268]",[1],J1159.2-2141,fsrq,J1159.3-2142,fsrq,fsrq,J1159.3-2142,fsrq,J1159.3-2142,fsrq
943,J1159.5+2914,"[2.1925628185272217, 2.103299379348755, 2.0387027263641357, 7709.5810546875, -28.120174494004672, -27.93881664802321, -27.11505624905178, -28.03691471520515, -22.505117516156844, 0.062401559203863144, 0.983769953250885, 9.098618507385254, 183.71356201171875, -0.13452495712246776, -0.4865564859895769, -0.6138743030518038, -0.5922618662890464, -0.6977639832738017, -0.7410782285341966]",[1],J1159.5+2914,fsrq,J1159.5+2914,fsrq,fsrq,J1159.5+2914,fsrq,J1159.5+2914,fsrq
944,J1159.5-0723,"[1.9681594371795654, 1.8061978816986084, 1.3499722480773926, 19.95555877685547, -32.75093381658336, -32.39243053388647, -28.30086139055678, -32.435912800451064, -23.832065434031694, 0.16430220007896423, 0.4141788184642792, 2.604896306991577, 13.327431678771973, -0.9999912161954911, 0.9996255651321989, -0.4721573208552367, -0.38179143347018374, -0.4110036662970409, -0.9233855233629779]",[1],J1159.6-0723,bcu,J1159.5-0723,bll,bll,J1159.5-0723,bll,J1159.5-0723,bll
945,J1200.6+1229,"[2.3873934745788574, 2.322169780731201, 2.118464469909668, 27.413022994995117, -30.935285351875805, -30.6338902996323, -28.46298882614773, -30.73570527088353, -24.044035041603536, 0.1119004413485527, 0.6154988408088684, 1.5634742975234985, 10.537701606750488, 0.9245564954309174, -0.6405609321307453, -0.6629915049358059, -0.657693368707829, -0.6674860780343641, -0.9999142807785173]",[1],J1200.8+1228,bcu,J1200.6+1229,bll,bll,J1200.6+1229,bll,J1200.6+1229,bll
946,J1200.7+2008,"[2.5202574729919434, 2.4858391284942627, 2.4672534465789795, 25.46148681640625, -29.93542228687832, -29.708423622839316, -28.424629677755345, -29.82819445646802, -23.999719690140363, 0.05052126199007034, 0.3732554316520691, 1.0080443620681763, 13.232036590576172, 0.20650396719720043, -0.6774089930739023, -0.7236297862261242, -0.5892555135527311, -0.9998151745645731, 0.9954381039310496]",[1],J1200.9+2010,bcu,J1200.7+2008,bcu,bcu,J1200.7+2008,bcu,J1200.7+2008,bcu
947,J1202.5+3852,"[2.446906328201294, 2.473057270050049, 2.493276357650757, 13.179759979248047, -30.730949948869174, -30.690891418261025, -28.572194705755543, -30.739388321677087, -24.14384099327997, -0.056327905505895615, 0.22987762093544006, 1.3477213382720947, 11.009844779968262, 0.9999914075106056, -0.5824935243451573, -0.8266384358372793, -0.5148663861625998, -0.6012697837113633, -0.14041168274510266]",[1],J1203.2+3847,bll,J1202.5+3852,bll,bll,J1202.5+3852,bll,J1202.5+3852,bll
948,J1203.1+6031,"[2.121412515640259, 2.053999900817871, 1.9767673015594482, 23.201120376586914, -31.715318351570374, -31.450112528306487, -28.43400825253402, -31.58708928512888, -23.90200902080164, 0.07569572329521179, 0.20703263580799103, 2.421187162399292, 31.5245361328125, 0.9755398129184482, -0.5080893003837191, -0.5048034740300841, -0.5364270817651339, -0.7917917525461547, -0.26011704000357727]",[1],J1203.1+6029,bll,J1203.1+6031,bll,bll,J1203.1+6031,bll,J1203.1+6031,bll
949,J1203.4-3925,"[1.8075034618377686, 1.802628993988037, 1.7622129917144775, 9.586745262145996, -34.021967306361375, -33.84952137433571, -28.28635270760947, -33.93413852214818, -23.834529543859837, 0.006341907195746899, 0.1158628985285759, 0.1716805100440979, 13.237547874450684, 0.7942557873658634, 0.6464245617723793, -0.48052824769913, -0.5512219479148687, -0.29472664477269894, -0.2640283730985201]",[1],J1203.5-3925,bcu,J1203.4-3925,bll,bll,J1203.4-3925,bll,J1203.4-3925,bll
950,J1204.0+1146,"[1.8864119052886963, 1.7821147441864014, 1.4354029893875122, 12.263880729675293, -33.59250340877532, -33.29473639469349, -28.379196779490503, -33.34758808396295, -23.908360702034457, 0.12565068900585175, 0.27672043442726135, 1.9045814275741577, 11.211302757263184, -0.9999986291680037, 0.999999087927247, -0.5373486228092701, -0.3447705098312926, -0.40377268027013863, -0.8183989778880412]",[1],J1204.0+1144,bll,J1204.0+1146,bll,bll,J1204.0+1146,bll,J1204.0+1146,bll
951,J1204.2-0709,"[1.8914060592651367, 1.7919671535491943, 1.5759851932525635, 31.460569381713867, -32.63233757966627, -32.332937208426884, -27.996097331614273, -32.40638309605028, -23.605366456070374, 0.08434724807739258, 0.38215935230255127, 2.388761043548584, 24.18328094482422, 0.999355121034373, -0.6369098240460774, -0.4931557970172352, -0.2773875206109382, -0.590478967489408, -0.47786342988090375]",[1],J1204.3-0708,bll,J1204.2-0709,bll,bll,J1204.2-0709,bll,J1204.2-0709,bll
952,J1205.7-2635,"[2.529188632965088, 2.508615732192993, 2.43896484375, 39.39905548095703, -29.589105695344443, -29.369162590959967, -28.14078789438214, -29.4606899157915, -23.724693352622612, 0.037546344101428986, 0.3566060960292816, 1.0728275775909424, 19.193557739257812, 0.5958642859706834, -0.6529993700491206, -0.7724061791489675, -0.6346416333243641, -0.7794282617050143, -0.5850556591830188]",[1],J1205.8-2636,fsrq,J1205.7-2635,fsrq,fsrq,J1205.7-2635,fsrq,J1205.7-2635,fsrq
953,J1207.4-5050,"[2.198976516723633, 2.1917967796325684, 0.22701671719551086, 11.78243637084961, -31.77936500417248, -31.22934083805839, -28.501471382501155, -31.282922842320264, -23.335728384408903, 0.6409393548965454, 0.1265413910150528, 7.317950248718262, 17.54462242126465, 0.8648922275063337, 0.9929308679929315, -0.33386707515000613, -0.6589187422208261, -0.9482801810878041, -0.9999510295782378]",[0],J1207.2-5052,psr,J1207.4-5050,PSR,PSR,J1207.4-5050,MSP,J1207.4-5050,MSP
954,J1207.7-2229,"[2.056872606277466, 1.9840352535247803, 1.8425512313842773, 20.208904266357422, -32.60895819370022, -32.33152441177341, -28.3948072452204, -32.43764755117026, -23.895010591320602, 0.07013014703989029, 0.4437604546546936, 1.1180014610290527, 10.95907974243164, 0.9931023786965192, -0.5750968211975429, -0.5944700391959808, -0.4287530592773358, -0.4808634918101701, -0.6876111428809019]",[1],J1207.6-2232,bcu,J1207.7-2229,bll,bll,J1207.7-2229,bll,J1207.7-2229,bll
955,J1208.2-7810,"[2.069180965423584, 1.9634802341461182, 1.7575472593307495, 3.294553756713867, -33.2831922939128, -32.993834760757544, -28.410117605262457, -33.08595577241066, -23.914481024069076, 0.07665255665779114, 0.0, 0.8112137913703918, 7.683904647827148, -0.6624222218728788, -0.7463605049517767, -0.423442728354202, -0.42866116699579, -0.5391411058200952, -0.6602828811626915]",[1],J1208.2-7810c,bcu,J1208.2-7810,bcu,bcu,J1208.2-7810,bcu,J1208.2-7810,bcu
956,J1208.9+5441,"[2.5895302295684814, 2.51118803024292, 2.3888094425201416, 356.94482421875, -27.991269217323456, -27.803950696226888, -28.261256435894953, -27.8835975811376, -23.72762261784194, 0.07229182124137878, 0.4963970184326172, 3.7968883514404297, 53.52577590942383, -0.3293416990072648, -0.6560244261739524, -0.7481763258062113, -0.7170381617372669, -0.9562303502183418, -0.9928609267690709]",[1],J1208.7+5442,fsrq,J1208.9+5441,fsrq,fsrq,J1208.9+5441,fsrq,J1208.9+5441,fsrq
957,J1209.4+4118,"[1.9276763200759888, 1.8530157804489136, 1.6391327381134033, 14.44612979888916, -32.5574492803237, -32.304968849958605, -28.306585481656338, -32.36589907085059, -23.91491579215517, 0.05282483622431755, 0.19255904853343964, 1.3813083171844482, 24.29401206970215, -0.5000054961629384, -0.6125769535593407, -0.518960971050643, -0.2634767024273731, -0.5437831627045407, -0.8288744534622473]",[1],J1209.4+4119,bll,J1209.4+4118,bll,bll,J1209.4+4118,bll,J1209.4+4118,bll
958,J1209.8+1810,"[2.4110922813415527, 2.394493579864502, 2.3835864067077637, 128.08303833007812, -30.256497858618378, -30.06221158911959, -28.286986074713965, -30.168712542939268, -23.78033018989482, 0.024620627984404564, 0.7935076355934143, 0.67470782995224, 20.87135887145996, -0.2303216626680919, -0.6880209863747049, -0.6565827786896371, -0.6999267394275417, -0.7644605538449167, -0.11278058598658504]",[1],J1209.8+1810,fsrq,J1209.8+1810,fsrq,fsrq,J1209.8+1810,fsrq,J1209.8+1810,fsrq
959,J1213.0+5129,"[2.108166456222534, 2.1266801357269287, 2.071650743484497, 10.738204002380371, -32.44130588481107, -32.315462113423436, -28.688017434169332, -32.38520268436382, -24.18027606914682, -0.016199633479118347, 0.12977510690689087, 0.40719595551490784, 14.612523078918457, 0.9931054516698041, -0.701314100297138, -0.649770849545322, -0.40599427407232985, -0.6016026204893589, -0.3927110084054628]",[1],J1212.6+5135,bll,J1213.0+5129,bll,bll,J1213.0+5129,bll,J1213.0+5129,bll
960,J1213.3-2618,"[1.8065762519836426, 1.5893434286117554, 1.1225917339324951, 15.639888763427734, -33.95102486710134, -33.486278113928364, -28.334531053638525, -33.540576994220174, -23.90737815179647, 0.2246684432029724, 0.44355279207229614, 2.5314905643463135, 11.63743782043457, -0.9999917265158851, 0.9999777525662396, -0.4652784729692491, 0.0001922042320574638, -0.5475635582679498, -0.3932880122256708]",[1],J1213.1-2619,bll,J1213.3-2618,bll,bll,J1213.3-2618,bll,J1213.3-2618,bll
961,J1213.6+1306,"[2.4656260013580322, 2.2838804721832275, 1.8537664413452148, 5.464643478393555, -29.188337658980316, -28.874366148064905, -28.181550108321925, -28.90730206789063, -23.669166976739575, 0.18841315805912018, 0.0, 3.7629666328430176, 20.55678367614746, -0.1022014157906151, -0.5116657168545412, -0.6189615605870413, -0.833806153741015, -0.7368097437172124, -0.9998627621818187]",[1],J1213.7+1306,fsrq,J1213.6+1306,fsrq,fsrq,J1213.6+1306,fsrq,J1213.6+1306,fsrq
962,J1215.0+1656,"[2.4100089073181152, 2.3911306858062744, 2.365365505218506, 219.91976928710938, -30.135258689513506, -29.93906058463214, -28.26269124692473, -30.046909224647422, -23.731271826241745, 0.02839898318052292, 0.9919378161430359, 0.8411839008331299, 22.18242073059082, -0.25025557651639485, -0.6132852681618605, -0.6618347190598844, -0.6929491351445805, -0.7994980467449566, -0.31870118434745087]",[1],J1215.1+1658,fsrq,J1215.0+1656,fsrq,fsrq,J1215.0+1656,fsrq,J1215.0+1656,fsrq
963,J1215.1+5002,"[1.8776612281799316, 1.7783827781677246, 1.5495684146881104, 8.471746444702148, -33.256544804398054, -32.978071969650195, -28.45133232236338, -33.03317508519511, -24.05895086835205, 0.07585537433624268, 0.0, 1.6802109479904175, 19.398426055908203, -0.8600336029727899, -0.3656099916339181, -0.5056661835599072, -0.39835184627376613, -0.36749906345949235, -0.7653942058098293]",[1],J1215.0+5002,bll,J1215.1+5002,bll,bll,J1215.1+5002,bll,J1215.1+5002,bll
964,J1217.9+3007,"[1.9292162656784058, 1.8541337251663208, 1.8131314516067505, 633.80224609375, -29.799565303945506, -29.628039013673735, -26.864856998508273, -29.72218585015841, -22.503670567712398, 0.046154726296663284, 0.35705941915512085, 5.553647518157959, 134.95382690429688, 0.9501553165445827, -0.4058271697008022, -0.46725736486070785, -0.4758092289701859, -0.534548761572698, -0.48286371567357156]",[1],J1217.8+3007,bll,J1217.9+3007,BLL,BLL,J1217.9+3007,BLL,J1217.9+3007,BLL
965,J1218.0-0028,"[2.3211658000946045, 2.274517297744751, 2.143702507019043, 23.957847595214844, -31.324558580860423, -31.057229535754672, -28.187518878676485, -31.153138263637818, -23.797336891158665, 0.09419425576925278, 0.4109490215778351, 1.588125467300415, 13.097071647644043, -0.8089630119596468, 0.13631983767077138, -0.6678390150320618, -0.7448183509720264, -0.4143216872080891, -0.7987945198719939]",[1],J1218.0-0029,bll,J1218.0-0028,bll,bll,J1218.0-0028,bll,J1218.0-0028,bll
966,J1218.5-0119,"[2.1255860328674316, 2.0220863819122314, 1.893946886062622, 152.64654541015625, -30.576363244029036, -30.3343841834268, -27.663232438885142, -30.42617985710741, -23.195292823331535, 0.09844458103179932, 0.5463831424713135, 4.437693119049072, 39.57736587524414, 0.8782881686374098, -0.4497464267372912, -0.5597060738169198, -0.5432936376453914, -0.6537416309981556, -0.7216744431986474]",[1],J1218.4-0121,bll,J1218.5-0119,bll,bll,J1218.5-0119,bll,J1218.5-0119,bll
967,J1219.0-4827,"[2.229462146759033, 2.0905399322509766, 1.6595979928970337, 13.695425987243652, -31.422255044949786, -31.063520195829135, -28.2433257048798, -31.122000184784568, -23.552329905441653, 0.2057281732559204, 0.20919141173362732, 3.6107513904571533, 14.00316333770752, -0.8762115676083598, 0.19116456789244438, -0.5592817682075648, -0.5242125595215769, -0.8361506513166922, -0.6821978003179358]",[1],J1218.8-4827,bcu,J1219.0-4827,bcu,bll,J1219.0-4827,bll,J1219.0-4827,bll
968,J1219.7-0313,"[1.9430885314941406, 1.8935935497283936, 1.7750828266143799, 18.10742950439453, -32.845627656143414, -32.620944199244036, -28.217091892406184, -32.70649172533182, -23.757019708729732, 0.04522716999053955, 0.3625848591327667, 1.0651850700378418, 16.019847869873047, -0.1199717924151118, -0.7200005757592575, -0.4454416051066953, -0.4432373399941352, -0.5361790349900405, -0.3599847133713]",[1],J1219.7-0314,bll,J1219.7-0313,bll,bll,J1219.7-0313,bll,J1219.7-0313,bll
969,J1220.1+7105,"[2.3239831924438477, 2.188662528991699, 1.9822462797164917, 1132.38818359375, -29.644191237811583, -29.397562467007095, -27.942773930143776, -29.456352590196854, -23.47362243473682, 0.13095307350158691, 0.8404820561408997, 7.169443130493164, 65.98278045654297, -0.22184697863414143, -0.4882414928614053, -0.619503992988131, -0.7007327298771701, -0.7970951496000098, -0.8192225252226251]",[1],J1220.2+7105,fsrq,J1220.1+7105,fsrq,fsrq,J1220.1+7105,fsrq,J1220.1+7105,fsrq
970,J1220.1+3432,"[2.1070990562438965, 2.0532066822052, 1.9371196031570435, 24.89248275756836, -31.842423328679374, -31.611907416696162, -28.44056070292043, -31.67947857850338, -23.919394713029288, 0.060028452426195145, 0.3046843707561493, 1.6063761711120605, 20.217864990234375, 0.9849599486657726, -0.44563770996544994, -0.5645540741189308, -0.5513329609165966, -0.6639396328106985, -0.536644793025055]",[1],J1220.2+3434,bll,J1220.1+3432,bll,bll,J1220.1+3432,bll,J1220.1+3432,bll
971,J1221.3+3010,"[1.7073949575424194, 1.6648306846618652, 1.5963246822357178, 60.06486892700195, -32.76987759205296, -32.5037417204358, -27.185211509832612, -32.632912622665536, -22.969701672523694, 0.032616034150123596, 0.23862670361995697, 2.188976526260376, 69.29151916503906, -0.5727271890961474, -0.1761307776794504, -0.4493253610251196, -0.2663285288963153, -0.46237098804720556, -0.15123773678429875]",[1],J1221.3+3010,bll,J1221.3+3010,bll,bll,J1221.3+3010,bll,J1221.3+3010,bll
972,J1221.5+2814,"[2.1531593799591064, 2.1335434913635254, 2.08498477935791, 306.7501525878906, -30.22962926453896, -30.0440440008781, -27.712549782102865, -30.139648872540686, -23.12780862015776, 0.021097436547279358, 0.407598614692688, 1.6301720142364502, 76.8245849609375, -0.4623673537234144, -0.5229847255734625, -0.6025372741464687, -0.5145086726385043, -0.6879874658075539, -0.5840560405827222]",[1],J1221.4+2814,bll,J1221.5+2814,bll,bll,J1221.5+2814,bll,J1221.5+2814,bll
973,J1222.5+0414,"[2.7858946323394775, 2.685511589050293, 2.485910654067993, 160.86666870117188, -27.3787547696262, -27.186579087606425, -27.75516060263901, -27.241309010786644, -23.556349786468402, 0.09635797888040543, 0.4710236191749573, 2.831003427505493, 29.56281089782715, -0.3984397079000627, -0.6730032754142388, -0.8170142259592256, -0.8452954462533461, -0.9489321961709959, -0.9985789232161759]",[1],J1222.4+0414,fsrq,J1222.5+0414,fsrq,fsrq,J1222.5+0414,fsrq,J1222.5+0414,fsrq
974,J1223.6-3032,"[1.7327691316604614, 1.5709798336029053, 1.4814828634262085, 5.857770919799805, -34.87467052564673, -34.50799322394338, -28.495661549323387, -34.70042780605027, -24.013780234775364, 0.08946947008371353, 0.0, 0.545133113861084, 9.324568748474121, 0.9997082372166798, -0.5538806875686669, -0.9294393450038287, 0.5424683847984899, -0.5028294559307616, -0.26775709104459877]",[1],J1223.3-3028,bcu,J1223.6-3032,bcu,bll,J1223.6-3032,bll,J1223.6-3032,bll
975,J1223.8+8039,"[2.265373945236206, 2.1173620223999023, 1.925891637802124, 26.567276000976562, -30.384658403621653, -30.133446180939064, -28.096408738358313, -30.20918839923827, -23.63830252996191, 0.12522192299365997, 0.1837877780199051, 4.54803991317749, 33.10811996459961, -0.45931124933914946, -0.4556477717490023, -0.6136796822866206, -0.5928933142935686, -0.757071532710226, -0.8977870255757358]",[1],J1222.7+8041,bll,J1223.8+8039,bll,bll,J1223.8+8039,bll,J1223.8+8039,bll
976,J1223.9+5000,"[2.5419528484344482, 2.418700695037842, 1.871352195739746, 148.2658233642578, -29.46223049855166, -29.136410081990558, -28.229652683350505, -29.156814560627016, -23.868353950106496, 0.22466133534908295, 0.6623198986053467, 5.018727779388428, 23.820676803588867, -0.2216441673004985, -0.5064662980545246, -0.7456682548815043, -0.7783187891107192, -0.8782773936607002, -0.9999847109300061]",[1],J1224.5+4957,fsrq,J1223.9+5000,fsrq,fsrq,J1223.9+5000,fsrq,J1223.9+5000,fsrq
977,J1224.4+2436,"[1.9251257181167603, 1.8651295900344849, 1.823374629020691, 178.75286865234375, -32.04387653541048, -31.788468666276216, -27.90186270528283, -31.93507924037758, -23.52675329147798, 0.050192367285490036, 0.7233017683029175, 2.1130294799804688, 37.97179412841797, 0.05201136208842694, 0.06814350817115736, -0.4760207188965281, -0.44213346737337805, -0.6132381243377419, -0.2564949306292132]",[1],J1224.5+2436,bll,J1224.4+2436,bll,bll,J1224.4+2436,bll,J1224.4+2436,bll
978,J1224.7-8313,"[2.6391584873199463, 2.6057918071746826, 2.4601597785949707, 26.21145248413086, -29.362553144814253, -29.103435883178395, -27.98685676354262, -29.162174848800092, -23.757055604225407, 0.07713255286216736, 0.2949623167514801, 1.8414173126220703, 15.534477233886719, 0.045631693073276476, -0.7004809087625429, -0.7471046560471138, -0.7901973547104052, -0.6820210023200534, -0.9999746842434499]",[1],J1224.6-8312,bcu,J1224.7-8313,bcu,bcu,J1224.7-8313,bcu,J1224.7-8313,bcu
979,J1224.9+2122,"[2.341860294342041, 2.2780685424804688, 2.239715576171875, 20391.892578125, -27.107737848626254, -26.957969621740528, -26.98752509208204, -27.049604123612077, -22.34299505645777, 0.045871760696172714, 1.1074182987213135, 7.595045566558838, 215.4005126953125, -0.25559527476688165, -0.5775540987794813, -0.6763512480211532, -0.6584106817974095, -0.7444039688968292, -0.6526797380426563]",[1],J1224.9+2122,FSRQ,J1224.9+2122,FSRQ,FSRQ,J1224.9+2122,FSRQ,J1224.9+2122,FSRQ
980,J1224.9+4334,"[2.4458584785461426, 2.4274444580078125, 2.3253488540649414, 8.122836112976074, -30.143919087942997, -29.953547051661566, -28.58463533151506, -30.019369978686743, -24.03434389249069, 0.022082434967160225, 0.0, 0.5710621476173401, 19.14891242980957, -0.28424540237734275, -0.6303959944157542, -0.707950184722591, -0.5891708439165236, -0.8498360440603524, -0.9999970984420512]",[1],J1224.6+4332,bll,J1224.9+4334,bll,bll,J1224.9+4334,bll,J1224.9+4334,bll
981,J1225.6-7313,"[2.1666746139526367, 2.1484532356262207, 2.019019842147827, 23.087764739990234, -32.51390431693095, -32.32947459747683, -28.148914403290004, -32.155279803183056, -23.7109705323327, 0.045368071645498276, 0.49140748381614685, 0.9726505875587463, 9.341712951660156, 0.9997053487534145, -0.17023537381984527, -0.7757241508935018, -0.36979616649615926, -0.6532067214128576, -0.45110938815906626]",[1],J1225.7-7314,bcu,J1225.6-7313,bcu,bcu,J1225.6-7313,bcu,J1225.6-7313,bcu
982,J1226.7+0637,"[1.735310673713684, 1.5832774639129639, 1.3056398630142212, 20.330028533935547, -34.363301031378235, -33.947876050655225, -28.504600945587672, -34.08744256878897, -24.153156588545304, 0.14342010021209717, 0.5548491477966309, 1.828243374824524, 10.285776138305664, -0.9999998569777566, 0.9999989022972535, -0.5375697971456718, -0.1358254347251253, -0.3959084272808803, -0.5421636406972041]",[1],J1226.8+0638,bll,J1226.7+0637,bll,bll,J1226.7+0637,bll,J1226.7+0637,bll
983,J1226.8-1329,"[1.9982351064682007, 1.876207709312439, 1.6595336198806763, 42.55305862426758, -32.28799164255893, -31.96209829271952, -28.03379104015297, -32.0555466131155, -23.555310868815535, 0.11751007288694382, 0.47017648816108704, 2.5393667221069336, 19.732919692993164, -0.3667984843437748, -0.756765226563309, -0.1897353159824397, -0.5469355908421331, -0.6450376690188964, -0.25336447148725666]",[1],J1226.9-1329,bll,J1226.8-1329,bll,bll,J1226.8-1329,bll,J1226.8-1329,bll
984,J1228.0-4853,"[2.381770610809326, 2.396632194519043, 1.835286259651184, 74.361328125, -30.763720306519527, -30.55397298711195, -27.403418875679073, -30.528092225886027, -22.952444112641928, 0.1954732984304428, 0.3184886574745178, 7.3616485595703125, 32.12430953979492, 0.9900260416293132, -0.6938488613333014, -0.5745502744524202, -0.6567390652615605, -0.8399871359076521, -0.9999378737404265]",[0],J1227.9-4854,psr,J1228.0-4853,PSR,PSR,J1228.0-4853,MSP,J1228.0-4853,MSP
985,J1228.7+4858,"[2.555598258972168, 2.506089925765991, 2.2340335845947266, 87.09734344482422, -30.39526205611558, -30.168715971851825, -28.31258245451159, -30.129769646081535, -24.077807470915452, 0.13480328023433685, 0.8224552869796753, 2.3330750465393066, 14.705784797668457, 0.9905451320436321, -0.7026950437197764, -0.7135213483840267, -0.8795746636393038, -0.46753815069667226, -0.9999289558832128]",[1],J1228.7+4857,fsrq,J1228.7+4858,fsrq,fsrq,J1228.7+4858,fsrq,J1228.7+4858,fsrq
986,J1229.0+0202,"[2.7048068046569824, 2.614849090576172, 2.4468307495117188, 7045.7822265625, -26.524661001498963, -26.283131886121737, -27.283424026203736, -26.36551121198727, -22.812724774166135, 0.0965183675289154, 0.9648317694664001, 9.30366325378418, 130.9206085205078, -0.3856448930872493, -0.6917772631826792, -0.7971088125500406, -0.8128104537761613, -0.8734567880881118, -0.8606006573472853]",[1],J1229.1+0202,FSRQ,J1229.0+0202,FSRQ,FSRQ,J1229.0+0202,FSRQ,J1229.0+0202,FSRQ
987,J1229.7-5304,"[2.1249334812164307, 2.122257709503174, 2.1160709857940674, 23.327592849731445, -32.39547539632794, -32.24075843138454, -28.20162137014727, -32.341547072926595, -23.72180277228487, 0.003981258720159531, 0.504008412361145, 0.10697092860937119, 10.95943832397461, -0.4331789612890037, -0.3763486519849386, -0.6004546532541678, -0.6164899658937983, -0.33177948197781165, -0.7492741183839536]",[1],J1229.8-5305,bcu,J1229.7-5304,bcu,bll,J1229.7-5304,bll,J1229.7-5304,bll
988,J1230.2+2517,"[2.089320182800293, 2.0009102821350098, 1.9320638179779053, 1731.6871337890625, -29.58075600918928, -29.42829481090258, -27.439006259150897, -29.50303521981923, -22.98285555652725, 0.05434047058224678, 1.089895248413086, 4.363342761993408, 83.29373931884766, -0.22047819676390915, -0.5022620171301376, -0.5419154329367427, -0.5277585063025487, -0.6302739339992675, -0.7515158658038811]",[1],J1230.3+2519,bll,J1230.2+2517,bll,bll,J1230.2+2517,bll,J1230.2+2517,bll
989,J1230.8+1223,"[2.0573060512542725, 2.0262653827667236, 2.0209765434265137, 23.064655303955078, -31.217798299254333, -31.000946185140688, -27.88315481259205, -31.15310465455515, -23.386691347775486, 0.035015955567359924, 0.16187602281570435, 1.7566454410552979, 40.58195495605469, -0.4440118746657364, -0.38319088659675626, -0.6018472138024462, -0.48362532061985547, -0.7001017236003436, -0.25335043830742415]",[1],J1230.9+1224,rdg,J1230.8+1223,rdg,rdg,J1230.8+1223,rdg,J1230.8+1223,rdg
990,J1231.1-1412,"[1.9621844291687012, 1.5995197296142578, 0.6282608509063721, 25.68898582458496, -29.56224853776236, -28.94852160213849, -27.343082883311027, -29.0329873823093, -22.13637619501739, 0.437285840511322, 0.0460309162735939, 46.39011001586914, 171.03436279296875, 0.324051754229113, 0.026017644253373853, -0.3210935000820949, -0.6110260769322138, -0.9353674955225971, -0.999999852145848]",[0],J1231.2-1411,PSR,J1231.1-1412,PSR,PSR,J1231.1-1412,MSP,J1231.1-1412,MSP
991,J1231.5+1421,"[1.8827072381973267, 1.8887933492660522, 1.7985785007476807, 13.280856132507324, -33.619794807677096, -33.45188533735842, -28.36518548399704, -33.52550628388705, -23.88921751800968, -0.005533863790333271, 0.2632496654987335, 0.1146523728966713, 12.603405952453613, 0.9954276580905, -0.7694115294605072, -0.6317689424100302, -0.30872074884204465, -0.5451921980677278, -0.07725448962965231]",[1],J1231.8+1421,bll,J1231.5+1421,bll,bll,J1231.5+1421,bll,J1231.5+1421,bll
992,J1231.6+6415,"[1.9063061475753784, 1.9071106910705566, 1.7954983711242676, 8.857959747314453, -33.52875720672124, -33.36067342997072, -28.707702265655687, -33.420662652644246, -24.26971433104085, 0.00019528383563738316, 0.0, 0.0, 15.728184700012207, 0.49016227181753796, -0.4166694161357701, -0.615555465213246, -0.3120854508145298, -0.5442285306752499, -0.1621488505592414]",[1],J1231.5+6414,bll,J1231.6+6415,bll,bll,J1231.6+6415,bll,J1231.6+6415,bll
993,J1231.7+2847,"[1.9977753162384033, 1.9546728134155273, 1.86580228805542, 236.16751098632812, -31.28992390549161, -31.070474943149648, -27.823654030525294, -31.169607077700277, -23.38914066028564, 0.03951169550418854, 0.5835968255996704, 2.254774332046509, 52.468955993652344, 0.9990216069319693, -0.47515955631933354, -0.5107321744251578, -0.4931502693294113, -0.5066015396318868, -0.659340944588707]",[1],J1231.7+2847,bll,J1231.7+2847,bll,bll,J1231.7+2847,bll,J1231.7+2847,bll
994,J1233.7-0144,"[2.0613937377929688, 2.0477538108825684, 2.0078258514404297, 28.977407455444336, -31.58958629057966, -31.41566940876686, -28.02772433799242, -31.51454571617772, -23.527947274135848, 0.012587332166731358, 0.28339117765426636, 0.4574970304965973, 25.713573455810547, -0.5780114974340906, -0.6304203222485636, -0.5246818335761381, -0.5291166316414743, -0.5267177799135732, -0.4945999543234035]",[1],J1233.7-0145,bll,J1233.7-0144,bll,bll,J1233.7-0144,bll,J1233.7-0144,bll
995,J1234.0-5735,"[1.9875495433807373, 1.8193836212158203, 1.6213393211364746, 24.29410171508789, -32.02242932907235, -31.729958062955284, -27.631953209115085, -31.818594802138524, -23.117261329069574, 0.12539608776569366, 0.24700047075748444, 4.0015740394592285, 25.942346572875977, -0.9992026614975972, 0.9963807059307038, -0.334976839207099, -0.4590543665715857, -0.48296592614327366, -0.6637859884144707]",[1],J1233.9-5736,bcu,J1234.0-5735,bcu,bcu,J1234.0-5735,bcu,J1234.0-5735,bcu
996,J1236.3+3858,"[1.9888602495193481, 2.0469276905059814, 1.9665074348449707, 16.006267547607422, -33.27105191156474, -33.18219294250241, -28.711873631552663, -33.21845760773255, -24.221160835253492, -0.04111147299408913, 0.19325129687786102, 0.782818078994751, 10.875269889831543, -0.9666512934066572, 0.2709490776806155, -0.5909424426616815, -0.48259222966155557, -0.435842326198275, -0.25328121596494363]",[1],J1236.6+3901,bll,J1236.3+3858,bll,bll,J1236.3+3858,bll,J1236.3+3858,bll
997,J1237.8+6256,"[1.8928065299987793, 1.9690282344818115, 1.6965620517730713, 18.29827308654785, -34.65271897847394, -34.41794563907188, -29.08218935154231, -34.520049603067626, -24.539993608954944, -0.046048201620578766, 0.41424423456192017, 0.39798665046691895, 5.935746192932129, -0.46913318952919697, -0.7793482509472621, -0.7169494710105165, -0.2428609150409893, -0.386008839548175, -0.46837492399356034]",[1],J1237.9+6258,bll,J1237.8+6256,bll,bll,J1237.8+6256,bll,J1237.8+6256,bll
998,J1238.1-4541,"[2.189420223236084, 2.1304519176483154, 1.9426997900009155, 29.725521087646484, -31.798696919803927, -31.527836019878574, -28.30293708212717, -31.5939375532067, -23.816431749764796, 0.08216287940740585, 0.43927842378616333, 1.623594880104065, 13.016582489013672, -0.9332497424981029, 0.20640525412775265, -0.6093972941779198, -0.5867531854936924, -0.5273096135219455, -0.9997889529408898]",[1],J1238.3-4543,bcu,J1238.1-4541,bcu,bll,J1238.1-4541,bll,J1238.1-4541,bll
999,J1238.3-1959,"[2.151301383972168, 2.097470998764038, 2.0071163177490234, 38.91067886352539, -31.404435076095815, -31.162343663546505, -28.24596799741197, -31.27215087897565, -23.711509304619014, 0.05718155950307846, 0.44694268703460693, 1.524395227432251, 19.179838180541992, -0.11417922330487316, -0.511836306186761, -0.5582920330959462, -0.5523858602951369, -0.8425899811376041, 0.10132238655077071]",[1],J1238.2-1958,bcu,J1238.3-1959,bll,bll,J1238.3-1959,bll,J1238.3-1959,bll
1000,J1239.4+0728,"[2.2292730808258057, 2.1135292053222656, 2.051464319229126, 12.406601905822754, -31.564031755630246, -31.193886429110307, -28.423156980511312, -31.3775819508054, -23.922564348351614, 0.12342651188373566, 0.24179817736148834, 1.3806856870651245, 12.33601188659668, 0.9992070228230785, -0.2776667735238834, -0.46789874612244187, -0.7043606087410745, -0.7328317544061504, -0.26359992445208014]",[1],J1239.4+0727,bcu,J1239.4+0728,bcu,bll,J1239.4+0728,bll,J1239.4+0728,bll
1001,J1239.5+0443,"[2.373744487762451, 2.227910280227661, 2.0128793716430664, 2140.8544921875, -28.11773761616885, -27.881988895928558, -27.44364429561882, -27.95848908199717, -22.801726894675145, 0.12339016795158386, 0.7810294032096863, 10.742805480957031, 104.27123260498047, 0.015533463136082818, -0.5462400580910122, -0.6607785731560027, -0.704349319953561, -0.8959636133017445, -0.9999999999410001]",[1],J1239.5+0443,fsrq,J1239.5+0443,fsrq,fsrq,J1239.5+0443,fsrq,J1239.5+0443,fsrq
1002,J1241.8-1456,"[1.8721225261688232, 1.6999602317810059, 1.4536813497543335, 13.99046516418457, -33.12436967665047, -32.6952024852948, -28.26580287438529, -32.8375054687785, -23.865543633255964, 0.17532069981098175, 0.2667561173439026, 2.77761173248291, 14.205769538879395, 0.9979331008969812, -0.6689996816817751, 0.10749705023568189, -0.3029676782536574, -0.744021457248696, -0.16433798105091993]",[1],J1241.6-1456,bll,J1241.8-1456,bll,bll,J1241.8-1456,bll,J1241.8-1456,bll
1003,J1241.9+0636,"[1.8464293479919434, 0.34984517097473145, 0.0004214491054881364, 16.672637939453125, -34.419755442355964, -33.71952833140121, -28.723451165592767, -33.87075413913121, -24.221464935169397, 0.9999346733093262, 0.0, 2.6285624504089355, 5.564727306365967, -0.9650817899371527, -0.5056814543501543, -0.819416395381371, 0.05493968470844355, -0.41419188120406875, -0.9999999999885458]",[1],J1241.9+0639,bll,J1241.9+0636,bll,bll,J1241.9+0636,bll,J1241.9+0636,bll
1004,J1243.2+3627,"[1.7723191976547241, 1.6486912965774536, 1.5613360404968262, 12.866133689880371, -31.412123413858108, -31.232155108189037, -27.467573021869995, -31.306877816438057, -23.239376997590618, 0.059795353561639786, 0.06281530857086182, 3.8595786094665527, 64.13912200927734, 0.9763579140939715, -0.3182439529084709, -0.40428486752152865, -0.27182682167200295, -0.46985352020961973, -0.4272044468521151]",[1],J1243.1+3627,bll,J1243.2+3627,bll,bll,J1243.2+3627,bll,J1243.2+3627,bll
1005,J1243.9-0218,"[2.1873984336853027, 2.0017402172088623, 1.6349879503250122, 60.049888610839844, -31.92611629779634, -31.552759981777527, -28.39916330979935, -31.635710187285923, -23.913417854069863, 0.18403242528438568, 0.8848788738250732, 2.058422088623047, 11.680893898010254, -0.4567909108452335, -0.7435308001579061, -0.4671946560960265, -0.48998490595878746, -0.71382437756787, -0.9984680421877514]",[1],J1243.9-0217,bcu,J1243.9-0218,bcu,bcu,J1243.9-0218,bcu,J1243.9-0218,bcu
1006,J1244.2-4956,"[2.260680675506592, 2.245168685913086, 2.2132580280303955, 20.2409610748291, -31.664590680040455, -31.4839223255656, -28.170557761145115, -31.473056261700766, -23.75530867183172, 0.026624850928783417, 0.4818149209022522, 0.5832650661468506, 11.120141983032227, -0.21940686082235863, -0.6145264486499913, -0.7382592756783083, -0.490916030679651, -0.6547840155639205, -0.5475294710912465]",[1],J1244.3-4955,bcu,J1244.2-4956,bcu,bcu,J1244.2-4956,bcu,J1244.2-4956,bcu
1007,J1244.5+1616,"[2.1703803539276123, 2.2070930004119873, 2.1940574645996094, 7.389147758483887, -32.36566399158498, -32.275824765134686, -28.569949528896064, -32.340074233637345, -24.097744423305652, -0.03713374584913254, 0.0, 0.7590082883834839, 9.808060646057129, 0.9105195161506177, -0.3628882360955578, -0.5407517931831071, -0.6246729113289395, -0.34273331711705257, -0.673426301729675]",[1],J1244.1+1615,bll,J1244.5+1616,bll,bll,J1244.5+1616,bll,J1244.5+1616,bll
1008,J1245.1+5709,"[2.1281015872955322, 2.0587704181671143, 1.8020715713500977, 21.92691993713379, -32.273997959296054, -32.06036839060877, -28.68371444209395, -32.09021239981351, -24.16958898990528, 0.054783184081315994, 0.35322654247283936, 1.1151952743530273, 17.43280792236328, 0.9998485590049733, -0.38497431583165176, -0.6111059312115255, -0.4139499854789026, -0.5518960441536684, -0.9999856562342763]",[1],J1244.8+5707,bll,J1245.1+5709,bll,bll,J1245.1+5709,bll,J1245.1+5709,bll
1009,J1246.7-2548,"[2.3127615451812744, 2.214172124862671, 2.0060958862304688, 1080.197021484375, -28.681638962616915, -28.386729602674468, -27.24536876561197, -28.46852432008735, -22.686667793096316, 0.11729329079389572, 0.48630407452583313, 11.732763290405273, 108.87158966064453, -0.2032217986597816, -0.5125295107498917, -0.6514309716928143, -0.6874257796134225, -0.7431758359965125, -0.9724312431713288]",[1],J1246.7-2547,fsrq,J1246.7-2548,fsrq,fsrq,J1246.7-2548,fsrq,J1246.7-2548,fsrq
1010,J1247.0+4421,"[1.823818325996399, 1.6356931924819946, 1.3482649326324463, 16.868640899658203, -33.52450956386754, -33.15154639072799, -28.49139059847769, -33.23354095238717, -24.149115351904918, 0.14414362609386444, 0.3040066361427307, 2.244138240814209, 14.383467674255371, -0.9125240774498918, -0.19028677189561144, -0.3855134806951908, -0.26280626012797564, -0.44780674471094845, -0.5933736592050982]",[1],J1247.0+4421,bll,J1247.0+4421,bll,bll,J1247.0+4421,bll,J1247.0+4421,bll
1011,J1248.3+5820,"[1.895129680633545, 1.8108233213424683, 1.756075382232666, 92.84697723388672, -30.405026813637136, -30.253629105363334, -27.317451068353645, -30.330345401972092, -23.004485292903276, 0.0458935983479023, 0.16321773827075958, 4.606366157531738, 116.67586517333984, -0.10277266176112197, -0.4431099020430703, -0.4636960313371863, -0.40038048033956364, -0.5400237700594529, -0.502469795905715]",[1],J1248.2+5820,bll,J1248.3+5820,bll,bll,J1248.3+5820,bll,J1248.3+5820,bll
1012,J1248.7+5127,"[2.071462869644165, 2.056412696838379, 2.043355703353882, 13.724916458129883, -32.94754866279026, -32.76966955274469, -28.836718876976494, -32.88837983760538, -24.336486610035266, 0.015747560188174248, 0.3339998126029968, 0.2626655697822571, 9.848857879638672, 0.9993035515274459, -0.7133182226886868, -0.3817127380456047, -0.5415358114203938, -0.6252477533597045, -0.25338175256094997]",[1],J1248.0+5130,bll,J1248.7+5127,bll,bll,J1248.7+5127,bll,J1248.7+5127,bll
1013,J1249.8+3707,"[1.7800867557525635, 1.665239930152893, 1.2496260404586792, 35.08564758300781, -33.65955674749307, -33.167409080691996, -28.354946877740126, -33.25051120483164, -24.0454219556581, 0.10855741798877716, 0.6304731369018555, 1.5888603925704956, 16.139019012451172, 0.9364355262196631, -0.6695162675925891, -0.2884642924923252, -0.1767399324945134, -0.5504952689043716, -0.44635741566736664]",[1],J1249.7+3705,bll,J1249.8+3707,bll,bll,J1249.8+3707,bll,J1249.8+3707,bll
1014,J1250.6+0217,"[2.0574541091918945, 1.9944871664047241, 1.866146445274353, 9.084184646606445, -32.458363668686154, -32.18020200484617, -28.356518807134535, -32.288686535605095, -23.85708925632659, 0.08576218038797379, 0.0, 1.5521399974822998, 12.401963233947754, 0.41793984232181824, 0.48563413844810904, -0.641108314419566, -0.40118412267285936, -0.6813080994374088, -0.39939439438326363]",[1],J1250.5+0217,bll,J1250.6+0217,bll,bll,J1250.6+0217,bll,J1250.6+0217,bll
1015,J1251.2+1039,"[2.130134105682373, 2.032860040664673, 1.8419349193572998, 21.308883666992188, -32.60215349598724, -32.36998900630405, -28.565851077455786, -32.42629201794409, -24.08251857022789, 0.07752098143100739, 0.5853722095489502, 0.8436963558197021, 8.292573928833008, 0.2262582526440547, -0.807657042106132, -0.3373704531929457, -0.49717664864527505, -0.6547040249864369, -0.6201715573352071]",[1],J1251.3+1041,bll,J1251.2+1039,bll,bll,J1251.2+1039,bll,J1251.2+1039,bll
1016,J1251.3-0201,"[2.127450942993164, 1.9505589008331299, 1.7950478792190552, 86.76835632324219, -30.89761256958487, -30.592610089424184, -28.127603439302234, -30.71861619608696, -23.55253609138486, 0.15577276051044464, 0.6037839651107788, 3.3236494064331055, 20.479646682739258, 0.9613432137264762, 0.13091986820330925, -0.5261501130905881, -0.6064638501152, -0.7511750552274181, -0.4403299589333265]",[1],J1251.0-0203,bcu,J1251.3-0201,bcu,bcu,J1251.3-0201,bcu,J1251.3-0201,bcu
1017,J1253.2+5301,"[2.0417165756225586, 1.9312983751296997, 1.8225226402282715, 115.65867614746094, -30.441497857728752, -30.22421760455207, -27.50401878331536, -30.299634345174866, -23.081658461033847, 0.08810438960790634, 0.2414254993200302, 7.12227201461792, 86.9989013671875, -0.07995563701420659, -0.3011841861162415, -0.5029207559173485, -0.5105605816778251, -0.6363201945889784, -0.6332908752740798]",[1],J1253.2+5300,bll,J1253.2+5301,bll,bll,J1253.2+5301,bll,J1253.2+5301,bll
1018,J1253.8+0327,"[1.989727258682251, 1.9160953760147095, 1.7730834484100342, 17.2032413482666, -32.01876910801591, -31.733534381540448, -28.077661850177773, -31.84753758494614, -23.625226753306098, 0.07396805286407471, 0.1590375155210495, 2.091198444366455, 23.192472457885742, 0.9968752264490842, -0.47835843390374744, -0.38826277820409494, -0.564080130838014, -0.5118918156172417, -0.6026747630755755]",[1],J1253.7+0327,bll,J1253.8+0327,bll,bll,J1253.8+0327,bll,J1253.8+0327,bll
1019,J1253.8+6242,"[1.986660361289978, 1.9577627182006836, 1.8852732181549072, 46.59901428222656, -32.717594811558534, -32.51151216273128, -28.621612463532777, -32.61064168459304, -24.16660653951785, 0.022893497720360756, 0.5524320602416992, 0.626607358455658, 21.547422409057617, 0.9891590698629377, -0.5838174031717055, -0.530961104491093, -0.3837861011632289, -0.6482580654741117, -0.4144697026577978]",[1],J1254.1+6240,bll,J1253.8+6242,bll,bll,J1253.8+6242,bll,J1253.8+6242,bll
1020,J1254.2-2205,"[2.191149950027466, 2.0048773288726807, 1.6228348016738892, 27.880495071411133, -32.084514856153156, -31.730421553768377, -28.284809557070478, -31.80247671086202, -23.83185793140891, 0.1948382407426834, 0.5432829856872559, 1.9677761793136597, 9.759642601013184, 0.925686401753597, -0.46385626855276574, -0.5631331804788445, -0.5027719169108984, -0.6652520305859947, -0.9944771128798776]",[1],J1254.1-2203,bcu,J1254.2-2205,bcu,bcu,J1254.2-2205,bcu,J1254.2-2205,bcu
1021,J1254.5+2210,"[2.0890748500823975, 2.0130069255828857, 1.8531641960144043, 31.197370529174805, -31.912459924624272, -31.655155789198165, -28.335835215174562, -31.731174136899227, -23.823865155640252, 0.06185910105705261, 0.38427793979644775, 1.3333854675292969, 20.57799530029297, -0.23997109514118634, -0.7136151072056839, -0.39929138150418275, -0.430049365260465, -0.7284220729760423, -0.7012896519374496]",[1],J1254.5+2210,bll,J1254.5+2210,bll,bll,J1254.5+2210,bll,J1254.5+2210,bll
1022,J1254.9-4426,"[2.4069643020629883, 2.4169464111328125, 2.3757777214050293, 11.466103553771973, -31.059338320823, -30.91147450673589, -28.232069671999604, -30.880124919387914, -23.912749735153547, -0.012332998216152191, 0.22723370790481567, 0.20745886862277985, 8.90420913696289, 0.9971759426732689, -0.5324451406502738, -0.6992945950803483, -0.6701192829900247, -0.3470457912171416, -0.9999973242506858]",[1],J1254.9-4423,bll,J1254.9-4426,bll,bll,J1254.9-4426,bll,J1254.9-4426,bll
1023,J1256.1-5919,"[2.095046281814575, 2.1222739219665527, 2.061688184738159, 12.582694053649902, -32.98426235843118, -32.8942236972307, -27.811178956772597, -32.92591456252444, -23.343691992317794, -0.024472063407301903, 0.24760465323925018, 0.5668038725852966, 11.007466316223145, -0.991734512000598, 0.9560282527148212, -0.7096310344632641, -0.47616903678149974, -0.46094656310742277, -0.48305745169652287]",[1],J1256.1-5919,bcu,J1256.1-5919,bcu,bcu,J1256.1-5919,bcu,J1256.1-5919,bcu
1024,J1256.1-0547,"[2.2900187969207764, 2.196481227874756, 2.09698748588562, 30121.3046875, -27.003104883753373, -26.79080313540414, -26.489058640077705, -26.890866614754273, -21.80177790376621, 0.07365552335977554, 1.018216609954834, 16.678821563720703, 291.63250732421875, -0.21302335757026558, -0.5320237821783671, -0.6564014476245358, -0.6391485087455723, -0.7844532236291719, -0.7723845322095013]",[1],J1256.1-0547,FSRQ,J1256.1-0547,FSRQ,FSRQ,J1256.1-0547,FSRQ,J1256.1-0547,FSRQ
1025,J1256.2-1146,"[1.9203418493270874, 1.891611933708191, 1.8755406141281128, 9.959139823913574, -32.44880322582518, -32.228043955209266, -28.02355909508798, -32.3667938995101, -23.614126677987322, 0.027190592139959335, 0.08559861779212952, 0.8929241299629211, 24.30887794494629, -0.6221717642325829, -0.5405252348719242, -0.38266233317986154, -0.5170763549465784, -0.41442385563524664, -0.5514466630636421]",[1],J1256.3-1146,bcu,J1256.2-1146,bll,bll,J1256.2-1146,bll,J1256.2-1146,bll
1026,J1258.3+6121,"[2.0183184146881104, 1.841701865196228, 1.6114118099212646, 9.088310241699219, -33.32678080534189, -32.92057095404214, -28.947572074044086, -33.0496147486574, -24.452251972040308, 0.17072977125644684, 0.08088628947734833, 1.696481704711914, 9.392861366271973, 0.9078952515722652, 0.8924527374412888, -0.19467115041069877, -0.48306140169311684, -0.634980166720036, -0.6848105496894595]",[1],J1258.0+6120,bll,J1258.3+6121,bll,bll,J1258.3+6121,bll,J1258.3+6121,bll
1027,J1258.6-1759,"[2.392148017883301, 2.23295521736145, 2.0237910747528076, 208.443115234375, -29.34645443544562, -29.094053279515002, -27.91536120041639, -29.168610162951577, -23.401778818816894, 0.1374054253101349, 0.7453227043151855, 3.9109725952148438, 27.67666244506836, 0.616201838122795, -0.4590238401473859, -0.6784460004401377, -0.6558928322235904, -0.8410630924068268, -0.9999967740672011]",[1],J1258.6-1800,fsrq,J1258.6-1759,fsrq,fsrq,J1258.6-1759,fsrq,J1258.6-1759,fsrq
1028,J1258.7+5143,"[2.319248914718628, 2.362562417984009, 2.4669339656829834, 11.963129043579102, -32.54435805229276, -32.58711643072127, -28.646459553285577, -32.58305822648009, -24.424653444671936, -0.09109238535165787, 0.2282414436340332, 1.8034266233444214, 6.723430156707764, 0.9216222792215151, -0.8647939187888061, -0.7664675970538459, -0.4461621404366581, -0.8495597149776989, 0.46243978895881893]",[1],J1258.7+5137,bcu,J1258.7+5143,bcu,bcu,J1258.7+5143,bcu,J1258.7+5143,bcu
1029,J1258.8-2219,"[2.394615411758423, 2.3314855098724365, 2.1236085891723633, 508.7048645019531, -29.49409145304954, -29.24811981071951, -27.530713958690058, -29.295028085047356, -23.177637836306086, 0.09348328411579132, 0.8642260432243347, 4.428613185882568, 39.290000915527344, -0.22206367784562075, -0.5694349132263109, -0.6570317818489433, -0.6985660906425568, -0.7785755774150426, -0.8677486145700569]",[1],J1258.7-2219,fsrq,J1258.8-2219,fsrq,fsrq,J1258.8-2219,fsrq,J1258.8-2219,fsrq
1030,J1259.1-2311,"[2.088759422302246, 2.0414786338806152, 1.9786715507507324, 75.79019927978516, -32.26734546812525, -32.03796513569995, -28.05439646505323, -32.16247538260003, -23.559329525611464, 0.04119255766272545, 0.6921294927597046, 0.8707712292671204, 18.335803985595703, -0.6105413286033113, -0.3992699553131995, -0.6051649370667094, -0.41178017435109737, -0.6564010291675226, -0.3846175213819064]",[1],J1259.0-2310,bcu,J1259.1-2311,bll,bll,J1259.1-2311,bll,J1259.1-2311,bll
1031,J1259.8-3749,"[2.1062777042388916, 2.100613594055176, 2.0416715145111084, 20.58542251586914, -31.81551214137441, -31.652957206567667, -28.20453905593067, -31.738757243528646, -23.69120788902554, 0.004712079185992479, 0.28900307416915894, 0.12187980860471725, 18.93642807006836, 0.9972819530556593, -0.5247833256234902, -0.5273032085671919, -0.5336358636486062, -0.5900333427244545, -0.5212521949178304]",[1],J1259.8-3749,bcu,J1259.8-3749,bll,bll,J1259.8-3749,bll,J1259.8-3749,bll
1032,J1300.4+1416,"[2.737848997116089, 2.690472364425659, 2.548771858215332, 35.53488540649414, -28.488254453549168, -28.217754993423007, -28.236487128981864, -28.30119446635272, -23.891354249315334, 0.08541209250688553, 0.3139920234680176, 1.7373805046081543, 19.34688377380371, -0.2176607835771831, -0.7074795597395062, -0.8214059596447326, -0.6858258946099723, -0.7795590366218057, -0.999525452059347]",[1],J1300.2+1416,fsrq,J1300.4+1416,fsrq,fsrq,J1300.4+1416,fsrq,J1300.4+1416,fsrq
1033,J1301.6+0834,"[2.2035579681396484, 1.928430438041687, 0.9262181520462036, 12.7550630569458, -30.587365764129938, -30.1090767720546, -28.358973505426512, -30.128523718143548, -23.365486527703624, 0.4109467566013336, 0.1156771332025528, 8.389317512512207, 27.603290557861328, 0.31014643150653737, -0.20145377763338942, -0.4541367341669318, -0.6762679049163175, -0.9703474220061051, -0.9999624236229302]",[0],J1301.6+0832,PSR,J1301.6+0834,PSR,PSR,J1301.6+0834,MSP,J1301.6+0834,MSP
1034,J1302.4-3258,"[2.074176549911499, 1.6648180484771729, 0.32476678490638733, 3.1955606937408447, -31.245448817881133, -30.66206437450953, -28.18413457141899, -30.711466952296604, -23.106760997756698, 0.560077965259552, 0.0, 12.309283256530762, 39.228729248046875, -0.34925975284093186, -0.16203876848313445, -0.19924221720783553, -0.5046008615186541, -0.920433089493801, -0.9997785738169352]",[0],J1302.3-3259,PSR,J1302.4-3258,PSR,PSR,J1302.4-3258,MSP,J1302.4-3258,MSP
1035,J1302.8+5748,"[2.2666053771972656, 2.293578624725342, 2.21091365814209, 35.03871154785156, -31.659155978149723, -31.569436744511236, -28.74393660850821, -31.568270653934604, -24.229581282226185, -0.028525210916996002, 0.4907148480415344, 0.6800704002380371, 15.704009056091309, 0.9543092691633988, -0.7534474866081496, -0.5301350678266536, -0.5709373132444125, -0.5748358635541232, -0.9999785528181169]",[1],J1302.6+5748,bcu,J1302.8+5748,bcu,bll,J1302.8+5748,bll,J1302.8+5748,bll
1036,J1303.0+2434,"[2.179208755493164, 2.0660207271575928, 1.961685299873352, 233.03273010253906, -29.971322405184054, -29.782279705294695, -27.764656353531496, -29.85075427128197, -23.31081979546906, 0.08150424063205719, 0.5387928485870361, 3.9563450813293457, 49.62626647949219, 0.3030819233948603, -0.41609614824729635, -0.5812443625184173, -0.5630290475318174, -0.6953310529208726, -0.8692591768665678]",[1],J1303.0+2435,bll,J1303.0+2434,bll,bll,J1303.0+2434,bll,J1303.0+2434,bll
1037,J1303.6-4622,"[2.214372158050537, 2.093384265899658, 1.787165641784668, 60.35219955444336, -31.67361390246361, -31.32535358308799, -28.25713990782328, -31.403482440438577, -23.78377112950775, 0.1729411780834198, 0.8795809745788574, 2.6918563842773438, 11.51418685913086, 0.9985364853225159, 0.2457958221181443, -0.4935947252255544, -0.6728979582810612, -0.7762914352195984, -0.6386531079151774]",[1],J1303.7-4619,fsrq,J1303.6-4622,fsrq,fsrq,J1303.6-4622,fsrq,J1303.6-4622,fsrq
1038,J1304.0-5539,"[2.6227259635925293, 2.638277530670166, 2.7103922367095947, 14.893370628356934, -30.30399315379578, -30.19141109697294, -27.543602184049682, -30.313448880847993, -23.605476583706434, -0.04675151780247688, 0.3627784848213196, 0.7249090075492859, 6.3845624923706055, -0.11180694037114441, -0.6068857154777786, -0.8691783320904113, -0.457252568221296, -0.9997659016930003, 0.9963441873712612]",[1],J1304.3-5535,bcu,J1304.0-5539,bcu,bcu,J1304.0-5539,bcu,J1304.0-5539,bcu
1039,J1304.2-2412,"[1.971879243850708, 1.8942314386367798, 1.7299762964248657, 7.05333137512207, -32.744156176011465, -32.484254378946375, -28.159459064714145, -32.578692468106404, -23.67785733902418, 0.06515273451805115, 0.0, 1.4569950103759766, 16.713327407836914, 0.8550397121844069, -0.43314654952663084, -0.5756084562791964, -0.378304808461934, -0.5131310611832418, -0.5535264843899096]",[1],J1304.2-2411,bcu,J1304.2-2412,bll,bll,J1304.2-2412,bll,J1304.2-2412,bll
1040,J1304.3-4353,"[1.889910340309143, 1.7378745079040527, 1.6243252754211426, 101.70106506347656, -31.448553807175458, -31.20943451408882, -27.46641791452837, -31.309247580369885, -23.092000043942807, 0.09492288529872894, 0.37429019808769226, 4.508563995361328, 49.96907424926758, 0.9972343254895245, -0.530470366117257, -0.33439466150900216, -0.40729081906997006, -0.5160986669801886, -0.45898107906740365]",[1],J1304.3-4353,bll,J1304.3-4353,bll,bll,J1304.3-4353,bll,J1304.3-4353,bll
1041,J1304.6-0348,"[2.176055431365967, 1.8734925985336304, 0.8396087884902954, 23.288272857666016, -32.51716911889062, -31.962055598657212, -28.6477565961121, -32.097755560682714, -24.184422495782, 0.49750199913978577, 1.0621564388275146, 1.8472143411636353, 3.5826663970947266, -0.8022340116700815, -0.9038892402914753, 0.029287259303267487, -0.6964397873127468, -0.6561244047020612, -0.999920488779539]",[1],J1304.8-0338,fsrq,J1304.6-0348,fsrq,fsrq,J1304.6-0348,fsrq,J1304.6-0348,fsrq
1042,J1304.9-2107,"[2.219609022140503, 2.149854898452759, 1.9639486074447632, 3.8929193019866943, -32.19043076083746, -31.894914799708047, -28.242875905245004, -31.995501849285827, -23.835011858499513, 0.0851992592215538, 0.0, 0.9736290574073792, 8.767069816589355, 0.940573678930388, 0.7071049742506758, -0.6897250376907136, -0.5979279173931754, -0.5165849119760957, -0.9995039294208568]",[1],J1304.9-2109,bcu,J1304.9-2107,bcu,bcu,J1304.9-2107,bcu,J1304.9-2107,bcu
1043,J1305.6+7853,"[2.2403111457824707, 2.242248296737671, 1.999536395072937, 9.113563537597656, -31.99483569804966, -31.80129955608486, -28.6838414335542, -31.7983715739899, -24.21521932111824, -0.0007741227163933218, 0.0, 0.036689046770334244, 15.698646545410156, 0.980132061995766, -0.5843095776620167, -0.6298349096177359, -0.5073215611758936, -0.7416976701830723, -0.6193167997344107]",[1],J1305.5+7854,bll,J1305.6+7853,bll,bll,J1305.6+7853,bll,J1305.6+7853,bll
1044,J1306.7-2148,"[2.1819417476654053, 1.9812328815460205, 1.7270090579986572, 10.922208786010742, -31.991676132721587, -31.62174505171233, -28.173246222011922, -31.719643012753725, -23.712494097124935, 0.19765309989452362, 0.17139014601707458, 2.339078187942505, 12.964746475219727, 0.9998630338379796, -0.7375978151303574, -0.2580223493055896, -0.5476483585571131, -0.7941588163662086, -0.5428216302732365]",[1],J1306.8-2146,bcu,J1306.7-2148,rdg,rdg,J1306.7-2148,rdg,J1306.7-2148,rdg
1045,J1307.6-4259,"[1.9390156269073486, 1.903902292251587, 1.8188737630844116, 22.969640731811523, -32.075549761626085, -31.86928607322168, -27.735066496155046, -31.962218528478353, -23.3146505207243, 0.029594480991363525, 0.16566483676433563, 1.4122129678726196, 41.01633071899414, -0.3766405219702963, -0.22709311599495968, -0.46979630459937277, -0.44818815488337216, -0.5268437145639802, -0.3185949093603712]",[1],J1307.6-4300,bcu,J1307.6-4259,bll,bll,J1307.6-4259,bll,J1307.6-4259,bll
1046,J1308.4-6706,"[2.3987808227539062, 2.342345714569092, 2.1216228008270264, 128.3291778564453, -30.84988323650524, -30.598830261419607, -27.598289922680735, -30.654274440470864, -23.349524447173202, 0.09902750700712204, 0.8770646452903748, 2.3747506141662598, 16.03877067565918, 0.9657545176871603, -0.309605960003803, -0.6460469562504755, -0.6945965112669634, -0.6267513854499767, -0.9999996968229075]",[1],J1308.1-6707,bcu,J1308.4-6706,bcu,bcu,J1308.4-6706,bcu,J1308.4-6706,bcu
1047,J1308.5+3547,"[2.365983247756958, 2.182030200958252, 1.68709135055542, 126.21162414550781, -29.9748495815948, -29.61627932653396, -28.401322127012563, -29.679120428578226, -23.784163947613177, 0.2293568253517151, 0.7210448384284973, 4.920917510986328, 22.83382225036621, 0.9822814057228695, -0.41860056712437277, -0.6167737005496262, -0.7274230071935384, -0.8716588862574854, -0.9942710119725341]",[1],J1308.7+3545,fsrq,J1308.5+3547,fsrq,fsrq,J1308.5+3547,fsrq,J1308.5+3547,fsrq
1048,J1309.4+4305,"[1.9040123224258423, 1.7688698768615723, 1.6714897155761719, 30.65306282043457, -31.183558086608755, -30.96438279070868, -27.791492902102057, -31.056279308642246, -23.4142537177562, 0.08353780210018158, 0.18309886753559113, 4.3429131507873535, 49.46090316772461, 0.9973710282305319, -0.3794280791724007, -0.36256463789141485, -0.42954919326796226, -0.5887419835716189, -0.590752746092207]",[1],J1309.3+4304,bll,J1309.4+4305,bll,bll,J1309.4+4305,bll,J1309.4+4305,bll
1049,J1309.7+1153,"[2.1880879402160645, 2.1435251235961914, 1.9809556007385254, 6.952850818634033, -31.39400865878224, -31.153521349336387, -28.290046607719404, -31.177875946289863, -23.760939342650712, 0.061184048652648926, 0.0, 1.4742486476898193, 17.427167892456055, 0.7552143412520992, -0.05615294669254813, -0.6078380773256498, -0.5350531318338878, -0.7389802369862689, -0.8260161937072497]",[1],J1309.5+1154,bll,J1309.7+1153,bll,bll,J1309.7+1153,bll,J1309.7+1153,bll
1050,J1310.2-1158,"[2.035202980041504, 2.017655372619629, 1.971922755241394, 6.7263054847717285, -32.42181864576992, -32.22871748613433, -28.333052460966783, -32.33818203645445, -23.840054034024746, 0.018214596435427666, 0.0, 0.46801862120628357, 15.106820106506348, -0.9736541054950753, 0.6585056633570018, -0.5816270764618139, -0.6059971458641917, -0.4787925717567869, -0.30762044739701894]",[1],J1310.2-1159,bll,J1310.2-1158,bll,bll,J1310.2-1158,bll,J1310.2-1158,bll
1051,J1310.5+3221,"[2.3395187854766846, 2.424703359603882, 2.1947267055511475, 434.6531677246094, -31.368160527746813, -31.20252103936078, -27.358874200742125, -31.1618200593927, -22.858988561265537, 0.053255680948495865, 0.6299635171890259, 3.5473508834838867, 29.939926147460938, 0.9733221260531689, -0.6021913271908311, -0.6374166088447388, -0.6335639247033136, -0.742504667479316, -0.7817275370724563]",[1],J1310.6+3222,fsrq,J1310.5+3221,fsrq,fsrq,J1310.5+3221,fsrq,J1310.5+3221,fsrq
1052,J1310.6+2449,"[1.9907994270324707, 2.0542354583740234, 2.0524468421936035, 7.696338176727295, -33.10597921522033, -33.00349311220429, -28.569389211932986, -33.09215558971031, -24.079066787541127, -0.042676303535699844, 0.0, 0.8712936043739319, 12.037482261657715, -0.6536761060924043, -0.4488585931145133, -0.4237600413719363, -0.3709014880602774, -0.896871153671473, 0.35870246017045404]",[1],J1310.6+2446,bcu,J1310.6+2449,bcu,bll,J1310.6+2449,bll,J1310.6+2449,bll
1053,J1310.9+5514,"[2.507354259490967, 2.4713447093963623, 2.356564998626709, 17.701480865478516, -30.371424004387944, -30.157303382333307, -28.70432878459355, -30.2362309332498, -24.284853866841974, 0.044924959540367126, 0.2922284007072449, 0.8270577788352966, 13.145057678222656, -0.07948298780912029, -0.6820435127332141, -0.6753785861424191, -0.6863822909459123, -0.7827937003707566, -0.999671857019999]",[1],J1310.7+5515,fsrq,J1310.9+5514,fsrq,fsrq,J1310.9+5514,fsrq,J1310.9+5514,fsrq
1054,J1311.0+0034,"[2.0976243019104004, 2.124171495437622, 2.091933250427246, 11.04660701751709, -32.88651012993085, -32.82990405507975, -28.11250233049694, -32.84282402424392, -23.639637186684535, -0.03541353717446327, 0.12079443037509918, 0.8085153102874756, 11.576495170593262, -0.5709633521329102, -0.36425270027072143, -0.6087978250593526, -0.5291744837247527, -0.4376725635697992, -0.3957881635921845]",[1],J1311.0+0036,bll,J1311.0+0034,bll,bll,J1311.0+0034,bll,J1311.0+0034,bll
1055,J1311.7-3430,"[2.2315616607666016, 2.0433099269866943, 1.6566011905670166, 13.565402030944824, -29.180298263264383, -28.83396386656273, -27.399479400466717, -28.900304743670077, -22.62350310301772, 0.19632726907730103, 0.033069971948862076, 16.625045776367188, 108.38143157958984, -0.027313190742326448, -0.4176589116624344, -0.5631640870592375, -0.6467397171570533, -0.8998166484884095, -0.8603858135525435]",[0],J1311.8-3430,PSR,J1311.7-3430,PSR,PSR,J1311.7-3430,MSP,J1311.7-3430,MSP
1056,J1312.4-2156,"[2.0170018672943115, 1.8266842365264893, 1.5656591653823853, 224.00318908691406, -30.824349406357495, -30.513789581172823, -27.6451263991123, -30.59579092029287, -23.066840270993453, 0.151460200548172, 0.614034116268158, 6.955739498138428, 46.4111328125, -0.5346755283088799, -0.23291279886669924, -0.4316709524977454, -0.4588916693721927, -0.6771432200884958, -0.8215066197468559]",[1],J1312.5-2155,bll,J1312.4-2156,bll,bll,J1312.4-2156,bll,J1312.4-2156,bll
1057,J1312.6+4828,"[2.1590075492858887, 2.0662310123443604, 2.0079262256622314, 3498.9521484375, -29.799257306965682, -29.64592459447638, -27.7902881695844, -29.727058783360945, -23.31713541292483, 0.062000859528779984, 2.241086959838867, 3.780306100845337, 65.62688446044922, -0.08583536089675961, -0.43913433755266285, -0.5983202422027069, -0.5504567229658217, -0.7148841655150956, -0.4936496368643314]",[1],J1312.7+4828,agn,J1312.6+4828,bcu,bcu,J1312.6+4828,bcu,J1312.6+4828,bcu
1058,J1312.7+0050,"[2.1540987491607666, 2.0687549114227295, 0.7141900062561035, 10.489188194274902, -30.72917437492443, -30.208583018650103, -27.971166900039748, -30.18021045186578, -23.026165644945138, 0.48845532536506653, 0.0435081347823143, 14.213568687438965, 41.84609603881836, 0.7161077407939489, -0.14971281380262771, -0.42029405548865595, -0.695473015966255, -0.9660070279097986, -0.9994569427169087]",[0],J1312.7+0051,PSR,J1312.7+0050,PSR,PSR,J1312.7+0050,MSP,J1312.7+0050,MSP
1059,J1312.8-2350,"[1.8508907556533813, 1.745611310005188, 1.5318200588226318, 11.181668281555176, -33.21039572823648, -32.89022869244091, -28.074868963411703, -32.99615438151567, -23.66442699447025, 0.09347008168697357, 0.17027977108955383, 2.1746881008148193, 17.900840759277344, 0.9294525874339961, -0.5100301968139878, -0.23051667790016672, -0.4807800558395816, -0.2896193737501883, -0.5875307506525086]",[1],J1312.7-2349,bcu,J1312.8-2350,bll,bll,J1312.8-2350,bll,J1312.8-2350,bll
1060,J1312.8-0425,"[2.396871566772461, 2.2053020000457764, 1.9545409679412842, 573.5517578125, -28.993303587687144, -28.723170780310852, -27.871195611387968, -28.806230501590093, -23.32570095689602, 0.16527847945690155, 0.9072986245155334, 5.339293003082275, 40.209136962890625, 0.7665509260700195, -0.4258594113962694, -0.6768720138808638, -0.7412787416674298, -0.7193732799278112, -0.9998857196554114]",[1],J1312.8-0424,fsrq,J1312.8-0425,fsrq,fsrq,J1312.8-0425,fsrq,J1312.8-0425,fsrq
1061,J1314.7+2348,"[2.0406877994537354, 1.8961764574050903, 1.7219327688217163, 35.25746536254883, -30.869526153741788, -30.649007906226245, -27.89635806209084, -30.714880687009632, -23.442827911747017, 0.0968293696641922, 0.2555304169654846, 3.750626802444458, 38.30695724487305, 0.9812213288740653, -0.4852544909958507, -0.46299672106370204, -0.5027580909178019, -0.593053655327599, -0.9313026942655073]",[1],J1314.8+2349,bll,J1314.7+2348,bll,bll,J1314.7+2348,bll,J1314.7+2348,bll
1062,J1315.0-4236,"[1.6855084896087646, 1.6248266696929932, 1.4575424194335938, 8.165631294250488, -34.699741668562964, -34.40493789049982, -28.186997353606642, -34.52473099404205, -23.76762443010935, 0.0412929393351078, 0.040087033063173294, 0.7323384284973145, 14.11562442779541, -0.9991599837617018, 0.9620682973010517, -0.6970064745503938, -0.35810967884619527, -0.18565037751255126, -0.34774006118175393]",[1],J1314.7-4237,bcu,J1315.0-4236,bll,bll,J1315.0-4236,bll,J1315.0-4236,bll
1063,J1315.1-5333,"[2.440263271331787, 2.315925121307373, 2.077572822570801, 311.65814208984375, -29.37607106554249, -29.11620247960139, -27.323750407180743, -29.182308710253032, -23.084335918273922, 0.12537741661071777, 0.8215419054031372, 4.209582328796387, 30.006458282470703, -0.2796949474847664, -0.502139429472404, -0.6666586518436275, -0.6924669213531943, -0.794011683896618, -0.8241364473744217]",[1],J1315.1-5329,bcu,J1315.1-5333,bcu,bll,J1315.1-5333,bll,J1315.1-5333,bll
1064,J1315.5+1135,"[1.7921737432479858, 1.5611820220947266, 1.1430163383483887, 15.756300926208496, -33.9481542721321, -33.4600434994537, -28.39819042419073, -33.552492590860226, -24.007531448383816, 0.21731199324131012, 0.39567938446998596, 2.4021921157836914, 10.153162002563477, 0.973840209879883, -0.9289190181461632, 0.22426686432390425, -0.12346312153044338, -0.3669242893845283, -0.6501822976093669]",[1],J1315.4+1130,bcu,J1315.5+1135,bll,bll,J1315.5+1135,bll,J1315.5+1135,bll
1065,J1316.1-3338,"[2.325707197189331, 2.2535550594329834, 2.182619571685791, 590.0541381835938, -29.46327349437639, -29.256627865922333, -27.53442139393691, -29.35757118551191, -23.134104900285056, 0.07263665646314621, 0.8282886743545532, 3.548438787460327, 48.059993743896484, -0.25041630359570066, -0.46623191746714815, -0.6625545983338814, -0.6793079995771104, -0.6666618215883632, -0.6673009023606113]",[1],J1316.0-3338,fsrq,J1316.1-3338,fsrq,fsrq,J1316.1-3338,fsrq,J1316.1-3338,fsrq
1066,J1317.6+3428,"[2.53428053855896, 2.4956250190734863, 2.2696433067321777, 118.94390106201172, -30.02637046696193, -29.802509032817444, -28.41592715773513, -29.84839287505451, -24.013459195581973, 0.08131972700357437, 0.8033844232559204, 1.8074477910995483, 18.695802688598633, -0.1729067699637556, -0.6715370990913933, -0.7133929174919428, -0.6759714334193195, -0.9115719760979574, -0.9963867729511231]",[1],J1317.8+3429,fsrq,J1317.6+3428,fsrq,fsrq,J1317.6+3428,fsrq,J1317.6+3428,fsrq
1067,J1318.7-1234,"[2.126023769378662, 2.0717060565948486, 1.9255387783050537, 21.81822395324707, -31.724647771160562, -31.472228443358897, -28.261165117007348, -31.55322494687994, -23.744120640597124, 0.07303394377231598, 0.293078750371933, 1.7754647731781006, 16.79399871826172, 0.9994460228015072, -0.4866917069175865, -0.6204814867363945, -0.5463162954025514, -0.5556993252061503, -0.8849618254997028]",[1],J1318.7-1232,bcu,J1318.7-1234,bcu,bcu,J1318.7-1234,bcu,J1318.7-1234,bcu
1068,J1319.5+1404,"[2.004427194595337, 1.7419469356536865, 1.2176331281661987, 14.62397575378418, -33.17174170641851, -32.739857829140306, -28.598602966371423, -32.81102761982326, -24.10001619027537, 0.2540103495121002, 0.441680908203125, 2.0903499126434326, 8.348739624023438, 0.8022525555426462, -0.7781850228056217, -0.058530822749300285, -0.5361989948320607, -0.33099633330369305, -0.9999999999998944]",[1],J1319.3+1402,bll,J1319.5+1404,bll,bll,J1319.5+1404,bll,J1319.5+1404,bll
1069,J1319.8+7759,"[2.046511650085449, 2.0437796115875244, 2.000154972076416, 27.613847732543945, -32.62657297392059, -32.4663263972152, -28.66732792660511, -32.55998306521615, -24.17281541817908, 0.0011863739928230643, 0.39069971442222595, 0.0, 19.27057456970215, -0.6816554916328661, -0.2374444423144064, -0.6502131927004731, -0.5104050340574806, -0.4970932565591406, -0.3457234925690146]",[1],J1319.6+7759,bcu,J1319.8+7759,bll,bll,J1319.8+7759,bll,J1319.8+7759,bll
1070,J1321.1+2216,"[2.37113618850708, 2.281447172164917, 2.1411337852478027, 351.2183532714844, -29.160990207416003, -28.975911326685935, -27.68954431446046, -29.039281854464395, -23.282984945456896, 0.07754840701818466, 0.6100038886070251, 3.850766181945801, 52.342220306396484, -0.3414559799207972, -0.523995233452497, -0.664989684430928, -0.6598654660378299, -0.777211524137235, -0.8840981983126717]",[1],J1321.0+2215,fsrq,J1321.1+2216,fsrq,fsrq,J1321.1+2216,fsrq,J1321.1+2216,fsrq
1071,J1322.0+8317,"[2.3952929973602295, 2.2572789192199707, 2.026639461517334, 84.66651916503906, -31.14642822895725, -30.821804802073387, -28.559579335281263, -30.920825744969974, -24.172894947861558, 0.13862545788288116, 0.9479791522026062, 1.804692029953003, 11.13773250579834, 0.6010097344757885, -0.43249572489249066, -0.706885283686654, -0.5235951380312857, -0.8742286882775282, -0.999672815766148]",[1],J1321.7+8312,fsrq,J1322.0+8317,fsrq,fsrq,J1322.0+8317,fsrq,J1322.0+8317,fsrq
1072,J1322.2+0842,"[2.26214337348938, 2.2965707778930664, 2.2429635524749756, 35.588172912597656, -31.532994530653102, -31.380364231045018, -28.49426660939978, -31.483248298530395, -24.006209014073935, -0.02310854196548462, 0.6688887476921082, 0.409521222114563, 10.379156112670898, -0.41698417910446184, -0.7371351847314905, -0.5681406116822146, -0.42542013603654727, -0.8889507195486235, -0.3283503373968866]",[1],J1322.3+0839,bcu,J1322.2+0842,fsrq,fsrq,J1322.2+0842,fsrq,J1322.2+0842,fsrq
1073,J1322.6-0936,"[2.6208105087280273, 2.563922882080078, 2.3567328453063965, 371.3854675292969, -29.004090614677107, -28.7121003674011, -28.133457993773796, -28.76286725113791, -23.71574973149794, 0.10046778619289398, 0.8551849126815796, 2.247626543045044, 24.20163345336914, -0.08039787266440923, -0.6140907337675212, -0.7866433948813456, -0.8007574309523069, -0.7251076373618303, -0.6954108328068145]",[1],J1322.8-0938,fsrq,J1322.6-0936,fsrq,fsrq,J1322.6-0936,fsrq,J1322.6-0936,fsrq
1074,J1322.6-1617,"[2.091715097427368, 1.9684120416641235, 1.7056957483291626, 9.871006965637207, -32.72685488867505, -32.42392175651092, -28.501271138803776, -32.48128710102121, -24.006830084073332, 0.10646001249551773, 0.2938201129436493, 1.0716025829315186, 8.064154624938965, 0.9982689044001383, -0.8017548685803392, -0.5058050138532839, -0.3498779385763199, -0.6231676000680215, -0.9999961027693154]",[1],J1322.6-1619,bcu,J1322.6-1617,bcu,bcu,J1322.6-1617,bcu,J1322.6-1617,bcu
1075,J1322.9+0437,"[1.9224485158920288, 1.5894851684570312, 0.6349966526031494, 15.240459442138672, -33.503456401063275, -32.963407118080355, -28.599614422718094, -33.022078707370696, -24.129776110647644, 0.3684173822402954, 0.48722410202026367, 2.274850368499756, 7.742847442626953, 0.9643888258781366, -0.9050056742516976, 0.24518971165711897, -0.1480869317850675, -0.6940395463355548, -0.9982035666381931]",[1],J1322.9+0435,bll,J1322.9+0437,bll,bll,J1322.9+0437,bll,J1322.9+0437,bll
1076,J1323.0+2941,"[2.1584103107452393, 2.114400863647461, 2.0307772159576416, 8.093035697937012, -30.741425602675175, -30.50817610973187, -28.10465316634509, -30.613226577016796, -23.53013556667886, 0.054094452410936356, 0.0, 2.6282286643981934, 42.01430892944336, 0.1802122629808732, -0.4990331028013847, -0.6168853740003327, -0.5484512966296483, -0.6638988514465486, -0.6708156518143134]",[1],J1323.0+2942,bcu,J1323.0+2941,bcu,bcu,J1323.0+2941,bcu,J1323.0+2941,bcu
1077,J1323.9+1405,"[1.8782538175582886, 1.7014786005020142, 1.3913453817367554, 29.391014099121094, -32.967010559481366, -32.615423600061575, -28.200453513755466, -32.67800825117572, -23.808170389863374, 0.1381063312292099, 0.456889808177948, 2.615978479385376, 17.76457405090332, 0.9888389742344529, -0.6434709742406056, -0.47705476566776484, -0.24955320051296967, -0.47856180484564687, -0.6932764905041808]",[1],J1323.9+1405,bll,J1323.9+1405,bll,bll,J1323.9+1405,bll,J1323.9+1405,bll
1078,J1324.0-4330e,"[2.513077974319458, 2.4709312915802, 2.2903614044189453, 12.114493370056152, -27.86879248106221, -27.677564399710846, -26.84677480379673, -27.68513004168447, -22.395944439460425, 0.07840237021446228, 0.05250029265880585, 3.1094000339508057, 35.68632125854492, -0.4099849180577436, -0.6303634148465741, -0.7257599760859702, -0.7446129990780747, -0.769237801363574, -0.7359849235361073]",[1],J1324.0-4330e,RDG,J1324.0-4330e,RDG,RDG,J1324.0-4330e,RDG,J1324.0-4330e,RDG
1079,J1325.5-4300,"[2.635287284851074, 2.6536648273468018, 2.6841065883636475, 18.019376754760742, -28.853150034332664, -28.774739555858318, -27.282048870518615, -28.860322874559024, -23.010660441808724, -0.047105155885219574, 0.04895264655351639, 4.132021427154541, 70.08930206298828, -0.27314138466358523, -0.7325447529787813, -0.7730913624508298, -0.6793891902106394, -0.5997616155540302, -0.6112521541567183]",[1],J1325.4-4301,RDG,J1325.5-4300,RDG,RDG,J1325.5-4300,RDG,J1325.5-4300,RDG
1080,J1326.8-5256,"[2.3233351707458496, 2.1784865856170654, 1.9560266733169556, 385.2119140625, -29.855474367953565, -29.590300346031064, -27.36097439443206, -29.66907795970493, -23.01313491502899, 0.1338161677122116, 0.7838475108146667, 5.1902384757995605, 37.08754348754883, 0.6247404169008822, -0.4869976236031672, -0.5737388934401748, -0.639080560379559, -0.7969809643446039, -0.8815756598391928]",[1],J1326.6-5256,bll,J1326.8-5256,bll,bll,J1326.8-5256,bll,J1326.8-5256,bll
1081,J1326.9+2210,"[2.492763042449951, 2.3827784061431885, 2.1876659393310547, 178.38589477539062, -28.970576726904227, -28.73769490161221, -27.79997744169492, -28.80233467587327, -23.466657154821164, 0.11834724992513657, 0.49846646189689636, 4.091383934020996, 39.4361572265625, -0.13987714885625974, -0.5734631240260416, -0.715546695838173, -0.715790470881171, -0.8108781444870855, -0.7166635711055711]",[1],J1326.8+2211,fsrq,J1326.9+2210,fsrq,fsrq,J1326.9+2210,fsrq,J1326.9+2210,fsrq
1082,J1327.8+2522,"[1.791747808456421, 1.460841178894043, 1.2602258920669556, 10.581162452697754, -34.74452729671881, -34.372651803295255, -28.86064300066957, -34.472069951324144, -24.394629750400362, 0.16305650770664215, 0.0, 0.7158377766609192, 4.406938552856445, -0.6653575162693346, -0.9946894127625586, 0.8827710087611206, -0.4877371486724364, 0.01977279074274628, -0.6044990116963307]",[1],J1327.9+2524,bll,J1327.8+2522,bll,bll,J1327.8+2522,bll,J1327.8+2522,bll
1083,J1328.5-4727,"[2.009946346282959, 1.9983433485031128, 1.8518059253692627, 17.304319381713867, -33.27454955715226, -33.122920657015605, -27.752137351384548, -33.13687724234987, -23.213620621893924, 0.015391734428703785, 0.25594010949134827, 0.45235687494277954, 17.65516471862793, -0.7569299128514366, 0.9454826792845693, -0.5738640040693221, -0.5410664651853627, -0.4325276427858156, -0.380296566037042]",[1],J1328.5-4728,bcu,J1328.5-4727,bll,bll,J1328.5-4727,bll,J1328.5-4727,bll
1084,J1329.0-5607,"[2.4523885250091553, 2.3496153354644775, 2.125330686569214, 1024.758056640625, -29.08119632461823, -28.826194553215167, -27.10106398556232, -28.89671695688383, -22.828977958164455, 0.11599098145961761, 0.812244713306427, 6.83137845993042, 53.93437194824219, -0.1790753539106861, -0.5486582267433462, -0.6730046863079885, -0.6762834523247644, -0.8685568344984811, -0.6796915823470473]",[1],J1328.9-5607,bcu,J1329.0-5607,bcu,bll,J1329.0-5607,bll,J1329.0-5607,bll
1085,J1330.2-7003,"[2.4688773155212402, 2.346017837524414, 2.071099281311035, 1032.06884765625, -29.41381639901595, -29.133861123701283, -27.557368120534026, -29.20450315661957, -23.21235496633038, 0.147759810090065, 1.4192399978637695, 5.625887870788574, 33.51890563964844, 0.15468987839545412, -0.5516377281413012, -0.6885622103107044, -0.7074691771229766, -0.7866328446027782, -0.9989474432203945]",[1],J1330.1-7002,bcu,J1330.2-7003,bcu,bcu,J1330.2-7003,bcu,J1330.2-7003,bcu
1086,J1330.2+7002,"[1.966579556465149, 1.8873361349105835, 1.7552663087844849, 28.36463737487793, -32.97799922475956, -32.73249737194627, -28.709286589748345, -32.818492728801786, -24.26183579388315, 0.06588000059127808, 0.39722082018852234, 1.5230931043624878, 18.04326057434082, -0.7472871347060502, -0.4705511048385796, -0.5011782766229991, -0.41923122948027597, -0.5776156202296997, -0.460480940326019]",[1],J1330.6+7002,bll,J1330.2+7002,bll,bll,J1330.2+7002,bll,J1330.2+7002,bll
1087,J1330.3+4441,"[2.0747737884521484, 1.9121750593185425, 1.6402949094772339, 10.046745300292969, -32.421928484825216, -32.091932653729884, -28.660857444431652, -32.17013937507867, -24.15655172759836, 0.13600626587867737, 0.12043577432632446, 1.8956198692321777, 13.863380432128906, -0.45503406498224624, -0.3792297238831008, -0.4513310276553434, -0.5085756802228069, -0.5929546825976734, -0.9998526907091271]",[1],J1330.0+4437,bll,J1330.3+4441,bll,bll,J1330.3+4441,bll,J1330.3+4441,bll
1088,J1330.7+5200,"[2.4678378105163574, 2.445842981338501, 2.3483400344848633, 20.021940231323242, -30.8135403528897, -30.646995811595378, -28.503533622050522, -30.685627059960137, -24.16200536072297, 0.034554049372673035, 0.35561835765838623, 0.7328420877456665, 14.369120597839355, -0.6886708126431124, -0.6574540787678153, -0.6644933239111739, -0.7369526591061535, -0.6740528891082923, -0.9992585828791865]",[1],J1330.9+5201,bcu,J1330.7+5200,bcu,bcu,J1330.7+5200,bcu,J1330.7+5200,bcu
1089,J1331.2-1325,"[2.5995943546295166, 2.488546133041382, 2.1510567665100098, 29.98190689086914, -30.388337781897384, -30.03734961509159, -27.556826787052138, -29.92600572057338, -23.58441235786439, 0.22775152325630188, 0.45554766058921814, 2.203277826309204, 10.267677307128906, -0.7397958382440343, 0.1257183383413196, -0.6914846243257783, -0.8555863681884068, -0.6152761032317403, -0.9999990675025922]",[1],J1331.1-1328,bcu,J1331.2-1325,bll,bll,J1331.2-1325,bll,J1331.2-1325,bll
1090,J1331.6+1711,"[2.3501029014587402, 2.344416618347168, 2.308030605316162, 12.681585311889648, -31.016002331141248, -30.836983735576585, -28.439279240698816, -30.937770524450404, -23.983054683245875, 0.007758071646094322, 0.2211674004793167, 0.14082065224647522, 11.654156684875488, -0.4635706601559475, -0.693517965024292, -0.5600446468389398, -0.6572669422280705, -0.6828897043245653, -0.287571654440668]",[1],J1331.5+1711,bll,J1331.6+1711,bll,bll,J1331.6+1711,bll,J1331.6+1711,bll
1091,J1332.0-0509,"[2.514416456222534, 2.393951654434204, 2.0654616355895996, 2172.376708984375, -28.304413234654636, -27.970799811321022, -27.509960257092633, -28.025425042934685, -23.094721428169894, 0.16686870157718658, 1.174602746963501, 8.262080192565918, 54.49943161010742, -0.31112974348020483, -0.5495017876281949, -0.7371419462655542, -0.8264142175966456, -0.7768580783988739, -0.999962648019252]",[1],J1332.0-0508,fsrq,J1332.0-0509,fsrq,fsrq,J1332.0-0509,fsrq,J1332.0-0509,fsrq
1092,J1332.2+4722,"[2.641812562942505, 2.5962862968444824, 2.410876989364624, 38.20216369628906, -30.024021260522492, -29.821347334997895, -28.45450146013812, -29.86087482645019, -24.238795755537566, 0.07236763834953308, 0.5990548133850098, 0.9784466624259949, 9.948707580566406, 0.9921725989123859, -0.6066090423752498, -0.7867929418320876, -0.7090130538706217, -0.8732489361350099, -0.9977440048527682]",[1],J1331.8+4718,fsrq,J1332.2+4722,fsrq,fsrq,J1332.2+4722,fsrq,J1332.2+4722,fsrq
1093,J1332.6-1256,"[2.4186203479766846, 2.402597427368164, 2.098076105117798, 670.3314819335938, -29.662767893543016, -29.41818169474219, -27.17984061054054, -29.429542338284286, -22.974983882548162, 0.13098974525928497, 0.7338996529579163, 7.711207866668701, 53.1425895690918, -0.3325608098954114, -0.5887573063512436, -0.6880026601778347, -0.7129623499525886, -0.7905432872875054, -0.8762547541544643]",[1],J1332.6-1256,fsrq,J1332.6-1256,fsrq,fsrq,J1332.6-1256,fsrq,J1332.6-1256,fsrq
1094,J1333.2+2725,"[2.315112829208374, 2.2730188369750977, 2.15704345703125, 33.32655334472656, -30.655378569147842, -30.425662111102472, -28.51379520271597, -30.505759569473867, -23.938045623560075, 0.057000454515218735, 0.39931660890579224, 1.4345972537994385, 18.67987823486328, -0.03283946609254105, -0.6045648101203824, -0.633813415056676, -0.637005665769427, -0.723086047127799, -0.7024655103798441]",[1],J1332.8+2723,fsrq,J1333.2+2725,fsrq,fsrq,J1333.2+2725,fsrq,J1333.2+2725,fsrq
1095,J1333.7+5056,"[2.338477373123169, 2.253629684448242, 2.114030599594116, 340.37860107421875, -29.94415799806403, -29.72977490091659, -28.15039446588052, -29.805563037771556, -23.704000846279456, 0.08960357308387756, 0.7771379947662354, 3.6114747524261475, 35.34719467163086, 0.49788037764575743, -0.5663529378310256, -0.6432346847611968, -0.638262296058049, -0.7903228176292318, -0.9996118464922195]",[1],J1333.7+5057,fsrq,J1333.7+5056,fsrq,fsrq,J1333.7+5056,fsrq,J1333.7+5056,fsrq
1096,J1335.3-2949,"[1.9710115194320679, 1.9533206224441528, 1.786149024963379, 15.468118667602539, -32.92328507266029, -32.69678954771481, -28.41238880077696, -32.68266018541523, -23.9364540136649, 0.026918694376945496, 0.3603169620037079, 0.5454182624816895, 11.501258850097656, 0.9422590492504265, 0.30393855500529976, -0.5935563146736045, -0.2876718699681558, -0.6696976823835716, -0.710701456787351]",[1],J1335.4-2949,bll,J1335.3-2949,bll,bll,J1335.3-2949,bll,J1335.3-2949,bll
1097,J1337.6-1257,"[2.421703815460205, 2.304715156555176, 2.0276615619659424, 95.4439468383789, -29.371858818213187, -29.103954434949536, -27.625647532403427, -29.139313726756857, -23.228074886395483, 0.13841591775417328, 0.36706605553627014, 4.991671562194824, 37.39876937866211, 0.9034068805075648, -0.48883409636279235, -0.6790614771087713, -0.7120441872398797, -0.7495507074321227, -0.8715792300012939]",[1],J1337.6-1257,fsrq,J1337.6-1257,fsrq,fsrq,J1337.6-1257,fsrq,J1337.6-1257,fsrq
1098,J1338.0+6534,"[2.7232666015625, 2.6413793563842773, 2.2167065143585205, 26.17191505432129, -29.742572989237605, -29.52728227962113, -28.52279729427841, -29.52877523884351, -24.398398767590535, 0.12193083763122559, 0.5016638040542603, 1.5597925186157227, 9.914527893066406, 0.03259541771526683, -0.6983690318080429, -0.7102569306588711, -0.8167677539065338, -0.9999645914096525, -0.9999445319429175]",[1],J1338.9+6532,fsrq,J1338.0+6534,fsrq,fsrq,J1338.0+6534,fsrq,J1338.0+6534,fsrq
1099,J1338.9+1153,"[2.035151958465576, 2.057558536529541, 2.0183494091033936, 37.45115661621094, -32.40790157164411, -32.292545644414574, -28.34480329518943, -32.36064804932783, -23.853165463150802, -0.02188054472208023, 0.5742112994194031, 0.6414474248886108, 15.874688148498535, -0.7111673009259404, -0.28926867287002017, -0.6889005044456441, -0.4668910660477729, -0.23848910499729783, -0.7658839866576609]",[1],J1339.0+1153,bll,J1338.9+1153,bll,bll,J1338.9+1153,bll,J1338.9+1153,bll
1100,J1339.0-2400,"[2.302361488342285, 2.258284091949463, 2.187586545944214, 61.17280578613281, -30.521318524644244, -30.279534037010773, -28.183673592841526, -30.38692910463219, -23.638695689729754, 0.06052512302994728, 0.5047079920768738, 1.8408623933792114, 20.781049728393555, 0.6425123309290135, -0.571583689404231, -0.6076625538846319, -0.6236198152565713, -0.76546813405359, -0.7202542999998854]",[1],J1338.6-2403,bcu,J1339.0-2400,bcu,bcu,J1339.0-2400,bcu,J1339.0-2400,bcu
1101,J1339.9-0138,"[2.3094804286956787, 2.117725372314453, 0.12190653383731842, 35.821590423583984, -31.2954851378005, -30.664051691947947, -28.86285256876248, -30.517508208101393, -23.80526474772, 0.6797215938568115, 0.7888917326927185, 4.079886436462402, 7.839284420013428, 0.9987690024403746, 0.4428478326950365, -0.571227107461041, -0.6758117563910752, -0.9999649300487616, 0.8550288103194872]",[1],J1339.8-0133,fsrq,J1339.9-0138,fsrq,fsrq,J1339.9-0138,fsrq,J1339.9-0138,fsrq
1102,J1340.5+4409,"[1.6635898351669312, 1.607124924659729, 1.5333939790725708, 12.144615173339844, -35.17620540362829, -34.84324987437947, -28.661952599069053, -35.03061675487524, -24.29218480715394, 0.05603613704442978, 0.31653261184692383, 0.6750785708427429, 8.60355281829834, -0.7789235415586053, -0.9868434724217667, 0.43824512371333946, -0.24971868222840798, -0.3785866443883579, -0.037456032766559545]",[1],J1340.6+4412,bll,J1340.5+4409,bll,bll,J1340.5+4409,bll,J1340.5+4409,bll
1103,J1340.8-0409,"[2.008721351623535, 1.879317045211792, 1.4387840032577515, 13.078873634338379, -32.33601099771188, -31.910709148523942, -28.368132084172576, -31.962159084997477, -23.893421120169783, 0.21628619730472565, 0.279706209897995, 2.7565500736236572, 10.73497486114502, -0.9947005372930067, 0.9999991254046499, -0.4050371160625346, -0.556968862139645, -0.6776095807226666, -0.9993098776601707]",[1],J1340.6-0408,bcu,J1340.8-0409,bll,bll,J1340.8-0409,bll,J1340.8-0409,bll
1104,J1341.2+3958,"[1.8634467124938965, 1.8959381580352783, 1.76882004737854, 9.470670700073242, -33.84056746861331, -33.70081891424466, -28.616468082334173, -33.745792879351825, -24.17254443114073, -0.01975686103105545, 0.10852168500423431, 0.3536584973335266, 11.267284393310547, 0.9993696843399856, -0.5052146501323128, -0.7577738298764324, -0.10047244408465135, -0.37464611401722414, -0.47743417891294876]",[1],J1341.0+3955,bll,J1341.2+3958,bll,bll,J1341.2+3958,bll,J1341.2+3958,bll
1105,J1341.6+5515,"[2.0897881984710693, 1.9493619203567505, 1.5542421340942383, 10.433923721313477, -33.5110958504705, -33.1806452082352, -29.0031376292106, -33.225639179484205, -24.513958231010026, 0.15826161205768585, 0.0, 1.052260398864746, 4.34208345413208, -0.9999024619529449, 0.9997811231772528, -0.20017320508492037, -0.457453243348271, -0.8806235575708283, 0.0938621254415361]",[1],J1341.5+5517,bll,J1341.6+5515,bll,bll,J1341.6+5515,bll,J1341.6+5515,bll
1106,J1341.8-2053,"[2.7314488887786865, 2.6818923950195312, 2.4046456813812256, 106.78214263916016, -28.766370315867153, -28.481613645293645, -28.068463362358433, -28.49229635630047, -23.854038002560433, 0.11467428505420685, 1.025248646736145, 1.6378554105758667, 10.441671371459961, -0.457433614959427, -0.6544694073963411, -0.7737213716197118, -0.8332591322980624, -0.8077292776264555, -0.9999999980573532]",[1],J1341.9-2053,fsrq,J1341.8-2053,fsrq,fsrq,J1341.8-2053,fsrq,J1341.8-2053,fsrq
1107,J1342.6+0944,"[2.1467204093933105, 2.068207025527954, 1.8528691530227661, 17.002288818359375, -32.065175836410276, -31.80795769561734, -28.502257276594836, -31.860987959152066, -23.99698211126399, 0.0862855315208435, 0.37529605627059937, 1.331068515777588, 10.131089210510254, 0.9589880815833907, -0.3099713195047796, -0.5024308815819225, -0.4944714528598941, -0.7248870084687346, -0.7059292771469334]",[1],J1342.7+0945,bcu,J1342.6+0944,fsrq,fsrq,J1342.6+0944,fsrq,J1342.6+0944,fsrq
1108,J1343.6+5755,"[2.719015598297119, 2.723675012588501, 2.7048919200897217, 19.888648986816406, -30.019514106611158, -29.884588583190183, -28.76498165149499, -29.979184891145962, -24.614608723557552, -0.009852555580437183, 0.5995127558708191, 0.11393312364816666, 4.6635422706604, 0.9958794302217765, -0.8657086724702527, -0.6437181665878281, -0.801922700231297, -0.5639911707911265, -0.9993516702633355]",[1],J1343.6+5753,fsrq,J1343.6+5755,fsrq,fsrq,J1343.6+5755,fsrq,J1343.6+5755,fsrq
1109,J1344.2-1723,"[2.2325611114501953, 2.106282949447632, 1.886576771736145, 503.96453857421875, -29.921510723025587, -29.646727294291463, -27.83545568655373, -29.727867350154266, -23.235635241169636, 0.12179084867238998, 1.0448956489562988, 5.077464580535889, 35.666481018066406, 0.4328921234049808, -0.39765754067140396, -0.6097171378678939, -0.5501273656296425, -0.711538393165008, -0.9999999999996767]",[1],J1344.2-1724,fsrq,J1344.2-1723,fsrq,fsrq,J1344.2-1723,fsrq,J1344.2-1723,fsrq
1110,J1344.4-3656,"[2.301945209503174, 2.329718828201294, 2.3284201622009277, 8.61733341217041, -31.551803013963728, -31.439068243616646, -28.277565721333907, -31.534493915114005, -23.88489217349803, -0.028765365481376648, 0.0, 0.6054030060768127, 10.387138366699219, -0.4186871526802125, -0.6277392691701867, -0.6256966150193981, -0.6637829415297808, -0.5820085051560122, -0.32092255320243246]",[1],J1344.5-3655,bcu,J1344.4-3656,bcu,bcu,J1344.4-3656,bcu,J1344.4-3656,bcu
1111,J1345.5+4453,"[2.273348093032837, 2.171327590942383, 2.0597712993621826, 4295.16845703125, -27.965346167539, -27.765059861984355, -27.441975806424892, -27.857499689145993, -22.749686311494564, 0.07800902426242828, 0.681974470615387, 11.006787300109863, 155.21372985839844, -0.1254097115942835, -0.5155795807633132, -0.6467491553647331, -0.6380751870826953, -0.7766562857420791, -0.9019311657601239]",[1],J1345.6+4453,fsrq,J1345.5+4453,fsrq,fsrq,J1345.5+4453,fsrq,J1345.5+4453,fsrq
1112,J1345.6-3356,"[2.054396629333496, 2.042750120162964, 1.9881500005722046, 70.25403594970703, -32.266737287846134, -32.092003267791036, -28.31377029649961, -32.17915136078883, -23.815845242847736, 0.009886475279927254, 0.9676827788352966, 0.2668892741203308, 15.037142753601074, 0.998993034238894, -0.6529075690459765, -0.5309257895014727, -0.6137307059264602, -0.3433970728057606, -0.5317409607861718]",[1],J1345.9-3357,bcu,J1345.6-3356,bll,bll,J1345.6-3356,bll,J1345.6-3356,bll
1113,J1345.8+0706,"[2.4431169033050537, 2.414318323135376, 2.3171005249023438, 210.7651824951172, -29.809567518931303, -29.579368691096256, -28.216128086459936, -29.667286904242996, -23.691687702801122, 0.05091039836406708, 1.0501188039779663, 1.4690055847167969, 21.0063419342041, -0.2540657974995957, -0.5964462226071597, -0.6814370980868655, -0.7225252900067145, -0.7713699889697812, -0.5601539992197326]",[1],J1345.8+0704,fsrq,J1345.8+0706,fsrq,fsrq,J1345.8+0706,fsrq,J1345.8+0706,fsrq
1114,J1346.3-6026,"[2.4007697105407715, 2.3247053623199463, 2.0850632190704346, 6.528250217437744, -30.457967720041097, -30.219288794257, -26.629739879461624, -30.26796225407574, -22.650506099857243, 0.10767371952533722, 0.0, 3.3592755794525146, 22.786909103393555, 0.9999998859731755, -0.42745372432127027, -0.647278436026368, -0.6268279169596975, -0.7598926025291278, -0.7820791275577189]",[1],J1346.6-6027,rdg,J1346.3-6026,rdg,rdg,J1346.3-6026,rdg,J1346.3-6026,rdg
1115,J1347.1-2959,"[1.9366683959960938, 1.8484753370285034, 1.6144951581954956, 6.83976411819458, -32.8401218919848, -32.53156333707099, -28.261135697202047, -32.613926048282735, -23.811901194398306, 0.10557368397712708, 0.0, 2.3066627979278564, 15.95159912109375, 0.7057662723744585, 0.4438277721676968, -0.4448736366011744, -0.3766491867858912, -0.6589025503423586, -0.3652925622833341]",[1],J1346.9-2958,bcu,J1347.1-2959,bll,bll,J1347.1-2959,bll,J1347.1-2959,bll
1116,J1347.6-3751,"[2.3374416828155518, 2.169651508331299, 1.8220478296279907, 51.92351150512695, -30.600461413219, -30.260041007372568, -28.11523372634604, -30.33552662514492, -23.5903010149516, 0.19657249748706818, 0.5408395528793335, 3.329651117324829, 15.8272066116333, -0.0081775100393463, 0.48313481533803165, -0.6265716095362934, -0.6508116539301281, -0.8263370676515656, -0.9999294016071162]",[1],J1347.6-3754,fsrq,J1347.6-3751,fsrq,fsrq,J1347.6-3751,fsrq,J1347.6-3751,fsrq
1117,J1349.5-1131,"[2.4940783977508545, 2.4277210235595703, 2.1734957695007324, 486.46563720703125, -29.555030130569758, -29.272631190777375, -28.022727113806546, -29.33735351009862, -23.537651397972954, 0.10485798865556717, 1.2887564897537231, 2.274402379989624, 24.49095916748047, -0.4025694615412488, -0.5629086561802779, -0.7071738735474332, -0.779614323224513, -0.8071082907557227, -0.9999999574837792]",[1],J1349.6-1133,fsrq,J1349.5-1131,fsrq,fsrq,J1349.5-1131,fsrq,J1349.5-1131,fsrq
1118,J1350.8+3033,"[2.4153125286102295, 2.3569159507751465, 2.1965084075927734, 220.002197265625, -29.898876242591015, -29.616539368869528, -28.46914491238134, -29.713905067108666, -23.886147413201932, 0.09044161438941956, 0.9928905963897705, 2.42511248588562, 23.02353286743164, 0.28667212408953513, -0.5726249817145534, -0.7363551824056775, -0.6371700952151027, -0.7972333617914762, -0.9999719916463725]",[1],J1350.8+3035,fsrq,J1350.8+3033,fsrq,fsrq,J1350.8+3033,fsrq,J1350.8+3033,fsrq
1119,J1351.0+0029,"[2.4368069171905518, 2.3605594635009766, 2.0446858406066895, 92.55445098876953, -30.713888470802342, -30.43461441119185, -28.415726576857942, -30.493301130414597, -24.032455576583963, 0.09994499385356903, 1.3336164951324463, 1.321626901626587, 9.296512603759766, -0.03066452873648202, -0.6261697091030672, -0.7064000134755616, -0.5205316766674617, -0.9998094284403622, -0.8265076047395822]",[1],J1351.1+0030,fsrq,J1351.0+0029,fsrq,fsrq,J1351.0+0029,fsrq,J1351.0+0029,fsrq
1120,J1351.3+1115,"[1.8840036392211914, 1.8140068054199219, 1.6622226238250732, 22.425708770751953, -32.528073772022346, -32.258742517384235, -28.040580141525094, -32.3479696866952, -23.680400461214983, 0.06541520357131958, 0.2498776912689209, 2.2106263637542725, 25.267009735107422, 0.9278448748466287, 0.10131963402164551, -0.44659224939876047, -0.48647014679375233, -0.3190663328579146, -0.6344596168648623]",[1],J1351.4+1115,bll,J1351.3+1115,bll,bll,J1351.3+1115,bll,J1351.3+1115,bll
1121,J1351.7-2912,"[2.3590054512023926, 2.530069589614868, 1.5525486469268799, 75.43919372558594, -31.695738136481417, -31.31174945942579, -28.18048404439807, -30.85694431360337, -23.674387455582526, 0.2529664635658264, 0.8738047480583191, 3.1357932090759277, 12.03442668914795, 0.6715564869076392, -0.49219843832475074, -0.6615781726014599, -0.6750150301005352, -0.999997245444699, 0.9999715363257123]",[1],J1351.7-2913,bcu,J1351.7-2912,bcu,bcu,J1351.7-2912,bcu,J1351.7-2912,bcu
1122,J1353.0-4413,"[2.2282357215881348, 2.173513412475586, 2.006746768951416, 17.636877059936523, -31.259826585125797, -31.022312965656898, -28.124907114531176, -31.085330874778816, -23.624511897110064, 0.06402047723531723, 0.23187033832073212, 1.763304591178894, 20.111520767211914, -0.6459101815080314, -0.34490498275783865, -0.6246707865513675, -0.575113332054822, -0.6442626248884252, -0.854759519943591]",[1],J1353.1-4414,bll,J1353.0-4413,bll,bll,J1353.0-4413,bll,J1353.0-4413,bll
1123,J1353.3+1434,"[2.2494406700134277, 2.248486280441284, 2.203124761581421, 41.12910842895508, -31.194761161840997, -31.048329419525448, -28.39735799150269, -31.128663383458086, -23.864041351754622, 0.0012480694567784667, 0.5709846615791321, 0.041327670216560364, 17.174062728881836, 0.9996321178448513, -0.6403794066104321, -0.6304271663616257, -0.5632556218015443, -0.6369473913426688, -0.7937519634393009]",[1],J1353.2+1435,bll,J1353.3+1434,bll,bll,J1353.3+1434,bll,J1353.3+1434,bll
1124,J1353.6-6640,"[1.930365800857544, 1.9283360242843628, 1.847547173500061, 11.856365203857422, -33.15945854419027, -33.007361423507604, -27.81077613206193, -33.072981513521206, -23.27992204807964, 0.0019312090007588267, 0.1139843538403511, 0.08308510482311249, 24.82766342163086, 0.9999348153769138, -0.40782715259366364, -0.5844190233905115, -0.5077518118071979, -0.3716243728464328, -0.3830710639277076]",[1],J1353.5-6640,bll,J1353.6-6640,bll,bll,J1353.6-6640,bll,J1353.6-6640,bll
1125,J1354.4+3707,"[2.021115303039551, 1.9840295314788818, 1.9079599380493164, 8.014043807983398, -33.112970427939665, -32.88673795004679, -28.58148009855955, -32.998219926335004, -24.07960801834699, 0.037817489355802536, 0.0, 0.6703473329544067, 12.499342918395996, -0.31782941022884853, 0.87825236772455, -0.5785611329696128, -0.5583896094085143, -0.44939984054191395, -0.5283901676638649]",[1],J1354.5+3705,bll,J1354.4+3707,bll,bll,J1354.4+3707,bll,J1354.4+3707,bll
1126,J1354.8-1041,"[2.4198596477508545, 2.270836591720581, 1.9287469387054443, 172.78382873535156, -29.638438550594092, -29.330757038798634, -27.999578202834595, -29.39575715347471, -23.50353108188935, 0.18440213799476624, 0.8044751882553101, 4.284893989562988, 23.448745727539062, 0.10416828741131844, -0.5869739506698846, -0.6554675371838923, -0.7924086360061462, -0.6935261374438143, -0.740432850333564]",[1],J1355.0-1044,fsrq,J1354.8-1041,fsrq,fsrq,J1354.8-1041,fsrq,J1354.8-1041,fsrq
1127,J1356.9-6432,"[2.6695070266723633, 2.6561810970306396, 1.5675475597381592, 10.009674072265625, -29.212712914405685, -28.897088366177773, -26.998651519924262, -28.95409324767699, -22.667787880976743, 0.34645068645477295, 0.04158411920070648, 7.975851535797119, 18.90290641784668, 0.2910690685309217, -0.4023108751793896, -0.7263229172579274, -0.9114410518838072, -0.8768079733247689, -0.48569025213205286]",[0],J1356.6-6428,PSR,J1355.2-6420e,PWN,PSR,J1355.2-6420e,PWN,J1356.9-6432,PSR
1128,J1356.9-6432,"[2.6695070266723633, 2.6561810970306396, 1.5675475597381592, 10.009674072265625, -29.212712914405685, -28.897088366177773, -26.998651519924262, -28.95409324767699, -22.667787880976743, 0.34645068645477295, 0.04158411920070648, 7.975851535797119, 18.90290641784668, 0.2910690685309217, -0.4023108751793896, -0.7263229172579274, -0.9114410518838072, -0.8768079733247689, -0.48569025213205286]",[0],J1356.6-6428,PSR,J1355.2-6420e,PWN,PSR,J1356.9-6432,PSR,J1356.9-6432,PSR
1129,J1356.9-6432,"[2.6695070266723633, 2.6561810970306396, 1.5675475597381592, 10.009674072265625, -29.212712914405685, -28.897088366177773, -26.998651519924262, -28.95409324767699, -22.667787880976743, 0.34645068645477295, 0.04158411920070648, 7.975851535797119, 18.90290641784668, 0.2910690685309217, -0.4023108751793896, -0.7263229172579274, -0.9114410518838072, -0.8768079733247689, -0.48569025213205286]",[0],J1356.6-6428,PSR,J1356.9-6432,PSR,PSR,J1355.2-6420e,PWN,J1356.9-6432,PSR
1130,J1356.9-6432,"[2.6695070266723633, 2.6561810970306396, 1.5675475597381592, 10.009674072265625, -29.212712914405685, -28.897088366177773, -26.998651519924262, -28.95409324767699, -22.667787880976743, 0.34645068645477295, 0.04158411920070648, 7.975851535797119, 18.90290641784668, 0.2910690685309217, -0.4023108751793896, -0.7263229172579274, -0.9114410518838072, -0.8768079733247689, -0.48569025213205286]",[0],J1356.6-6428,PSR,J1356.9-6432,PSR,PSR,J1356.9-6432,PSR,J1356.9-6432,PSR
1131,J1357.5+0127,"[2.1958813667297363, 2.135734796524048, 1.8115099668502808, 7.357095718383789, -31.816547361656482, -31.496821098617964, -28.33680020726409, -31.51680252409782, -23.853993130498022, 0.14911337196826935, 0.0, 2.304352045059204, 11.58521556854248, -0.8445968727367016, 0.9699699826797971, -0.6034587371763108, -0.6417681681164156, -0.5898988273975083, -0.9999592205194433]",[1],J1357.5+0125,bll,J1357.5+0127,bll,bll,J1357.5+0127,bll,J1357.5+0127,bll
1132,J1358.1+7642,"[2.372866153717041, 2.330129861831665, 2.1343319416046143, 78.82025909423828, -30.88181408285434, -30.657139276375585, -28.686496098252505, -30.70276962754892, -24.166692851281095, 0.044573474675416946, 0.6365914940834045, 1.026094675064087, 19.596803665161133, 0.6679075522686401, -0.4938608098470082, -0.6560048536576111, -0.6202963673960511, -0.8435428372221098, -0.9999451438424648]",[1],J1357.6+7643,fsrq,J1358.1+7642,fsrq,fsrq,J1358.1+7642,fsrq,J1358.1+7642,fsrq
1133,J1359.1+5544,"[2.426520824432373, 2.3612003326416016, 2.1581056118011475, 66.19642639160156, -30.021948959416697, -29.748965361658865, -28.31922659426615, -29.801615264940814, -23.901967692878813, 0.11320511251688004, 0.40222519636154175, 3.5483715534210205, 26.925777435302734, -0.3276323289529656, -0.5952297941410881, -0.6323920920758976, -0.7530117426862173, -0.8789738386759707, -0.49814138066134905]",[1],J1359.0+5544,fsrq,J1359.1+5544,fsrq,fsrq,J1359.1+5544,fsrq,J1359.1+5544,fsrq
1134,J1359.4+0202,"[2.3850090503692627, 2.2954609394073486, 1.6407020092010498, 44.447418212890625, -31.204204973653106, -30.858754360332284, -28.316519308933476, -30.85790937797521, -23.97785167094177, 0.2487962394952774, 1.0395441055297852, 2.3433585166931152, 6.623296737670898, 0.9939899508791613, -0.6412491807359652, -0.721003151343676, -0.5558089667295989, -0.9999804117509167, 0.6945080475204405]",[1],J1359.2+0204,fsrq,J1359.4+0202,fsrq,fsrq,J1359.4+0202,fsrq,J1359.4+0202,fsrq
1135,J1359.8-3746,"[2.0368294715881348, 2.064937114715576, 2.065537929534912, 34.409271240234375, -32.52126522411654, -32.43926742047912, -28.070780330456913, -32.496214416990945, -23.568865774141535, -0.03163935989141464, 0.4287566542625427, 1.2032105922698975, 19.861225128173828, 0.5775416253959244, -0.5140033399380396, -0.670270086079113, -0.4136113709562566, -0.41822999452846366, -0.6738000549069808]",[1],J1359.9-3746,bll,J1359.8-3746,bll,bll,J1359.8-3746,bll,J1359.8-3746,bll
1136,J1400.6-5605,"[2.5444834232330322, 2.505180597305298, 2.3518307209014893, 71.58677673339844, -30.000024482406957, -29.74389833172394, -27.553308222344125, -29.83282984789096, -23.390069290781224, 0.0912511870265007, 0.6746490597724915, 2.021496057510376, 14.688882827758789, 0.9999971091188308, -0.6634493863398898, -0.755658905441146, -0.6493798620123832, -0.6711125301975557, -0.999983130044402]",[1],J1400.7-5605,bcu,J1400.6-5605,bcu,bcu,J1400.6-5605,bcu,J1400.6-5605,bcu
1137,J1404.8+6554,"[1.9263681173324585, 1.8645039796829224, 1.7774747610092163, 39.7485466003418, -32.8693896401842, -32.609958667015384, -28.556618734790476, -32.72707012201431, -24.156691780527414, 0.054249923676252365, 0.47642314434051514, 1.3816447257995605, 22.45713996887207, 0.99896264186498, -0.5492583245576038, -0.4003434654854597, -0.44601660448937724, -0.5453721476311415, -0.39168839824789137]",[1],J1404.8+6554,bll,J1404.8+6554,bll,bll,J1404.8+6554,bll,J1404.8+6554,bll
1138,J1404.8+0402,"[2.0569729804992676, 2.0478906631469727, 2.0059592723846436, 16.281103134155273, -32.143107508924814, -31.976502942801815, -28.301082687138482, -32.06641605507971, -23.802832834027367, 0.009452907368540764, 0.2655843198299408, 0.2831120789051056, 16.678298950195312, 0.9924538052430895, -0.014976814951904546, -0.7179781652046431, -0.2850211384465142, -0.7149701848178117, -0.2926328499515281]",[1],J1404.8+0401,bll,J1404.8+0402,bll,bll,J1404.8+0402,bll,J1404.8+0402,bll
1139,J1406.1-2508,"[2.0332233905792236, 1.9741467237472534, 1.860698938369751, 27.953203201293945, -32.45400820106782, -32.18169954841446, -28.338782055629665, -32.2941449150749, -23.845615671714455, 0.07423894852399826, 0.48934218287467957, 1.5636062622070312, 14.490447998046875, -0.9999400961705514, 0.9999814698163246, -0.41973040233234343, -0.44585195757882334, -0.7010571824524782, -0.3452547598246447]",[1],J1406.0-2508,bcu,J1406.1-2508,bll,bll,J1406.1-2508,bll,J1406.1-2508,bll
1140,J1406.9+1643,"[1.7935947179794312, 1.551501750946045, 0.9997031092643738, 17.078779220581055, -33.978896832752945, -33.534465206083446, -28.51006778588055, -33.61104192693863, -24.133150823900984, 0.22373664379119873, 0.41383126378059387, 2.462827205657959, 9.668956756591797, 0.9957099861657863, -0.5778352237304898, -0.10403812817370606, -0.26140805215895635, -0.42803653386263, -0.6335528276722313]",[1],J1406.6+1644,bll,J1406.9+1643,bll,bll,J1406.9+1643,bll,J1406.9+1643,bll
1141,J1407.6-4301,"[2.103070020675659, 2.042433500289917, 1.9083572626113892, 56.869384765625, -32.27295916953021, -32.02635697662239, -28.26071190373741, -32.11396634681477, -23.763505444958106, 0.059332139790058136, 0.8524783253669739, 1.1340241432189941, 13.574280738830566, 0.9937827295235715, -0.360362671649579, -0.4961791868277166, -0.5502584266077652, -0.5471806013032972, -0.7239230250296271]",[1],J1407.7-4256,bcu,J1407.6-4301,bcu,bll,J1407.6-4301,bll,J1407.6-4301,bll
1142,J1408.9-0751,"[2.354005813598633, 2.33145809173584, 2.1576242446899414, 248.93528747558594, -30.241667511217695, -30.035000527538106, -27.298641187150366, -30.056427242504533, -23.246768019462746, 0.07372850924730301, 0.6366556882858276, 3.1998255252838135, 35.743682861328125, -0.050515209559402904, -0.539851605660952, -0.6765444566835285, -0.6579521181237904, -0.7102628142011024, -0.85861850293493]",[1],J1408.8-0751,fsrq,J1408.9-0751,fsrq,fsrq,J1408.9-0751,fsrq,J1408.9-0751,fsrq
1143,J1410.4+2820,"[2.101578712463379, 2.0052335262298584, 1.757925033569336, 15.91663932800293, -32.165749896717564, -31.88022945876927, -28.638550283130108, -31.95162206249647, -24.12408559257163, 0.10785643011331558, 0.3966663181781769, 1.54745352268219, 10.755019187927246, 0.020530769212356425, -0.3195580077607703, -0.4986136398448373, -0.47761724318995424, -0.6937636715111732, -0.9907277357505314]",[1],J1410.4+2821,bll,J1410.4+2820,bll,bll,J1410.4+2820,bll,J1410.4+2820,bll
1144,J1411.8+5249,"[2.11017107963562, 2.1272313594818115, 2.141817092895508, 28.00947380065918, -32.59319305370874, -32.49155647830296, -28.815708493072748, -32.58525358781181, -24.309930748420193, -0.027648719027638435, 0.5672460198402405, 0.5850748419761658, 10.253690719604492, 0.9797766374461229, -0.6448516839221625, -0.483220364441558, -0.7654279738081411, -0.22439311511744997, -0.40761604723218076]",[1],J1412.0+5249,bcu,J1411.8+5249,bll,bll,J1411.8+5249,bll,J1411.8+5249,bll
1145,J1413.1-6519,"[2.2623836994171143, 2.2487871646881104, 2.3100266456604004, 14.400297164916992, -32.382218593883714, -32.22063379473119, -27.5687435255621, -32.10302571080055, -23.29832018917787, 0.02529442310333252, 0.3638841509819031, 0.5057216882705688, 9.09528636932373, -0.9656721893246969, 0.9868406511168205, -0.6058201852517344, -0.5500429746783208, -0.6900831069986487, -0.5786957294885694]",[1],J1413.2-6518,sey,J1413.1-6519,sey,sey,J1413.1-6519,sey,J1413.1-6519,sey
1146,J1413.5-6205,"[2.3384041786193848, 2.2081751823425293, 1.3287359476089478, 3.74273681640625, -29.991932078515273, -29.592394063777807, -26.001661223035413, -29.586332173861457, -21.540538358055077, 0.34731173515319824, 0.0, 25.389108657836914, 98.46846008300781, 0.9973478624222762, -0.15804897700718287, -0.47651938573122765, -0.6089701572835622, -0.8694587662390787, -0.9630188355559645]",[0],J1413.4-6205,PSR,J1413.5-6205,PSR,PSR,J1413.5-6205,PSR,J1413.5-6205,PSR
1147,J1415.5+4830,"[1.9443440437316895, 1.8917149305343628, 1.795416235923767, 170.44920349121094, -32.373447048691474, -32.11268897715327, -28.29519968466689, -32.219696116031855, -23.8897008599608, 0.050405994057655334, 0.9031828045845032, 1.6337560415267944, 26.308786392211914, -0.658606538763012, -0.5181412274943259, -0.46860924175092944, -0.46253091262074286, -0.5187342020982847, -0.48352179097704157]",[1],J1415.2+4832,bll,J1415.5+4830,bll,bll,J1415.5+4830,bll,J1415.5+4830,bll
1148,J1416.1-2417,"[1.8349649906158447, 1.705332636833191, 1.4784396886825562, 25.911670684814453, -33.81451909454863, -33.381100116748826, -28.397042261503916, -33.51624661873831, -23.964181742677525, 0.15572388470172882, 0.7794697284698486, 2.143909454345703, 9.719926834106445, 0.7380794572021867, -0.9996825532487965, 0.9969052499477734, -0.3232169949532433, -0.5536799277168631, -0.5336789351482422]",[1],J1416.1-2417,bll,J1416.1-2417,bll,bll,J1416.1-2417,bll,J1416.1-2417,bll
1149,J1417.9+2543,"[1.4539263248443604, 1.3496156930923462, 1.1184566020965576, 8.131951332092285, -35.54921290717126, -35.07863371175589, -28.30544529629557, -35.23434594715253, -24.204557340129785, 0.1167418584227562, 0.0, 2.02783465385437, 13.695880889892578, -0.9437268677334629, -0.9908529130704088, 0.9999900036386902, -0.20238913321024443, -0.13629579631109737, -0.10558511017398828]",[1],J1417.8+2540,bll,J1417.9+2543,bll,bll,J1417.9+2543,bll,J1417.9+2543,bll
1150,J1418.4-0233,"[1.7925262451171875, 1.6398156881332397, 1.5126231908798218, 86.16844940185547, -31.37099355645898, -31.154008937428696, -27.318539585855245, -31.228934080153653, -23.050405952522286, 0.08008033037185669, 0.3102472126483917, 4.691836833953857, 60.690364837646484, 0.7196119922659808, -0.45690418246227527, -0.36519980104984756, -0.25692020317174863, -0.4931489781818239, -0.5408979198146832]",[1],J1418.4-0233,bll,J1418.4-0233,bll,bll,J1418.4-0233,bll,J1418.4-0233,bll
1151,J1418.4+3543,"[2.1065902709960938, 2.01599383354187, 1.9310896396636963, 1446.2908935546875, -29.875128087935657, -29.68973011930275, -27.75266862160658, -29.777270489935763, -23.255722205636896, 0.06612234562635422, 1.2265418767929077, 4.75571346282959, 65.38885498046875, 0.3145998326940104, -0.5085361307388857, -0.5928890410146069, -0.5194992558857428, -0.617084140165716, -0.8018460034584372]",[1],J1418.5+3543,BCU,J1418.4+3543,BCU,BCU,J1418.4+3543,FSRQ,J1418.4+3543,FSRQ
1152,J1418.7-6057,"[2.378709316253662, 2.7199480533599854, 1.4258201122283936, 4.384238243103027, -30.599082941150776, -31.747371933721496, -24.742509316829757, -29.759782533755367, -20.400680930030013, 0.34943056106567383, 0.0, 22.897802352905273, 38.92475509643555, 0.98590893856227, -0.5157031890293642, -0.28627219054506203, -0.6643114849474763, -0.9067437464767679, -0.9999988140508795]",[0],J1418.6-6058,PSR,J1418.7-6057,PSR,PSR,J1418.7-6057,PSR,J1418.7-6057,PSR
1153,J1418.9+7731,"[1.771467685699463, 1.4791343212127686, 1.2837859392166138, 17.33080291748047, -33.39430273720149, -33.00725062177638, -28.459856419829755, -33.163588685051636, -24.120211429136365, 0.19867369532585144, 0.27454790472984314, 3.8886725902557373, 20.139644622802734, 0.941590730062704, -0.31634883039993705, 0.016009405879728992, -0.21930380390869122, -0.5071939310655829, -0.5241693072070747]",[1],J1418.9+7731,bcu,J1418.9+7731,bll,bll,J1418.9+7731,bll,J1418.9+7731,bll
1154,J1419.3+0444,"[1.9103140830993652, 1.6886765956878662, 1.1229037046432495, 4.057143688201904, -33.663217096090825, -33.34318521396548, -28.52653518622684, -33.34804220433106, -24.03747431920999, 0.14430546760559082, 0.0, 1.2989343404769897, 9.492644309997559, -0.9994169462396293, 0.987803801594224, -0.6017876033398534, -0.3699396611369304, -0.07196547977600708, -0.9995336567358548]",[1],J1419.5+0449,bll,J1419.3+0444,bll,bll,J1419.3+0444,bll,J1419.3+0444,bll
1155,J1419.4-0838,"[2.2434298992156982, 2.137836217880249, 1.9983439445495605, 495.732666015625, -29.27126754695509, -29.07304126192165, -27.654691375598002, -29.14929284024761, -23.12248113424032, 0.08011210709810257, 0.6511030197143555, 4.561620712280273, 54.39545822143555, -0.27669146006359413, -0.5409361990247309, -0.582692434469563, -0.6275152802876843, -0.7138250765307367, -0.8602544573615525]",[1],J1419.5-0836,bcu,J1419.4-0838,fsrq,fsrq,J1419.4-0838,fsrq,J1419.4-0838,fsrq
1156,J1419.5+3821,"[2.47218656539917, 2.4471030235290527, 2.4130301475524902, 41.615760803222656, -30.832401111938733, -30.673878884381676, -28.240949924999608, -30.74202889035275, -23.975645431800704, 0.051281142979860306, 0.5051185488700867, 1.0224677324295044, 16.492923736572266, 0.819856216053675, -0.4470366583479217, -0.7460791786104707, -0.7470508838080837, -0.7258253446922315, -0.5774614779742685]",[1],J1419.8+3819,fsrq,J1419.5+3821,fsrq,fsrq,J1419.5+3821,fsrq,J1419.5+3821,fsrq
1157,J1419.6-5153,"[2.4999873638153076, 2.456855297088623, 2.2841672897338867, 3.6313695907592773, -30.31021128090414, -30.044682978221218, -27.65780146807358, -30.084886516164573, -23.461795292939726, 0.07892628759145737, 0.0, 1.4235010147094727, 13.055720329284668, 0.1980670519637994, -0.579610199902716, -0.6883830268099291, -0.7029209719584756, -0.7242306196448196, -0.9999999628289048]",[1],J1419.1-5156,bcu,J1419.6-5153,bcu,bcu,J1419.6-5153,bcu,J1419.6-5153,bcu
1158,J1419.8+5423,"[2.3645100593566895, 2.3432979583740234, 2.2924015522003174, 262.15618896484375, -30.17267941623766, -29.990430901244277, -28.304264639152894, -30.068499733162067, -23.70677290020791, 0.03239614889025688, 0.5749954581260681, 1.6150052547454834, 44.5256462097168, -0.08210834117676269, -0.619644118602422, -0.6588386474210892, -0.6514233845118276, -0.7540778637581841, -0.679613960602199]",[1],J1419.9+5425,bll,J1419.8+5423,bll,bll,J1419.8+5423,bll,J1419.8+5423,bll
1159,J1420.0-6048,"[2.4181277751922607, 2.812492609024048, 1.4829373359680176, 14.4689359664917, -29.869689790388932, -28.698607526976254, -24.715380821404427, -28.88452571369923, -20.248299826149967, 0.31311145424842834, 0.0694231167435646, 11.684814453125, 11.921841621398926, 0.9893911488392058, -0.7185005311608619, -0.541421522627786, -0.7180903168734619, -0.8768632823218929, -0.9999954738291978]",[0],J1420.0-6048,PSR,J1420.0-6048,PSR,PSR,J1420.0-6048,PSR,J1420.0-6048,PSR
1160,J1420.0-6048,"[2.4181277751922607, 2.812492609024048, 1.4829373359680176, 14.4689359664917, -29.869689790388932, -28.698607526976254, -24.715380821404427, -28.88452571369923, -20.248299826149967, 0.31311145424842834, 0.0694231167435646, 11.684814453125, 11.921841621398926, 0.9893911488392058, -0.7185005311608619, -0.541421522627786, -0.7180903168734619, -0.8768632823218929, -0.9999954738291978]",[0],J1420.0-6048,PSR,J1420.0-6048,PSR,PSR,J1420.3-6046e,PWN,J1420.0-6048,PSR
1161,J1420.0-6048,"[2.4181277751922607, 2.812492609024048, 1.4829373359680176, 14.4689359664917, -29.869689790388932, -28.698607526976254, -24.715380821404427, -28.88452571369923, -20.248299826149967, 0.31311145424842834, 0.0694231167435646, 11.684814453125, 11.921841621398926, 0.9893911488392058, -0.7185005311608619, -0.541421522627786, -0.7180903168734619, -0.8768632823218929, -0.9999954738291978]",[0],J1420.0-6048,PSR,J1420.3-6046e,PWN,PSR,J1420.0-6048,PSR,J1420.0-6048,PSR
1162,J1420.0-6048,"[2.4181277751922607, 2.812492609024048, 1.4829373359680176, 14.4689359664917, -29.869689790388932, -28.698607526976254, -24.715380821404427, -28.88452571369923, -20.248299826149967, 0.31311145424842834, 0.0694231167435646, 11.684814453125, 11.921841621398926, 0.9893911488392058, -0.7185005311608619, -0.541421522627786, -0.7180903168734619, -0.8768632823218929, -0.9999954738291978]",[0],J1420.0-6048,PSR,J1420.3-6046e,PWN,PSR,J1420.3-6046e,PWN,J1420.0-6048,PSR
1163,J1421.1-1120,"[2.371419906616211, 2.278850555419922, 2.0119564533233643, 27.908632278442383, -30.724749146805213, -30.400641153873746, -28.244762939792437, -30.473010596239785, -23.806624480748507, 0.12528502941131592, 0.44597822427749634, 2.1247498989105225, 13.319097518920898, 0.6039602790510248, -0.47131437535331266, -0.652997351235069, -0.6338051758965244, -0.773309542934741, -0.9974297517668572]",[1],J1421.0-1122,bcu,J1421.1-1120,bcu,bcu,J1421.1-1120,bcu,J1421.1-1120,bcu
1164,J1422.3+3223,"[2.400952100753784, 2.3719043731689453, 2.336818218231201, 619.82177734375, -29.985317685915124, -29.76018047102609, -28.43239476707822, -29.88229464989104, -23.841346261760282, 0.04596804827451706, 1.4957855939865112, 1.5922878980636597, 27.247787475585938, 0.9999968796447606, -0.5944213974743996, -0.6983480835058797, -0.7645760653548493, -0.41259220039652217, -0.7626458990533778]",[1],J1422.4+3227,fsrq,J1422.3+3223,fsrq,fsrq,J1422.5+3223,fsrq,J1422.5+3223,fsrq
1165,J1422.5-6137,"[2.2166075706481934, 2.2334461212158203, 0.5411365032196045, 9.58749771118164, -31.691553147431378, -31.247340082920346, -27.040297968690425, -31.219339522968717, -21.850469186283622, 0.5577298998832703, 0.03119373694062233, 18.640445709228516, 49.24982833862305, 0.8474981776123459, 0.9945745366497336, -0.19836490931175194, -0.4113253496590743, -0.8467459055940442, -0.9999104103021558]",[0],J1422.4-6137,PSR,J1422.5-6137,PSR,PSR,J1422.5-6137,PSR,J1422.5-6137,PSR
1166,J1422.6+5801,"[1.6833879947662354, 1.3839205503463745, 0.9872541427612305, 7.66033935546875, -34.25113667137548, -33.74785540233294, -28.595083946759974, -33.9058346986382, -24.315683394042587, 0.23986688256263733, 0.0, 3.325822591781616, 12.68809700012207, 0.2987261712047309, -0.9736182841356873, 0.6860669186845323, -0.055752303006933346, -0.36113975425902156, -0.4796490690339173]",[1],J1422.8+5801,bll,J1422.6+5801,bll,bll,J1422.6+5801,bll,J1422.6+5801,bll
1167,J1423.5-7829,"[2.481123924255371, 2.277573585510254, 1.4181627035140991, 36.85078048706055, -30.723205401922154, -30.387740969833782, -28.17387685654515, -30.399036633698138, -23.737259842983498, 0.30391788482666016, 0.6977424025535583, 3.2199463844299316, 9.090983390808105, 0.14043799192869655, -0.6472787160599267, -0.6986157351042442, -0.6031982872699456, -0.9999942063069165, 0.9209666616593275]",[1],J1422.8-7828,fsrq,J1423.5-7829,fsrq,fsrq,J1423.5-7829,fsrq,J1423.6-7829,fsrq
1168,J1424.2+0433,"[2.154165267944336, 1.9800481796264648, 1.7452632188796997, 175.74725341796875, -30.91384993330186, -30.616551108070283, -28.15712639231971, -30.705201153714082, -23.558642805517156, 0.14887391030788422, 1.0720950365066528, 3.525728702545166, 21.208250045776367, 0.9774831170302994, -0.38792996458537293, -0.5375555374487272, -0.5360932971382727, -0.7154840320082231, -0.999994510727095]",[1],J1424.3+0434,bll,J1424.2+0433,bll,bll,J1424.2+0433,bll,J1424.2+0433,bll
1169,J1424.8-6808,"[2.471235990524292, 2.3629117012023926, 1.888535499572754, 95.31314086914062, -29.731689641258065, -29.371801711320234, -27.500287069572057, -29.945706603118058, -23.12605773437411, 0.22015731036663055, 0.42064785957336426, 6.874166488647461, 28.902339935302734, 0.9987648966551472, -0.45831979023928276, -0.6887057310582713, -0.7855237249376298, -0.7339467264781842, -0.9999003801577022]",[1],J1424.6-6807,bcu,J1424.8-6808,bcu,bcu,J1424.8-6808,bcu,J1424.8-6808,bcu
1170,J1425.0+3615,"[1.8669790029525757, 1.7189027070999146, 1.5047597885131836, 7.7001953125, -33.08931842062845, -32.808213017617554, -28.05875337891229, -32.881241674997995, -23.622296432854935, 0.12634879350662231, 0.0, 3.0436134338378906, 22.192232131958008, -0.8758644044375287, 0.9418047643313906, -0.2040930766690937, -0.3597032261589961, -0.5216726298909226, -0.4888840465692794]",[1],J1424.9+3615,bll,J1425.0+3615,bll,bll,J1425.0+3615,bll,J1425.0+3615,bll
1171,J1426.1+3403,"[2.094067096710205, 2.006263256072998, 1.8054420948028564, 16.221967697143555, -32.16261969928869, -31.88923995891822, -28.594106315371025, -31.95871502036149, -24.081671459743156, 0.09782181680202484, 0.2852761745452881, 1.8912248611450195, 14.850851058959961, -0.8779349985127871, -0.34707120769147404, -0.5734620155796674, -0.5187220697961652, -0.599531598448662, -0.6953530177510097]",[1],J1426.2+3402,bll,J1426.1+3403,bll,bll,J1426.1+3403,bll,J1426.1+3403,bll
1172,J1427.0+2348,"[1.8181432485580444, 1.7051727771759033, 1.6566834449768066, 250.67984008789062, -30.033475791959113, -29.8555314617389, -26.729479164286875, -29.950547828208602, -22.443839957285828, 0.058132532984018326, 0.22237376868724823, 6.800018310546875, 156.35150146484375, -0.11044890475404988, -0.278046206784105, -0.42151564895045834, -0.38405638107763884, -0.4695396511291627, -0.48182242207766596]",[1],J1427.0+2347,BLL,J1427.0+2348,BLL,BLL,J1427.0+2348,BLL,J1427.0+2348,BLL
1173,J1427.6-3305,"[2.287825107574463, 2.1985220909118652, 2.0284838676452637, 265.5512390136719, -29.922716512810826, -29.641899978410482, -27.783480024036937, -29.73477280287098, -23.25470551241509, 0.11945302039384842, 0.5874171853065491, 5.27209997177124, 40.71255874633789, -0.3384660362404955, -0.3550957894184764, -0.6373523828349437, -0.7015233403429978, -0.6695131285950406, -0.6987392237668316]",[1],J1427.6-3305,bll,J1427.6-3305,bll,bll,J1427.6-3305,bll,J1427.6-3305,bll
1174,J1427.7-3215,"[2.1071903705596924, 2.102411985397339, 2.076246500015259, 47.557369232177734, -32.699967545087446, -32.56144929174251, -28.264402812273428, -32.640165300710386, -23.785456263480008, 0.003974774852395058, 0.7614017128944397, 0.09248718619346619, 12.291533470153809, 0.20006149254498465, -0.7597270532124699, -0.5723178004562202, -0.5728335540539665, -0.6186713631839678, -0.19415787174965013]",[1],J1427.8-3215,bcu,J1427.7-3215,bll,bll,J1427.7-3215,bll,J1427.7-3215,bll
1175,J1427.9-4206,"[2.2048282623291016, 2.096275806427002, 1.9642174243927002, 13512.3466796875, -27.858902742182842, -27.617128822457534, -26.510389673163267, -27.72060449346054, -21.84970579611775, 0.0885782241821289, 0.6879158616065979, 17.044754028320312, 293.3856201171875, -0.13974103053925654, -0.46564760960665386, -0.6135661551284586, -0.5937195868691899, -0.7384805873531542, -0.8325425482347449]",[1],J1427.9-4206,FSRQ,J1427.9-4206,FSRQ,FSRQ,J1427.9-4206,FSRQ,J1427.9-4206,FSRQ
1176,J1428.5+4240,"[1.632105827331543, 1.6056402921676636, 1.5541040897369385, 16.44150161743164, -33.881310738746684, -33.62489542585207, -27.997307151194608, -33.75003274589113, -23.870149132594918, 0.021007061004638672, 0.20389768481254578, 0.9139910936355591, 30.52060890197754, -0.7873028664943564, 0.7600151778439616, -0.312075265988392, -0.39839463690309446, -0.20958382298496853, -0.2099344900303279]",[1],J1428.5+4240,bll,J1428.5+4240,bll,bll,J1428.5+4240,bll,J1428.5+4240,bll
1177,J1429.9-5911,"[2.497818946838379, 2.483456611633301, 1.61734938621521, 8.81165599822998, -29.674921431818902, -29.386163197286372, -26.50960147065875, -29.374265215054518, -22.081270251127776, 0.29138320684432983, 0.0, 18.31432342529297, 75.07500457763672, 0.24072432187786186, -0.3836589277263874, -0.6286997682490971, -0.7387089309038973, -0.9294024654772407, -0.8964623773749661]",[0],J1429.8-5910,PSR,J1429.9-5911,PSR,PSR,J1429.9-5911,PSR,J1429.9-5911,PSR
1178,J1434.2+4204,"[2.458336114883423, 2.44875168800354, 2.3405797481536865, 18.881271362304688, -30.471745268344403, -30.3006368988621, -28.629525354437142, -30.35357069328884, -24.169896645372138, 0.013183620758354664, 0.2850431501865387, 0.2739712595939636, 13.40888786315918, -0.5547977498635177, -0.7121488755033479, -0.6976541418269925, -0.6024103306690248, -0.8303847745506271, -0.999974209274152]",[1],J1434.1+4203,fsrq,J1434.2+4204,fsrq,fsrq,J1434.2+4204,fsrq,J1434.2+4204,fsrq
1179,J1434.7+1950,"[2.303156852722168, 2.2700960636138916, 1.9374713897705078, 626.166259765625, -30.209063170330506, -29.89769864637248, -27.68589748328572, -29.932847234231176, -23.224296404065047, 0.13710333406925201, 0.8601858019828796, 6.426128387451172, 40.49325180053711, -0.1695023352043887, -0.496303604710764, -0.6538680075401911, -0.6623018018173601, -0.7617314968251282, -0.8607219087953745]",[1],J1434.6+1951,fsrq,J1434.7+1950,fsrq,fsrq,J1434.7+1950,fsrq,J1434.7+1950,fsrq
1180,J1434.8+6640,"[1.6833339929580688, 1.593336582183838, 1.3649059534072876, 8.627910614013672, -34.92704095476466, -34.518483172004004, -28.89306510428872, -34.66509551977392, -24.60659857872061, 0.11577693372964859, 0.0, 1.5861197710037231, 10.232311248779297, -0.9691216586628882, -0.786638742063387, 0.9996600680642945, -0.2415753411377085, -0.4782019135498563, -0.2646291747354456]",[1],J1434.6+6640,bcu,J1434.8+6640,bll,bll,J1434.8+6640,bll,J1434.8+6640,bll
1181,J1435.5+2021,"[2.215283155441284, 1.9492920637130737, 1.2969865798950195, 9.01600170135498, -32.3841022721657, -32.02452837383824, -28.106888445640028, -32.04867460698078, -23.73552687637032, 0.24566258490085602, 0.0, 2.42620587348938, 11.298288345336914, -0.9802036769600605, 0.995805875204102, -0.6980277418829108, -0.19484268811839253, -0.7522256696781938, -0.9999999986997966]",[1],J1435.2+2023,bll,J1435.5+2021,bll,bll,J1435.5+2021,bll,J1435.5+2021,rdg
1182,J1436.9+2321,"[2.4924488067626953, 2.4419140815734863, 2.2808356285095215, 17.32695770263672, -30.264058143976897, -29.98628899565997, -28.31700596774414, -30.083489839397497, -23.92478810568953, 0.062314752489328384, 0.2421294003725052, 0.8610019087791443, 12.732402801513672, -0.6956846919960221, -0.6060042570772053, -0.6402971206392247, -0.8002067570802565, -0.4620345501446103, -0.9711832014482515]",[1],J1436.8+2322,fsrq,J1436.9+2321,fsrq,fsrq,J1436.9+2321,fsrq,J1436.9+2321,fsrq
1183,J1436.9+5638,"[1.8956644535064697, 1.8761379718780518, 1.7991834878921509, 25.440475463867188, -32.84114491235576, -32.656905966222226, -28.36117150511881, -32.74246015357021, -23.991828459372076, 0.015723824501037598, 0.29557788372039795, 0.5981251001358032, 26.598922729492188, 0.9363511475217944, -0.6334752755967261, -0.48739372169247613, -0.41586955276465215, -0.48382428413412343, -0.33340828815589757]",[1],J1436.8+5639,bll,J1436.9+5638,bll,bll,J1436.9+5638,bll,J1436.9+5638,bll
1184,J1438.9+3710,"[2.4072415828704834, 2.309835433959961, 2.0890371799468994, 334.79986572265625, -29.41422902176327, -29.16410043290863, -28.090624019802014, -29.23158960652776, -23.639157742753405, 0.10803935676813126, 0.7532501816749573, 4.110827922821045, 37.1204948425293, 0.03254277285574701, -0.5336477926144403, -0.6970306699229305, -0.6483373163125767, -0.8738380322335944, -0.9999993204770862]",[1],J1438.7+3710,fsrq,J1438.9+3710,fsrq,fsrq,J1438.9+3710,fsrq,J1438.9+3710,fsrq
1185,J1439.3+3932,"[1.970274567604065, 1.9523581266403198, 1.9198468923568726, 19.40052032470703, -32.52724597223323, -32.32380162027369, -28.386771616362857, -32.4030794687383, -23.946117217403888, 0.019682595506310463, 0.26367127895355225, 0.5520418882369995, 21.003942489624023, 0.9925022445550147, -0.5282808953749918, -0.4233301058686545, -0.5320184491100601, -0.40676791859701794, -0.6766393291791877]",[1],J1439.2+3931,bll,J1439.3+3932,bll,bll,J1439.3+3932,bll,J1439.3+3932,bll
1186,J1439.7+4958,"[2.3024656772613525, 2.2737646102905273, 2.171372175216675, 46.1589241027832, -30.909633013959674, -30.701106558821685, -28.493590482346555, -30.773699344461193, -23.945313254229728, 0.04326283931732178, 0.360935240983963, 1.3986910581588745, 23.326845169067383, 0.9986274269327055, -0.6154033271888385, -0.6582843419457967, -0.6823664087870559, -0.45988718320902533, -0.9999496943182283]",[1],J1440.1+4955,bll,J1439.7+4958,bll,bll,J1439.7+4958,bll,J1439.7+4958,bll
1187,J1439.9-3953,"[2.0872740745544434, 2.117095470428467, 2.1028971672058105, 17.899229049682617, -32.90073709595472, -32.82404342827515, -28.271613406023302, -32.86751366545327, -23.78551284693749, -0.032606348395347595, 0.40600019693374634, 0.7216408848762512, 9.629521369934082, 0.9997759969632091, -0.1107027568509216, -0.7941771477741765, -0.2980951958201363, -0.5419239751944162, -0.4472763952727869]",[1],J1440.0-3955,bcu,J1439.9-3953,bcu,bll,J1439.9-3953,bll,J1439.9-3953,bll
1188,J1440.6-3846,"[1.734425663948059, 1.6746371984481812, 1.5432567596435547, 8.707357406616211, -34.079533092363796, -33.812076983500866, -27.989354781199072, -33.91232130812099, -23.579310424813915, 0.04702211916446686, 0.0, 1.2380468845367432, 21.042055130004883, 0.999991520129518, -0.7682892948082081, -0.5185141172019094, -0.24707140010504852, -0.3473860093698119, -0.25972636509763264]",[1],J1440.4-3845,bll,J1440.6-3846,bll,bll,J1440.6-3846,bll,J1440.6-3846,bll
1189,J1440.9+0609,"[2.120414972305298, 2.057353973388672, 1.9321883916854858, 26.28936767578125, -32.531385354757234, -32.283768256486034, -27.998176386289646, -32.384498905911464, -23.53660222756356, 0.060379404574632645, 0.4530446231365204, 1.0894581079483032, 17.46122169494629, 0.9137074897047365, -0.655006157341377, -0.5336668052794917, -0.5304921743200084, -0.5447482235600194, -0.5658484218150831]",[1],J1440.9+0610,bll,J1440.9+0609,bll,bll,J1440.9+0609,bll,J1440.9+0609,bll
1190,J1442.0+4348,"[2.065497398376465, 1.9674822092056274, 1.7328031063079834, 16.808000564575195, -32.411525369813035, -32.15003751450141, -28.686585121371042, -32.207122475573044, -24.1850280806459, 0.0841844230890274, 0.33893001079559326, 1.4749373197555542, 13.751080513000488, 0.9660123661593525, -0.4767901612476706, -0.5666251082202214, -0.39229847975813287, -0.5723316007600555, -0.9999707957428249]",[1],J1442.0+4348,bll,J1442.0+4348,bll,bll,J1442.0+4348,bll,J1442.0+4348,bll
1191,J1442.7+1200,"[1.8013904094696045, 1.6757210493087769, 1.5657211542129517, 15.377025604248047, -33.38775636352033, -33.03277804064443, -28.192332260982564, -33.19021411997024, -23.85595771105675, 0.11136684566736221, 0.2744019031524658, 2.531115770339966, 18.093778610229492, -0.9909740922776291, 0.8897839997951796, -0.432694816401233, -0.1364568718309244, -0.5917005844660622, -0.4006472184755173]",[1],J1442.8+1200,bll,J1442.7+1200,bll,bll,J1442.7+1200,bll,J1442.7+1200,bll
1192,J1443.1+5201,"[2.0485193729400635, 1.9482454061508179, 1.5834109783172607, 8.547168731689453, -33.371502148707656, -33.05420761895132, -28.891611588610896, -33.093422535603, -24.389730739562868, 0.1319979876279831, 0.0, 1.548044204711914, 8.217536926269531, -0.17202078289998757, -0.5112977860965189, -0.5591586435639955, -0.4845323730819407, -0.493762064567867, -0.7245823860621626]",[1],J1442.6+5156,rdg,J1443.1+5201,rdg,rdg,J1443.1+5201,rdg,J1443.1+5201,rdg
1193,J1443.9+2501,"[2.092116594314575, 1.966739296913147, 1.8192009925842285, 2961.062255859375, -29.419360500973678, -29.20567002819891, -27.366386829393868, -29.29728443793192, -22.758882725946982, 0.10032059997320175, 1.4266550540924072, 8.960951805114746, 53.849517822265625, -0.11615462690565863, -0.3898372020140658, -0.5445220708673462, -0.5510525652338334, -0.7096206888445171, -0.7303604471629632]",[1],J1443.9+2502,fsrq,J1443.9+2501,fsrq,fsrq,J1443.9+2501,fsrq,J1443.9+2501,fsrq
1194,J1445.0-0326,"[1.74717116355896, 1.6071622371673584, 1.3903709650039673, 10.120911598205566, -33.505641108272684, -33.14705038645329, -27.930070508455003, -33.264751879426306, -23.62112041282275, 0.10834198445081711, 0.047144193202257156, 2.6038947105407715, 20.9652156829834, 0.2622835620780168, -0.7142441909306984, -0.2652743729787487, -0.2645101060190939, -0.2858394350177336, -0.6394688055267753]",[1],J1445.0-0328,bll,J1445.0-0326,bll,bll,J1445.0-0326,bll,J1445.0-0326,bll
1195,J1445.9-1626,"[2.551867961883545, 2.5732247829437256, 2.5708158016204834, 32.431400299072266, -29.854179509262792, -29.743896762232698, -28.074055166679216, -29.843038987583057, -23.737011759315497, -0.0333949439227581, 0.5110548734664917, 0.6256595253944397, 10.158685684204102, -0.10765859225251839, -0.7996687656324026, -0.6444812925195065, -0.6289541801871241, -0.8955182037627017, 0.11579817002915495]",[1],J1446.1-1628,bll,J1445.9-1626,bll,bll,J1445.9-1626,bll,J1445.9-1626,bll
1196,J1446.6-4701,"[2.271502733230591, 1.9650940895080566, 0.9457710981369019, 7.964993953704834, -31.04198600252272, -30.619417966771916, -28.08642785417544, -30.612371835987325, -23.28138427701643, 0.4306582808494568, 0.0, 6.575162887573242, 20.708528518676758, 0.9989780095118888, -0.6128847981782584, -0.41615535174859486, -0.6622400770063233, -0.9229111927524195, -0.9969034286288692]",[0],J1446.6-4701,PSR,J1446.6-4701,PSR,PSR,J1446.6-4701,MSP,J1446.6-4701,MSP
1197,J1446.8-1830,"[2.01832914352417, 1.9032078981399536, 1.536834955215454, 10.216509819030762, -33.429674003498874, -33.20712585885124, -28.525800549110194, -33.2144423683101, -24.01057279957911, 0.06319975852966309, 0.0, 0.4507806599140167, 5.24154806137085, -0.7574686405149929, -0.676976359878766, -0.8017885081995809, -0.09790809314378415, -0.291288088150573, -0.9993439524222008]",[1],J1446.8-1831,bcu,J1446.8-1830,bcu,bcu,J1446.8-1830,bcu,J1446.8-1830,bcu
1198,J1448.0+3608,"[1.792528748512268, 1.5997949838638306, 1.4808917045593262, 24.9077205657959, -31.889001458695564, -31.620429433638225, -27.721074303936064, -31.729339762876926, -23.414835078904794, 0.11323422938585281, 0.17769260704517365, 5.530978679656982, 47.97986602783203, -0.9807980459876177, 0.9998071676977911, -0.26818601328093733, -0.41064041933382056, -0.45197917330868825, -0.5212561589330214]",[1],J1448.0+3608,bll,J1448.0+3608,bll,bll,J1448.0+3608,bll,J1448.0+3608,bll
1199,J1450.4+0910,"[2.3936188220977783, 2.2374019622802734, 1.937262773513794, 76.04493713378906, -30.706747208217116, -30.363086629005576, -28.396980573415778, -30.44390908522041, -23.94941477145114, 0.171237513422966, 0.9201300740242004, 2.0188674926757812, 11.027445793151855, 0.8791376663835915, -0.39408704963327845, -0.6717601350683375, -0.6739032460399789, -0.796272846500468, -0.9975710207907164]",[1],J1450.4+0911,fsrq,J1450.4+0910,fsrq,fsrq,J1450.4+0910,fsrq,J1450.4+0910,fsrq
1200,J1450.8+5201,"[2.1666476726531982, 2.0785980224609375, 1.8107612133026123, 11.64731502532959, -31.987221146490686, -31.715213804733775, -28.31313636213381, -31.75321161069565, -23.825967501582827, 0.1115243211388588, 0.09367049485445023, 2.526125192642212, 21.539621353149414, 0.912018919953425, 0.35697886099880777, -0.5984188925388109, -0.5364502754832117, -0.557865473950657, -0.9999976530343938]",[1],J1450.9+5200,bll,J1450.8+5201,bll,bll,J1450.8+5201,bll,J1450.8+5201,bll
1201,J1451.4+6355,"[1.8224822282791138, 1.831620693206787, 1.7430540323257446, 29.523725509643555, -33.88994244487634, -33.74705436618359, -28.65015467007163, -33.797837193046824, -24.272686813171045, -0.008183197118341923, 0.5011687278747559, 0.22391360998153687, 15.44879150390625, 0.7006618921603099, -0.5483584792072178, -0.4941604306813697, -0.5792127872395745, -0.16798815753804686, -0.20879378087724298]",[1],J1451.2+6355,bll,J1451.4+6355,bll,bll,J1451.4+6355,bll,J1451.4+6355,bll
1202,J1454.1+1622,"[2.408679246902466, 2.2911911010742188, 1.9258061647415161, 35.97554397583008, -30.41979432247472, -30.084301533602602, -28.353180401216203, -30.15398608949508, -23.878636896379522, 0.16700755059719086, 0.5124706625938416, 2.8275504112243652, 15.557564735412598, 0.9138323473514022, -0.584778654662929, -0.6694526830145249, -0.6946322675374557, -0.8719393859471276, -0.9996465594956516]",[1],J1454.0+1622,fsrq,J1454.1+1622,fsrq,fsrq,J1454.1+1622,fsrq,J1454.1+1622,fsrq
1203,J1454.4-3744,"[2.553535223007202, 2.4775230884552, 2.0619466304779053, 55.37076187133789, -30.286298714439372, -29.993495800716282, -27.861246366299646, -29.947243253119797, -23.7126395692, 0.20056144893169403, 0.7624424695968628, 2.730755567550659, 10.958033561706543, 0.9973434098738515, -0.6702300322513798, -0.7036128150949748, -0.7482052856865904, -0.9989683204160303, 0.9705075027044409]",[1],J1454.2-3751,fsrq,J1454.4-3744,fsrq,fsrq,J1454.4-3744,fsrq,J1454.4-3744,fsrq
1204,J1454.4+5124,"[2.0229644775390625, 1.9684027433395386, 1.8697158098220825, 399.0166320800781, -30.73641702254068, -30.509113880348963, -27.44107580270869, -30.587991552189248, -23.049248959288875, 0.055471185594797134, 0.4691137969493866, 5.181284427642822, 80.80319213867188, -0.23596314872942856, -0.4130970551888682, -0.558563643219372, -0.4669669257726027, -0.5795677735903633, -0.5952049783683566]",[1],J1454.5+5124,bll,J1454.4+5124,bll,bll,J1454.4+5124,bll,J1454.4+5124,bll
1205,J1457.4-3539,"[2.3243513107299805, 2.175274610519409, 1.8716444969177246, 2853.58447265625, -29.20179347584917, -28.893786378843682, -27.61253479769407, -28.97250653294057, -23.00566838083926, 0.17026366293430328, 1.5103402137756348, 10.359221458435059, 64.84246826171875, 0.3310105355913109, -0.46711035466158757, -0.6433027826847311, -0.6569559706851094, -0.8583938271995143, -0.8222057789138917]",[1],J1457.4-3539,FSRQ,J1457.4-3539,FSRQ,FSRQ,J1457.4-3539,FSRQ,J1457.4-3539,FSRQ
1206,J1458.6+3722,"[2.1847472190856934, 2.1399683952331543, 2.0768496990203857, 37.654014587402344, -31.90887020663457, -31.6714448060666, -28.572818809790263, -31.791239856171227, -24.064206424703105, 0.054309338331222534, 0.5752426981925964, 1.0975955724716187, 14.56159782409668, -0.8161887152775443, -0.27710489725169724, -0.5478513629232638, -0.6298620915652361, -0.472698449319003, -0.8501509031092359]",[1],J1458.7+3719,bll,J1458.6+3722,bll,bll,J1458.6+3722,bll,J1458.6+3722,bll
1207,J1459.5-6053,"[2.5010316371917725, 2.479297161102295, 1.6942204236984253, 8.034767150878906, -29.471915189125713, -29.126806931024728, -26.552499351330706, -29.135011662325685, -22.134144761789088, 0.2726643681526184, 0.0, 19.40170669555664, 84.99160766601562, 0.9845921579958234, -0.44732270000213853, -0.6407925535213235, -0.7372856550223204, -0.9480901702717845, -0.9999999890273134]",[0],J1459.4-6053,PSR,J1459.5-6053,PSR,PSR,J1459.5-6053,PSR,J1459.5-6053,PSR
1208,J1500.7+4752,"[2.383742570877075, 2.3171536922454834, 1.9311847686767578, 10.08440113067627, -31.570636151713007, -31.32575162805938, -28.3191863536879, -31.323646329864594, -24.044468371759237, 0.136813223361969, 0.0, 1.7487612962722778, 10.199363708496094, 0.5337324769195333, -0.6488828641033423, -0.5889217717331696, -0.693006125494062, -0.8155271828804612, -0.9998432568137249]",[1],J1500.6+4750,bll,J1500.7+4752,bll,bll,J1500.7+4752,bll,J1500.7+4752,bll
1209,J1501.0+2238,"[2.0017154216766357, 1.9418399333953857, 1.8623976707458496, 66.16914367675781, -31.647476116503785, -31.397486858574286, -27.991789767401773, -31.514676783711444, -23.540917598536833, 0.057129234075546265, 0.3904029428958893, 2.275071144104004, 33.9210319519043, 0.33416815174872544, -0.42362177267370477, -0.4634419327495165, -0.49463354462536135, -0.5950087733398841, -0.5344850819374899]",[1],J1500.9+2238,bll,J1501.0+2238,bll,bll,J1501.0+2238,bll,J1501.0+2238,bll
1210,J1503.5+4759,"[2.2207581996917725, 2.197469472885132, 2.196176767349243, 23.349313735961914, -31.791821174224435, -31.643673083865952, -28.28878152315229, -31.733869949674588, -23.82992698347835, 0.03278283402323723, 0.2706262171268463, 0.9703415036201477, 20.005294799804688, -0.5580780505606833, -0.497775581228709, -0.6327262450579765, -0.5660981438923117, -0.7315079836557303, -0.5161968987573172]",[1],J1503.7+4759,bll,J1503.5+4759,bll,bll,J1503.5+4759,bll,J1503.5+4759,bll
1211,J1503.6-6427,"[2.4887502193450928, 2.465482711791992, 2.140979766845703, 55.33004379272461, -30.674302256203127, -30.370030758905138, -27.467212258371227, -30.388972986399416, -23.350573091583694, 0.1337755173444748, 1.0164152383804321, 2.006650686264038, 8.59773063659668, 0.9973897058901936, 0.16183411562344288, -0.8027725089116408, -0.5685315915471177, -0.9711879376587953, 0.4285466732726444]",[1],J1503.7-6426,bcu,J1503.6-6427,bcu,bcu,J1503.6-6427,bcu,J1503.6-6427,bcu
1212,J1503.7-1540,"[1.8183670043945312, 1.756842851638794, 1.5936119556427002, 14.358180046081543, -33.03957392085902, -32.78338329698455, -27.869782719037566, -32.86360614238316, -23.50827373655761, 0.0538334995508194, 0.17990519106388092, 1.9267432689666748, 24.722543716430664, 0.9962309961968969, -0.11142113641146043, -0.5253998058360868, -0.31017036272319, -0.46024507355845695, -0.3511833730734338]",[1],J1503.7-1540,bll,J1503.7-1540,bll,bll,J1503.7-1540,bll,J1503.7-1540,bll
1213,J1504.4+1029,"[2.250124931335449, 2.124401569366455, 1.9781898260116577, 13551.62109375, -27.670741350011706, -27.437007605312687, -26.940296485358846, -27.53289020093483, -22.21742540597795, 0.09861569851636887, 0.9492855072021484, 17.376667022705078, 230.278564453125, -0.16422769605887344, -0.49188139941364767, -0.6383985523665894, -0.6376076546096632, -0.7884131117034578, -0.8606221595540888]",[1],J1504.4+1029,FSRQ,J1504.4+1029,FSRQ,FSRQ,J1504.4+1029,FSRQ,J1504.4+1029,FSRQ
1214,J1505.0-3433,"[2.2774205207824707, 2.1903884410858154, 1.8984670639038086, 40.06703186035156, -31.610641644479667, -31.34470354078213, -28.231236848548676, -31.385470269242422, -23.82046915730276, 0.12600447237491608, 0.8550195693969727, 2.0294055938720703, 10.747252464294434, 0.4829752864220693, 0.9964388635578961, -0.6404157289050696, -0.573331733282683, -0.7200289046791908, -0.9999525083053628]",[1],J1505.0-3432,bll,J1505.0-3433,bll,bll,J1505.0-3433,bll,J1505.0-3433,bll
1215,J1505.0+0326,"[2.591078758239746, 2.489586591720581, 2.3193929195404053, 73.45128631591797, -28.040481759629603, -27.814086412337776, -27.9250600827003, -27.883375683960494, -23.472582441349918, 0.09910445660352707, 0.32279226183891296, 3.047067165374756, 32.2695198059082, -0.25899702301527877, -0.6158545600928598, -0.756059967098749, -0.7688460886037229, -0.7835216774735208, -0.9999328298809472]",[1],J1505.1+0326,nlsy1,J1505.0+0326,NLSY1,NLSY1,J1505.0+0326,NLSY1,J1505.0+0326,NLSY1
1216,J1505.5-8241,"[2.019148111343384, 1.9775958061218262, 1.8454978466033936, 10.662381172180176, -33.328590859911884, -33.09776757873012, -28.489920081634683, -33.165973218939676, -23.978474349489332, 0.0491907075047493, 0.15585458278656006, 0.8022428154945374, 9.421733856201172, 0.15784409175954348, 0.21223814759102397, -0.3006320241511924, -0.635862922794399, -0.30615973617030795, -0.6301703919633826]",[1],J1504.5-8242,bcu,J1505.5-8241,bcu,bcu,J1505.5-8241,bcu,J1505.5-8241,bcu
1217,J1506.1+3731,"[2.496248960494995, 2.398373603820801, 2.2302982807159424, 1644.682861328125, -28.25627116002615, -28.02271420104584, -28.0242221907943, -28.10273500018281, -23.436410679321725, 0.10186858475208282, 1.0216472148895264, 6.070150375366211, 62.17937088012695, -0.04509496432714491, -0.6193739711931788, -0.7284126652060777, -0.7387962743000177, -0.8512232859925983, -0.9998460386941213]",[1],J1506.1+3728,fsrq,J1506.1+3731,fsrq,fsrq,J1506.1+3731,fsrq,J1506.1+3731,fsrq
1218,J1506.4+4331,"[2.3009228706359863, 2.3391387462615967, 2.322808027267456, 12.125334739685059, -32.59948245955769, -32.549839507504515, -28.59433378279074, -32.57246069532873, -24.323411907538507, -0.045952074229717255, 0.27546995878219604, 0.6551453471183777, 4.901034832000732, -0.20126689376834972, 0.9394236131706468, -0.5751194727897389, -0.6732221776709825, -0.5687949841007888, -0.4468752119901385]",[1],J1506.3+4332,bll,J1506.4+4331,bll,bll,J1506.4+4331,bll,J1506.4+4331,bll
1219,J1506.6+0813,"[1.7853947877883911, 1.597203254699707, 1.4618054628372192, 32.53340530395508, -32.52180549586665, -32.25086135315843, -27.804190134433174, -32.35576281184232, -23.50553794531678, 0.11030061542987823, 0.3690284788608551, 3.4489808082580566, 28.983686447143555, -0.4432106060875564, -0.12312375731936404, -0.31240602493028174, -0.3145183267898575, -0.4640490314564008, -0.4511061227747389]",[1],J1506.6+0811,bll,J1506.6+0813,bll,bll,J1506.6+0813,bll,J1506.6+0813,bll
1220,J1507.2+1721,"[1.8085612058639526, 1.53365957736969, 1.0059839487075806, 25.299739837646484, -33.4344415419096, -32.97066093034927, -28.34299817348058, -33.04191786230187, -23.859590327859642, 0.24140889942646027, 0.5801651477813721, 3.465353488922119, 13.918635368347168, -0.9713735388716497, 0.9824521467951149, -0.05046944168621743, -0.36910538751879546, -0.2871143246342952, -0.7367026581199685]",[1],J1507.4+1725,bll,J1507.2+1721,bll,bll,J1507.2+1721,bll,J1507.2+1721,bll
1221,J1507.3-3710,"[2.252509355545044, 2.1835153102874756, 1.88308846950531, 8.737308502197266, -31.784754838543336, -31.478761592123508, -28.297431154727366, -31.502649885855025, -23.870315896029425, 0.13500483334064484, 0.0, 1.8182647228240967, 8.503177642822266, -0.9933267554106081, 0.918723412491987, -0.7510212065037762, -0.42049455844628036, -0.6296233661084364, -0.9999922222606811]",[1],J1507.6-3710,bcu,J1507.3-3710,bcu,bcu,J1507.3-3710,bcu,J1507.3-3710,bcu
1222,J1508.5-4951,"[2.8425686359405518, 2.8274190425872803, 2.3744187355041504, 35.64173126220703, -28.54570399932057, -28.240052262541163, -27.23096568003372, -28.231011514400446, -23.277783632805825, 0.1683550775051117, 0.285586416721344, 3.8062031269073486, 17.648868560791016, 0.3849030483904551, -0.6970563178352414, -0.8189813281987424, -0.7898195513218716, -0.9570551990939546, -0.9999941901169905]",[1],J1508.7-4956,bcu,J1508.5-4951,bcu,bcu,J1508.5-4951,bcu,J1508.5-4951,bcu
1223,J1508.8+2708,"[2.045813798904419, 2.081202745437622, 2.046567440032959, 7.5828537940979, -32.895417260673554, -32.82289898930015, -28.56375254108864, -32.862016831119604, -24.063506579837508, -0.035694822669029236, 0.0, 0.7674378156661987, 10.13122844696045, 0.9976081786177452, -0.40452451044630305, -0.6850342922590656, -0.5102378373898917, -0.3701051852315291, -0.32624358764420547]",[1],J1508.6+2709,bll,J1508.8+2708,bll,bll,J1508.8+2708,bll,J1508.8+2708,bll
1224,J1509.4-5850,"[2.4000895023345947, 2.2679197788238525, 1.2500910758972168, 15.105378150939941, -30.100171005977515, -29.71862774695947, -26.17391310328425, -29.696569722591022, -21.742926288556326, 0.3867064416408539, 0.0481652170419693, 19.749547958374023, 70.32389831542969, 0.9514666770840978, 0.27452629473535806, -0.467535120099281, -0.6418270641879422, -0.9169533654628894, -0.9999776110157343]",[0],J1509.4-5850,PSR,J1509.4-5850,PSR,PSR,J1509.4-5850,PSR,J1509.4-5850,PSR
1225,J1509.7+5556,"[1.8808006048202515, 1.7478467226028442, 1.4383832216262817, 6.11081075668335, -33.40698165806025, -33.05322240839548, -28.558204116131297, -33.118226047430674, -24.153556950601367, 0.12708047032356262, 0.0, 2.294224977493286, 18.558860778808594, 0.9433993750948081, -0.709857595606013, -0.4561908779234313, -0.27686044260081233, -0.5294979083356454, -0.8615254738431712]",[1],J1509.7+5556,bll,J1509.7+5556,bll,bll,J1509.7+5556,bll,J1509.7+5556,bll
1226,J1510.8+7959,"[2.2182981967926025, 2.1590778827667236, 1.9775382280349731, 68.670654296875, -32.351375955676836, -32.107459162120314, -28.916474653393887, -32.170134221290624, -24.4459646451537, 0.05281088873744011, 1.1091097593307495, 0.7491703629493713, 10.057234764099121, -0.7251554208901001, 0.9978288229005057, -0.7271099522786673, -0.4321042635478981, -0.5833996194867191, -0.9042740914441816]",[1],J1512.3+8005,bcu,J1510.8+7959,bcu,bcu,J1510.8+7959,bcu,J1510.8+7959,bcu
1227,J1510.8-0542,"[2.448012590408325, 2.40185546875, 2.171182155609131, 75.848876953125, -29.67955973766771, -29.411428805954365, -27.578289614394773, -29.4484403629268, -23.24133809125462, 0.11224573105573654, 0.3492303192615509, 3.918689489364624, 26.56387710571289, 0.9583396740606144, -0.2828160842140588, -0.6805589093856984, -0.7259731417288845, -0.8330990076255439, -0.6069033291796624]",[1],J1510.9-0542,fsrq,J1510.8-0542,fsrq,fsrq,J1510.8-0542,fsrq,J1510.8-0542,fsrq
1228,J1511.8-0513,"[1.9676719903945923, 1.8950814008712769, 1.6818974018096924, 11.623969078063965, -33.06240558438455, -32.825446504370184, -27.945448536042242, -32.88612343342169, -23.41614376345297, 0.04860968515276909, 0.12737037241458893, 0.9347087144851685, 18.598535537719727, -0.33619098489615795, -0.7702171247187398, -0.6881172224705058, -0.18657276505349543, -0.5586728649507798, -0.41393453841539235]",[1],J1511.8-0513,bcu,J1511.8-0513,bll,bll,J1511.8-0513,bll,J1511.8-0513,bll
1229,J1512.1-2255,"[1.9584038257598877, 1.8741436004638672, 1.6595640182495117, 5.841490268707275, -32.7754382344923, -32.51402542254822, -28.132197016748542, -32.574444401349794, -23.656141867908076, 0.07632890343666077, 0.0, 1.714173674583435, 15.905041694641113, -0.4472182444137549, -0.3241820148261173, -0.670524444200234, -0.30581450863830884, -0.4364385597605709, -0.7431300353500695]",[1],J1512.2-2255,bcu,J1512.1-2255,bll,bll,J1512.1-2255,bll,J1512.1-2255,bll
1230,J1512.2+0202,"[2.1459827423095703, 1.9684659242630005, 1.7419360876083374, 30.437580108642578, -30.223477642545415, -29.918350623139105, -27.787380597815844, -30.0123091370074, -23.14623158474973, 0.15745367109775543, 0.1809898465871811, 6.78473424911499, 42.42741775512695, -0.3915079365614602, -0.36355344408770457, -0.531072177633984, -0.5835987865974995, -0.7860555829778889, -0.7956720678560288]",[1],J1512.2+0202,fsrq,J1512.2+0202,fsrq,fsrq,J1512.2+0202,fsrq,J1512.2+0202,fsrq
1231,J1512.8-0906,"[2.382528305053711, 2.368350028991699, 2.254962682723999, 5930.0634765625, -27.99229020488666, -27.729352733538295, -26.420198464732998, -27.808262843115035, -21.90715086952316, 0.055693335831165314, 0.471628338098526, 11.981781005859375, 238.7069549560547, -0.21694480423020848, -0.5817272180184694, -0.6902814581167132, -0.6803054983321593, -0.7561862887017543, -0.7168006943531533]",[1],J1512.8-0906,FSRQ,J1512.8-0906,FSRQ,FSRQ,J1512.8-0906,FSRQ,J1512.8-0906,FSRQ
1232,J1513.4-3231,"[2.4574244022369385, 2.3601362705230713, 2.0837976932525635, 147.71737670898438, -29.721636739417207, -29.4205086513171, -27.735471476680935, -29.481211019581878, -23.419330321215753, 0.13736970722675323, 0.9601495862007141, 3.078533887863159, 16.92121124267578, -0.3628708180217346, -0.6664155612930016, -0.6440135608409157, -0.7470936281243831, -0.7962832623444326, -0.9999978768013716]",[1],J1513.5-3233,fsrq,J1513.4-3231,fsrq,fsrq,J1513.4-3231,fsrq,J1513.4-3231,fsrq
1233,J1513.4-2549,"[2.3058979511260986, 2.2206368446350098, 1.0885727405548096, 9.743758201599121, -31.013092307959575, -30.56734052109935, -28.266650875382332, -30.650933458891625, -23.388402125421788, 0.4222787618637085, 0.09182680398225784, 6.925605297088623, 21.833711624145508, 0.9560558214549608, -0.2003008764480353, -0.5081129287852212, -0.7747005653168725, -0.8435171615761886, -0.9995104323458004]",[0],J1513.4-2549,psr,J1513.4-2549,PSR,PSR,J1513.4-2549,MSP,J1513.4-2549,MSP
1234,J1514.3-4946,"[2.143514394760132, 1.8269076347351074, 1.0264030694961548, 5.547642707824707, -30.6064112756105, -30.190711307034757, -27.45455922810407, -30.209496138013776, -22.58162635523666, 0.3529132306575775, 0.0, 17.173057556152344, 74.38896942138672, -0.48549233168812334, -0.19957623124289953, -0.3577374691352029, -0.49392189705314055, -0.9037476578117524, -0.9015980213198831]",[0],J1514.2-4947,PSR,J1514.3-4946,PSR,PSR,J1514.3-4946,MSP,J1514.3-4946,MSP
1235,J1514.7-3617,"[2.377786159515381, 2.2996134757995605, 1.7836062908172607, 52.342891693115234, -30.67829226413185, -30.272159788538172, -28.07762609338396, -30.328812090720323, -23.512123300363584, 0.24241968989372253, 0.5432835817337036, 4.058543682098389, 14.718104362487793, 0.9961869313685294, -0.46801139005654085, -0.5974393901854228, -0.6977873874871277, -0.8148703225356548, -0.9994860086770797]",[1],J1514.8-3623,bcu,J1514.7-3617,bcu,bcu,J1514.7-3617,bcu,J1514.7-3617,bcu
1236,J1514.8-4748,"[2.3864364624023438, 2.287688970565796, 2.101754903793335, 61.41982650756836, -30.05275334762597, -29.822332399021267, -27.475410219045052, -29.89080765590105, -23.171942391339172, 0.10382451862096786, 0.4163912236690521, 3.311650037765503, 25.003276824951172, 0.4604188523311331, -0.5679335245064189, -0.6351991253807172, -0.6511156923665699, -0.7739702146939119, -0.7383724487254663]",[1],J1514.5-4750,fsrq,J1514.8-4748,fsrq,fsrq,J1514.8-4748,fsrq,J1514.8-4748,fsrq
1237,J1516.8+3651,"[2.1904702186584473, 2.1316726207733154, 2.1350929737091064, 32.703556060791016, -32.212379256725455, -31.856923127774042, -28.820437846450073, -32.127878808440016, -24.323590540809036, 0.09168534725904465, 0.9569736123085022, 0.8963426351547241, 7.425062656402588, 0.4739530728720064, -0.5592187953869857, -0.2291600749384894, -0.8261398301389078, -0.49391932400953464, -0.3692178018501354]",[1],J1516.7+3648,bll,J1516.8+3651,bll,bll,J1516.8+3651,bll,J1516.8+3651,bll
1238,J1516.9+1934,"[2.5800559520721436, 2.576826572418213, 2.5745980739593506, 30.887439727783203, -29.87467382904635, -29.660222226226992, -28.367109909855465, -29.840047611463117, -24.050747761575717, 0.003881627693772316, 0.6473959684371948, 0.06537152826786041, 7.777689456939697, 0.6469409499011757, -0.37441158549159453, -0.8684835476691557, -0.5589112288988171, -0.5638481204777428, -0.9986620484954944]",[1],J1516.9+1926,bll,J1516.9+1934,bll,bll,J1516.9+1934,bll,J1516.9+1934,bll
1239,J1517.7-2422,"[2.1235949993133545, 2.0792651176452637, 2.0651705265045166, 127.66211700439453, -29.220202505337927, -29.09273690058782, -27.14433748620543, -29.17837450790772, -22.705454096248285, 0.028454620391130447, 0.1969398558139801, 2.968815326690674, 94.95695495605469, 0.024993882097991315, -0.4887620674354266, -0.5893161112995609, -0.523231982534093, -0.6530825773076957, -0.5186569770243226]",[1],J1517.6-2422,bll,J1517.7-2422,bll,bll,J1517.7-2422,bll,J1517.7-2422,bll
1240,J1517.7+6525,"[1.8160887956619263, 1.7327203750610352, 1.5483620166778564, 25.43804931640625, -32.98766932648125, -32.71388971940198, -28.177539816032237, -32.79251435750843, -23.896483343075925, 0.06611302495002747, 0.24230164289474487, 2.7348098754882812, 34.587947845458984, 0.994222805385983, -0.3245591065251863, -0.5366622369768109, -0.26470822608041966, -0.37569721454249727, -0.535726994925639]",[1],J1517.6+6524,bll,J1517.7+6525,bll,bll,J1517.7+6525,bll,J1517.7+6525,bll
1241,J1518.0-2731,"[2.051624059677124, 2.033872604370117, 1.9704935550689697, 82.74358367919922, -31.86131523463205, -31.693061859985125, -27.812531978826314, -31.76951451892996, -23.31479678161221, 0.01753251627087593, 0.44296878576278687, 0.8202292919158936, 31.510704040527344, -0.020072264077143485, -0.19554510673844347, -0.5731081612193802, -0.4529991938358937, -0.6038537289934868, -0.4545987574742335]",[1],J1518.0-2732,bcu,J1518.0-2731,bll,bll,J1518.0-2731,bll,J1518.0-2731,bll
1242,J1520.4+5546,"[2.223555326461792, 2.1959309577941895, 2.1481528282165527, 12.204516410827637, -31.89826357263072, -31.66472039054802, -28.78117040996655, -31.791446802713743, -24.272504492742055, 0.041017092764377594, 0.200994610786438, 0.7438566088676453, 12.400813102722168, -0.7387261151427356, -0.4380940330683301, -0.6461299293092863, -0.5080520216769204, -0.6914090595132465, -0.8016689250356868]",[1],J1521.1+5543,bll,J1520.4+5546,bll,bll,J1520.4+5546,bll,J1520.4+5546,bll
1243,J1520.5+4209,"[2.5047950744628906, 2.3833823204040527, 2.1188912391662598, 65.08036041259766, -30.776407656796554, -30.43505670218133, -28.583047621837064, -30.51004782791991, -24.285807225596454, 0.16390442848205566, 0.939387857913971, 1.6195300817489624, 9.266139030456543, -0.09363883923454167, -0.7525124745314902, -0.6550312794486103, -0.7820886867597473, -0.761632430192978, -0.9999999999942863]",[1],J1520.3+4209,fsrq,J1520.5+4209,fsrq,fsrq,J1520.5+4209,fsrq,J1520.5+4209,fsrq
1244,J1520.8-0348,"[1.8078246116638184, 1.547220230102539, 1.16433846950531, 7.844213962554932, -32.64907999425294, -32.25457030707908, -27.780557463513905, -32.322197173412974, -23.354717286426354, 0.1919155716896057, 0.0, 5.083073139190674, 26.1162052154541, 0.9972915946502411, -0.2921000707770308, -0.2892958081812843, -0.168383191435611, -0.49796979602674907, -0.6519307037341071]",[1],J1520.8-0348,bll,J1520.8-0348,bll,bll,J1520.8-0348,bll,J1520.8-0348,bll
1245,J1521.8+4338,"[2.9358949661254883, 2.9083361625671387, 2.7104685306549072, 29.742008209228516, -28.5019005464541, -28.297984969104952, -28.31529273585745, -28.300138519000495, -24.376725201693393, 0.07530200481414795, 0.4458311200141907, 0.9390649199485779, 7.931217193603516, -0.03944361323227519, -0.7124586346502613, -0.8689002144426393, -0.7928244420204432, -0.9998573347616917, -0.999996210802092]",[1],J1521.8+4340,fsrq,J1521.8+4338,fsrq,fsrq,J1521.8+4338,fsrq,J1521.8+4338,fsrq
1246,J1521.9-5735,"[2.5245227813720703, 2.5007362365722656, 1.271753191947937, 5.110994815826416, -29.954238634300317, -29.571511069061852, -26.560569956646333, -29.62830612722879, -22.024071300093187, 0.42263656854629517, 0.0, 15.643915176391602, 47.87443542480469, 0.9944610260117256, -0.27239636576422177, -0.5673535428689548, -0.7674602018357083, -0.9337741002430348, -0.9994905160376668]",[0],J1521.9-5736,PSR,J1521.9-5735,PSR,PSR,J1521.9-5735,PSR,J1521.9-5735,PSR
1247,J1522.1+3144,"[2.4126687049865723, 2.3699638843536377, 2.221921920776367, 3585.970458984375, -27.955335004502903, -27.667610271052986, -27.175337985431845, -27.7542503922177, -22.590353156371602, 0.07147626578807831, 0.5043205618858337, 11.209421157836914, 180.7314910888672, -0.2535074198720163, -0.583776467884525, -0.7047040057035051, -0.7103666100624374, -0.7904929025779154, -0.8864522060927206]",[1],J1522.1+3144,fsrq,J1522.1+3144,fsrq,fsrq,J1522.1+3144,fsrq,J1522.1+3144,fsrq
1248,J1522.6-2730,"[2.2029452323913574, 2.089553117752075, 1.8460001945495605, 148.48403930664062, -30.335614037311828, -30.04809050120423, -27.58145296651585, -30.110872951673826, -23.0699264852587, 0.12702326476573944, 0.4798930883407593, 5.706277370452881, 39.051795959472656, 0.9778133963315354, -0.45480713906100473, -0.555470276420126, -0.566332726936679, -0.7938603593171267, -0.7668856372972732]",[1],J1522.6-2730,bll,J1522.6-2730,bll,bll,J1522.6-2730,bll,J1522.6-2730,bll
1249,J1524.8-5904,"[2.3006577491760254, 2.2183003425598145, 1.9394381046295166, 20.700504302978516, -32.13571724527118, -31.91852644089474, -27.121028749013394, -31.941616587235718, -22.952796610303654, 0.07738026231527328, 0.38532736897468567, 1.1799730062484741, 11.145184516906738, 0.9826552753497134, -0.6518769723576, -0.6610332231482173, -0.5032045739853964, -0.6493449643776953, -0.9071457732803401]",[1],J1525.2-5905,bcu,J1524.8-5904,bcu,bcu,J1524.8-5904,bcu,J1524.8-5904,bcu
1250,J1530.9+5736,"[2.056051254272461, 2.0276095867156982, 1.93408203125, 6.2513556480407715, -32.95100692889842, -32.7340176966836, -28.799008654479184, -32.827387320461966, -24.299571437320466, 0.029474597424268723, 0.0, 0.5728636980056763, 11.97609806060791, 0.9882908967155606, -0.6261768354131954, -0.4769506324403522, -0.6540179283080899, -0.19641422068093325, -0.6302741286003288]",[1],J1531.0+5737,bll,J1530.9+5736,bll,bll,J1530.9+5736,bll,J1530.9+5736,bll
1251,J1531.7+4710,"[2.0655136108398438, 2.0969743728637695, 2.0192229747772217, 3.4611055850982666, -33.183962784330404, -33.03015817634187, -28.903490764631997, -33.119966687095804, -24.403944128248874, -0.023373985663056374, 0.0, 0.3195740580558777, 7.360867500305176, 0.9696533847060074, -0.8830623187944241, -0.10916630449176816, -0.6111315445611856, -0.5702506853595645, -0.3019504513490858]",[1],J1531.8+4704,bll,J1531.7+4710,bll,bll,J1531.7+4710,bll,J1531.7+4710,bll
1252,J1532.0+3016,"[1.9234539270401, 1.8926469087600708, 1.8376585245132446, 23.20836639404297, -32.92258593334238, -32.71358206971682, -28.361418601595826, -32.818371506439, -23.93700854542329, 0.02582574263215065, 0.38339030742645264, 0.6420043110847473, 17.89885711669922, -0.6147675795879277, -0.3380633636872844, -0.5075135477766681, -0.37001559425592995, -0.6085858306884622, -0.4658995823600166]",[1],J1532.0+3018,bll,J1532.0+3016,bll,bll,J1532.0+3016,bll,J1532.0+3016,bll
1253,J1532.7-1319,"[2.1918468475341797, 2.067136526107788, 1.9310616254806519, 1242.9078369140625, -29.307782986038593, -29.068572073008486, -27.41144244023781, -29.160558769805714, -22.82594846876397, 0.1016412153840065, 0.82103031873703, 7.370685577392578, 71.8523178100586, 0.4161219195310097, -0.4529159968285609, -0.5746286596200784, -0.6579506540233985, -0.6665606221063096, -0.7762207792578563]",[1],J1532.7-1319,bcu,J1532.7-1319,fsrq,bcu,J1532.7-1319,bcu,J1532.7-1319,bcu
1254,J1533.2+1855,"[1.8192956447601318, 1.8476659059524536, 1.785512924194336, 3.113851308822632, -33.92146867252793, -33.80834820163183, -28.35062719539043, -33.8401020594137, -23.90736022459331, -0.022193050011992455, 0.0, 0.5178066492080688, 12.626346588134766, 0.9491234511600892, -0.631235478679387, -0.5304140600458295, -0.46128208867777704, -0.4317947338152815, 0.020871833979727885]",[1],J1533.2+1852,bll,J1533.2+1855,bll,bll,J1533.2+1855,bll,J1533.2+1855,bll
1255,J1533.2+3416,"[1.8902264833450317, 1.7501062154769897, 1.5837470293045044, 13.42960262298584, -33.128221324610905, -32.81184285688847, -28.456505863026404, -32.937328463730886, -24.0658944732065, 0.10856174677610397, 0.17606240510940552, 1.9404473304748535, 16.996614456176758, 0.9987976871225949, -0.5263094637101706, -0.4827540402319837, -0.17490480978139325, -0.6927994157186814, -0.3943533018894204]",[1],J1533.5+3416,bll,J1533.2+3416,bll,bll,J1533.2+3416,bll,J1533.2+3416,bll
1256,J1534.8+3716,"[2.056577444076538, 2.05079984664917, 1.970103144645691, 19.299551010131836, -33.2786570068908, -33.077684992160485, -28.483007364449847, -33.178508955636836, -23.980453938862667, 0.00496666831895709, 0.4500432312488556, 0.04880475997924805, 11.230170249938965, -0.9998735835729179, 0.9994753631513299, -0.7462630203997799, -0.41141909900658635, -0.4851079050667197, -0.4406393423994331]",[1],J1535.0+3721,bll,J1534.8+3716,bll,bll,J1534.8+3716,bll,J1534.8+3716,bll
1257,J1534.8+0131,"[2.420607566833496, 2.3974506855010986, 2.362562656402588, 259.19024658203125, -29.810076080638897, -29.6008421971969, -28.07320820405613, -29.706601367377523, -23.540333005840502, 0.03424007445573807, 0.9125677943229675, 1.1987234354019165, 25.228673934936523, -0.2238165615846167, -0.6462072487138921, -0.6976084184908944, -0.6866494131235253, -0.7009408483567192, -0.5248213566697443]",[1],J1534.5+0128,fsrq,J1534.8+0131,fsrq,fsrq,J1534.8+0131,fsrq,J1534.8+0131,fsrq
1258,J1535.0+5320,"[1.8292229175567627, 1.6716477870941162, 1.474293828010559, 5.142784118652344, -34.017393454491916, -33.67129172251322, -28.733760798629945, -33.79855754381426, -24.333333106985688, 0.10333100706338882, 0.0, 1.2848354578018188, 10.932726860046387, -0.7201739360583872, -0.5769653473801583, -0.6034403022126915, -0.07620048780946542, -0.5967269347392945, -0.2433452261257399]",[1],J1534.4+5323,bll,J1535.0+5320,bll,bll,J1535.0+5320,bll,J1535.0+5320,bll
1259,J1535.4+3919,"[2.198788642883301, 2.1132094860076904, 1.8391541242599487, 13.93341064453125, -32.070122937063125, -31.695558857049075, -28.740270621133273, -31.744006387964447, -24.246058980361422, 0.1700243502855301, 0.3892393410205841, 2.0406126976013184, 9.02524185180664, -0.9855554665399435, 0.9996794907741184, -0.4601907708856935, -0.7105708250276986, -0.7310497138558872, -0.4167803598014949]",[1],J1535.7+3920,bll,J1535.4+3919,bll,bll,J1535.4+3919,bll,J1535.4+3919,bll
1260,J1536.4-4948,"[2.133768320083618, 1.896546721458435, 1.3858907222747803, 9.689459800720215, -30.09305001741682, -29.701665869861348, -27.0992592066274, -29.78063361611243, -22.33411374139692, 0.24723781645298004, 0.008975408039987087, 20.22241973876953, 101.71875, 0.9990407456141183, -0.24078834468612637, -0.4531757735260388, -0.5034030182884796, -0.8147235190785012, -0.974323261214988]",[0],J1536.3-4949,psr,J1536.4-4948,PSR,PSR,J1536.4-4948,MSP,J1536.4-4948,MSP
1261,J1537.7-7957,"[2.247833013534546, 2.227971076965332, 2.1528587341308594, 31.375001907348633, -31.450691207563512, -31.263958623973437, -28.105439375915132, -31.342330399694195, -23.654181902688645, 0.02671114355325699, 0.34239843487739563, 0.8032450675964355, 19.90520668029785, -0.17562680894660251, -0.5707121811850838, -0.6766067634846733, -0.46992244587390647, -0.7416989205561797, -0.39935401652413394]",[1],J1537.8-8000,bcu,J1537.7-7957,bcu,bcu,J1537.7-7957,bcu,J1537.7-7957,bcu
1262,J1539.6+2743,"[2.330211639404297, 2.314974069595337, 2.2601940631866455, 170.18455505371094, -30.45939924667578, -30.26287832015389, -28.368707212066553, -30.36457146673942, -23.787140230682972, 0.015045380219817162, 0.8774129748344421, 0.4258383512496948, 23.900272369384766, -0.4550985549890623, -0.5529215122630161, -0.6683541740387349, -0.5986801319115598, -0.759966497442941, -0.42099768103368046]",[1],J1539.5+2746,fsrq,J1539.6+2743,fsrq,fsrq,J1539.6+2743,fsrq,J1539.6+2743,fsrq
1263,J1539.7-1127,"[1.8466287851333618, 1.7912204265594482, 1.7050098180770874, 9.037928581237793, -33.624669681877634, -33.34905055311347, -28.136675968302416, -33.44543476049214, -23.672526554016166, 0.061638787388801575, 0.0, 1.1029889583587646, 11.406681060791016, -0.966150475286726, 0.36622390257064247, -0.30001906716065146, -0.4461601038679363, -0.4602128679329493, -0.3985551109834989]",[1],J1539.8-1128,bcu,J1539.7-1127,bll,bll,J1539.7-1127,bll,J1539.7-1127,bll
1264,J1540.1+8155,"[1.7096143960952759, 1.5512431859970093, 1.438535213470459, 7.317514896392822, -33.16243116246557, -32.92114492804161, -28.121060255513598, -33.01361511611598, -23.906031490844477, 0.08367520570755005, 0.0, 2.9054152965545654, 30.668968200683594, 0.9999646188431305, 0.10999360009077987, -0.4282343985115383, -0.20749458415668415, -0.4194461367125266, -0.25970117949759247]",[1],J1540.1+8155,bll,J1540.1+8155,bll,bll,J1540.1+8155,bll,J1540.1+8155,bll
1265,J1540.7+1449,"[2.145684242248535, 2.150930643081665, 2.194720983505249, 15.599435806274414, -32.456746915660524, -32.340920844099095, -28.346951700340828, -32.450688240125594, -23.878955543870983, -0.015449793078005314, 0.311282217502594, 0.36037567257881165, 11.562285423278809, 0.9997388890556927, -0.6885457218444048, -0.6481170155158386, -0.4810589054862164, -0.5545356151220681, -0.8018784125291002]",[1],J1540.8+1449,bll,J1540.7+1449,bll,bll,J1540.7+1449,bll,J1540.7+1449,bll
1266,J1543.0+6130,"[1.9871853590011597, 1.8996208906173706, 1.8111118078231812, 409.0035095214844, -30.055868623517437, -29.845172687743688, -27.300343025109058, -29.932468123241897, -22.91173567509661, 0.059501565992832184, 0.28256794810295105, 6.6457624435424805, 135.32151794433594, -0.05483348503206757, -0.39523384138498013, -0.4953844080328976, -0.4779562533981181, -0.5874503676703057, -0.6684399598903572]",[1],J1542.9+6129,bll,J1543.0+6130,bll,bll,J1543.0+6130,bll,J1543.0+6130,bll
1267,J1543.6+0452,"[1.874948263168335, 1.779321312904358, 1.5922497510910034, 27.226055145263672, -33.27800624020569, -33.002794768921866, -28.174257276111362, -33.09629371002846, -23.73433790612766, 0.07375624030828476, 0.44143009185791016, 1.572269082069397, 15.842979431152344, 0.5068746991276537, -0.7551558961547368, -0.5552934241584612, -0.3225302588461173, -0.46554703945909426, -0.4849153579150124]",[1],J1543.5+0451,bcu,J1543.6+0452,agn,agn,J1543.6+0452,agn,J1543.6+0452,agn
1268,J1543.6-5148,"[2.577146291732788, 2.532979965209961, 1.538571834564209, 10.7564697265625, -30.465109038524584, -30.084796338925248, -27.121886437245905, -30.215084555055633, -22.66910011954007, 0.3335709571838379, 0.09354551136493683, 6.304032802581787, 17.044469833374023, -0.595148695882539, 0.9906851200969536, -0.6123992872496442, -0.6800875827905231, -0.9786006678209627, -0.9997756592203673]",[0],J1542.9-5141,PSR,J1543.6-5148,PSR,PSR,J1543.6-5148,MSP,J1543.6-5148,MSP
1269,J1544.0+4939,"[2.2389652729034424, 2.0707945823669434, 1.6631817817687988, 4.493228912353516, -31.28465263853294, -30.964219347735074, -28.73066260195061, -30.99722807561603, -23.947797737730397, 0.19733037054538727, 0.0, 3.1167402267456055, 16.38072395324707, 0.8496362496483197, -0.21474576060203648, -0.5493680676464524, -0.6053974107323474, -0.7744561825387796, -0.9796942564893092]",[0],J1544.0+4938,PSR,J1544.0+4939,PSR,PSR,J1544.0+4939,MSP,J1544.0+4939,MSP
1270,J1546.0+0819,"[1.9026055335998535, 1.789620280265808, 1.5556120872497559, 13.00489330291748, -32.753445593024956, -32.447509107714204, -28.162929874310375, -32.53553017396751, -23.75666284208424, 0.10450048744678497, 0.17278136312961578, 2.661423444747925, 19.61498260498047, -0.6398931610209635, -0.5708581024506673, -0.4429647424479144, -0.25876454823531103, -0.5989171875433474, -0.4811015942136008]",[1],J1546.0+0818,bll,J1546.0+0819,bll,bll,J1546.0+0819,bll,J1546.0+0819,bll
1271,J1546.5+1816,"[2.2706685066223145, 2.2005465030670166, 1.9729613065719604, 13.767346382141113, -32.20201637163148, -31.85515007673996, -28.50174598995567, -31.932467393846252, -24.11789678282915, 0.1578052043914795, 0.3996351361274719, 1.4094654321670532, 5.334780693054199, 0.14113750734894104, -0.4231029195429087, -0.2867448724662067, -0.8237311685088264, -0.3576833088641691, -0.9999808703097793]",[1],J1546.6+1812,bll,J1546.5+1816,bll,bll,J1546.5+1816,bll,J1546.5+1816,bll
1272,J1547.3-2802,"[1.8805633783340454, 1.8520004749298096, 1.7359857559204102, 4.556359767913818, -33.51387852895035, -33.32535360557865, -28.24677415013485, -33.38009031807873, -23.775129188688368, 0.03243539109826088, 0.0, 0.712410032749176, 10.179790496826172, 0.9626853089531927, -0.4221895922971414, -0.5598419706364469, -0.45086786153401137, -0.48531045626568986, -0.12398908396502391]",[1],J1547.1-2801,bcu,J1547.3-2802,bll,bll,J1547.3-2802,bll,J1547.3-2802,bll
1273,J1548.8-2250,"[1.7925258874893188, 1.7507041692733765, 1.6934746503829956, 29.413450241088867, -33.267563665243244, -33.019557972496735, -27.752148793978357, -33.147377835105154, -23.368069813822704, 0.03810201957821846, 0.34007757902145386, 1.441325306892395, 26.141143798828125, 0.9999977153285626, -0.22336076904278215, -0.2709896693064408, -0.4007040757103018, -0.4518408734387157, -0.3251049594187321]",[1],J1548.8-2250,bll,J1548.8-2250,bll,bll,J1548.8-2250,bll,J1548.8-2250,bll
1274,J1549.3+6310,"[2.4416663646698, 2.632932424545288, 2.6260862350463867, 21.87973976135254, -31.861902876135005, -32.01206352603554, -28.399364452714874, -31.892556114220227, -24.37277684108043, -0.141377255320549, 0.819175124168396, 2.8692562580108643, 5.438582897186279, -0.3590397917840684, -0.8869556534667109, -0.7173546174107026, -0.27562241721111413, -0.671934570737225, -0.4643869448194661]",[1],J1549.0+6309,bcu,J1549.3+6310,bcu,bll,J1549.3+6310,bll,J1549.3+6310,bll
1275,J1549.4+7409,"[2.6169614791870117, 2.6591012477874756, 2.6416757106781006, 5.553369045257568, -30.509113277928147, -30.435549672110135, -28.695104899457014, -30.51274487011007, -24.485738873875768, -0.05947818234562874, 0.0, 1.1812379360198975, 8.676643371582031, -0.40055217722489433, -0.6870758740596051, -0.8294025831830215, -0.2944151819438224, -0.809800401823098, -0.9997955236755358]",[1],J1550.3+7409,bcu,J1549.4+7409,bcu,bcu,J1549.4+7409,bcu,J1549.4+7409,bcu
1276,J1549.5+0236,"[2.414490222930908, 2.36853289604187, 2.192918300628662, 176.11819458007812, -29.83135704276715, -29.60120098883484, -27.9860441600855, -29.656682932184445, -23.470123018348417, 0.06026077643036842, 0.7191000580787659, 2.051210641860962, 25.342153549194336, -0.34241875706938946, -0.6641690315770437, -0.6448370721610066, -0.6494857611831871, -0.8657269503941462, -0.9993682367572887]",[1],J1549.4+0237,fsrq,J1549.5+0236,fsrq,fsrq,J1549.5+0236,fsrq,J1549.5+0236,fsrq
1277,J1549.6+1710,"[2.114712953567505, 2.1401662826538086, 2.157656192779541, 21.62375259399414, -33.080556989055324, -33.0139711597296, -28.578352823583987, -33.067476098583704, -24.106970724452268, -0.03927594795823097, 0.809529721736908, 0.666202187538147, 5.96696138381958, -0.08783614601571012, -0.7734577744743295, -0.61914954791715, -0.6624467362502685, -0.46551914323525473, -0.060553259780794]",[1],J1549.5+1709,bcu,J1549.6+1710,bll,bll,J1549.6+1710,bll,J1549.6+1710,bll
1278,J1549.8-0659,"[1.949021816253662, 1.9174460172653198, 1.820918083190918, 16.96898078918457, -32.412105113453755, -32.203144348641146, -27.903270018600086, -32.28576992466229, -23.44915477223482, 0.02881709858775139, 0.191147118806839, 1.0478554964065552, 23.982912063598633, 0.9706256533636387, -0.4210913045479654, -0.5820095681516514, -0.45827425854631443, -0.4347150865176972, -0.41019015494653144]",[1],J1549.7-0658,bcu,J1549.8-0659,bcu,bll,J1549.8-0659,bll,J1549.8-0659,bll
1279,J1550.7+0528,"[2.3615169525146484, 2.2718842029571533, 1.7393161058425903, 29.380374908447266, -30.284142700613035, -29.957054778009734, -27.90284719686573, -29.9371451506358, -23.46006532262407, 0.18725113570690155, 0.3069460093975067, 4.248578071594238, 19.136796951293945, 0.9999999299751333, -0.4859966978491223, -0.6333786084360278, -0.6216443369793682, -0.9192453190805187, -0.9126590228274508]",[1],J1550.5+0526,fsrq,J1550.7+0528,fsrq,fsrq,J1550.7+0528,fsrq,J1550.7+0528,fsrq
1280,J1552.0+0850,"[2.058746576309204, 1.9695422649383545, 1.7039262056350708, 23.786026000976562, -32.35072654136442, -32.04245637901049, -28.38542782253781, -32.08850613416622, -23.886113788470663, 0.1211259514093399, 0.515288233757019, 2.0639731884002686, 11.138688087463379, -0.8382375625427119, 0.9967090662514709, -0.4624994062780261, -0.506702371712243, -0.612560594268856, -0.8192375666177405]",[1],J1552.1+0852,bll,J1552.0+0850,bll,bll,J1552.0+0850,bll,J1552.0+0850,bll
1281,J1553.5-3118,"[1.9514329433441162, 1.8443173170089722, 1.7478739023208618, 59.25082015991211, -31.68579660645327, -31.44467512409394, -27.76356266136773, -31.552326180817975, -23.299659208443664, 0.08386257290840149, 0.42069879174232483, 3.630673885345459, 30.443790435791016, 0.9987661498745772, -0.13182934606381796, -0.4820669029360158, -0.43118903502720735, -0.5255140763735887, -0.5430341152444301]",[1],J1553.5-3118,bll,J1553.5-3118,bll,bll,J1553.5-3118,bll,J1553.5-3118,bll
1282,J1553.6+1257,"[2.399019241333008, 2.296826124191284, 2.0868582725524902, 659.5516357421875, -29.18962587757878, -28.949506478204835, -27.806464334106142, -29.016828034146872, -23.358051823526335, 0.10082925856113434, 1.1521518230438232, 3.6889095306396484, 35.471954345703125, -0.41430910305596874, -0.619907057018124, -0.5927250312093869, -0.7471365293408496, -0.812636999354583, -0.9973435603667679]",[1],J1553.5+1256,fsrq,J1553.6+1257,fsrq,fsrq,J1553.6+1257,fsrq,J1553.6+1257,fsrq
1283,J1553.6-2422,"[2.2970993518829346, 2.260962963104248, 2.1633453369140625, 215.51254272460938, -30.454495034835926, -30.222359092518342, -27.796438901028324, -30.28692756411468, -23.290880141632933, 0.060862086713314056, 0.732192873954773, 2.426691770553589, 30.79852867126465, -0.1069493480490705, -0.5266797306879492, -0.6655970672149791, -0.6025132223380409, -0.7650218037344857, -0.6329112601391651]",[1],J1553.3-2421,fsrq,J1553.6-2422,fsrq,fsrq,J1553.6-2422,fsrq,J1553.6-2422,fsrq
1284,J1555.7+1111,"[1.686214804649353, 1.54115891456604, 1.4738761186599731, 107.16242218017578, -30.679761013319325, -30.4783913640134, -26.472157355144937, -30.5729725595674, -22.32773694893028, 0.06791701167821884, 0.13001872599124908, 7.671273708343506, 175.38673400878906, 0.40318055458367724, -0.2341644953707453, -0.34687753705105173, -0.25013922341714867, -0.39556925194602344, -0.3934694073009363]",[1],J1555.7+1111,BLL,J1555.7+1111,BLL,BLL,J1555.7+1111,BLL,J1555.7+1111,BLL
1285,J1557.5-7040,"[2.139949321746826, 2.0970041751861572, 1.9361945390701294, 7.920411586761475, -32.15354587689112, -31.931409486692136, -28.184230431141508, -31.965385018989934, -23.702539027232007, 0.06725718080997467, 0.0, 1.8324061632156372, 18.769609451293945, 0.9975581036520049, 0.35104232356548143, -0.6355231107105064, -0.4697711870397118, -0.6315125344821526, -0.7009597571694369]",[1],J1557.4-7040,bcu,J1557.5-7040,bll,bll,J1557.5-7040,bll,J1557.5-7040,bll
1286,J1558.8+5625,"[2.115541696548462, 2.0517075061798096, 1.8706674575805664, 55.01839828491211, -31.65449312168722, -31.420117354839288, -28.28951843063351, -31.48230390875471, -23.76056335276538, 0.05691836401820183, 0.3581468462944031, 1.8297806978225708, 36.31964874267578, 0.9936618312729508, -0.6506387914470995, -0.5551078382867171, -0.45532827170060297, -0.6083295223778611, -0.9999936774579004]",[1],J1558.9+5625,bll,J1558.8+5625,bll,bll,J1558.8+5625,bll,J1558.8+5625,bll
1287,J1558.9-6432,"[1.9744248390197754, 1.9534238576889038, 1.935983657836914, 15.337386131286621, -32.28044149311063, -32.08636976810975, -27.823888241029415, -32.21142589774545, -23.350770507092705, 0.022572871297597885, 0.12003158777952194, 1.106108546257019, 36.40598678588867, 0.9977150301511732, -0.39123523613255135, -0.5017182440854239, -0.4738221957634293, -0.5213123878737096, -0.36654316901281064]",[1],J1558.9-6432,bll,J1558.9-6432,bll,bll,J1558.9-6432,bll,J1558.9-6432,bll
1288,J1559.8-2525,"[2.303652048110962, 2.305781602859497, 2.3247530460357666, 14.691210746765137, -31.76875036586763, -31.621870604833564, -28.139228789501697, -31.748780950024994, -23.80386463618836, -0.011796578764915466, 0.4296821653842926, 0.2016412317752838, 7.284852981567383, -0.6053570697700758, -0.16497792157360622, -0.7280730156701556, -0.6905586935836332, -0.3170956238948404, -0.8852246271028367]",[1],J1559.8-2525,bcu,J1559.8-2525,bcu,bcu,J1559.8-2525,bcu,J1559.8-2525,bcu
1289,J1559.9+2319,"[2.256077766418457, 2.253598690032959, 2.1949002742767334, 25.826892852783203, -31.381189173281932, -31.21411152443617, -28.236880905646842, -31.27371724260239, -23.767032800600717, 0.004330685827881098, 0.34577253460884094, 0.1173933893442154, 14.282679557800293, 0.8155535157427247, 0.4632207026238748, -0.6756685767620982, -0.631272145870748, -0.3731565072825859, -0.9328224545995586]",[1],J1559.9+2319,bll,J1559.9+2319,bll,bll,J1559.9+2319,bll,J1559.9+2319,bll
1290,J1600.0+8510,"[2.0933892726898193, 2.0478947162628174, 1.904208779335022, 12.529854774475098, -32.33392404869296, -32.107223113943945, -28.539857906979993, -32.18715214247698, -24.033387505923564, 0.03635897487401962, 0.1859176754951477, 0.8620374798774719, 18.552101135253906, -0.4197278183475171, -0.6195177061840642, -0.5579390738891499, -0.47467096334861236, -0.5507592475493508, -0.9009198347858808]",[1],J1559.7+8512,bcu,J1600.0+8510,bcu,bcu,J1600.0+8510,bcu,J1600.0+8510,bcu
1291,J1600.3-5811,"[2.2795839309692383, 2.2079906463623047, 1.841139793395996, 3.0411734580993652, -31.434541321308835, -31.125525058259345, -27.700873575484383, -31.158430794393638, -23.20380180644869, 0.16780227422714233, 0.0, 3.285905361175537, 13.524345397949219, 0.9996879805799278, 0.5430564214115325, -0.6389412387583989, -0.5499327616986293, -0.7284090750157983, -0.7862082626864173]",[1],J1600.3-5810,bcu,J1600.3-5811,bcu,bll,J1600.3-5811,bll,J1600.3-5811,bll
1292,J1600.9-3054,"[2.0567569732666016, 1.9619611501693726, 0.49881991744041443, 10.478713989257812, -32.103852147933566, -31.554291889809818, -28.42317750957276, -31.620164889000495, -23.252174165790834, 0.4997963607311249, 0.03352862969040871, 9.4606351852417, 26.205402374267578, 0.990733802890877, -0.07920583519632138, -0.1336320421147165, -0.45836072056485055, -0.9176591168780597, -0.7147745367643554]",[0],J1600.8-3053,PSR,J1600.9-3054,PSR,PSR,J1600.9-3054,MSP,J1600.9-3054,MSP
1293,J1603.8+1104,"[2.244626760482788, 2.2421956062316895, 2.196134090423584, 13.015198707580566, -32.49285810833607, -32.31472922002552, -28.296824581109853, -32.3966719349472, -23.94855533943814, -0.0013245863374322653, 0.4090469777584076, 0.024523338302969933, 7.169155597686768, -0.9880625745993685, 0.9908413359548792, -0.706364660788501, -0.5358583250291766, -0.4013854548997523, -0.7795666853582861]",[1],J1603.7+1106,bll,J1603.8+1104,bll,bll,J1603.8+1104,bll,J1603.8+1104,bll
1294,J1603.8-4903,"[2.009690046310425, 1.910885214805603, 1.7933189868927002, 398.8214416503906, -31.736883830519737, -31.560615147691152, -26.724364463774226, -31.6223297869319, -22.339045970476345, 0.06104571744799614, 0.7467603087425232, 3.0780155658721924, 50.02256393432617, 0.9904497091392317, -0.6020145768688643, -0.5507539120625835, -0.419733470469974, -0.5162475007900881, -0.4914568861823958]",[1],J1603.9-4903,bll,J1603.8-4903,bll,bll,J1603.8-4903,bll,J1603.8-4903,bll
1295,J1604.5-4441,"[2.407888412475586, 2.380861759185791, 2.2650063037872314, 244.54046630859375, -30.637928965117144, -30.437474636322957, -27.013891679595545, -30.41144301086712, -22.91978464534555, 0.0852753147482872, 0.953124463558197, 2.9578230381011963, 23.035125732421875, 0.9972899876713157, -0.42810983490381127, -0.6923094686732716, -0.5910539928480759, -0.8803772729617263, -0.30013614408744266]",[1],J1604.4-4442,bcu,J1604.5-4441,bll,bll,J1604.5-4441,bll,J1604.5-4441,bll
1296,J1604.6+5714,"[2.4165501594543457, 2.3484203815460205, 2.177813768386841, 121.97584533691406, -29.09949943878785, -28.889069980803445, -28.022792482203403, -28.95267567344795, -23.535582459192476, 0.07625609636306763, 0.28875023126602173, 4.674496650695801, 52.689430236816406, -0.36432323344668477, -0.5512697765804015, -0.7026857428547212, -0.6308160310404048, -0.9244534326723061, -0.9999545363316266]",[1],J1604.6+5714,fsrq,J1604.6+5714,fsrq,fsrq,J1604.6+5714,fsrq,J1604.6+5714,fsrq
1297,J1606.3+5629,"[1.7869727611541748, 1.7164132595062256, 1.529110074043274, 14.679758071899414, -34.85647813408228, -34.541399808209626, -28.80838592163058, -34.62502733526306, -24.317268298549887, 0.07040757685899734, 0.44888830184936523, 0.8375860452651978, 9.549511909484863, -0.990147479952797, 0.9976660135431313, -0.5165765492554686, -0.46543330119972626, -0.15029748776004162, -0.4812176315680219]",[1],J1606.1+5630,bll,J1606.3+5629,bll,bll,J1606.3+5629,bll,J1606.3+5629,bll
1298,J1607.0+1550,"[2.2592923641204834, 2.1418099403381348, 2.002246379852295, 7.772050857543945, -29.494966051728863, -29.239719283844078, -27.80285156325252, -29.346524353070933, -23.20919452556953, 0.11097851395606995, 0.0, 6.054871082305908, 51.138938903808594, 0.9932198605122223, -0.48330612288996694, -0.6359700687271117, -0.6361079875542257, -0.7325069192613116, -0.804640935056289]",[1],J1607.0+1551,fsrq,J1607.0+1550,bll,bll,J1607.0+1550,bll,J1607.0+1550,bll
1299,J1608.0-2038,"[2.084301471710205, 2.077467679977417, 2.064678907394409, 17.631946563720703, -32.422470615778316, -32.255512522731266, -28.067993898780976, -32.3642617034823, -23.573451451159723, 0.005585587117820978, 0.41143620014190674, 0.13473276793956757, 11.976591110229492, -0.6867251289605389, -0.5709372563055802, -0.5765499271934095, -0.4705480709750673, -0.6659499914158152, -0.3350384605393063]",[1],J1607.9-2040,bcu,J1608.0-2038,bcu,bll,J1608.0-2038,bll,J1608.0-2038,bll
1300,J1608.7+1029,"[2.5873656272888184, 2.4575345516204834, 2.1254093647003174, 254.94981384277344, -28.676547412176554, -28.381590261199918, -27.89875581401605, -28.441525484450693, -23.558956720112146, 0.15912678837776184, 0.8604689240455627, 4.441989421844482, 24.913476943969727, -0.21563347041871178, -0.645958646327477, -0.7303171758607526, -0.7655100600286825, -0.8601187943593311, -0.9999999011740238]",[1],J1608.6+1029,fsrq,J1608.7+1029,fsrq,fsrq,J1608.7+1029,fsrq,J1608.7+1029,fsrq
1301,J1610.3-3958,"[2.5827019214630127, 2.5560669898986816, 2.411358118057251, 30.84454345703125, -29.644175104534888, -29.3860097969465, -27.409709378624594, -29.410316886381406, -23.272367969470324, 0.09597288072109222, 0.4150828719139099, 2.1858530044555664, 14.196027755737305, 0.9999015823490747, -0.6681303624194381, -0.7321536472613962, -0.746548972344472, -0.6921212360894706, -0.9996765769371165]",[1],J1610.6-3956,fsrq,J1610.3-3958,fsrq,fsrq,J1610.3-3958,fsrq,J1610.3-3958,fsrq
1302,J1610.7-6648,"[1.7555010318756104, 1.5656291246414185, 1.3982441425323486, 66.63008880615234, -32.00476948194492, -31.722901868497953, -27.364313280750608, -31.822411837257384, -23.08663041783491, 0.11094647645950317, 0.24341683089733124, 6.6716413497924805, 63.32722091674805, 0.9997284567297984, -0.21513753836242447, -0.3018100428983047, -0.28914885343017516, -0.4190876024286221, -0.4712227959886902]",[1],J1610.8-6649,bll,J1610.7-6648,bll,bll,J1610.7-6648,bll,J1610.7-6648,bll
1303,J1612.4-3100,"[2.108311414718628, 1.963364601135254, 1.6951302289962769, 95.05175018310547, -31.30222204209522, -31.00738310711887, -27.816231038653218, -31.07594972156241, -23.259012216719128, 0.13325338065624237, 0.672394335269928, 3.9552524089813232, 23.234451293945312, 0.9989415418159778, -0.42419010329835033, -0.4994249054542991, -0.42352459482710453, -0.7427300251669436, -0.6580854983556744]",[1],J1612.4-3100,bcu,J1612.4-3100,bcu,bll,J1612.4-3100,bll,J1612.4-3100,bll
1304,J1613.6+3411,"[2.4374876022338867, 2.4188930988311768, 2.3494620323181152, 67.00642395019531, -29.924404244882098, -29.731939072921783, -28.268712074312138, -29.803074793536922, -23.734822587694424, 0.03084724023938179, 0.3360644280910492, 1.2047849893569946, 30.61083221435547, -0.2420202062929952, -0.5622349456841272, -0.6994959787738901, -0.7341776755721835, -0.5178627636350789, -0.999942673152279]",[1],J1613.8+3410,fsrq,J1613.6+3411,fsrq,fsrq,J1613.6+3411,fsrq,J1613.6+3411,fsrq
1305,J1614.5-2230,"[2.0725550651550293, 1.8499774932861328, 0.2748301923274994, 5.557868957519531, -31.00256312948855, -30.296717947363124, -27.87801545711859, -30.390703553076595, -22.692559794915606, 0.6032147407531738, 0.0, 20.399879455566406, 61.00767517089844, 0.9704084175758325, 0.853541662109547, -0.15800469938781683, -0.6145348012569823, -0.9145392482060098, -0.994718464352432]",[0],J1614.5-2231,PSR,J1614.5-2230,PSR,PSR,J1614.5-2230,MSP,J1614.5-2230,MSP
1306,J1615.6+4712,"[2.1893527507781982, 2.160047769546509, 2.065768003463745, 21.71453094482422, -32.03086545645102, -31.848756912155086, -28.52798328360834, -31.91109900577945, -24.039564592524556, 0.04765447601675987, 0.3632451593875885, 1.1587586402893066, 17.411026000976562, 0.8583568656709328, -0.2766121452153926, -0.6656845019585095, -0.4986568110327054, -0.5985050285271866, -0.6960010444412303]",[1],J1615.8+4712,fsrq,J1615.6+4712,fsrq,fsrq,J1615.6+4712,fsrq,J1615.6+4712,fsrq
1307,J1616.6+4630,"[2.6000006198883057, 2.5865800380706787, 2.570509433746338, 30.209915161132812, -30.497979322865046, -30.172538282232583, -28.49678897985698, -30.41587980893496, -24.34856113193256, 0.10935638844966888, 0.8907153010368347, 1.0897148847579956, 5.858107566833496, -0.20601392339544328, -0.6722857142587868, -0.791273227774052, -0.8812107130068962, -0.9992472837830185, 0.9979144453176862]",[1],J1616.4+4631,fsrq,J1616.6+4630,fsrq,fsrq,J1616.6+4630,fsrq,J1616.6+4630,fsrq
1308,J1616.7+4107,"[2.2531187534332275, 2.165395498275757, 1.7533410787582397, 11.142067909240723, -32.14006613333981, -31.79103089013819, -28.866408972460317, -31.847817289692323, -24.41257086122524, 0.17202576994895935, 0.23610886931419373, 1.7916679382324219, 7.855510234832764, -0.7186747903914645, -0.07786560512545064, -0.692323202282989, -0.6068906457358985, -0.813307901079702, -0.9999988044797091]",[1],J1616.8+4111,bll,J1616.7+4107,bll,bll,J1616.7+4107,bll,J1616.7+4107,bll
1309,J1617.2-2535,"[2.4828619956970215, 2.4501655101776123, 1.24757719039917, 12.1630277633667, -30.815647441136395, -30.388077279957788, -27.818315288009465, -29.775751587571115, -23.21935513529436, 0.3721798062324524, 0.274833619594574, 3.079586982727051, 6.263572692871094, 0.9595613605355758, -0.27097791067537647, -0.5562737294257056, -0.8069195454539053, -0.8569983963276607, -0.9999991260111066]",[1],J1617.3-2519,bcu,J1617.2-2535,bcu,bcu,J1617.2-2535,bcu,J1617.2-2535,bcu
1310,J1617.3-5849,"[2.5351884365081787, 2.453056812286377, 1.8614792823791504, 117.21063232421875, -29.948401814000214, -29.608293562353904, -27.51770362906748, -29.540056577153393, -23.245060594457463, 0.23619002103805542, 0.7653971910476685, 5.0290846824646, 18.48615264892578, 0.9999678591334824, -0.6028117494913942, -0.6990026389777921, -0.6936573507119224, -0.9242499697165222, -0.9997318010009696]",[1],J1617.4-5846,fsrq,J1617.3-5849,fsrq,fsrq,J1617.3-5849,fsrq,J1617.3-5849,fsrq
1311,J1617.9-7718,"[2.6073296070098877, 2.564039707183838, 2.346564769744873, 361.51239013671875, -28.8181422432057, -28.541315538698687, -27.696032320345978, -28.60435302880086, -23.424905338094405, 0.11219453811645508, 0.5612223148345947, 4.938018321990967, 39.927581787109375, -0.3592080911629775, -0.6412832081824742, -0.7687740699992945, -0.7588092651230961, -0.7602224269737916, -0.9998242095534887]",[1],J1617.7-7717,fsrq,J1617.9-7718,fsrq,fsrq,J1617.9-7718,fsrq,J1617.9-7718,fsrq
1312,J1618.0+5139,"[2.6745147705078125, 2.440532684326172, 1.9299030303955078, 90.72892761230469, -29.52445920062999, -29.212269054416453, -28.61793066716794, -29.2609977256473, -24.324125551937794, 0.22180821001529694, 1.0158036947250366, 1.8715145587921143, 8.524884223937988, -0.5559113139431887, -0.5878983114371135, -0.7262538183709033, -0.9131805890094067, -0.6648177442509591, -0.9987797363915641]",[1],J1617.8+5137,fsrq,J1618.0+5139,fsrq,fsrq,J1618.0+5139,fsrq,J1618.0+5139,fsrq
1313,J1620.7-4927,"[2.2946746349334717, 2.301379680633545, 0.7605741024017334, 6.03593635559082, -31.06680842157171, -30.607568600408978, -26.409991427211434, -30.60345793648646, -21.35754887291794, 0.533627450466156, 0.0, 23.660797119140625, 73.90238189697266, 0.9779658755150268, -0.39237424568294743, -0.3254641556208892, -0.48194801166446416, -0.8826750031522191, -0.9915269689960623]",[0],J1620.8-4928,PSR,J1620.7-4927,PSR,PSR,J1620.7-4927,PSR,J1620.7-4927,PSR
1314,J1623.0-0315,"[2.279275894165039, 2.1499929428100586, 1.4861258268356323, 8.058669090270996, -31.026183391304407, -30.682533024907354, -28.150573726355447, -30.682968248935094, -23.30150979415098, 0.23846332728862762, 0.0, 4.812668800354004, 20.36679458618164, 0.9986060576720196, -0.4590599854050839, -0.5050453545070407, -0.5738391586718631, -0.9519440274025887, -0.9999847359300189]",[0],J1622.9-0312,psr,J1623.0-0315,PSR,PSR,J1623.0-0315,MSP,J1623.0-0315,MSP
1315,J1624.6+5651,"[2.1966607570648193, 2.1948413848876953, 2.156561851501465, 11.288931846618652, -32.52735907125302, -32.39185861780107, -28.77319338388069, -32.46110629302005, -24.320333042887423, -0.0006974543211981654, 0.1924745738506317, 0.0, 9.721545219421387, -0.9843168982303904, 0.9882663108181248, -0.756675601501702, -0.4893501064218217, -0.5195565668802935, -0.5736347085220451]",[1],J1625.0+5651,bll,J1624.6+5651,bll,bll,J1624.6+5651,bll,J1624.6+5651,bll
1316,J1625.7-2527,"[2.364659547805786, 2.296485185623169, 2.0155160427093506, 1647.193359375, -29.630447409642677, -29.333141802811774, -26.94314030823932, -29.374017050245165, -22.59202619342493, 0.13802720606327057, 1.2553802728652954, 8.214946746826172, 49.234107971191406, -0.20418465304634636, -0.5420987460844454, -0.6398165961779774, -0.6612359541123022, -0.8081894110684433, -0.803927345118302]",[1],J1625.7-2527,fsrq,J1625.7-2527,fsrq,fsrq,J1625.7-2527,fsrq,J1625.7-2527,fsrq
1317,J1625.7+4134,"[2.5396888256073, 2.4280943870544434, 2.0752384662628174, 60.132015228271484, -30.107394826353268, -29.79882634156217, -28.44425101654549, -29.855014227083696, -24.060335893776177, 0.16253459453582764, 0.46516934037208557, 2.864459753036499, 19.06667709350586, -0.4948764669609088, -0.5951980885852858, -0.6974054723919194, -0.7209223143003488, -0.9999618665818412, -0.26123069090127576]",[1],J1625.9+4125,fsrq,J1625.7+4134,fsrq,fsrq,J1625.7+4134,fsrq,J1625.7+4134,fsrq
1318,J1626.0-2950,"[2.564201831817627, 2.456826686859131, 2.216017723083496, 431.78179931640625, -28.24698981612737, -27.96312622071665, -27.311212344911983, -28.019473643342476, -22.962005436391017, 0.13465912640094757, 0.5757909417152405, 6.211690902709961, 47.12124252319336, -0.19272971636877242, -0.6039534897314047, -0.7389437340140947, -0.7734658832968306, -0.8120589813290732, -0.5417918300831134]",[1],J1626.0-2951,FSRQ,J1626.0-2950,FSRQ,FSRQ,J1626.0-2950,FSRQ,J1626.0-2950,FSRQ
1319,J1626.3+3514,"[1.750279426574707, 1.4219322204589844, 0.8474472761154175, 6.829802513122559, -34.472933317945554, -33.996330824513514, -28.69322150187928, -34.0507698984061, -24.330595676178433, 0.25500547885894775, 0.0, 2.305480718612671, 9.400663375854492, 0.9821386102375029, -0.8541481104398128, -0.20636252882714815, -0.2075925951118342, -0.47848329875388845, -0.5533098469573127]",[1],J1626.1+3512,bll,J1626.3+3514,bll,bll,J1626.3+3514,bll,J1626.3+3514,bll
1320,J1626.6-7639,"[2.0403685569763184, 2.0375120639801025, 2.054680585861206, 24.14044952392578, -33.11504659816599, -32.94663722501156, -28.32199077611554, -33.06966244572847, -23.81263359022413, 0.0018868973711505532, 0.44806787371635437, 0.03241371735930443, 15.075249671936035, 0.37082907043585667, -0.20334675509292444, -0.5938184563983026, -0.4930450837718336, -0.5305317967031062, -0.47840650524378386]",[1],J1626.4-7640,bcu,J1626.6-7639,bll,bll,J1626.6-7639,bll,J1626.6-7639,bll
1321,J1628.1-3204,"[2.38399338722229, 2.296663284301758, 0.8867308497428894, 4.055857181549072, -30.690626291495285, -30.263017726754853, -28.009021881520233, -30.323998806834204, -23.045292520130417, 0.4814280569553375, 0.0, 8.703496932983398, 23.60629653930664, 0.9985356002911089, -0.40364510957275684, -0.46176857346091654, -0.7686035872668259, -0.962636431340572, -0.9985252277149695]",[0],J1628.0-3203,psr,J1628.1-3204,PSR,PSR,J1628.1-3204,MSP,J1628.1-3204,MSP
1322,J1628.6+7706,"[2.0885119438171387, 1.9578930139541626, 1.821679711341858, 217.1931610107422, -31.054446512191657, -30.83825509667172, -28.174291340845656, -30.90852063630378, -23.74038852910331, 0.09151875227689743, 0.7196754813194275, 3.358242988586426, 35.57992172241211, 0.624759787542643, -0.37470105746180843, -0.5068668286538404, -0.552489095737087, -0.6292042853704634, -0.6858619530448982]",[1],J1628.2+7703,bcu,J1628.6+7706,bll,bll,J1628.6+7706,bll,J1628.6+7706,bll
1323,J1630.6+8234,"[2.3686394691467285, 2.260105609893799, 2.080157995223999, 6.252676486968994, -29.443067498270786, -29.23174214823664, -28.14976125110842, -29.289182252672386, -23.638563915009016, 0.08905602991580963, 0.0, 3.8930909633636475, 40.910308837890625, -0.066764437759015, -0.48616758974297375, -0.6451643906212716, -0.6956277202196383, -0.8393468720867036, -0.7203991475010211]",[1],J1630.6+8232,rdg,J1630.6+8234,rdg,rdg,J1630.6+8234,rdg,J1630.6+8234,rdg
1324,J1630.7+5221,"[2.0419251918792725, 1.9466599225997925, 1.865459680557251, 23.993165969848633, -30.9262990055722, -30.752207876887713, -28.002990076662215, -30.82985663534782, -23.59169599464981, 0.06119093298912048, 0.16993430256843567, 2.9140093326568604, 39.98231887817383, -0.31374998437535334, -0.47662661374672827, -0.5364307334338478, -0.47981042853117595, -0.5583466161234025, -0.6971552026776738]",[1],J1630.7+5222,bll,J1630.7+5221,bll,bll,J1630.7+5221,bll,J1630.7+5221,bll
1325,J1631.2+1046,"[2.462578535079956, 2.397091865539551, 2.0878264904022217, 29.64103126525879, -30.17563368466194, -29.880298816650427, -28.15197264216407, -29.919630517877117, -23.762757257385214, 0.13293859362602234, 0.41828107833862305, 2.4211742877960205, 12.609139442443848, 0.9996769663237833, -0.5167812938850116, -0.729720885221073, -0.5680810932589562, -0.9135175950944614, -0.336867060819304]",[1],J1630.8+1047,bcu,J1631.2+1046,bcu,bcu,J1631.2+1046,bcu,J1631.2+1046,bcu
1326,J1635.2+3808,"[2.4106271266937256, 2.3296592235565186, 2.0573084354400635, 6652.58203125, -27.759262858239346, -27.465234286107187, -27.058742993811197, -27.43805698377627, -22.464164576581833, 0.12736213207244873, 0.6833469271659851, 20.62679672241211, 165.5402374267578, -0.1979033650329742, -0.5454975958523165, -0.7007830010590456, -0.7286053193825459, -0.8660940342851506, -0.9999951287233103]",[1],J1635.2+3809,FSRQ,J1635.2+3808,FSRQ,FSRQ,J1635.2+3808,FSRQ,J1635.2+3808,FSRQ
1327,J1636.7+2627,"[2.171140670776367, 2.0983681678771973, 1.8768669366836548, 4.893196105957031, -31.99547148742033, -31.706282368335977, -28.506463294677708, -31.786702264925268, -24.007311090907546, 0.09786557406187057, 0.0, 1.7212766408920288, 12.303224563598633, 0.9998288332569512, -0.4769323146310242, -0.5964643945783609, -0.5751266145959015, -0.553186443155598, -0.9975585296067516]",[1],J1636.7+2624,bcu,J1636.7+2627,bll,bll,J1636.7+2627,bll,J1636.7+2627,bll
1328,J1637.1+1316,"[2.2570722103118896, 2.18218994140625, 1.873316764831543, 6.07131814956665, -32.269677046898316, -32.01824917955415, -28.452597589044494, -32.03213772011204, -24.07084910874907, 0.09600695967674255, 0.0, 0.945891261100769, 5.093719959259033, 0.9906103356252639, -0.5618836576703864, -0.6296738651394915, -0.3581253468615176, -0.8399085767795161, -0.9999987392528545]",[1],J1637.1+1314,bll,J1637.1+1316,bll,bll,J1637.1+1316,bll,J1637.1+1316,bll
1329,J1637.7+4717,"[2.4279375076293945, 2.3968563079833984, 2.2800326347351074, 620.6329345703125, -29.70072003822523, -29.47569061103901, -28.257424249136985, -29.555786003277273, -23.658981078405034, 0.054864123463630676, 0.8788129091262817, 2.687328577041626, 42.156227111816406, -0.14280519381639709, -0.639470654286908, -0.6943889274223151, -0.6656558660915015, -0.7541061216929187, -0.8447695869053884]",[1],J1637.7+4715,fsrq,J1637.7+4717,fsrq,fsrq,J1637.7+4717,fsrq,J1637.7+4717,fsrq
1330,J1637.7+7326,"[1.8768020868301392, 1.6749457120895386, 1.3957771062850952, 30.74199867248535, -34.50886701483942, -34.04922242460041, -29.11378301141277, -34.155277857013324, -24.63355164283566, 0.22556421160697937, 1.1901108026504517, 1.6215267181396484, 5.198116302490234, -0.9453380758530702, 0.9956021814534756, -0.5373812854252963, 0.1632193365862035, -0.7996265896060443, 0.023013699529956192]",[1],J1637.8+7325,bll,J1637.7+7326,bll,bll,J1637.7+7326,bll,J1637.7+7326,bll
1331,J1637.8-3449,"[1.9325248003005981, 1.8486459255218506, 1.6791385412216187, 18.964035034179688, -32.69949666627981, -32.42353900645634, -27.698960763688937, -32.501949757467614, -23.20861031627717, 0.0757012590765953, 0.22628197073936462, 2.465383529663086, 26.393539428710938, 0.9976687063433313, -0.5999395923984642, -0.44922232432112613, -0.33290806281633206, -0.5232433703206687, -0.5062211270185011]",[1],J1637.6-3449,bcu,J1637.8-3449,bll,bll,J1637.8-3449,bll,J1637.8-3449,bll
1332,J1638.1+5721,"[2.6806318759918213, 2.6390914916992188, 2.4707696437835693, 83.29634094238281, -29.364849279808265, -29.130046429215216, -28.525868065698873, -29.180648237635715, -24.215395650621204, 0.07438074797391891, 0.5439824461936951, 1.774124026298523, 18.335725784301758, 0.27851434437029704, -0.7460642907134621, -0.7173261790111797, -0.8450167535514271, -0.6219418165405387, -0.9999041133703087]",[1],J1637.9+5719,fsrq,J1638.1+5721,fsrq,fsrq,J1638.1+5721,fsrq,J1638.1+5721,fsrq
1333,J1639.2+4129,"[2.429750919342041, 2.1917054653167725, 1.6679937839508057, 62.661136627197266, -30.341919826012237, -30.012898733117424, -28.281358226072797, -30.076623047971715, -23.918333507978634, 0.2517654597759247, 0.6604164838790894, 3.258694887161255, 16.276504516601562, 0.9997865375577314, -0.46664564464610014, -0.5861191993145489, -0.7839516292749763, -0.8451287867373052, -0.20994573882886527]",[1],J1639.8+4125,fsrq,J1639.2+4129,fsrq,fsrq,J1639.2+4129,fsrq,J1639.2+4129,fsrq
1334,J1640.4+3945,"[2.421294689178467, 2.3910841941833496, 2.194089889526367, 409.77337646484375, -30.584967964107246, -30.443164701533615, -27.446201287439308, -30.418319976213333, -23.222492575463104, 0.06049589812755585, 0.8456504344940186, 2.4701085090637207, 39.07868957519531, -0.4475456225532868, -0.702419589003647, -0.6572094890173832, -0.6624919723629702, -0.7498228367312219, -0.9764170006678244]",[1],J1640.6+3945,FSRQ,J1640.4+3945,FSRQ,FSRQ,J1640.4+3945,FSRQ,J1640.4+3945,FSRQ
1335,J1640.9+1143,"[2.405256748199463, 2.405923843383789, 2.433929681777954, 8.422734260559082, -30.908061954476167, -30.732523330457827, -28.24767686527841, -30.888818056454223, -23.895005378522388, -0.0006345710135065019, 0.0, 0.0, 10.721598625183105, -0.80158142096715, -0.38033836467103904, -0.7642428433843924, -0.6309338698711465, -0.7208108208506182, 0.05085193301666365]",[1],J1640.9+1142,bcu,J1640.9+1143,bcu,bll,J1640.9+1143,bll,J1640.9+1143,bll
1336,J1641.9-0621,"[2.3472115993499756, 2.2764742374420166, 2.0170838832855225, 41.409698486328125, -30.785732212701795, -30.52699346736145, -27.661877742993557, -30.552593665562558, -23.30660861783296, 0.10545258224010468, 0.38158512115478516, 2.4177756309509277, 16.192026138305664, 0.9779985941621276, -0.3358073617624902, -0.5865325074251594, -0.5585358317582556, -0.8245267005557676, -0.9999998809540633]",[1],J1641.8-0619,bll,J1641.9-0621,bll,bll,J1641.9-0621,bll,J1641.9-0621,bll
1337,J1642.9+3948,"[2.402047634124756, 2.3888638019561768, 2.310694932937622, 202.06529235839844, -30.583865830059647, -30.45592148106678, -27.46309695800054, -30.467878158803646, -23.200990604418827, 0.04145406186580658, 0.48998069763183594, 1.9564208984375, 43.984710693359375, -0.16141177087140554, -0.5108433336787225, -0.7010883369261178, -0.6866205404079635, -0.6945872570834479, -0.5137840148169255]",[1],J1642.9+3950,FSRQ,J1642.9+3948,FSRQ,FSRQ,J1642.9+3948,FSRQ,J1642.9+3948,FSRQ
1338,J1645.6+6329,"[2.546790838241577, 2.3816092014312744, 1.9860361814498901, 125.48535919189453, -29.391722072024724, -29.10794291397784, -28.408636969632802, -29.150910131122192, -23.995291947271344, 0.17882861196994781, 0.6615656614303589, 3.9045958518981934, 21.365093231201172, -0.3054044199302781, -0.5300375496549147, -0.6928888204967408, -0.86582515237422, -0.7317732705170176, -0.9961544326917718]",[1],J1645.9+6336,fsrq,J1645.6+6329,fsrq,fsrq,J1645.6+6329,fsrq,J1645.6+6329,fsrq
1339,J1647.4-6438,"[2.2845468521118164, 2.2552475929260254, 2.2215895652770996, 35.39509201049805, -31.270242518770612, -31.0554266232745, -28.110945063685964, -31.21608174838948, -23.675509527579187, 0.04522743076086044, 0.41697898507118225, 1.3476707935333252, 18.514970779418945, 0.998180097280658, -0.5161515150504852, -0.6604958620258063, -0.6028126384777287, -0.7979195015717755, -0.04600218305226013]",[1],J1647.1-6438,bcu,J1647.4-6438,bcu,bcu,J1647.4-6438,bll,J1647.4-6438,bll
1340,J1647.5+4950,"[2.3857829570770264, 2.3665623664855957, 2.3383312225341797, 94.64161682128906, -30.042797728369262, -29.857092054270296, -28.281150078853383, -29.966096472637105, -23.693467683243863, 0.030753135681152344, 0.3330187201499939, 1.269820213317871, 40.007720947265625, -0.09764040256419153, -0.5915407859546824, -0.7169273871830105, -0.6539261316020424, -0.6167764775075633, -0.6442690752993326]",[1],J1647.4+4950,bcu,J1647.5+4950,bll,bll,J1647.5+4950,bll,J1647.5+4950,bll
1341,J1648.4-4611,"[2.3499464988708496, 2.329899549484253, 0.9618207812309265, 10.901346206665039, -31.27607616496169, -30.750266983039293, -26.552287646173184, -30.950507544053654, -21.651076900733056, 0.47226354479789734, 0.04963846504688263, 10.457281112670898, 32.10325622558594, 0.7609242350591934, -0.52496294368172, -0.2160020220853494, -0.5579326204111058, -0.8557868331990853, -0.8520873889111422]",[0],J1648.3-4611,PSR,J1648.4-4611,PSR,PSR,J1648.4-4611,PSR,J1648.4-4611,PSR
1342,J1649.4+5235,"[2.08384108543396, 2.0364956855773926, 1.9209275245666504, 116.24944305419922, -31.41478007274539, -31.180451241866415, -28.238102261417907, -31.26150387835064, -23.721149245846643, 0.05094516649842262, 0.47024375200271606, 2.284166097640991, 36.734275817871094, -0.4382972131070921, -0.4851453922865034, -0.5764622548981585, -0.45788793514916704, -0.641420266623112, -0.6862271582456761]",[1],J1649.4+5238,bll,J1649.4+5235,bll,bll,J1649.4+5235,bll,J1649.4+5235,bll
1343,J1650.3-5045,"[2.347322702407837, 2.327572822570801, 2.2337794303894043, 320.08013916015625, -30.72029527246255, -30.51334682192656, -27.117156048877895, -30.56643892708834, -22.85859506391275, 0.045676130801439285, 0.6609435677528381, 2.369243860244751, 39.55996322631836, 0.999509705828317, -0.6287023698910078, -0.6733991654089541, -0.6278033849350569, -0.6436646351779377, -0.6864313831500551]",[1],J1650.2-5044,bcu,J1650.3-5045,bcu,bll,J1650.3-5045,bll,J1650.3-5045,bll
1344,J1650.7+0831,"[2.574078321456909, 2.4806880950927734, 2.12526798248291, 42.631778717041016, -29.409990648341093, -29.07912395251221, -28.059511709637952, -29.12683009620136, -23.705162616897464, 0.15215012431144714, 0.5559365749359131, 2.3361785411834717, 11.913117408752441, -0.1293482717586814, -0.7167036856498319, -0.6334691667518145, -0.8337746037332276, -0.8810578381009799, -0.9999729066072917]",[1],J1650.8+0830,fsrq,J1650.7+0831,fsrq,fsrq,J1650.7+0831,fsrq,J1650.7+0831,fsrq
1345,J1651.6+7219,"[1.878396987915039, 1.87339186668396, 1.7993730306625366, 14.487951278686523, -33.774607714448685, -33.60677780467072, -28.65665839551513, -33.681594310184124, -24.209699215675432, 0.004868625663220882, 0.2515958547592163, 0.13805726170539856, 15.542852401733398, 0.9945151841582067, -0.3320506895333314, -0.5668863900736719, -0.546385660982268, -0.3771361022642807, -0.11283553155600656]",[1],J1651.6+7219,bll,J1651.6+7219,bll,bll,J1651.6+7219,bll,J1651.6+7219,bll
1346,J1653.8+3945,"[1.7642334699630737, 1.721107840538025, 1.710479974746704, 543.175537109375, -30.47257164399708, -30.35871516325793, -26.741201395427392, -30.43374002495032, -22.548293775160246, 0.019929101690649986, 0.3296149969100952, 2.8815460205078125, 161.70068359375, 0.4089266970452264, -0.3402813895904444, -0.440589685696941, -0.34869036507854073, -0.47685502723767986, -0.24478424639349783]",[1],J1653.9+3945,BLL,J1653.8+3945,BLL,BLL,J1653.8+3945,BLL,J1653.8+3945,BLL
1347,J1656.0+2047,"[2.4773647785186768, 2.3464584350585938, 1.9410051107406616, 49.529052734375, -30.35067502052446, -29.956646062083284, -28.320652889697286, -30.048776016931903, -23.956307798908497, 0.20098119974136353, 0.6548101305961609, 2.489516258239746, 10.643572807312012, -0.6333342421086495, -0.5321481916495344, -0.6949384103807843, -0.7196560998973037, -0.8842012834822414, -0.9991114637364518]",[1],J1656.0+2044,bcu,J1656.0+2047,bcu,bcu,J1656.0+2047,bcu,J1656.0+2047,bcu
1348,J1656.3-3301,"[2.7887604236602783, 2.915334463119507, 2.0089175701141357, 131.5129852294922, -29.290391113359444, -28.93151498720749, -27.16057551847765, -28.28341085710822, -23.14380048221499, 0.2976350784301758, 0.7654460668563843, 4.582111835479736, 15.818867683410645, -0.24233833274836933, -0.6364985559760065, -0.8351799229489673, -0.7921430728103849, -0.9117768835553112, -0.999976506596482]",[1],J1656.2-3303,fsrq,J1656.3-3301,fsrq,fsrq,J1656.3-3301,fsrq,J1656.3-3301,fsrq
1349,J1656.9-2010,"[1.9095121622085571, 1.8331879377365112, 1.580650806427002, 20.82663345336914, -32.95882021337987, -32.654122125479695, -27.884651706780048, -32.70242747240338, -23.408385986389007, 0.09751380234956741, 0.3846628665924072, 2.740755319595337, 18.77760124206543, 0.011577538260350243, 0.997907305372413, -0.537416715691246, -0.4626794276179306, -0.41765413418493785, -0.5279491816534626]",[1],J1656.8-2010,bcu,J1656.9-2010,bll,bll,J1656.9-2010,bll,J1656.9-2010,bll
1350,J1657.0+6010,"[2.4479358196258545, 2.423537015914917, 2.3232240676879883, 25.916305541992188, -30.943648246191827, -30.758781261182158, -28.648269048191473, -30.814899844719672, -24.270201645818513, 0.037022437900304794, 0.43213513493537903, 0.6358002424240112, 10.651911735534668, -0.5332670940241436, -0.5722344924877835, -0.7167429111130276, -0.5841008601946429, -0.8023329689617572, -0.9981124832190775]",[1],J1656.9+6008,fsrq,J1657.0+6010,fsrq,fsrq,J1657.0+6010,fsrq,J1657.0+6010,fsrq
1351,J1657.7+4808,"[2.406137466430664, 2.308971405029297, 2.1323087215423584, 350.86334228515625, -29.009149848628482, -28.759826864258468, -27.9870482151441, -28.845060042853557, -23.435528222569435, 0.10989847034215927, 0.48669692873954773, 6.258975028991699, 57.7283935546875, 0.4986597296740509, -0.5654035433517461, -0.6867351301272463, -0.7199658670097833, -0.7533661214162383, -0.8500517172517353]",[1],J1657.7+4807,fsrq,J1657.7+4808,fsrq,fsrq,J1657.7+4808,fsrq,J1657.7+4808,fsrq
1352,J1658.4+6150,"[2.201263904571533, 2.140807628631592, 1.7592300176620483, 9.676548957824707, -32.55138657776733, -32.3041761491493, -28.837005822686706, -32.31483706719949, -24.384881878066544, 0.05542309209704399, 0.0, 0.5379377007484436, 7.873541831970215, 0.9806959092256671, -0.7303943516651614, -0.5557540535315706, -0.32009724648751225, -0.8448481361882555, -0.9975876332704877]",[1],J1658.3+6149,bll,J1658.4+6150,bll,bll,J1658.4+6150,bll,J1658.4+6150,bll
1353,J1658.6-5323,"[2.4804956912994385, 2.404616355895996, 0.8831830024719238, 12.334883689880371, -30.051420552014452, -29.647460699729567, -27.60176753664407, -29.59909439560405, -22.906759098653872, 0.5280824303627014, 0.06790100783109665, 12.828773498535156, 35.190067291259766, -0.30838835581501406, 0.04819636262400431, -0.6056892341960729, -0.8326611722712388, -0.9999958917758917, 0.03324445030900134]",[0],J1658.4-5323,PSR,J1658.6-5323,PSR,PSR,J1658.6-5323,MSP,J1658.6-5323,MSP
1354,J1659.0+2627,"[2.622267246246338, 2.6350135803222656, 1.7857050895690918, 16.666730880737305, -29.799584386525012, -29.335869607547533, -28.316615072246236, -29.157248438408956, -24.11050927013736, 0.2837243676185608, 0.46702057123184204, 1.6836262941360474, 4.973722457885742, 0.7558740936675946, -0.7641698708409602, -0.7507641758715794, -0.8832455012510135, -0.713133197273987, 0.09912423160720239]",[1],J1659.4+2631,fsrq,J1659.0+2627,fsrq,fsrq,J1659.0+2627,fsrq,J1659.0+2627,fsrq
1355,J1659.7-3131,"[2.2929368019104004, 2.2426645755767822, 2.015789031982422, 31.675695419311523, -31.381169793197518, -31.16434929637508, -27.569999911825775, -31.17049735112877, -23.249789043975316, 0.0857885405421257, 0.36997032165527344, 2.155191659927368, 17.13711929321289, 0.8551005940644925, -0.6079841737926605, -0.7056533104685975, -0.4755605755702919, -0.6686993688196682, -0.861428890004565]",[1],J1659.7-3132,bcu,J1659.7-3131,bcu,bcu,J1659.7-3131,bcu,J1659.7-3131,bcu
1356,J1700.0+6830,"[2.3769779205322266, 2.2783265113830566, 2.0786757469177246, 927.8308715820312, -29.12259267321293, -28.887490558436465, -27.84187759466471, -28.942150181017567, -23.33946875289197, 0.10373430699110031, 0.5625885725021362, 7.462866306304932, 79.40626525878906, -0.4082500524052442, -0.5373441622703682, -0.6596503342854453, -0.7067811265557361, -0.8376899062226391, -0.7925644539116646]",[1],J1700.1+6829,fsrq,J1700.0+6830,fsrq,fsrq,J1700.0+6830,fsrq,J1700.0+6830,fsrq
1357,J1702.6+3114,"[1.8736761808395386, 1.777130126953125, 1.6221301555633545, 12.745759963989258, -33.42509872708335, -33.142522089515964, -28.4646311432475, -33.25204809660695, -24.050228108258615, 0.07426677644252777, 0.2605927586555481, 1.400397777557373, 14.458870887756348, 0.9999991498703495, -0.6135662660634615, -0.4686747117052367, -0.2319170994103478, -0.46600082601184706, -0.5625922904972411]",[1],J1702.6+3116,bll,J1702.6+3114,bll,bll,J1702.6+3114,bll,J1702.6+3114,bll
1358,J1703.6-6213,"[2.425018787384033, 2.3601877689361572, 2.0001540184020996, 379.78863525390625, -29.663202867907636, -29.362456757497327, -27.38150828189359, -29.388173920456964, -23.078347119446054, 0.1511351615190506, 0.5591532588005066, 7.947413444519043, 50.4249382019043, 0.9999598384454066, -0.5316814501686714, -0.6857529890549992, -0.6769698320636488, -0.8502434908154356, -0.9999963629234561]",[1],J1703.6-6211,fsrq,J1703.6-6213,fsrq,fsrq,J1703.6-6213,fsrq,J1703.6-6213,fsrq
1359,J1704.1+7647,"[2.547879695892334, 2.5408644676208496, 2.4844400882720947, 290.01153564453125, -30.072938757746194, -29.93410928727638, -28.303659643425405, -29.974615164521555, -23.947816143039468, 0.011516819708049297, 0.8037905097007751, 0.4388386011123657, 30.53548240661621, -0.3247471802678166, -0.6366028004892716, -0.7596661432540345, -0.6053985627570012, -0.8104516222752723, -0.9794418482452406]",[1],J1704.0+7646,bcu,J1704.1+7647,bcu,bcu,J1704.1+7647,bcu,J1704.1+7647,bcu
1360,J1705.0+7134,"[2.3383867740631104, 2.1932737827301025, 1.8490957021713257, 16.3756046295166, -31.87663313621575, -31.601952488569957, -28.80178898013746, -31.63386068818488, -24.425268569623825, 0.12348149716854095, 0.4557688236236572, 1.1683423519134521, 7.232962608337402, 0.9944039980686902, -0.45571545264777485, -0.6116009920975467, -0.507917295309538, -0.8123994549971885, -0.9987045524101558]",[1],J1705.5+7134,bll,J1705.0+7134,bll,bll,J1705.0+7134,bll,J1705.0+7134,bll
1361,J1709.7-4429,"[2.223745107650757, 2.1064746379852295, 1.04657781124115, 9.207176208496094, -28.524913043673244, -28.019422001185838, -25.443545981802526, -28.03104330232621, -20.67350213414775, 0.2730296850204468, 0.004210095852613449, 80.88204193115234, 408.6905517578125, 0.12112912712574737, -0.2594818622982785, -0.4914871415747868, -0.6213355815669497, -0.863686323238137, -0.9516078993122316]",[0],J1709.7-4429,PSR,J1709.7-4429,PSR,PSR,J1709.7-4429,PSR,J1709.7-4429,PSR
1362,J1709.7+4318,"[2.3279478549957275, 2.2214303016662598, 2.094165802001953, 1568.2061767578125, -29.12500670961855, -28.897310758723453, -27.817570078484877, -28.98402999291527, -23.28521006677057, 0.09629127383232117, 1.0594505071640015, 5.905525207519531, 66.57928466796875, 0.9884970393576077, -0.486444196647396, -0.6722731787784398, -0.6508080073035795, -0.7952301296028121, -0.7348404375666499]",[1],J1709.6+4318,fsrq,J1709.7+4318,fsrq,fsrq,J1709.7+4318,fsrq,J1709.7+4318,fsrq
1363,J1711.6-5027,"[2.558873176574707, 2.542639970779419, 2.447591781616211, 16.555435180664062, -30.31845813635184, -30.120955854430406, -27.427298690237947, -30.131190253691564, -23.388016915292578, 0.07620743662118912, 0.32871297001838684, 1.5021382570266724, 10.344449996948242, 0.08563126686033318, -0.42497167173367, -0.8332384781259455, -0.5784597832100495, -0.940849226773471, 0.13996863124890468]",[1],J1711.5-5029,bcu,J1711.6-5027,bcu,bcu,J1711.6-5027,bcu,J1711.6-5027,bcu
1364,J1712.7+2932,"[1.842311978340149, 1.776708722114563, 1.6215163469314575, 3.8088247776031494, -33.623890115256636, -33.375478737922855, -28.395094801969307, -33.461904644244385, -23.983195742665604, 0.05106327682733536, 0.0, 1.0411826372146606, 13.344223022460938, -0.4107541868112023, -0.5440350034043026, -0.5028497179334914, -0.4764509608259427, -0.19755607505330103, -0.4066292334633712]",[1],J1712.6+2932,bll,J1712.7+2932,bll,bll,J1712.7+2932,bll,J1712.7+2932,bll
1365,J1713.7+8844,"[1.8349454402923584, 1.7066066265106201, 1.429740071296692, 10.519905090332031, -34.841267875785064, -34.420417597826834, -28.9232222402736, -34.53886925158108, -24.418561954152004, 0.1656762808561325, 0.0, 1.413784384727478, 5.477288722991943, -0.9999793450523625, 0.9999608392400027, -0.1668098212384644, -0.09907393317485129, -0.5481117361564738, -0.5163494562075956]",[1],J1711.6+8846,bcu,J1713.7+8844,bcu,bcu,J1713.7+8844,bcu,J1713.7+8844,bcu
1366,J1713.8+0747,"[2.1559293270111084, 1.8169559240341187, 0.4653385281562805, 8.145227432250977, -31.24996338381879, -30.72155697263406, -28.223760129634293, -30.712548020958096, -23.199653883756866, 0.538689374923706, 0.0, 8.378805160522461, 23.60782814025879, 0.9512100466138605, 0.12333586127131281, -0.161249135325587, -0.5914463974382986, -0.9680572712837143, -0.9993503164178857]",[0],J1714.0+0748,PSR,J1713.8+0747,PSR,PSR,J1713.8+0747,MSP,J1713.8+0747,MSP
1367,J1714.0-2029,"[1.618895173072815, 1.606728434562683, 1.5599654912948608, 24.949188232421875, -35.40856109930515, -35.17202146226532, -28.078280255170352, -35.32090901008786, -23.61232966467005, 0.016168417409062386, 0.5881489515304565, 0.2959984242916107, 9.456902503967285, -0.9936915802271635, 0.999748317025126, 0.03377965982030569, -0.43336737302915157, -0.2703442880043687, -0.21068442553168398]",[1],J1714.1-2029,bcu,J1714.0-2029,bcu,bcu,J1714.0-2029,bcu,J1714.0-2029,bcu
1368,J1716.1+6836,"[2.3775625228881836, 2.3676297664642334, 2.343641519546509, 98.10929107666016, -30.993959666387955, -30.821084520934207, -28.442451841005738, -30.92797363882609, -24.00342597114423, 0.011610454879701138, 0.6063348650932312, 0.32970860600471497, 22.53761863708496, 0.11080888641827538, -0.580248849970233, -0.7248565033127423, -0.5316680703710559, -0.7567973569368883, -0.5539849880169327]",[1],J1715.7+6837,fsrq,J1716.1+6836,fsrq,fsrq,J1716.1+6836,fsrq,J1716.1+6836,fsrq
1369,J1717.5-8114,"[2.1117706298828125, 2.097668170928955, 2.050705909729004, 10.653079986572266, -32.96582720821983, -32.7714306967508, -28.411884578422097, -32.875777129934846, -23.938088296993683, 0.014653485268354416, 0.21321482956409454, 0.2259637415409088, 8.662956237792969, -0.7829357308035707, -0.40308273290757196, -0.625013674821266, -0.502687632690513, -0.562091172009233, -0.5978176800870892]",[1],J1716.7-8112,bcu,J1717.5-8114,bll,bll,J1717.5-8114,bll,J1717.5-8114,bll
1370,J1717.5-3342,"[2.5147228240966797, 2.5490171909332275, 2.0831358432769775, 196.46307373046875, -30.6681969780708, -30.409167045863487, -26.355991138948937, -30.337865378878227, -22.469876630929086, 0.15139392018318176, 0.8120695948600769, 4.583632946014404, 21.523466110229492, 0.2534312020375861, -0.5235981964334075, -0.700765512180535, -0.6855855049103012, -0.8939320197907417, -0.6108220132532521]",[1],J1717.8-3342,bll,J1717.5-3342,bll,bll,J1717.5-3342,bll,J1717.5-3342,bll
1371,J1717.6-5154,"[2.586935043334961, 2.5181047916412354, 1.4162946939468384, 286.0838317871094, -29.903144999661674, -29.484502939457936, -27.47100719775639, -29.453724405991117, -23.20415354532509, 0.3865077793598175, 1.5766911506652832, 5.671494007110596, 14.995092391967773, 0.999462051896043, -0.4042545085725035, -0.7378155340071276, -0.775167722024234, -0.9800530564679847, -0.9875622169611635]",[1],J1717.4-5157,fsrq,J1717.6-5154,fsrq,fsrq,J1717.6-5154,fsrq,J1717.6-5154,fsrq
1372,J1718.0-3055,"[2.284104108810425, 2.254409074783325, 2.0380754470825195, 12.138877868652344, -31.94415177030421, -31.68425715236197, -27.271619279955992, -31.70013445738343, -23.017438298881032, 0.0851835161447525, 0.23853348195552826, 1.6884992122650146, 10.959163665771484, 0.9840248902686224, -0.45884826946309126, -0.7645323723559815, -0.45574113122071835, -0.7231224411907624, -0.7334103727967186]",[1],J1718.1-3056,bcu,J1718.0-3055,bcu,bcu,J1718.0-3055,bcu,J1718.0-3055,bcu
1373,J1718.2-3825,"[2.5354862213134766, 2.7256276607513428, 1.4868630170822144, 3.0774872303009033, -30.240994049314274, -29.952046108446527, -26.09839054659132, -29.905659424237054, -21.741732192269403, 0.3456887900829315, 0.0, 14.665245056152344, 43.668548583984375, 0.987562221959413, -0.36909171130016066, -0.6288686113064792, -0.7240038506353574, -0.9460877712024213, -0.9471387329239284]",[0],J1718.1-3825,PSR,J1718.2-3825,PSR,PSR,J1718.2-3825,PSR,J1718.2-3825,PSR
1374,J1719.2+1745,"[2.0649375915527344, 1.9395674467086792, 1.7776933908462524, 1247.524658203125, -30.530458289689278, -30.300562564923496, -27.680106837910824, -30.37445008066686, -23.18889196269376, 0.09471509605646133, 1.6280596256256104, 5.093159198760986, 48.527374267578125, 0.263564011474414, -0.45309918097040114, -0.5040494894114458, -0.5255188214399639, -0.5876812037790603, -0.7768331615644036]",[1],J1719.2+1744,bll,J1719.2+1745,bll,bll,J1719.2+1745,bll,J1719.2+1745,bll
1375,J1719.3+1205,"[1.8852412700653076, 1.911332368850708, 1.8902860879898071, 14.371356010437012, -33.98982543601121, -33.89824367335333, -28.205412221207187, -33.94998669553977, -23.64344706395427, -0.02469305694103241, 0.21434861421585083, 0.527895987033844, 10.627470016479492, -0.2951721510807834, -0.751202037332635, -0.6007466224653839, -0.34313829867254847, -0.4639688902564791, -0.1439292682102896]",[1],J1719.3+1206,bcu,J1719.3+1205,bcu,bcu,J1719.3+1205,bcu,J1719.3+1205,bcu
1376,J1722.6+6104,"[2.844097137451172, 2.825197458267212, 2.5881760120391846, 57.699562072753906, -29.213338052547154, -28.995500648786948, -28.342837325937413, -28.99318695015856, -24.380205335748276, 0.08678773790597916, 0.8149175643920898, 1.3320484161376953, 9.655925750732422, 0.09333761152655622, -0.7686875133409861, -0.7982537612190147, -0.8796595413559538, -0.7540819610016822, -0.9999999999025109]",[1],J1722.7+6104,fsrq,J1722.6+6104,fsrq,fsrq,J1722.6+6104,fsrq,J1722.6+6104,fsrq
1377,J1722.7+1014,"[2.208804130554199, 2.180215835571289, 2.1466152667999268, 118.10392761230469, -31.09143304245393, -30.860939143029846, -27.88869374007612, -30.968677290113686, -23.382649410207662, 0.052441053092479706, 0.6408058404922485, 1.9299964904785156, 26.905681610107422, 0.20739533281924097, -0.5353507522895915, -0.6319852498123258, -0.5771313530604205, -0.6795293650577241, -0.5751678771400341]",[1],J1722.7+1014,fsrq,J1722.7+1014,fsrq,fsrq,J1722.7+1014,fsrq,J1722.7+1014,fsrq
1378,J1723.6-7714,"[2.2879161834716797, 2.1817636489868164, 2.037623167037964, 865.147216796875, -29.487015493040676, -29.245421602972254, -27.62126453866641, -29.334352175054672, -23.108527381340384, 0.09863131493330002, 0.850711464881897, 6.051483154296875, 57.45213317871094, 0.09325165880507372, -0.535920378311534, -0.604564599016057, -0.6298774410825903, -0.8029074297229961, -0.5681837383000785]",[1],J1723.7-7713,bcu,J1723.6-7714,bcu,bcu,J1723.6-7714,bcu,J1723.6-7714,bcu
1379,J1724.2+4005,"[2.4768359661102295, 2.3319520950317383, 2.072906732559204, 361.15496826171875, -29.213899704666133, -28.96075455673821, -28.11063115131311, -29.017290653122608, -23.677855274669657, 0.13930515944957733, 0.9651801586151123, 3.7992987632751465, 27.98279571533203, 0.00893602740231611, -0.5779420007012078, -0.695330812339132, -0.7372445738440065, -0.7788547382051929, -0.9997522670453345]",[1],J1723.9+4004,fsrq,J1724.2+4005,fsrq,fsrq,J1724.2+4005,fsrq,J1724.2+4005,fsrq
1380,J1725.0+1152,"[1.8669956922531128, 1.7657694816589355, 1.7031745910644531, 33.284881591796875, -31.358577106161047, -31.187193121390195, -27.16682976225182, -31.269457011332047, -22.848926211528802, 0.058727193623781204, 0.16180212795734406, 3.854923963546753, 66.5654525756836, 0.9893218251448096, -0.4658543340055713, -0.4428667164812919, -0.361225404713882, -0.5161308671396334, -0.4650759910044228]",[1],J1725.0+1152,bll,J1725.0+1152,bll,bll,J1725.0+1152,bll,J1725.0+1152,bll
1381,J1725.5+5851,"[2.20200252532959, 2.175624370574951, 2.084289789199829, 57.06200408935547, -31.748666499311298, -31.556246793555196, -28.57172992110179, -31.629261960749545, -24.054414555739537, 0.029716063290834427, 0.5325542092323303, 0.8514778017997742, 20.558988571166992, -0.5194032543949316, -0.5433660835642891, -0.6490158989444629, -0.46458278207486037, -0.7204131151056838, -0.5406732587341293]",[1],J1725.3+5853,bll,J1725.5+5851,bll,bll,J1725.5+5851,bll,J1725.5+5851,bll
1382,J1727.4+4530,"[2.4855422973632812, 2.389235258102417, 2.254721164703369, 585.1513671875, -28.262816252316135, -28.065671732712534, -27.996763012323136, -28.150242661854303, -23.442613462013732, 0.08376338332891464, 0.5914602875709534, 4.811550617218018, 60.629234313964844, -0.1888397895183659, -0.6125827175028711, -0.7184314754250705, -0.7086305576211739, -0.8480985278393508, -0.9999757701964354]",[1],J1727.1+4531,fsrq,J1727.4+4530,fsrq,fsrq,J1727.4+4530,fsrq,J1727.4+4530,fsrq
1383,J1728.0+1216,"[2.4548349380493164, 2.430182933807373, 2.2640299797058105, 79.45172119140625, -30.11665721586754, -29.844704861922136, -27.797677391383175, -29.909862600459967, -23.45825803548243, 0.09221718460321426, 0.6340814232826233, 2.462761402130127, 18.00935935974121, -0.5043045640423742, -0.46937664081560543, -0.699649987484426, -0.7005895418353291, -0.8316041201755027, -0.37463681468222376]",[1],J1728.0+1217,fsrq,J1728.0+1216,fsrq,fsrq,J1728.0+1216,fsrq,J1728.0+1216,fsrq
1384,J1728.3+5013,"[1.7754615545272827, 1.7592262029647827, 1.708794116973877, 179.37783813476562, -32.62338029426065, -32.41760919559887, -27.717132659252787, -32.5288456191891, -23.505820932306875, 0.012157812714576721, 0.5254577398300171, 0.8317238688468933, 55.63268280029297, -0.6421637262065947, -0.5036902327232824, -0.4998490977504272, -0.2507929942490791, -0.4909849137240471, -0.29543681385271037]",[1],J1728.3+5013,bll,J1728.3+5013,bll,bll,J1728.3+5013,bll,J1728.3+5013,bll
1385,J1728.4+0427,"[2.5939812660217285, 2.4337093830108643, 1.8724353313446045, 62.51775360107422, -29.22693488998828, -28.858972411074866, -27.680868951190902, -28.91036191566319, -23.443805045362026, 0.24653016030788422, 0.5444355607032776, 4.079456329345703, 15.34070873260498, 0.6864187779131606, -0.6078570208089451, -0.7535875764773927, -0.7579948369993459, -0.9972877869145018, -0.9912262990370616]",[1],J1728.5+0428,fsrq,J1728.4+0427,fsrq,fsrq,J1728.4+0427,fsrq,J1728.4+0427,fsrq
1386,J1730.6+0024,"[2.226306676864624, 2.0836448669433594, 1.8402271270751953, 361.18359375, -30.549570819163776, -30.24066006765418, -27.726412179060702, -30.330936236733343, -23.174234884517748, 0.1480398327112198, 1.1922920942306519, 4.481208801269531, 23.9842472076416, 0.980495612052371, -0.3348275492908316, -0.5778482435696629, -0.6000940516410598, -0.6702948711718604, -0.8834636594313342]",[1],J1730.5+0023,fsrq,J1730.6+0024,fsrq,fsrq,J1730.6+0024,fsrq,J1730.6+0024,fsrq
1387,J1730.8+3715,"[2.0518572330474854, 1.890333652496338, 1.5414397716522217, 20.50043487548828, -32.60365148856533, -32.19787886206426, -28.53316116474551, -32.28702724933098, -24.03500743568906, 0.1815747171640396, 0.3996433913707733, 2.5401389598846436, 13.87547492980957, 0.966347156185742, -0.7158723435687043, -0.3417200753075312, -0.5032424596840939, -0.5635501226650453, -0.999181543031696]",[1],J1730.6+3711,bll,J1730.8+3715,bll,bll,J1730.8+3715,bll,J1730.8+3715,bll
1388,J1731.6-3002,"[2.291196346282959, 2.1602118015289307, 1.8211764097213745, 18.15890884399414, -31.184647423385933, -30.916088287843767, -26.8723261424671, -30.946278734462318, -22.51850574384786, 0.1739385426044464, 0.2944651246070862, 3.6825263500213623, 15.875005722045898, -0.9998159013610558, 0.9999967510104302, -0.4387273997140793, -0.594391664610357, -0.7015508605288298, -0.7386730744465617]",[1],J1731.8-3001,bll,J1731.6-3002,bll,bll,J1731.6-3002,bll,J1731.6-3002,bll
1389,J1732.5-3131,"[2.310175895690918, 2.310856819152832, 0.5256372690200806, 5.677295684814453, -30.250283867693714, -29.717387093417226, -26.433658900814105, -29.712540306641767, -21.3562734804929, 0.5995872616767883, 0.0, 35.778526306152344, 102.27629089355469, 0.9962518043494889, 0.25735093243333185, -0.27116097117483035, -0.6197281292607093, -0.9397195764284456, -0.961370222991919]",[0],J1732.5-3130,PSR,J1732.5-3131,PSR,PSR,J1732.5-3131,PSR,J1732.5-3131,PSR
1390,J1732.7-5050,"[2.3608713150024414, 2.277039051055908, 1.2417149543762207, 22.63756561279297, -31.376535209882576, -31.001308488580626, -28.19805717882814, -31.062403786026355, -23.356837529746116, 0.3261384665966034, 0.3320121169090271, 5.002572059631348, 15.857067108154297, 0.9990847514456175, 0.02255260598648491, -0.4763381527170198, -0.615056477104859, -0.975514383517521, -0.02782398041315765]",[0],J1732.5-5048,PSR,J1732.7-5050,PSR,PSR,J1732.7-5050,MSP,J1732.7-5050,MSP
1391,J1733.0-1305,"[2.359426498413086, 2.2504141330718994, 2.0210235118865967, 980.1422119140625, -29.018966456766982, -28.751641759061815, -27.042664303151316, -28.827733189555108, -22.576413546901666, 0.12302547693252563, 0.7465924024581909, 9.002161026000977, 67.16999053955078, -0.13786668566814164, -0.527711705251816, -0.6525207699135253, -0.6307178820581585, -0.819696273733082, -0.8493996204400377]",[1],J1733.0-1305,FSRQ,J1733.0-1305,FSRQ,FSRQ,J1733.0-1305,FSRQ,J1733.0-1305,FSRQ
1392,J1734.3+3858,"[2.306302785873413, 2.2284467220306396, 2.09747576713562, 1368.6192626953125, -29.384104875693414, -29.14090519254743, -27.65216714734515, -29.22164271169855, -23.189061619545825, 0.0853409543633461, 0.9260542392730713, 5.831226348876953, 65.68408966064453, -0.23635923603615897, -0.5106417666792684, -0.6378617948757044, -0.6831211307913391, -0.7418871269910665, -0.7704023231096733]",[1],J1734.3+3858,fsrq,J1734.3+3858,fsrq,fsrq,J1734.3+3858,fsrq,J1734.3+3858,fsrq
1393,J1735.4-1118,"[2.063563108444214, 2.0331766605377197, 1.820517659187317, 6.345569610595703, -33.2505516129584, -33.02394974078547, -27.853374410454602, -33.14938668511474, -23.355029602154538, 0.06265478581190109, 0.0, 0.9018682837486267, 8.128559112548828, 0.9566691818984207, -0.8552111774128632, 0.07704365415931005, -0.504128334574785, -0.6482797558228991, -0.44512709734248856]",[1],J1735.4-1118,bcu,J1735.4-1118,bcu,bcu,J1735.4-1118,bcu,J1735.4-1118,bcu
1394,J1736.0+2033,"[1.914124846458435, 1.7436273097991943, 1.5051982402801514, 50.02104949951172, -32.56829038053896, -32.2316306371216, -28.205959047375554, -32.32765458628626, -23.66804091680759, 0.14729370176792145, 0.6725488305091858, 3.1806066036224365, 17.021930694580078, -0.4739277929443119, 0.9992592412783855, -0.2685558863350467, -0.3405063954478814, -0.5623629542689599, -0.7230761656631005]",[1],J1736.0+2033,bcu,J1736.0+2033,bll,bll,J1736.0+2033,bll,J1736.0+2033,bll
1395,J1736.6+0628,"[2.629031181335449, 2.618025302886963, 2.6038758754730225, 11.699040412902832, -29.715791703248193, -29.46055090932773, -27.78855067152749, -29.636195246999083, -23.650177135341064, 0.03689887374639511, 0.15694674849510193, 0.5604758858680725, 10.552571296691895, -0.4674482855886875, -0.6637544052200292, -0.8264352472893286, -0.5885678858130851, -0.7316408758802332, -0.6730810902912467]",[1],J1736.4+0634,fsrq,J1736.6+0628,fsrq,fsrq,J1736.6+0628,fsrq,J1736.6+0628,fsrq
1396,J1738.0+8717,"[2.2019503116607666, 2.1703262329101562, 2.0593032836914062, 267.0483703613281, -32.48492903212906, -32.279981479438426, -28.6850997921074, -32.395444207476466, -24.24161266045453, 0.03699416294693947, 2.8267996311187744, 0.587544858455658, 9.622126579284668, -0.9588090365752497, 0.9997164781222799, -0.7302095158992912, -0.4441107291833684, -0.6391173396159471, -0.5689264261518837]",[1],J1739.0+8716,bcu,J1738.0+8717,bcu,bcu,J1738.0+8717,bcu,J1738.0+8717,bcu
1397,J1739.5+4955,"[2.35904598236084, 2.2700345516204834, 2.1798715591430664, 238.0085906982422, -29.610173840103254, -29.395349865926175, -28.122127767153675, -29.490811475287238, -23.635160634639053, 0.08484847098588943, 0.6171554327011108, 3.296571731567383, 35.04780197143555, 0.9585719179667244, -0.5427675237391228, -0.6460596510325682, -0.720204842899962, -0.6745028202765442, -0.6647330704887408]",[1],J1739.4+4955,fsrq,J1739.5+4955,fsrq,fsrq,J1739.5+4955,fsrq,J1739.5+4955,fsrq
1398,J1740.0+4737,"[2.089592456817627, 2.017897844314575, 1.8239448070526123, 22.580129623413086, -32.49617223287308, -32.253409812877905, -28.55227544390906, -32.29977540772591, -24.050161431232826, 0.06711019575595856, 0.39656123518943787, 1.3643652200698853, 15.308483123779297, 0.9999757549564356, -0.6893732932472786, -0.599807424074818, -0.4019884666097039, -0.6036492317362406, -0.715344477074299]",[1],J1740.3+4736,fsrq,J1740.0+4737,fsrq,fsrq,J1740.0+4737,fsrq,J1740.0+4737,fsrq
1399,J1740.5+5211,"[2.469561815261841, 2.4514899253845215, 2.3910794258117676, 797.2457275390625, -29.43676766794833, -29.215830685933838, -28.136854134670724, -29.296388781418703, -23.564534908642262, 0.035043634474277496, 0.7921581864356995, 1.7613450288772583, 50.612430572509766, -0.24773438620916874, -0.6237278746531746, -0.7264592020597948, -0.6882844628403593, -0.6669134647429248, -0.8321798647037415]",[1],J1740.3+5211,fsrq,J1740.5+5211,fsrq,fsrq,J1740.5+5211,fsrq,J1740.5+5211,fsrq
1400,J1740.6+5346,"[2.165271282196045, 2.093810796737671, 1.8545054197311401, 34.967227935791016, -32.35989768431078, -32.056170704696726, -28.613639532797457, -32.13960882804918, -24.132170158564055, 0.115321084856987, 0.6087886691093445, 2.094125747680664, 14.075057983398438, -0.5396592262022621, -0.698799517292396, -0.5730910046527232, -0.5291570948771149, -0.5636556313719643, -0.838533095835136]",[1],J1740.4+5347,bcu,J1740.6+5346,bll,bll,J1740.6+5346,bll,J1740.6+5346,bll
1401,J1741.4+1354,"[2.275125026702881, 1.9808058738708496, 0.9025965929031372, 6.796195030212402, -31.13333054193907, -30.689242849426364, -28.309234032905227, -30.673866951005714, -23.46312869046682, 0.4392112195491791, 0.0, 5.140682697296143, 14.748347282409668, -0.23189752476895076, -0.5008180190135165, -0.284412639513493, -0.6572618477116637, -0.8998262652166369, -0.9999896365348657]",[0],J1741.5+1351,PSR,J1741.4+1354,PSR,PSR,J1741.4+1354,MSP,J1741.4+1354,MSP
1402,J1741.8-2537,"[2.2713282108306885, 2.2642362117767334, 2.269315242767334, 11.379181861877441, -32.05328401332134, -31.926691452496865, -26.899833396696536, -31.621748717273498, -22.687146581503832, 0.015674052760004997, 0.15888158977031708, 0.4428179860115051, 12.76941204071045, 0.9366040158517724, 0.8741751853983024, -0.6501553733362246, -0.6318873690508583, -0.5230874180417205, -0.6416115389373686]",[1],J1741.9-2539,bcu,J1741.8-2537,bcu,bcu,J1741.8-2537,bcu,J1741.8-2537,bcu
1403,J1741.9-2054,"[2.459861993789673, 2.1454873085021973, 0.18850873410701752, 6.677414417266846, -28.631573110733502, -28.013959741750913, -26.756611974355884, -28.01478756084496, -22.004865788749004, 0.7516278028488159, 0.0, 39.495574951171875, 108.31477355957031, 0.9368693343578488, -0.22048673414129713, -0.5722378587087371, -0.9091134818463364, -0.999966450226251, -0.9957532338086782]",[0],J1741.9-2054,PSR,J1741.9-2054,PSR,PSR,J1741.9-2054,PSR,J1741.9-2054,PSR
1404,J1742.5+5944,"[2.193779945373535, 2.1651790142059326, 2.0524380207061768, 17.1108341217041, -31.917474919423885, -31.737688938198154, -28.5967112588678, -31.79632743567884, -24.090336969687588, 0.02695799618959427, 0.25477680563926697, 0.6566815376281738, 16.08812713623047, 0.9680197374746441, -0.6819848638980089, -0.6256066325991003, -0.4966069452279129, -0.6387343669830975, -0.6500296665083957]",[1],J1742.2+5947,bll,J1742.5+5944,bll,bll,J1742.5+5944,bll,J1742.5+5944,bll
1405,J1744.0+1935,"[1.9473317861557007, 1.9074409008026123, 1.8008784055709839, 13.0292329788208, -32.54774688086476, -32.318730459803795, -28.049817218852354, -32.40280406645358, -23.599158261874297, 0.03707384318113327, 0.16161887347698212, 1.2355633974075317, 22.163633346557617, 0.9999799538332609, -0.14109204611387657, -0.5601623517854288, -0.3390804250646192, -0.5815378607725333, -0.3708160436058437]",[1],J1743.9+1934,bll,J1744.0+1935,bll,bll,J1744.0+1935,bll,J1744.0+1935,bll
1406,J1744.2-0353,"[2.5635247230529785, 2.553246259689331, 2.515462875366211, 17.857200622558594, -30.102503723725476, -29.830134445620633, -27.521451764772536, -29.865258450994688, -23.42390320003004, 0.07765886932611465, 0.4033275246620178, 0.9450404644012451, 6.3392014503479, -0.3350115726842495, -0.5953638366646428, -0.7691900701357984, -0.6435642561662445, -0.7538880581267573, -0.14705689558955098]",[1],J1744.3-0353,fsrq,J1744.2-0353,fsrq,fsrq,J1744.2-0353,fsrq,J1744.2-0353,fsrq
1407,J1744.4-1135,"[2.3938353061676025, 2.119805097579956, 0.4556385278701782, 7.421267509460449, -29.492162023184637, -28.958723851875273, -27.33069796014049, -28.930391801786016, -22.466076309986615, 0.6453320980072021, 0.0, 19.879175186157227, 54.24102783203125, 0.9998289247756275, -0.09370271157853866, -0.5055169646935459, -0.8411386142944368, -0.9951014261150855, -0.9990078125810938]",[0],J1744.5-1133,PSR,J1744.4-1135,PSR,PSR,J1744.4-1135,MSP,J1744.4-1135,MSP
1408,J1744.9-1727,"[1.9447766542434692, 1.9362177848815918, 1.8710658550262451, 12.38776969909668, -32.80743140031563, -32.63348894168997, -27.521973014557208, -32.704873502108164, -22.993535421436444, 0.009189973585307598, 0.1309751570224762, 0.38220247626304626, 25.1361141204834, 0.998299764891179, -0.4402455926403384, -0.6341108149013808, -0.3653409520776847, -0.5697750631544366, -0.16507440196691345]",[1],J1744.9-1725,bcu,J1744.9-1727,bcu,bcu,J1744.9-1727,bcu,J1744.9-1727,bcu
1409,J1745.4-0753,"[2.075305700302124, 2.0673320293426514, 2.0623695850372314, 8.344021797180176, -32.06908263524452, -31.903234050856437, -27.560233423828347, -32.01699139126357, -23.064657910240253, 0.010854119434952736, 0.0, 0.45274215936660767, 22.327421188354492, 0.961357261705443, 0.5318187811255155, -0.4942965843879486, -0.5920781603177647, -0.541096311870108, -0.23885597517687526]",[1],J1745.4-0754,bll,J1745.4-0753,bll,bll,J1745.4-0753,bll,J1745.4-0753,bll
1410,J1745.5+1017,"[2.2592592239379883, 1.95482337474823, 0.5923789739608765, 4.788164138793945, -31.08014004998495, -30.617305917482867, -28.126337986835644, -30.5994295734416, -23.180391996954363, 0.5084253549575806, 0.0, 8.057639122009277, 24.21295928955078, 0.5662242056472242, -0.4429132287905942, -0.30552864679497843, -0.5903370012141024, -0.9934059880979138, -0.9999125137012493]",[0],J1745.5+1017,PSR,J1745.5+1017,PSR,PSR,J1745.5+1017,MSP,J1745.5+1017,MSP
1411,J1745.6+3950,"[2.175929546356201, 2.2204816341400146, 2.2102761268615723, 6.334207534790039, -32.836530472443236, -32.76114227053197, -28.63669580646478, -32.81119634923624, -24.209347683981832, -0.04676370322704315, 0.0, 0.783750057220459, 7.140790939331055, -0.488270488296047, -0.7064378851768494, -0.5246342033074873, -0.6987120580891574, -0.31390163012586203, -0.38332307455196096]",[1],J1745.7+3952,bll,J1745.6+3950,bll,bll,J1745.6+3950,bll,J1745.6+3950,bll
1412,J1746.8-3239,"[2.406175136566162, 2.4292073249816895, 0.7527205348014832, 4.244007110595703, -30.428003636364622, -29.86634686512827, -26.935299457094043, -30.01844965957342, -22.037129470266954, 0.5312172770500183, 0.0, 16.093975067138672, 39.17289733886719, 0.9974562550845735, 0.7514845795301015, -0.4644139790477509, -0.7091008614246143, -0.9520485037894171, -0.8604328770786497]",[0],J1746.8-3240,PSR,J1746.8-3239,PSR,PSR,J1746.8-3239,PSR,J1746.8-3239,PSR
1413,J1747.2-2957,"[2.5631701946258545, 2.756237030029297, 1.4049351215362549, 14.508566856384277, -29.572942040614514, -29.23526607828848, -25.741776746207936, -29.192050474318833, -21.29166778013027, 0.3807710111141205, 0.06102992594242096, 16.473793029785156, 34.470741271972656, 0.7289716783983936, -0.3239827665487568, -0.6380002898037125, -0.7678896565583577, -0.9457412854272395, -0.9054935540027178]",[0],J1747.2-2958,PSR,J1747.2-2957,PSR,PSR,J1747.2-2957,PSR,J1747.2-2957,PSR
1414,J1747.7-4037,"[2.3725244998931885, 2.3757517337799072, 1.0139789581298828, 7.383028507232666, -30.72666221016162, -30.230211607427417, -27.81098605831694, -30.38248965511816, -23.00317247319605, 0.4468303620815277, 0.0, 9.07658863067627, 23.512842178344727, 0.9933040278246218, -0.4293331843425097, -0.5969575824774416, -0.7074083502977229, -0.9253225538801534, -0.9995600652035315]",[0],J1747.6-4037,PSR,J1747.7-4037,PSR,PSR,J1747.7-4037,MSP,J1747.7-4037,MSP
1415,J1748.0+3403,"[2.3365261554718018, 2.2299370765686035, 1.9881842136383057, 47.521942138671875, -31.038567419974097, -30.750064975156928, -28.406839566242283, -30.81628526664962, -23.93811075742704, 0.10606690496206284, 0.5112053751945496, 1.7497986555099487, 16.687633514404297, -0.04424056160388967, -0.7035616959789486, -0.5209664995198693, -0.6078319841786077, -0.8648354001640308, -0.556107144094347]",[1],J1748.0+3405,fsrq,J1748.0+3403,fsrq,fsrq,J1748.0+3403,fsrq,J1748.0+3403,fsrq
1416,J1748.6+7005,"[2.030594825744629, 1.9526748657226562, 1.9026201963424683, 541.2919311523438, -30.239049493518184, -30.091383047945417, -27.450122994774585, -30.171336266654468, -23.06288079414696, 0.0479498989880085, 0.4302608370780945, 4.6426167488098145, 102.6285400390625, -0.020520899705615332, -0.4206488184772141, -0.5484630806869868, -0.46800291709631514, -0.5970839274143416, -0.5904457924158766]",[1],J1748.6+7005,bll,J1748.6+7005,bll,bll,J1748.6+7005,bll,J1748.6+7005,bll
1417,J1749.0+4321,"[2.0871682167053223, 2.0529990196228027, 1.9660581350326538, 31.429574966430664, -31.475839280065056, -31.2728986801272, -28.187188119299876, -31.36075612517893, -23.669875644917887, 0.03323863819241524, 0.24673976004123688, 1.3698105812072754, 31.702289581298828, 0.20797139328632194, -0.5689263716658677, -0.5792856150891296, -0.5041855735457705, -0.5941341222196153, -0.5183540456973219]",[1],J1749.1+4322,bll,J1749.0+4321,bll,bll,J1749.0+4321,bll,J1749.0+4321,bll
1418,J1751.5+0938,"[2.257608652114868, 2.144505262374878, 2.0107908248901367, 914.5579833984375, -29.116235394778325, -28.875956493204136, -27.315937676321436, -28.970499955563284, -22.768632446025904, 0.09910384565591812, 0.6720499992370605, 7.308103561401367, 72.42110443115234, -0.18408669604082586, -0.444212187354332, -0.6202136843056656, -0.6220543913088556, -0.7281050469170103, -0.7594929585548947]",[1],J1751.5+0939,bll,J1751.5+0938,bll,bll,J1751.5+0938,bll,J1751.5+0938,bll
1419,J1753.6-5014,"[2.5911426544189453, 2.40337872505188, 1.8078770637512207, 202.97998046875, -29.18198646787802, -28.816010925368158, -27.782423080737043, -28.85931367469488, -23.443880508493315, 0.261434406042099, 0.9780793190002441, 4.7374267578125, 17.636764526367188, 0.9985755033060966, -0.5571366657447812, -0.7162680251323329, -0.7828453960653845, -0.9389948528722523, -0.9997821453318787]",[1],J1753.5-5010,bcu,J1753.6-5014,bcu,bcu,J1753.6-5014,bcu,J1753.6-5014,bcu
1420,J1754.2+3212,"[1.919508934020996, 1.7479240894317627, 1.6339219808578491, 373.3128356933594, -30.93669044059524, -30.69398406748759, -27.5712498103054, -30.792412099527365, -23.146366210637897, 0.10541301965713501, 0.6888803839683533, 5.788415908813477, 60.452117919921875, 0.773960446225663, -0.45070263748443146, -0.3444875052754563, -0.4377810316075329, -0.6257192029255962, -0.500017113227547]",[1],J1754.1+3212,bll,J1754.2+3212,bll,bll,J1754.2+3212,bll,J1754.2+3212,bll
1421,J1754.5-6425,"[2.4087724685668945, 2.383427143096924, 2.2314205169677734, 14.895217895507812, -30.996636020499345, -30.75201861024163, -28.229148945989376, -30.80680982743313, -23.90270210120741, 0.1027725413441658, 0.29817184805870056, 1.885886788368225, 11.93182373046875, -0.3314636001797497, -0.5103523321351556, -0.7092527800224487, -0.6909404018539157, -0.7419717828039374, -0.6310206777259108]",[1],J1754.3-6424,bll,J1754.5-6425,bll,bll,J1754.5-6425,bll,J1754.5-6425,bll
1422,J1756.3+5522,"[1.8452171087265015, 1.76336669921875, 1.5896021127700806, 19.836956024169922, -33.44523467585993, -33.162281567699765, -28.396832024524787, -33.23862275727608, -24.0131937592963, 0.06719104945659637, 0.3413521349430084, 1.712890386581421, 19.89204978942871, -0.2025854869755746, -0.6289611065498822, -0.6094881822536605, -0.13445161519876112, -0.4974415837120511, -0.5252984038697908]",[1],J1756.3+5523,bll,J1756.3+5522,bll,bll,J1756.3+5522,bll,J1756.3+5522,bll
1423,J1756.9+1531,"[2.134782075881958, 1.918739676475525, 1.062371015548706, 12.842362403869629, -32.89112224024223, -32.52617420659484, -28.383515484534218, -32.49448325501418, -23.919648592924265, 0.27570897340774536, 0.522996187210083, 1.9596713781356812, 4.886473655700684, 0.9821986961041405, 0.9369118226644084, -0.875053522273714, 0.10401443547194814, -0.999980210996799, 0.9992917387523743]",[1],J1757.1+1533,bcu,J1756.9+1531,bcu,bcu,J1756.9+1531,bcu,J1756.9+1531,bcu
1424,J1757.0+7032,"[1.8269273042678833, 1.7053818702697754, 1.5852247476577759, 16.727264404296875, -34.892085376661754, -34.57900813836698, -28.663889351392445, -34.736035745807165, -24.106654631380422, 0.09408882260322571, 0.5835176110267639, 1.0184353590011597, 7.549670219421387, -0.997350525538386, -0.9866169349425546, 0.9912980062492142, -0.3843197803432621, -0.454173885885124, -0.3477380011696205]",[1],J1756.9+7032,bll,J1757.0+7032,bll,bll,J1757.0+7032,bll,J1757.0+7032,bll
1425,J1759.1-4822,"[2.3193464279174805, 2.2135207653045654, 1.9372307062149048, 201.91421508789062, -30.939948656966017, -30.65158977314102, -27.978994111789802, -30.704147615693884, -23.55576918926945, 0.14225707948207855, 1.289352536201477, 2.707698106765747, 15.42780876159668, 0.999707787668594, -0.3715995355212033, -0.5606856244321713, -0.6406846008810978, -0.7468218683013316, -0.9999953463083693]",[1],J1759.1-4822,bcu,J1759.1-4822,bcu,bcu,J1759.1-4822,bcu,J1759.1-4822,bcu
1426,J1800.6+7828,"[2.210374593734741, 2.1585848331451416, 2.1048693656921387, 284.39837646484375, -29.08348322206849, -28.946329116551045, -27.545912927234085, -29.021785103756354, -23.059822173078725, 0.035932548344135284, 0.23537112772464752, 4.039383411407471, 120.65986633300781, -0.238602051929534, -0.5314871231903718, -0.6189619352164281, -0.5576926751163014, -0.6685017213932531, -0.7957171871161711]",[1],J1800.5+7827,bll,J1800.6+7828,bll,bll,J1800.6+7828,bll,J1800.6+7828,bll
1427,J1801.5+4404,"[2.3839075565338135, 2.3075709342956543, 2.2272651195526123, 1291.739990234375, -29.042227346059327, -28.854810640853007, -27.948597229014204, -28.944980992200357, -23.448224798270292, 0.06672785431146622, 1.2492119073867798, 3.463674783706665, 47.88362121582031, -0.26929637138281076, -0.5548010823540762, -0.7072414207110965, -0.6134188362968226, -0.8177639972044182, -0.6567494761757766]",[1],J1801.5+4403,fsrq,J1801.5+4404,fsrq,fsrq,J1801.5+4404,fsrq,J1801.5+4404,fsrq
1428,J1802.6-3940,"[2.3674352169036865, 2.264028310775757, 2.0189530849456787, 3170.6630859375, -29.212644635707036, -28.93742504030842, -27.185232961485394, -29.000404456382682, -22.761727253637332, 0.12902499735355377, 1.3380961418151855, 8.585025787353516, 65.02550506591797, -0.0818718462689685, -0.4783973037436706, -0.6650578894149604, -0.6586539362340423, -0.7906441217423369, -0.8980547045567616]",[1],J1802.6-3940,fsrq,J1802.6-3940,fsrq,fsrq,J1802.6-3940,fsrq,J1802.6-3940,fsrq
1429,J1803.1-2148,"[2.393491268157959, 2.4638450145721436, 1.4904298782348633, 10.409695625305176, -30.732272160965035, -30.477075922485323, -26.108222421507215, -30.443258438330798, -21.454791032950602, 0.2783835828304291, 0.053893089294433594, 10.632826805114746, 33.142967224121094, 0.8961707829869343, 0.9396858941805044, -0.5072850416305572, -0.6103900583369067, -0.8686047524871651, -0.8737054444712113]",[0],J1803.1-2147,PSR,J1803.1-2148,PSR,PSR,J1803.1-2148,PSR,J1803.1-2148,PSR
1430,J1805.6+0615,"[2.2128236293792725, 2.014413595199585, 0.6071677803993225, 10.580877304077148, -31.436843617808197, -30.891269707692047, -28.191947658931205, -30.923531733486215, -23.255899746368137, 0.5041556358337402, 0.08705973625183105, 6.034509181976318, 17.012664794921875, 0.9963914194607764, 0.13133236035821183, -0.30726521322602, -0.5287516513506247, -0.9999586359386436, -0.9261775561680048]",[0],J1805.9+0614,psr,J1805.6+0615,PSR,PSR,J1805.6+0615,MSP,J1805.6+0615,MSP
1431,J1806.8+6949,"[2.2972047328948975, 2.242900848388672, 2.1649136543273926, 109.08763885498047, -29.547364220519835, -29.37962302969062, -27.628588312989944, -29.45502659124604, -23.230415526862426, 0.05091205611824989, 0.1940486878156662, 4.4205145835876465, 82.87495422363281, 0.9996599025962479, -0.5305000273933992, -0.6550083954717404, -0.606101362400697, -0.6988746853575353, -0.8261379932847541]",[1],J1806.7+6949,bll,J1806.8+6949,bll,bll,J1806.8+6949,bll,J1806.8+6949,bll
1432,J1807.2+6429,"[1.9907633066177368, 2.008178234100342, 2.0615944862365723, 33.26172637939453, -33.560254999493246, -33.41434728911053, -28.842414782317803, -33.55304400494318, -24.34032375526118, -0.015118440613150597, 0.7517646551132202, 0.2743430733680725, 9.223060607910156, 0.04696351227635993, -0.42645241936997946, -0.5853829561259792, -0.30244352098017957, -0.6621928686519815, -0.6090680367671224]",[1],J1807.8+6427,bcu,J1807.2+6429,bll,bll,J1807.2+6429,bll,J1807.2+6429,bll
1433,J1807.9+4650,"[1.8942348957061768, 1.896399736404419, 1.7952542304992676, 11.155096054077148, -34.27441470986159, -34.0967892035479, -28.789196736333157, -34.16809303011665, -24.271323625000054, -0.0018628010293468833, 0.19953545928001404, 0.021815236657857895, 7.585351467132568, 0.9827876952886232, -0.7186188690851629, -0.4135156097588693, -0.48161833752208516, -0.4733044400362801, -0.08954310843765284]",[1],J1808.0+4652,bll,J1807.9+4650,bll,bll,J1807.9+4650,bll,J1807.9+4650,bll
1434,J1808.1-5013,"[2.58164119720459, 2.56727933883667, 2.5442988872528076, 30.355934143066406, -30.286539308827276, -30.063941518615746, -27.982574482027392, -30.121453193301722, -23.856502543300703, 0.035715024918317795, 0.6455110907554626, 0.5528770089149475, 8.078149795532227, -0.7765006209506489, -0.3987763620289632, -0.8016594234456933, -0.7434020711535811, -0.4038726808491682, -0.9998423791873974]",[1],J1807.8-5011,fsrq,J1808.1-5013,fsrq,fsrq,J1808.1-5013,fsrq,J1808.1-5013,fsrq
1435,J1809.3+2042,"[2.0770862102508545, 2.08183217048645, 2.012481927871704, 9.870695114135742, -32.693885502502276, -32.558727239951075, -28.338978564008695, -32.615977850749466, -23.842632387933815, -0.00566907599568367, 0.11830966919660568, 0.11861488968133926, 11.692068099975586, 0.9863720390547189, -0.11516202122258917, -0.51688673579199, -0.6149975539579241, -0.35043063653357154, -0.5711826368789691]",[1],J1809.4+2040,bll,J1809.3+2042,bll,bll,J1809.3+2042,bll,J1809.3+2042,bll
1436,J1809.7+2910,"[1.9202783107757568, 1.7625095844268799, 1.6057665348052979, 30.52294921875, -32.14682612799867, -31.906038781493343, -27.926484858479846, -31.9873793127347, -23.512013397060326, 0.1006830632686615, 0.3014860153198242, 3.0434060096740723, 26.021413803100586, 0.9961259976182221, -0.6825988055132481, -0.30293883296723695, -0.3615497665234357, -0.5431836558177304, -0.5468981487166177]",[1],J1809.7+2909,bll,J1809.7+2910,bll,bll,J1809.7+2910,bll,J1809.7+2910,bll
1437,J1809.8-2332,"[2.2962701320648193, 2.232706308364868, 1.3380382061004639, 8.989686965942383, -29.34105805422351, -28.81278780164162, -25.695707655410313, -28.84960051002724, -21.167365076827977, 0.3411770164966583, 0.004011158365756273, 44.35690689086914, 175.03646850585938, 0.7407478221965604, -0.24956185828352406, -0.5000056646468286, -0.6534875650400865, -0.8973326282607736, -0.9152467173925543]",[0],J1809.8-2332,PSR,J1809.8-2332,PSR,PSR,J1809.8-2332,PSR,J1809.8-2332,PSR
1438,J1810.5+1744,"[2.3655645847320557, 2.2306931018829346, 1.5874170064926147, 13.5272216796875, -29.78067781164043, -29.41316593102506, -27.60659333101221, -29.413689881510837, -23.030664544993222, 0.2894720435142517, 0.08112390339374542, 10.718978881835938, 44.25300979614258, 0.9052640709021142, -0.44363548582917267, -0.6187331964696486, -0.7778485758715218, -0.9048021630492231, -0.998420331518111]",[0],J1810.5+1743,PSR,J1810.5+1744,PSR,PSR,J1810.5+1744,MSP,J1810.5+1744,MSP
1439,J1811.0+1608,"[2.0684926509857178, 1.9614231586456299, 1.7990972995758057, 41.55255126953125, -32.895912746764544, -32.591197815256194, -28.216620339998645, -32.69210437936372, -23.719256951387997, 0.13082757592201233, 1.0335017442703247, 1.7511084079742432, 9.118475914001465, 0.7890583007706619, -0.7944176732342373, -0.4629563580557332, -0.2652746684636843, -0.7439234509023809, -0.6782252930171945]",[1],J1810.8+1609,bll,J1811.0+1608,bll,bll,J1811.0+1608,bll,J1811.0+1608,bll
1440,J1811.3+0340,"[1.8733174800872803, 1.7309377193450928, 1.5984269380569458, 35.82365798950195, -32.32672657973446, -32.05701141083177, -27.681369824309606, -32.15975355845921, -23.22518988463744, 0.10015571117401123, 0.37772637605667114, 3.399676561355591, 26.062911987304688, -0.9999986058502676, 0.999984925500797, -0.3239939832206255, -0.3653032860988402, -0.48498703140546856, -0.46768729837766426]",[1],J1811.2+0340,bll,J1811.3+0340,bll,bll,J1811.3+0340,bll,J1811.3+0340,bll
1441,J1811.5-1925,"[2.1401007175445557, 2.0726349353790283, 0.5349153876304626, 8.64321517944336, -33.284021054679286, -32.132607423336836, -26.47715270755691, -30.880354115488185, -22.059733117692865, 0.5405433773994446, 0.0, 2.4585015773773193, 4.690589427947998, 0.734987785364086, -0.986211867972496, 0.9557290339475305, 0.6270873784011183, -0.6412520740236851, -0.841563470210885]",[0],J1811.3-1927c,spp,J1811.5-1925,psr,psr,J1811.5-1925,psr,J1811.5-1925,psr
1442,J1813.4-1246,"[2.4963207244873047, 2.4059436321258545, 1.5435198545455933, 5.2601094245910645, -28.67275704002724, -28.27688037816922, -26.00120754585171, -28.275361780484353, -21.657040269534935, 0.3229183852672577, 0.0, 28.862422943115234, 117.17279052734375, 0.38140125273360226, -0.42007881797125995, -0.6467484617231536, -0.7755993560621525, -0.943718952381177, -0.9997573089798201]",[0],J1813.4-1246,PSR,J1813.4-1246,PSR,PSR,J1813.4-1246,PSR,J1813.4-1246,PSR
1443,J1813.5+3144,"[2.1685848236083984, 2.1589436531066895, 2.0606298446655273, 38.929786682128906, -31.856142491409177, -31.627688045127666, -27.792872620501885, -31.707084659567816, -23.33411211627456, 0.03693268075585365, 0.39666426181793213, 1.2998722791671753, 20.08164405822754, 0.9982798584055833, -0.6665636583932609, -0.4601744129191621, -0.6382370073925409, -0.5185121762216941, -0.6682617825450128]",[1],J1813.6+3143,bll,J1813.5+3144,bll,bll,J1813.5+3144,bll,J1813.5+3144,bll
1444,J1813.6+0614,"[2.0441160202026367, 1.8714910745620728, 1.6107522249221802, 23.580078125, -31.66989717313423, -31.32063140356093, -27.856018694086227, -31.423971245468245, -23.243244739173374, 0.16778160631656647, 0.29372915625572205, 4.157971382141113, 21.637069702148438, -0.09343865057782476, 0.17653014514522034, -0.3163415922536881, -0.4618718991501525, -0.6278676163996624, -0.7279073811926938]",[1],J1813.6+0614,bll,J1813.6+0614,bll,bll,J1813.6+0614,bll,J1813.6+0614,bll
1445,J1816.5+4510,"[2.1424105167388916, 1.8526545763015747, 0.9719563722610474, 5.422598838806152, -30.82197216531857, -30.368688764062178, -28.2829218571772, -30.377806491841014, -23.330670525025614, 0.37985584139823914, 0.0, 10.337915420532227, 40.14349365234375, 0.6834029870012572, -0.27083335501587247, -0.3491426322880056, -0.6669484638812508, -0.8710200386715553, -0.791311604783525]",[0],J1816.5+4512,PSR,J1816.5+4510,PSR,PSR,J1816.5+4510,MSP,J1816.5+4510,MSP
1446,J1816.9-4942,"[2.3907225131988525, 2.2445244789123535, 1.8983625173568726, 98.5518569946289, -30.202443148669616, -29.908163473684056, -27.938609214536957, -29.961893741354235, -23.498540601501862, 0.1727503538131714, 0.6953631639480591, 3.602013111114502, 18.955469131469727, 0.9991343178546657, -0.6158125431617774, -0.5763981045324401, -0.734861821620905, -0.8088685042625574, -0.6509905897211636]",[1],J1816.9-4944,bcu,J1816.9-4942,bcu,fsrq,J1816.9-4942,fsrq,J1816.9-4942,fsrq
1447,J1817.1-1742,"[2.534168004989624, 2.421234130859375, 1.3398306369781494, 4.958914279937744, -30.664744196232707, -30.310833318386816, -26.620750166414943, -30.396177891416166, -21.99274615690304, 0.41089069843292236, 0.0, 5.693301677703857, 15.777060508728027, 0.9837460526334406, -0.4818996017738662, -0.48088042965282474, -0.7032954896267275, -0.8000034386202907, -0.9999988077987034]",[0],J1817.2-1739,spp,J1817.1-1742,PSR,PSR,J1817.1-1742,PSR,J1817.1-1742,PSR
1448,J1818.6+0903,"[2.4199697971343994, 2.2673237323760986, 2.0461339950561523, 120.21170806884766, -29.64492116029468, -29.34265707832129, -27.656422298191227, -29.439706918009346, -23.23195399001518, 0.15387079119682312, 0.6806803941726685, 3.627095937728882, 18.14859962463379, 0.3253582123536734, -0.44889883328208047, -0.6640509328239582, -0.6712970271035011, -0.7624394631956375, -0.9999035373584684]",[1],J1818.6+0903,fsrq,J1818.6+0903,fsrq,fsrq,J1818.6+0903,fsrq,J1818.6+0903,fsrq
1449,J1819.1+2133,"[2.075129985809326, 2.0568675994873047, 1.8488157987594604, 4.766628742218018, -32.86865000399804, -32.70100191367655, -28.297111254205152, -32.72016436755932, -23.802729916053732, 0.01387755386531353, 0.0, 0.24284996092319489, 9.973124504089355, 0.9706537944246552, -0.7554139201968466, -0.7224604137926174, -0.20572661429637235, -0.42093997146330303, -0.8330486531614806]",[1],J1819.1+2134,bcu,J1819.1+2133,bll,bll,J1819.1+2133,bll,J1819.1+2133,bll
1450,J1820.3+3624,"[1.8221352100372314, 1.7630695104599, 1.6054580211639404, 11.792978286743164, -34.02595930211893, -33.779845023685105, -28.514868686631353, -33.83922343849303, -24.080511252398267, 0.0452062264084816, 0.2999022305011749, 0.7731585502624512, 11.563085556030273, 0.9974146962997804, -0.7812910947774142, -0.5590595395196175, -0.20765673393509063, -0.278347677177756, -0.4862319051175713]",[1],J1820.3+3625,bcu,J1820.3+3624,bll,bll,J1820.3+3624,bll,J1820.3+3624,bll
1451,J1823.5+6858,"[2.2114787101745605, 1.9700348377227783, 1.4393709897994995, 5.618438243865967, -31.62954342310346, -31.262169175210264, -28.4346566406665, -31.32368448809276, -23.72901772080865, 0.26455405354499817, 0.0, 4.917092323303223, 21.51817512512207, -0.9704895474100155, 0.46315406176007134, -0.5310304833035042, -0.48284879016748655, -0.874554670817455, -0.9999970038793021]",[1],J1823.4+6857,bll,J1823.5+6858,bll,bll,J1823.5+6858,bll,J1823.5+6858,bll
1452,J1823.5-3020,"[2.214353322982788, 2.1507320404052734, 1.2786223888397217, 2.6036882400512695, -31.340858241233253, -30.964679069514617, -27.941006503237684, -30.969348748808684, -22.97803835523134, 0.2951570749282837, 0.0, 8.132180213928223, 29.520065307617188, 0.3865362396036436, -0.40382943962309686, -0.502102072519821, -0.49728363969299244, -0.9322087668576877, -0.5668710919157312]",[0],J1823.7-3019,PSR,J1823.5-3020,PSR,PSR,J1823.5-3020,MSP,J1823.5-3020,MSP
1453,J1823.6-3453,"[1.7872470617294312, 1.6974146366119385, 1.6528985500335693, 37.446102142333984, -32.25854292989902, -32.05760049598726, -27.495853325337954, -32.16810743371066, -23.168309942420127, 0.05444062873721123, 0.27549731731414795, 2.895996570587158, 37.55851745605469, 0.7188891930972056, 0.999217718637288, -0.3493415799261888, -0.28995214850809176, -0.5116040445226139, -0.3229222231541241]",[1],J1823.6-3453,bcu,J1823.6-3453,bcu,bcu,J1823.6-3453,bcu,J1823.6-3453,bcu
1454,J1824.1+5651,"[2.3778884410858154, 2.3042171001434326, 2.228048086166382, 211.58497619628906, -29.121880785642315, -28.944161077782198, -27.85663775619298, -29.02961222930261, -23.38492228124634, 0.06472315639257431, 0.38041815161705017, 3.9569461345672607, 58.475589752197266, 0.21118608918940196, -0.5959479151330078, -0.6718443126737933, -0.6829657423927447, -0.7228343819455564, -0.6605775147547092]",[1],J1824.2+5649,bll,J1824.1+5651,bll,bll,J1824.1+5651,bll,J1824.1+5651,bll
1455,J1824.1+1013,"[2.2328524589538574, 2.0119075775146484, 1.1688247919082642, 5.184298992156982, -31.228223563638643, -30.76106670856244, -28.00432519354948, -30.825832909497624, -23.248805938583917, 0.34586232900619507, 0.0, 5.497359275817871, 18.36762046813965, -0.645811220727771, -0.4120606679091722, -0.440969392571885, -0.5603634872219247, -0.9426560720195392, -0.9997567458643482]",[0],J1824.0+1017,psr,J1824.1+1013,PSR,PSR,J1824.1+1013,MSP,J1824.1+1013,MSP
1456,J1824.5+4311,"[1.8395947217941284, 1.7361222505569458, 1.4025481939315796, 8.16788387298584, -34.373682770855474, -34.07995372046134, -28.613948552223782, -34.1004399811516, -24.112200377375046, 0.08155788481235504, 0.0, 1.053838849067688, 9.95457649230957, -0.7733174567899235, -0.035720565513268014, -0.7171122607951936, -0.4864354516794832, -0.2003909144735072, -0.6120555126033832]",[1],J1824.4+4310,bcu,J1824.5+4311,bcu,bcu,J1824.5+4311,bcu,J1824.5+4311,bcu
1457,J1824.6-2452,"[2.379188060760498, 2.2800660133361816, 1.2603470087051392, 9.307110786437988, -30.335795368487783, -29.943852549021265, -27.214200181961697, -29.8744682694835, -22.69880797915391, 0.35738515853881836, 0.0449029877781868, 10.059298515319824, 30.800159454345703, 0.9029619990795031, 0.21435220063990967, -0.6033338175283309, -0.661428596519643, -0.9562286141359392, -0.37056778873593976]",[0],J1824.6-2451,PSR,J1824.6-2452,PSR,PSR,J1824.6-2452,MSP,J1824.6-2452,MSP
1458,J1825.1-5231,"[2.370086431503296, 2.279104232788086, 2.0207865238189697, 356.5702209472656, -30.134306346408778, -29.84937723896498, -27.89064267521042, -29.916514513957477, -23.46757616034265, 0.13020145893096924, 1.1387622356414795, 3.852884292602539, 24.80669593811035, 0.004171189692134359, -0.40235482056250965, -0.7100789347251603, -0.6236643304798847, -0.8207052412188587, -0.9998900651288122]",[1],J1825.2-5230,bcu,J1825.1-5231,bcu,bcu,J1825.1-5231,bcu,J1825.1-5231,bcu
1459,J1826.1-1256,"[2.4364895820617676, 2.481750726699829, 1.269309401512146, 7.4432783126831055, -29.54808196659588, -29.094905192722912, -25.227643445994644, -29.062474427927594, -20.95334268900275, 0.4309956431388855, 0.0, 33.57379913330078, 105.47774505615234, 0.9998191083756698, -0.20687396125828758, -0.530794598937472, -0.705501807943968, -0.9365605946472496, -0.9999997687314307]",[0],J1826.1-1256,PSR,J1826.1-1256,PSR,PSR,J1826.1-1256,PSR,J1826.1-1256,PSR
1460,J1829.0-2417,"[2.2264404296875, 2.213238477706909, 2.22383975982666, 15.135751724243164, -31.838154656333803, -31.650535932060905, -27.601052842577953, -31.764600530685517, -23.227966593076424, 0.020215721800923347, 0.2771109342575073, 0.5352552533149719, 14.08156681060791, -0.6757286063790089, -0.4083898283228954, -0.6065399219679634, -0.5066324990247306, -0.8296916190043393, -0.02551551354825875]",[1],J1828.9-2417,bcu,J1829.0-2417,bcu,bll,J1829.0-2417,bll,J1829.0-2417,bll
1461,J1829.3+5402,"[1.8584564924240112, 1.7289659976959229, 1.5391712188720703, 20.65726661682129, -33.28202320218805, -32.942479702985324, -28.391597024784613, -33.0643350740792, -24.013495523923115, 0.11623408645391464, 0.3092314302921295, 2.7447757720947266, 20.41211700439453, -0.9967136525214274, 0.9735257587052476, -0.36864879672026474, -0.34728647534911883, -0.4772638465901733, -0.5634167314086128]",[1],J1829.4+5402,bll,J1829.3+5402,bll,bll,J1829.3+5402,bll,J1829.3+5402,bll
1462,J1830.0+1324,"[2.0821168422698975, 2.0128543376922607, 1.83328115940094, 24.23831558227539, -32.524963948372985, -32.2934250523193, -28.03725725742174, -32.01102797550667, -23.544294015973488, 0.06870098412036896, 0.4560324251651764, 1.3111380338668823, 11.508561134338379, -0.3860269198886361, -0.8309177943465255, -0.5048128482374219, -0.5027066043587408, -0.45670417081164505, -0.7667490713043785]",[1],J1829.8+1328,bll,J1830.0+1324,bll,bll,J1830.0+1324,bll,J1830.0+1324,bll
1463,J1830.1+0617,"[2.3734538555145264, 2.319647789001465, 2.1247687339782715, 252.083984375, -30.96895156330457, -30.701066048504085, -27.544194056219393, -30.682920080458956, -23.284130890302297, 0.09299124032258987, 1.6390820741653442, 1.7587851285934448, 13.298269271850586, 0.9944354429330508, -0.41338698666447626, -0.6501569355282596, -0.5713552844811819, -0.8382548195144803, -0.44981577777423515]",[1],J1830.1+0617,fsrq,J1830.1+0617,fsrq,fsrq,J1830.1+0617,fsrq,J1830.1+0617,fsrq
1464,J1830.2-4443,"[2.586491584777832, 2.412351369857788, 1.9526314735412598, 396.3134460449219, -28.74604305837378, -28.39606968870081, -27.912952598283603, -28.476710803095568, -23.522853948876083, 0.2317080944776535, 1.0449862480163574, 4.713113307952881, 22.52840232849121, -0.19696481809880417, -0.508750835137746, -0.7702609628072815, -0.762331963438759, -0.906540057271785, -0.9999999844450592]",[1],J1830.0-4439,bcu,J1830.2-4443,bcu,bcu,J1830.2-4443,bcu,J1830.2-4443,bcu
1465,J1830.7-2713,"[2.247527599334717, 2.173222780227661, 1.8679579496383667, 8.867693901062012, -31.634353621632656, -31.36045786288277, -27.760383011594126, -31.392932489651937, -23.37624888302068, 0.11264803260564804, 0.0, 2.154496192932129, 12.375840187072754, 0.9928643518644781, -0.5621362220574346, -0.5622359693237092, -0.4811292366434172, -0.6806763722426049, -0.9998590263566797]",[1],J1831.0-2714,bcu,J1830.7-2713,bcu,bcu,J1830.7-2713,bcu,J1830.7-2713,bcu
1466,J1832.6-5658,"[2.131612777709961, 2.0723490715026855, 1.9681857824325562, 17.393415451049805, -31.921141270133344, -31.698131440406833, -28.13429516538747, -31.78501568615932, -23.635811248617088, 0.05994945392012596, 0.21453790366649628, 1.635327696800232, 23.111648559570312, 0.8751443906562252, -0.6754706308811131, -0.506436334774463, -0.5097819656798798, -0.6635782832310447, -0.6377875498450014]",[1],J1832.4-5659,bll,J1832.6-5658,bll,bll,J1832.6-5658,bll,J1832.6-5658,bll
1467,J1833.5-1033,"[2.5008273124694824, 2.5579354763031006, 1.824251651763916, 3.0275461673736572, -30.31604716483628, -30.06707594731717, -26.168670407610254, -30.03213963615746, -21.817406639645927, 0.21540260314941406, 0.0, 8.140963554382324, 33.55207061767578, 0.9993018988311563, -0.213683807584586, -0.6326727213214097, -0.7203775461923526, -0.8453576160163147, -0.7303856243200954]",[0],J1833.5-1033,PSR,J1833.5-1033,PSR,PSR,J1833.5-1033,PSR,J1833.5-1033,PSR
1468,J1833.6-2103,"[2.534458875656128, 2.4562809467315674, 2.284264326095581, 2473.93212890625, -27.793642122699882, -27.55360168279827, -26.53712668131974, -27.634767977625604, -22.24327506050631, 0.09530603885650635, 0.5215907096862793, 11.33667278289795, 126.7859115600586, -0.20627131629716117, -0.617228717031451, -0.7319449244657076, -0.7212094055953029, -0.8133560651313398, -0.9676475703027408]",[1],J1833.6-2103,fsrq,J1833.6-2103,FSRQ,FSRQ,J1833.6-2103,FSRQ,J1833.6-2103,FSRQ
1469,J1835.5+1349,"[2.176318883895874, 2.002589225769043, 1.445272445678711, 17.594573974609375, -32.4613474120213, -32.1570065680266, -28.057436795561603, -32.14939994113353, -23.627919927225634, 0.18497638404369354, 0.4099471867084503, 1.966726541519165, 6.779390811920166, -0.9958983055853198, 0.9873552614753501, -0.6018234486638254, -0.3876489560644324, -0.6620772781756473, -0.9993003745305877]",[1],J1835.4+1349,bcu,J1835.5+1349,bll,bll,J1835.5+1349,bll,J1835.5+1349,bll
1470,J1836.2+5925,"[2.0549890995025635, 1.8838183879852295, 0.9649652242660522, 12.27813720703125, -28.683444900826164, -28.728857339738045, -26.55270202855892, -28.017583488339113, -21.324910794093576, 0.3943873941898346, 0.0064766197465360165, 125.6566390991211, 523.6337890625, 0.11649167771352474, -0.12517682831211033, -0.43449396517719463, -0.6867564859783319, -0.958966335816595, -0.9999983052017445]",[0],J1836.2+5925,PSR,J1836.2+5925,PSR,PSR,J1836.2+5925,PSR,J1836.2+5925,PSR
1471,J1836.4+3137,"[2.3694236278533936, 2.367229461669922, 2.3295085430145264, 23.202632904052734, -31.477594577777598, -31.305065113431866, -27.88705681410024, -31.369214836554004, -23.64028853999998, 0.029396461322903633, 0.38021546602249146, 0.6761496067047119, 11.739203453063965, 0.6348338623591845, -0.4683762668715899, -0.536345148345873, -0.7671027581154458, -0.6087905894496968, -0.2863303236578906]",[1],J1836.3+3137,bll,J1836.4+3137,bll,bll,J1836.4+3137,bll,J1836.4+3137,bll
1472,J1837.8-0604,"[2.4179840087890625, 2.495532751083374, 2.1028647422790527, 7.3843278884887695, -31.31281723000057, -31.086321035719298, -25.67291311897316, -31.062318725432156, -21.6441598494237, 0.1345314234495163, 0.0, 2.681708812713623, 8.854291915893555, -0.68192019078712, -0.35310114896474676, -0.5262729945984073, -0.7600846462112568, -0.7729111736688166, -0.8599082773642387]",[0],J1837.9-0607,PSR,J1837.8-0604,PSR,PSR,J1837.8-0604,PSR,J1837.8-0604,PSR
1473,J1838.8+4802,"[1.852582335472107, 1.763924241065979, 1.6827441453933716, 253.2208251953125, -31.331378314389248, -31.17746731576305, -27.508467187779946, -31.245505933456528, -23.225239771728734, 0.045896925032138824, 0.5065726637840271, 3.079470157623291, 63.694976806640625, -0.30290870139825465, -0.3293992662833716, -0.5055458205143738, -0.3188750416462713, -0.5034196474275098, -0.41881244794704037]",[1],J1838.8+4802,bll,J1838.8+4802,bll,bll,J1838.8+4802,bll,J1838.8+4802,bll
1474,J1838.9-0537,"[2.4074857234954834, 2.62105131149292, 1.3906779289245605, 2.593111276626587, -30.989834633148266, -30.66707995355405, -25.644028774421862, -30.62065301841569, -20.950019459151854, 0.34216588735580444, 0.0, 11.92686653137207, 31.888629913330078, 0.9815174799910547, -0.4631765447113564, -0.5452721532459083, -0.6034326821886744, -0.8699150145996747, -0.9145395291921834]",[0],J1838.9-0537,PSR,J1838.9-0537,PSR,PSR,J1838.9-0537,PSR,J1838.9-0537,PSR
1475,J1841.3+2909,"[1.7419533729553223, 1.582195520401001, 1.1521422863006592, 8.214676856994629, -34.475855442299284, -34.03160892474189, -28.163188001547493, -34.08723951579346, -23.702287944166248, 0.15443910658359528, 0.0, 2.3040969371795654, 13.474359512329102, 0.9656349477215191, -0.7716726031027651, -0.3302080864546812, -0.3073676421040188, -0.13331644651244962, -0.6243045049922441]",[1],J1841.2+2910,bcu,J1841.3+2909,bll,bll,J1841.3+2909,bll,J1841.3+2909,bll
1476,J1841.8+3218,"[1.8976762294769287, 1.5560328960418701, 1.0264703035354614, 41.090518951416016, -33.190565583479554, -32.79669343302183, -28.15251429199445, -32.847530102527365, -23.477418138614684, 0.2466958612203598, 0.6334649920463562, 3.5996053218841553, 17.7259578704834, 0.9950329201267801, -0.032625801411884675, -0.568937163081666, -0.03720368369186809, -0.40367170450403356, -0.8128789956292056]",[1],J1841.7+3218,bll,J1841.8+3218,bll,bll,J1841.8+3218,bll,J1841.8+3218,bll
1477,J1842.3+6810,"[2.566545009613037, 2.522516965866089, 2.4328079223632812, 22.538169860839844, -30.709629163270925, -30.482633891694828, -28.277187871053307, -30.552404548357455, -24.149067773232613, 0.07518046349287033, 0.3913602828979492, 1.0927101373672485, 10.516409873962402, 0.6715385539478624, -0.5218475067756072, -0.7497153611777809, -0.7292603907710878, -0.6874381700818204, -0.9996617067592144]",[1],J1842.8+6810,fsrq,J1842.3+6810,fsrq,fsrq,J1842.3+6810,fsrq,J1842.3+6810,fsrq
1478,J1842.4-5840,"[1.6816147565841675, 1.6067489385604858, 1.4526543617248535, 44.63243103027344, -34.81101227185994, -34.45589404229183, -28.418072965529493, -34.60138860432578, -24.04661271220337, 0.07743505388498306, 0.8921912312507629, 1.3598812818527222, 12.445237159729004, -0.9832398254219166, 0.9628556587076056, 0.042131427457226214, -0.2956536940723396, -0.5216324653897685, -0.18209677515459366]",[1],J1842.3-5841,bcu,J1842.4-5840,bcu,bll,J1842.4-5840,bll,J1842.4-5840,bll
1479,J1843.7-1114,"[2.6205954551696777, 2.5343246459960938, 1.6600829362869263, 12.553553581237793, -29.482864648532807, -29.18231651030422, -26.916634017352912, -29.125762213366762, -22.747246897697778, 0.3181867301464081, 0.08461182564496994, 6.183624744415283, 20.67143440246582, 0.9999670404452061, -0.42711824290345785, -0.7374388151170481, -0.7713238276192287, -0.9999979959634513, 0.9995413912204295]",[0],J1843.6-1114,PSR,J1843.7-1114,PSR,PSR,J1843.7-1114,MSP,J1843.7-1114,MSP
1480,J1844.4+1547,"[2.0459372997283936, 1.9411636590957642, 1.8092553615570068, 82.24522399902344, -31.55351995034754, -31.311174419875137, -27.357284402117735, -31.394564153968645, -22.908261872669375, 0.09662871062755585, 0.46644479036331177, 4.046620845794678, 34.49494934082031, 0.9968454466104227, -0.577459534184091, -0.39406813779438604, -0.4604507146480965, -0.6357539812270915, -0.5798151436676717]",[1],J1844.3+1547,bcu,J1844.4+1547,bll,bll,J1844.4+1547,bll,J1844.4+1547,bll
1481,J1844.9+5709,"[2.2151906490325928, 2.176100969314575, 2.0982489585876465, 5.4064459800720215, -31.799154113832003, -31.571603477707228, -28.438713984035296, -31.67058697026783, -23.955100034730133, 0.04434015601873398, 0.0, 1.070914626121521, 18.4195556640625, -0.6983225072651221, -0.44924309710591503, -0.6378283186261523, -0.5276659183318582, -0.6238502015435836, -0.7501239413097937]",[1],J1844.1+5709,bll,J1844.9+5709,bll,bll,J1844.9+5709,bll,J1844.9+5709,bll
1482,J1846.3+0919,"[2.1839919090270996, 2.0588133335113525, 0.6059812903404236, 16.951255798339844, -30.782241327529697, -30.27862053105993, -27.649190423692716, -30.334123910365207, -22.495450136090348, 0.5006983280181885, 0.08103975653648376, 18.829792022705078, 60.96406555175781, 0.21163712687379288, -0.20258510070975483, -0.34180918453020576, -0.5851370196756391, -0.9458623658537905, -0.9999297247183635]",[0],J1846.3+0919,PSR,J1846.3+0919,PSR,PSR,J1846.3+0919,PSR,J1846.3+0919,PSR
1483,J1848.1-4230,"[2.316681385040283, 2.315924644470215, 2.273725748062134, 9.452491760253906, -31.69734173327376, -31.48039178439875, -28.159977092544523, -31.414307587725784, -23.819068010346562, 0.05301273986697197, 0.13357292115688324, 0.9480655193328857, 8.063368797302246, 0.9988940197216246, 0.30970220507966484, -0.7820594890641211, -0.546489274908947, -0.6960382399230395, -0.3408012554472632]",[1],J1848.1-4230,bcu,J1848.1-4230,bcu,bcu,J1848.1-4230,bcu,J1848.1-4230,bcu
1484,J1848.4+3217,"[2.4108405113220215, 2.2824020385742188, 1.9782248735427856, 531.0963134765625, -30.010233725066243, -29.71040292384858, -27.07582742618429, -29.729591320123532, -22.939949204229787, 0.1813221424818039, 1.0370508432388306, 5.768506050109863, 34.35639190673828, -0.6116445342306513, -0.3972399229960372, -0.5826010902162242, -0.7198370012009899, -0.7747489854211588, -0.9999999927521069]",[1],J1848.4+3216,FSRQ,J1848.4+3217,FSRQ,FSRQ,J1848.4+3217,FSRQ,J1848.4+3217,FSRQ
1485,J1848.9+4247,"[2.0283806324005127, 2.0328729152679443, 1.9873523712158203, 15.476541519165039, -33.31504269558906, -33.163700249499016, -28.52133112996344, -33.236033446796654, -24.011789051970478, -0.006681555416435003, 0.3966001570224762, 0.11701972037553787, 10.170263290405273, -0.9973157648731654, 0.9999499607670899, -0.5046711744079082, -0.5683755944355069, -0.44081844589635527, -0.31303518584964934]",[1],J1848.9+4247,bll,J1848.9+4247,bll,bll,J1848.9+4247,bll,J1848.9+4247,bll
1486,J1849.2-1647,"[1.9626539945602417, 1.9812252521514893, 2.0056636333465576, 1.4592818021774292, -33.614411244868805, -33.52793739678734, -27.88016529539923, -33.58106572408298, -23.31676286534168, -0.03408903628587723, 0.0, 0.969196617603302, 13.104117393493652, 0.9942080581155195, -0.1068393697956228, -0.6846542627646685, -0.5233793226905724, -0.3787725603391846, -0.21159180516303255]",[1],J1849.3-1645,bcu,J1849.2-1647,bcu,bcu,J1849.2-1647,bll,J1849.2-1647,bll
1487,J1849.2+6705,"[2.2949106693267822, 2.2572097778320312, 2.0521819591522217, 1860.4722900390625, -29.8219481595275, -29.542907500854323, -27.516385048678703, -29.59861002925751, -23.063736454136077, 0.09598474204540253, 0.8418546915054321, 9.067927360534668, 79.99497985839844, -0.20713398629848775, -0.5057276186614735, -0.647941565806952, -0.6526114535470541, -0.7519575703029325, -0.7858456817652049]",[1],J1849.2+6705,FSRQ,J1849.2+6705,FSRQ,FSRQ,J1849.2+6705,FSRQ,J1849.2+6705,FSRQ
1488,J1849.4+2745,"[2.2995543479919434, 2.218032121658325, 1.9667659997940063, 34.800376892089844, -31.420941205519085, -31.093966605292245, -28.14915974514043, -31.17023978918396, -23.750944293644547, 0.1308869868516922, 0.5920814275741577, 2.1074836254119873, 11.346567153930664, -0.5209691064659266, -0.410379079697225, -0.5610573218297168, -0.7204444270514408, -0.6275128399057566, -0.8648593674155143]",[1],J1849.5+2751,bll,J1849.4+2745,bll,bll,J1849.4+2745,bll,J1849.4+2745,bll
1489,J1849.4-4313,"[2.191849946975708, 2.1225154399871826, 1.987046480178833, 52.150760650634766, -30.910191016662708, -30.622361813176983, -27.85591673092878, -30.713970242960315, -23.348452087121753, 0.11467287689447403, 0.37188997864723206, 4.074131011962891, 26.904356002807617, 0.9999865747595537, -0.3917272345067061, -0.5863625239156832, -0.5704815479272398, -0.7990365638606667, -0.27034770150316234]",[1],J1849.4-4312,bll,J1849.4-4313,bll,bll,J1849.4-4313,bll,J1849.4-4313,bll
1490,J1852.4+4856,"[2.287428140640259, 2.2533857822418213, 2.1430890560150146, 418.80609130859375, -30.441106738010173, -30.208284300588986, -28.171169396636138, -30.28183907348539, -23.588206738376485, 0.051809050142765045, 0.8716241717338562, 2.3594770431518555, 39.040897369384766, -0.11411342505397562, -0.5486668536998085, -0.6766952595719306, -0.548823224396474, -0.675821779643445, -0.9020032629338235]",[1],J1852.4+4856,fsrq,J1852.4+4856,fsrq,fsrq,J1852.4+4856,fsrq,J1852.4+4856,fsrq
1491,J1854.6-6007,"[2.050379514694214, 1.8677417039871216, 1.3345900774002075, 8.204215049743652, -33.229311823687745, -32.75906409162375, -28.647340337823106, -32.8637620077087, -24.144459120935526, 0.26877811551094055, 0.0, 1.7304167747497559, 7.685511589050293, 0.9509965582252888, -0.8974273564450427, 0.5723441063097423, -0.6388921084711766, -0.5095601694234212, -0.9998697359942731]",[1],J1855.1-6008,bcu,J1854.6-6007,bll,bll,J1854.6-6007,bll,J1854.6-6007,bll
1492,J1858.3-2511,"[2.3752405643463135, 2.2562060356140137, 1.8411613702774048, 73.93418884277344, -30.07923747643682, -29.752712430764312, -27.653165720918313, -29.798676175159038, -23.164270265903784, 0.19578076899051666, 0.44120752811431885, 5.098848342895508, 23.154476165771484, 0.9996102255524574, -0.49794492874795865, -0.6567758166852695, -0.6290336574128995, -0.8150227221382917, -0.9999100641461364]",[1],J1858.4-2509,bcu,J1858.3-2511,bcu,bcu,J1858.3-2511,bcu,J1858.3-2511,bcu
1493,J1858.3-2216,"[2.1801319122314453, 2.0984694957733154, 0.21391914784908295, 5.310268878936768, -31.257557782426318, -30.70415464439272, -28.181517487539598, -30.7639469331788, -22.986789194137728, 0.6321729421615601, 0.0, 12.561816215515137, 31.435848236083984, 0.9978661886524341, 0.16767704157388658, -0.2554816958357453, -0.6904110267795595, -0.938003665413765, -0.999798646475231]",[0],J1858.2-2215,PSR,J1858.3-2216,PSR,PSR,J1858.3-2216,MSP,J1858.3-2216,MSP
1494,J1902.0-5105,"[2.312753438949585, 2.274277448654175, 1.536435842514038, 7.080521583557129, -30.126850615037135, -29.748793996003172, -27.687257494250733, -29.722951072095015, -23.057783859506287, 0.28045302629470825, 0.0, 12.359064102172852, 46.15762710571289, 0.9048040882490886, -0.3270224063007881, -0.6198301796211461, -0.7124801246246935, -0.9404395613848775, -0.9996679810017822]",[0],J1902.0-5107,PSR,J1902.0-5105,PSR,PSR,J1902.0-5105,MSP,J1902.0-5105,MSP
1495,J1902.9-6748,"[2.444122076034546, 2.313354253768921, 2.115610122680664, 279.2187805175781, -29.14895199776966, -28.892960261062996, -27.973207992979756, -28.971014912293874, -23.516465217281464, 0.13108867406845093, 0.5750309228897095, 4.791356086730957, 39.21661376953125, 0.062299431311589826, -0.5189585214911258, -0.7235304471103763, -0.7556954905724933, -0.696342714898039, -0.9999996987932948]",[1],J1902.9-6745,fsrq,J1902.9-6748,fsrq,fsrq,J1902.9-6748,fsrq,J1902.9-6748,fsrq
1496,J1903.2+5540,"[1.948071002960205, 1.8166919946670532, 1.7117762565612793, 70.23989868164062, -30.58257220423582, -30.36248534028119, -27.433927575576234, -30.45300477825211, -23.008884149383572, 0.08375541865825653, 0.16882890462875366, 7.080383777618408, 90.8132553100586, 0.9996519987287813, -0.36982060612028345, -0.4396555583707233, -0.44208991683047144, -0.5910853412880891, -0.6100298458550444]",[1],J1903.2+5541,bll,J1903.2+5540,bll,bll,J1903.2+5540,bll,J1903.2+5540,bll
1497,J1903.4-7053,"[2.084156036376953, 1.9050841331481934, 0.21496428549289703, 7.131861209869385, -32.08597864054013, -31.52032601991578, -28.726760392342285, -31.57598609477277, -23.522696101368307, 0.6114519834518433, 0.0, 8.554966926574707, 27.09551429748535, -0.8567132387378057, -0.16970071058167888, -0.14009242214117326, -0.5028564029018192, -0.9250185608353021, -0.9991178598223655]",[0],J1903.6-7052,PSR,J1903.4-7053,PSR,PSR,J1903.4-7053,MSP,J1903.4-7053,MSP
1498,J1904.1+3627,"[1.8368785381317139, 1.7746156454086304, 1.7363600730895996, 31.901670455932617, -33.634193967523174, -33.325350584944886, -28.20517289827238, -33.50461926271549, -23.765835392815724, 0.07015132158994675, 0.5600839853286743, 1.7274531126022339, 16.447586059570312, 0.9486199101154617, -0.9036136247861905, 0.5635961665909737, -0.42893729632261957, -0.42841973987191767, -0.5724776239462182]",[1],J1904.5+3627,bcu,J1904.1+3627,bll,bll,J1904.1+3627,bll,J1904.1+3627,bll
1499,J1907.9+0602,"[2.365853786468506, 2.3199944496154785, 1.4831043481826782, 8.645164489746094, -29.261397255169424, -29.24461970953509, -25.745452264971195, -28.840515568454094, -21.336720059741637, 0.2977025508880615, 0.0, 31.07665252685547, 120.07591247558594, 0.9976147042704274, -0.32036688981170586, -0.561798335420506, -0.6819328374404511, -0.9053205006098751, -0.9339980940520847]",[0],J1907.9+0602,PSR,J1907.9+0602,PSR,PSR,J1907.9+0602,PSR,J1907.9+0602,PSR
1500,J1911.2-2006,"[2.449418067932129, 2.3550238609313965, 1.9883334636688232, 617.9329223632812, -28.97587450328089, -28.663051464934533, -27.236315778455424, -28.710935437469796, -22.843689129022675, 0.16913925111293793, 0.5490404963493347, 10.347256660461426, 63.40813064575195, -0.2204681190048603, -0.5564983591736213, -0.6948796770693664, -0.7338203639951141, -0.8436741226782594, -0.9998674796975149]",[1],J1911.2-2006,fsrq,J1911.2-2006,fsrq,fsrq,J1911.2-2006,fsrq,J1911.2-2006,fsrq
1501,J1911.4-1908,"[1.8966288566589355, 1.8540979623794556, 1.7849124670028687, 23.266624450683594, -33.34552082744692, -33.13776805470507, -28.010078826220777, -33.242167896670374, -23.508303862812475, 0.03697211667895317, 0.426778644323349, 0.9429236054420471, 16.483123779296875, -0.9644886572381715, 0.9948459323446992, -0.47987416178634484, -0.4110677760973514, -0.39992775435859224, -0.49323411175231663]",[1],J1911.4-1908,bcu,J1911.4-1908,bll,bll,J1911.4-1908,bll,J1911.4-1908,bll
1502,J1912.1-0803,"[2.3649768829345703, 2.3222408294677734, 2.231034278869629, 109.78700256347656, -30.465796792613702, -30.22729473418519, -27.49231516329977, -30.31872999993655, -23.136832756854503, 0.06146226450800896, 0.5918776392936707, 1.9742358922958374, 23.02781867980957, 0.9743788559283953, -0.5045042031676703, -0.6434990823615462, -0.6168887053328428, -0.7538080098832632, -0.6610317355338087]",[1],J1912.0-0804,bcu,J1912.1-0803,bcu,bcu,J1912.1-0803,bcu,J1912.1-0803,bcu
1503,J1912.4-1222,"[2.415236711502075, 2.383634090423584, 1.7727893590927124, 53.76669692993164, -30.69403117734496, -30.394577932280868, -27.303296724710147, -30.309865114803753, -23.061417252051164, 0.22506672143936157, 0.5119526982307434, 4.590933322906494, 16.366535186767578, 0.8965552201356396, -0.3683921102511837, -0.6098712496203071, -0.7328656178045811, -0.7215714638780487, -0.9999944397645308]",[1],J1912.6-1223,bcu,J1912.4-1222,bcu,bcu,J1912.4-1222,bcu,J1912.4-1222,bcu
1504,J1913.0-8009,"[2.4530982971191406, 2.336677312850952, 2.0624895095825195, 355.8728942871094, -29.43918494867413, -29.157539665993898, -27.71541192778553, -29.22520631226234, -23.339295959709695, 0.14329463243484497, 0.8662959933280945, 4.913173198699951, 31.69449806213379, 0.008047288664646964, -0.497254759037979, -0.6851548331370557, -0.7150787497365217, -0.8150001424749362, -0.9999327512532497]",[1],J1912.9-8008,fsrq,J1913.0-8009,fsrq,fsrq,J1913.0-8009,fsrq,J1913.0-8009,fsrq
1505,J1913.4-3629,"[2.3181166648864746, 2.392591953277588, 1.8499521017074585, 73.80388641357422, -31.81562249009316, -31.60737507945681, -27.50800508098382, -31.341338866021495, -23.190248470166505, 0.16995194554328918, 0.8308255672454834, 3.5665245056152344, 12.276703834533691, 0.26633705082521714, -0.6271461107704687, -0.38116108929778186, -0.6276334821698273, -0.7745299598150167, -0.8272753779030496]",[1],J1913.5-3631,bcu,J1913.4-3629,bcu,bcu,J1913.4-3629,bcu,J1913.4-3629,bcu
1506,J1913.9+4439,"[1.9979287385940552, 1.9557228088378906, 1.972745418548584, 12.437347412109375, -32.86906812030409, -32.627360307783945, -28.4553493668406, -32.798743673601734, -23.967769870665936, 0.05058795586228371, 0.27333730459213257, 1.0384397506713867, 12.997512817382812, 0.998848330930303, -0.7818523380310021, -0.2874638713805028, -0.4057008957027724, -0.6042574476901522, -0.7290693337212822]",[1],J1913.9+4441,bcu,J1913.9+4439,bll,bll,J1913.9+4439,bll,J1913.9+4439,bll
1507,J1917.7-1921,"[1.939384937286377, 1.9127885103225708, 1.873934030532837, 57.78176498413086, -31.557372645534343, -31.357518749608026, -27.414113352360484, -31.472838148840474, -23.01256704186033, 0.023791372776031494, 0.20566292107105255, 1.7773737907409668, 63.02022933959961, 0.5212129087461818, -0.28965688798343103, -0.5116959620157476, -0.4315786973264572, -0.5348156929137069, -0.37358581697393295]",[1],J1917.7-1921,bll,J1917.7-1921,bll,bll,J1917.7-1921,bll,J1917.7-1921,bll
1508,J1918.1+3752,"[1.9802130460739136, 1.926578402519226, 1.6995280981063843, 21.24834442138672, -33.54023819370029, -33.20396451499463, -28.46415650350169, -33.28718142190951, -23.94956304817142, 0.12220042943954468, 0.6616488099098206, 1.5875264406204224, 7.395041465759277, 0.9714324233152017, 0.9906125930029261, -0.2512435347326026, -0.45609409908999066, -0.6333227607711411, -0.4593692895505948]",[1],J1918.0+3750,bcu,J1918.1+3752,bcu,bcu,J1918.1+3752,bcu,J1918.1+3752,bcu
1509,J1918.2-4111,"[1.9481087923049927, 1.7846503257751465, 1.6038475036621094, 54.2585334777832, -30.89211032144784, -30.636442137175017, -27.465920597881105, -30.709104111813534, -23.020772006448603, 0.10786230117082596, 0.22515256702899933, 6.222490310668945, 56.35554504394531, 0.06648349720154563, -0.37835171121789013, -0.40706118944196235, -0.40373802651606744, -0.6407491932887526, -0.7210783802585647]",[1],J1918.2-4110,bll,J1918.2-4111,bll,bll,J1918.2-4111,bll,J1918.2-4111,bll
1510,J1921.3-1231,"[2.0769612789154053, 2.0176539421081543, 1.8627479076385498, 13.237543106079102, -31.88635710721694, -31.63706980541121, -27.84889325307487, -31.70646417923788, -23.34804786616831, 0.06259099394083023, 0.17669029533863068, 2.0234873294830322, 22.890565872192383, 0.7441347663364016, -0.2655965707417433, -0.5704451407070691, -0.478430716969921, -0.5546796371555109, -0.6507016340959353]",[1],J1921.2-1232,bll,J1921.3-1231,bll,bll,J1921.3-1231,bll,J1921.3-1231,bll
1511,J1921.4+0136,"[2.3177802562713623, 2.245927333831787, 1.4045900106430054, 8.458542823791504, -31.23024820774478, -30.87621486071508, -27.85017513240633, -30.882384771999696, -22.959567524819157, 0.2964584529399872, 0.0, 5.825423717498779, 19.549562454223633, 0.6758575027212629, -0.4798578656578902, -0.49895412509239334, -0.6134911596587158, -0.8554920517064829, -0.997968632430778]",[0],J1921.2+0136,psr,J1921.4+0136,PSR,PSR,J1921.4+0136,MSP,J1921.4+0136,MSP
1512,J1921.8-1607,"[1.8265615701675415, 1.701962947845459, 1.6050026416778564, 42.18752670288086, -32.63588798897561, -32.36993575147027, -27.726320224664768, -32.49553474434317, -23.325108320289985, 0.09151075780391693, 0.442666620016098, 2.97737979888916, 24.759132385253906, 0.9917708240925319, -0.038719840104725706, -0.38801680614233613, -0.252600991735738, -0.5338600675653362, -0.36387762401407325]",[1],J1921.9-1607,bll,J1921.8-1607,bll,bll,J1921.8-1607,bll,J1921.8-1607,bll
1513,J1923.5-2104,"[2.28666353225708, 2.1295106410980225, 1.8741925954818726, 1894.838134765625, -29.64913845118478, -29.38145364872313, -27.65685288283248, -29.45716347604885, -23.11270402993517, 0.13923542201519012, 1.7405743598937988, 6.243312358856201, 43.394447326660156, 0.16855252653239575, -0.4536725894780007, -0.5945851317001384, -0.6195373199179375, -0.843374794114696, -0.8334240452842329]",[1],J1923.5-2104,fsrq,J1923.5-2104,fsrq,fsrq,J1923.5-2104,fsrq,J1923.5-2104,fsrq
1514,J1924.8-2914,"[2.388073205947876, 2.368340253829956, 2.3161466121673584, 279.96990966796875, -29.69338236707628, -29.49064515640883, -27.84057187383746, -29.59700142587766, -23.28582892073022, 0.03139984980225563, 0.6265678405761719, 1.5073683261871338, 38.544925689697266, -0.1251705518714718, -0.5628787801476446, -0.7185372088372325, -0.6006996652872302, -0.6827452098024837, -0.8169163483549162]",[1],J1924.8-2914,fsrq,J1924.8-2914,fsrq,fsrq,J1924.8-2914,fsrq,J1924.8-2914,fsrq
1515,J1925.0+2815,"[1.9808207750320435, 1.942710041999817, 1.80936861038208, 11.10922908782959, -32.922118850459064, -32.718104944383406, -27.992825220336858, -32.77333262806981, -23.482087654013068, 0.04099717363715172, 0.12164690345525742, 1.17853581905365, 17.19420623779297, 0.9999412733777986, -0.23851402021001963, -0.6424941482139158, -0.3135037797979717, -0.4526705421971546, -0.5860857316023727]",[1],J1924.9+2817,bcu,J1925.0+2815,bcu,bcu,J1925.0+2815,bcu,J1925.0+2815,bcu
1516,J1925.7+1227,"[2.439678430557251, 2.3316571712493896, 1.8178091049194336, 88.20931243896484, -30.551084681143315, -30.257272599684143, -26.782642089234834, -30.25114177200347, -22.586951299436937, 0.18531203269958496, 0.8431719541549683, 3.116950750350952, 11.584406852722168, -0.13944981535094456, -0.5510017979411047, -0.6182333122605721, -0.6597494242861955, -0.8276658927188164, -0.7126206098115204]",[1],J1925.7+1228,bcu,J1925.7+1227,bcu,bcu,J1925.7+1227,bcu,J1925.7+1227,bcu
1517,J1926.8+6154,"[1.905983805656433, 1.7843225002288818, 1.6065332889556885, 58.02088165283203, -32.444830395995744, -32.225265796349944, -27.80635438037317, -32.28487632155155, -23.410440375399496, 0.08539982885122299, 0.37960726022720337, 3.560715675354004, 37.31422805786133, -0.6055778356957698, -0.1248600689729894, -0.45219518661242025, -0.38196936948903826, -0.42916492055351085, -0.6048448989186658]",[1],J1926.8+6154,bll,J1926.8+6154,bll,bll,J1926.8+6154,bll,J1926.8+6154,bll
1518,J1927.5+6117,"[2.1714024543762207, 2.1083998680114746, 1.9995604753494263, 38.073246002197266, -31.400067935461664, -31.184869411676164, -27.930933976049776, -31.258504323564576, -23.561311321828928, 0.0764695256948471, 0.32483163475990295, 2.8960154056549072, 29.039478302001953, 0.9989541500397212, -0.4242330352004753, -0.5543499857741135, -0.6009619644815212, -0.6405617141108486, -0.565140916934506]",[1],J1927.7+6118,bll,J1927.5+6117,bll,bll,J1927.5+6117,bll,J1927.5+6117,bll
1519,J1931.1+0937,"[1.8599766492843628, 1.6937016248703003, 1.559671401977539, 90.10044860839844, -32.24014919504708, -32.002487018544805, -27.197554531693072, -32.09505969834737, -22.74085095487724, 0.09496702253818512, 0.40840524435043335, 4.069211006164551, 44.877647399902344, 0.7543267953038171, -0.7471296535810042, -0.37462213767608643, -0.33981008809106944, -0.40694766392784293, -0.44345288441075315]",[1],J1931.1+0937,bll,J1931.1+0937,bll,bll,J1931.1+0937,bll,J1931.1+0937,bll
1520,J1932.3+1916,"[2.47971248626709, 2.5842885971069336, 1.2182528972625732, 7.618376731872559, -29.98617707382372, -29.602381185995192, -26.55479529471131, -29.635879325589126, -22.063443343301447, 0.4271163046360016, 0.0, 14.968289375305176, 41.088680267333984, 0.19962525380641727, -0.2517857590809117, -0.5910210492656239, -0.776834233654675, -0.9500329077349008, -0.7551580988065014]",[0],J1932.2+1916,PSR,J1932.3+1916,PSR,PSR,J1932.3+1916,PSR,J1932.3+1916,PSR
1521,J1933.2-4539,"[2.639146089553833, 2.6011321544647217, 2.458486318588257, 42.121543884277344, -29.255683179040812, -29.038690760924723, -28.202393596224113, -29.108317261123112, -23.870730745850135, 0.048863597214221954, 0.519302487373352, 0.929753303527832, 12.448139190673828, -0.23064443129910983, -0.6773303222113071, -0.7406285918758783, -0.685217174885198, -0.8775237349415844, -0.9993815369708622]",[1],J1932.6-4537,fsrq,J1933.2-4539,fsrq,fsrq,J1933.2-4539,fsrq,J1933.2-4539,fsrq
1522,J1933.3+0726,"[1.8400028944015503, 1.77360200881958, 1.6622344255447388, 17.55371856689453, -33.20385873291131, -32.94328505392444, -27.73921502803752, -33.03576603689267, -23.287737191650272, 0.05722838267683983, 0.2420354187488556, 1.8767478466033936, 24.671709060668945, 0.999971444527367, -0.763182926562742, -0.4168796959532505, -0.3136253215725875, -0.48038194205439944, -0.39805080894059863]",[1],J1933.4+0727,bcu,J1933.3+0726,bll,bll,J1933.3+0726,bll,J1933.3+0726,bll
1523,J1936.9-4720,"[1.7838455438613892, 1.7444133758544922, 1.6442219018936157, 45.89347457885742, -33.40800115424367, -33.15844957173153, -28.04126116058393, -33.25286261294473, -23.706590379376777, 0.034468285739421844, 0.5069655776023865, 1.1657482385635376, 22.968175888061523, 0.9837773151431009, -0.12045912290049596, -0.533604840636762, -0.3202363034801409, -0.46547911467235664, -0.27901130921036826]",[1],J1936.9-4719,bll,J1936.9-4720,bll,bll,J1936.9-4720,bll,J1936.9-4720,bll
1524,J1937.0+8354,"[2.082486391067505, 1.969926357269287, 1.96048104763031, 10.242242813110352, -33.37838832622764, -32.95005082577393, -28.79753278651195, -33.19073553113554, -24.30559098594916, 0.1384129375219345, 0.0, 1.3169571161270142, 7.894957542419434, 0.9891773699766927, -0.5257889657214537, -0.2821790382279501, -0.4756031075424824, -0.6376932968958586, -0.7465371374392308]",[1],J1935.5+8355,bcu,J1937.0+8354,bcu,bcu,J1937.0+8354,bcu,J1937.0+8354,bcu
1525,J1937.2-3958,"[2.6610827445983887, 2.6132850646972656, 2.4570324420928955, 55.93678283691406, -28.814343633771216, -28.55456342113495, -27.997023749298922, -28.645134972132528, -23.65823261346456, 0.07200183719396591, 0.41286540031433105, 1.6768635511398315, 18.40506935119629, -0.1761215922433128, -0.6367183959623992, -0.776412328940862, -0.7175488440630392, -0.9463512992709795, -0.9908650094243241]",[1],J1937.0-3956,fsrq,J1937.2-3958,fsrq,fsrq,J1937.2-3958,fsrq,J1937.2-3958,fsrq
1526,J1939.8-4928,"[2.0996878147125244, 2.061955690383911, 1.9095581769943237, 17.731264114379883, -32.58897521683924, -32.38594523027006, -28.51368407153939, -32.43324027800204, -24.017562009748588, 0.03945763409137726, 0.4234168231487274, 0.7032082676887512, 10.035491943359375, 0.995127301413706, -0.6616129688333822, -0.7231912651314059, -0.2578023505003791, -0.6491757469752002, -0.5811780813039179]",[1],J1939.6-4925,bcu,J1939.8-4928,bcu,bcu,J1939.8-4928,bcu,J1939.8-4928,bcu
1527,J1941.3-6210,"[2.427847385406494, 2.3503973484039307, 2.260289192199707, 1214.6031494140625, -28.39208415587352, -28.204802763291113, -27.739365506622832, -28.293416236499766, -23.20613079112998, 0.06669124960899353, 0.7057669162750244, 4.933146953582764, 72.71684265136719, -0.1600400442777769, -0.5877141182679074, -0.7051140178960884, -0.6713136308330827, -0.7674777155284996, -0.8963424814894578]",[1],J1941.2-6210,bcu,J1941.3-6210,fsrq,bll,J1941.3-6210,bll,J1941.3-6210,bll
1528,J1941.7+7218,"[2.7703537940979004, 2.685753583908081, 2.157153367996216, 81.9540786743164, -29.440663755956578, -29.174936481515136, -28.11330615286547, -28.84692494035586, -24.125521703713954, 0.19686421751976013, 1.1884204149246216, 1.8868799209594727, 6.543281078338623, 0.9604662750082525, -0.7318183017416595, -0.7753148817880774, -0.8884323795866538, -0.3245265151163774, -0.9999226896135526]",[1],J1941.8+7218,bcu,J1941.7+7218,bcu,bcu,J1941.7+7218,bcu,J1941.7+7218,bcu
1529,J1942.7+1033,"[1.867952585220337, 1.8338466882705688, 1.7611287832260132, 53.5057373046875, -32.313194872395016, -32.100750939046335, -27.36178280833894, -32.19929316501438, -22.95765463736974, 0.02954288199543953, 0.27836379408836365, 1.8200737237930298, 47.52394485473633, 0.5078303866801567, -0.3036867986706198, -0.49429557980099803, -0.3809445393319917, -0.4823988220938482, -0.37243360542848547]",[1],J1942.7+1033,bcu,J1942.7+1033,bll,bll,J1942.7+1033,bll,J1942.7+1033,bll
1530,J1942.8-3512,"[2.203817844390869, 2.1692841053009033, 1.980901837348938, 15.72071647644043, -32.402811070658906, -32.19123205515798, -28.217997736928833, -32.286690162941944, -23.8108114777587, 0.03722057864069939, 0.5224360823631287, 0.48218417167663574, 5.860363483428955, 0.7202535149495735, -0.49010145099664854, -0.700495663872435, -0.47495389290118173, -0.35306491111212457, -0.8910202895731032]",[1],J1943.2-3510,bll,J1942.8-3512,bll,bll,J1942.8-3512,bll,J1942.8-3512,bll
1531,J1944.4-4523,"[1.6794651746749878, 1.5381364822387695, 1.2355237007141113, 14.320720672607422, -34.63434934464084, -34.235050986445316, -28.379124956946452, -34.31104266798204, -24.047786282791527, 0.13001267611980438, 0.22161616384983063, 2.0875160694122314, 11.604602813720703, 0.8194594557802228, 0.9939566862794449, -0.49219525976694817, -0.19202467223546357, -0.20282415161774023, -0.3057220721704644]",[1],J1944.1-4523,bcu,J1944.4-4523,bcu,bcu,J1944.4-4523,bll,J1944.4-4523,bll
1532,J1946.0-3112,"[2.2081973552703857, 2.19793963432312, 2.0905652046203613, 15.919135093688965, -31.293327785171066, -31.13312049071751, -28.03898803438359, -31.182290522266978, -23.536783335633185, 0.00942685455083847, 0.19645966589450836, 0.27587348222732544, 17.284488677978516, 0.1288706623344862, -0.7970581122619014, -0.5446571405622804, -0.3989496312036651, -0.788376873126964, -0.5072756591221218]",[1],J1945.9-3115,bll,J1946.0-3112,bll,bll,J1946.0-3112,bll,J1946.0-3112,bll
1533,J1949.0+1314,"[2.4092414379119873, 2.367072105407715, 2.1675782203674316, 13.144667625427246, -31.024226693382477, -30.769965074786306, -27.59680166926754, -30.797687792883245, -23.39048207037108, 0.11723478883504868, 0.24539078772068024, 2.112419366836548, 12.103367805480957, 0.9051420742590436, -0.624894071326846, -0.6080167961353379, -0.7276956177021469, -0.6534428755418854, -0.7701466941988996]",[1],J1949.0+1312,bcu,J1949.0+1314,bcu,bcu,J1949.0+1314,bcu,J1949.0+1314,bcu
1534,J1952.9+3252,"[2.2813923358917236, 2.1724648475646973, 1.4572620391845703, 6.008659362792969, -29.258511434538217, -28.814537298303957, -26.64181913678665, -28.83891706130009, -21.960266669752674, 0.2782866656780243, 0.0, 28.641984939575195, 118.25804901123047, 0.833076294057175, -0.25907103240110946, -0.5555912384264046, -0.6760769616487596, -0.9143831314997958, -0.8913676905292792]",[0],J1952.9+3253,PSR,J1952.9+3252,PSR,PSR,J1952.9+3252,PSR,J1952.9+3252,PSR
1535,J1954.3+2836,"[2.3184220790863037, 2.1931753158569336, 1.4251105785369873, 10.586597442626953, -29.776426898075492, -29.370456508702258, -26.481087380534554, -29.37674505325317, -21.96208673604011, 0.3240312933921814, 0.021363720297813416, 20.78879165649414, 79.6915512084961, 0.9989575423042637, -0.22459971988338306, -0.5028928298350859, -0.6830336243865532, -0.8877888284389269, -0.9197971807479318]",[0],J1954.2+2836,PSR,J1954.3+2836,PSR,PSR,J1954.3+2836,PSR,J1954.3+2836,PSR
1536,J1954.6-1122,"[2.442946434020996, 2.4186551570892334, 2.3408541679382324, 174.95083618164062, -29.77315139536845, -29.540318567547573, -27.834540907058575, -29.62786460456153, -23.385046395695124, 0.05990610271692276, 0.6895482540130615, 2.0864899158477783, 24.320077896118164, -0.14864009257772914, -0.6295870995669227, -0.7376410691898391, -0.5987372874462761, -0.7310596885151854, -0.8053396477724248]",[1],J1954.8-1122,fsrq,J1954.6-1122,bll,bll,J1954.6-1122,bll,J1954.6-1122,bll
1537,J1954.9-5640,"[1.9058297872543335, 1.9477978944778442, 1.9246697425842285, 9.577678680419922, -33.40984178784698, -33.330792428747536, -28.37819276293956, -33.375265247122876, -23.909306363489026, -0.03597835823893547, 0.1561957597732544, 1.0880292654037476, 15.245231628417969, 0.9953015356039533, -0.3366078396365424, -0.682337916225109, -0.4120485616899312, -0.36406453191703037, -0.2773008812078394]",[1],J1954.9-5640,bcu,J1954.9-5640,bcu,bll,J1954.9-5640,bll,J1954.9-5640,bll
1538,J1955.1-1604,"[2.029345989227295, 2.0275022983551025, 1.9603363275527954, 22.516464233398438, -32.80621810390552, -32.684820262115196, -28.008993797053705, -32.71887107797028, -23.498836758983206, 0.0019311403157189488, 0.3755715489387512, 0.0722385048866272, 16.43118667602539, 0.9823310011742821, -0.7285472325678095, -0.571440952079769, -0.5237329679171435, -0.498790428883373, -0.20234371473553453]",[1],J1955.0-1605,bcu,J1955.1-1604,bll,bll,J1955.1-1604,bll,J1955.1-1604,bll
1539,J1955.2+1358,"[2.408720016479492, 2.2768242359161377, 1.907339096069336, 177.6868896484375, -30.164043943164646, -29.85034349381515, -27.712239169785406, -29.901654049190444, -23.28595005544405, 0.182890385389328, 1.0487538576126099, 3.644406318664551, 16.803483963012695, 0.05702987821039244, -0.6421260471881718, -0.6294653577187562, -0.7175753746063496, -0.8003096636272036, -0.5620784634369458]",[1],J1955.1+1357,fsrq,J1955.2+1358,fsrq,fsrq,J1955.2+1358,fsrq,J1955.2+1358,fsrq
1540,J1955.7+0214,"[1.8433493375778198, 1.8085705041885376, 1.564564824104309, 7.533488750457764, -33.962158550324936, -33.68414601872916, -28.141612438911366, -33.72270265382357, -23.64497713755277, 0.09084570407867432, 0.0, 1.7845615148544312, 10.604915618896484, -0.3943889088639145, 0.9994698142040876, -0.2580855659771679, -0.5920120327612735, -0.38865700403333464, -0.37569841345917143]",[1],J1955.9+0212,bcu,J1955.7+0214,bll,bll,J1955.7+0214,bll,J1955.7+0214,bll
1541,J1955.7+0214,"[1.8433493375778198, 1.8085705041885376, 1.564564824104309, 7.533488750457764, -33.962158550324936, -33.68414601872916, -28.141612438911366, -33.72270265382357, -23.64497713755277, 0.09084570407867432, 0.0, 1.7845615148544312, 10.604915618896484, -0.3943889088639145, 0.9994698142040876, -0.2580855659771679, -0.5920120327612735, -0.38865700403333464, -0.37569841345917143]",[1],J1955.9+0212,bcu,J1955.7+0214,bll,bll,J1956.1+0234,bcu,J1955.7+0214,bll
1542,J1955.7+0214,"[1.8433493375778198, 1.8085705041885376, 1.564564824104309, 7.533488750457764, -33.962158550324936, -33.68414601872916, -28.141612438911366, -33.72270265382357, -23.64497713755277, 0.09084570407867432, 0.0, 1.7845615148544312, 10.604915618896484, -0.3943889088639145, 0.9994698142040876, -0.2580855659771679, -0.5920120327612735, -0.38865700403333464, -0.37569841345917143]",[1],J1955.9+0212,bcu,J1956.1+0234,bcu,bll,J1955.7+0214,bll,J1955.7+0214,bll
1543,J1955.7+0214,"[1.8433493375778198, 1.8085705041885376, 1.564564824104309, 7.533488750457764, -33.962158550324936, -33.68414601872916, -28.141612438911366, -33.72270265382357, -23.64497713755277, 0.09084570407867432, 0.0, 1.7845615148544312, 10.604915618896484, -0.3943889088639145, 0.9994698142040876, -0.2580855659771679, -0.5920120327612735, -0.38865700403333464, -0.37569841345917143]",[1],J1955.9+0212,bcu,J1956.1+0234,bcu,bll,J1956.1+0234,bcu,J1955.7+0214,bll
1544,J1956.1+0234,"[2.0312843322753906, 1.9850631952285767, 1.1201008558273315, 13.722074508666992, -32.899323676993646, -32.40497260904396, -28.22058842573686, -32.37750140012191, -23.717658054178717, 0.34474748373031616, 0.183194100856781, 2.784595489501953, 4.459344863891602, -0.850547745613319, 0.9987232009602784, 0.4957534067713401, -0.37847087878930114, -0.7714460161129693, -0.5319708496871147]",[1],J1955.9+0212,bcu,J1955.7+0214,bll,bcu,J1955.7+0214,bll,J1955.7+0214,bll
1545,J1956.1+0234,"[2.0312843322753906, 1.9850631952285767, 1.1201008558273315, 13.722074508666992, -32.899323676993646, -32.40497260904396, -28.22058842573686, -32.37750140012191, -23.717658054178717, 0.34474748373031616, 0.183194100856781, 2.784595489501953, 4.459344863891602, -0.850547745613319, 0.9987232009602784, 0.4957534067713401, -0.37847087878930114, -0.7714460161129693, -0.5319708496871147]",[1],J1955.9+0212,bcu,J1955.7+0214,bll,bcu,J1956.1+0234,bcu,J1955.7+0214,bll
1546,J1956.1+0234,"[2.0312843322753906, 1.9850631952285767, 1.1201008558273315, 13.722074508666992, -32.899323676993646, -32.40497260904396, -28.22058842573686, -32.37750140012191, -23.717658054178717, 0.34474748373031616, 0.183194100856781, 2.784595489501953, 4.459344863891602, -0.850547745613319, 0.9987232009602784, 0.4957534067713401, -0.37847087878930114, -0.7714460161129693, -0.5319708496871147]",[1],J1955.9+0212,bcu,J1956.1+0234,bcu,bcu,J1955.7+0214,bll,J1955.7+0214,bll
1547,J1956.1+0234,"[2.0312843322753906, 1.9850631952285767, 1.1201008558273315, 13.722074508666992, -32.899323676993646, -32.40497260904396, -28.22058842573686, -32.37750140012191, -23.717658054178717, 0.34474748373031616, 0.183194100856781, 2.784595489501953, 4.459344863891602, -0.850547745613319, 0.9987232009602784, 0.4957534067713401, -0.37847087878930114, -0.7714460161129693, -0.5319708496871147]",[1],J1955.9+0212,bcu,J1956.1+0234,bcu,bcu,J1956.1+0234,bcu,J1955.7+0214,bll
1548,J1957.1-3231,"[2.5789976119995117, 2.573678731918335, 2.558480978012085, 24.566572189331055, -29.6510089235471, -29.436323799053184, -28.028307045857197, -29.54843614616272, -23.738064153258726, 0.007821050472557545, 0.4842647612094879, 0.1296311765909195, 8.562365531921387, -0.8135529799103327, -0.19900971333882053, -0.8169006793436425, -0.7109535932823804, -0.46016741242639325, -0.9969829240236943]",[1],J1957.0-3234,fsrq,J1957.1-3231,fsrq,fsrq,J1957.1-3231,fsrq,J1957.1-3231,fsrq
1549,J1957.6+5033,"[2.41194486618042, 2.090120315551758, 0.3839761018753052, 6.266619682312012, -29.350809873446156, -28.743632361773226, -27.811489541749946, -28.78411590226498, -23.002409168341376, 0.6767661571502686, 0.0, 21.64162826538086, 63.83013916015625, 0.9645396138471397, -0.22551926861050145, -0.6158804442483452, -0.9160367647508213, -0.9641717946558684, -0.9999147713582752]",[0],J1957.7+5034,PSR,J1957.6+5033,PSR,PSR,J1957.6+5033,PSR,J1957.6+5033,PSR
1550,J1958.0-3845,"[2.3396666049957275, 2.1776297092437744, 1.845150351524353, 248.64126586914062, -29.11693512847943, -28.795649009550953, -27.668453406798164, -28.86554684025467, -23.060778038481292, 0.1779787689447403, 0.37951841950416565, 9.409631729125977, 57.60072708129883, -0.24574528819752317, -0.44863836007838653, -0.6419815678566937, -0.7095086027805739, -0.8847278920004681, -0.8169890066662915]",[1],J1958.0-3847,fsrq,J1958.0-3845,fsrq,fsrq,J1958.0-3845,fsrq,J1958.0-3845,fsrq
1551,J1958.3-3010,"[1.84933602809906, 1.8219013214111328, 1.766952395439148, 38.114315032958984, -33.08556454392645, -32.86978085175658, -27.847946035661327, -32.98492880118462, -23.423176954785017, 0.024354878813028336, 0.38442352414131165, 0.8984163999557495, 24.4793701171875, 0.9979261676860902, -0.6521560888686485, -0.5037013287377743, -0.2831448763301736, -0.48547805962485957, -0.33411019894430594]",[1],J1958.2-3011,bll,J1958.3-3010,bll,bll,J1958.3-3010,bll,J1958.3-3010,bll
1552,J1958.7+2846,"[2.340195655822754, 2.2136237621307373, 1.1956199407577515, 7.113306999206543, -29.62565801814167, -29.18856473866452, -26.59036944270064, -29.179444964432168, -21.974814848101364, 0.3974193334579468, 0.0, 24.529481887817383, 84.42182922363281, 0.9996106160388756, -0.15638274676241246, -0.5008245820855137, -0.7301225939758459, -0.8948991141364158, -0.9456649185960023]",[0],J1958.6+2845,PSR,J1958.7+2846,PSR,PSR,J1958.7+2846,PSR,J1958.7+2846,PSR
1553,J1959.1-4247,"[2.456132411956787, 2.2696964740753174, 1.9725210666656494, 381.5050048828125, -29.402000658217535, -29.13314153699965, -28.011301725492004, -29.20341724075401, -23.555688800063063, 0.16417613625526428, 1.168512225151062, 3.638720989227295, 22.393911361694336, -0.08335731598621428, -0.44224861817767674, -0.6771116133413488, -0.6824253974282973, -0.9789433583661981, -0.999171918147646]",[1],J1959.1-4245,fsrq,J1959.1-4247,fsrq,fsrq,J1959.1-4247,fsrq,J1959.1-4247,fsrq
1554,J1959.5+2048,"[2.3799092769622803, 2.32613468170166, 1.0562149286270142, 11.52054500579834, -30.422305600100323, -29.99544575267898, -27.750364597468952, -30.063343120736008, -22.93618768299761, 0.43947359919548035, 0.07815269380807877, 10.728776931762695, 30.155487060546875, 0.9999911743327707, -0.10468070325128362, -0.5727889598809771, -0.7276634480431572, -0.9742539395365396, -0.9999999595936558]",[0],J1959.5+2047,PSR,J1959.5+2048,PSR,PSR,J1959.5+2048,MSP,J1959.5+2048,MSP
1555,J1959.7-4725,"[1.7930052280426025, 1.5925331115722656, 1.3952687978744507, 10.761323928833008, -32.318157886121945, -32.007680152169414, -27.76073567000504, -32.10860989407004, -23.435125159556826, 0.1284589171409607, 0.07069570571184158, 5.016359806060791, 35.53779220581055, -0.43349092567286507, 0.984952998951855, -0.32487482564233583, -0.2646320819687496, -0.485505638354028, -0.6089551853933504]",[1],J1959.8-4725,bcu,J1959.7-4725,bll,bll,J1959.7-4725,bll,J1959.7-4725,bll
1556,J2000.0+4214,"[2.477653980255127, 2.502619504928589, 2.4833037853240967, 60.275516510009766, -30.945805110412202, -30.850368867036373, -27.659512575607028, -30.76828214290058, -23.577751480387224, -0.03144925832748413, 1.118202567100525, 0.438204288482666, 5.388913154602051, -0.6512822056956374, -0.7494829593924077, -0.7592511288913727, -0.6305322969684317, -0.7045634726224227, -0.984285223467151]",[1],J2000.1+4212,bcu,J2000.0+4214,bcu,bcu,J2000.0+4214,bcu,J2000.0+4214,bcu
1557,J2000.0+6508,"[1.8159197568893433, 1.7613604068756104, 1.7606396675109863, 1468.3485107421875, -30.74333888792177, -30.621435331193982, -26.910156412853844, -30.708010073506617, -22.652382011950916, 0.027038833126425743, 0.58065265417099, 2.9786338806152344, 151.0264129638672, 0.008576934538696178, -0.3073820583069934, -0.41821627164542496, -0.39773539075416103, -0.501060382345789, -0.3026955000408172]",[1],J2000.0+6509,bll,J2000.0+6508,bll,bll,J2000.0+6508,bll,J2000.0+6508,bll
1558,J2000.3-2930,"[2.466053009033203, 2.4409468173980713, 2.4082672595977783, 4.597172737121582, -30.0552565155343, -29.80866126314703, -27.99211159292208, -29.937699799816055, -23.616395232983937, 0.051988016813993454, 0.0, 1.2719497680664062, 15.516831398010254, -0.4051424764346465, -0.5437912506111848, -0.7083363785247137, -0.7026798556699406, -0.7810954937004463, -0.46931202500641955]",[1],J2000.4-2926,fsrq,J2000.3-2930,fsrq,fsrq,J2000.3-2930,fsrq,J2000.3-2930,fsrq
1559,J2000.9-1748,"[2.2684531211853027, 2.2549829483032227, 2.233811855316162, 115.84589385986328, -30.681114362234542, -30.520189595537744, -27.795745987709424, -30.618137880851137, -23.295999279461164, 0.02904265560209751, 0.5010638236999512, 1.4635703563690186, 32.99485778808594, 0.9859689768366606, -0.5264708734486021, -0.6867856211420357, -0.5376161050092124, -0.7647953709051746, -0.3584093180551725]",[1],J2001.0-1750,fsrq,J2000.9-1748,fsrq,fsrq,J2000.9-1748,fsrq,J2000.9-1748,fsrq
1560,J2001.2+4353,"[1.9549142122268677, 1.8110084533691406, 1.6984777450561523, 1267.259765625, -31.24080069922409, -30.999753196839535, -27.218450446248717, -31.101775137035442, -22.787962421104524, 0.09674550592899323, 1.1824040412902832, 5.1678571701049805, 57.689395904541016, -0.4683360213581267, -0.41125970013613244, -0.34680245753604205, -0.42392227851453074, -0.5659864556829466, -0.5613522172874235]",[1],J2001.1+4352,bll,J2001.2+4353,bll,bll,J2001.2+4353,bll,J2001.2+4353,bll
1561,J2001.7+7040,"[2.155094861984253, 2.1186585426330566, 1.9692116975784302, 15.73596477508545, -32.39960168498958, -32.143092151292436, -28.30399397147721, -32.211542249448684, -23.83980704808979, 0.06228478625416756, 0.30791956186294556, 1.3925224542617798, 13.808978080749512, 0.37090159284250457, -0.18791307141360103, -0.5380261449322694, -0.5646216952416878, -0.5342257349029126, -0.7358678087262586]",[1],J2001.8+7041,bll,J2001.7+7040,bll,bll,J2001.7+7040,bll,J2001.7+7040,bll
1562,J2002.6+6302,"[1.609818696975708, 1.4776073694229126, 0.7510986328125, 4.439294815063477, -35.80712920474202, -35.26933828496632, -28.830789871209582, -35.18720103937396, -24.479183520664904, 0.2553139925003052, 0.0, 2.155189037322998, 6.595734119415283, -0.9126304562964108, -0.9999895682267488, 0.9999999851929691, -0.1843115340962355, -0.43585317793170114, -0.0037915598162984723]",[1],J2002.7+6303,bcu,J2002.6+6302,bcu,bll,J2002.6+6302,bll,J2002.6+6302,bll
1563,J2005.1+7003,"[1.8526204824447632, 1.6395102739334106, 1.336263656616211, 37.232852935791016, -33.27198407381558, -32.91488566117278, -28.140400687019007, -33.015706369859686, -23.621143189796417, 0.16937901079654694, 0.5998530983924866, 3.600464344024658, 19.655399322509766, -0.6046076868930108, -0.15619736700057787, -0.27748528276067524, -0.2535824980769183, -0.48871146811287963, -0.6447847407019134]",[1],J2004.8+7003,bll,J2005.1+7003,bll,bll,J2005.1+7003,bll,J2005.1+7003,bll
1564,J2005.5+7752,"[2.207298517227173, 2.1416385173797607, 2.0923969745635986, 378.8447265625, -29.973160818499814, -29.8051710626231, -27.730062589818022, -29.893160008420722, -23.288906019976242, 0.05082211643457413, 0.5167762637138367, 3.7340195178985596, 61.49691390991211, -0.16644403681875888, -0.5159887466314188, -0.6167354563463775, -0.5463524630131357, -0.7115274961599006, -0.664247583446886]",[1],J2005.2+7752,bll,J2005.5+7752,bll,bll,J2005.5+7752,bll,J2005.5+7752,bll
1565,J2005.9-2309,"[2.4980504512786865, 2.3990347385406494, 2.2718725204467773, 269.4373779296875, -28.78526720029151, -28.547385932656155, -27.869076642463398, -28.631952323857185, -23.442212900042882, 0.09770406782627106, 0.9504265785217285, 2.6547441482543945, 23.83711051940918, -0.34017609122700126, -0.5369394122750332, -0.7174031413995935, -0.7436742356575534, -0.7008936421874803, -0.9999983228509413]",[1],J2006.0-2311,fsrq,J2005.9-2309,fsrq,fsrq,J2005.9-2309,fsrq,J2005.9-2309,fsrq
1566,J2007.2+6607,"[2.580991268157959, 2.5456042289733887, 2.1003687381744385, 60.71936798095703, -30.399965332215228, -30.093239983036, -27.942989042645667, -29.624606446174788, -23.851419179584155, 0.15402910113334656, 0.6723496317863464, 2.3216183185577393, 10.732344627380371, 0.07107566853287377, -0.7222837886367777, -0.7762153722056491, -0.7568243365931284, -0.9999999594621902, 0.9999991772920358]",[1],J2007.3+6605,fsrq,J2007.2+6607,fsrq,fsrq,J2007.2+6607,fsrq,J2007.2+6607,fsrq
1567,J2007.3-7728,"[2.474438190460205, 2.1591949462890625, 1.4226020574569702, 64.37133026123047, -30.282154354276074, -29.849299194117307, -28.27987171342583, -29.919484655668004, -23.682467000867984, 0.36124831438064575, 0.7917026877403259, 3.9117465019226074, 11.785051345825195, 0.9920910167839437, -0.39846015661056944, -0.5664039859763212, -0.776600829484264, -0.9998639635865174, 0.061289452723891386]",[1],J2007.7-7728,bcu,J2007.3-7728,bcu,bcu,J2007.3-7728,bcu,J2007.3-7728,bcu
1568,J2007.9-4432,"[2.6198129653930664, 2.4676856994628906, 2.250155210494995, 77.25089263916016, -28.5083193428487, -28.269276273127616, -28.064463079513207, -28.2839938276286, -23.728854009380512, 0.13155139982700348, 0.45934462547302246, 2.875030755996704, 21.091707229614258, -0.3935045134351329, -0.6124469551988453, -0.7471687037427599, -0.8455489041569533, -0.7043878324514141, -0.9999739861721139]",[1],J2007.8-4429,nlsy1,J2007.9-4432,nlsy1,nlsy1,J2007.9-4432,nlsy1,J2007.9-4432,nlsy1
1569,J2009.4-4849,"[1.830159306526184, 1.749234676361084, 1.7347935438156128, 154.4743194580078, -31.097809252234946, -30.954333449270425, -27.40310409201642, -31.04579869990667, -23.115419432757392, 0.04019445553421974, 0.4167669117450714, 2.8638415336608887, 64.60096740722656, 0.37072570957458667, -0.35157801732504096, -0.4190247948831201, -0.3754525553779084, -0.5536475072427057, -0.2582934455814256]",[1],J2009.3-4849,BLL,J2009.4-4849,BLL,BLL,J2009.4-4849,BLL,J2009.4-4849,BLL
1570,J2010.0+7229,"[2.2968783378601074, 2.1980044841766357, 1.9976983070373535, 75.79976654052734, -30.21269671197816, -29.97003973056447, -27.815418409593207, -30.03252115938364, -23.379234742617903, 0.10362787544727325, 0.2993897497653961, 4.954293727874756, 41.054649353027344, -0.15401174644398635, -0.5867606333046295, -0.601077951028497, -0.6297611837941987, -0.7386561759161102, -0.8871906153675972]",[1],J2010.3+7228,bll,J2010.0+7229,bll,bll,J2010.0+7229,bll,J2010.0+7229,bll
1571,J2012.0+4629,"[2.05991792678833, 1.9249881505966187, 1.7940224409103394, 479.27099609375, -30.79232021655614, -30.55731296411657, -27.168060082569873, -30.640781029927297, -22.7186884089254, 0.09870336949825287, 0.6529148817062378, 5.528384208679199, 56.873172760009766, 0.9529813682232948, -0.3951132989416651, -0.4553876571411433, -0.467222881904082, -0.6623878726441309, -0.563126506663222]",[1],J2012.0+4629,bll,J2012.0+4629,bll,bll,J2012.0+4629,bll,J2012.0+4629,bll
1572,J2012.2-1646,"[2.6923835277557373, 2.7109062671661377, 1.5872046947479248, 90.86455535888672, -29.25008886613696, -28.851224464715223, -27.779366328731758, -28.84917071687725, -23.54314031039074, 0.388695627450943, 0.7547391653060913, 6.01630973815918, 14.915637016296387, -0.18461052973196881, -0.5439123607863736, -0.7845262719612945, -0.8772333757721399, -0.9999328629890667, -0.9804900276816153]",[1],J2012.1-1643,bll,J2012.2-1646,bll,bll,J2012.2-1646,bll,J2012.2-1646,bll
1573,J2014.3-0047,"[1.9816912412643433, 1.9601720571517944, 1.945152759552002, 25.938020706176758, -32.94270716177721, -32.758574408038406, -28.11103328168979, -32.87117123782581, -23.605146732552026, 0.025104844942688942, 0.5504015684127808, 0.6059356927871704, 13.164347648620605, 0.9910579370068062, -0.5326722812966906, -0.5067444993325614, -0.4092877087799326, -0.700844114299474, -0.31490912531242843]",[1],J2014.3-0047,bll,J2014.3-0047,bll,bll,J2014.3-0047,bll,J2014.3-0047,bll
1574,J2014.5+0648,"[1.8464395999908447, 1.8063524961471558, 1.6617196798324585, 6.056320667266846, -33.86336822479034, -33.63638456506587, -28.122281918707813, -33.71828093827257, -23.614558824669693, 0.04198445752263069, 0.0, 0.9067400693893433, 13.558062553405762, 0.650970778411778, 0.006937034360390216, -0.3329078287975875, -0.42983626547437065, -0.37867875106247023, -0.445752463113536]",[1],J2014.5+0648,bcu,J2014.5+0648,bll,bll,J2014.5+0648,bll,J2014.5+0648,bll
1575,J2015.0+1621,"[2.255441665649414, 2.26650333404541, 2.2963061332702637, 9.737942695617676, -31.811156322652973, -31.709241924260123, -28.060930600658132, -31.692745807591002, -23.670367338683267, -0.024284016340970993, 0.11204937845468521, 0.61331707239151, 9.551700592041016, 0.9999913844726203, -0.7009858008612669, -0.669189736193253, -0.6689252389381489, -0.4820891189244296, -0.11148403053052242]",[1],J2014.9+1623,bcu,J2015.0+1621,bcu,bcu,J2015.0+1621,bcu,J2015.0+1621,bcu
1576,J2015.2-0137,"[2.2309651374816895, 2.2001419067382812, 2.0021393299102783, 12.193885803222656, -30.925651353434716, -30.65738637790284, -27.72403178326818, -30.71240184233287, -23.269471661716068, 0.09855753928422928, 0.09079734981060028, 3.561440944671631, 25.6165771484375, 0.9996469941887373, -0.40464180268387384, -0.6063804047614217, -0.6453988804592624, -0.6217632065720621, -0.885880201784258]",[1],J2015.2-0138,bll,J2015.2-0137,bll,bll,J2015.2-0137,bll,J2015.2-0137,bll
1577,J2015.5+3710,"[2.452852725982666, 2.7052154541015625, 1.9771569967269897, 125.4726333618164, -31.131236501491596, -30.899783224626233, -25.73707130951862, -30.78037618587379, -21.515029372472597, 0.17774830758571625, 0.3778963088989258, 9.051685333251953, 24.581684112548828, -0.4380508387212586, -0.48237451246265506, -0.5478956503262804, -0.7004690682641347, -0.8485811658939596, -0.9256477204338117]",[1],J2015.6+3709,FSRQ,J2015.5+3710,FSRQ,FSRQ,J2015.5+3710,FSRQ,J2015.5+3710,FSRQ
1578,J2016.3-0903,"[1.9787342548370361, 1.857598066329956, 1.738593578338623, 33.82139205932617, -31.387826960065333, -31.16054183041316, -27.764988890703926, -31.252545374940393, -23.3388808084877, 0.08465180546045303, 0.3090726137161255, 3.0777766704559326, 29.94162368774414, 0.9984434957469355, -0.4064529259262696, -0.4132739926471107, -0.527583194503226, -0.45440043472337693, -0.7422934377287919]",[1],J2016.4-0905,bll,J2016.3-0903,bll,bll,J2016.3-0903,bll,J2016.3-0903,bll
1579,J2017.4+0602,"[1.9654000997543335, 1.6800827980041504, 0.7015323638916016, 10.751985549926758, -30.88544285397099, -30.309742119425895, -27.596763742197727, -30.361711181521265, -22.606008306152226, 0.41045475006103516, 0.028822382912039757, 21.67831039428711, 75.91984558105469, 0.994713281613922, -0.13479886055528864, -0.22595087424147192, -0.4642450251270139, -0.8607135193323474, -0.9999999070692986]",[0],J2017.3+0602,PSR,J2017.4+0602,PSR,PSR,J2017.4+0602,MSP,J2017.4+0602,MSP
1580,J2017.5-4113,"[1.9888758659362793, 1.9144526720046997, 1.7793042659759521, 16.8305721282959, -33.10072717759181, -32.79087633809416, -28.47576965025659, -32.89791717794541, -23.981197736034535, 0.08945167064666748, 0.490572988986969, 1.4203706979751587, 9.21513557434082, 0.9858928936340393, 0.0716702023248092, -0.41386103811456776, -0.5251700772695922, -0.48461956852662313, -0.6516749929894894]",[1],J2017.6-4110,bcu,J2017.5-4113,bcu,bcu,J2017.5-4113,bcu,J2017.5-4113,bcu
1581,J2017.7-1612,"[2.2244858741760254, 2.111668586730957, 1.3434406518936157, 7.794098377227783, -31.411819387128755, -30.953827989290858, -28.341289938341703, -31.051782632168763, -23.447068118762264, 0.27072668075561523, 0.0, 4.68273401260376, 20.596498489379883, 0.9973417399857571, -0.462054119014788, -0.3861228583592884, -0.5807297696453302, -0.9082960812897443, -0.6385282488253549]",[0],J2017.6-1616,psr,J2017.7-1612,PSR,PSR,J2017.7-1612,MSP,J2017.7-1612,MSP
1582,J2018.5+3852,"[2.087409496307373, 1.8255958557128906, 1.0215246677398682, 13.721404075622559, -32.685222167595725, -32.284450086256285, -27.49823192220794, -32.31240869830023, -22.67611934832, 0.2843472957611084, 0.19612537324428558, 3.6864559650421143, 15.12730884552002, -0.7557116291500804, -0.8086521338986324, -0.11513182189786844, -0.23765549682510873, -0.6184530737989287, -0.8620921327649322]",[1],J2018.5+3851,bcu,J2018.5+3852,bcu,bcu,J2018.5+3852,bcu,J2018.5+3852,bcu
1583,J2021.1+3651,"[2.322026491165161, 2.2355213165283203, 1.3714531660079956, 6.314116477966309, -28.830469355402187, -28.409618187355054, -25.74678398473881, -28.337379232339135, -21.15752663472721, 0.3360563814640045, 0.0, 52.7354850769043, 201.3346405029297, 0.4817493739820625, -0.25593229751482477, -0.5405401443264065, -0.6981803428739742, -0.9172369461957381, -0.9513032615142945]",[0],J2021.1+3651,PSR,J2021.1+3651,PSR,PSR,J2021.1+3651,PSR,J2021.1+3651,PSR
1584,J2021.5+4026,"[2.3568270206451416, 2.7384135723114014, 1.2576018571853638, 212.1902313232422, -30.285722487606364, -29.03275965370839, -25.272411758044143, -28.911382453712708, -20.609945098222127, 0.3919368088245392, 0.08250095695257187, 57.91368103027344, 129.6992950439453, -0.26673280693033125, -0.09563395082318676, -0.5558312403543593, -0.7535808934745004, -0.9634355687362479, -0.9674529276593552]",[0],J2021.5+4026,PSR,J2021.5+4026,PSR,PSR,J2021.5+4026,PSR,J2021.5+4026,PSR
1585,J2021.9+0629,"[2.0829520225524902, 1.9512355327606201, 1.6536614894866943, 16.55025291442871, -32.350809654262605, -32.03286617613435, -28.057067599371063, -32.08405199264542, -23.560942397965448, 0.15111029148101807, 0.3328820466995239, 2.5571858882904053, 13.311452865600586, 0.9991932567977991, -0.45048065020904365, -0.4168202762437085, -0.4532216110559887, -0.7254066401588684, -0.7154090564353596]",[1],J2021.9+0630,bll,J2021.9+0629,bll,bll,J2021.9+0629,bll,J2021.9+0629,bll
1586,J2022.3+3840,"[2.721364736557007, 2.8200252056121826, 1.5314828157424927, 7.55231237411499, -29.395048957955467, -28.993273527349483, -26.537170037568345, -29.10680944835274, -22.387107276497353, 0.4081555902957916, 0.0, 6.165863037109375, 12.811193466186523, 0.9485392392121613, -0.5778032397602652, -0.7640262461728262, -0.741403714073969, -0.9999900444907966, 0.999585929626912]",[0],J2022.2+3840,spp,J2022.3+3840,PSR,PSR,J2022.3+3840,PSR,J2022.3+3840,PSR
1587,J2022.3-4513,"[2.1522417068481445, 2.0212159156799316, 1.958849310874939, 52.27920913696289, -30.52434597245705, -30.28305898601449, -28.062472094298908, -30.403205624879213, -23.532762394106868, 0.10151148587465286, 0.39671358466148376, 3.1491200923919678, 24.29203224182129, 0.9988002046860892, -0.32664565063375167, -0.5550773676426658, -0.6070935749607552, -0.7466378735109126, -0.3669548367119648]",[1],J2022.2-4515,bll,J2022.3-4513,bll,bll,J2022.3-4513,bll,J2022.3-4513,bll
1588,J2022.5+7612,"[2.268634080886841, 2.241185426712036, 2.169649600982666, 78.1901626586914, -30.979696230098646, -30.787870055623547, -28.085993884514544, -30.871109932447613, -23.585558111280648, 0.03504522144794464, 0.36999770998954773, 1.6249110698699951, 34.00007247924805, 0.994034720120202, -0.5276654960816948, -0.6478752536566554, -0.5638571703097219, -0.6813621401955106, -0.6858036515695795]",[1],J2022.5+7612,bll,J2022.5+7612,bll,bll,J2022.5+7612,bll,J2022.5+7612,bll
1589,J2023.2+3153,"[2.0617332458496094, 2.0556533336639404, 1.9593337774276733, 12.843894958496094, -33.605324741557446, -33.46193010909238, -27.436627438345347, -33.51614852171387, -22.936841308733474, 0.039694540202617645, 0.25143131613731384, 0.8259848356246948, 10.23542308807373, 0.35372292153749285, 0.9904630474705839, -0.3923727283053371, -0.5907141231917646, -0.4350958964052328, -0.5483068090460289]",[1],J2023.2+3154,bcu,J2023.2+3153,bcu,bcu,J2023.2+3153,bcu,J2023.2+3153,bcu
1590,J2023.6-1139,"[2.1108837127685547, 1.9616835117340088, 1.7226660251617432, 27.34568214416504, -30.80107007395419, -30.521601642410683, -27.958311818669472, -30.59568548267097, -23.36930820165243, 0.1302911639213562, 0.2465529441833496, 4.471898078918457, 29.05664825439453, 0.9998809978059443, -0.11483722445013578, -0.5644819019670221, -0.5027738961606588, -0.6850058332034192, -0.9094937626431511]",[1],J2023.6-1139,fsrq,J2023.6-1139,fsrq,fsrq,J2023.6-1139,fsrq,J2023.6-1139,fsrq
1591,J2024.4-0847,"[2.0086781978607178, 1.9456744194030762, 1.777597427368164, 12.141608238220215, -32.74188245974239, -32.50658498672379, -28.137612010960925, -32.572821184402464, -23.635078835194147, 0.05262583866715431, 0.16294455528259277, 1.095706820487976, 16.920774459838867, 0.9182619325511184, -0.39776703367922683, -0.5751367986694353, -0.4397840652042847, -0.4383100103312676, -0.7706845741976465]",[1],J2024.4-0848,bcu,J2024.4-0847,bll,bll,J2024.4-0847,bll,J2024.4-0847,bll
1592,J2024.6-3252,"[2.4765326976776123, 2.352304458618164, 2.074399471282959, 83.90808868408203, -29.09363906273255, -28.79685071830166, -28.02870797055463, -28.869249915821804, -23.523554298451927, 0.14912378787994385, 0.5307896733283997, 3.489744186401367, 22.188196182250977, -0.3849068061466544, -0.48497661403843717, -0.7326194584441613, -0.7083690487461243, -0.804208959993994, -0.9999635090175648]",[1],J2024.4-3254,fsrq,J2024.6-3252,fsrq,fsrq,J2024.6-3252,fsrq,J2024.6-3252,fsrq
1593,J2025.3+3341,"[2.6313483715057373, 2.727876901626587, 2.1477599143981934, 116.01266479492188, -29.773912975859652, -29.507072280107977, -26.59835060021308, -29.37454017363911, -22.601739064574186, 0.17841818928718567, 0.6032698750495911, 5.1124267578125, 16.002939224243164, 0.9939539296097251, -0.6772323651941221, -0.7497040738350803, -0.7256160724902185, -0.9697483982897357, -0.17587310296278166]",[1],J2025.2+3340,bcu,J2025.3+3341,bcu,bll,J2025.3+3341,bll,J2025.3+3341,bll
1594,J2025.6-0735,"[2.2898736000061035, 2.1893413066864014, 2.0465376377105713, 3397.2548828125, -28.298168127936176, -28.05656354748537, -27.23147182474514, -28.15002674984936, -22.597864750066247, 0.09385734051465988, 0.7866690754890442, 11.226532936096191, 126.54058074951172, -0.25337801383654796, -0.5069974389905069, -0.6474895098681633, -0.6580800176651765, -0.773122211685185, -0.8539042068463826]",[1],J2025.6-0736,fsrq,J2025.6-0735,fsrq,fsrq,J2025.6-0735,fsrq,J2025.6-0735,fsrq
1595,J2026.1+7645,"[1.6610709428787231, 1.5378773212432861, 1.2469054460525513, 9.56835651397705, -35.60787610991878, -35.15485025024531, -28.670609098984464, -35.253576939150484, -24.233524410760033, 0.1745421439409256, 0.0, 2.066406011581421, 8.747838020324707, -0.997477087037583, -0.9951018832166295, 0.9967894627613029, 0.14137148846079406, -0.5220339480482455, -0.11993098756912587]",[1],J2026.3+7644,bcu,J2026.1+7645,bcu,bcu,J2026.1+7645,bcu,J2026.1+7645,bcu
1596,J2028.3+3331,"[2.3163366317749023, 2.269050359725952, 0.43138137459754944, 9.464500427246094, -30.22753445170692, -29.746360643327215, -27.2151792889677, -29.79458725326121, -22.1413323076663, 0.6458247900009155, 0.019427258521318436, 24.091360092163086, 61.139442443847656, -0.7558994936356811, 0.3090162872106662, -0.3274391360591844, -0.7463763075090195, -0.9444963506932101, -0.9999995146675988]",[0],J2028.3+3332,PSR,J2028.3+3331,PSR,PSR,J2028.3+3331,PSR,J2028.3+3331,PSR
1597,J2029.5+4925,"[2.4641172885894775, 2.230137348175049, 1.5865607261657715, 146.56588745117188, -29.777096059137495, -29.37539768688943, -27.417204563034414, -29.43485221413837, -22.92279095005744, 0.30084648728370667, 0.7607464790344238, 5.712309837341309, 19.90644073486328, 0.7514823296595892, -0.1967666038222362, -0.5570275529043202, -0.7788825465786167, -0.8523668977139277, -0.9990481286321518]",[1],J2029.4+4923,bll,J2029.5+4925,bll,bll,J2029.5+4925,bll,J2029.5+4925,bll
1598,J2030.0+3641,"[2.3211512565612793, 2.038072109222412, 0.41486018896102905, 8.124258995056152, -30.34405895266191, -29.764762272471362, -27.0791831477321, -29.816792357316917, -22.202726029631116, 0.6205021142959595, 0.0, 17.024126052856445, 49.63896179199219, -0.9828863871583688, 0.9998711732422677, -0.2851578703550446, -0.6613411942628424, -0.9357421883776323, -0.9999987935869521]",[0],J2030.0+3642,PSR,J2030.0+3641,PSR,PSR,J2030.0+3641,PSR,J2030.0+3641,PSR
1599,J2030.2-0620,"[2.4038190841674805, 2.4305546283721924, 2.475815773010254, 74.90731048583984, -31.19324222450019, -31.09088448000152, -28.146233855436535, -31.20083151405543, -23.871514084561042, -0.04734935238957405, 1.2769205570220947, 0.8212518095970154, 8.760566711425781, 0.6926628383324479, -0.501313930079347, -0.8036177525667058, -0.45106477507605885, -0.8291498153676841, -0.15788973896494224]",[1],J2030.2-0622,fsrq,J2030.2-0620,fsrq,fsrq,J2030.2-0620,fsrq,J2030.2-0620,fsrq
1600,J2030.9+4416,"[2.4700682163238525, 2.4188272953033447, 0.4549427330493927, 5.452719688415527, -30.072834074258257, -29.573829317225275, -27.160018842977216, -29.642463007619632, -22.24353201453634, 0.6617519855499268, 0.0, 16.658283233642578, 44.717769622802734, -0.3301884345661928, -0.3356774614912907, -0.42266714008434597, -0.8146439675337536, -0.9991573046967409, -0.9826404048542129]",[0],J2030.8+4416,PSR,J2030.9+4416,PSR,PSR,J2030.9+4416,PSR,J2030.9+4416,PSR
1601,J2030.9+1935,"[1.8705646991729736, 1.6523720026016235, 1.4185419082641602, 20.559568405151367, -32.44651557469524, -32.11584566258828, -27.930631319152294, -32.20547632634208, -23.467948361015782, 0.15761932730674744, 0.2941714823246002, 4.029968738555908, 22.91619300842285, -0.3938534959906548, -0.41053408488096416, -0.34788660748103245, -0.24399542133372873, -0.6276305621490805, -0.4763493055819937]",[1],J2031.0+1937,bcu,J2030.9+1935,bll,bll,J2030.9+1935,bll,J2030.9+1935,bll
1602,J2032.0+1219,"[2.4144790172576904, 2.327481269836426, 2.0994863510131836, 36.49569320678711, -31.12638976595084, -30.85186027391549, -27.89289480568205, -30.89989229967483, -23.672597961243998, 0.12588274478912354, 0.604188084602356, 1.8978337049484253, 12.295945167541504, -0.06654902680658614, -0.668438318159506, -0.6809724746760737, -0.6336888389960453, -0.7085324065047347, -0.9999999999428953]",[1],J2031.8+1223,bll,J2032.0+1219,bll,bll,J2032.0+1219,bll,J2032.0+1219,bll
1603,J2032.2+4127,"[2.2306439876556396, 1.9822089672088623, 1.062583565711975, 18.210596084594727, -30.298643728604297, -29.8102636084246, -26.33238338507955, -29.880200526664826, -21.62942831552608, 0.3869759738445282, 0.0496516078710556, 23.80812644958496, 96.56460571289062, 0.772210731280502, 0.038359779113753295, -0.3300362235099533, -0.5100907318041398, -0.860136913974741, -0.9152348345346577]",[0],J2032.2+4126,PSR,J2032.2+4127,PSR,PSR,J2032.2+4127,PSR,J2032.2+4127,PSR
1604,J2033.7+6308,"[1.8457297086715698, 1.740889072418213, 0.6190060973167419, 11.442195892333984, -34.55798728071662, -33.88149125308575, -28.592997416148656, -33.882644460451765, -23.88757389668252, 0.4233551621437073, 0.29558202624320984, 3.599398374557495, 8.781550407409668, -0.9998414676361456, -0.9276199894299018, 0.9999997102781042, -0.04611793535547918, -0.49304796919368604, -0.8820011970919636]",[1],J2033.6+6309,bcu,J2033.7+6308,bcu,bcu,J2033.7+6308,bcu,J2033.7+6308,bcu
1605,J2034.6+1154,"[2.539879560470581, 2.4787063598632812, 2.2501461505889893, 50.781532287597656, -30.5937453139744, -30.331639101235055, -27.556396627875543, -30.171195064265618, -23.52931647645712, 0.13717791438102722, 0.5470225214958191, 1.9008166790008545, 14.229985237121582, 0.6430682856807729, -0.4652270895694724, -0.7001222272893565, -0.7585964216924878, -0.767897520993688, -0.6983604471867414]",[1],J2034.3+1155,fsrq,J2034.6+1154,fsrq,fsrq,J2034.6+1154,fsrq,J2034.6+1154,fsrq
1606,J2035.4+1056,"[2.390671968460083, 2.3145413398742676, 2.070617198944092, 2623.513671875, -28.986783702951733, -28.720828637185676, -27.203450171934552, -28.767266430294875, -22.818777535371485, 0.12363976985216141, 1.2234619855880737, 9.048958778381348, 74.17598724365234, -0.2158331542020211, -0.5670958426774488, -0.6636172147063701, -0.7074357451744415, -0.8149589057971399, -0.778178371479379]",[1],J2035.3+1055,fsrq,J2035.4+1056,fsrq,fsrq,J2035.4+1056,fsrq,J2035.4+1056,fsrq
1607,J2036.4+6553,"[2.049577474594116, 1.9205296039581299, 1.6672524213790894, 26.350454330444336, -32.257894199299656, -31.927416148491268, -28.159551852172218, -32.003351609676564, -23.60885474069115, 0.14898964762687683, 0.37489795684814453, 3.2237136363983154, 18.546377182006836, 0.9997842733895774, -0.22179447299400834, -0.35809537554673226, -0.4202310088586549, -0.7209185422156108, -0.6343102055128212]",[1],J2036.4+6551,bll,J2036.4+6553,bll,bll,J2036.4+6553,bll,J2036.4+6553,bll
1608,J2036.9-3329,"[1.725659966468811, 1.2219082117080688, 0.9497550129890442, 11.819747924804688, -34.40493427849089, -33.980955124145325, -28.283594384843884, -34.06416763472134, -23.881255354383274, 0.24851937592029572, 0.30363336205482483, 1.7231473922729492, 11.551534652709961, 0.014970258876894982, -0.7550207252313302, -0.63431975618224, -0.1543920364719017, -0.20392416247213468, -0.4086247587788498]",[1],J2036.6-3325,bcu,J2036.9-3329,bll,bll,J2036.9-3329,bll,J2036.9-3329,bll
1609,J2038.7+5117,"[2.5731894969940186, 2.353266477584839, 1.597407579421997, 80.07344818115234, -29.746929125647092, -29.351516261205337, -27.255363960780763, -29.39448883320791, -22.993731277439842, 0.30768123269081116, 0.682190477848053, 4.185754299163818, 13.026620864868164, -0.5840755937230774, -0.43668138292017755, -0.6484978946815545, -0.7658525904082089, -0.9609304268426302, -0.9999194643850436]",[1],J2038.8+5113,fsrq,J2038.7+5117,fsrq,fsrq,J2038.7+5117,fsrq,J2038.7+5117,fsrq
1610,J2039.0-1046,"[2.0848374366760254, 1.9559638500213623, 1.8360971212387085, 32.500030517578125, -30.23016219992095, -30.000808187240875, -27.690428936856172, -30.095960127705215, -23.16881839290924, 0.09320059418678284, 0.1928967386484146, 4.741781234741211, 46.324954986572266, -0.32828694061578356, -0.3724842510519764, -0.5326198760118616, -0.525786437031164, -0.6169501560099809, -0.7594238063551249]",[1],J2039.0-1047,bll,J2039.0-1046,bll,bll,J2039.0-1046,bll,J2039.0-1046,bll
1611,J2039.5+5218,"[1.8391286134719849, 1.7976845502853394, 1.7017980813980103, 6.574051380157471, -34.16753978824554, -33.93136368298265, -28.02772699798739, -34.012297050775615, -23.476260527525593, 0.04791691526770592, 0.0, 1.0241819620132446, 12.951671600341797, 0.9829954926355595, -0.9995179245061847, 0.9988955479534716, -0.6256981014793596, -0.38903814934773884, -0.31424079334134236]",[1],J2039.5+5217,bll,J2039.5+5218,bll,bll,J2039.5+5218,bll,J2039.5+5218,bll
1612,J2040.0-5737,"[2.402688980102539, 2.388568639755249, 2.2672080993652344, 3.88276743888855, -31.084109030155847, -30.893920506545328, -28.295488526129173, -30.933104178403855, -23.963202783484753, 0.03671640902757645, 0.0, 0.7698091864585876, 10.622716903686523, 0.987408739094414, -0.5472542365778233, -0.696536916369776, -0.5222768618437441, -0.8089014760042277, -0.9986391914897828]",[1],J2040.0-5734,bcu,J2040.0-5737,bcu,bcu,J2040.0-5737,bcu,J2040.0-5737,bcu
1613,J2040.2-7115,"[1.7119265794754028, 1.642837405204773, 1.5394620895385742, 7.6559739112854, -34.02172421421803, -33.7124741700608, -28.23793922830536, -33.86364340984271, -23.956397096134552, 0.05541633442044258, 0.0, 1.4695863723754883, 20.301671981811523, 0.9891858375236442, -0.42289853472765426, -0.3161614264982178, -0.40862437104774907, -0.31626155426803937, -0.26820321087822674]",[1],J2040.2-7115,bcu,J2040.2-7115,bll,bll,J2040.2-7115,bll,J2040.2-7115,bll
1614,J2041.8-7319,"[1.871526837348938, 1.7190407514572144, 1.4131090641021729, 4.969844818115234, -34.10363444364839, -33.79291879190608, -28.58566007077603, -33.84148354281698, -24.08262117807427, 0.10671345889568329, 0.0, 1.301733136177063, 11.093605041503906, 0.9956137234650335, -0.6958907019663555, -0.6471130541415, -0.19815899527672085, -0.5182439300804988, -0.3963631626270933]",[1],J2041.9-7318,bcu,J2041.8-7319,bcu,bll,J2041.8-7319,bll,J2041.8-7319,bll
1615,J2041.9-3735,"[1.9651461839675903, 1.9712438583374023, 1.9778428077697754, 10.146547317504883, -33.12003566644994, -32.94857930929322, -28.41472664945343, -33.083310782389695, -23.9279112876951, -0.007354498375207186, 0.16824744641780853, 0.15060658752918243, 10.220199584960938, -0.9323846294859438, 0.5534650558537209, -0.5323001917342904, -0.42695868029891126, -0.637783146227523, -0.12847965462712135]",[1],J2041.7-3732,bll,J2041.9-3735,bll,bll,J2041.9-3735,bll,J2041.9-3735,bll
1616,J2042.1+2427,"[1.9133355617523193, 1.8987356424331665, 1.9006142616271973, 14.31855297088623, -33.20928362653242, -33.03739115651179, -28.141536655739902, -33.14968839793372, -23.661611546940765, 0.01666436344385147, 0.247213676571846, 0.5003474354743958, 15.433615684509277, -0.7690917975006561, 0.9999047889403282, -0.60049234290689, -0.32009118916000207, -0.6689381433009283, -0.0372648708883464]",[1],J2042.1+2428,bll,J2042.1+2427,bll,bll,J2042.1+2427,bll,J2042.1+2427,bll
1617,J2042.2+0245,"[2.3932039737701416, 2.4339559078216553, 0.3922158479690552, 8.01022720336914, -30.466382846667937, -29.9685221266221, -28.319717487049605, -30.000487835794996, -23.392895923928602, 0.643112063407898, 0.0, 8.366341590881348, 18.142784118652344, 0.9999996346959215, -0.36433762639211, -0.5501183465295849, -0.9055505842123158, -0.9998753981258319, -0.8308934356863147]",[0],J2042.1+0247,PSR,J2042.2+0245,PSR,PSR,J2042.2+0245,MSP,J2042.2+0245,MSP
1618,J2043.3+1711,"[2.090897798538208, 1.8749279975891113, 1.1562936305999756, 9.31442928314209, -30.304148129307457, -29.859418549271904, -27.741088652928994, -29.888446056168885, -22.802785236573055, 0.3005932569503784, 0.017903784289956093, 16.108051300048828, 65.63334655761719, 0.9999811256293213, -0.30785249141792614, -0.40044263696003285, -0.5819388160092865, -0.87336621835965, -0.9999994790050473]",[0],J2043.2+1711,PSR,J2043.3+1711,PSR,PSR,J2043.3+1711,MSP,J2043.3+1711,MSP
1619,J2043.7+2741,"[2.4435744285583496, 2.3872897624969482, 0.7517697215080261, 36.477813720703125, -30.30729513136491, -29.841212579748422, -28.148112275384324, -29.900796085992706, -23.216513448907957, 0.533939778804779, 0.3303290903568268, 8.481827735900879, 21.79801368713379, -0.04608711774721484, -0.2509401187357802, -0.5441496833859435, -0.8960131789493002, -0.994746998916756, -0.9947817819527325]",[0],J2043.8+2741,PSR,J2043.7+2741,PSR,PSR,J2043.7+2741,PSR,J2043.7+2741,PSR
1620,J2046.6-1012,"[1.9485783576965332, 1.907901644706726, 1.7539820671081543, 6.407770156860352, -33.2506535748251, -32.955633879464024, -28.452389024022853, -33.05709940279051, -23.96987040747583, 0.0743035152554512, 0.0, 0.856789231300354, 7.3379387855529785, -0.5010093932987245, 0.9991383361193076, -0.5922065637214384, -0.43916433349738854, -0.4217671586699141, -0.6681176800059279]",[1],J2046.7-1011,bcu,J2046.6-1012,bcu,bll,J2046.6-1012,bll,J2046.6-1012,bll
1621,J2047.3+1051,"[2.118741273880005, 1.7003451585769653, 1.0343239307403564, 15.11680793762207, -31.875561008845686, -31.47966249197569, -28.22251776166473, -31.496841398991513, -23.51641523810894, 0.3876171410083771, 0.2630922198295593, 4.159740447998047, 14.628853797912598, -0.9683489418952647, 0.11473687229259763, -0.34801771868486636, -0.4232820415588118, -0.8531433419521537, -0.6719813759579729]",[0],J2047.1+1054,PSR,J2047.3+1051,PSR,PSR,J2047.3+1051,MSP,J2047.3+1051,MSP
1622,J2048.6-6804,"[2.167210817337036, 2.132772445678711, 1.978338360786438, 10.835346221923828, -32.217720110777, -32.01583037847666, -28.46563430336062, -32.062928478600945, -23.985982148878232, 0.04141492396593094, 0.11957903206348419, 0.8905792236328125, 12.510651588439941, -0.9995819009942493, 0.9993530919393264, -0.7620443883545802, -0.2101139094330392, -0.6840087313329859, -0.8182169848466203]",[1],J2049.0-6801,bcu,J2048.6-6804,bll,bll,J2048.6-6804,bll,J2048.6-6804,bll
1623,J2049.9+1002,"[2.5030174255371094, 2.394354820251465, 2.083775281906128, 60.44102096557617, -29.165183551915792, -28.86447354582422, -27.8405632505105, -28.93448775354175, -23.481999944881895, 0.1462574154138565, 0.41637322306632996, 3.7050411701202393, 22.10439682006836, 0.9990745327831073, -0.5523851236516408, -0.714168268753061, -0.7281051543417922, -0.8520121503534098, -0.9998055881399628]",[1],J2049.7+1002,bcu,J2049.9+1002,bcu,bll,J2049.9+1002,bll,J2049.9+1002,bll
1624,J2050.0+0408,"[2.285902261734009, 2.28261661529541, 2.259906768798828, 14.355960845947266, -30.781054124591474, -30.625629585556975, -28.127486850304283, -30.717762387616293, -23.613242531164612, 0.004160988610237837, 0.1623866707086563, 0.17148688435554504, 20.38416862487793, 0.17563820961568713, -0.5963511548661905, -0.6752666399348125, -0.6370071550525731, -0.44318773732852573, -0.8719914703891981]",[1],J2050.2+0409,bll,J2050.0+0408,bll,bll,J2050.0+0408,bll,J2050.0+0408,bll
1625,J2051.0-0826,"[2.1036946773529053, 2.0542163848876953, 0.12385966628789902, 6.112809658050537, -32.17685108597772, -31.60009957876897, -28.746776691593563, -31.667638440817147, -23.57171564304946, 0.6460155248641968, 0.0, 5.454251766204834, 13.694552421569824, -0.9999967229602008, 0.9999677524860379, -0.21064864086395138, -0.5430993233272285, -0.9999766824312042, 0.9987141821963651]",[0],J2051.3-0828,PSR,J2051.0-0826,PSR,PSR,J2051.0-0826,MSP,J2051.0-0826,MSP
1626,J2052.2-5533,"[2.30125093460083, 2.25508189201355, 2.1203458309173584, 481.5343017578125, -30.331048657827594, -30.084133817145272, -28.17862280320754, -30.159858642293386, -23.59432554410101, 0.06961647421121597, 1.1227041482925415, 2.642756938934326, 31.91213035583496, 0.9999414517606462, -0.43655637532524316, -0.651211583123941, -0.6374797555340052, -0.7147799012764444, -0.8086028896710852]",[1],J2051.8-5535,bcu,J2052.2-5533,bcu,bcu,J2052.2-5533,bcu,J2052.2-5533,bcu
1627,J2052.7+1218,"[2.3666391372680664, 2.2776479721069336, 1.8987538814544678, 8.24407958984375, -30.7844353380621, -30.456648215193574, -28.15702639930079, -30.499066801188675, -23.742478539953655, 0.15046899020671844, 0.0, 2.372573137283325, 11.840819358825684, 0.9904478848171849, -0.5447471215269439, -0.5895034554921906, -0.7133007884745313, -0.7558629363520465, -0.997730472629396]",[0],J2052.7+1217,psr,J2052.7+1218,PSR,PSR,J2052.7+1218,MSP,J2052.7+1218,MSP
1628,J2054.8+0015,"[1.8172979354858398, 1.820799469947815, 1.8107861280441284, 11.183237075805664, -34.14358206475437, -33.98495732811863, -28.31125698100382, -34.08508976580666, -23.824089427670373, -0.0038049265276640654, 0.30596399307250977, 0.07141691446304321, 9.478211402893066, 0.6773182305123977, -0.8458127706968775, -0.16719346522876571, -0.4843566323532295, -0.32630666751399534, -0.4161504562274988]",[1],J2055.0+0016,bll,J2054.8+0015,bll,bll,J2054.8+0015,bll,J2054.8+0015,bll
1629,J2055.4-0020,"[1.8420896530151367, 1.743347406387329, 1.5272554159164429, 12.643372535705566, -33.73454360776436, -33.43633442127086, -28.23447636008792, -33.512313457632295, -23.77480798948321, 0.07995228469371796, 0.1882549375295639, 1.3097074031829834, 11.193894386291504, -0.9956767651148606, 0.9993493673930003, -0.8226041648132473, 0.14603252129102337, -0.5307479549491855, -0.4018552719694989]",[1],J2055.2-0019,bll,J2055.4-0020,bll,bll,J2055.4-0020,bll,J2055.4-0020,bll
1630,J2055.8+2540,"[2.169896125793457, 1.8400614261627197, 0.3688628077507019, 9.421303749084473, -29.44249202023048, -28.787651246470958, -27.660151536151808, -28.85777405200895, -22.469335717990464, 0.5873355865478516, 0.003796391887590289, 34.22986602783203, 104.71803283691406, 0.4933773205497534, -0.052918800432082816, -0.4498074575419601, -0.8164772718718142, -0.9727146808668848, -0.999893350463158]",[0],J2055.8+2539,PSR,J2055.8+2540,PSR,PSR,J2055.8+2540,PSR,J2055.8+2540,PSR
1631,J2056.2-4714,"[2.453474760055542, 2.352933168411255, 2.1957080364227295, 1325.439697265625, -27.923784508761766, -27.662954569365596, -27.57927685576531, -27.76054275692499, -22.965094509372978, 0.1073758527636528, 0.5004002451896667, 9.415328979492188, 102.7441177368164, -0.15816116533151353, -0.5814604306739998, -0.7295614038312146, -0.7306096392838992, -0.798229996978279, -0.8501976652978535]",[1],J2056.2-4714,fsrq,J2056.2-4714,fsrq,fsrq,J2056.2-4714,fsrq,J2056.2-4714,fsrq
1632,J2056.7+4939,"[1.8618381023406982, 1.8314056396484375, 1.805847406387329, 24.682674407958984, -33.38913714732099, -33.15155834395069, -27.410671597526072, -33.301894875783134, -22.857438367045898, 0.03367335721850395, 0.23010845482349396, 1.4172626733779907, 29.63602066040039, 0.4756562600058472, 0.9981260656774545, -0.21791640220050837, -0.4228253738075346, -0.5113726065228276, -0.32414731511806566]",[1],J2056.7+4938,bcu,J2056.7+4939,bcu,bcu,J2056.7+4939,bcu,J2056.7+4939,bcu
1633,J2103.8-6233,"[2.005434036254883, 1.857927918434143, 1.7378374338150024, 39.85293960571289, -30.881303939983603, -30.625397989083353, -27.910188300055395, -30.733429948116257, -23.387205110401972, 0.10795456916093826, 0.217006117105484, 5.671073913574219, 47.601402282714844, -0.39351043466914193, 0.014618444589533253, -0.4957250204201986, -0.498683849291136, -0.6667052235076223, -0.5296104033680404]",[1],J2103.9-6233,bcu,J2103.8-6233,bll,bll,J2103.8-6233,bll,J2103.8-6233,bll
1634,J2104.0-3546,"[2.3678786754608154, 2.344369649887085, 2.2355053424835205, 80.5315170288086, -30.500992636722287, -30.290337560193866, -28.27367590161532, -30.352437541216904, -23.781662990541513, 0.03341834619641304, 0.6930614709854126, 0.8370090126991272, 14.95236587524414, -0.2696542143788664, -0.5340320075805208, -0.7114922194555109, -0.5305387777481227, -0.774069410670811, -0.9999786227839714]",[1],J2103.9-3546,bcu,J2104.0-3546,bcu,bcu,J2104.0-3546,bcu,J2104.0-3546,bcu
1635,J2104.3-0212,"[1.6621983051300049, 1.574591040611267, 1.4983437061309814, 10.514300346374512, -34.819158024304784, -34.43756169479434, -28.377455020157534, -34.649774206712486, -24.032201754514908, 0.0890820324420929, 0.1602136194705963, 1.188388705253601, 10.097433090209961, 0.9943903673600295, -0.9429098700651235, -0.02646795844443363, -0.10076094575566706, -0.3356122322253777, -0.42296901112699503]",[1],J2104.2-0211,bcu,J2104.3-0212,bll,bll,J2104.3-0212,bll,J2104.3-0212,bll
1636,J2106.9+2455,"[2.6201412677764893, nan, nan, 25.36436653137207, -29.347189040622737, nan, -28.199229223444533, nan, -23.988050134763032, nan, 0.9100874066352844, 0.0, 2.8936173915863037, 0.9999999254098512, -0.5700047364585619, -0.8308037069777735, -0.8009859708888989, -0.9995903070253147, 0.08932300999835048]",[1],J2106.1+2505,bcu,J2106.9+2455,bcu,bcu,J2106.9+2455,bcu,J2106.9+2455,bcu
1637,J2108.0+3655,"[1.9367057085037231, 1.774694561958313, 1.409000277519226, 11.880637168884277, -33.20942282381487, -32.870610538293334, -28.151363055095484, -32.91682864114776, -23.654760548113128, 0.15474195778369904, 0.1653452217578888, 2.4582743644714355, 11.98236083984375, 0.8093184408340797, -0.7172789453215082, -0.41665564041835607, -0.42254548820483634, -0.37262441353371933, -0.8539091721757918]",[1],J2108.0+3654,bcu,J2108.0+3655,bll,bll,J2108.0+3655,bll,J2108.0+3655,bll
1638,J2108.7-0250,"[2.043973922729492, 2.059962749481201, 2.06744122505188, 8.929790496826172, -32.59116513858207, -32.48357822801949, -28.390623358049353, -32.572056841057616, -23.892910710569872, -0.020707642659544945, 0.0, 0.4839651882648468, 12.311429023742676, 0.9669416917087807, -0.49233690404442976, -0.5532596243223263, -0.5516763631501296, -0.6003654944524965, -0.4315088839609074]",[1],J2108.6-0250,bll,J2108.7-0250,bll,bll,J2108.7-0250,bll,J2108.7-0250,bll
1639,J2108.9-6638,"[2.1165647506713867, 2.1112449169158936, 2.0634613037109375, 9.728026390075684, -31.66506215689588, -31.49756334108991, -28.34796978705846, -31.57850121695349, -23.81955404894373, 0.006254230625927448, 0.0281621515750885, 0.23491400480270386, 26.171613693237305, 0.8054103086986473, -0.5413867089678995, -0.6516418434242935, -0.4395594796548539, -0.5862895128359382, -0.6501643392930557]",[1],J2109.1-6638,bcu,J2108.9-6638,bll,bll,J2108.9-6638,bll,J2108.9-6638,bll
1640,J2109.8-8618,"[1.7617756128311157, 1.712112307548523, 1.5548280477523804, 6.144351005554199, -34.56921256868762, -34.3102915314651, -28.44098582569024, -34.40285185976503, -23.975880450861652, 0.04295869916677475, 0.0, 0.7186976075172424, 11.80921745300293, 0.9194355607326293, -0.5466096769330457, -0.5494596493532823, -0.37673584702012797, -0.1877756256718492, -0.4941581262162827]",[1],J2108.6-8619,bcu,J2109.8-8618,bcu,bcu,J2109.8-8618,bcu,J2109.8-8618,bcu
1641,J2110.2-1021c,"[2.5506694316864014, 2.461076498031616, 2.4187731742858887, 9.915410041809082, -29.8484821133238, -29.258762753272833, -28.25374127777851, -29.58682787404379, -23.94174726747565, 0.1640985906124115, 0.1954527348279953, 1.0324941873550415, 4.951215744018555, 0.8624613035063812, -0.44486387407693645, -0.7124138767429858, -0.8945021142060654, -0.9986273953009773, 0.9942592660994314]",[1],J2110.3-1013,fsrq,J2110.2-1021,fsrq,fsrq,J2110.2-1021c,fsrq,J2110.2-1021c,fsrq
1642,J2110.3+0808,"[2.396214008331299, 2.3534295558929443, 2.1688268184661865, 79.11304473876953, -30.477377716234813, -30.242114646886822, -28.094586967229706, -30.289976333412696, -23.680293781680806, 0.07094866037368774, 0.8699164986610413, 1.4748613834381104, 11.99740219116211, 0.984520733499503, -0.6420142645354187, -0.6607087592215336, -0.5760371399179705, -0.9155208700232731, -0.31733885475389867]",[1],J2110.0+0812,fsrq,J2110.3+0808,fsrq,fsrq,J2110.3+0808,fsrq,J2110.3+0808,fsrq
1643,J2111.4+4606,"[2.254214286804199, 2.142178773880005, 1.4569231271743774, 8.4692964553833, -30.42353772650852, -30.068092608498183, -27.353570842665842, -30.08279443446767, -22.542095473014317, 0.26075324416160583, 0.0, 14.159660339355469, 65.68936157226562, 0.9999497517986907, -0.23040667479574795, -0.5303529773013274, -0.601587994441784, -0.8764309955935031, -0.9448548134423788]",[0],J2111.4+4605,PSR,J2111.4+4606,PSR,PSR,J2111.4+4606,PSR,J2111.4+4606,PSR
1644,J2112.7+0819,"[1.906942367553711, 1.7547842264175415, 1.4698305130004883, 26.362356185913086, -33.309316558756244, -32.965860416483345, -28.146013182040612, -33.06580925014777, -23.659048388006944, 0.1368289738893509, 0.5025226473808289, 2.2932775020599365, 15.853683471679688, 0.06864051092506815, -0.21676809507273068, -0.7003612582969947, -0.19629047119157111, -0.46832374143601624, -0.7791703994731444]",[1],J2112.7+0819,bcu,J2112.7+0819,bll,bll,J2112.7+0819,bll,J2112.7+0819,bll
1645,J2114.7+3130,"[2.3449079990386963, 2.269911527633667, 2.020134925842285, 12.511000633239746, -30.952980270171786, -30.696911191471486, -28.111581599215736, -30.72598363089113, -23.702660940250837, 0.09824972599744797, 0.22697001695632935, 1.6323798894882202, 11.004817008972168, -0.780225436892997, -0.41616025267057544, -0.6423384199996287, -0.4987515849708373, -0.9119323265029051, -0.3598439652309638]",[1],J2114.7+3130,bcu,J2114.7+3130,bcu,bcu,J2114.7+3130,bcu,J2114.7+3130,bcu
1646,J2115.1+5449,"[2.2421114444732666, 2.2905983924865723, 0.004710400942713022, 7.583226680755615, -32.47528845665762, -31.732697284619732, -28.282142075062755, -32.01059499293834, -22.91939817736046, 0.7960768938064575, 0.0, 8.175126075744629, 18.328290939331055, -0.6427539370613178, -0.49915510083672393, -0.003240543877506166, -0.44124750571164684, -0.9046223859156487, -0.9999799758876949]",[0],J2114.9+5448,psr,J2115.1+5449,PSR,PSR,J2115.1+5449,MSP,J2115.1+5449,MSP
1647,J2115.4+2932,"[2.3304123878479004, 2.2434680461883545, 2.04893159866333, 635.7157592773438, -29.469821327759476, -29.221332340139817, -27.45938035279971, -29.286430770142577, -23.015674457641012, 0.10798414796590805, 0.721459150314331, 6.461055755615234, 54.25432586669922, 0.9993874043168155, -0.47376378765400246, -0.6630708135297944, -0.6242571887944344, -0.7903898532378875, -0.9594882292593047]",[1],J2115.4+2933,fsrq,J2115.4+2932,fsrq,fsrq,J2115.4+2932,fsrq,J2115.4+2932,fsrq
1648,J2116.2+3339,"[1.8997058868408203, 1.7467118501663208, 1.6240849494934082, 138.45249938964844, -31.03653623933005, -30.788654591913545, -27.35909490095243, -30.89049181148206, -22.956477972354385, 0.09836473315954208, 0.3576669991016388, 6.09165620803833, 62.552494049072266, 0.7118797613667005, -0.2928293980258056, -0.39133186492061056, -0.4002444359588921, -0.5662011047745165, -0.5118277970161361]",[1],J2116.1+3339,bll,J2116.2+3339,bll,bll,J2116.2+3339,bll,J2116.2+3339,bll
1649,J2117.8-3243,"[2.0291430950164795, 2.0497117042541504, 2.0210864543914795, 8.162031173706055, -33.26788623935656, -33.175306772197516, -28.302199981291523, -33.22038352070223, -23.78583231060322, -0.026123981922864914, 0.0, 0.48978906869888306, 8.717832565307617, 0.8594086890033914, -0.5235299932307511, -0.6356140024403151, -0.6391876501438216, -0.23027519620013784, -0.5975365906990447]",[1],J2118.0-3241,bcu,J2117.8-3243,bll,bll,J2117.8-3243,bll,J2117.8-3243,bll
1650,J2118.0+0019,"[2.572373628616333, 2.246169328689575, 1.4932916164398193, 30.4450740814209, -29.622254445597786, -29.085614688290104, -28.339857492741054, -29.202012938095827, -23.97537164146598, 0.4065552353858948, 1.0025629997253418, 1.7658154964447021, 5.3329596519470215, -0.4904392069347512, -0.611044530484123, -0.6926641509082705, -0.9207053196287157, -0.7702754755626112, -0.1287376877570968]",[1],J2118.4+0013,fsrq,J2118.0+0019,fsrq,fsrq,J2118.0+0019,fsrq,J2118.0+0019,fsrq
1651,J2119.0-3317,"[2.313607692718506, 2.0953729152679443, 0.02379237301647663, 13.17136287689209, -32.316365311747866, -31.759940134716633, -29.129337888412284, -30.461413794210003, -23.61581270035041, 0.9947258830070496, 0.338135302066803, 3.865234136581421, 7.182064056396484, -0.9529742100679636, -0.38751142179356257, 0.4228907248271556, -0.7030139472350798, -0.9435756523913639, -0.9988127711351777]",[1],J2119.2-3313,bcu,J2119.0-3317,bcu,bcu,J2119.0-3317,bcu,J2119.0-3317,bcu
1652,J2121.0+1901,"[2.219963550567627, 2.1556808948516846, 2.0351953506469727, 27.372623443603516, -29.788995195574913, -29.598835649815594, -27.639813836444254, -29.66344313095908, -23.169957241560187, 0.05739682912826538, 0.1444259136915207, 3.3838117122650146, 46.8326301574707, 0.01450239025751839, -0.5614574454190145, -0.6104885206155749, -0.5463937836567339, -0.7171950112943091, -0.8531631306982215]",[1],J2121.0+1901,fsrq,J2121.0+1901,fsrq,fsrq,J2121.0+1901,fsrq,J2121.0+1901,fsrq
1653,J2123.6+0535,"[2.389791965484619, 2.3815345764160156, 2.3665006160736084, 25.852712631225586, -30.538249097459317, -30.348113511410297, -28.21371927844386, -30.467139407961607, -23.780932915803078, 0.019960109144449234, 0.45073196291923523, 0.5085533857345581, 12.531265258789062, 0.9878709730804069, -0.5830766980087535, -0.7693768183706079, -0.5845375967992613, -0.5576999882080261, -0.999985916415384]",[1],J2123.6+0533,fsrq,J2123.6+0535,fsrq,fsrq,J2123.6+0535,fsrq,J2123.6+0535,fsrq
1654,J2124.7-3358,"[2.009197473526001, 1.5898898839950562, 0.3440835177898407, 7.407704830169678, -30.07996186634959, -29.455891455111203, -27.825732748698456, -29.526752700140694, -22.57204540448134, 0.5311933159828186, 0.0, 29.96528434753418, 92.68144989013672, 0.8808647931926412, 0.1615001890819432, -0.2621370899181239, -0.6326865329235644, -0.986731783249396, -0.6466216463122549]",[0],J2124.7-3358,PSR,J2124.7-3358,PSR,PSR,J2124.7-3358,MSP,J2124.7-3358,MSP
1655,J2126.1-3922,"[2.2304141521453857, 2.256153106689453, 2.261662721633911, 15.904423713684082, -32.01497734007437, -31.9329490744688, -28.519447303590198, -31.99899935965357, -24.069962145253882, -0.03846774995326996, 0.45546093583106995, 0.7422545552253723, 7.584227085113525, 0.9997219326191086, -0.37965230628021746, -0.7474028288369808, -0.5421387226113298, -0.6242597859979409, -0.28494656805766755]",[1],J2126.5-3926,bcu,J2126.1-3922,bcu,bll,J2126.1-3922,bll,J2126.1-3922,bll
1656,J2126.3-4605,"[2.5543291568756104, 2.532166004180908, 2.450204372406006, 625.1279907226562, -29.076479868275886, -28.856226828846168, -28.20776141332713, -28.935166436862307, -23.67709814381448, 0.0416271798312664, 1.203214168548584, 1.3723562955856323, 28.60243034362793, -0.22668072370974313, -0.6307697792039499, -0.7783601105253538, -0.6034259494589341, -0.8555427331421577, -0.9993696927524605]",[1],J2126.5-4605,FSRQ,J2126.3-4605,FSRQ,FSRQ,J2126.3-4605,FSRQ,J2126.3-4605,FSRQ
1657,J2127.7+3612,"[1.9906721115112305, 1.812103033065796, 1.5917387008666992, 49.35506820678711, -31.566221298443896, -31.2795054559617, -27.796827160226186, -31.35503663658301, -23.29427020234788, 0.1274012178182602, 0.4174042344093323, 3.9570960998535156, 26.955257415771484, -0.23439952417232074, -0.40589250830266943, -0.3827296360746307, -0.4930467941230039, -0.471932154396083, -0.8712342745576828]",[1],J2127.7+3612,bll,J2127.7+3612,bll,bll,J2127.7+3612,bll,J2127.7+3612,bll
1658,J2129.8-0428,"[2.1690967082977295, 1.81139075756073, 0.8304877877235413, 7.540065765380859, -30.790261103397356, -30.30305115649679, -28.33990353008748, -30.32605525203878, -23.350546305225205, 0.45789653062820435, 0.0, 8.101880073547363, 26.81768226623535, 0.9991373739459578, -0.07389107556597717, -0.3712309134792185, -0.6738993821731176, -0.8662076573380788, -0.9999999999998834]",[0],J2129.6-0427,PSR,J2129.8-0428,PSR,PSR,J2129.8-0428,MSP,J2129.8-0428,MSP
1659,J2131.0-2746,"[1.7927285432815552, 1.6220650672912598, 1.4433553218841553, 27.983522415161133, -32.40766043126415, -32.09039233803472, -27.923465705941005, -32.207031152814665, -23.573325959585908, 0.1212354302406311, 0.3194320797920227, 4.0030975341796875, 27.501150131225586, 0.9735671177297583, 0.13490937909000586, -0.20161522130646453, -0.4430271905883958, -0.38719640297093, -0.605890065249482]",[1],J2130.8-2745,bll,J2131.0-2746,bll,bll,J2131.0-2746,bll,J2131.0-2746,bll
1660,J2131.5-0916,"[1.9888406991958618, 1.9852124452590942, 1.9409215450286865, 26.366252899169922, -32.28879223520621, -32.13964543554066, -28.146725010368932, -32.21263643568219, -23.683711911510784, 0.0027603202033787966, 0.3353416919708252, 0.10126989334821701, 20.35896110534668, 0.9708802211032217, -0.4885651212542483, -0.624883290049009, -0.4105071156190298, -0.5495145363384145, -0.18714807418509452]",[1],J2131.5-0915,bll,J2131.5-0916,bll,bll,J2131.5-0916,bll,J2131.5-0916,bll
1661,J2131.7-2515,"[1.8430922031402588, 1.7363954782485962, 1.5067696571350098, 11.320794105529785, -33.43900310644213, -33.05391025570899, -28.352840824204478, -33.15978698885526, -23.960858545122893, 0.12438517063856125, 0.20127540826797485, 2.0964243412017822, 12.512340545654297, -0.9861188532235687, 0.8175884895805464, -0.3993603899344442, -0.36927382017894833, -0.5312037875498067, -0.32846826886280045]",[1],J2131.8-2516,bll,J2131.7-2515,bll,bll,J2131.7-2515,bll,J2131.7-2515,bll
1662,J2132.0-5418,"[2.415879726409912, 2.385389804840088, 2.2601282596588135, 54.26829147338867, -30.485513696465354, -30.277760150258725, -28.417076401165463, -30.30792353466211, -23.950286660354575, 0.07622262835502625, 0.6525848507881165, 1.5141291618347168, 12.937949180603027, 0.9428084172631239, -0.5397817291429083, -0.6405478935918415, -0.6965298200243532, -0.7795194715753536, -0.5428830545834661]",[1],J2132.4-5420,bcu,J2132.0-5418,bcu,bcu,J2132.0-5418,bcu,J2132.0-5418,bcu
1663,J2133.1+2529c,"[1.9646828174591064, 1.924007773399353, 1.7638307809829712, 15.609541893005371, -33.677146843604326, -33.49106364322288, -28.416083087252453, -33.52434653503569, -23.882363697359203, 0.03967607393860817, 0.45095282793045044, 0.6013210415840149, 8.441115379333496, 0.999373744941322, -0.3723600339149784, -0.5199423993233716, -0.2368817808086591, -0.7104236086802519, -0.28926554703857565]",[1],J2133.3+2533,bcu,J2133.1+2529c,bll,bll,J2133.1+2529c,bll,J2133.1+2529c,bll
1664,J2133.9+6646,"[2.0892446041107178, 2.010209798812866, 1.784296989440918, 52.854217529296875, -32.51196114180238, -32.262474959353575, -27.9468439475623, -32.306167710653554, -23.458964529507288, 0.08301369100809097, 0.5375623106956482, 2.2552993297576904, 19.975299835205078, -0.569875360456676, -0.2766660204380036, -0.6592322243728843, -0.35270325521610235, -0.6534662246722995, -0.6648897699141215]",[1],J2133.8+6648,bcu,J2133.9+6646,bll,bll,J2133.9+6646,bll,J2133.9+6646,bll
1665,J2134.2-0154,"[2.2952821254730225, 2.2584307193756104, 2.131739854812622, 103.16365051269531, -30.424210747791403, -30.202728419716067, -28.08249338494197, -30.26037701646047, -23.51655044829894, 0.05450912192463875, 0.5089099407196045, 2.030200481414795, 30.164316177368164, -0.3586416745863921, -0.6055965205316302, -0.6541091882691286, -0.5668438028698409, -0.7696022824051555, -0.5899796560813617]",[1],J2134.1-0152,bll,J2134.2-0154,bll,bll,J2134.2-0154,bll,J2134.2-0154,bll
1666,J2135.3-5006,"[2.43021297454834, 2.3942315578460693, 2.21090030670166, 59.93048095703125, -29.740640892304214, -29.448850415581003, -28.257305898974618, -29.517871903332082, -23.69260422782792, 0.07341929525136948, 0.32292819023132324, 2.0648417472839355, 28.750978469848633, -0.2647074859651165, -0.5603970676527502, -0.713382184322487, -0.6767186826255303, -0.7432291675418067, -0.9301119565684182]",[1],J2135.3-5008,fsrq,J2135.3-5006,fsrq,fsrq,J2135.3-5006,fsrq,J2135.3-5006,fsrq
1667,J2139.4-4235,"[2.012235641479492, 1.929222822189331, 1.8765931129455566, 807.3895874023438, -29.57881755290877, -29.42296261615875, -27.240246634622036, -29.507165705119387, -22.80199323345421, 0.04914066568017006, 0.5570478439331055, 5.034471035003662, 96.85205078125, 0.10039270519397495, -0.4297531673488332, -0.5245124339979065, -0.4679620580403347, -0.6384464168626465, -0.5461202040617705]",[1],J2139.4-4235,bll,J2139.4-4235,bll,bll,J2139.4-4235,bll,J2139.4-4235,bll
1668,J2140.0+4716,"[2.3949453830718994, 2.3110415935516357, 0.4374699890613556, 5.670156002044678, -30.010018074874598, -29.473408507529005, -27.782618558490118, -29.54868549301175, -22.74085909522009, 0.6476242542266846, 0.0, 18.400299072265625, 49.00979232788086, -0.26240043864072704, -0.13034920147300144, -0.5153461678952945, -0.8539574864922764, -0.999932445440079, -0.9999960242490866]",[0],J2140.0+4715,PSR,J2140.0+4716,PSR,PSR,J2140.0+4716,PSR,J2140.0+4716,PSR
1669,J2141.7-6410,"[2.3330237865448, 2.233586072921753, 2.041257381439209, 1711.7767333984375, -29.054575347682245, -28.78949678001265, -27.761646430883, -28.871772889549245, -23.206710809441173, 0.10268931090831757, 0.9302709102630615, 7.088399887084961, 69.67720031738281, 0.4452985867472337, -0.4677462599524431, -0.6707832322583621, -0.6553612727720425, -0.7905019831331018, -0.9541775191532104]",[1],J2141.6-6412,bcu,J2141.7-6410,bcu,bcu,J2141.7-6410,bcu,J2141.7-6410,bcu
1670,J2141.8-3727,"[2.6226625442504883, 2.6084096431732178, 2.54709792137146, 49.015220642089844, -29.07474042729586, -28.899080507499583, -28.273653120812156, -28.96468240893706, -23.842643459407913, 0.025845548138022423, 0.43143463134765625, 0.6574510335922241, 15.93944263458252, -0.3463573332932101, -0.6885451760776052, -0.7128350203821359, -0.7935082918247038, -0.7642474852457859, -0.9999999835116435]",[1],J2141.7-3734,fsrq,J2141.8-3727,fsrq,fsrq,J2141.8-3727,fsrq,J2141.8-3727,fsrq
1671,J2142.5-2552,"[2.208500862121582, 2.097644567489624, 1.8269243240356445, 53.85050964355469, -31.25654439728894, -30.927413499045677, -28.432768570885482, -30.9984064581944, -23.88589951887761, 0.12686282396316528, 0.6994847655296326, 2.004894733428955, 12.93692684173584, 0.7034884181132396, -0.3643118138351353, -0.7292595258351602, -0.34516085453113443, -0.900633385484565, -0.9890023877788544]",[1],J2142.2-2546,bcu,J2142.5-2552,bcu,bcu,J2142.5-2552,bcu,J2142.5-2552,bcu
1672,J2143.1-3929,"[2.138925313949585, 2.1448662281036377, 2.1464035511016846, 48.39387512207031, -31.736626604280747, -31.60609987110577, -28.34208987906738, -31.708389132630703, -23.818238010628935, -0.0058782161213457584, 0.6499826908111572, 0.14548000693321228, 15.06291675567627, 0.8494578390089487, -0.42720557033029105, -0.665390156763012, -0.5471550195282059, -0.6916477240820965, -0.22495689779595276]",[1],J2143.1-3928,bll,J2143.1-3929,bll,bll,J2143.1-3929,bll,J2143.1-3929,bll
1673,J2143.5+1743,"[2.4942126274108887, 2.4504289627075195, 2.418360710144043, 268.2575988769531, -27.466602046018274, -27.306885350392644, -27.413287687395517, -27.402533572596575, -22.87735016275611, 0.037897635251283646, 0.23855867981910706, 3.6901297569274902, 92.65097045898438, -0.27644863099777883, -0.6525885745220872, -0.7288490160752288, -0.6807899296890069, -0.7652721147256846, -0.7749611862574439]",[1],J2143.5+1744,fsrq,J2143.5+1743,fsrq,fsrq,J2143.5+1743,fsrq,J2143.5+1743,fsrq
1674,J2144.2+3132,"[2.112274408340454, 2.0643253326416016, 1.9388768672943115, 26.563692092895508, -31.893340943192744, -31.646263991669198, -28.170821492374394, -31.737290160698983, -23.664376732346696, 0.057321157306432724, 0.3977926969528198, 1.532244086265564, 18.62999153137207, 0.9935902659937322, -0.48839496059036097, -0.5275374029084963, -0.6145678947006487, -0.40298703823326676, -0.8175974459365566]",[1],J2144.2+3132,bcu,J2144.2+3132,bll,bll,J2144.2+3132,bll,J2144.2+3132,bll
1675,J2145.0-3356,"[2.2998945713043213, 2.163658857345581, 2.008910894393921, 293.956298828125, -29.336568873414013, -29.09248673657712, -28.03503315229904, -29.183289884221647, -23.425306164308616, 0.11776898056268692, 0.6778554320335388, 4.425260066986084, 39.4064826965332, -0.10727669607628558, -0.43104759087191985, -0.624040197635046, -0.7002299094475362, -0.775117859223033, -0.6988928569794671]",[1],J2144.9-3356,fsrq,J2145.0-3356,fsrq,fsrq,J2145.0-3356,fsrq,J2145.0-3356,fsrq
1676,J2145.7+0718,"[2.077796459197998, 2.1022872924804688, 1.9857321977615356, 3.135305166244507, -33.50298171328712, -33.383570250473795, -28.36609092748942, -33.418878917067616, -23.882282242595046, -0.020959002897143364, 0.0, 0.2880779206752777, 8.124223709106445, 0.7156659145701847, -0.7302463729597333, -0.7929454187245403, -0.2798751787576968, -0.4470434813772153, -0.6064559412452443]",[1],J2145.7+0717,bll,J2145.7+0718,bll,bll,J2145.7+0718,bll,J2145.7+0718,bll
1677,J2146.4-1528,"[2.7959394454956055, 2.724959373474121, 2.4575517177581787, 37.156192779541016, -28.341156052170774, -28.030633113813654, -28.19390850763626, -28.078261602497033, -24.01391833382447, 0.1237364411354065, 0.6410634517669678, 1.540474772453308, 7.742417335510254, 0.9984203020871427, -0.6480848603088207, -0.8556685344680981, -0.8009461888267662, -0.8736728825585272, -0.9946379754291548]",[1],J2146.7-1527,fsrq,J2146.4-1528,fsrq,fsrq,J2146.4-1528,fsrq,J2146.4-1528,fsrq
1678,J2146.5-1344,"[1.7213472127914429, 1.4950065612792969, 1.279870867729187, 34.823211669921875, -32.41262163286798, -32.08552304044419, -27.54632276038694, -32.17201013007829, -23.310655848844437, 0.13823546469211578, 0.2882276177406311, 5.290240287780762, 38.780052185058594, 0.9774538656848087, -0.31396772736211315, -0.2980172927947389, -0.2191386478947793, -0.3909044648359226, -0.5504100057965156]",[1],J2146.6-1344,bll,J2146.5-1344,bll,bll,J2146.5-1344,bll,J2146.5-1344,bll
1679,J2147.1+0931,"[2.537898302078247, 2.4323835372924805, 2.263310432434082, 573.587646484375, -27.855902272281412, -27.641512273442483, -27.820826473814105, -27.690142027369774, -23.286293470217167, 0.09991396218538284, 0.7196192741394043, 4.6139140129089355, 40.9805793762207, -0.2462405703272834, -0.6039883065322267, -0.7411480163973041, -0.7764653341187275, -0.7934671794012642, -0.7744256986026495]",[1],J2147.2+0929,FSRQ,J2147.1+0931,FSRQ,FSRQ,J2147.1+0931,FSRQ,J2147.1+0931,FSRQ
1680,J2147.3-7536,"[2.4408700466156006, 2.3662047386169434, 2.2663207054138184, 2763.298095703125, -28.152703523187586, -27.958310013858704, -27.54924585770902, -28.039954010079807, -23.017523692813235, 0.06735417246818542, 0.7423748970031738, 6.307831287384033, 97.40767669677734, -0.10019701051125073, -0.6102310188034025, -0.6935083912221164, -0.6909548463413165, -0.8283135088811286, -0.7919857348103004]",[1],J2147.3-7536,FSRQ,J2147.3-7536,FSRQ,FSRQ,J2147.3-7536,FSRQ,J2147.3-7536,FSRQ
1681,J2149.6+0323,"[2.1565520763397217, 2.1144094467163086, 1.9958642721176147, 43.28507614135742, -31.815050633050284, -31.57773667646888, -28.27671110609612, -31.64928731352503, -23.77055927236655, 0.05276086926460266, 0.6575168371200562, 1.0829001665115356, 16.283409118652344, -0.09552428391968597, -0.7359653952260876, -0.5216727141007488, -0.5327571167612302, -0.780069463335016, -0.30248220309031126]",[1],J2149.7+0323,bll,J2149.6+0323,bll,bll,J2149.6+0323,bll,J2149.6+0323,bll
1682,J2149.7+1917,"[2.520831823348999, 2.464655637741089, 2.3568806648254395, 71.56832885742188, -30.16890089337537, -29.873646453519033, -28.07429429592566, -29.993992199818106, -23.788074987300387, 0.09316043555736542, 0.9880818128585815, 1.3554784059524536, 10.659989356994629, -0.7369508055064939, -0.44288053472849653, -0.7223280621378481, -0.78362666718909, -0.6177371498333527, -0.9997642072780569]",[1],J2149.6+1915,bcu,J2149.7+1917,bcu,bcu,J2149.7+1917,bcu,J2149.7+1917,bcu
1683,J2150.1-1410,"[1.777985692024231, 1.6083375215530396, 1.431223750114441, 12.319083213806152, -33.6897969364854, -33.276395225781684, -28.193901845158706, -33.43923071982444, -23.842136260465352, 0.14216752350330353, 0.25194251537323, 2.187519073486328, 14.605999946594238, 0.9523354720935374, -0.7318200715844355, -0.08400484057361211, -0.10691164696684331, -0.6230383922808878, -0.326775112720422]",[1],J2150.2-1411,bll,J2150.1-1410,bll,bll,J2150.1-1410,bll,J2150.1-1410,bll
1684,J2151.8-3027,"[2.8536994457244873, 2.7489495277404785, 2.3017547130584717, 963.7789306640625, -27.024902308903435, -26.685899546156115, -27.74707003531083, -26.73212022713311, -23.537455549497007, 0.18507346510887146, 0.7389845848083496, 6.976926326751709, 46.68077087402344, -0.30672318583894975, -0.6908621761908875, -0.8614050453000018, -0.8758394117337122, -0.9164559394913253, -0.9972433483313231]",[1],J2151.8-3025,fsrq,J2151.8-3027,fsrq,fsrq,J2151.8-3027,fsrq,J2151.8-3027,fsrq
1685,J2152.5+1737,"[2.270301580429077, 2.236997127532959, 2.12821102142334, 13.035512924194336, -32.331402265811256, -32.14716198277683, -28.381052321269532, -32.21447550817015, -24.048471156530844, 0.036048002541065216, 0.2583659887313843, 0.2908514142036438, 4.45160436630249, 0.7860482688844854, -0.5735365321096958, -0.6989432181586221, -0.6295017602185791, -0.6189276782342129, -0.9530072647384782]",[1],J2152.4+1735,bll,J2152.5+1737,bll,bll,J2152.5+1737,bll,J2152.5+1737,bll
1686,J2153.1-0041,"[1.7906743288040161, 1.7851552963256836, 1.7331699132919312, 15.692012786865234, -34.826450664003694, -34.645081877368156, -28.43713501451992, -34.707874702630875, -23.88875743293106, 0.005923538003116846, 0.7281379103660583, 0.08879644423723221, 7.769064426422119, 0.9973510699361898, -0.85522779149486, -0.027935363257827615, -0.36983314730410216, -0.428683874866627, -0.07164046183907484]",[1],J2152.9-0045,bll,J2153.1-0041,bll,bll,J2153.1-0041,bll,J2153.1-0041,bll
1687,J2153.8-1137,"[2.5523343086242676, 2.527043104171753, 2.395490884780884, 51.983524322509766, -29.249979402798655, -29.006436894360956, -28.062956255719097, -29.032381835548698, -23.65359969212048, 0.06299958378076553, 0.381948858499527, 1.785684585571289, 18.952180862426758, -0.2027477852186605, -0.668387526545532, -0.7210793498202597, -0.7965216224824827, -0.7148643195896768, -0.744518428387109]",[1],J2154.0-1137,fsrq,J2153.8-1137,fsrq,fsrq,J2153.8-1137,fsrq,J2153.8-1137,fsrq
1688,J2156.0+1818,"[1.7562321424484253, 1.6447136402130127, 1.4869621992111206, 12.142053604125977, -33.80310313848925, -33.462900420415835, -28.106158635289418, -33.59082700210301, -23.75112384320777, 0.0961112231016159, 0.19930431246757507, 2.028517246246338, 17.05494499206543, -0.8202972021889969, -0.14285703625621485, -0.36678041830732727, -0.2697117652060916, -0.4755197263736084, -0.2942956398937748]",[1],J2156.0+1818,bcu,J2156.0+1818,bll,bll,J2156.0+1818,bll,J2156.0+1818,bll
1689,J2156.9-0854,"[2.0869882106781006, 1.805284023284912, 1.3766753673553467, 7.804771423339844, -32.35212670425004, -31.968336104827838, -28.476846255074875, -32.0346220948193, -23.973365655622946, 0.22111155092716217, 0.0, 2.0068929195404053, 9.516839981079102, -0.4422214560841289, -0.68041872796292, -0.4748555169002136, -0.39313758044709946, -0.5100595626167166, -0.9992073555694724]",[1],J2156.9-0855,bll,J2156.9-0854,bll,bll,J2156.9-0854,bll,J2156.9-0854,bll
1690,J2157.5+3127,"[2.310636520385742, 2.17142391204834, 1.9002301692962646, 1583.80517578125, -29.109763606928485, -28.829975514199678, -27.674237901326467, -28.900685013919276, -23.05495998536783, 0.136617511510849, 1.1387428045272827, 8.193785667419434, 58.30256652832031, -0.05430602694123727, -0.5168106051467837, -0.6115986402153861, -0.6667050788903006, -0.8943587810063113, -0.8381924424835614]",[1],J2157.5+3126,fsrq,J2157.5+3127,fsrq,fsrq,J2157.5+3127,fsrq,J2157.5+3127,fsrq
1691,J2158.1-1501,"[2.1813342571258545, 2.136590003967285, 2.0329787731170654, 31.58860206604004, -30.888619665603258, -30.617790345027068, -28.133788565935024, -30.72542950626759, -23.569909611924004, 0.06865482777357101, 0.26693886518478394, 2.170438766479492, 26.144222259521484, -0.6125016350821805, -0.4171632176919202, -0.613120864621322, -0.6250394819031726, -0.575335129760822, -0.6617906429494533]",[1],J2158.0-1501,fsrq,J2158.1-1501,fsrq,fsrq,J2158.1-1501,fsrq,J2158.1-1501,fsrq
1692,J2158.8-3013,"[1.8506613969802856, 1.766789436340332, 1.7436960935592651, 656.0535278320312, -29.564358099059476, -29.42951941582646, -26.437952171003598, -29.51411863532773, -22.155850542068773, 0.04096861183643341, 0.2554998993873596, 5.023880958557129, 224.6385955810547, -0.12455416454445037, -0.34390826511529243, -0.44852421078521976, -0.4041306017518048, -0.5072484208414977, -0.43490618098314365]",[1],J2158.8-3013,bll,J2158.8-3013,bll,bll,J2158.8-3013,bll,J2158.8-3013,bll
1693,J2159.1-2840,"[1.878302812576294, 1.7022366523742676, 1.3680740594863892, 16.5780029296875, -33.16911115639996, -32.78772006844596, -28.2576424274041, -32.86392059487273, -23.842420954154882, 0.15895827114582062, 0.35007932782173157, 2.6576788425445557, 14.607779502868652, -0.9999983514507607, 0.9999785755431139, -0.49056641429810893, -0.3193066643439983, -0.5980440567750384, -0.6342259979600966]",[1],J2159.2-2841,bcu,J2159.1-2840,bcu,bll,J2159.1-2840,bll,J2159.1-2840,bll
1694,J2200.1+2138,"[2.043956995010376, 1.9768115282058716, 1.772192120552063, 43.3922004699707, -32.46805036032326, -32.206308927335435, -28.29477458007049, -32.28539055292243, -23.797215178214664, 0.0637538805603981, 0.6186442375183105, 1.285751461982727, 14.134172439575195, 0.11924725925569622, -0.4558724692227529, -0.6753819788581544, -0.2979145187895014, -0.5472961907551582, -0.8583687499521075]",[1],J2200.2+2139,bll,J2200.1+2138,bll,bll,J2200.1+2138,bll,J2200.1+2138,bll
1695,J2200.3+1029,"[2.5493204593658447, 2.5358047485351562, 2.440887212753296, 7.657724380493164, -30.098700479877355, -29.906631585855408, -28.31384519380021, -29.97719968167773, -23.99555907808854, 0.030023537576198578, 0.0, 0.41655233502388, 7.313560485839844, 0.9999976848659364, -0.6518754402547547, -0.8343421815613947, -0.37432297467067027, -0.7906452674548792, -0.9999600649286066]",[1],J2159.8+1025,bll,J2200.3+1029,bll,bll,J2200.3+1029,bll,J2200.3+1029,bll
1696,J2200.7-2414,"[2.2253835201263428, 2.1744258403778076, 2.029841423034668, 28.603416442871094, -31.738515395246267, -31.499715347401562, -28.56657830328233, -31.578675524511453, -24.070648474729115, 0.050080835819244385, 0.6648202538490295, 0.7150442004203796, 9.680248260498047, -0.7330236981633025, -0.35482505728886826, -0.701809812443777, -0.40479164823643593, -0.7053654242902612, -0.6300650576689187]",[1],J2200.9-2412,bcu,J2200.7-2414,bcu,bcu,J2200.7-2414,bcu,J2200.7-2414,bcu
1697,J2201.5-8339,"[2.554399251937866, 2.491299629211426, 2.16518497467041, 392.476806640625, -29.430955129789712, -29.15479253181074, -27.416584996013945, -29.17273008192435, -23.352730451619003, 0.14832651615142822, 0.7788915634155273, 5.760857105255127, 35.9388542175293, 0.9775326309841861, -0.6585874418743366, -0.698879405151405, -0.7489183023449012, -0.8714949346748738, -0.9998638135110389]",[1],J2202.4-8339,fsrq,J2201.5-8339,fsrq,fsrq,J2201.5-8339,fsrq,J2201.5-8339,fsrq
1698,J2201.8+5048,"[2.6604487895965576, 2.5626821517944336, 2.249150037765503, 3121.675537109375, -27.853633228152162, -27.548360774154254, -27.297497438989716, -27.61298415798601, -23.012305781957618, 0.14222075045108795, 1.1832358837127686, 7.5800652503967285, 57.252967834472656, -0.3144209496210083, -0.6085716640292561, -0.7747762811614459, -0.8106698937954033, -0.8951658121099927, -0.9999671355857073]",[1],J2201.7+5047,fsrq,J2201.8+5048,fsrq,fsrq,J2201.8+5048,fsrq,J2201.8+5048,fsrq
1699,J2202.7+4216,"[2.2024619579315186, 2.143188953399658, 2.063145160675049, 3523.43994140625, -28.55691356603832, -28.325739784631637, -26.641829135846415, -28.433002881227125, -22.112170878962985, 0.06022395193576813, 0.4589446485042572, 10.174378395080566, 204.12237548828125, -0.16208365492777638, -0.48423783865286474, -0.6195721648709892, -0.5880040236758909, -0.6947037353361994, -0.6612446760394659]",[1],J2202.7+4217,BLL,J2202.7+4216,BLL,BLL,J2202.7+4216,BLL,J2202.7+4216,BLL
1700,J2203.4+1725,"[2.3208746910095215, 2.2314465045928955, 2.142460823059082, 942.9465942382812, -28.828850625379456, -28.62940375218721, -27.65347048829054, -28.721766240057928, -23.097995940701153, 0.07473840564489365, 0.88514643907547, 4.490599632263184, 61.973167419433594, -0.11964891428484632, -0.49299478095221844, -0.6654658356144958, -0.6589619353936306, -0.7071695478586841, -0.7842342540893519]",[1],J2203.4+1725,fsrq,J2203.4+1725,fsrq,fsrq,J2203.4+1725,fsrq,J2203.4+1725,fsrq
1701,J2204.3+0438,"[2.381249189376831, 2.3347105979919434, 2.057420253753662, 19.600282669067383, -30.702259052886244, -30.3411052982323, -28.319968907959595, -30.280902458060055, -23.878967676300604, 0.12412770837545395, 0.3796994388103485, 1.8986343145370483, 12.498804092407227, -0.6195778828077412, -0.5923804643123355, -0.6066627081459351, -0.7486357863825388, -0.6985100404003886, -0.7009802384804864]",[1],J2204.4+0439,bll,J2204.3+0438,bll,bll,J2204.3+0438,bll,J2204.3+0438,bll
1702,J2206.8-0032,"[2.247335910797119, 2.1881096363067627, 1.9962600469589233, 99.2026596069336, -30.784769716164796, -30.541001496877776, -28.088776675115813, -30.59385015380117, -23.54460637196302, 0.07689806818962097, 0.6029654741287231, 2.2605483531951904, 23.114835739135742, 0.4998060814115072, -0.45092281965753334, -0.6251685417414963, -0.5080148768213366, -0.9239824909977671, 0.09004119085798494]",[1],J2206.9-0031,bll,J2206.8-0032,bll,bll,J2206.8-0032,bll,J2206.8-0032,bll
1703,J2207.5-5346,"[2.435499668121338, 2.414151191711426, 2.3654398918151855, 82.58123779296875, -29.944264286905014, -29.741182317188088, -28.416300264370395, -29.839659405036077, -23.851198673115388, 0.03024693764746189, 0.49826955795288086, 0.9340330362319946, 25.304088592529297, -0.4155320485438208, -0.5737293390730192, -0.7105618532941039, -0.6735339593289132, -0.8430861523176607, -0.2404356212386684]",[1],J2207.8-5345,fsrq,J2207.5-5346,fsrq,fsrq,J2207.5-5346,fsrq,J2207.5-5346,fsrq
1704,J2211.4-7040,"[2.163555383682251, 2.204254150390625, 2.240112066268921, 6.7632365226745605, -32.91144603794502, -32.848756390888916, -28.750511736773127, -32.91468414169521, -24.30577101795492, -0.04801827669143677, 0.0, 0.8854755759239197, 8.232992172241211, -0.5140034159023301, -0.5055360025617214, -0.6730348365158357, -0.617167455174334, -0.5027684539818852, -0.43173890660993247]",[1],J2212.3-7039,bcu,J2211.4-7040,bcu,bll,J2211.4-7040,bll,J2211.4-7040,bll
1705,J2212.0+2356,"[2.2121663093566895, 2.118915557861328, 2.0145301818847656, 7.402867317199707, -30.319738233195462, -30.071914047680902, -27.88950394252368, -30.174984266134448, -23.37463251163139, 0.0968281701207161, 0.0, 3.469512939453125, 29.771589279174805, -0.1697570847768955, -0.45651110025306524, -0.5870381935062371, -0.6513521267744523, -0.6875390772570718, -0.518539897118956]",[1],J2212.0+2355,fsrq,J2212.0+2356,fsrq,fsrq,J2212.0+2356,fsrq,J2212.0+2356,fsrq
1706,J2212.6+2800,"[2.1657907962799072, 2.111314296722412, 1.9938645362854004, 9.498612403869629, -31.644581069577306, -31.369943142071715, -28.310586024979763, -31.466359149401246, -23.79768898159888, 0.07757341116666794, 0.02861803025007248, 1.811609148979187, 15.416678428649902, 0.9966140612994173, 0.5196596050289026, -0.5567859863712477, -0.611955051787256, -0.49779378789949413, -0.668556145703897]",[1],J2212.6+2801,bcu,J2212.6+2800,bll,bll,J2212.6+2800,bll,J2212.6+2800,bll
1707,J2212.9-2526,"[2.2551352977752686, 2.1583287715911865, 1.9278552532196045, 77.5230484008789, -30.899448238272036, -30.57091730247558, -28.39919813583338, -30.66450948473833, -23.835955034518367, 0.12756986916065216, 0.686578631401062, 2.632352590560913, 19.294485092163086, 0.9810904608766927, -0.19495014865747118, -0.6550858986598509, -0.5819775908458507, -0.7904124357503705, -0.9999950876782028]",[1],J2213.1-2532,fsrq,J2212.9-2526,fsrq,fsrq,J2212.9-2526,fsrq,J2212.9-2526,fsrq
1708,J2213.5-4754,"[1.8527390956878662, 1.626686453819275, 1.3319343328475952, 11.545147895812988, -34.01035829120899, -33.61792828664386, -28.697862929909782, -33.70860019016326, -24.25377954124676, 0.14790187776088715, 0.23789821565151215, 1.1724867820739746, 8.495304107666016, 0.9994562997938188, -0.8859677291644915, -0.08238002217434229, -0.5745866573772993, -0.1545205654490048, -0.7165099918774872]",[1],J2213.6-4755,bcu,J2213.5-4754,bcu,bll,J2213.5-4754,bll,J2213.5-4754,bll
1709,J2214.6+3000,"[2.0609800815582275, 1.6836377382278442, 0.562239408493042, 11.667919158935547, -30.096218812304645, -29.51220205316851, -27.868596049778652, -29.57571311049132, -22.706776895697285, 0.4910552501678467, 0.03244444727897644, 25.11261558532715, 88.14918518066406, 0.29843731596150186, -0.10893557638767026, -0.34415367036626027, -0.6497447536821361, -0.9999891410525934, -0.9999999860709745]",[0],J2214.6+3000,PSR,J2214.6+3000,PSR,PSR,J2214.6+3000,MSP,J2214.6+3000,MSP
1710,J2215.6+5135,"[2.2242116928100586, 2.0739879608154297, 1.374137282371521, 12.716730117797852, -30.996408083459983, -30.624773852611956, -27.993936164802882, -30.64058018187786, -23.076439982331525, 0.2932848334312439, 0.07399298995733261, 9.573389053344727, 40.87342071533203, -0.09052490691763809, -0.3539486705520038, -0.44027247745194426, -0.6246563287769257, -0.88758281681712, -0.8733696440430927]",[0],J2215.6+5134,PSR,J2215.6+5135,PSR,PSR,J2215.6+5135,MSP,J2215.6+5135,MSP
1711,J2216.9+2421,"[2.284451961517334, 2.23909330368042, 2.111542224884033, 41.26702880859375, -30.861496839577715, -30.648871003367756, -28.164523445398604, -30.71062814018165, -23.65260431564674, 0.05558040738105774, 0.44968530535697937, 1.5448054075241089, 19.41712188720703, -0.28892672556228854, -0.5388209935340962, -0.6745727933186046, -0.6064703639865556, -0.6228838785181613, -0.8913338227462044]",[1],J2217.0+2421,bll,J2216.9+2421,bll,bll,J2216.9+2421,bll,J2216.9+2421,bll
1712,J2219.2+1806,"[2.2830312252044678, 2.1778576374053955, 2.0569756031036377, 535.5416259765625, -29.682408891352654, -29.479323811860986, -27.841081718139385, -29.555220971416404, -23.354458945158996, 0.0836285948753357, 1.0725051164627075, 3.3429629802703857, 35.89397048950195, -0.23842288560265212, -0.46555625408994605, -0.6245298446504031, -0.6015851914922157, -0.7652243669082247, -0.8869684593667363]",[1],J2219.2+1806,fsrq,J2219.2+1806,fsrq,fsrq,J2219.2+1806,fsrq,J2219.2+1806,fsrq
1713,J2220.5+2813,"[1.9862987995147705, 1.9401589632034302, 1.8730199337005615, 6.7571516036987305, -33.176827274002285, -32.94898877294432, -28.477418197289055, -33.06041240499706, -23.97875717807209, 0.041228074580430984, 0.0, 0.6163378357887268, 9.269811630249023, 0.9993267346870054, -0.7710977359664631, -0.49051996689648825, -0.44960389812802476, -0.388985865679625, -0.7115188750305508]",[1],J2220.3+2812,bcu,J2220.5+2813,bll,bll,J2220.5+2813,bll,J2220.5+2813,bll
1714,J2221.5-5225,"[1.7747129201889038, 1.6087210178375244, 1.5354219675064087, 36.77048110961914, -32.389403898689764, -32.11462267056391, -27.94381741718276, -32.245940348633276, -23.66590826561996, 0.10364776849746704, 0.32364293932914734, 3.88258957862854, 31.273303985595703, 0.3493881319267249, 0.21758300596297267, -0.30819953560568947, -0.3073265118770495, -0.4707558402980307, -0.4978800008592349]",[1],J2221.6-5225,bll,J2221.5-5225,bll,bll,J2221.5-5225,bll,J2221.5-5225,bll
1715,J2221.9-3504,"[2.676793098449707, 2.5615038871765137, 1.9731587171554565, 46.28666305541992, -29.312500190106345, -28.87571734254641, -28.65525502264299, -28.95407391007534, -24.312364215602134, 0.23453372716903687, 1.0027474164962769, 1.4545202255249023, 6.794467926025391, 0.9997639354986418, -0.5858893210110063, -0.7478454087115023, -0.9041031961716326, -0.9866375714731394, 0.9642642593976881]",[1],J2222.3-3500,fsrq,J2221.9-3504,fsrq,fsrq,J2221.9-3504,fsrq,J2221.9-3504,fsrq
1716,J2224.0-1127,"[2.105942726135254, 1.8506450653076172, 0.9810045957565308, 13.935111045837402, -32.90634411329761, -32.403348139102896, -28.42599248187668, -32.46146603038277, -23.944486549813735, 0.3867253065109253, 0.48195719718933105, 2.1506450176239014, 4.92197847366333, -0.8190932256030996, -0.856901048853081, -0.286892561973964, -0.4350364319713336, -0.7876999527370099, -0.9793220288149377]",[1],J2224.6-1122,bll,J2224.0-1127,bll,bll,J2224.0-1127,bll,J2224.0-1127,bll
1717,J2224.0-1127,"[2.105942726135254, 1.8506450653076172, 0.9810045957565308, 13.935111045837402, -32.90634411329761, -32.403348139102896, -28.42599248187668, -32.46146603038277, -23.944486549813735, 0.3867253065109253, 0.48195719718933105, 2.1506450176239014, 4.92197847366333, -0.8190932256030996, -0.856901048853081, -0.286892561973964, -0.4350364319713336, -0.7876999527370099, -0.9793220288149377]",[1],J2224.6-1122,bll,J2224.0-1127,bll,bll,J2224.0-1127,bll,J2225.5-1114,bll
1718,J2224.0-1127,"[2.105942726135254, 1.8506450653076172, 0.9810045957565308, 13.935111045837402, -32.90634411329761, -32.403348139102896, -28.42599248187668, -32.46146603038277, -23.944486549813735, 0.3867253065109253, 0.48195719718933105, 2.1506450176239014, 4.92197847366333, -0.8190932256030996, -0.856901048853081, -0.286892561973964, -0.4350364319713336, -0.7876999527370099, -0.9793220288149377]",[1],J2224.6-1122,bll,J2224.0-1127,bll,bll,J2225.5-1114,bll,J2224.0-1127,bll
1719,J2224.0-1127,"[2.105942726135254, 1.8506450653076172, 0.9810045957565308, 13.935111045837402, -32.90634411329761, -32.403348139102896, -28.42599248187668, -32.46146603038277, -23.944486549813735, 0.3867253065109253, 0.48195719718933105, 2.1506450176239014, 4.92197847366333, -0.8190932256030996, -0.856901048853081, -0.286892561973964, -0.4350364319713336, -0.7876999527370099, -0.9793220288149377]",[1],J2224.6-1122,bll,J2224.0-1127,bll,bll,J2225.5-1114,bll,J2225.5-1114,bll
1720,J2224.0-1127,"[2.105942726135254, 1.8506450653076172, 0.9810045957565308, 13.935111045837402, -32.90634411329761, -32.403348139102896, -28.42599248187668, -32.46146603038277, -23.944486549813735, 0.3867253065109253, 0.48195719718933105, 2.1506450176239014, 4.92197847366333, -0.8190932256030996, -0.856901048853081, -0.286892561973964, -0.4350364319713336, -0.7876999527370099, -0.9793220288149377]",[1],J2224.6-1122,bll,J2225.5-1114,bll,bll,J2224.0-1127,bll,J2224.0-1127,bll
1721,J2224.0-1127,"[2.105942726135254, 1.8506450653076172, 0.9810045957565308, 13.935111045837402, -32.90634411329761, -32.403348139102896, -28.42599248187668, -32.46146603038277, -23.944486549813735, 0.3867253065109253, 0.48195719718933105, 2.1506450176239014, 4.92197847366333, -0.8190932256030996, -0.856901048853081, -0.286892561973964, -0.4350364319713336, -0.7876999527370099, -0.9793220288149377]",[1],J2224.6-1122,bll,J2225.5-1114,bll,bll,J2224.0-1127,bll,J2225.5-1114,bll
1722,J2224.0-1127,"[2.105942726135254, 1.8506450653076172, 0.9810045957565308, 13.935111045837402, -32.90634411329761, -32.403348139102896, -28.42599248187668, -32.46146603038277, -23.944486549813735, 0.3867253065109253, 0.48195719718933105, 2.1506450176239014, 4.92197847366333, -0.8190932256030996, -0.856901048853081, -0.286892561973964, -0.4350364319713336, -0.7876999527370099, -0.9793220288149377]",[1],J2224.6-1122,bll,J2225.5-1114,bll,bll,J2225.5-1114,bll,J2224.0-1127,bll
1723,J2224.0-1127,"[2.105942726135254, 1.8506450653076172, 0.9810045957565308, 13.935111045837402, -32.90634411329761, -32.403348139102896, -28.42599248187668, -32.46146603038277, -23.944486549813735, 0.3867253065109253, 0.48195719718933105, 2.1506450176239014, 4.92197847366333, -0.8190932256030996, -0.856901048853081, -0.286892561973964, -0.4350364319713336, -0.7876999527370099, -0.9793220288149377]",[1],J2224.6-1122,bll,J2225.5-1114,bll,bll,J2225.5-1114,bll,J2225.5-1114,bll
1724,J2225.5-1114,"[2.2698957920074463, 1.4532145261764526, 0.44470053911209106, 19.024452209472656, -31.821641332179073, -31.364932729968242, -28.311781776645862, -31.36864392887431, -23.90984595553209, 0.5689823627471924, 0.575599193572998, 2.4917471408843994, 6.379323482513428, -0.9759941474744466, 0.9976986218394747, -0.675682065593053, -0.4463146171800842, -0.9999997043923281, 0.9968493158419267]",[1],J2224.6-1122,bll,J2224.0-1127,bll,bll,J2224.0-1127,bll,J2224.0-1127,bll
1725,J2225.5-1114,"[2.2698957920074463, 1.4532145261764526, 0.44470053911209106, 19.024452209472656, -31.821641332179073, -31.364932729968242, -28.311781776645862, -31.36864392887431, -23.90984595553209, 0.5689823627471924, 0.575599193572998, 2.4917471408843994, 6.379323482513428, -0.9759941474744466, 0.9976986218394747, -0.675682065593053, -0.4463146171800842, -0.9999997043923281, 0.9968493158419267]",[1],J2224.6-1122,bll,J2224.0-1127,bll,bll,J2224.0-1127,bll,J2225.5-1114,bll
1726,J2225.5-1114,"[2.2698957920074463, 1.4532145261764526, 0.44470053911209106, 19.024452209472656, -31.821641332179073, -31.364932729968242, -28.311781776645862, -31.36864392887431, -23.90984595553209, 0.5689823627471924, 0.575599193572998, 2.4917471408843994, 6.379323482513428, -0.9759941474744466, 0.9976986218394747, -0.675682065593053, -0.4463146171800842, -0.9999997043923281, 0.9968493158419267]",[1],J2224.6-1122,bll,J2224.0-1127,bll,bll,J2225.5-1114,bll,J2224.0-1127,bll
1727,J2225.5-1114,"[2.2698957920074463, 1.4532145261764526, 0.44470053911209106, 19.024452209472656, -31.821641332179073, -31.364932729968242, -28.311781776645862, -31.36864392887431, -23.90984595553209, 0.5689823627471924, 0.575599193572998, 2.4917471408843994, 6.379323482513428, -0.9759941474744466, 0.9976986218394747, -0.675682065593053, -0.4463146171800842, -0.9999997043923281, 0.9968493158419267]",[1],J2224.6-1122,bll,J2224.0-1127,bll,bll,J2225.5-1114,bll,J2225.5-1114,bll
1728,J2225.5-1114,"[2.2698957920074463, 1.4532145261764526, 0.44470053911209106, 19.024452209472656, -31.821641332179073, -31.364932729968242, -28.311781776645862, -31.36864392887431, -23.90984595553209, 0.5689823627471924, 0.575599193572998, 2.4917471408843994, 6.379323482513428, -0.9759941474744466, 0.9976986218394747, -0.675682065593053, -0.4463146171800842, -0.9999997043923281, 0.9968493158419267]",[1],J2224.6-1122,bll,J2225.5-1114,bll,bll,J2224.0-1127,bll,J2224.0-1127,bll
1729,J2225.5-1114,"[2.2698957920074463, 1.4532145261764526, 0.44470053911209106, 19.024452209472656, -31.821641332179073, -31.364932729968242, -28.311781776645862, -31.36864392887431, -23.90984595553209, 0.5689823627471924, 0.575599193572998, 2.4917471408843994, 6.379323482513428, -0.9759941474744466, 0.9976986218394747, -0.675682065593053, -0.4463146171800842, -0.9999997043923281, 0.9968493158419267]",[1],J2224.6-1122,bll,J2225.5-1114,bll,bll,J2224.0-1127,bll,J2225.5-1114,bll
1730,J2225.5-1114,"[2.2698957920074463, 1.4532145261764526, 0.44470053911209106, 19.024452209472656, -31.821641332179073, -31.364932729968242, -28.311781776645862, -31.36864392887431, -23.90984595553209, 0.5689823627471924, 0.575599193572998, 2.4917471408843994, 6.379323482513428, -0.9759941474744466, 0.9976986218394747, -0.675682065593053, -0.4463146171800842, -0.9999997043923281, 0.9968493158419267]",[1],J2224.6-1122,bll,J2225.5-1114,bll,bll,J2225.5-1114,bll,J2224.0-1127,bll
1731,J2225.5-1114,"[2.2698957920074463, 1.4532145261764526, 0.44470053911209106, 19.024452209472656, -31.821641332179073, -31.364932729968242, -28.311781776645862, -31.36864392887431, -23.90984595553209, 0.5689823627471924, 0.575599193572998, 2.4917471408843994, 6.379323482513428, -0.9759941474744466, 0.9976986218394747, -0.675682065593053, -0.4463146171800842, -0.9999997043923281, 0.9968493158419267]",[1],J2224.6-1122,bll,J2225.5-1114,bll,bll,J2225.5-1114,bll,J2225.5-1114,bll
1732,J2227.9+0036,"[2.0423824787139893, 1.9566465616226196, 1.6840733289718628, 18.06481170654297, -32.11317854754669, -31.858843586312684, -27.800914069143833, -31.897902360022794, -23.313961927789062, 0.1270291805267334, 0.2353799045085907, 3.190460443496704, 18.201698303222656, 0.9870894191025534, -0.4319725229935561, -0.4015303778334175, -0.40365453909246424, -0.7326908262666899, -0.46763579617571405]",[1],J2227.8+0040,bll,J2227.9+0036,bll,bll,J2227.9+0036,bll,J2227.9+0036,bll
1733,J2229.0+6114,"[2.2991786003112793, 2.1758062839508057, 1.6572614908218384, 7.028000831604004, -28.914612142436447, -28.501140231909034, -26.489336294899307, -28.56819977007502, -21.853610324349543, 0.21801027655601501, 0.0, 34.71257400512695, 176.615966796875, -0.03538763652228895, -0.3814724682792991, -0.5883502805781439, -0.6669949838177659, -0.8822354583554689, -0.9650094488719682]",[0],J2229.0+6114,PSR,J2229.0+6114,PSR,PSR,J2229.0+6114,PSR,J2229.0+6114,PSR
1734,J2229.7-0832,"[2.587287187576294, 2.4733104705810547, 2.308161735534668, 636.7931518554688, -27.191052841479706, -26.96934832319194, -27.720950929146667, -27.050112962207475, -23.13928115637566, 0.09910156577825546, 0.47326546907424927, 6.513736724853516, 64.73628997802734, -0.21353668746773471, -0.6441119324134252, -0.7613629157413467, -0.7731586181540805, -0.8985183393176976, -0.8723514005262172]",[1],J2229.7-0833,FSRQ,J2229.7-0832,FSRQ,FSRQ,J2229.7-0832,FSRQ,J2229.7-0832,FSRQ
1735,J2230.9-7815,"[2.2960965633392334, 2.2707295417785645, 2.165090560913086, 27.82615089416504, -31.36788798855695, -31.124837933543496, -28.30569613412129, -31.208596932197462, -23.867894343116344, 0.03252487629652023, 0.4615117013454437, 0.6442742347717285, 13.724603652954102, 0.4063563681792442, -0.6155361581173778, -0.5752499336450967, -0.6840368448141774, -0.5003022607072394, -0.9999648839275077]",[1],J2230.5-7817,bcu,J2230.9-7815,bcu,bcu,J2230.9-7815,fsrq,J2230.9-7815,fsrq
1736,J2231.0-4416,"[2.4265201091766357, 2.40250563621521, 2.3108606338500977, 154.9532928466797, -30.065979790554916, -29.77985632677845, -28.5271494898131, -29.907334430160258, -23.958179428920303, 0.04807216674089432, 0.8886062502861023, 1.0295215845108032, 19.155487060546875, 0.052455299597448574, -0.5777840722482912, -0.7383513942612775, -0.7168887362561154, -0.6294245448615483, -0.5621197755322956]",[1],J2230.6-4419,fsrq,J2231.0-4416,fsrq,fsrq,J2231.0-4416,fsrq,J2231.0-4416,fsrq
1737,J2232.6+1143,"[2.2865993976593018, 2.198535680770874, 2.0522899627685547, 75011.8046875, -27.269135352592503, -27.00774081181583, -26.484202372230637, -27.10976869361602, -21.715255958221327, 0.0834752693772316, 1.372076392173767, 25.587770462036133, 349.9376220703125, -0.21715456005141806, -0.5125384787489295, -0.6484279604750163, -0.6337637471844121, -0.8025556476986717, -0.8948947354209705]",[1],J2232.5+1143,FSRQ,J2232.6+1143,FSRQ,FSRQ,J2232.6+1143,FSRQ,J2232.6+1143,FSRQ
1738,J2232.6-2023,"[2.0061819553375244, 2.1025919914245605, 2.099184036254883, 14.35626220703125, -33.39512042848912, -33.40386213590528, -28.606687165826994, -33.38997881859838, -24.092780399331158, -0.07646599411964417, 0.43504250049591064, 1.5740455389022827, 8.226162910461426, -0.14683372407474876, -0.7705607660756916, -0.7388124849454479, -0.1859469154149879, -0.4504603150737703, -0.4265176010323607]",[1],J2232.9-2021,bcu,J2232.6-2023,bll,bll,J2232.6-2023,bll,J2232.6-2023,bll
1739,J2233.9-1229,"[2.1440227031707764, 1.9047719240188599, 1.4634490013122559, 6.395456314086914, -32.84281314864393, -32.422581342939004, -28.601230750153018, -32.49966359997993, -24.13968876734754, 0.2248666137456894, 0.0, 1.2549923658370972, 5.631900310516357, -0.9962872411282087, 0.9988199814345337, -0.4243757815061613, -0.439535600939712, -0.8915828106451119, -0.9944155766312754]",[1],J2233.5-1235,bcu,J2233.9-1229,bcu,bcu,J2233.9-1229,bcu,J2233.9-1229,bcu
1740,J2234.1-2656,"[2.0532896518707275, 1.954642415046692, 1.8764433860778809, 208.4752960205078, -30.781575082975266, -30.5731484587416, -27.890383656240154, -30.66455923756636, -23.457317210902133, 0.07157722860574722, 0.7539209723472595, 2.9006476402282715, 32.8686637878418, -0.34726271543722537, -0.22823273027449212, -0.5550639308163734, -0.5302492044856945, -0.5234164093744227, -0.6828961684282834]",[1],J2234.1-2655,bcu,J2234.1-2656,bll,bll,J2234.1-2656,bll,J2234.1-2656,bll
1741,J2234.7+0943,"[2.1918790340423584, 2.0223309993743896, 0.9407902359962463, 25.950002670288086, -31.213663993526414, -30.76224002595808, -28.166015238985356, -30.837656824311733, -23.174957688856008, 0.41002926230430603, 0.1689719408750534, 8.626753807067871, 31.16537094116211, 0.4352838311101681, 0.01682058512513218, -0.4208308250439552, -0.6062242453368996, -0.8741934032766904, -0.9999935009349614]",[0],J2234.8+0945,PSR,J2234.7+0943,PSR,PSR,J2234.7+0943,MSP,J2234.7+0943,MSP
1742,J2235.3-4836,"[2.5108909606933594, 2.5011889934539795, 2.5012171268463135, 105.22859954833984, -29.41402579244795, -29.2253854501836, -28.350857001103183, -29.37053977840326, -23.804590713992187, 0.02235470339655876, 0.44447216391563416, 0.715326726436615, 30.158977508544922, -0.45817195228453333, -0.5868350041626978, -0.7517209425538977, -0.6743612329982357, -0.693909468966248, -0.5400936729023446]",[1],J2235.3-4835,fsrq,J2235.3-4836,fsrq,fsrq,J2235.3-4836,fsrq,J2235.3-4836,fsrq
1743,J2235.8-3627,"[2.229327440261841, 2.164989709854126, 1.9855598211288452, 38.774715423583984, -30.641125650800326, -30.382315152553517, -28.362105526455565, -30.456630266191716, -23.758795990267892, 0.0767984390258789, 0.31880757212638855, 2.4924230575561523, 26.693828582763672, 0.4572189933249637, -0.5581883846455846, -0.6034041177799803, -0.5948893809908125, -0.6884005053805942, -0.9997544422605571]",[1],J2236.0-3629,bll,J2235.8-3627,bll,bll,J2235.8-3627,bll,J2235.8-3627,bll
1744,J2236.2-1706,"[2.2252871990203857, 2.2011094093322754, 2.137953519821167, 9.558585166931152, -31.41045070328297, -31.198648849873965, -28.420280498856165, -31.311720222398282, -23.90252126218137, 0.02902647852897644, 0.0, 0.651453971862793, 13.26411247253418, 0.9002649197793172, -0.3297360817513478, -0.6207632815030084, -0.655569682191635, -0.4254089390172346, -0.7372803665509133]",[1],J2236.0-1706,fsrq,J2236.2-1706,bll,bll,J2236.2-1706,bll,J2236.2-1706,bll
1745,J2236.3+2828,"[2.268366813659668, 2.145768880844116, 2.0123188495635986, 551.5719604492188, -28.623387456634045, -28.378602422837723, -27.559457558334433, -28.474291673203243, -22.900425081213488, 0.10456761717796326, 0.4183274507522583, 8.427031517028809, 91.06743621826172, -0.13013884429262318, -0.5020116231379146, -0.6083511316248623, -0.691835908101667, -0.7638044967817652, -0.6398539893887627]",[1],J2236.3+2829,bll,J2236.3+2828,fsrq,fsrq,J2236.3+2828,fsrq,J2236.3+2828,fsrq
1746,J2236.4-2309,"[2.7426538467407227, 2.664093255996704, 2.3928587436676025, 42.67626190185547, -28.68118039519734, -28.4154951508163, -28.39237127875108, -28.479139597187427, -24.04932467442923, 0.09618566185235977, 0.4310154914855957, 1.3248021602630615, 14.292549133300781, -0.6039303447796286, -0.5846464088515548, -0.812697723345855, -0.7533475395173256, -0.9999316041196402, -0.851677406431182]",[1],J2235.6-2319,bcu,J2236.4-2309,bcu,bcu,J2236.4-2309,bcu,J2236.4-2309,bcu
1747,J2236.5-1433,"[2.1656477451324463, 2.0645523071289062, 1.9785659313201904, 1765.2303466796875, -28.806598578379003, -28.61274017587904, -27.320621213622154, -28.706223308995927, -22.74850124795309, 0.07101329416036606, 0.7958425283432007, 6.7030134201049805, 100.77342224121094, -0.10545136242090823, -0.45513433921543744, -0.5883866431836348, -0.5851446228092066, -0.7031876146181821, -0.7763183783730381]",[1],J2236.5-1432,BLL,J2236.5-1433,BLL,BLL,J2236.5-1433,BLL,J2236.5-1433,BLL
1748,J2237.0-3921,"[2.380549907684326, 2.323633909225464, 2.17765212059021, 182.83859252929688, -30.657659888552065, -30.415632553097605, -28.53242251347706, -30.491449458831788, -24.025575393234856, 0.08388673514127731, 1.4526066780090332, 1.6894137859344482, 16.187101364135742, -0.5830284283254173, -0.5834882998399945, -0.6900098081124648, -0.6249145165359213, -0.9999999735456719, 0.9999996308862921]",[1],J2237.1-3921,fsrq,J2237.0-3921,fsrq,fsrq,J2237.0-3921,fsrq,J2237.0-3921,fsrq
1749,J2238.5+5903,"[2.395000457763672, 2.371220111846924, 1.4814127683639526, 9.77862548828125, -29.919525746167093, -29.46567149634938, -26.842362532170885, -29.506305392560993, -22.3699332357171, 0.3068530559539795, 0.01732964813709259, 17.71359634399414, 62.9642219543457, -0.19455989934227771, -0.33366271878905773, -0.5927771070637523, -0.7358234621717474, -0.9315490392595593, -0.999995929429577]",[0],J2238.4+5903,PSR,J2238.5+5903,PSR,PSR,J2238.5+5903,PSR,J2238.5+5903,PSR
1750,J2240.6+5833,"[2.4163122177124023, 2.418675422668457, 1.288882851600647, 3.483147382736206, -31.400270811835203, -31.074036989689148, -27.56950043031553, -31.123031131577424, -22.896386323839437, 0.322160542011261, 0.0, 4.924917221069336, 14.543662071228027, 0.2667977835927186, 0.8661135778842605, -0.46688910973293246, -0.6797840362922372, -0.9029110101022582, -0.9999680484407747]",[0],J2240.9+5831,PSR,J2240.6+5833,PSR,PSR,J2240.6+5833,PSR,J2240.6+5833,PSR
1751,J2241.2+4120,"[2.3027260303497314, 2.303734302520752, 2.2451937198638916, 20.12040901184082, -31.757573705012536, -31.61987535186863, -27.905217361606763, -31.6691684540696, -23.599557939428735, -0.0029219358693808317, 0.4844636917114258, 0.07262503355741501, 11.592421531677246, 0.8710478302262125, -0.22530582079295647, -0.6574099250004001, -0.5145156247659544, -0.5727087258028265, -0.6623603742928852]",[1],J2240.9+4121,bll,J2241.2+4120,bll,bll,J2241.2+4120,bll,J2241.2+4120,bll
1752,J2241.7-5236,"[2.0582220554351807, 2.1035187244415283, 0.584054708480835, 6.706266403198242, -31.054382390304763, -30.561611895556194, -27.523104116895475, -30.565966371363462, -22.708723702719723, 0.5202367901802063, 0.0, 22.08197593688965, 48.42987823486328, -0.06521368008339558, 0.03772168931831836, -0.3870021904169675, -0.641086160042203, -0.9822847289919668, -0.9999672624114643]",[0],J2241.6-5237,PSR,J2241.7-5236,PSR,PSR,J2241.7-5236,MSP,J2241.7-5236,MSP
1753,J2243.4-2544,"[2.12902569770813, 1.998695731163025, 1.8521062135696411, 34.49599075317383, -30.55966568873105, -30.292613228189644, -27.717884622670997, -30.37877066675789, -23.2337594345758, 0.13093721866607666, 0.2102394700050354, 5.116872310638428, 40.27873992919922, 0.9999698530278335, -0.39447317872799764, -0.5119489506364806, -0.5990990557590481, -0.7437637745269108, -0.39844890469852534]",[1],J2243.4-2541,bll,J2243.4-2544,bll,bll,J2243.4-2544,bll,J2243.4-2544,bll
1754,J2243.5-3931,"[2.3993499279022217, 2.308537721633911, 2.101116418838501, 18.3346004486084, -30.963649358307737, -30.680001047635592, -28.62585108529696, -30.7623750496433, -24.19225980116839, 0.11039435863494873, 0.4563556909561157, 1.4179118871688843, 10.375436782836914, 0.16857940758788006, -0.6369732613162133, -0.6607247067354538, -0.6884124659263807, -0.752337244620956, -0.9997394820951597]",[1],J2243.2-3933,bcu,J2243.5-3931,bcu,bcu,J2243.5-3931,bcu,J2243.5-3931,bcu
1755,J2243.7-1231,"[2.110708236694336, 2.1930298805236816, 2.172574043273926, 11.438275337219238, -32.65115045090899, -32.62482692666122, -28.21523540630449, -32.640587027547475, -23.74396639008816, -0.0691203773021698, 0.16469614207744598, 1.8728063106536865, 14.241738319396973, -0.5634103079050536, -0.7959327979145886, -0.5708834048738887, -0.603940939004826, -0.2681464389021757, -0.5219591340431105]",[1],J2243.6-1230,bll,J2243.7-1231,bll,bll,J2243.7-1231,bll,J2243.7-1231,bll
1756,J2243.9+2021,"[1.855899453163147, 1.7155159711837769, 1.6105804443359375, 120.92799377441406, -30.83801073935515, -30.621437555502936, -27.210633992211022, -30.713379800031888, -22.882093818090915, 0.08228578418493271, 0.29646381735801697, 6.361177921295166, 78.99776458740234, 0.21731588779531238, -0.09909669716742837, -0.3976337020395248, -0.4350876963543264, -0.45416749773433895, -0.5657274526834868]",[1],J2243.9+2021,bll,J2243.9+2021,bll,bll,J2243.9+2021,bll,J2243.9+2021,bll
1757,J2244.2+4057,"[2.118561029434204, 2.0258421897888184, 1.8488926887512207, 4301.646484375, -29.69406153833862, -29.434250762177403, -27.20048031380019, -29.510477485827405, -22.645647942584684, 0.09648463875055313, 1.1812329292297363, 10.044260025024414, 97.1244125366211, 0.04696022995738808, -0.4595251787678244, -0.5610260685444122, -0.5371273840357148, -0.7121512502234552, -0.7753278894132888]",[1],J2244.1+4057,bll,J2244.2+4057,fsrq,fsrq,J2244.2+4057,fsrq,J2244.2+4057,fsrq
1758,J2246.7-5207,"[1.7092374563217163, 1.6278748512268066, 1.5048062801361084, 19.09787940979004, -34.835033605697774, -34.47630403719594, -28.61433541371698, -34.628507657838824, -24.22672007967606, 0.07564011961221695, 0.5700119137763977, 0.9934083819389343, 9.448907852172852, -0.9999782211159692, 0.9725862314369934, 0.8027742607038857, -0.13195364236517734, -0.5781182878643887, -0.033924519272218435]",[1],J2246.7-5205,bcu,J2246.7-5207,bcu,bcu,J2246.7-5207,bll,J2246.7-5207,bll
1759,J2247.8+4413,"[1.7892780303955078, 1.7741044759750366, 1.7046167850494385, 12.823222160339355, -33.84010469180522, -33.64668560443616, -28.079739378330657, -33.73239884279172, -23.650527754464033, 0.013716007582843304, 0.22651882469654083, 0.41579490900039673, 18.006940841674805, -0.9028853914564325, 0.9687788604596996, -0.4776750150323586, -0.49891875820405573, -0.2303013159065776, -0.39724811535344473]",[1],J2247.8+4413,bll,J2247.8+4413,bll,bll,J2247.8+4413,bll,J2247.8+4413,bll
1760,J2248.7-3235,"[2.761110544204712, 2.735675096511841, 2.597644329071045, 50.40641784667969, -28.698650727310635, -28.506709540767925, -28.41319236436329, -28.56515349028612, -24.12504575626461, 0.037863343954086304, 0.5325949192047119, 0.8133660554885864, 12.913668632507324, -0.26389039574094325, -0.7231585390464595, -0.7976742914728709, -0.7690507716041659, -0.9999997743739147, 0.9979553533296062]",[1],J2248.6-3235,fsrq,J2248.7-3235,fsrq,fsrq,J2248.7-3235,fsrq,J2248.7-3235,fsrq
1761,J2250.0+3825,"[1.732542872428894, 1.7132929563522339, 1.7099076509475708, 27.42487144470215, -33.65538938217978, -33.442942308787984, -27.938230370512404, -33.57784512114176, -23.627050532038762, 0.017218923196196556, 0.3837392032146454, 0.632696270942688, 23.655038833618164, -0.9048696830009672, 0.18420842004722954, -0.42818975860715097, -0.29877980282563615, -0.5651640234081188, -0.08094267837621628]",[1],J2250.1+3825,bll,J2250.0+3825,bll,bll,J2250.0+3825,bll,J2250.0+3825,bll
1762,J2250.4-4206,"[2.086344003677368, 2.0824472904205322, 2.057455539703369, 31.400859832763672, -32.049228728624904, -31.89690348334392, -28.50742500677495, -31.99095565267807, -23.9960438465799, 0.004221037961542606, 0.46985068917274475, 0.12605220079421997, 16.79718780517578, 0.9459993912587725, -0.5949761191830119, -0.6031066166090001, -0.5169890487036094, -0.6058028825746793, -0.31152651944030707]",[1],J2250.3-4206,bcu,J2250.4-4206,bll,bll,J2250.4-4206,bll,J2250.4-4206,bll
1763,J2250.7-2806,"[2.1823580265045166, 2.048501491546631, 1.931571125984192, 613.9212036132812, -29.792695586661296, -29.596947127637158, -27.597723676595916, -29.67554556208781, -23.10488109901973, 0.09523595869541168, 0.8236804604530334, 4.98881196975708, 57.23695755004883, -0.46847838961414745, -0.31031112737278355, -0.5830105312467656, -0.5761214805553366, -0.7241185643057259, -0.7240349288988913]",[1],J2250.7-2806,bcu,J2250.7-2806,bll,bll,J2250.7-2806,bll,J2250.7-2806,bll
1764,J2251.5-4928,"[1.851120948791504, 1.7336872816085815, 1.5193272829055786, 81.09202575683594, -32.81872118836621, -32.49453633514216, -28.232428278383495, -32.59470634355378, -23.91826287439793, 0.10201405733823776, 0.7162005305290222, 2.7896926403045654, 23.086095809936523, 0.9926266450876716, 0.3090332587928209, -0.45000387980879347, -0.2792982419820856, -0.484996887763607, -0.6526259066946901]",[1],J2251.5-4928,bcu,J2251.5-4928,bll,bll,J2251.5-4928,bll,J2251.5-4928,bll
1765,J2252.0+4031,"[2.0518248081207275, 2.007234573364258, 1.9165126085281372, 23.81224250793457, -31.993532901081476, -31.781716203109834, -28.03533143369934, -31.869906136751972, -23.538456260916984, 0.03950260952115059, 0.24894402921199799, 1.3115534782409668, 25.774456024169922, 0.2948089500272343, -0.3019735631701947, -0.5496396355440749, -0.4386905711415789, -0.5830066703243254, -0.5822408493722825]",[1],J2251.9+4031,bll,J2252.0+4031,bll,bll,J2252.0+4031,bll,J2252.0+4031,bll
1766,J2253.7+1405,"[1.958775520324707, 1.8936545848846436, 1.6571389436721802, 19.08538246154785, -33.69361917022355, -33.33495839420983, -28.46366463776027, -33.438618086762034, -23.939718246927956, 0.12553368508815765, 0.7908969521522522, 1.3580961227416992, 7.994237422943115, 0.9627808385305698, -0.9346472752706894, -0.09515680974900977, -0.5713259613009842, -0.4554551037861527, -0.39783430140786813]",[1],J2254.0+1403,bll,J2253.7+1405,bll,bll,J2253.7+1405,bll,J2253.7+1405,bll
1767,J2253.9+1609,"[2.396775960922241, 2.1620116233825684, 2.019544839859009, 56365.3671875, -24.62640956355883, -24.54385313726554, -26.098046964619975, -24.449286195559683, -21.305344618932807, 0.10028906911611557, 0.8533719182014465, 39.05543518066406, 465.1539001464844, -0.22639684176205171, -0.5688185374450611, -0.6875986131299392, -0.7122605295710369, -0.8556076923409568, -0.8854981815716945]",[1],J2254.0+1608,FSRQ,J2253.9+1609,FSRQ,FSRQ,J2253.9+1609,FSRQ,J2253.9+1609,FSRQ
1768,J2255.2+2411,"[2.1056394577026367, 2.1072587966918945, 2.0714118480682373, 19.56411361694336, -31.356588315878643, -31.2071172618821, -28.079240065490865, -31.296280182658418, -23.55272798236411, -0.0012848119949921966, 0.19057224690914154, 0.06907796114683151, 28.98956298828125, -0.5622803943119148, -0.5344613920830212, -0.5698509490404494, -0.5507663355737776, -0.5273236954165322, -0.5046740496569551]",[1],J2255.1+2411,bll,J2255.2+2411,bll,bll,J2255.2+2411,bll,J2255.2+2411,bll
1769,J2256.6-2011,"[2.119284152984619, 2.0940494537353516, 2.0194170475006104, 8.655799865722656, -31.15341910995535, -30.941339527438533, -28.194318525773905, -31.043139024531637, -23.651896812061697, 0.02549135498702526, 0.0, 0.935718297958374, 26.997285842895508, -0.5054102409925483, -0.4886026170003592, -0.6085358065275492, -0.44171572208590887, -0.6903702578659221, -0.637854100891959]",[1],J2256.7-2011,bll,J2256.6-2011,bll,bll,J2256.6-2011,bll,J2256.6-2011,bll
1770,J2256.8-1024,"[2.214930295944214, 1.9616527557373047, 1.2037978172302246, 18.677288055419922, -30.369056640755485, -29.921561738665307, -28.26963482121598, -29.985268877601488, -23.365351273052433, 0.31686776876449585, 0.16266624629497528, 6.978479862213135, 29.829511642456055, -0.2854789693774668, -0.3079854465957718, -0.5051923441032493, -0.6647202139076528, -0.9999008199255709, -0.8583622854276346]",[0],J2256.7-1022,PSR,J2256.8-1024,PSR,PSR,J2256.8-1024,MSP,J2256.8-1024,MSP
1771,J2258.1-2759,"[2.4142508506774902, 2.2873640060424805, 1.870743751525879, 1318.763916015625, -29.15896303658984, -28.863720841723513, -27.327623827405997, -28.901155197740664, -22.95769333244603, 0.19794534146785736, 0.9717978239059448, 9.794175148010254, 58.672279357910156, -0.08493086986253878, -0.4261958610626832, -0.6656727639554778, -0.7549297871719731, -0.8535145010672107, -0.9075862215356193]",[1],J2258.0-2759,fsrq,J2258.1-2759,fsrq,fsrq,J2258.1-2759,fsrq,J2258.1-2759,fsrq
1772,J2258.4-5524,"[2.209561586380005, 2.2695376873016357, 2.2378623485565186, 7.304366111755371, -31.955603583638176, -31.914446266002926, -28.68375024661633, -31.93963736033459, -24.177555513171683, -0.05596475675702095, 0.0, 1.6446657180786133, 14.392683029174805, 0.16250667387674275, -0.7445920671127009, -0.6196468818930875, -0.5162163137160534, -0.4275579847787216, -0.7167647554751742]",[1],J2258.3-5526,bll,J2258.4-5524,bll,bll,J2258.4-5524,bll,J2258.4-5524,bll
1773,J2258.5-8247,"[2.1191091537475586, 2.009592294692993, 1.6737457513809204, 30.073577880859375, -32.38398197727318, -32.02614254154282, -28.20525375721775, -32.08577755918236, -23.721782523596886, 0.15353932976722717, 0.4365180432796478, 2.6570870876312256, 15.688152313232422, -0.5056342359691539, -0.4028905061807362, -0.4082738659273764, -0.46068993769788913, -0.789776777839573, -0.6060054345190935]",[1],J2258.1-8248,bcu,J2258.5-8247,bcu,bcu,J2258.5-8247,bcu,J2258.5-8247,bcu
1774,J2300.3+3136,"[1.8963913917541504, 1.6923223733901978, 1.4503177404403687, 7.690499305725098, -31.94335455309302, -31.60898291580915, -27.97006329867495, -31.700139512079453, -23.49856620563985, 0.1557355374097824, 0.0, 4.347444534301758, 27.65355682373047, 0.9969075205874187, 0.3736811841266562, -0.3273280096092595, -0.381504297286719, -0.5594404985087877, -0.766867826089881]",[1],J2300.3+3136,bll,J2300.3+3136,bll,bll,J2300.3+3136,bll,J2300.3+3136,bll
1775,J2302.7+4443,"[2.0163042545318604, 1.6811760663986206, 0.7236171960830688, 4.091319561004639, -30.374767623722548, -29.84893296921532, -27.760003957659464, -29.88406700109075, -22.653793363564652, 0.41532960534095764, 0.0, 25.254348754882812, 91.55054473876953, 0.28539155756348544, -0.04371340052909576, -0.2990806245899563, -0.5570658342133664, -0.9149100007633525, -0.999962107366776]",[0],J2302.7+4443,PSR,J2302.7+4443,PSR,PSR,J2302.7+4443,MSP,J2302.7+4443,MSP
1776,J2304.6+3704,"[1.8489375114440918, 1.8399499654769897, 1.7271302938461304, 37.71182632446289, -33.18754895647958, -33.00654900993061, -28.04706344750785, -33.0673987872708, -23.640765318148656, 0.007268361281603575, 0.4412934184074402, 0.23366215825080872, 21.611909866333008, -0.10744703347507947, -0.42850559752554795, -0.6855030867243264, -0.2286685659158162, -0.3252858056657939, -0.4668692809974658]",[1],J2304.6+3704,bll,J2304.6+3704,bll,bll,J2304.6+3704,bll,J2304.6+3704,bll
1777,J2307.4-1206,"[1.9404065608978271, 1.9540988206863403, 1.9085278511047363, 10.151705741882324, -34.05074084660899, -33.95336585108997, -28.668000196719756, -33.97771695559458, -24.13693768200651, -0.018115460872650146, 0.0, 0.2650096118450165, 5.47756814956665, 0.9242856293298201, 0.5553908023322037, -0.582832255052948, -0.9999896349181474, 0.9999535665810196, -0.5518570480468551]",[1],J2307.4-1208,bll,J2307.4-1206,bll,bll,J2307.4-1206,bll,J2307.4-1206,bll
1778,J2307.6+1451,"[2.183793783187866, 1.9933592081069946, 1.5860487222671509, 75.19322967529297, -31.871036413671426, -31.464911528350775, -28.166690139513147, -31.549054499681354, -23.6953200235847, 0.21933111548423767, 0.975033164024353, 2.45935320854187, 9.762540817260742, -0.7474866416888171, -0.7384651714379549, -0.3941956867015492, -0.5897590711322217, -0.6321268356238571, -0.7962681936658433]",[1],J2307.7+1449,bll,J2307.6+1451,bll,bll,J2307.6+1451,bll,J2307.6+1451,bll
1779,J2309.7-3632,"[1.9930450916290283, 2.021777629852295, 1.9830646514892578, 9.194378852844238, -32.48042077773564, -32.3487933383936, -28.445492844369824, -32.431906381361834, -23.987967772654024, -0.020969515666365623, 0.0, 0.5601089596748352, 16.382417678833008, 0.9998581539874986, -0.6363192643001563, -0.5065377904208606, -0.413252932497795, -0.5803944993668514, -0.35746775227084954]",[1],J2309.6-3633,bcu,J2309.7-3632,bcu,bcu,J2309.7-3632,bll,J2309.7-3632,bll
1780,J2311.0+0205,"[2.186128854751587, 2.1078805923461914, 1.9782451391220093, 133.230712890625, -30.81601829658545, -30.518345449389365, -28.166997509531537, -30.6274093611597, -23.599107236298686, 0.09505223482847214, 0.8150646090507507, 2.535597801208496, 22.70433235168457, -0.6744806033029848, -0.2046372048504909, -0.5677226607845336, -0.7218595856082282, -0.4957333573727665, -0.8600846066499688]",[1],J2311.0+0204,bll,J2311.0+0205,bll,bll,J2311.0+0205,bll,J2311.0+0205,bll
1781,J2311.0+3425,"[2.3505637645721436, 2.239877462387085, 2.0959038734436035, 2009.582275390625, -28.335420334314705, -28.109636724389215, -27.618920769622132, -28.199831367434097, -22.97856279238653, 0.09511382132768631, 0.8438113331794739, 7.857961654663086, 85.81490325927734, -0.08096885578741667, -0.5245105006841178, -0.6748322808274091, -0.6609322732891337, -0.8635149476915794, -0.7782274764118461]",[1],J2311.0+3425,FSRQ,J2311.0+3425,FSRQ,FSRQ,J2311.0+3425,FSRQ,J2311.0+3425,FSRQ
1782,J2313.4-6922,"[1.5484884977340698, 1.4881958961486816, 0.8747868537902832, 19.829883575439453, -36.013703962255754, -35.38208455208092, -28.919852246511862, -35.46298057597532, -24.668010271385604, 0.2287345975637436, 0.5087307095527649, 2.062042713165283, 6.631052494049072, -0.920554854851989, -0.34782082936855035, 0.9995240657905815, 0.28918360897017403, -0.6842612333677978, 0.2979929342655287]",[1],J2312.9-6923,bcu,J2313.4-6922,bcu,bcu,J2313.4-6922,bcu,J2313.4-6922,bcu
1783,J2314.0+1445,"[1.8546488285064697, 1.7964134216308594, 1.674426794052124, 12.231919288635254, -33.11061644709592, -32.82685438059474, -28.076663936330107, -32.95103030002402, -23.677351499826315, 0.06059147045016289, 0.15445125102996826, 1.7337071895599365, 19.162616729736328, -0.38579907948118614, 0.5907724607229365, -0.48241070651179024, -0.3957617774729112, -0.469001529661717, -0.35322454610142706]",[1],J2314.0+1443,bll,J2314.0+1445,bll,bll,J2314.0+1445,bll,J2314.0+1445,bll
1784,J2315.6-5018,"[2.395477056503296, 2.4132683277130127, 2.364377021789551, 43.81639099121094, -30.99600186841329, -30.810528484693037, -28.480053771106366, -30.91813032371258, -24.055706533852987, -0.014286331832408905, 0.5649368762969971, 0.25943973660469055, 13.179234504699707, -0.8717416788414508, -0.28745595440995075, -0.689320796966428, -0.5222026657776417, -0.962413868864666, 0.24809658457774342]",[1],J2315.7-5018,bll,J2315.6-5018,bll,bll,J2315.6-5018,bll,J2315.6-5018,bll
1785,J2316.9-5210,"[1.9422709941864014, 1.7270034551620483, 1.5325798988342285, 7.234253406524658, -33.73738456054638, -33.40242553797861, -28.815491652595377, -33.51311463092795, -24.32338206435112, 0.12100012600421906, 0.0, 0.732932984828949, 7.508869171142578, -0.6940764968119965, -0.7943186788630644, -0.6169641181860682, -0.17869317100327975, -0.601671548346605, -0.41781785008487715]",[1],J2316.8-5209,bcu,J2316.9-5210,bcu,bll,J2316.9-5210,bll,J2316.9-5210,bll
1786,J2317.4-4533,"[2.0253047943115234, 1.792884349822998, 1.4944875240325928, 33.515560150146484, -31.853478942960212, -31.547328618365977, -28.338347035884954, -31.628906275376416, -23.77036845639979, 0.17796489596366882, 0.4224577844142914, 3.571298599243164, 20.479928970336914, 0.999777979021802, -0.5062215167219889, -0.3801872786047825, -0.45827259087221034, -0.6092132929618531, -0.792807214366324]",[1],J2317.3-4534,bcu,J2317.4-4533,bll,bll,J2317.4-4533,bll,J2317.4-4533,bll
1787,J2318.2+1915,"[2.666820764541626, 2.6609880924224854, 2.5567476749420166, 55.197235107421875, -29.20330676178447, -29.055266558436276, -28.089079515156115, -29.08087635639739, -23.791935250860803, 0.007019028067588806, 0.573548436164856, 0.15250098705291748, 13.110984802246094, -0.5112716562840274, -0.7058692003382347, -0.7846912556974147, -0.5242774896051884, -0.9460104592533763, -0.9995401870402286]",[1],J2318.6+1912,bcu,J2318.2+1915,bcu,bcu,J2318.2+1915,bcu,J2318.2+1915,bcu
1788,J2319.1-4207,"[2.0089898109436035, 2.022874593734741, 2.036029815673828, 6.207820892333984, -32.77153673897306, -32.62614341629577, -28.582121322639107, -32.74498409887168, -24.10099031200684, -0.012696371413767338, 0.0, 0.27607837319374084, 12.825967788696289, 0.7801944904962725, -0.6071759795511357, -0.5048551302753895, -0.5010404245929394, -0.5732045663260682, -0.43570705769927587]",[1],J2319.2-4207,bll,J2319.1-4207,bll,bll,J2319.1-4207,bll,J2319.1-4207,bll
1789,J2321.7-6438,"[2.0985982418060303, 2.097659111022949, 2.060465097427368, 178.26295471191406, -31.759416172699833, -31.59718968555722, -28.4400681910063, -31.697177878216532, -23.917426576110454, 0.0007196775986813009, 0.8607245087623596, 0.018392115831375122, 24.64651870727539, -0.5137513321081256, -0.4773299332712471, -0.5700974583253025, -0.5541275462154361, -0.6581004962679534, -0.10596988898538336]",[1],J2321.2-6439,bcu,J2321.7-6438,bcu,bll,J2321.7-6438,bll,J2321.7-6438,bll
1790,J2321.9+3204,"[2.255812406539917, 2.138321876525879, 1.9111454486846924, 931.7813720703125, -29.50371733645201, -29.23197426315358, -27.530088745581786, -29.297891198476748, -23.00438830481134, 0.12478916347026825, 0.8118939995765686, 7.777885437011719, 63.131954193115234, -0.03765291606987836, -0.4684769620939, -0.6028427483499769, -0.6147949642330027, -0.809647824831792, -0.8518251662363795]",[1],J2321.9+3204,fsrq,J2321.9+3204,fsrq,fsrq,J2321.9+3204,fsrq,J2321.9+3204,fsrq
1791,J2321.9+2734,"[2.1519346237182617, 2.0812699794769287, 1.8724805116653442, 11.974257469177246, -31.46988921823076, -31.20665058264074, -28.205504750372594, -31.265266820771895, -23.679927299358006, 0.08730432391166687, 0.14718151092529297, 2.337834358215332, 20.668418884277344, 0.996804092181784, -0.4785954628404902, -0.6440716053977076, -0.4442017135414716, -0.7537346595312608, -0.6704777066234776]",[1],J2321.9+2732,fsrq,J2321.9+2734,fsrq,fsrq,J2321.9+2734,fsrq,J2321.9+2734,fsrq
1792,J2322.1+4440,"[2.3436737060546875, 2.196237087249756, 1.5741569995880127, 9.47912311553955, -31.30277217127224, -30.995817983639128, -28.361927276918465, -30.99674775216219, -23.973640418912073, 0.20176146924495697, 0.026608919724822044, 2.045633316040039, 5.8496479988098145, 0.9197596591824533, -0.39748545451921585, -0.6902951975487098, -0.49111730928075237, -0.904340214060946, -0.9986626975909071]",[1],J2321.6+4438,fsrq,J2322.1+4440,fsrq,fsrq,J2322.1+4440,fsrq,J2322.1+4440,fsrq
1793,J2322.7+3436,"[1.9648635387420654, 2.019044876098633, 2.0081920623779297, 12.279596328735352, -33.11679601087272, -33.0584828479219, -28.329585090604382, -33.09481331508554, -23.834655105567546, -0.04806163161993027, 0.16057637333869934, 1.4347749948501587, 14.122787475585938, -0.7509307214305482, -0.4672421051437569, -0.67673204298875, -0.460280858730135, -0.3864011621764488, -0.32549915838378546]",[1],J2322.5+3436,bll,J2322.7+3436,bll,bll,J2322.7+3436,bll,J2322.7+3436,bll
1794,J2322.8-4916,"[1.8688756227493286, 1.6117303371429443, 1.4296106100082397, 32.661312103271484, -32.55574367326517, -32.22905450589067, -28.04160282489941, -32.33888361133909, -23.604576469394676, 0.17511267960071564, 0.378623366355896, 3.982774257659912, 25.267183303833008, -0.9996577427323984, 0.9999410479730018, -0.3238145670815554, -0.2716309633283098, -0.6806174333956169, -0.3609277419198534]",[1],J2322.9-4917,bcu,J2322.8-4916,bll,bll,J2322.8-4916,bll,J2322.8-4916,bll
1795,J2323.5-0317,"[2.264383554458618, 2.1601719856262207, 2.000767469406128, 810.1353149414062, -28.804612641412074, -28.5582059657615, -27.49363487273596, -28.637498911709685, -22.884529594241055, 0.09598010778427124, 0.6000454425811768, 7.407614231109619, 80.0770492553711, -0.2708112993740953, -0.48003881058800196, -0.6446810881773318, -0.6396975141111872, -0.8065957592714119, -0.7458758271575471]",[1],J2323.5-0315,fsrq,J2323.5-0317,fsrq,fsrq,J2323.5-0317,fsrq,J2323.5-0317,fsrq
1796,J2323.8+4210,"[1.8866759538650513, 1.778433918952942, 1.662095069885254, 37.62207794189453, -31.58216815945023, -31.376031494559257, -27.57604883974867, -31.453221405792362, -23.226018214092836, 0.06821639835834503, 0.2136635035276413, 3.772691011428833, 45.926055908203125, -0.3928053070284929, -0.2911758444269555, -0.5090823751538037, -0.34624129826240047, -0.44497311722848043, -0.5627229877003298]",[1],J2323.9+4211,bll,J2323.8+4210,bll,bll,J2323.8+4210,bll,J2323.8+4210,bll
1797,J2324.7-4041,"[1.7884267568588257, 1.623480200767517, 1.5167478322982788, 49.9189453125, -32.49691840733515, -32.29069745658796, -27.737910902957072, -32.37293405209485, -23.44326663997719, 0.08462096750736237, 0.40211769938468933, 2.8618321418762207, 34.05070495605469, 0.13899919654014714, -0.3031092568179271, -0.4639353831570556, -0.3038619850668986, -0.39842487439200197, -0.3581817526968114]",[1],J2324.7-4040,bll,J2324.7-4041,bll,bll,J2324.7-4041,bll,J2324.7-4041,bll
1798,J2324.7+0801,"[2.2279152870178223, 2.1897850036621094, 2.054596185684204, 22.763776779174805, -31.353773106902963, -31.139937125240774, -28.142080904563944, -31.193632149535024, -23.64768385067925, 0.0457395538687706, 0.3048245310783386, 1.084433913230896, 19.689626693725586, -0.6252165442464638, -0.4719741732528026, -0.6522694348957544, -0.4532757360027989, -0.7075901540236312, -0.7171595950258258]",[1],J2324.7+0801,bll,J2324.7+0801,bll,bll,J2324.7+0801,bll,J2324.7+0801,bll
1799,J2325.2+3957,"[2.116055965423584, 1.99302077293396, 1.7929420471191406, 75.16255187988281, -30.668431143830926, -30.39720196498485, -27.874186461493167, -30.480420693546538, -23.302114490289032, 0.11558040976524353, 0.3807671368122101, 5.088830947875977, 36.859588623046875, 0.9724317194405868, -0.11583334202333323, -0.5900714862475308, -0.5184942788360118, -0.6363274405669109, -0.8763061335750066]",[1],J2325.2+3957,bll,J2325.2+3957,bll,bll,J2325.2+3957,bll,J2325.2+3957,bll
1800,J2325.4-4800,"[2.105631113052368, 2.0641300678253174, 1.9549524784088135, 49.37433624267578, -31.75290261024798, -31.561174341952086, -28.126921733287006, -31.62702775698306, -23.611729424088182, 0.03775102645158768, 0.36115291714668274, 1.336804986000061, 33.928585052490234, -0.44552632656377156, -0.5447923726295205, -0.5936411638276016, -0.4939518763467935, -0.5900203359729879, -0.6046977503017787]",[1],J2325.4-4758,bll,J2325.4-4800,bll,bll,J2325.4-4800,bll,J2325.4-4800,bll
1801,J2325.4-3559,"[2.321838617324829, 2.128847360610962, 1.771165132522583, 162.46714782714844, -29.221191680728797, -28.913309986479696, -28.084702917495527, -28.9874760003584, -23.402018244483468, 0.18146899342536926, 0.4222981929779053, 7.103789329528809, 47.20763397216797, -0.3104184350787706, -0.4362045099721008, -0.6251252044349753, -0.7363518228896041, -0.9162920997987968, -0.9999468751275675]",[1],J2325.3-3557,fsrq,J2325.4-3559,fsrq,fsrq,J2325.4-3559,fsrq,J2325.4-3559,fsrq
1802,J2325.6+1644,"[1.9646704196929932, 1.9273054599761963, 1.7043241262435913, 16.57707405090332, -33.277372331620356, -33.01481130929796, -28.514586517476747, -33.035117951812516, -24.023158251491594, 0.05274522304534912, 0.42357712984085083, 0.697562038898468, 8.57038688659668, 0.9997109885039045, -0.19870663783144668, -0.5138453281951058, -0.5819077075267989, -0.1332947247417152, -0.9998027560375201]",[1],J2325.6+1650,bll,J2325.6+1644,bll,bll,J2325.6+1644,bll,J2325.6+1644,bll
1803,J2327.5+0939,"[2.6927952766418457, 2.6821093559265137, 2.3383688926696777, 374.9552307128906, -28.82997677277111, -28.580212538180458, -27.653231455896076, -28.594819925478397, -23.506120712285423, 0.1276315301656723, 0.799032986164093, 4.038463115692139, 31.855058670043945, -0.2034361366089573, -0.640620190265401, -0.8007344049616757, -0.7687243913957444, -0.9233160437949766, -0.9999999998593101]",[1],J2327.7+0941,fsrq,J2327.5+0939,fsrq,fsrq,J2327.5+0939,fsrq,J2327.5+0939,fsrq
1804,J2328.3-4036,"[2.381730794906616, 2.332648515701294, 2.1861412525177, 246.7990264892578, -29.476941471806814, -29.27819879791158, -27.641637293391327, -29.323131932098544, -23.289442987667563, 0.07056792825460434, 0.5321090817451477, 3.7852468490600586, 44.309906005859375, 0.19057134573791365, -0.6155980694720384, -0.6627886473891133, -0.629578531450013, -0.8365544154393091, -0.5552397226015031]",[1],J2328.4-4034,bcu,J2328.3-4036,fsrq,fsrq,J2328.3-4036,fsrq,J2328.3-4036,fsrq
1805,J2329.2+3755,"[1.8987737894058228, 1.8833895921707153, 1.8177673816680908, 14.834271430969238, -33.00835323352935, -32.825448336651824, -28.084996587926955, -32.90737514568881, -23.640308807426102, 0.014016966335475445, 0.20829325914382935, 0.4459146559238434, 20.786270141601562, 0.9933783553756964, -0.563659647109519, -0.598442170574445, -0.3277869649381939, -0.4694217644480714, -0.38188014108293933]",[1],J2329.2+3754,bll,J2329.2+3755,bll,bll,J2329.2+3755,bll,J2329.2+3755,bll
1806,J2329.3-4955,"[2.281745672225952, 2.176511764526367, 1.9913642406463623, 13180.0029296875, -28.05412223708745, -27.78656009906373, -27.25461450692467, -27.87591676750367, -22.548849512321038, 0.10551553219556808, 1.0361710786819458, 14.489175796508789, 183.23611450195312, -0.02679420043986146, -0.5124003381800142, -0.6526347752705379, -0.6596196442446086, -0.8027394797364357, -0.9775730268441781]",[1],J2329.3-4955,fsrq,J2329.3-4955,FSRQ,FSRQ,J2329.3-4955,FSRQ,J2329.3-4955,FSRQ
1807,J2329.3-4733,"[2.507462978363037, 2.4864232540130615, 2.260782241821289, 43.74627685546875, -30.9256236689373, -30.73704892243137, -28.313014984341315, -30.728564760506732, -24.11778552826111, 0.041762858629226685, 0.7245600819587708, 0.5930050015449524, 11.081561088562012, 0.9380178509741782, -0.7096626763681192, -0.7059490149412289, -0.5752074533928779, -0.9999592256750224, -0.999601034854671]",[1],J2329.9-4734,fsrq,J2329.3-4733,fsrq,fsrq,J2329.3-4733,fsrq,J2329.3-4733,fsrq
1808,J2330.5+1102,"[2.786752462387085, 2.6197776794433594, 1.8562370538711548, 37.585941314697266, -29.062366789983198, -28.722707145468448, -28.049547374196784, -28.743023568981425, -23.99320429140614, 0.26568615436553955, 0.6196910738945007, 2.5157148838043213, 9.231098175048828, -0.3203758175127926, -0.721545613761343, -0.7345412606585754, -0.9481937589426518, -0.9999836481465458, -0.9999995812824192]",[1],J2330.5+1104,fsrq,J2330.5+1102,fsrq,fsrq,J2330.5+1102,fsrq,J2330.5+1102,fsrq
1809,J2330.6-3726,"[2.455785036087036, 2.5174057483673096, 2.5096378326416016, 12.510367393493652, -30.79646895191184, -30.74905968263395, -28.50485076007071, -30.796768743822525, -24.12212441264938, -0.06960712373256683, 0.18547874689102173, 1.8114678859710693, 12.554913520812988, 0.9783683238129276, -0.7199420329393389, -0.7018273812619513, -0.6708550610185517, -0.3958196079322228, -0.7356895284797101]",[1],J2330.4-3726,bll,J2330.6-3726,bll,bll,J2330.6-3726,bll,J2330.6-3726,bll
1810,J2334.2+0736,"[2.470601797103882, 2.4437553882598877, 2.329068899154663, 78.62613677978516, -30.44460036752575, -30.16665072529489, -28.20262649411816, -30.218313363400075, -23.857082564567417, 0.0639718621969223, 0.9911868572235107, 0.9289271831512451, 11.471492767333984, 0.9999452515522725, -0.39711964585399306, -0.6410860144312457, -0.8169535773761079, -0.6741147481291194, -0.9999973545071097]",[1],J2334.1+0732,fsrq,J2334.2+0736,fsrq,fsrq,J2334.2+0736,fsrq,J2334.2+0736,fsrq
1811,J2334.8+1432,"[2.0117173194885254, 1.9015460014343262, 1.7016979455947876, 122.47238159179688, -31.332017905511574, -31.087853625778674, -27.934949086697316, -31.151197327316872, -23.446534189196672, 0.08816217631101608, 0.7852355241775513, 2.987619638442993, 25.929536819458008, -0.12714824836740915, -0.15923011052612024, -0.5597996573080258, -0.45260094481707797, -0.4789032463363573, -0.9419583774168285]",[1],J2334.8+1432,bll,J2334.8+1432,bll,bll,J2334.8+1432,bll,J2334.8+1432,bll
1812,J2335.4-0128,"[2.4672555923461914, 2.5048179626464844, 1.3903659582138062, 52.62063217163086, -30.81749210685676, -30.476760688466374, -27.96111727031452, -30.30956387207653, -23.66575278954061, 0.30995768308639526, 1.0142072439193726, 3.6817681789398193, 10.098666191101074, 0.5729163191879307, -0.6414960848032444, -0.6720813436195303, -0.8100445928377005, -0.7470212294449337, -0.9986959380937832]",[1],J2335.1-0133,fsrq,J2335.4-0128,fsrq,fsrq,J2335.4-0128,fsrq,J2335.4-0128,fsrq
1813,J2336.5-7622,"[2.2276113033294678, 2.208879232406616, 2.1309046745300293, 21.778417587280273, -31.983660548388666, -31.778346865290494, -28.531064512376435, -31.874912405324846, -24.072690428581314, 0.01866147480905056, 0.45758360624313354, 0.32621487975120544, 11.302072525024414, -0.7528342191637151, -0.24671726273569744, -0.568626353520741, -0.6571209166077073, -0.6209656804628569, -0.6743010705418783]",[1],J2336.5-7620,bcu,J2336.5-7622,bll,bll,J2336.5-7622,bll,J2336.5-7622,bll
1814,J2336.6+2356,"[2.1162469387054443, 2.067902088165283, 1.9312880039215088, 7.531623363494873, -32.27947771651166, -32.01777309382916, -28.48969859662864, -32.121519395225455, -23.987979486366, 0.06576576828956604, 0.0, 1.10648512840271, 9.799617767333984, -0.9990295896000374, 0.9998981632962787, -0.6754396315622653, -0.5651348507855508, -0.37313908939518403, -0.8076798915509704]",[1],J2336.5+2356,bcu,J2336.6+2356,bcu,bcu,J2336.6+2356,bcu,J2336.6+2356,bcu
1815,J2336.6-4115,"[2.326324939727783, 2.21653151512146, 2.1083621978759766, 130.21337890625, -30.022412070242137, -29.771662014714355, -28.140711541935236, -29.879570094468466, -23.66096914250269, 0.11464172601699829, 0.7330898642539978, 3.1660091876983643, 26.265146255493164, -0.08269219521648957, -0.45710460876958153, -0.6659775657496733, -0.7129608816852981, -0.6669871485616711, -0.6853749202892353]",[1],J2336.5-4116,fsrq,J2336.6-4115,fsrq,fsrq,J2336.6-4115,fsrq,J2336.6-4115,fsrq
1816,J2338.0-0230,"[2.4904866218566895, 2.4650661945343018, 2.3772575855255127, 130.1167449951172, -29.63333175246203, -29.419222098444937, -28.070511500437608, -29.500035785072317, -23.606264058511126, 0.05293133109807968, 0.6443545818328857, 1.778656244277954, 24.07612419128418, -0.3712299809228679, -0.6004024372765976, -0.6978210403341043, -0.7209357069114147, -0.9341482205599657, 0.17433768416487078]",[1],J2338.1-0229,fsrq,J2338.0-0230,fsrq,fsrq,J2338.0-0230,fsrq,J2338.0-0230,fsrq
1817,J2338.9+2124,"[2.0069291591644287, 2.0199737548828125, 1.9687138795852661, 18.081920623779297, -32.615634332638415, -32.497141048783895, -28.333059789971664, -32.55005570057493, -23.84776753130012, -0.013409986160695553, 0.3342752158641815, 0.37647393345832825, 15.20124340057373, 0.999955593098077, -0.517965839850697, -0.6384453224573511, -0.4755877062155867, -0.3952377761890968, -0.4550754064749424]",[1],J2339.0+2122,bll,J2338.9+2124,bll,bll,J2338.9+2124,bll,J2338.9+2124,bll
1818,J2339.2-7403,"[1.9746488332748413, 1.915077567100525, 1.8252513408660889, 21.207908630371094, -32.77154447919361, -32.53047954708547, -28.474503030113183, -32.63498315963064, -24.01566093271076, 0.044600710272789, 0.31822386384010315, 1.0373362302780151, 18.741836547851562, 0.9971944436597585, -0.5886054385440769, -0.5268844099762154, -0.4232366806218097, -0.6086024896432791, -0.3710969103448958]",[1],J2338.7-7401,bcu,J2339.2-7403,bcu,bll,J2339.2-7403,bll,J2339.2-7403,bll
1819,J2339.6-0533,"[1.9958969354629517, 1.6822967529296875, 1.085932970046997, 9.383428573608398, -30.156645344074295, -29.705576410203488, -27.802557613924062, -29.780602564107124, -22.79350824153427, 0.2908423840999603, 0.0, 16.928573608398438, 80.69950866699219, 0.8445238512106626, -0.2830060579130462, -0.3465918462126842, -0.5427772918820257, -0.8772901242185073, -0.9228993051882468]",[0],J2339.6-0533,PSR,J2339.6-0533,PSR,PSR,J2339.6-0533,MSP,J2339.6-0533,MSP
1820,J2340.8+8015,"[1.9446008205413818, 1.8392149209976196, 1.6581581830978394, 12.905001640319824, -32.3227114764025, -32.1174532491722, -27.61169410702711, -32.17845826008009, -23.155553915588733, 0.09363815188407898, 0.07610892504453659, 3.9518158435821533, 40.184635162353516, 0.9921211502156712, -0.5838985930616535, -0.4493709420134294, -0.3208165335613779, -0.5737317220166579, -0.4737652523899023]",[1],J2340.7+8016,bll,J2340.8+8015,bll,bll,J2340.8+8015,bll,J2340.8+8015,bll
1821,J2343.6+3438,"[1.7666666507720947, 1.7025049924850464, 1.6024609804153442, 20.854427337646484, -33.780933557468096, -33.47836274785385, -28.243061439325277, -33.619319913726486, -23.901928616232464, 0.06387781351804733, 0.48961755633354187, 1.3828928470611572, 14.06030559539795, -0.994696680436208, 0.8163298971783527, -0.1473953842712411, -0.34991705168010717, -0.4822637241662911, -0.16674340992576753]",[1],J2343.7+3437,bll,J2343.6+3438,bll,bll,J2343.6+3438,bll,J2343.6+3438,bll
1822,J2343.9+0546,"[2.1149179935455322, 2.0103251934051514, 1.2423421144485474, 9.839980125427246, -32.11855763628381, -31.640634817404973, -28.411200454946037, -31.651893771644783, -23.59997231486225, 0.2918614149093628, 0.12375139445066452, 3.2166101932525635, 10.522335052490234, -0.8573577581944113, 0.2771154962189709, -0.5949745825870627, -0.38978170138214774, -0.8064679528738274, -0.999990463076052]",[1],J2344.4+0549,bcu,J2343.9+0546,bcu,bcu,J2343.9+0546,bll,J2343.9+0546,bll
1823,J2345.2-1555,"[2.149928569793701, 2.0339314937591553, 1.8818367719650269, 2741.19482421875, -29.07065835024265, -28.81409709325724, -26.993401653114976, -28.89127317521774, -22.4464241597534, 0.10290062427520752, 0.7427087426185608, 11.326997756958008, 132.25338745117188, -0.18028974821307173, -0.40545183131384677, -0.5741955385063939, -0.5703023734429886, -0.7490543850687655, -0.7406099895818465]",[1],J2345.2-1554,FSRQ,J2345.2-1555,FSRQ,FSRQ,J2345.2-1555,FSRQ,J2345.2-1555,FSRQ
1824,J2346.7+0705,"[1.8699482679367065, 1.8473212718963623, 1.7772817611694336, 15.504107475280762, -32.688854862323836, -32.4688503363036, -27.81577485208966, -32.573612225450475, -23.419525228339527, 0.021908802911639214, 0.1773924082517624, 0.8838837146759033, 26.199905395507812, -0.9999910866199015, 0.9998617823334325, -0.5919169029779627, -0.266229471638257, -0.613719538278268, -0.11865143196177874]",[1],J2346.7+0705,bcu,J2346.7+0705,bll,bll,J2346.7+0705,bll,J2346.7+0705,bll
1825,J2347.0+5141,"[1.81442129611969, 1.746501088142395, 1.7713699340820312, 60.45744705200195, -31.463283832798798, -31.31054808508655, -27.40654211648835, -31.428247905896868, -23.120306201624437, 0.03654414787888527, 0.23237097263336182, 2.791382074356079, 63.325225830078125, 0.9999034911582622, -0.1030771607546136, -0.36818941086942564, -0.4208451416603695, -0.5013187205634544, -0.36196413859930143]",[1],J2347.0+5142,bll,J2347.0+5141,bll,bll,J2347.0+5141,bll,J2347.0+5141,bll
1826,J2347.9+5436,"[1.725053071975708, 1.5779964923858643, 1.1731221675872803, 14.371213912963867, -34.321631973746086, -33.87676889681742, -28.205701006012085, -33.94380998268779, -23.76920411402142, 0.18869775533676147, 0.29275503754615784, 3.5944647789001465, 14.837112426757812, -0.9999893223960618, 0.9989668717799264, 0.8146503300207701, -0.3222171309342547, -0.37241205274764455, -0.3661027349422291]",[1],J2347.9+5436,bcu,J2347.9+5436,bcu,bcu,J2347.9+5436,bcu,J2347.9+5436,bcu
1827,J2348.0-1630,"[2.338660955429077, 2.290036201477051, 2.169001579284668, 634.6400756835938, -29.387317315110167, -29.194507886894982, -27.36589983044243, -29.259259504004547, -23.009072390393342, 0.05719510465860367, 0.7446230053901672, 3.4163806438446045, 53.263771057128906, -0.20931005661554844, -0.5056798459024242, -0.6608994872149982, -0.6252348372757336, -0.7546134926009367, -0.7818116854979635]",[1],J2348.0-1630,fsrq,J2348.0-1630,fsrq,fsrq,J2348.0-1630,fsrq,J2348.0-1630,fsrq
1828,J2350.6-3005,"[2.0217647552490234, 1.9856318235397339, 1.907127857208252, 30.581771850585938, -32.446166503800306, -32.24004417714271, -28.420073911622808, -32.33437891486491, -23.93733081200095, 0.03258629888296127, 0.508668839931488, 0.7265123128890991, 15.585201263427734, -0.8034304440432881, -0.4985647800292162, -0.5943409430794278, -0.40221310287562045, -0.5750483421634769, -0.4327907583427682]",[1],J2350.4-3004,bll,J2350.6-3005,bll,bll,J2350.6-3005,bll,J2350.6-3005,bll
1829,J2352.0+1750,"[2.0659139156341553, 1.95168137550354, 1.6352766752243042, 34.23912048339844, -32.10358519829969, -31.75453668185979, -28.360662989095587, -31.780751961809724, -23.85910567350771, 0.13165493309497833, 0.47829529643058777, 2.3004417419433594, 15.818312644958496, -0.6967464061019533, -0.5404260543115634, -0.5048565432637594, -0.41353232372248605, -0.7827111728698927, -0.7554838233711473]",[1],J2352.0+1752,bll,J2352.0+1750,bll,bll,J2352.0+1750,bll,J2352.0+1750,bll
1830,J2353.1-4806,"[2.111830711364746, 2.017962694168091, 1.7943922281265259, 12.665337562561035, -32.47892184767918, -32.176454443309254, -28.769687622004966, -32.253505557206324, -24.262211230514772, 0.1347276121377945, 0.32454362511634827, 1.7725578546524048, 10.501279830932617, 0.9010819983825905, 0.09216753007848372, -0.5775039546330112, -0.4450886096590361, -0.668057725723927, -0.5706368596091962]",[1],J2353.3-4805,bcu,J2353.1-4806,bcu,bcu,J2353.1-4806,bcu,J2353.1-4806,bcu
1831,J2353.7-3037,"[2.1599035263061523, 2.0826175212860107, 1.9007089138031006, 10.281546592712402, -31.91894711256597, -31.64876700561344, -28.489171631410347, -31.73064091352994, -23.974999682938698, 0.08742853254079819, 0.16600191593170166, 1.385981559753418, 14.470842361450195, 0.9891058279727025, -0.6268613778444059, -0.47611842052030895, -0.5197628342185582, -0.8352419306521333, -0.5321296739413609]",[1],J2353.6-3037,bll,J2353.7-3037,bll,bll,J2353.7-3037,bll,J2353.7-3037,bll
1832,J2353.8-3911,"[2.2430613040924072, 2.117164134979248, 1.7629039287567139, 10.451269149780273, -32.06411570583602, -31.777805352609736, -28.755810991442736, -31.816426111362045, -24.29342342650162, 0.15250663459300995, 0.0, 1.2256112098693848, 6.4288763999938965, 0.9371174089197176, -0.7822441488827465, -0.6325458301799003, -0.6562952334381766, -0.7565811061183088, -0.9999991091602539]",[1],J2353.7-3911,bcu,J2353.8-3911,bcu,bcu,J2353.8-3911,bcu,J2353.8-3911,bcu
1833,J2354.9+8151,"[2.536771297454834, 2.4832961559295654, 2.2158610820770264, 13.263427734375, -30.413906539096605, -30.102435369352957, -28.259767970462114, -30.000332008624614, -24.01773973416378, 0.08640249073505402, 0.26235783100128174, 1.1421489715576172, 9.507478713989258, -0.2527724926931974, -0.696337011200019, -0.6950618974706892, -0.7683240393813561, -0.8575408052962018, -0.0938506034404675]",[1],J2355.5+8154,fsrq,J2354.9+8151,fsrq,fsrq,J2354.9+8151,fsrq,J2354.9+8151,fsrq
1834,J2356.2+4036,"[1.9423828125, 1.9281182289123535, 1.943282961845398, 8.169054985046387, -33.19536800346279, -33.000424334042755, -28.35447403695648, -33.14629342060266, -23.872686845873584, 0.01448509469628334, 0.0, 0.33634164929389954, 14.804286003112793, -0.9884923115302622, 0.9550408894081871, -0.6096286775707445, -0.400133256883502, -0.566697893065485, -0.3739797073112339]",[1],J2356.0+4037,bll,J2356.2+4036,bll,bll,J2356.2+4036,bll,J2356.2+4036,bll
1835,J2357.4-0152,"[2.3149943351745605, 2.2427566051483154, 2.028526782989502, 20.39419937133789, -31.10706993205652, -30.85972930023243, -28.480288528709764, -30.902875234232475, -23.992853106953575, 0.08026057481765747, 0.43767789006233215, 1.0986829996109009, 9.018810272216797, 0.1157962600087643, -0.6679493090907394, -0.5088207077862523, -0.7566761597240922, -0.7670005964985491, -0.9978809845748087]",[1],J2357.3-0150,bll,J2357.4-0152,bll,bll,J2357.4-0152,bll,J2357.4-0152,bll
1836,J2357.4-1718,"[1.7614914178848267, 1.6865439414978027, 1.5447299480438232, 4.808185577392578, -33.82214882986396, -33.53510354836124, -28.264455921420808, -33.646374032774126, -23.933788482326843, 0.05071363225579262, 0.0, 0.9509065747261047, 15.04731559753418, 0.9958252893733376, -0.8514038241978737, -0.3826512732634525, -0.17148386651385908, -0.46866079308936476, -0.3532311471440111]",[1],J2357.4-1716,bll,J2357.4-1718,bll,bll,J2357.4-1718,bll,J2357.4-1718,bll
1837,J2357.8-5311,"[2.6373534202575684, 2.628922462463379, 2.5450165271759033, 224.57632446289062, -29.335908297868976, -29.121437917890727, -28.260453888869396, -29.184837897924265, -23.969716057611464, 0.0192274060100317, 1.1368427276611328, 0.4946424663066864, 15.18016242980957, -0.3166791479820113, -0.7078949884495709, -0.727964631297646, -0.7167447320375919, -0.855299332797878, -0.999989903912106]",[1],J2357.8-5310,fsrq,J2357.8-5311,fsrq,fsrq,J2357.8-5311,fsrq,J2357.8-5311,fsrq
1838,J2358.0-4601,"[2.581890106201172, 2.6041126251220703, 2.594536304473877, 34.822933197021484, -29.91654895414309, -29.797456139561703, -28.60797010647086, -29.892461265040673, -24.208077556692498, -0.03150463476777077, 0.5401744842529297, 0.6300787329673767, 11.97776985168457, -0.4535310107252898, -0.6468941982107822, -0.8249477376061309, -0.5644111737913721, -0.5603389246524767, -0.999955499824142]",[1],J2358.0-4552,fsrq,J2358.0-4601,bcu,bcu,J2358.0-4601,bcu,J2358.0-4601,bcu
1839,J2358.1-2853,"[2.2268965244293213, 2.1333630084991455, 1.7522072792053223, 6.664247035980225, -31.40596605758436, -31.072972092912252, -28.610393977149243, -31.127243820740468, -24.067664632013752, 0.1482125222682953, 0.0, 2.0613434314727783, 12.606301307678223, 0.38341179958398897, 0.8334531557825237, -0.7251251334230053, -0.43450628719408435, -0.9999681867837509, 0.761176949176427]",[1],J2358.3-2853,bcu,J2358.1-2853,bcu,bcu,J2358.1-2853,bcu,J2358.1-2853,bcu
1840,J2358.3-1021,"[2.593092203140259, 2.5634255409240723, 2.368360996246338, 136.96902465820312, -29.09350297864384, -28.83313916599095, -28.174869871871945, -28.865343414258415, -23.745638800952772, 0.08344854414463043, 0.6604082584381104, 1.9136070013046265, 21.856603622436523, -0.37144149895323925, -0.6231526975750523, -0.7912828713927259, -0.7249637715205118, -0.8754141873903393, -0.4201867027163817]",[1],J2358.2-1022,fsrq,J2358.3-1021,fsrq,fsrq,J2358.3-1021,fsrq,J2358.3-1021,fsrq
1841,J2359.0+3922,"[2.3477888107299805, 2.3640098571777344, 2.297112226486206, 38.97164535522461, -31.700944922601487, -31.57196385066837, -28.21510930664505, -31.627251828244557, -23.935905478224353, -0.017356092110276222, 0.8606212139129639, 0.2659459710121155, 8.617680549621582, -0.5917830468507496, -0.7210472538715136, -0.5865118692562727, -0.6926338007133758, -0.48334934520363043, -0.9999999925860074]",[1],J2358.9+3926,fsrq,J2359.0+3922,fsrq,fsrq,J2359.0+3922,fsrq,J2359.0+3922,fsrq
1842,J2359.0-3038,"[1.8187637329101562, 1.7988402843475342, 1.777918815612793, 11.602485656738281, -33.359389378517065, -33.15303783820736, -28.232454689398136, -33.276836417909, -23.884182183667708, 0.017256341874599457, 0.1539982557296753, 0.48618823289871216, 19.250118255615234, 0.9998670820623967, -0.6096630060825986, -0.4523975928896067, -0.31623133307466683, -0.48937199216344246, -0.3080755862786732]",[1],J2359.3-3038,bll,J2359.0-3038,bll,bll,J2359.0-3038,bll,J2359.0-3038,bll
1843,J2359.3-2049,"[2.0880377292633057, 2.1214916706085205, 2.0517265796661377, 11.05288028717041, -32.28070589535281, -32.169569368558214, -28.545707787938937, -32.22260186761813, -24.03706003100209, -0.026858702301979065, 0.12375272810459137, 0.6316488981246948, 13.90623664855957, -0.4325966897027848, -0.7042630977826856, -0.5725941043777708, -0.45328560289037184, -0.4511187620778757, -0.4813750149390026]",[1],J2359.5-2052,bll,J2359.3-2049,bll,bll,J2359.3-2049,bll,J2359.3-2049,bll
