,3FGL,CLASS1-3FGL,3FGL-BSL,3FGL-1FGL,3FGL-2FGL
0,J0000.1+6545,,,,J2359.6+6543c
1,J0000.2-3738,,,,
2,J0001.0+6314,spp,,,J2358.9+6325
3,J0001.2-0748,bll,,J0000.9-0745,J0000.9-0748
4,J0001.4+2120,fsrq,,,
5,J0001.6+3535,,,,
6,J0002.0-6722,,,,
7,J0002.2-4152,bcu,,J0001.9-4158,J0001.7-4159
8,J0002.6+6218,,,,J0002.7+6220
9,J0003.2-5246,bcu,,,
10,J0003.4+3100,,,,
11,J0003.5+5721,,,,
12,J0003.8-1151,bcu,,,
13,J0004.2+6757,,,,
14,J0004.2+0843,,,,
15,J0004.7-4740,fsrq,,J0004.7-4737,J0004.7-4736
16,J0006.2+0135,,,,
17,J0006.4+3825,fsrq,,J0005.7+3815,J0006.1+3821
18,J0006.6+4618,,,,
19,J0007.0+7302,PSR,J0007.4+7303,J0007.0+7303,J0007.0+7303
20,J0007.4+1742,,,,
21,J0007.9+4006,,,,
22,J0008.0+4713,bll,,,J0007.8+4713
23,J0008.3+1456,,,J0008.3+1452,
24,J0008.5+6853,,,J0005.1+6829,J0007.7+6825c
25,J0008.6-2340,bll,,,J0008.7-2344
26,J0008.7+6558,,,,J0010.5+6556c
27,J0009.1+0630,bll,,J0008.9+0635,J0009.0+0632
28,J0009.3+5030,bll,,J0009.1+5031,J0009.1+5030
29,J0009.6-3211,bcu,,,J0009.9-3206
30,J0010.5-1425,,,,
31,J0012.4+7040,bcu,,,
32,J0013.2-3954,bll,,J0013.1-3952,J0012.9-3954
33,J0013.9-1853,bll,,,
34,J0014.0-5025,bll,,J0013.7-5022,
35,J0014.3-0455,,,,
36,J0014.6+6119,bcu,,,
37,J0014.7+5802,bll,,,
38,J0015.7+5552,bcu,,,
39,J0016.3-0013,fsrq,,,J0017.4-0018
40,J0016.5+1713,,,J0016.6+1706,
41,J0017.1+1445,,,,
42,J0017.2-0643,bcu,,,
43,J0017.6-0512,FSRQ,J0017.4-0503,J0017.4-0510,J0017.6-0510
44,J0018.4+2947,bll,,J0018.6+2945,J0018.5+2945
45,J0018.9-8152,bll,,,J0018.8-8154
46,J0019.1-5645,bcu,,,J0019.4-5645
47,J0019.4+2021,bll,,J0019.3+2017,
48,J0020.9+0323,,,,
49,J0021.6-6835,bcu,,,
50,J0021.6-2553,bll,,J0021.7-2556,J0021.6-2551
51,J0022.1-1855,bll,,J0022.2-1850,J0022.2-1853
52,J0022.1-5141,bll,,,J0022.3-5141
53,J0022.5+0608,bll,,J0022.5+0607,J0022.5+0607
54,J0022.7+4651,,,,
55,J0023.4+0923,PSR,,J0023.5+0930,J0023.5+0924
56,J0023.5+4454,fsrq,,J0023.0+4453,J0023.2+4454
57,J0023.9-7203,glc,J0025.1-7202,J0023.9-7204,J0023.9-7204
58,J0024.4+0350,fsrq,,J0024.6+0346,J0024.5+0346
59,J0025.7+6404,snr,,,
60,J0026.2-4812,,,,
61,J0026.7-4603,bll,,,
62,J0028.6+7507,bcu,,,
63,J0028.8+1951,bcu,,,
64,J0029.1-7045,bll,,,J0029.2-7043
65,J0030.2-1646,bcu,,,
66,J0030.3-4223,fsrq,,J0029.9-4221,J0030.2-4223
67,J0030.4+0451,PSR,J0030.3+0450,J0030.4+0451,J0030.4+0450
68,J0030.7-0209,bcu,,,
69,J0031.2-2320,,,,
70,J0031.3+0724,bcu,,,J0031.0+0724
71,J0031.6+0938,,,,
72,J0032.3-2852,bll,,,
73,J0032.3-5522,,,J0032.7-5519,J0032.7-5521
74,J0032.5+3912,,,,
75,J0033.6-1921,bll,J0033.6-1921,J0033.5-1921,J0033.5-1921
76,J0034.3-0534,PSR,,J0034.3-0534,J0034.4-0534
77,J0035.2+1513,bll,,J0035.1+1516,J0035.2+1515
78,J0035.9+5949,bll,J0036.7+5951,J0035.9+5951,J0035.8+5951
79,J0037.9+1239,bll,,J0038.0+1236,J0037.8+1238
80,J0038.0-2501,fsrq,,J0038.4-2504,J0038.3-2457
81,J0038.0+0012,bll,,,J0038.1+0015
82,J0039.0-2218,bcu,,,J0038.7-2215
83,J0039.1-0939,fsrq,,,
84,J0039.1+4330,bcu,,J0039.2+4331,J0039.1+4331
85,J0039.3+6256,,,J0038.6+6306,J0038.8+6259
86,J0040.3+4049,bcu,,,
87,J0040.5-2339,bcu,,,
88,J0041.9+3639,bll,,,
89,J0042.0+2318,fsrq,,J0041.9+2318,
90,J0042.5+4117,gal,,,J0042.5+4114
91,J0043.5-0444,bcu,,,
92,J0043.7-1117,bcu,,,
93,J0043.8+3425,fsrq,,J0043.6+3424,J0043.7+3426
94,J0045.2-3704,bcu,,,J0044.7-3702
95,J0045.3+2126,bll,,J0045.3+2127,J0045.3+2127
96,J0045.7+1217,bll,,,J0045.5+1218
97,J0046.7-8419,fsrq,,J0048.0-8412,J0046.7-8416
98,J0047.0+5658,bll,,J0046.8+5658,J0047.2+5657
99,J0047.5-2516,sbg,,J0047.3-2512,J0047.0-2516
100,J0047.9+5447,bcu,,,
101,J0048.0+3950,bll,,,
102,J0048.0+2236,fsrq,,J0048.0+2232,J0047.9+2232
103,J0048.1-6343,,,,J0048.8-6347
104,J0049.0+4224,,,,
105,J0049.4-5401,bcu,,,
106,J0049.4-4149,bcu,,,
107,J0049.7+0237,bll,,J0050.2+0235,J0050.2+0234
108,J0049.8-5737,fsrq,,J0049.8-5738,J0049.7-5738
109,J0050.0-4458,bcu,,,
110,J0050.4-0449,fsrq,,J0050.0-0446,J0050.1-0452
111,J0050.6-0929,BLL,J0050.5-0928,J0050.6-0928,J0050.6-0929
112,J0051.0-0649,fsrq,J0051.1-0647,J0051.1-0649,J0051.0-0648
113,J0051.2-6241,bcu,,J0051.4-6242,J0051.4-6241
114,J0051.6+6445,,,,
115,J0054.8-2455,bll,,J0054.9-2455,J0055.0-2454
116,J0055.2-1213,bcu,,,
117,J0056.3-2116,bll,,,J0056.8-2111
118,J0056.3-0935,bll,,,
119,J0057.9-0542,fsrq,,,
120,J0058.0-3233,bll,,J0058.4-3235,J0057.9-3236
121,J0058.3+3315,fsrq,,J0058.0+3314,J0057.9+3311
122,J0059.0-7242e,GAL,,J0101.3-7257,J0059.0-7242e
123,J0059.1-5701,bcu,,,J0059.7-5700
124,J0059.2-0152,bll,,,J0059.2-0151
125,J0059.6+0003,fsrq,,,
126,J0100.2+0745,bll,J0100.2+0750,J0100.2+0747,J0100.2+0746
127,J0101.0-6422,PSR,,J0101.0-6423,J0101.2-6425
128,J0102.1+4458,,,,
129,J0102.1+0943,,,J0102.3+0942,J0102.2+0943
130,J0102.3+4217,fsrq,,J0102.2+4223,J0102.3+4216
131,J0102.8+4840,PSR,,J0103.1+4840,J0102.9+4838
132,J0102.8+5825,fsrq,,J0102.8+5827,J0102.7+5827
133,J0103.4+5336,bll,,,J0103.5+5336
134,J0103.7+1323,bcu,,,J0103.8+1324
135,J0105.1-2415,fsrq,,J0104.4-2406,J0105.0-2411
136,J0105.3+3928,bll,,J0105.7+3930,J0105.3+3930
137,J0106.5+4855,PSR,,J0106.7+4853,J0106.5+4854
138,J0107.0-1208,bcu,,,
139,J0108.5-0035,fsrq,,,
140,J0108.7+0134,fsrq,,J0108.6+0135,J0108.6+0135
141,J0109.1+1816,bll,,J0109.0+1816,J0109.0+1817
142,J0109.8+6132,fsrq,,,J0109.9+6132
143,J0109.9-4020,bll,,J0110.0-4023,
144,J0110.2+6806,bll,,J0110.0+6806,J0110.3+6805
145,J0110.9-1254,bll,,,
146,J0111.5+0535,bll,,,
147,J0112.1+2245,BLL,J0112.1+2247,J0112.0+2247,J0112.1+2245
148,J0112.8+3207,fsrq,,J0112.9+3207,J0112.8+3208
149,J0112.9-7506,,,,
150,J0113.0-3554,fsrq,,,J0113.2-3557
151,J0113.4+4948,fsrq,,J0113.8+4945,J0113.7+4948
152,J0114.8+1917,,,,
153,J0114.8+1326,bll,,J0114.4+1327,J0114.7+1326
154,J0115.7+0356,bll,,J0115.7+0357,J0115.4+0358
155,J0115.8+2519,bll,,J0115.5+2519,J0115.7+2518
156,J0116.0-1134,fsrq,,J0115.5-1132,J0116.0-1134
157,J0116.2-2744,bcu,,,
158,J0116.3-6153,bll,,,J0116.6-6153
159,J0116.8+6913,,,,
160,J0117.8-2113,fsrq,,,
161,J0118.8-2142,fsrq,J0118.7-2139,J0118.7-2137,J0118.8-2142
162,J0118.9-1457,bll,,,
163,J0120.4-2700,bll,J0120.5-2703,J0120.5-2700,J0120.4-2700
164,J0121.7+5154,bcu,,J0122.2+5200,
165,J0121.8-3917,,,,
166,J0122.8+3423,bll,,,J0122.6+3425
167,J0123.7-2312,bll,,,
168,J0125.2-0627,bll,,J0124.6-0616,J0124.5-0621
169,J0125.4-2548,bll,,,
170,J0126.1-2227,fsrq,,,
171,J0127.1-0818,bll,,,
172,J0127.2+0325,bcu,,J0127.0+0322,J0127.2+0324
173,J0127.4+5433,,,,
174,J0127.5+5634,,,,
175,J0127.6+4851,,,,
176,J0127.9+2551,fsrq,,,
177,J0128.4+6257,spp,,,
178,J0128.5+4430,fsrq,,J0128.6+4439,J0128.4+4431
179,J0130.8+1441,fsrq,,,
180,J0131.2+6120,bll,,J0131.2+6121,J0131.1+6121
181,J0131.3+5548,bcu,,,
182,J0132.1-5340,,,,
183,J0132.5-0802,bcu,,,
184,J0132.6-1655,fsrq,,J0132.6-1655,J0132.8-1654
185,J0133.0-4413,bll,,,J0133.4-4408
186,J0133.2-4737,,,,
187,J0133.2-5159,bcu,,,
188,J0133.3+5930,,,,
189,J0133.3+4324,bcu,,,
190,J0134.3-3842,fsrq,,,
191,J0134.5+2638,bcu,,J0134.4+2632,J0134.4+2636
192,J0135.0+6927,bcu,,,
193,J0136.5+3905,bll,J0136.6+3903,J0136.5+3905,J0136.5+3905
194,J0137.0+4752,fsrq,J0137.1+4751,J0137.0+4751,J0136.9+4751
195,J0137.6-2430,fsrq,,J0137.5-2428,J0137.6-2430
196,J0137.8+5813,bcu,,J0137.8+5814,J0137.7+5811
197,J0138.5-4612,,,,
198,J0139.9+8735,bcu,,,
199,J0141.4-0929,bll,,J0141.7-0929,J0141.5-0928
200,J0143.7-5845,bll,,J0143.9-5845,J0143.6-5844
201,J0144.6+2705,bll,J0144.5+2709,J0144.6+2703,J0144.6+2704
202,J0145.1-2732,fsrq,J0145.1-2728,J0144.9-2732,J0145.1-2732
203,J0145.6+8600,bcu,,,
204,J0146.4-6746,bcu,,,
205,J0147.0-5204,bcu,,,J0146.6-5206
206,J0148.3+5200,bcu,,,
207,J0148.6+0128,bll,,,J0148.6+0127
208,J0149.6+4846,,,,
209,J0150.5-5447,bcu,,,
210,J0151.0-3609,bcu,,,
211,J0151.0+0537,bcu,,,
212,J0151.6+2205,fsrq,,,
213,J0152.2+3707,bcu,,,
214,J0152.6+0148,bll,,,J0152.6+0148
215,J0152.8+7517,bll,,,
216,J0153.4+7114,bcu,,,
217,J0154.0+0824,bll,,J0154.1+0823,J0153.9+0823
218,J0154.1+4642,,,,
219,J0154.9+4433,bll,,J0155.0+4433,J0154.9+4434
220,J0156.3+3913,bcu,,,J0156.4+3909
221,J0156.5-2423,,,,J0156.5-2419
222,J0156.9-4742,bcu,,,
223,J0157.0-5301,bll,,J0157.0-5259,J0157.2-5259
224,J0157.9-4615,fsrq,,J0157.5-4613,J0158.0-4609
225,J0158.6-3931,bll,,J0158.0-3931,J0158.3-3931
226,J0158.6+0102,,,,J0158.4+0107
227,J0159.4+1046,bll,,J0159.5+1047,J0159.5+1046
228,J0159.8-2741,bll,,J0159.7-2741,J0159.6-2741
229,J0200.3-4108,,,,J0200.4-4105
230,J0200.9-6635,bcu,,,J0201.5-6626
231,J0202.3+0851,fsrq,,J0202.1+0849,
232,J0202.5+4206,bll,,,
233,J0203.1-0227,bcu,,,
234,J0203.6+1148,,,,
235,J0203.6+3043,bll,,J0203.5+3044,J0204.0+3045
236,J0204.0+7234,bll,,J0203.5+7234,J0203.6+7235
237,J0204.2+2420,bcu,,,
238,J0204.8+3212,fsrq,,J0205.3+3217,J0205.4+3211
239,J0205.0+1510,bcu,,J0204.5+1516,J0205.0+1514
240,J0205.2-1700,fsrq,J0204.8-1704,J0205.0-1702,J0205.3-1657
241,J0205.5+6448,PSR,,J0205.6+6449,J0205.8+6448
242,J0206.4-1150,fsrq,,,J0206.5-1149
243,J0207.9-3846,bcu,,,
244,J0208.0-6838,bll,,,J0207.9-6832
245,J0208.6+3522,bll,,J0208.6+3522,
246,J0209.4-5229,bll,,J0209.3-5229,J0209.5-5229
247,J0209.5+4449,bll,,,
248,J0210.7-5101,BCU,J0210.8-5100,J0210.6-5101,J0210.7-5102
249,J0211.0+1922,,,,
250,J0211.2+1051,BLL,,J0211.2+1049,J0211.2+1050
251,J0211.2-0649,bcu,,,
252,J0211.7+5402,bcu,,,
253,J0212.1+5320,,,J0212.3+5319,J0212.1+5318
254,J0212.8-3504,bll,,,
255,J0213.0+2245,bll,,J0213.2+2244,J0213.1+2245
256,J0213.1-2720,bcu,,,
257,J0214.4+5143,bll,,,
258,J0214.7-5823,bcu,,,
259,J0216.0+0300,,,,
260,J0216.1-7016,bcu,,,
261,J0216.4+0507,,,,
262,J0216.6-1019,bcu,,,
263,J0217.0-6635,bll,,J0217.9-6630,J0216.9-6630
264,J0217.1-0833,fsrq,,J0217.0-0829,J0217.5-0813
265,J0217.2+0837,bll,,J0217.2+0834,J0217.4+0836
266,J0217.3+6209,bcu,,,
267,J0217.5+7349,fsrq,,J0217.8+7353,J0217.7+7353
268,J0217.8+0143,fsrq,J0217.8+0146,J0217.9+0144,J0217.9+0143
269,J0218.1+4233,PSR,,J0218.1+4232,J0218.1+4233
270,J0218.9+3642,bcu,,,J0219.2+3641
271,J0219.0+2440,bcu,,,
272,J0220.1+6202c,spp,,J0218.8+6158c,
273,J0221.1+3556,FSRQ,J0220.9+3607,J0221.0+3555,J0221.0+3555
274,J0221.1+6059,,,,
275,J0221.2+2518,,,,J0221.2+2516
276,J0221.8+6138c,,,,
277,J0222.1-1616,fsrq,,J0222.1-1618,J0222.0-1615
278,J0222.6+4301,BLL,J0222.6+4302,J0222.6+4302,J0222.6+4302
279,J0222.9-1117,bll,,J0223.0-1118,J0223.0-1118
280,J0223.3+6820,bcu,,,J0222.7+6820
281,J0223.5+6313,bcu,,,
282,J0223.6+6204,,,,J0224.0+6204
283,J0223.6+3927,,,,
284,J0224.0+6235,spp,,,
285,J0224.1-7941,bcu,,,
286,J0224.1-1846,,,,
287,J0224.4+1615,,,,
288,J0225.2-2602,bcu,,,
289,J0225.8+6159,,,,J0225.9+6154c
290,J0226.3+0941,fsrq,,J0226.3+0937,J0226.1+0943
291,J0226.5-4442,bcu,,,J0226.5-4444
292,J0226.7-4747,,,,
293,J0227.2+0201,bll,,,J0227.3+0203
294,J0228.0+2248,bcu,,,J0227.7+2249
295,J0228.3-5545,fsrq,,,
296,J0228.5+6703,bcu,,,
297,J0228.5+8213,,,,
298,J0228.7-3106,bcu,,,
299,J0229.3-3643,fsrq,J0229.5-3640,J0229.3-3644,J0229.3-3644
300,J0230.6-5757,bll,,,
301,J0230.8+4032,fsrq,,J0230.8+4031,J0230.8+4031
302,J0231.0+1302,,,,
303,J0232.6+0646,,,,
304,J0232.8+2016,bll,,,
305,J0232.9+2606,bcu,,,
306,J0233.0+6237,,,,J0233.9+6238c
307,J0234.2-0629,,,,
308,J0235.7+5647,,,,
309,J0236.7-6136,fsrq,,J0238.3-6132,J0237.1-6136
310,J0237.5-3603,bll,,J0237.5-3603,J0237.5-3603
311,J0237.9+2848,FSRQ,J0238.4+2855,J0237.9+2848,J0237.8+2846
312,J0238.0+5237,,,,J0237.9+5238
313,J0238.3-3904,bll,,,J0238.2-3905
314,J0238.4-3117,bll,,J0238.6-3117,J0238.6-3117
315,J0238.6+1636,BLL,J0238.6+1636,J0238.6+1637,J0238.7+1637
316,J0239.0+2555,,,,
317,J0239.4+1326,,,J0239.5+1324,J0239.5+1324
318,J0240.0-0253,,,,
319,J0240.5+6113,HMB,J0240.3+6113,J0240.5+6113,J0240.5+6113
320,J0241.3+6542,bcu,,,
321,J0242.1-0534,,,,
322,J0242.3+1059,fsrq,,,
323,J0242.7-0001,sbg,,J0242.7+0007,J0242.5+0006
324,J0243.5+7119,bll,,J0243.5+7116,J0242.9+7118
325,J0244.4-8224,bcu,,,
326,J0244.4+4745,,,,
327,J0244.8-5818,bll,,,
328,J0245.4+2410,fsrq,,J0245.4+2413,J0245.1+2406
329,J0245.9-4651,fsrq,J0245.6-4656,J0245.9-4652,J0245.9-4652
330,J0248.4+5130,,,J0248.7+5127,J0248.5+5131
331,J0248.5+4232,psr,,,
332,J0248.5+6022,PSR,,J0248.3+6021,J0248.1+6021
333,J0249.1+8438,bcu,,,J0248.6+8440
334,J0250.6+1713,fsrq,,J0250.4+1715,J0250.6+1713
335,J0250.6+5630,bcu,,J0251.5+5634,J0250.7+5631
336,J0251.1+2603,psr,,,J0251.0+2557
337,J0251.1-1829,,,,
338,J0251.5-5959,fsrq,,,
339,J0252.3+3830,fsrq,,,
340,J0252.8-2218,fsrq,,J0252.8-2219,J0252.7-2218
341,J0253.0-0125,bll,,,
342,J0253.1-5438,fsrq,,,
343,J0253.5+3216,bcu,,,J0253.4+3218
344,J0253.8+5104,fsrq,,J0254.2+5107,J0253.5+5107
345,J0254.2+5903,,,,J0253.9+5908
346,J0255.8+0532,bcu,,,
347,J0256.3+0335,bcu,,,
348,J0257.8-1216,fsrq,,J0257.8-1204,J0257.7-1213
349,J0258.0+2030,bll,,J0258.0+2033,J0257.9+2025c
350,J0258.2+3555,,,,
351,J0258.9+0552,,,,
352,J0259.5+0746,fsrq,,J0259.5+0743,J0259.5+0740
353,J0301.4-1652,bcu,,,
354,J0301.8-7157,bcu,,,
355,J0301.8-2721,bcu,,,
356,J0302.0+5335,bcu,,,
357,J0302.5-7915,fsrq,,,J0302.7-7919
358,J0303.0+3150,bcu,,,
359,J0303.4-2407,BLL,J0303.7-2410,J0303.5-2406,J0303.4-2407
360,J0303.6+4716,bll,,J0303.1+4711,J0303.5+4713
361,J0303.7-6211,fsrq,,J0303.4-6209,J0303.5-6209
362,J0304.3-2836,bll,,,J0304.5-2836
363,J0304.9+6817,bcu,,,J0303.5+6822
364,J0305.2-1607,bcu,,J0305.2-1601,J0305.0-1602
365,J0307.3+4916,,,J0307.5+4916,J0307.4+4915
366,J0308.0+7442,PSR,,J0308.6+7442,J0308.3+7442
367,J0308.4-2852,,,,
368,J0308.6+0408,rdg,,J0308.3+0403,
369,J0309.0+1029,fsrq,,,J0309.1+1027
370,J0309.5-0749,bll,,,J0309.3-0743
371,J0309.9-6057,fsrq,,J0310.1-6058,J0310.0-6058
372,J0310.4-5015,bcu,,,J0310.2-5013
373,J0310.8+3814,fsrq,,J0310.6+3812,J0310.7+3813
374,J0312.1-0921,,,,J0312.5-0914
375,J0312.7-2222,,,,
376,J0312.7+2011,,,,J0312.8+2013
377,J0312.7+0133,fsrq,,J0312.6+0131,J0312.6+0132
378,J0312.7+3613,bll,,,
379,J0314.3-5103,bll,,J0315.6-5109,J0314.2-5106
380,J0315.5-1026,fsrq,,J0315.9-1033,J0315.8-1024
381,J0316.1+0904,bll,,J0316.1+0904,J0316.1+0904
382,J0316.1-2611,bll,,J0315.9-2609,J0315.8-2611
383,J0316.2-6436,bll,,J0316.3-6438,J0316.1-6434
384,J0316.6+4119,rdg,,,J0316.6+4119
385,J0318.1+0252,,,J0318.1+0254,J0318.0+0255
386,J0318.7+2134,bcu,,,
387,J0319.8+4130,RDG,J0320.0+4131,J0319.7+4130,J0319.8+4130
388,J0319.8+1847,bll,,J0319.7+1847,J0319.6+1849
389,J0322.0+2335,bll,,J0322.1+2336,J0322.0+2336
390,J0322.5-3721,,,,J0322.4-3717
391,J0323.6-0109,bll,,J0323.7-0106,J0323.6-0108
392,J0323.7-6038,,,,
393,J0324.5-1315,,,,
394,J0325.2+3410,nlsy1,,J0325.0+3403,J0324.8+3408
395,J0325.2-5634,bll,,J0325.6-5626,J0325.1-5635
396,J0325.5+2223,fsrq,,J0325.9+2219,J0326.1+2226
397,J0325.6-1648,bll,,J0325.9-1649,J0325.6-1650
398,J0326.0-1842,bcu,,,
399,J0326.2+0225,bll,,J0326.2+0222,J0326.1+0224
400,J0327.4+5828c,,,,
401,J0330.6+0437,,,,
402,J0331.3-6155,bcu,,,
403,J0332.0+6308,bcu,,J0332.0+6310,J0332.1+6309
404,J0332.4+6110,,,,
405,J0332.4+4644,,,,
406,J0333.4+7853,bcu,,,
407,J0333.4+4003,bcu,,,
408,J0333.6+0233,,,,
409,J0333.6+2916,bll,,J0333.7+2919,J0333.7+2918
410,J0333.9+6538,bll,,J0334.3+6536,J0334.3+6538
411,J0334.2+3915,rdg,,,
412,J0334.3-4008,bll,J0334.1-4006,J0334.2-4010,J0334.2-4008
413,J0334.3-3726,bll,,J0334.4-3727,J0334.3-3728
414,J0335.3-4459,bll,,J0335.5-4501,J0335.3-4501
415,J0336.1+7500,,,J0334.2+7501,J0336.0+7504
416,J0336.5+3210,fsrq,,,J0337.0+3200c
417,J0336.9-3622,fsrq,,,
418,J0336.9-1304,fsrq,,,
419,J0338.1-2443,bll,,,
420,J0338.5+1303,bcu,,,J0338.2+1306
421,J0339.2-1738,bcu,,J0339.1-1734,J0339.2-1734
422,J0339.5-0146,fsrq,,J0339.2-0143,J0339.4-0144
423,J0340.3+4130,PSR,,J0340.4+4130,J0340.4+4131
424,J0340.4+5302,,,J0341.5+5304,J0340.5+5307
425,J0340.4-2423,,,,J0340.7-2421
426,J0340.5-2119,bll,,,J0340.6-2113
427,J0342.2+3857,fsrq,,J0342.2+3859,J0342.4+3859
428,J0342.3+3148c,,,,J0341.8+3148c
429,J0342.6-3006,bcu,,,
430,J0342.8+1321,,,,
431,J0343.2-2534,fsrq,,J0343.4-2536,
432,J0343.3-6443,bcu,,,
433,J0343.3+3622,bcu,,,
434,J0345.1-2353,bll,,J0345.2-2355,J0345.2-2356
435,J0345.3+3236,,,,
436,J0348.1+4431,,,,
437,J0348.4+6039,,,,
438,J0348.6-2748,fsrq,,J0348.5-2751,J0348.6-2750
439,J0348.7-1606,bll,,,
440,J0349.2-1158,bll,,,
441,J0349.9-2102,fsrq,J0349.8-2102,J0349.9-2104,J0350.0-2104
442,J0351.0-2816,,,,
443,J0351.1+0128,ssrq,,,
444,J0351.4-3248,,,,
445,J0352.9+5655,bcu,,J0352.8+5658,J0353.2+5653
446,J0353.0-3622,bll,,,
447,J0353.0-6831,bll,,,
448,J0354.1+4643,bcu,,,
449,J0354.6+8011,bll,,J0354.6+8009,J0354.1+8010
450,J0356.3-6948,bcu,,,
451,J0357.1+2325,bcu,,,
452,J0357.1-4957,bll,,J0357.1-4949,J0357.0-4950
453,J0357.9+3206,PSR,J0357.5+3205,J0357.8+3205,J0357.8+3205
454,J0358.7+0633,bcu,,,
455,J0358.8+6002,fsrq,,,J0359.1+6003
456,J0359.3-2612,bll,,,
457,J0359.5+5413,,,J0359.5+5410,J0359.5+5410
458,J0359.7+7649,,,,
459,J0401.0-5359,,,,
460,J0401.4+2109,fsrq,,,
461,J0401.8-3144,fsrq,,J0401.3-3152,J0401.6-3153
462,J0402.1-2618,bll,,J0402.1-2618,J0402.0-2616
463,J0402.7+2616,,,,
464,J0403.7-2442,fsrq,,,
465,J0403.9-3604,FSRQ,,J0403.9-3603,J0403.9-3604
466,J0405.5-1307,fsrq,,J0405.6-1309,J0405.8-1309
467,J0407.1-3825,fsrq,J0407.6-3829,J0407.4-3827,J0407.3-3826
468,J0407.5+0740,bll,,J0407.5+0749,J0407.7+0740
469,J0409.4+3158,bcu,,,
470,J0409.8-0358,bll,,J0409.9-0357,J0409.8-0357
471,J0412.0+0229,,,,
472,J0413.6-5334,fsrq,J0412.9-5341,J0413.4-5334,J0413.5-5332
473,J0414.9-0840,,,,
474,J0415.7-4351,,,,J0416.0-4355
475,J0416.6-1850,fsrq,,J0416.5-1851,J0416.7-1849
476,J0416.8+0104,bll,,J0416.8+0107,J0416.8+0105
477,J0418.0-0251,bcu,,,
478,J0418.2+3412,,,,
479,J0418.5+3813c,rdg,,J0419.0+3811,
480,J0419.1+6636,,,,J0418.9+6636
481,J0420.4+1448,,,,
482,J0420.4-6013,,,,
483,J0420.6-3742,,,,J0420.9-3743
484,J0421.6+1950,,,,
485,J0422.1-0642,fsrq,,J0422.0-0647,J0422.1-0645
486,J0423.2-0119,FSRQ,J0423.1-0112,J0423.2-0118,J0423.2-0120
487,J0423.5+5442,,,,
488,J0423.8+4150,bll,,J0423.8+4148,J0423.8+4149
489,J0424.7+0035,bll,,J0424.8+0036,J0424.7+0034
490,J0425.0-5331,bll,,,J0424.3-5332
491,J0425.2+6319,bcu,,,
492,J0425.8+5600,,,,
493,J0426.3+3510,,,,
494,J0426.3+6827,bcu,,,
495,J0426.6+0459,bcu,,,J0426.6+0509c
496,J0426.7+5437,,,J0426.5+5437,J0426.7+5434
497,J0427.3-3900,bcu,,,
498,J0427.9-6704,,,,J0427.2-6705
499,J0428.6-3756,bll,J0428.7-3755,J0428.6-3756,J0428.6-3756
500,J0429.8+2843,bcu,,,
501,J0429.8+3611c,,,,
502,J0430.1-3103,,,,
503,J0430.2-2508,bll,,J0430.4-2509,J0430.4-2507
504,J0430.5+1655,bcu,,,
505,J0431.6+7403,bcu,,,
506,J0431.7+3503,,,,
507,J0432.5+0539,,,,
508,J0433.1+3228,bcu,,J0433.5+3230,J0433.7+3233
509,J0433.6+2905,bll,,J0433.5+2905,J0433.5+2905
510,J0433.7-6028,bcu,,,J0433.4-6029
511,J0434.0-5726,bcu,,,J0433.9-5726
512,J0434.0-2010,bll,,J0434.1-2018,J0434.1-2014
513,J0434.3-1411c,,,,
514,J0434.4-2341,bcu,,,J0435.1-2341
515,J0434.6+0921,bcu,,,
516,J0437.2-4713,PSR,,J0437.2-4715,J0437.3-4712
517,J0437.7-7330,,,,J0438.0-7331
518,J0438.3-1258,fsrq,,J0438.8-1250,J0439.0-1252
519,J0438.8-4519,bll,,,J0438.8-4521
520,J0439.6-3159,bcu,,,
521,J0439.9-1859,bcu,,J0439.8-1857,J0439.8-1858
522,J0440.3-2500,bll,,,
523,J0440.3+1444,bcu,,,J0440.4+1433
524,J0440.8+2751,bll,,J0440.6+2748,J0440.9+2749
525,J0442.6-0017,fsrq,,J0442.7-0019,J0442.7-0017
526,J0444.5+3425,bcu,,,
527,J0444.6-6012,fsrq,,J0445.2-6008,
528,J0447.1-2540,,,,
529,J0447.8-2119,fsrq,,,J0448.6-2118
530,J0448.6-1632,bll,,J0448.5-1633,J0448.5-1633
531,J0449.0+1121,fsrq,,J0448.6+1118,J0448.9+1121
532,J0449.4-4350,bll,J0449.7-4348,J0449.5-4350,J0449.4-4350
533,J0451.6+7231,,,,
534,J0451.7+5722,,,,
535,J0453.2-2808,fsrq,,J0453.2-2805,J0453.1-2807
536,J0453.2+6321,bcu,,,
537,J0454.6-6825,pwn,,,
538,J0455.7-4617,fsrq,,J0455.6-4618,J0456.1-4613
539,J0456.2-6924,,,,J0455.8-6920
540,J0456.3+2702,bcu,,,J0456.5+2658
541,J0456.3-3131,fsrq,,J0456.4-3132,J0456.5-3132
542,J0457.0-2324,FSRQ,J0457.1-2325,J0457.0-2325,J0457.0-2325
543,J0457.0+0643,fsrq,,J0457.9+0649,
544,J0500.3+5237,spp,,J0500.1+5237,
545,J0501.2-0157,fsrq,,J0501.0-0200,J0501.2-0155
546,J0501.8+3046,bcu,,,
547,J0502.5+0612,fsrq,,,J0502.5+0607
548,J0502.6+1759,,,,
549,J0502.7+3438,bcu,,,
550,J0503.4+4522,bcu,,J0503.2+4526,J0503.3+4517
551,J0503.5+6538,bll,,,
552,J0505.3+0459,fsrq,,,J0505.5+0501
553,J0505.3-0422,fsrq,,J0505.8-0416,J0505.8-0411
554,J0505.5+0416,bll,,J0505.2+0420,J0505.4+0419
555,J0505.5-1558,bcu,,,
556,J0505.9+6114,bll,,,J0505.9+6116
557,J0506.3-0357,,,J0505.8-0416,
558,J0506.9+0321,,,,
559,J0506.9-5435,bcu,,J0506.9-5435,J0506.7-5435
560,J0507.1-6102,fsrq,,J0507.3-6103,J0507.5-6102
561,J0507.5-0906,,,,J0506.5-0901
562,J0508.0+6736,bll,J0507.9+6739,J0507.9+6738,J0508.0+6737
563,J0508.2-1936,bcu,,,J0508.1-1936
564,J0509.3+1012,fsrq,,J0509.2+1015,J0509.2+1013
565,J0509.4+0541,bll,,J0509.3+0540,J0509.4+0542
566,J0509.7-0400,bll,,,
567,J0509.7-6418,bcu,,,
568,J0510.0+1802,fsrq,,J0510.0+1800,J0509.9+1802
569,J0512.0-3737,,,,
570,J0512.2+2918,bcu,,,
571,J0512.9+4038,bcu,,,J0512.9+4040
572,J0514.4+5603,fsrq,,,
573,J0514.6-4406,,,J0515.6-4404,J0515.0-4411
574,J0515.3-4557,fsrq,,,J0516.5-4601
575,J0515.5-0123,bcu,,,
576,J0515.8+1526,bll,,J0515.9+1528,J0515.9+1528
577,J0516.3+7351,bll,,J0515.2+7355,J0515.5+7355
578,J0516.6+1012,,,,
579,J0516.7-6207,bll,J0516.2-6200,J0516.7-6207,J0516.8-6207
580,J0517.1+2628c,,,,J0516.7+2634
581,J0517.4+4540,fsrq,,,J0517.0+4532
582,J0517.5+0902,fsrq,,J0517.6+0857,J0517.5+0900
583,J0519.2-4542,rdg,,,
584,J0519.3+2746,bcu,,,
585,J0519.5+0852,bcu,,,
586,J0521.4-1740,fsrq,,,J0521.4-1736
587,J0521.7+0103,bcu,,J0521.6+0103,J0521.9+0108
588,J0521.7+2113,bll,,J0521.7+2114,J0521.7+2113
589,J0521.9-3847,bcu,,,
590,J0522.9-3628,BCU,,J0522.8-3632,J0523.0-3628
591,J0523.3-2528,,,J0523.5-2529,J0523.3-2530
592,J0523.7+3328,,,,
593,J0524.4+2839,,,J0524.1+2842,J0524.1+2843
594,J0524.5-6937,,,,
595,J0525.2-6614,,,,
596,J0525.3-4558,fsrq,,,
597,J0525.6-6013,bcu,,,J0525.5-6011
598,J0525.8-2014,bcu,,,
599,J0526.0+4253,bcu,,,J0526.6+4308
600,J0526.2-4829,fsrq,,J0526.3-4829,J0526.1-4829
601,J0526.4+2247,,,,J0526.6+2248
602,J0526.6-6825e,GAL,J0538.4-6856,J0538.9-6914,J0526.6-6825e
603,J0526.6+6321,bcu,,,J0526.8+6326
604,J0527.3+6647,,,J0527.6+6646,
605,J0528.3+1815,bcu,,,
606,J0529.1+0933,bcu,,,J0529.2+0935
607,J0529.2-5917,bll,,,
608,J0529.2+3822,,,,J0529.3+3821
609,J0529.8-7242,bcu,,,
610,J0530.8+1330,FSRQ,J0531.0+1331,J0531.0+1331,J0530.8+1333
611,J0532.0-4827,BCU,,,J0532.0-4826
612,J0532.7+0732,FSRQ,,J0532.9+0733,J0532.7+0733
613,J0533.0-3939,bcu,,,
614,J0533.2+4822,fsrq,,J0533.0+4825,J0533.0+4823
615,J0533.2+5944,,,,
616,J0533.6-8323,fsrq,,J0533.0-8324,J0531.8-8324
617,J0533.8-3754,,,,
618,J0534.0+6759,PSR,,J0533.9+6758,J0533.9+6759
619,J0534.5+2201i,PWN,J0534.6+2201,,J0534.5+2201
620,J0534.5+2201s,PWN,J0534.6+2201,,J0534.5+2201
621,J0534.5+2201,PSR,J0534.6+2201,J0534.5+2200,J0534.5+2201
622,J0535.3-6559,,,,
623,J0535.6-2749,bcu,,,
624,J0535.7-0617c,,,,
625,J0536.4-3347,,,J0536.2-3348,J0536.2-3348
626,J0537.0-7113,,,,
627,J0537.0+0957,,,,
628,J0537.4+3604c,,,,
629,J0537.4-5717,bll,,J0537.7-5717,J0537.7-5716
630,J0538.4-3909,bcu,,J0538.4-3910,J0538.5-3909
631,J0538.8-4405,BLL,J0538.8-4403,J0538.8-4404,J0538.8-4405
632,J0538.8-0341,,,,
633,J0538.9+1646,,,,
634,J0539.2-0536,,,J0540.9-0547,J0538.5-0534c
635,J0539.8+1434,fsrq,,,
636,J0539.9-7553,,,,J0540.1-7554
637,J0540.0+1208,,,,
638,J0540.0-2837,fsrq,,J0539.1-2847,J0539.3-2841
639,J0540.3+2756e,SNR,,J0538.6+2717,J0538.1+2718
640,J0540.4+5823,bll,,,J0540.4+5822
641,J0540.5-5416,fsrq,,,J0540.4-5415
642,J0540.8+3503c,,,,
643,J0541.1+3553,,,J0541.1+3542c,J0540.3+3549c
644,J0542.2-8737,bcu,,,
645,J0542.5-0907c,bcu,,,
646,J0543.9-5531,bll,,J0543.8-5531,J0543.9-5532
647,J0544.7+2239,,,,
648,J0545.6+6019,,,J0545.6+6022,J0545.6+6018
649,J0546.4+0031c,,,J0547.0+0020c,J0547.1+0020c
650,J0550.3-4521,,,,
651,J0550.6-3217,bll,,,
652,J0553.5-2036,bcu,,,
653,J0554.1+3104,PSR,,J0553.9+3105,J0553.9+3104
654,J0556.0-4353,bll,,,J0555.9-4348
655,J0556.2+3933,,,,
656,J0557.7-0720,,,,
657,J0558.1-3838,bll,,J0557.6-3831,J0558.2-3837
658,J0558.6-7459,bll,,J0559.2-7500,J0558.7-7501
659,J0559.8+3042,,,,
660,J0600.4-1934,,,,J0600.8-1949
661,J0600.9-3943,fsrq,,,
662,J0601.0+3837,bll,,J0600.9+3838,J0600.9+3839
663,J0601.2-7036,fsrq,,J0600.7-7037,J0601.1-7037
664,J0601.5+2309,,,,
665,J0602.2+5314,bcu,,,J0602.3+5315
666,J0602.8-4016,bcu,,J0603.0-4012,J0602.7-4011
667,J0603.3+2042,,,,
668,J0603.8+2155,bcu,,,
669,J0604.1-4817,bll,,J0604.2-4817,J0604.2-4817
670,J0604.7-4849,bcu,,,
671,J0605.0+3756,PSR,,J0605.3+3800,J0605.3+3758
672,J0605.0-0000,,,J0605.1+0005,J0605.0+0001
673,J0605.9+2039c,,,,
674,J0606.4-4729,bcu,,,
675,J0607.4+4739,bll,,J0607.2+4739,J0607.4+4739
676,J0608.0-0835,fsrq,,J0608.2-0837,J0608.0-0836
677,J0608.1-1522,fsrq,,J0608.0-1521,J0608.0-1521
678,J0608.2-2306,,,,
679,J0608.6+5328,,,,
680,J0609.2+2051c,,,,
681,J0609.3+2131,psr,,,
682,J0609.4-0248,bll,,J0609.3-0244,J0609.4-0248
683,J0609.6-2851,,,,
684,J0609.7-1841,,,,J0609.6-1847
685,J0610.2-2059,PSR,,J0610.7-2059,J0610.3-2059
686,J0610.6+1728,spp,,,
687,J0611.1-6100,fsrq,,,J0611.8-6059
688,J0611.2+4323,bcu,,,J0611.0+4321
689,J0611.5+1957,,,,
690,J0611.7+2759,bcu,,,
691,J0612.8+4122,bll,,J0612.7+4120,J0612.8+4122
692,J0613.8-0201,PSR,J0613.9-0202,J0613.7-0200,J0613.8-0200
693,J0614.1-3329,PSR,J0614.3-3330,J0614.1-3328,J0614.1-3329
694,J0615.4-3116,bll,,,
695,J0617.2+5701,bll,,J0616.9+5701,J0616.9+5701
696,J0617.2+2234e,SNR,J0617.4+2234,J0617.2+2233,J0617.2+2234e
697,J0617.6-1717,bll,,J0617.7-1718,J0617.6-1716
698,J0618.0+7819,fsrq,,,
699,J0618.2-2429,bcu,,,
700,J0618.9-1138,bcu,,,
701,J0619.4+2242,,,,
702,J0620.4+2644,bcu,,,
703,J0621.0+2514,PSR,,J0621.5+2508,J0621.2+2508
704,J0622.2+3747,PSR,,J0622.2+3751,J0621.9+3750
705,J0622.4-2606,bll,,J0622.3-2604,
706,J0622.9+3326,BCU,,,J0622.9+3326
707,J0623.1-4143,,,,
708,J0623.3+3043,bcu,,,
709,J0625.2+4440,bll,,J0625.4+4440,J0625.2+4441
710,J0626.0-5436,fsrq,,J0625.9-5430,
711,J0626.6-4259,bcu,,J0626.6-4254,J0626.8-4258
712,J0626.8+1743,,,,
713,J0627.0-3529,rdg,,J0627.3-3530,J0627.1-3528
714,J0627.9-1517,bcu,,,
715,J0628.4+2429,,,,
716,J0629.0-6248,bll,,,J0628.9-6246
717,J0629.4-1959,bll,,J0629.6-2000,J0629.3-2001
718,J0630.2-0929c,,,,
719,J0630.3+6906,bcu,,,
720,J0630.9-2406,bll,,J0630.9-2406,J0630.9-2406
721,J0631.2+2019,bcu,,,
722,J0631.5+1036,PSR,J0631.8+1034,J0631.4+1037,J0631.5+1035
723,J0631.6+0644,spp,,,J0631.6+0640
724,J0633.7+0632,PSR,J0633.5+0634,J0633.7+0632,J0633.7+0633
725,J0633.9+1746,PSR,J0634.0+1745,J0633.9+1746,J0633.9+1746
726,J0634.1+0424,,,,
727,J0634.7-2334,fsrq,,,J0635.0-2334
728,J0635.7-7517,fsrq,,J0636.1-7521,J0635.5-7516
729,J0636.7+7115,,,,
730,J0637.5+0418,,,,J0637.0+0416c
731,J0638.4+5704,,,,
732,J0638.6+7324,fsrq,,J0639.9+7325,
733,J0639.9+3250,,,,
734,J0640.0-1252,bcu,,,
735,J0640.9+0752,spp,,,
736,J0641.1+1004,,,,J0641.1+1006c
737,J0641.8-0319,bcu,,,
738,J0643.2+0859,fsrq,J0643.2+0858,J0643.2+0859,J0643.2+0858
739,J0643.4-5358,bcu,,,
740,J0644.3-6713,bcu,,,J0644.2-6713
741,J0644.6+6035,,,J0645.5+6033,J0644.6+6034
742,J0644.6-2853,bcu,,,
743,J0645.9-3914,fsrq,,,
744,J0646.4-5452,bcu,,,
745,J0647.0-5134,bcu,,,J0647.7-5132
746,J0647.1-4415,bcu,,,
747,J0647.6-6058,bcu,,J0648.6-6052,J0647.8-6102
748,J0647.6+0032,,,J0647.3+0031,J0647.7+0032
749,J0647.8+1751,,,,
750,J0648.1+1606,bcu,,,
751,J0648.1-3045,fsrq,,,
752,J0648.8+1516,bll,,J0648.8+1516,J0648.9+1516
753,J0648.8-1740,fsrq,,J0648.7-1740,J0648.7-1739
754,J0649.6-3138,bcu,,,J0649.7-3138
755,J0650.4-1636,bcu,,J0650.6-1635,J0650.4-1632
756,J0650.5+2055,bcu,,,
757,J0650.7+2503,bll,,J0650.7+2503,J0650.7+2505
758,J0650.9+6524,,,,
759,J0651.3+4014,bcu,,,
760,J0652.0-4808,bcu,,,
761,J0653.6+2817,bcu,,,J0653.7+2818
762,J0654.4+4514,FSRQ,J0654.3+4513,J0654.3+4514,J0654.2+4514
763,J0654.4+5042,fsrq,J0654.3+5042,J0654.4+5042,J0654.5+5043
764,J0654.5+0926,bcu,,,
765,J0656.2-0323,fsrq,,J0656.2-0321,J0656.2-0320
766,J0656.4+4232,bll,,,
767,J0657.6-4701,,,,
768,J0658.3-5832,bcu,,,
769,J0658.6+0636,bcu,,J0658.5+0641,J0658.4+0633
770,J0658.8+2318,,,,
771,J0659.2-0439c,,,,
772,J0659.5+1414,PSR,,J0659.8+1414,J0659.7+1417
773,J0700.0+1709,bcu,,,J0700.3+1710
774,J0700.2+1304,bcu,,J0659.9+1303,
775,J0700.3-6310,bcu,,,
776,J0700.6-6610,bll,J0700.0-6611,J0700.4-6611,J0700.3-6611
777,J0700.6+3557,,,,
778,J0701.4-4634,fsrq,,J0702.0-4628,J0701.7-4630
779,J0702.7-1952,bll,,J0702.2-1954,J0702.7-1951
780,J0703.4-3914,bcu,,,J0703.1-3912
781,J0704.1-1043,,,,J0705.3-1043c
782,J0704.3-4828,,,,
783,J0705.7-0006,,,,
784,J0706.1-4849,bcu,,J0706.3-4849,J0706.7-4845
785,J0706.5+3744,bll,,J0706.5+3744,J0706.5+3744
786,J0707.0+7741,bll,,J0707.3+7742,J0706.5+7741
787,J0707.2+6101,bll,,,
788,J0707.5-3111,,,,
789,J0707.7-1035c,,,,
790,J0708.7+1747,,,,
791,J0708.9+2239,bcu,,,J0709.0+2236
792,J0709.7-0256,bll,,,J0709.3-0256
793,J0710.3+5908,bll,,J0710.6+5911,J0710.5+5908
794,J0710.5+4732,bll,,J0711.4+4731,J0710.8+4733
795,J0711.1-1037,,,,
796,J0712.2-3806,,,,
797,J0712.2-6436,bcu,,,
798,J0712.6+5033,bll,J0712.9+5034,J0712.7+5033,J0712.9+5032
799,J0713.9+1933,fsrq,J0714.2+1934,J0714.0+1935,J0714.0+1933
800,J0714.7-3924,,,,
801,J0716.0-4525,,,,
802,J0718.7-4319,bll,,J0718.7-4320,J0718.7-4320
803,J0718.9-5004,,,J0718.8-4958,J0719.2-5000
804,J0719.3+3307,fsrq,J0719.4+3302,J0719.3+3306,J0719.3+3306
805,J0720.0-4010,bcu,,,
806,J0721.4+0404,fsrq,,J0721.4+0401,J0721.5+0404c
807,J0721.5-0221,,,,J0721.2-0223
808,J0721.9+7120,BLL,J0722.0+7120,J0721.9+7120,J0721.9+7120
809,J0722.2-2648,,,,
810,J0723.2-0728,bcu,,,
811,J0723.7+2050,bcu,,,
812,J0724.1+2857,fsrq,,J0723.6+2908,J0723.9+2901
813,J0725.2+1425,FSRQ,,J0725.3+1431,J0725.3+1426
814,J0725.4-5007,,,,
815,J0725.7-0550,,,,J0725.8-0549
816,J0725.8-3532,,,,
817,J0725.8+0212,,,,
818,J0725.8-0054,bcu,,J0725.9-0053,J0726.0-0053
819,J0726.6-4727,fsrq,,,J0727.0-4726
820,J0728.0+4828,bcu,,,
821,J0729.5-3127,bcu,,,
822,J0729.7-1448,PSR,,,
823,J0730.2-1141,fsrq,J0730.4-1142,J0730.3-1141,J0730.2-1141
824,J0730.3+6720,fsrq,,,
825,J0730.5+3307,bll,,,J0729.9+3304
826,J0730.5-0537,bcu,,,
827,J0730.5-6606,bcu,,,J0730.6-6607
828,J0731.7-1914c,,,J0731.2-1910c,
829,J0731.8-3010,,,,
830,J0732.2-4638,bcu,,,
831,J0733.3+5904,,,,
832,J0733.5+5153,bcu,,,
833,J0733.8+5021,fsrq,,,J0733.9+5023
834,J0733.8+4108,bll,,,
835,J0734.3-7709,bcu,,J0734.1-7715,J0734.2-7706
836,J0734.7-1558,PSR,,J0734.7-1557,J0734.6-1558
837,J0737.2-3233,,,J0737.4-3239,J0737.1-3235
838,J0737.8-8245,,,,J0737.5-8246
839,J0738.1+1741,bll,J0738.2+1738,J0738.2+1741,J0738.0+1742
840,J0739.4+0137,fsrq,,J0739.1+0138,J0739.2+0138
841,J0739.8+1312,,,,
842,J0740.6-5230,,,,
843,J0740.8+6621,PSR,,,
844,J0742.4-8133c,bcu,,,
845,J0742.6+5444,fsrq,,J0742.2+5443,J0742.6+5442
846,J0742.6-5623,fsrq,,,
847,J0742.7-2824,PSR,,J0742.8-2822,J0742.4-2821
848,J0742.7-3110,,,J0743.0-3110,J0742.7-3113
849,J0744.1-3804,bcu,,,
850,J0744.1-2523,,,J0744.1-2523,J0744.1-2523
851,J0744.3+1715,,,,
852,J0744.3+7434,bll,,J0745.2+7438,J0745.0+7436
853,J0744.8-4028,bcu,,,
854,J0746.4+2540,fsrq,,J0746.6+2548,J0746.6+2549
855,J0746.4-0225,,,,J0746.0-0222
856,J0746.6-0706,bcu,,J0746.5-0711,J0746.5-0713
857,J0746.6-4756,bcu,,,J0746.5-4758
858,J0746.9+8511,bcu,,,J0745.9+8512
859,J0747.2-3311,bcu,,,J0747.5-3305
860,J0747.4-0734,,,,
861,J0747.4+0904,bll,,,
862,J0747.5-4927,,,,
863,J0748.0-1639,bcu,,,J0747.2-1654
864,J0748.3+2401,fsrq,,,
865,J0748.5+7910,bcu,,,J0745.5+7910
866,J0748.7-5116,,,,
867,J0748.8-2208,,,,J0748.5-2204
868,J0748.8+4929,bcu,,,
869,J0749.0+4459,,,,J0747.7+4501
870,J0749.4+1059,bcu,,,
871,J0749.5+1320,,,,
872,J0750.6+1232,fsrq,,J0750.6+1235,J0750.6+1230
873,J0751.2+1806,PSR,,J0751.1+1807,J0751.1+1809
874,J0751.7-2944,,,,
875,J0752.6-1629,,,,J0753.2-1634
876,J0753.1+5353,bll,,J0752.8+5353,J0753.0+5352
877,J0754.4-1148,bll,,J0754.4-1147,J0754.4-1147
878,J0754.8+4824,bll,,,J0754.8+4824
879,J0755.2-2633,,,,
880,J0756.3-6433,bcu,,,J0756.3-6433
881,J0757.0+0956,bll,,J0757.2+0956,J0757.1+0957
882,J0757.5-0536,,,,
883,J0758.1+1130,fsrq,,,
884,J0758.6-1451,,,J0758.6-1450,J0758.8-1448
885,J0758.7+3747,rdg,,,
886,J0758.9+2705,bll,,,
887,J0800.6-4806,,,,
888,J0800.9+4401,bll,,J0800.5+4407,J0801.5+4401
889,J0802.0+1005,bll,,,
890,J0802.3-5610,,,J0802.4-5622,J0802.7-5615
891,J0802.3-0941,,,,J0802.6-0940
892,J0803.3-0339,bcu,,J0803.1-0339,J0803.2-0339
893,J0804.0-3629,bcu,,,
894,J0804.4+0418,bcu,,,
895,J0805.0-0622,bcu,,,
896,J0805.2-0112,fsrq,,,J0805.2-0121
897,J0805.4+7534,bll,,J0804.7+7534,J0805.3+7535
898,J0805.4+6144,fsrq,,J0806.2+6148,J0805.5+6145
899,J0806.6+5933,bll,,,
900,J0807.1-0541,bll,,J0807.0-0544,J0807.1-0543
901,J0807.1+7744,bcu,,,
902,J0807.9+4946,fsrq,,,
903,J0808.2-0751,fsrq,,J0808.2-0750,J0808.2-0750
904,J0809.5+4045,fsrq,,,
905,J0809.5+5342,fsrq,,,
906,J0809.6+3456,bll,,J0809.4+3455,
907,J0809.8+5218,bll,,J0809.5+5219,J0809.8+5218
908,J0810.5-5214,,,,
909,J0811.2-7529,bll,,J0811.1-7527,J0811.1-7527
910,J0811.3+0146,bll,,J0811.2+0148,J0811.4+0149
911,J0812.0+0237,bll,,,
912,J0812.9+5555,bll,,,
913,J0813.3+6509,bcu,,,J0812.6+6511
914,J0813.5-0356,,,,
915,J0814.1-1012,bll,,J0814.5-1011,J0814.0-1006
916,J0814.5+2943,bll,,,
917,J0814.7+6428,bll,,,J0814.7+6429
918,J0816.1-5044,,,,
919,J0816.4-1311,bll,,J0816.4-1311,J0816.4-1311
920,J0816.5+2049,bll,,,J0816.9+2049
921,J0816.7-2421,bcu,,,J0816.7-2420
922,J0816.7+5739,bll,,J0816.7+5739,J0816.5+5739
923,J0817.8-0935,bll,,J0818.0-0938,J0818.2-0935
924,J0818.0+3237,,,,J0817.9+3238
925,J0818.2+4223,bll,J0818.3+4222,J0818.2+4222,J0818.2+4223
926,J0818.8+2751,bll,,,J0819.3+2750
927,J0820.4+3640,bll,,,
928,J0820.9-1258,bll,,,
929,J0822.6-4250e,SNR,,J0823.3-4248,J0823.0-4246
930,J0822.9+4041,fsrq,,,J0823.0+4041
931,J0823.3-4205c,,,,
932,J0823.6-4838,,,,
933,J0824.1+2434,fsrq,,,
934,J0824.9+5551,fsrq,J0824.9+5551,J0825.0+5555,J0824.9+5552
935,J0824.9+3916,fsrq,,,J0824.7+3914
936,J0825.4-0213,bcu,,,
937,J0825.8-3217,bcu,,J0825.9-3216,J0825.9-3216
938,J0825.9-2230,bll,J0826.0-2228,J0825.8-2230,J0825.9-2229
939,J0826.0+0307,bll,,J0825.9+0309,J0825.9+0308
940,J0826.3-5056,,,,
941,J0826.3-6400,,,,
942,J0827.2-0711,bcu,,,
943,J0828.5+5217,fsrq,,,
944,J0828.8-2420,bcu,,,
945,J0829.3+0901,fsrq,,J0828.9+0901,
946,J0829.6-1137,bcu,,,
947,J0829.8-5239,,,,
948,J0830.3-5855,bcu,,,
949,J0830.5-4452,,,,
950,J0830.7+2408,FSRQ,,J0830.5+2407,J0830.5+2407
951,J0830.8+2629,,,,
952,J0831.9+0430,bll,,J0831.6+0429,J0831.9+0429
953,J0832.6+4914,bll,,,
954,J0832.8-4321,,,,
955,J0833.1-4511e,PWN,,,J0833.1-4511e
956,J0834.1+4223,fsrq,,J0834.4+4221,J0834.3+4221
957,J0834.5-4825,,,,
958,J0834.6+6101,,,,
959,J0834.7+4403,bll,,,J0834.3+4400
960,J0835.3-4510,PSR,J0835.4-4510,J0835.3-4510,J0835.3-4510
961,J0835.4+0930,bll,,J0835.4+0936,
962,J0836.3+2143,bcu,,,
963,J0836.5-2020,fsrq,,,
964,J0838.1-4615,spp,,,
965,J0838.8-2829,,,J0838.6-2828,J0838.8-2828
966,J0838.9-4056c,,,,
967,J0839.1-4739,spp,,,
968,J0839.5+0102,fsrq,,J0839.5+0059,J0839.6+0059
969,J0839.6+3538,bll,,,J0839.7+3541
970,J0839.6-4133,,,,
971,J0839.6+1803,bll,,,J0839.4+1802
972,J0840.8+1315,ssrq,,J0840.8+1310,J0840.7+1310
973,J0841.3-3554,bcu,,J0841.4-3558,J0841.3-3556
974,J0841.4+7053,FSRQ,,J0842.2+7054,J0841.6+7052
975,J0842.0-6055,bcu,,,
976,J0843.1-4546,spp,,,
977,J0843.4+6713,,,J0843.4+6718,J0843.6+6715
978,J0843.9+5311,bll,,J0844.0+5314,J0843.9+5312
979,J0844.3-4741,,,,
980,J0845.1-5458,bcu,,J0845.0-5459,J0844.8-5459
981,J0846.7-0651,bll,,,J0848.1-0703
982,J0846.8-2638,,,,
983,J0846.9-2336,bll,,J0846.9-2334,J0847.0-2334
984,J0847.1+1134,bll,,J0847.2+1134,J0847.2+1134
985,J0847.2-6936,,,,
986,J0847.4-4327,,,,
987,J0848.2-4524,,,,
988,J0848.5+7018,,,,
989,J0849.1+6607,bll,,J0849.3+6607,J0849.2+6606
990,J0849.3+0458,bll,,,J0849.0+0455
991,J0849.5-2912,bcu,,J0849.4-2912,
992,J0849.9-3540,bcu,,J0849.6-3540,J0849.9-3540
993,J0849.9+5108,NLSY1,,,
994,J0850.0+4855,bll,,J0849.9+4852,J0849.8+4852
995,J0850.2-1214,fsrq,,J0850.0-1213,J0850.2-1212
996,J0850.2+3500,bll,,J0850.2+3457,
997,J0851.4-4244,,,,
998,J0851.8+5531,bll,,,
999,J0852.6-5756,bcu,,,J0852.4-5756
1000,J0852.7-4631e,SNR,,J0854.0-4632,J0851.7-4635
1001,J0853.0-3654,bcu,,,J0853.1-3659
1002,J0854.2+4408,bll,,,
1003,J0854.4-4404,,,,
1004,J0854.8+2006,BLL,J0855.4+2009,J0854.8+2006,J0854.8+2005
1005,J0854.8-4503,,,J0854.6-4504,J0854.7-4501
1006,J0855.2-0718,bcu,,,J0855.1-0712
1007,J0855.4-4818,,,,
1008,J0855.4+7142,,,,J0856.0+7136
1009,J0856.4+6429,,,,
1010,J0856.5+2057,bll,,J0856.6+2103,J0856.3+2058
1011,J0856.7-1105,bll,,J0856.6-1105,J0856.6-1105
1012,J0857.6-4258,,,,
1013,J0858.0-4834,,,,
1014,J0858.1-1951,bcu,,,J0858.1-1952
1015,J0858.1-3130,bcu,,,J0858.2-3129
1016,J0858.6-4357,,,,
1017,J0859.1+6219,bll,,,
1018,J0859.3-4732,,,,
1019,J0900.0+6754,,,,J0900.9+6736
1020,J0901.0-6725,,,,
1021,J0901.6-4700,,,,J0901.7-4655
1022,J0902.4+2050,bll,,J0902.4+2050,J0902.4+2050
1023,J0903.0-4826,,,,J0904.0-4823c
1024,J0903.1+4649,fsrq,,,J0903.4+4651
1025,J0903.2-4744,,,,J0902.8-4741c
1026,J0904.3+4240,bcu,,,J0903.6+4238
1027,J0904.8-5734,bcu,,J0905.1-5736,J0904.9-5735
1028,J0904.8-3516,bcu,,J0904.7-3514,J0904.8-3513
1029,J0904.9+2739,fsrq,,,
1030,J0905.5+1358,bll,,J0905.5+1356,J0905.6+1357
1031,J0905.6-4917,,,,J0908.5-4913
1032,J0905.8-2127,,,,
1033,J0906.0-4705,,,,
1034,J0906.3-0906,bll,,J0906.4-0903,J0906.2-0906
1035,J0907.0-4802,,,,
1036,J0908.4-4916,PSR,,,J0908.5-4913
1037,J0909.0+2310,bll,,J0909.2+2310,J0909.2+2308
1038,J0909.1+0121,fsrq,,J0909.0+0126,J0909.1+0121
1039,J0909.6+0157,bll,J0909.7+0145,,J0909.6+0158
1040,J0909.8-0229,fsrq,,J0909.6-0229,J0909.7-0229
1041,J0910.5+3329,bll,,J0910.7+3332,J0910.6+3329
1042,J0910.7+3858,bll,,,
1043,J0910.9+2248,fsrq,,J0911.0+2247,J0910.9+2246
1044,J0911.8+3351,bll,,,
1045,J0912.2+4126,fsrq,,J0912.3+4127,J0912.1+4126
1046,J0912.2-6452,glc,,,
1047,J0912.4+2800,bll,,J0912.6+2756,J0912.5+2758
1048,J0912.6-2757,bcu,,,
1049,J0912.7+1556,bll,,,J0913.0+1553
1050,J0912.9-2104,bll,,,J0912.9-2102
1051,J0914.5-4736,,,,
1052,J0915.0+5844,bcu,,,
1053,J0915.8-5110,,,,
1054,J0915.8+2933,bll,,J0915.7+2931,J0915.8+2932
1055,J0916.3+3857,fsrq,,,J0917.0+3900
1056,J0917.3-0344,bcu,,,
1057,J0918.2-4859,,,,
1058,J0919.4+6604,,,,
1059,J0919.5-2200,,,,J0919.3-2203
1060,J0920.9+4442,fsrq,J0921.2+4437,J0920.9+4441,J0920.9+4441
1061,J0921.0-2258,bcu,,,
1062,J0921.6+2339,,,J0922.0+2337,J0921.9+2335
1063,J0921.8+6215,fsrq,,J0919.6+6216,J0921.9+6216
1064,J0922.4-0529,fsrq,,,
1065,J0922.8-3959,bcu,,,
1066,J0923.1+3853,bcu,,,
1067,J0923.3+4127,fsrq,,J0923.2+4121,J0923.2+4125
1068,J0923.8-5154,,,,
1069,J0924.0+2816,fsrq,,J0924.2+2812,J0924.0+2819
1070,J0924.2+0534,bll,,,
1071,J0925.6+5959,bll,,,
1072,J0925.7+3129,bll,,,
1073,J0926.3+5409,bll,,,
1074,J0927.9-2037,fsrq,,,J0927.9-2041
1075,J0928.3-5255,,,,
1076,J0928.5+4048,bll,,,
1077,J0928.7+7300,bcu,,,
1078,J0928.9-3530,bcu,,J0929.0-3531,J0928.8-3530
1079,J0929.4+5013,bll,,,J0929.5+5009
1080,J0930.0+4951,bll,,J0929.4+5000,
1081,J0930.2+8612,bll,,,J0930.4+8611
1082,J0930.7+5133,,,,
1083,J0930.9-1904,PSR,,,
1084,J0931.8+6739,,,,
1085,J0933.9-6232,,,J0933.9-6228,J0934.0-6231
1086,J0934.1+3933,bll,,J0934.5+3929,J0934.7+3932
1087,J0935.1-1736,,,,
1088,J0935.2+0903,,,,
1089,J0936.3-2114,,,,
1090,J0937.1-4544c,,,,
1091,J0937.7+5008,fsrq,,J0937.7+5005,J0937.6+5009
1092,J0937.8-6407,,,,
1093,J0937.9-1435,,,,J0937.9-1434
1094,J0939.2-1732,bcu,,,J0939.1-1734
1095,J0939.9-2831,bcu,,,J0940.3-2827
1096,J0940.6-7609,,,J0940.2-7605,J0942.8-7558
1097,J0940.7-6102,bcu,,,J0940.8-6105
1098,J0940.9-1337,fsrq,,,
1099,J0941.0+6151,,,J0941.2+6149,J0941.4+6148
1100,J0941.6+2727,fsrq,,J0941.2+2722,J0941.4+2724
1101,J0942.1-0756,bll,,,J0941.9-0755
1102,J0945.9+5756,bll,,J0945.6+5754,J0945.9+5751
1103,J0946.2+0103,bll,,,J0946.2+0104
1104,J0946.2+5209,,,,
1105,J0946.5+1017,fsrq,,J0946.6+1012,J0946.5+1015
1106,J0947.1-2542,bcu,,,J0946.9-2541
1107,J0948.1-3641,,,,
1108,J0948.6+4041,fsrq,,,J0948.8+4040
1109,J0948.8-4243,,,,
1110,J0948.8+0021,NLSY1,J0948.3+0019,J0949.0+0021,J0948.8+0020
1111,J0950.1+4554,bll,,,J0950.1+4554
1112,J0950.4+7550,,,,
1113,J0952.8+0711,,,,
1114,J0953.0-0839,bll,,J0953.0-0838,J0953.1-0839
1115,J0953.1-7657c,bcu,,,J0953.9-7659
1116,J0953.7-1510,,,J0953.6-1505,J0953.6-1504
1117,J0954.2+4913,bll,,,
1118,J0954.8-3948,,,J0955.2-3949,J0955.0-3949
1119,J0955.4+6940,sbg,,J0956.5+6938,J0955.9+6936
1120,J0955.6-6148,psr,,,
1121,J0956.6+2515,fsrq,,J0956.9+2513,J0956.9+2516
1122,J0956.7-6441,bcu,,,
1123,J0957.4+4728,fsrq,,,J0957.7+4735
1124,J0957.5-1351,fsrq,,,J0957.6-1350
1125,J0957.6+5523,fsrq,J0957.6+5522,J0957.7+5523,J0957.7+5522
1126,J0958.3-0318,bll,,,
1127,J0958.4-6752,bcu,,,
1128,J0958.6+6534,bll,,J1000.1+6539,J0958.6+6533
1129,J0958.6-2447,bcu,,,J0958.6-2446
1130,J0959.7+2124,bll,,,
1131,J1001.0+2913,bll,,J1000.9+2915,J1001.0+2913
1132,J1002.0-2837,,,,
1133,J1002.3+2220,bll,,,J1003.0+2219
1134,J1002.5-5709,,,,
1135,J1003.6+2608,bcu,,,
1136,J1003.7-5215,,,,
1137,J1005.0-4959,bcu,,,
1138,J1006.7+3453,bll,,J1007.0+3454,
1139,J1006.7-2159,fsrq,,J1007.1-2157,J1007.1-2157
1140,J1007.4-3334,fsrq,,,
1141,J1007.8+0026,bcu,,,J1008.6+0028
1142,J1007.9+0621,bll,,J1007.9+0619,J1007.7+0621
1143,J1008.6-5706,,,,
1144,J1008.9-2910,bcu,,,
1145,J1009.0-3137,bcu,,,
1146,J1010.2-3120,bll,,,J1009.7-3123
1147,J1010.8-7645c,,,,
1148,J1010.8-0158,fsrq,,J1011.0-0156,J1010.8-0158
1149,J1012.0-4235,psr,,,J1012.1-4236
1150,J1012.2+0631,bll,,J1012.2+0634,J1012.1+0631
1151,J1012.6+2439,fsrq,J1012.9+2435,J1012.7+2440,J1012.6+2440
1152,J1012.7+4229,bll,,,J1012.5+4227
1153,J1013.4-4008,,,,
1154,J1013.5+3440,fsrq,,,J1013.6+3434
1155,J1013.6-5734,,,,
1156,J1014.2+4115,bcu,,,
1157,J1015.0+4925,bll,J1015.2+4927,J1015.1+4927,J1015.1+4925
1158,J1015.2-4512,bcu,,,
1159,J1016.0+0513,fsrq,J1015.9+0515,J1016.1+0514,J1016.0+0513
1160,J1016.0-0635,bcu,,,J1016.2-0638
1161,J1016.1+5555,bcu,,,J1016.1+5600
1162,J1016.3-5858,PSR,,,J1016.5-5858
1163,J1016.5-6034,,,,
1164,J1016.6-4244,,,,J1016.4-4244
1165,J1016.9-2653,,,,
1166,J1018.1+1904,bll,,,
1167,J1018.2-6254,,,,
1168,J1018.3+3542,fsrq,,,J1017.0+3531
1169,J1018.4-3119,fsrq,,,J1018.3-3119
1170,J1018.5+0530,fsrq,,,J1018.6+0531
1171,J1018.8+5913,bll,,,J1019.0+5915
1172,J1018.9-5856,HMB,J1018.2-5858,J1018.6-5856,J1019.0-5856
1173,J1020.0-5749,PSR,,,
1174,J1020.0+6323,bll,,,J1019.8+6322
1175,J1021.8+8023,bcu,,,J1021.6+8021
1176,J1021.9-5815c,,,,
1177,J1022.3-4234,bcu,,,
1178,J1022.8-0113,bll,,J1022.8-0115,J1023.1-0115
1179,J1023.1+3952,fsrq,,J1023.6+3937,J1023.6+3947
1180,J1023.1-5745,PSR,,J1023.0-5746,J1022.7-5741
1181,J1023.7+3000,bll,,,J1023.6+2959
1182,J1023.9-4335,bll,,J1024.0-4332,J1023.8-4335
1183,J1024.1-3232,fsrq,,,J1023.8-3248
1184,J1024.3-5757,,J1024.0-5754,,
1185,J1024.4-4545,,,,
1186,J1024.6-0718,PSR,,J1024.6-0718,J1024.6-0719
1187,J1024.8+0105,bcu,,,
1188,J1025.1+2333,bll,,,
1189,J1025.1-6507,,,,
1190,J1025.7-5659c,,,,
1191,J1025.9-5930,,,,
1192,J1026.2-5730,,,,
1193,J1026.4-8542,bll,,J1028.7-8543,J1026.3-8546
1194,J1026.5+7423,bcu,,,
1195,J1026.9-1750,bll,,J1027.1-1747,J1026.7-1749
1196,J1027.0+0609,bll,,,
1197,J1027.7+6316,bll,,,
1198,J1027.8+8253,,,,
1199,J1028.0+1829,bcu,,,
1200,J1028.3-7419,,,,
1201,J1028.4-5819,PSR,J1028.6-5817,J1028.4-5819,J1028.5-5819
1202,J1028.5-0235,fsrq,,,
1203,J1030.0-5809,,,,
1204,J1030.4-2030,bcu,,,
1205,J1031.0+7440,bcu,,,J1029.9+7437
1206,J1031.2+5053,bll,,J1031.0+5051,J1031.0+5053
1207,J1031.4-5855,,,,
1208,J1031.6+6021,fsrq,,,
1209,J1032.5+6623,bll,,,
1210,J1032.7+3735,bll,,J1032.7+3737,J1032.6+3733
1211,J1033.0-5945,,,,
1212,J1033.2+4116,fsrq,,J1033.2+4116,J1033.2+4117
1213,J1033.4-5035,,,J1033.5-5033,J1033.5-5032
1214,J1033.8+6051,FSRQ,J1034.0+6051,J1033.8+6048,J1033.9+6050
1215,J1034.0-5731c,,,,
1216,J1035.2+5545,bcu,,,
1217,J1035.7-6720,,,J1036.2-6719,J1036.1-6722
1218,J1036.0-8317,psr,,,
1219,J1036.4-4348,,,,
1220,J1037.0-2934,fsrq,,,
1221,J1037.2-6052,,,,
1222,J1037.4-3742,fsrq,,,
1223,J1037.5-2821,fsrq,,J1037.7-2820,J1037.5-2820
1224,J1037.5+5711,bll,,J1037.7+5711,J1037.6+5712
1225,J1037.9-5843,,,,
1226,J1038.0-2425,,,,J1038.2-2423
1227,J1038.9-5311,bcu,,,
1228,J1039.1-5809,,,,
1229,J1039.5+7324,,,,
1230,J1040.4+0615,bcu,,J1040.5+0616,J1040.7+0614
1231,J1040.5-5926c,,,,
1232,J1040.8+1342,bcu,,,
1233,J1040.9-1205,bcu,,J1040.9-1205,
1234,J1041.8+3901,bll,,,
1235,J1042.0-0557,bcu,,,
1236,J1042.1-4126,bcu,,,
1237,J1043.1+2407,fsrq,,J1043.1+2404,J1043.1+2404
1238,J1043.6-5930,,,,
1239,J1043.8-5851,,,,
1240,J1044.4+8058,fsrq,,J1048.7+8054,J1042.6+8053
1241,J1044.5-5737,PSR,,J1044.5-5737,J1044.5-5737
1242,J1045.1-5941,BIN,J1045.6-5937,J1045.2-5942,J1045.0-5941
1243,J1045.3-6414,,,,
1244,J1045.5-2335,,,,
1245,J1045.7-2926,fsrq,,,J1045.5-2931
1246,J1046.9-2531,bll,,,
1247,J1047.3-6005,,,,J1046.8-6005c
1248,J1047.6+7240,bll,,J1048.5+7239,J1049.7+7240
1249,J1047.8-6216,bcu,,,J1047.7-6216
1250,J1047.8-3737,,,,
1251,J1048.2-5928,,,,
1252,J1048.2-5832,PSR,J1047.6-5834,J1048.2-5832,J1048.2-5831
1253,J1048.4+7144,FSRQ,,J1048.8+7145,J1048.3+7144
1254,J1048.6+2338,bll,,J1048.7+2335,J1048.6+2336
1255,J1048.8-5006,,,,
1256,J1049.7+1548,,,,J1049.4+1551
1257,J1049.8+1425,bcu,,,
1258,J1050.4+0435,,,,
1259,J1050.6-6112,,,,
1260,J1051.0+5332,,,,
1261,J1051.4+3941,bll,,,J1051.3+3938
1262,J1051.5-6517,bcu,,,
1263,J1051.8+0105,bll,,J1051.9+0106,J1051.8+0107
1264,J1052.0+0816,,,,
1265,J1052.8-3741,bcu,,,
1266,J1053.7+4929,bll,J1053.7+4926,J1053.6+4927,J1053.6+4928
1267,J1054.2-3123,,,,
1268,J1054.5+2210,bll,J1054.5+2212,J1054.5+2212,J1054.5+2212
1269,J1054.7-6006,,,,
1270,J1055.8-6025,PSR,,,J1056.2-6021
1271,J1056.7-5853,,,,J1056.0-5853
1272,J1057.3-2341,fsrq,,,
1273,J1057.6-4051,,,,
1274,J1057.6-2754,bll,,,
1275,J1057.7-6624,,,,J1058.7-6621
1276,J1057.9-5227,PSR,J1058.1-5225,J1057.9-5226,J1057.9-5226
1277,J1058.1+7010,fsrq,,,J1057.1+7001
1278,J1058.4+8112,fsrq,,,J1059.4+8113
1279,J1058.5+0133,BLL,J1057.8+0138,J1058.4+0134,J1058.4+0133
1280,J1058.5-8003,bll,J1100.2-8000,J1058.1-8006,J1057.0-8004
1281,J1058.5-6106c,,,,J1059.3-6118c
1282,J1058.6+5627,BLL,J1058.9+5629,J1058.6+5628,J1058.6+5628
1283,J1059.2-1133,bll,,J1059.3-1132,J1059.3-1132
1284,J1059.3+0224,,,,J1059.0+0222
1285,J1059.9+2056,fsrq,,,
1286,J1100.2-2044,,,,J1059.9-2051
1287,J1100.5+4020,bll,,,J1100.9+4014
1288,J1101.3-6032,,,,
1289,J1101.5+4106,bll,,,
1290,J1101.9-6053,spp,,,
1291,J1103.1+1155,fsrq,,,
1292,J1103.3+5239,,,,
1293,J1103.5-2329,bll,,J1103.7-2329,J1103.4-2330
1294,J1103.9-5357,bll,,J1103.9-5355,J1103.9-5356
1295,J1104.3+0730,bll,,J1104.4+0734,J1104.3+0729
1296,J1104.3-7736c,,,,
1297,J1104.4+3812,BLL,J1104.5+3811,J1104.4+3812,J1104.4+3812
1298,J1104.9-6036,,,,J1104.7-6036
1299,J1105.2-6113,PSR,,,J1105.6-6114
1300,J1105.7+4427,,,,
1301,J1105.9+2814,fsrq,,J1106.5+2809,J1106.1+2814
1302,J1106.4-3643,bcu,,,J1106.3-3643
1303,J1106.6-1744,,,J1106.2-1752,
1304,J1107.4-4447,fsrq,,,J1107.2-4448
1305,J1107.5+0223,bll,,,J1107.5+0223
1306,J1107.8+1502,bll,,J1107.8+1502,J1107.8+1505
1307,J1109.4+2411,bll,,,J1109.3+2414
1308,J1109.4-4815,bcu,,,
1309,J1109.6+3734,bll,,,
1310,J1110.0+7134,bll,,J1109.9+7134,J1110.2+7134
1311,J1110.4-1835,bll,,J1110.2-1839,J1110.1-1835
1312,J1111.9-6058,PSR,,,J1112.5-6105
1313,J1111.9-6038,spp,,,J1112.1-6040
1314,J1112.0-6135,,,,
1315,J1112.1+0500,,,J1112.3+0458,
1316,J1112.1+1034,,,,
1317,J1112.4+3449,fsrq,,J1112.8+3444,J1112.4+3450
1318,J1112.6+1749,bll,,,
1319,J1113.1-4515,,,,
1320,J1115.0-0701,,,,J1115.0-0701
1321,J1116.7-4854,,,,J1117.2-4844
1322,J1117.0+2014,bll,,J1117.1+2013,J1117.2+2013
1323,J1117.2-5338,,,J1117.0-5339,J1117.2-5341
1324,J1117.3+2546,bll,,,
1325,J1117.7+0217,,,,
1326,J1117.7-4632,fsrq,,,J1118.1-4629
1327,J1117.9+5355,bll,,J1118.0+5354,J1118.0+5354
1328,J1118.2-0411,agn,,,
1329,J1119.1-6127,PSR,,J1119.4-6127c,J1118.8-6128
1330,J1119.7-3046,bll,,J1119.5-3044,
1331,J1119.8-2647,,,,
1332,J1119.9-2204,,,J1119.9-2205,J1120.0-2204
1333,J1120.6+0713,,,J1120.4+0710,J1120.4+0710
1334,J1120.8+4212,bll,,J1121.0+4209,J1121.0+4211
1335,J1121.4-0554,fsrq,,J1121.5-0554,J1121.5-0554
1336,J1123.2-6415,bcu,J1123.0-6416,J1122.9-6415,
1337,J1123.3-2529,,,J1123.6-2528,J1123.3-2527
1338,J1123.6+7231,bll,,,
1339,J1123.6-4558,,,J1123.6-4555,
1340,J1123.9-3653,PSR,,J1124.4-3654,J1124.2-3654
1341,J1124.1+2337,fsrq,,J1123.9+2339,J1124.2+2338
1342,J1124.5-5915,PSR,,J1124.6-5916,J1124.6-5913
1343,J1124.9+4932,bll,,,J1125.2+4933
1344,J1125.0-2101,bcu,,,
1345,J1125.1-5803,,,,
1346,J1125.3-5824,PSR,,,J1125.0-5821
1347,J1125.5-3558,bll,,J1125.5-3559,J1125.6-3559
1348,J1125.6-6012,psr,,,
1349,J1125.8-0745,bll,,J1126.0-0741,J1126.0-0743
1350,J1125.9+2007,fsrq,,,
1351,J1126.7-3834,bcu,,,
1352,J1126.8-5001,,,,
1353,J1127.0-1857,fsrq,,J1126.8-1854,J1126.6-1856
1354,J1127.8+3618,fsrq,,,J1127.6+3622
1355,J1128.0+5921,fsrq,,,
1356,J1128.6-5434,,,,
1357,J1128.7-6232,,,J1127.7-6244c,
1358,J1129.0+3758,,,J1129.3+3757,J1129.5+3758
1359,J1129.0+3705,bll,,,
1360,J1129.4-4215,bcu,,,
1361,J1129.9-1446,fsrq,J1129.8-1443,J1130.2-1447,J1130.3-1448
1362,J1130.7-7800,,,,
1363,J1131.1+5810,bll,,,J1130.9+5809
1364,J1131.4+3819,fsrq,,,
1365,J1131.9-0503,bcu,,,
1366,J1132.0-4736,,,,
1367,J1132.7+0034,bll,,J1133.1+0033,J1132.9+0033
1368,J1132.8+1015,fsrq,,,
1369,J1135.2-6054,PSR,,J1134.8-6055,J1135.3-6054
1370,J1136.1-7411,bcu,,,J1134.4-7415
1371,J1136.1+7523,PSR,,,
1372,J1136.4+3405,fsrq,,,
1373,J1136.6+7009,bll,,J1136.6+7009,J1136.7+7009
1374,J1136.6+6736,bll,,J1136.2+6739,J1136.3+6736
1375,J1136.6-6826,bcu,,,J1135.2-6829
1376,J1136.9+2551,bll,,J1136.9+2551,J1137.0+2553
1377,J1138.2+4905,bcu,,,
1378,J1139.0-6244,,,,J1138.8-6233c
1379,J1140.4+1529,bll,,,
1380,J1141.2+6805,bcu,,,J1141.0+6803
1381,J1141.6-1406,bcu,,J1141.8-1403,J1141.7-1404
1382,J1142.0+1546,bll,,J1141.8+1549,J1141.9+1550
1383,J1142.1-6941,,,,
1384,J1142.9+0120,PSR,,J1142.7+0127,J1142.9+0121
1385,J1143.0+6123,bll,,,J1143.1+6119
1386,J1145.1+1935,rdg,,,
1387,J1145.8+4425,fsrq,,,
1388,J1146.1-0640,,,,
1389,J1146.8+3958,fsrq,,J1146.8+4004,J1146.9+4000
1390,J1147.0-3811,fsrq,J1146.7-3808,J1146.9-3812,J1146.8-3812
1391,J1147.8-0725,fsrq,,J1147.7-0722,J1147.7-0724
1392,J1149.1+2815,,,,
1393,J1149.5+2443,bll,,,
1394,J1150.3+2417,bll,,J1150.2+2419,J1150.1+2419
1395,J1150.5+4155,bll,,J1150.5+4152,J1150.5+4154
1396,J1150.7-4816,,,,
1397,J1151.4-1346,bll,,J1151.4-1345,J1151.5-1347
1398,J1151.4+5858,bll,,J1151.6+5857,J1151.5+5857
1399,J1151.5+0957,,,,
1400,J1151.8-6108,,,,
1401,J1152.3-0841,fsrq,,J1152.2-0836,J1152.4-0840
1402,J1153.4+4932,FSRQ,,,J1153.2+4935
1403,J1153.4+4033,fsrq,,,
1404,J1153.7-2555,bcu,,,
1405,J1154.0-3243,bcu,,J1154.2-3242,J1154.1-3242
1406,J1154.2-0010,bll,,J1154.0-0008,J1154.0-0010
1407,J1154.3+6023,fsrq,,J1152.1+6027,J1154.4+6019
1408,J1155.3-1112,,,,
1409,J1155.4-3417,bcu,,,
1410,J1155.9+6136,bll,,,
1411,J1156.7-2250,bcu,,,
1412,J1158.8+0941,bll,,,J1158.8+0939
1413,J1158.9+0818,bcu,,,
1414,J1159.2-2141,fsrq,,,J1159.3-2142
1415,J1159.3-2226,bcu,,,J1159.0-2226
1416,J1159.5+2914,fsrq,J1159.2+2912,J1159.4+2914,J1159.5+2914
1417,J1159.6-0723,bcu,,,
1418,J1200.4+0202,,,J1159.8+0200,J1200.0+0159
1419,J1200.8+1228,bcu,,,
1420,J1200.9-1432,,,,
1421,J1200.9+2010,bcu,,,
1422,J1203.1+6029,bll,,J1202.9+6032,J1203.2+6030
1423,J1203.2+3847,bll,,,
1424,J1203.5-3925,bcu,,,
1425,J1203.9-1745,,,,
1426,J1203.9-6243,psr,,,J1203.6-6243c
1427,J1204.0+1144,bll,,J1204.4+1139,J1204.2+1144
1428,J1204.3-0708,bll,,J1204.3-0714,J1204.3-0711
1429,J1205.4+0412,fsrq,,,
1430,J1205.8-2636,fsrq,,J1205.9-2637,J1206.0-2638
1431,J1205.9+3315,,,,
1432,J1206.4-7123,,,,
1433,J1207.2-5052,psr,,J1207.0-5055,J1207.3-5055
1434,J1207.6-4537,bcu,,,
1435,J1207.6-2232,bcu,,,
1436,J1208.0-6901,,,,
1437,J1208.2-7810c,bcu,,,
1438,J1208.4-6239,,,,J1208.5-6240
1439,J1208.7+5442,fsrq,,J1209.3+5444,J1208.8+5441
1440,J1209.1-5224,spp,,,
1441,J1209.4+4119,bll,,J1209.4+4119,J1209.6+4121
1442,J1209.8+1810,fsrq,,J1209.7+1806,J1209.7+1807
1443,J1209.9+7607,,,,
1444,J1210.1-2742,,,,
1445,J1211.8+6413,,,,
1446,J1212.2-6251,spp,,,
1447,J1212.6+5135,bll,,,
1448,J1213.1-2619,bll,,,J1213.2-2616
1449,J1213.7+1306,fsrq,,,J1214.6+1309
1450,J1213.9-4412,,,J1213.6-4424,J1214.1-4410
1451,J1214.0-6236,spp,,J1213.7-6240c,J1214.0-6237
1452,J1214.4-2315,,,J1214.4-2305,
1453,J1215.0+5002,bll,,J1214.9+5004,J1214.9+5004
1454,J1215.1+1658,fsrq,,,J1214.8+1653
1455,J1215.9-1926,,,,
1456,J1216.6-0557,,,,
1457,J1217.8+3007,bll,J1218.0+3006,J1217.7+3007,J1217.8+3006
1458,J1218.0-0029,bll,,,
1459,J1218.4-0121,bll,,J1218.4-0128,J1218.5-0122
1460,J1218.5+6912,bcu,,,
1461,J1218.8-4827,bcu,,,J1218.8-4827
1462,J1219.7-0314,bll,,J1219.8-0309,J1219.8-0310
1463,J1220.0-2502,,,,
1464,J1220.1-3715,,,,
1465,J1220.2+3434,bll,,J1220.2+3432,
1466,J1220.2+7105,fsrq,,J1221.5+7106,J1219.2+7107
1467,J1220.3+6055,,,,
1468,J1221.3+3010,bll,,J1221.3+3008,J1221.3+3010
1469,J1221.4+2814,bll,J1221.7+2814,J1221.5+2814,J1221.4+2814
1470,J1221.5-0632,,,J1221.4-0635,J1221.4-0633
1471,J1222.4+0414,fsrq,,J1222.5+0415,J1222.4+0413
1472,J1222.7+7952,,,,J1223.3+7954
1473,J1222.7+8041,bll,,J1224.8+8044,J1223.9+8043
1474,J1223.0-5622,,,,
1475,J1223.2+1215,,,,
1476,J1223.3+0818,,,,
1477,J1223.3-3028,bcu,,J1223.4-3034,
1478,J1224.5+4957,fsrq,,,
1479,J1224.5+2436,bll,,,J1224.4+2436
1480,J1224.6+4332,bll,,J1225.8+4336,J1225.0+4335
1481,J1224.6-8312,bcu,,,J1228.7-8310
1482,J1224.9+2122,FSRQ,,J1224.7+2121,J1224.9+2122
1483,J1225.4-3448,,,,
1484,J1225.7-7314,bcu,,,
1485,J1225.9+2953,,,J1226.0+2954,J1226.0+2953
1486,J1226.8+0638,bll,,J1226.8+0638,
1487,J1226.9-1329,bll,,J1226.7-1332,J1226.7-1331
1488,J1227.9-4854,psr,,J1227.9-4852,J1227.7-4853
1489,J1228.4-0317,,,,
1490,J1228.7+4857,fsrq,,J1228.2+4855,J1228.6+4857
1491,J1229.1+0202,FSRQ,J1229.1+0202,J1229.1+0203,J1229.1+0202
1492,J1229.8-5305,bcu,,,J1230.2-5258
1493,J1230.3+2519,bll,,J1230.4+2520,J1230.2+2517
1494,J1230.9+1224,rdg,,J1230.8+1223,J1230.8+1224
1495,J1231.2-1411,PSR,J1231.5-1410,J1231.1-1410,J1231.2-1411
1496,J1231.5+6414,bll,,,
1497,J1231.6-5113,,,J1232.2-5118,J1231.3-5112
1498,J1231.6+4825,,,,
1499,J1231.7-6513,,,,J1231.1-6512
1500,J1231.7+2847,bll,,J1231.6+2850,J1231.7+2848
1501,J1231.8+1421,bll,,,J1231.6+1417
1502,J1232.3+1701,,,,
1503,J1232.5-3720,,,,
1504,J1232.8+1332,,,,
1505,J1233.7-0145,bll,,J1233.6-0146,J1233.7-0145
1506,J1233.9-5736,bcu,,J1234.0-5736,J1234.0-5733
1507,J1234.7-0437,,,,
1508,J1236.5-6154,,,,J1236.1-6155
1509,J1236.6-7050,,,,
1510,J1236.6+3901,bll,,,
1511,J1237.9+6258,bll,,,
1512,J1238.2-1958,bcu,,,J1238.1-1953
1513,J1238.3-4543,bcu,,,
1514,J1239.1-1158,,,,
1515,J1239.4+0727,bcu,,,J1239.5+0728
1516,J1239.5+0443,fsrq,,J1239.5+0443,J1239.5+0443
1517,J1240.3-7149,,,J1240.3-7154,J1240.6-7151
1518,J1241.6-1456,bll,,,J1241.6-1457
1519,J1241.9+0639,bll,,,
1520,J1243.1+3627,bll,,J1243.1+3627,J1243.1+3627
1521,J1243.9-0217,bcu,,,
1522,J1244.1+1615,bll,,,
1523,J1244.2-6227,,,,J1243.9-6232
1524,J1244.3-5515,,,,
1525,J1244.3-4955,bcu,,,
1526,J1244.8+5707,bll,,,J1245.1+5708
1527,J1246.7-2547,fsrq,J1246.6-2544,J1246.7-2545,J1246.7-2546
1528,J1247.0+4421,bll,,,
1529,J1248.0+5130,bll,,,
1530,J1248.2+5820,bll,J1248.7+5811,J1248.2+5820,J1248.2+5820
1531,J1249.1-2808,,,J1249.3-2812,J1249.5-2811
1532,J1249.5-0546,,,,
1533,J1249.7+3705,bll,,J1249.8+3706,J1249.9+3705
1534,J1250.2-0233,,,,
1535,J1250.5+0217,bll,,,
1536,J1251.0-0203,bcu,,,
1537,J1251.0-4943,,,J1250.9-4940,
1538,J1251.3+1041,bll,,J1251.3+1044,J1251.2+1045
1539,J1253.2+5300,bll,J1253.4+5300,J1253.0+5301,J1253.1+5302
1540,J1253.7+0327,bll,,J1253.7+0326,
1541,J1254.1-2203,bcu,,,J1254.2-2203
1542,J1254.1+6240,bll,,J1254.0+6236,J1254.1+6237
1543,J1254.5+2210,bll,,J1254.4+2209,J1254.4+2209
1544,J1254.9-4423,bll,,,
1545,J1256.1-0547,FSRQ,J1256.1-0547,J1256.2-0547,J1256.1-0547
1546,J1256.1-5703,,,,
1547,J1256.1-5919,bcu,,J1256.1-5922,
1548,J1256.3-1146,bcu,,J1256.5-1148,J1256.5-1145
1549,J1256.7+5328,bcu,,,
1550,J1256.9+3649,bll,,J1256.9+3650,J1257.0+3650
1551,J1257.0-6338,,,J1256.9-6337c,
1552,J1258.0+6120,bll,,,
1553,J1258.1+3233,fsrq,,J1258.3+3227,J1258.2+3231
1554,J1258.4+2123,,,J1258.3+2125,
1555,J1258.6-1800,fsrq,,J1258.4-1802,J1258.4-1801
1556,J1258.7-2219,fsrq,,J1258.7-2221,J1258.8-2223
1557,J1258.7+5137,bcu,,,
1558,J1259.0-2310,bcu,,,
1559,J1259.3-8151,,,,
1560,J1259.5-3231,,,,
1561,J1259.8-3749,bcu,,J1300.9-3745,J1259.8-3749
1562,J1300.2+1416,fsrq,,,
1563,J1301.5+3333,,,,J1301.6+3331
1564,J1301.6+0832,PSR,,J1301.8+0837,J1301.5+0835
1565,J1302.3-3259,PSR,,J1302.3-3255,J1302.4-3257
1566,J1302.6+5748,bcu,,,
1567,J1303.0-6312e,PWN,,,J1303.7-6316c
1568,J1303.0+2435,bll,,J1303.0+2433,J1303.1+2435
1569,J1303.7-4619,fsrq,,J1304.0-4622,J1303.5-4622
1570,J1304.2-2411,bcu,,,J1304.1-2415
1571,J1304.3-5535,bcu,,,J1303.8-5537
1572,J1304.3-4353,bll,,J1304.3-4352,J1304.3-4353
1573,J1304.6+1200,,,,J1305.0+1152
1574,J1304.8-0338,fsrq,,,
1575,J1304.9-2109,bcu,,,J1305.1-2110
1576,J1305.4-4926,sbg,,J1305.4-4928,J1305.8-4925
1577,J1305.5+7854,bll,,J1306.0+7852,J1305.7+7854
1578,J1305.7-6241,snr,,,
1579,J1306.4-6043,,,J1306.4-6038,J1306.2-6044
1580,J1306.8-2146,bcu,,,
1581,J1306.8-4031,,,J1307.0-4030,J1306.9-4028
1582,J1307.6-4300,bcu,,J1307.6-4259,J1307.5-4300
1583,J1308.1-6707,bcu,,J1307.3-6701,J1307.6-6704
1584,J1308.7+3545,fsrq,,J1308.5+3550,J1308.5+3547
1585,J1308.7-5738,,,,
1586,J1309.0+0347,,,,
1587,J1309.3+4304,bll,,J1309.5+4304,J1309.4+4304
1588,J1309.5+1154,bll,,J1309.2+1156,J1309.3+1154
1589,J1310.2-1159,bll,,,
1590,J1310.6+2446,bcu,,,
1591,J1310.6+3222,fsrq,J1310.6+3220,J1310.6+3222,J1310.6+3222
1592,J1310.7+5515,fsrq,,,
1593,J1311.0+0036,bll,,,J1310.9+0036
1594,J1311.8-3430,PSR,J1311.9-3419,J1311.7-3429,J1311.7-3429
1595,J1311.8-6230,,,,
1596,J1312.3+8513,,,,
1597,J1312.5-2155,bll,,J1312.4-2156,J1312.4-2157
1598,J1312.7+4828,agn,,J1312.4+4827,J1312.8+4828
1599,J1312.7+0051,PSR,,J1312.6+0048,J1312.7+0051
1600,J1312.7-2349,bcu,,,J1312.9-2351
1601,J1312.8-0424,fsrq,,,J1313.0-0425
1602,J1314.7-4237,bcu,,,
1603,J1314.8+2349,bll,,J1314.7+2346,J1314.6+2348
1604,J1315.1-5329,bcu,,J1314.9-5338,J1314.5-5330
1605,J1315.4+1130,bcu,,,
1606,J1315.7-0732,,,J1315.6-0729,J1315.6-0730
1607,J1316.0-3338,fsrq,,J1316.1-3341,J1315.9-3339
1608,J1316.2-6446,,,,J1312.0-6458
1609,J1317.6-6315,,,J1317.5-6318c,
1610,J1317.8+3429,fsrq,,J1317.8+3425,J1317.9+3426
1611,J1318.7-1232,bcu,,,J1318.9-1228
1612,J1319.3+1402,bll,,,
1613,J1319.6+7759,bcu,,,
1614,J1321.0+2215,fsrq,,J1321.1+2214,J1321.1+2215
1615,J1321.7+8312,fsrq,,J1321.3+8310,J1322.6+8313
1616,J1322.3+0839,bcu,,J1322.1+0838,
1617,J1322.6-1619,bcu,,,
1618,J1322.8-0938,fsrq,,J1322.7-0943,J1322.7-0938
1619,J1322.9+0435,bll,,,
1620,J1323.0+2942,bcu,,J1323.1+2942,J1323.0+2941
1621,J1323.2-3901,,,,
1622,J1323.9+1405,bll,,,
1623,J1324.0-4330e,RDG,,J1322.0-4515,J1324.0-4330e
1624,J1325.2-5411,,,,J1324.4-5411
1625,J1325.4-4301,RDG,J1325.4-4303,J1325.6-4300,J1325.6-4300
1626,J1326.1+2931,bll,,,
1627,J1326.2-4651,,,,
1628,J1326.6-5256,bll,J1326.6-5302,J1327.0-5257,J1326.7-5254
1629,J1326.7-4727,glc,,,J1326.4-4729
1630,J1326.8+2211,fsrq,,J1326.6+2213,J1326.8+2210
1631,J1327.9+2524,bll,,,
1632,J1328.5-4728,bcu,,J1328.2-4729,J1328.5-4728
1633,J1328.9-5607,bcu,J1328.8-5604,J1329.2-5605,J1329.2-5608
1634,J1329.1-0536,,,,J1329.3-0528
1635,J1329.8-6109,,,,J1329.7-6108
1636,J1330.0-3818,fsrq,,,
1637,J1330.0+4437,bll,,,
1638,J1330.1-7002,bcu,,J1330.7-7006,J1330.1-7002
1639,J1330.4+5641,,,,
1640,J1330.5+3023,css,,,
1641,J1330.6+7002,bll,,J1331.0+6957,J1330.9+7001
1642,J1330.9+5201,bcu,,J1331.0+5202,
1643,J1331.1-1328,bcu,,,
1644,J1331.5+1711,bll,,,
1645,J1331.8+4718,fsrq,,J1332.9+4728,J1332.7+4725
1646,J1332.0-0508,fsrq,J1331.7-0506,J1331.9-0506,J1332.0-0508
1647,J1332.6-1256,fsrq,,J1332.6-1255,J1332.5-1255
1648,J1332.8+2723,fsrq,,,J1332.7+2726
1649,J1333.7+5057,fsrq,J1333.3+5058,J1333.2+5056,J1333.5+5058
1650,J1333.8-4417,,,,
1651,J1334.3-4152,,,,
1652,J1335.1-5655,,,,J1335.4-5658
1653,J1335.2-4056,,,,J1335.3-4058
1654,J1335.4-2949,bll,,,
1655,J1337.6-1257,fsrq,,J1337.7-1255,J1337.7-1257
1656,J1338.6-2403,bcu,,,
1657,J1338.9+6532,fsrq,,,
1658,J1339.0+1153,bll,,J1338.9+1153,J1338.9+1152
1659,J1339.8-0133,fsrq,,,
1660,J1340.6+4412,bll,,J1340.6+4406,J1340.5+4407
1661,J1340.6-0408,bcu,,J1340.5-0413,J1340.5-0412
1662,J1341.0+3955,bll,,J1341.3+3951,
1663,J1341.5+5517,bll,,,
1664,J1341.9-2053,fsrq,,J1341.1-2045,J1341.3-2048
1665,J1342.4-6904,,,,
1666,J1342.7+0945,bcu,,,
1667,J1343.6+5753,fsrq,,J1342.7+5753,
1668,J1344.2-1724,fsrq,,J1344.2-1723,J1344.2-1723
1669,J1344.5-3655,bcu,,,
1670,J1345.1-6224,spp,,,
1671,J1345.1+1949,,,,
1672,J1345.6+4453,fsrq,,J1345.4+4453,J1345.4+4453
1673,J1345.8+0704,fsrq,,J1346.0+0703,J1345.9+0706
1674,J1345.9-3357,bcu,,,J1345.8-3356
1675,J1346.2-2608,,,,J1346.0-2605
1676,J1346.6-6027,rdg,,,J1346.6-6027
1677,J1346.9-2958,bcu,,,J1347.0-2956
1678,J1347.6-3754,fsrq,,J1347.8-3751,J1347.7-3752
1679,J1348.5-7150,,,,
1680,J1348.5-5833,,,,
1681,J1349.6-1133,fsrq,,,
1682,J1350.4-6224,,,,J1349.9-6222
1683,J1350.8+3035,fsrq,,J1351.0+3035,J1350.8+3035
1684,J1351.1-2743,,,,J1351.1-2749
1685,J1351.1+0030,fsrq,,,J1351.1+0032
1686,J1351.4+1115,bll,,J1351.5+1115,J1351.4+1115
1687,J1351.7-2913,bcu,,,J1351.3-2909
1688,J1351.8-1524,,,J1351.8-1523,
1689,J1353.1-4414,bll,,,J1352.6-4413
1690,J1353.2+1435,bll,,J1353.3+1434,J1353.3+1435
1691,J1353.5-6640,bll,,J1353.6-6640,J1353.5-6640
1692,J1354.5+3705,bll,,,J1354.5+3703
1693,J1355.0-1044,fsrq,J1355.0-1044,J1354.9-1041,J1354.7-1047
1694,J1356.3-4029,bcu,,,
1695,J1356.6-6428,PSR,,,J1356.0-6436
1696,J1357.5+0125,bll,,,J1358.0+0137
1697,J1357.6+7643,fsrq,,J1358.1+7646,J1358.1+7644
1698,J1358.5-6025,,,,J1358.8-6027c
1699,J1359.0+5544,fsrq,,J1359.1+5539,J1359.4+5541
1700,J1359.2+0204,fsrq,,,
1701,J1359.9-3746,bll,,J1400.1-3743,J1359.9-3746
1702,J1400.2-2413,,,,J1400.2-2412
1703,J1400.5-1437,psr,,,J1400.7-1438
1704,J1400.7-5605,bcu,,J1400.9-5559,J1400.6-5601
1705,J1402.7-3240,,,,
1706,J1403.1+1304,,,,
1707,J1404.3-5241,,,,J1404.0-5244
1708,J1404.7-5844,,,J1405.5-5846,
1709,J1404.8+6554,bll,,,
1710,J1404.8+0401,bll,,,J1405.1+0405
1711,J1405.4-6119,,,,J1405.5-6121
1712,J1406.0-2508,bcu,,J1406.2-2510,J1406.2-2510
1713,J1406.6+1644,bll,,,
1714,J1407.7-4256,bcu,,J1407.5-4256,J1407.5-4257
1715,J1408.0-2924,,,J1407.9-2928,J1407.4-2948
1716,J1408.8-0751,fsrq,,J1408.9-0751,J1408.8-0751
1717,J1409.2-3743,,,,
1718,J1409.7-6132,PSR,,J1410.3-6128c,J1409.9-6129
1719,J1410.4+2821,bll,,,J1410.3+2811
1720,J1410.9+7406,,,J1412.6+7406,
1721,J1411.1+3717,,,,
1722,J1411.4-0724,,,,
1723,J1411.8-5743,,,,J1411.9-5744
1724,J1412.0+5249,bcu,,,
1725,J1412.3-6635,,,,
1726,J1413.2-6518,sey,,,
1727,J1413.4-6205,PSR,J1413.1-6203,J1413.4-6205,J1413.4-6204
1728,J1415.0-1001,fsrq,,J1416.2-1001,
1729,J1415.2+4832,bll,,,
1730,J1416.0+1325,bcu,,,J1416.0+1323
1731,J1416.1-2417,bll,,,J1416.3-2415
1732,J1417.5-4402,,,J1417.7-4407,J1417.5-4404
1733,J1417.7-5026,,,J1417.7-5030,J1417.7-5028
1734,J1417.8+2540,bll,,J1417.8+2541,J1418.1+2539
1735,J1418.4-0233,bll,,J1418.3-0235,J1418.4-0234
1736,J1418.5+3543,BCU,,,
1737,J1418.6-6058,PSR,J1418.8-6058,J1418.7-6057,J1418.7-6058
1738,J1418.9+7731,bcu,,J1419.7+7731,J1419.4+7730
1739,J1419.1-5156,bcu,,,
1740,J1419.1-5534,,,,
1741,J1419.5-0836,bcu,,,J1419.4-0835
1742,J1419.5+0449,bll,,,
1743,J1419.8+3819,fsrq,,,J1419.4+3820
1744,J1419.9+5425,bll,,,J1420.2+5422
1745,J1420.0-6048,PSR,,J1420.1-6048,J1420.1-6047
1746,J1420.9-4615,,,,
1747,J1421.0-2431,,,,
1748,J1421.0-1122,bcu,,,J1421.1-1117
1749,J1421.8-7920,,,,
1750,J1422.4+3227,fsrq,,,
1751,J1422.4-6137,PSR,,,J1422.5-6137c
1752,J1422.8-7828,fsrq,,J1424.5-7847,
1753,J1422.8+5801,bll,,J1422.2+5757,
1754,J1424.3+0434,bll,,,
1755,J1424.3-1753,,,,J1424.2-1752
1756,J1424.6-6807,bcu,,,
1757,J1424.9+3615,bll,,J1425.0+3614,J1425.1+3615
1758,J1426.2+3402,bll,,J1426.0+3403,J1426.1+3406
1759,J1427.0+2347,BLL,J1427.1+2347,J1426.9+2347,J1427.0+2347
1760,J1427.2+1610,,,,
1761,J1427.6-3305,bll,,,J1427.4-3306
1762,J1427.8-3215,bcu,,,
1763,J1427.9-4206,FSRQ,,J1428.2-4204,J1428.0-4206
1764,J1428.5+4240,bll,,J1428.7+4239,J1428.6+4240
1765,J1429.8-5910,PSR,,J1429.9-5911,J1430.0-5909
1766,J1430.8-4434,,,,
1767,J1431.1-6425,,,,
1768,J1434.1+4203,fsrq,,J1433.9+4204,J1433.8+4205
1769,J1434.6+6640,bcu,,,
1770,J1434.6+1951,fsrq,,,
1771,J1435.2+2023,bll,,,J1435.1+2022
1772,J1436.8+5639,bll,,J1437.0+5640,J1437.1+5640
1773,J1436.8+2322,fsrq,,J1436.9+2314,J1436.9+2319
1774,J1438.6-4209,,,,
1775,J1438.7+3710,fsrq,,J1438.7+3711,J1438.7+3712
1776,J1439.2+3931,bll,,J1439.2+3930,J1439.2+3932
1777,J1440.0-3955,bcu,,,
1778,J1440.1+4955,bll,,,J1440.3+4948
1779,J1440.2-1538,bll,,J1441.7-1538,J1440.3-1540
1780,J1440.4-3845,bll,,,
1781,J1440.9+0610,bll,,J1440.9+0613,J1440.9+0611
1782,J1441.5-5955c,spp,,J1442.0-6000c,J1441.6-5956
1783,J1442.0+4348,bll,,J1442.1+4348,J1442.0+4352
1784,J1442.6+5156,rdg,,,
1785,J1442.8+1200,bll,,J1442.8+1158,J1442.7+1159
1786,J1443.9+2502,fsrq,,J1443.8+2457,J1444.1+2500
1787,J1444.0-3907,bll,,J1444.0-3906,J1443.9-3908
1788,J1444.0-7033,,,,
1789,J1445.0-0328,bll,,,
1790,J1445.7-5925,,,,
1791,J1446.1-1628,bll,,,
1792,J1446.6-4701,PSR,,J1446.8-4702,J1446.8-4701
1793,J1446.8-1831,bcu,,,
1794,J1447.3-5800,,,,J1446.6-5753
1795,J1448.0+3608,bll,,J1447.9+3608,J1448.0+3608
1796,J1450.4+0911,fsrq,,,
1797,J1450.9+5200,bll,,J1451.0+5204,J1451.0+5159
1798,J1451.2+6355,bll,,,
1799,J1454.0+1622,fsrq,,,
1800,J1454.2-3751,fsrq,,,
1801,J1454.5+5124,bll,,J1454.6+5125,J1454.4+5123
1802,J1456.7-6046,,,,
1803,J1457.4-3539,FSRQ,J1457.6-3538,J1457.5-3540,J1457.4-3540
1804,J1457.6-6249,,,,J1456.7-6247c
1805,J1457.6-5355,,,,
1806,J1458.7+3719,bll,,,
1807,J1458.7-2120,,,,J1458.5-2121
1808,J1459.4-6053,PSR,J1459.4-6056,J1459.4-6053,J1459.4-6054
1809,J1500.6+4750,bll,,,
1810,J1500.9+2238,bll,,J1501.1+2237,J1501.0+2238
1811,J1502.2+5553,,,,J1502.1+5548
1812,J1503.5-5801,,,J1503.4-5805c,J1503.9-5800c
1813,J1503.7+4759,bll,,J1503.3+4759,
1814,J1503.7-6426,bcu,,,
1815,J1503.7-1540,bll,,J1503.5-1544,J1503.7-1541
1816,J1504.4+1029,FSRQ,J1504.4+1030,J1504.4+1029,J1504.3+1029
1817,J1504.5-8242,bcu,,,
1818,J1505.0-3432,bll,,J1505.1-3435,J1504.9-3433
1819,J1505.1+0326,nlsy1,,J1505.0+0328,J1505.1+0324
1820,J1506.1+3728,fsrq,,J1505.8+3725,J1506.0+3729
1821,J1506.3+4332,bll,,,
1822,J1506.4-0340,,,,
1823,J1506.6-6219,,,,J1507.0-6223
1824,J1506.6+0811,bll,,,J1506.6+0806
1825,J1507.4+1725,bll,,,
1826,J1507.6-3710,bcu,,,
1827,J1508.6+2709,bll,,,J1508.5+2709
1828,J1508.7-4956,bcu,,,J1508.5-4957
1829,J1509.4-5850,PSR,J1509.5-5848,J1509.4-5850,J1509.6-5850
1830,J1509.7+5556,bll,,J1509.4+5602,J1509.7+5556
1831,J1509.9-2951,bcu,,,
1832,J1510.2-5754,,,J1510.8-5804c,
1833,J1510.9-0542,fsrq,J1511.2-0536,J1511.1-0545,J1510.9-0545
1834,J1511.8-0513,bcu,,J1511.8-0513,J1511.8-0513
1835,J1512.2+0202,fsrq,,J1512.3+0201,J1512.2+0201
1836,J1512.2-2255,bcu,,J1511.9-2253,
1837,J1512.3+6622,,,,
1838,J1512.3+8005,bcu,,,
1839,J1512.8-5639,,,,
1840,J1512.8-0906,FSRQ,J1512.7-0905,J1512.8-0906,J1512.8-0906
1841,J1513.1-1014,fsrq,,,
1842,J1513.3-3719,,,,
1843,J1513.4-2549,psr,,,J1513.5-2546
1844,J1513.5-3233,fsrq,,,J1513.6-3233
1845,J1513.8-6250c,,,,J1512.5-6247c
1846,J1513.9-5908,PSR,,J1513.2-5904,
1847,J1514.0-5915e,PWN,,J1514.7-5917,J1514.0-5915e
1848,J1514.1+2940,fsrq,,,
1849,J1514.2-4947,PSR,J1514.3-4946,J1514.1-4945,J1514.1-4946
1850,J1514.5-4750,fsrq,,J1514.1-4745,J1514.6-4751
1851,J1514.8+4446,fsrq,,J1514.7+4447,J1514.6+4449
1852,J1514.8-3623,bcu,,,
1853,J1516.7+3648,bll,,,J1517.2+3645
1854,J1516.9+1926,bll,,J1516.9+1928,J1516.9+1925
1855,J1517.0+2637,,,,
1856,J1517.6-4442,,,,
1857,J1517.6+6524,bll,,J1517.8+6530,J1518.0+6526
1858,J1517.6-2422,bll,J1517.9-2423,J1517.8-2423,J1517.7-2421
1859,J1518.0-2732,bcu,,,J1518.2-2733
1860,J1518.2-5232,,,J1518.0-5233,J1518.4-5233
1861,J1520.3+4209,fsrq,,J1519.7+4216,J1520.9+4209
1862,J1520.8-0348,bll,,J1521.0-0350,J1520.8-0349
1863,J1521.1+5543,bll,,,
1864,J1521.8+4340,fsrq,,,J1522.0+4348
1865,J1521.9-5736,PSR,,J1521.8-5734c,J1521.8-5735
1866,J1522.1+3144,fsrq,J1522.2+3143,J1522.1+3143,J1522.1+3144
1867,J1522.6-2730,bll,,J1522.6-2732,J1522.7-2731
1868,J1525.2-5905,bcu,,,
1869,J1525.8-0834,,,,
1870,J1526.3-4505,,,,
1871,J1527.0-3804,,,,
1872,J1528.1-2904,,,,
1873,J1528.3-5836,,,,J1528.0-5841
1874,J1528.7-2247,,,,
1875,J1529.5+6733,,,,
1876,J1531.0+5737,bll,,,J1531.0+5725
1877,J1531.8+4704,bll,,,
1878,J1532.0-2618,,,,
1879,J1532.0+3018,bll,,J1531.8+3018,
1880,J1532.7-1319,bcu,,,
1881,J1533.2+1852,bll,,,
1882,J1533.5+3416,bll,,,
1883,J1533.8-5231,,,,
1884,J1534.4+5323,bll,,,
1885,J1534.5+0128,fsrq,,,
1886,J1535.0+3721,bll,,,J1535.4+3720
1887,J1535.7+3920,bll,,,
1888,J1536.3-4949,psr,J1536.7-4947,J1536.5-4949,J1536.4-4949
1889,J1536.6+8331,bcu,,,
1890,J1537.8-8000,bcu,,,J1537.4-7957
1891,J1538.4-4656,,,,J1539.3-4636
1892,J1539.2-3324,,,J1539.0-3328,J1539.2-3325
1893,J1539.5+2746,fsrq,,J1539.7+2747,J1539.5+2747
1894,J1539.8-1128,bcu,,,
1895,J1540.1+8155,bll,,,J1538.1+8159
1896,J1540.8+1449,bll,,,J1540.4+1438
1897,J1541.6+1414,,,,
1898,J1541.8+1105,fsrq,,,
1899,J1542.4-5911,,,,
1900,J1542.9+6129,bll,J1543.1+6130,J1542.9+6129,J1542.9+6129
1901,J1542.9-5141,PSR,,,
1902,J1543.5+0451,bcu,,,
1903,J1543.5-0244,,,J1544.0-0252,J1543.7-0241
1904,J1544.0+4938,PSR,,,
1905,J1544.1-2555,,,,J1544.1-2554
1906,J1544.6-1125,,,J1544.5-1127,J1544.5-1126
1907,J1545.0-6641,,,,
1908,J1546.0+0818,bll,,,J1546.1+0820
1909,J1546.6+1812,bll,,,
1910,J1547.1-2801,bcu,,,
1911,J1548.4+1455,,,J1548.6+1451,J1548.3+1453
1912,J1548.8-2250,bll,,J1548.7-2250,J1548.8-2251
1913,J1549.0+6309,bcu,,J1548.7+6311,
1914,J1549.1-5347c,spp,,,
1915,J1549.4+0237,fsrq,,J1549.3+0235,J1549.5+0237
1916,J1549.4-4832,,,,
1917,J1549.5+1709,bcu,,,
1918,J1549.7-0658,bcu,,J1549.7-0659,J1549.7-0657
1919,J1549.9-3044,,,,
1920,J1550.3+7409,bcu,,,
1921,J1550.4+6027,,,,
1922,J1550.5+0526,fsrq,,J1550.7+0527,J1550.7+0526
1923,J1551.1-5610,spp,,,
1924,J1552.1+0852,bll,,J1551.7+0851,J1551.9+0855
1925,J1552.8-5330,,,,
1926,J1552.9-5610,spp,,J1552.4-5609,J1552.8-5609
1927,J1553.1+5437,,,,
1928,J1553.3-0322c,,,,J1553.5-0324
1929,J1553.3-2421,fsrq,,J1553.4-2425,J1553.2-2424
1930,J1553.5-3118,bll,,J1553.5-3116,J1553.5-3116
1931,J1553.5+1256,fsrq,J1553.4+1255,J1553.4+1255,J1553.5+1255
1932,J1554.4-5315c,,,J1554.8-5312c,J1554.4-5317c
1933,J1554.4+2010,bll,,,
1934,J1555.7+1111,BLL,J1555.8+1110,J1555.7+1111,J1555.7+1111
1935,J1557.0-4225,,,,
1936,J1557.4-7040,bcu,,,J1558.6-7039
1937,J1558.9-6432,bll,,,J1558.9-6428
1938,J1558.9+5625,bll,,J1558.9+5627,J1559.0+5627
1939,J1559.7+8512,bcu,,,J1558.3+8513
1940,J1559.8-2525,bcu,,,
1941,J1559.9+2319,bll,,,
1942,J1600.3-5810,bcu,,,
1943,J1600.8-3053,PSR,,J1600.7-3055,J1600.7-3053
1944,J1601.9+2306,,,,J1602.4+2308
1945,J1602.8-1924,,,,
1946,J1603.7-6011,,,,
1947,J1603.7+1106,bll,,,
1948,J1603.9-4903,bll,J1604.0-4904,J1603.8-4903,J1603.8-4904
1949,J1604.4-4442,bcu,,J1604.7-4443,J1604.5-4442
1950,J1604.6+5714,fsrq,,J1604.3+5710,J1604.6+5710
1951,J1606.1+5630,bll,,,
1952,J1607.0+1551,fsrq,,J1607.1+1552,J1607.0+1552
1953,J1607.9-2040,bcu,,,
1954,J1608.6+1029,fsrq,,J1609.0+1031,J1608.5+1029
1955,J1610.6-3956,fsrq,,J1610.8-3955,J1610.6-4002
1956,J1610.8-6649,bll,,J1610.6-6649,J1610.8-6650
1957,J1611.9+1404,,,,J1612.0+1403
1958,J1612.4-3100,bcu,,,
1959,J1613.4-4222,,,,
1960,J1613.8+3410,fsrq,,J1613.5+3411,J1613.4+3409
1961,J1614.5-2231,PSR,,J1614.0-2230,J1614.5-2230
1962,J1615.3-5146e,spp,,J1614.7-5138c,J1615.2-5138
1963,J1615.6-4450,,,,
1964,J1615.8+4712,fsrq,,,J1614.8+4703
1965,J1616.2-5054e,PWN,J1615.6-5049,J1617.5-5105c,J1615.0-5051
1966,J1616.4+4631,fsrq,,J1616.1+4637,
1967,J1616.8-5343,,,,J1617.3-5336
1968,J1616.8+4111,bll,,,
1969,J1616.8+5846,,,,
1970,J1616.8-2300,glc,,,J1616.8-2302
1971,J1617.3-2519,bcu,,,J1617.6-2526c
1972,J1617.4-5846,fsrq,,J1617.7-5843,
1973,J1617.7-7717,fsrq,,J1617.9-7716,J1618.2-7718
1974,J1617.8+5137,fsrq,,,
1975,J1618.8+5520,,,,
1976,J1619.0-5014c,,,,
1977,J1619.1+7538,,,,
1978,J1620.0-5101,,,,
1979,J1620.8-5149,,,,
1980,J1620.8-4928,PSR,,J1620.8-4928c,J1620.8-4928
1981,J1621.1-2331,agn,,,J1620.5-2320c
1982,J1622.9-5004,,,,J1622.8-5006
1983,J1622.9-0312,psr,,,J1622.8-0314
1984,J1624.1-4700,,,,
1985,J1624.2-4041,,,J1624.0-4041,J1624.1-4040
1986,J1624.2-3957,,,,
1987,J1624.8-4233,,,,
1988,J1625.0+5651,bll,,,
1989,J1625.1-0021,,,J1625.3-0019,J1625.2-0020
1990,J1625.2-2845,,,,
1991,J1625.6-2058,,,J1626.2-2038,
1992,J1625.7-2527,fsrq,J1625.8-2527,J1625.7-2524,J1625.7-2526
1993,J1625.9+4125,fsrq,,,
1994,J1626.0-2951,FSRQ,,J1626.2-2956,J1626.1-2948
1995,J1626.1+3512,bll,,,
1996,J1626.2-4911,,,J1626.0-4917c,
1997,J1626.2-2428c,,J1625.9-2423,J1625.8-2429c,
1998,J1626.3-4406,,,,J1626.4-4408
1999,J1626.4-7640,bcu,,,J1626.0-7636
2000,J1627.8+3217,,,J1627.6+3218,J1627.8+3219
2001,J1628.0-3203,psr,,J1627.8-3204,J1628.3-3206
2002,J1628.1-3344,,,,
2003,J1628.1-5740,,,,
2004,J1628.1+0254,,,J1627.9+0254,
2005,J1628.2-2431c,,,,
2006,J1628.2+7703,bcu,,,
2007,J1628.4-4546,,,,
2008,J1628.7-8056,,,,
2009,J1628.9-4852,spp,,,J1628.1-4857c
2010,J1630.2+3733,PSR,,J1630.5+3735,J1630.3+3732
2011,J1630.2-1052,,,J1630.3-1042,J1631.0-1050
2012,J1630.3-6126,,,,
2013,J1630.3-4346,,,,
2014,J1630.6+8232,rdg,,J1635.4+8228,J1629.4+8236
2015,J1630.7+5222,bll,,J1630.2+5220,J1630.4+5218
2016,J1630.8+1047,bcu,,,
2017,J1632.4-4820,psr,,,J1632.4-4820c
2018,J1632.8+3838,,,,
2019,J1633.0-4746e,PWN,,J1632.7-4733c,J1632.4-4753c
2020,J1635.2+3809,FSRQ,J1635.2+3809,J1635.0+3808,J1635.2+3810
2021,J1635.3+4257,,,,
2022,J1636.2-4709c,spp,,J1635.7-4715c,J1635.4-4717c
2023,J1636.2-4734,snr,,J1636.4-4737c,
2024,J1636.7+2624,bcu,,,
2025,J1637.1+1314,bll,,,
2026,J1637.6-3449,bcu,,,J1637.9-3451
2027,J1637.7+4715,fsrq,,J1637.9+4707,J1637.7+4714
2028,J1637.8+7325,bll,,,
2029,J1637.9+5719,fsrq,,,
2030,J1638.6-4654,spp,,,
2031,J1639.4-5146,,,,J1639.8-5145
2032,J1639.8+4125,fsrq,,,
2033,J1640.4-4634c,spp,,J1640.8-4634c,J1640.5-4633
2034,J1640.6-4917,,,,J1639.8-4921c
2035,J1640.6+3945,FSRQ,,,J1640.7+3945
2036,J1640.9+1142,bcu,,J1641.0+1143,J1641.0+1141
2037,J1641.1-4619c,spp,,,
2038,J1641.5-5319,,,,J1641.8-5319
2039,J1641.5-2856,,,,
2040,J1641.8-0619,bll,,,J1641.6-0614
2041,J1642.4+8045,,,,
2042,J1642.9+3950,FSRQ,,,J1642.9+3949
2043,J1643.6-5002,,,,
2044,J1643.6-0642,bcu,,J1643.5-0646,J1643.5-0641
2045,J1644.4+2632,,,,
2046,J1644.6-0911,,,,
2047,J1645.2-5747,bcu,,,
2048,J1645.7-2149,,,J1645.0-2155c,J1645.7-2148c
2049,J1645.9-5420,spp,,,
2050,J1645.9+6336,fsrq,,,
2051,J1646.9-1332,,,,J1646.7-1333
2052,J1647.1-6438,bcu,,,
2053,J1647.4+4950,bcu,,J1647.4+4948,J1647.5+4950
2054,J1648.0+4230,,,,
2055,J1648.3-4611,PSR,J1648.1-4606,J1648.4-4609c,J1648.4-4612
2056,J1648.5-4829,bcu,,,
2057,J1648.6-5635,,,,
2058,J1649.4+5238,bll,,J1649.6+5241,J1649.6+5238
2059,J1649.6-3007,,,,J1649.2-3004
2060,J1650.0-4438c,,,,
2061,J1650.0+0356,,,,
2062,J1650.2-5044,bcu,,J1650.4-5042,J1650.1-5044
2063,J1650.3-4600,,,J1651.5-4602c,J1650.6-4603c
2064,J1650.8+0830,fsrq,,,J1650.8+0830
2065,J1651.5-4626,,,,
2066,J1651.6+7219,bll,,,
2067,J1652.2-4649,,,,
2068,J1652.8-4351,,,J1652.8-4350c,J1652.5-4351c
2069,J1653.6-0158,,J1653.4-0200,J1653.6-0158,J1653.6-0159
2070,J1653.9+3945,BLL,J1653.9+3946,J1653.9+3945,J1653.9+3945
2071,J1654.0-4617,,,,
2072,J1654.3-4907,,,,
2073,J1655.1-4644,,,,
2074,J1655.1-3954,,,,
2075,J1655.5-4748,,,,
2076,J1655.7-4712,,,,
2077,J1656.0+2044,bcu,,,
2078,J1656.2-3303,fsrq,,J1656.2-3257,J1656.1-3256
2079,J1656.8-2010,bcu,,,J1656.9-2008
2080,J1656.9-3919c,,,,
2081,J1656.9+6008,fsrq,,J1656.9+6017,J1656.5+6012
2082,J1657.6-4653,,,,J1657.5-4652
2083,J1657.7+4807,fsrq,,,J1657.9+4809
2084,J1658.3+6149,bll,,,
2085,J1658.4-5323,PSR,,J1658.8-5317,J1658.4-5322
2086,J1659.0-0142,,,,J1659.2-0142
2087,J1659.4+2631,fsrq,,,
2088,J1659.7-3132,bcu,,,
2089,J1700.1+6829,fsrq,,J1700.1+6830,J1700.2+6831
2090,J1700.4-4019c,,,,
2091,J1701.1-4930,,,,
2092,J1701.2-3006,glc,,J1701.1-3005,J1701.2-3007
2093,J1701.3-5216,,,,
2094,J1701.4-4654,,,,
2095,J1702.0-5414,,,,
2096,J1702.1-2524,,,,
2097,J1702.1-4623,,,,
2098,J1702.6+3116,bll,,,
2099,J1702.8-5656,,,J1702.4-5653,J1702.5-5654
2100,J1703.6-6211,fsrq,,J1702.7-6217,
2101,J1703.6-2850,,,,
2102,J1703.9-4843,,,,
2103,J1704.0+7646,bcu,,,
2104,J1704.1+1234,,,,J1704.3+1235
2105,J1704.4-0528,,,,J1704.6-0529
2106,J1705.5+0948,,,,
2107,J1705.5+7134,bll,,,
2108,J1705.5-4128c,,,,
2109,J1707.8+5626,,,,
2110,J1709.4-0917,,,,
2111,J1709.5-0335,,,J1709.1-0343,J1710.0-0323
2112,J1709.6+4318,fsrq,,J1709.6+4320,J1709.7+4319
2113,J1709.7-4429,PSR,J1709.7-4428,J1709.7-4429,J1709.7-4429
2114,J1709.9+4624,,,,
2115,J1710.6-4317,,,,
2116,J1711.5-5029,bcu,,,
2117,J1711.6+8846,bcu,,,
2118,J1712.6+2932,bll,,,
2119,J1713.5-3945e,SNR,,J1711.7-3944c,J1712.4-3941
2120,J1714.0+0748,PSR,,J1713.9+0750,J1714.0+0751
2121,J1714.1-2029,bcu,,,
2122,J1714.5-3832,snr,J1714.7-3827,J1714.5-3830c,J1714.5-3829
2123,J1714.6-3327,,,J1715.2-3319,
2124,J1715.4-4028,,,,J1715.4-4024c
2125,J1715.7+6837,fsrq,,,J1714.8+6836
2126,J1716.6-2812,glc,,,J1717.3-2809
2127,J1716.7-8112,bcu,,,
2128,J1717.4-5157,fsrq,,,
2129,J1717.6-5802,psr,,,J1717.5-5802
2130,J1717.6-4404,,,,
2131,J1717.8-3342,bll,,J1717.9-3343,J1717.7-3342
2132,J1718.0-3726,snr,,J1717.9-3729c,J1718.1-3725
2133,J1718.1-3056,bcu,,,J1718.4-3056
2134,J1718.1-3825,PSR,,J1718.2-3825,J1718.3-3827
2135,J1719.2+1744,bll,J1719.3+1746,J1719.2+1745,J1719.3+1744
2136,J1719.2-2433,,,,
2137,J1719.3+1206,bcu,,,
2138,J1720.3-0428,,,,
2139,J1720.7+0711,,,J1721.1+0713,J1721.0+0711
2140,J1721.4-5253,,,,
2141,J1721.8-3919,,,,
2142,J1722.7+6104,fsrq,,,
2143,J1722.7-0415,,,J1722.4-0421,J1722.5-0420
2144,J1722.7+1014,fsrq,,J1722.5+1012,J1722.7+1013
2145,J1722.9-4529,spp,,,
2146,J1723.5-5609,bcu,,,
2147,J1723.6-3646,,,,
2148,J1723.7-7713,bcu,,,J1725.1-7714
2149,J1723.9+4004,fsrq,,J1724.0+4002,J1724.0+4003
2150,J1725.0-0513,,,J1725.2-0509,J1724.9-0508c
2151,J1725.0+1152,bll,,J1725.0+1151,J1725.0+1151
2152,J1725.1-2832,spp,,J1725.5-2832,
2153,J1725.3+5853,bll,,J1725.5+5854,J1725.2+5853
2154,J1725.7-3555c,,,J1724.0-3611c,
2155,J1726.6-3530c,,,,
2156,J1727.1+4531,fsrq,,J1727.3+4525,J1727.1+4531
2157,J1727.4+0634,,,,J1727.6+0647
2158,J1727.6-0654,,,,J1727.1-0704
2159,J1727.7-2637,,,,
2160,J1728.0-4606,spp,,,J1727.3-4611
2161,J1728.0+1217,fsrq,,,J1727.9+1220
2162,J1728.0-6446,,,,
2163,J1728.3+5013,bll,,J1727.9+5010,J1728.2+5015
2164,J1728.5+0428,fsrq,,J1728.2+0431,J1728.2+0429
2165,J1729.0+6049,,,,
2166,J1729.5-2824,spp,,,
2167,J1729.7-2408,,,J1730.4-2406,J1730.6-2409
2168,J1729.9-0859,,,,J1729.5-0854
2169,J1730.5+0023,fsrq,,J1730.4+0008,J1730.7+0023
2170,J1730.6+3711,bll,,J1730.8+3716,J1731.3+3718
2171,J1730.6-0357,,,J1730.7-0352,J1730.6-0353
2172,J1731.8-3001,bll,,J1732.0-2957,J1731.8-3004
2173,J1731.9+5428,,,,J1730.8+5427
2174,J1732.4-2709,,,,J1731.9-2703c
2175,J1732.5-3130,PSR,,J1732.5-3131,J1732.5-3131
2176,J1732.5-5048,PSR,,,
2177,J1732.7+5914,,,,
2178,J1733.0-1305,FSRQ,,J1733.0-1308,J1733.1-1307
2179,J1733.5-2811,,,,J1733.4-2812c
2180,J1733.5-3941,,,,
2181,J1733.8-6056,,,,
2182,J1734.3+3858,fsrq,,J1734.4+3859,J1734.3+3858
2183,J1734.7-2930,,,,
2184,J1735.4-1118,bcu,,J1735.4-1118,
2185,J1736.0-2701,,,,
2186,J1736.0+2033,bcu,,J1735.7+2031,J1735.9+2033
2187,J1736.2-4444,glc,,J1735.9-4438,J1736.0-4443
2188,J1736.4+0634,fsrq,,J1736.3+0628,J1736.6+0626
2189,J1736.5-2839,,,,
2190,J1737.3-3214c,spp,,,J1737.2-3213
2191,J1737.9-2511,,,,
2192,J1739.0+8716,bcu,,J1739.4+8717,J1738.9+8716
2193,J1739.4+4955,fsrq,,,J1739.5+4955
2194,J1739.9-3124c,,,,
2195,J1740.3+5211,fsrq,,J1740.0+5209,J1740.2+5212
2196,J1740.3+4736,fsrq,,,J1740.3+4738
2197,J1740.4+5347,bcu,,,
2198,J1740.5-2843,,,,
2199,J1740.5-2726,,,,J1739.6-2726
2200,J1740.5-2642,,,,
2201,J1740.8-1933,,,,
2202,J1740.8-6755,,,,J1741.1-6750
2203,J1741.1-3053,snr,J1741.4-3046,,J1740.4-3054c
2204,J1741.4+0938,,,,
2205,J1741.5+1351,PSR,,,J1741.0+1347
2206,J1741.9-2539,bcu,,,J1742.0-2540c
2207,J1741.9-2054,PSR,J1742.1-2054,J1741.8-2101,J1741.9-2054
2208,J1742.2+5947,bll,,J1742.1+5947,J1742.1+5948
2209,J1742.4-7237,,,,
2210,J1742.6-3321,,,,J1742.5-3323
2211,J1743.9+1934,bll,,J1744.2+1934,J1744.1+1934
2212,J1743.9-1310,,,,
2213,J1744.1-7619,,,J1743.8-7620,J1744.1-7620
2214,J1744.3-0353,fsrq,,J1744.6-0354,
2215,J1744.5-1133,PSR,,J1744.4-1134,J1744.6-1135
2216,J1744.5-2506,,,,
2217,J1744.7-3043,,,,
2218,J1744.7-2252,,,,
2219,J1744.8-1557,,,,
2220,J1744.9-1725,bcu,,,J1745.1-1729
2221,J1745.1-3011,spp,,,
2222,J1745.3-2903c,,,,
2223,J1745.4-0754,bll,,J1745.6-0751,J1745.5-0751
2224,J1745.4+4721,,,,
2225,J1745.5+1017,PSR,,J1745.5+1018,J1745.6+1015
2226,J1745.6-2859c,spp,,J1745.6-2900c,J1745.6-2858
2227,J1745.7+3952,bll,,,
2228,J1746.3-2851c,pwn,,J1746.4-2849c,J1746.6-2851c
2229,J1746.6+0433,,,,
2230,J1746.8-3240,PSR,,,J1746.5-3238
2231,J1747.0-3506,,,,J1747.2-3507
2232,J1747.0-2828,,,,
2233,J1747.1+0139,bcu,,,
2234,J1747.2-2958,PSR,,J1747.2-2958,J1747.1-3000
2235,J1747.3+0324,,,,J1747.6+0324
2236,J1747.6-4037,PSR,,J1747.4-4035,J1747.5-4036
2237,J1747.7-2904,,,,
2238,J1748.0-2447,glc,,J1747.9-2448,J1748.0-2447
2239,J1748.0+3405,fsrq,,,
2240,J1748.0+2701,,,,
2241,J1748.3-2815c,,,,
2242,J1748.5-3912,,,,
2243,J1748.6+7005,bll,,J1748.5+7004,J1748.8+7006
2244,J1748.9-2021,glc,,J1748.7-2020,J1748.7-2020
2245,J1749.1+4322,bll,,J1749.0+4323,J1749.1+4323
2246,J1749.2-2911,,,,
2247,J1749.6-3133,,,,J1749.7-3134c
2248,J1749.7-0305,,,J1749.5-0301,
2249,J1750.2-3704,glc,,,
2250,J1750.9-2220,,,,
2251,J1751.5+0939,bll,J1751.5+0935,J1751.5+0937,J1751.5+0938
2252,J1753.5-5010,bcu,,J1754.0-5002,J1753.8-5012
2253,J1753.6-4447,,,,J1753.8-4446
2254,J1754.0-2930,,,,J1754.1-2930
2255,J1754.0-2538,,,J1754.5-2537c,J1754.4-2538c
2256,J1754.0-3321,,,,
2257,J1754.1+3212,bll,,J1754.3+3212,J1754.3+3212
2258,J1754.3-6424,bll,,,J1755.5-6423
2259,J1756.3+5523,bll,,J1756.6+5524,J1756.5+5523
2260,J1756.9+7032,bll,,,
2261,J1757.1+1533,bcu,,,
2262,J1757.4+6536,bcu,,,
2263,J1757.7-6030,,,,J1757.5-6028
2264,J1757.8-3126,,,,
2265,J1758.8-2402,,,,J1758.8-2402c
2266,J1758.8-2346,,,,
2267,J1758.8-4108,,,,
2268,J1759.1-4822,bcu,,,J1759.2-4819
2269,J1759.2-3848,,,,J1759.2-3853
2270,J1759.6-2141,,,,
2271,J1800.0-2955,,,,J1759.4-2954
2272,J1800.5+7827,bll,J1802.2+7827,J1800.4+7827,J1800.5+7829
2273,J1800.8-2402,,,J1800.5-2359c,J1800.8-2400
2274,J1801.3-2326e,SNR,J1801.6-2327,J1801.3-2322c,J1801.3-2326e
2275,J1801.5-7825,,,,
2276,J1801.5+4403,fsrq,,,J1801.7+4405
2277,J1801.6-2213,,,,
2278,J1802.4-3043,,,,
2279,J1802.6-3940,fsrq,J1802.6-3939,J1802.5-3939,J1802.6-3940
2280,J1803.1-2147,PSR,,J1803.1-2147c,J1803.3-2148
2281,J1803.1-2728,,,,
2282,J1803.3-6706,,,,J1802.8-6706
2283,J1804.1+0341,fsrq,,J1804.1+0336,
2284,J1804.1+2532,,,,J1803.6+2523c
2285,J1804.5-0850,,,,
2286,J1805.6-2136e,SNR,J1805.3-2138,J1805.2-2137c,J1805.6-2136e
2287,J1805.9+0614,psr,,J1806.2+0609,J1805.8+0612
2288,J1805.9+3407,,,,
2289,J1806.2+2744,,,,
2290,J1806.7-2451,,,,
2291,J1806.7+6949,bll,,J1807.0+6945,J1806.7+6948
2292,J1806.8+5346,,,,
2293,J1807.5-4343,glc,,J1807.6-4341,
2294,J1807.8+6427,bcu,,,
2295,J1807.8-5011,fsrq,,,
2296,J1808.0+4652,bll,,,
2297,J1808.3-3357,,,,J1808.3-3356
2298,J1808.4-3519,,,,
2299,J1808.4-3703,,,,
2300,J1808.5-1952,glc,,J1808.5-1954c,J1808.6-1950c
2301,J1809.0+3517,,,,
2302,J1809.2-2725,,,,
2303,J1809.2-2016c,,,,
2304,J1809.4+2040,bll,,,J1809.4+2042
2305,J1809.7+2909,bll,,J1809.6+2908,J1809.7+2909
2306,J1809.8-2332,PSR,,J1809.8-2332,J1809.8-2332
2307,J1810.1-1910,spp,,,
2308,J1810.5+1743,PSR,,J1810.3+1741,J1810.7+1742
2309,J1810.7+5335,,,,J1811.0+5340
2310,J1810.8-2412,,,,J1811.3-2421
2311,J1810.8+1609,bll,,J1811.0+1607,J1810.8+1606
2312,J1811.2+0340,bll,,J1811.3+0340,J1811.3+0339
2313,J1811.3-1927c,spp,,,
2314,J1813.4-1246,PSR,J1813.5-1248,J1813.3-1246,J1813.4-1246
2315,J1813.6+0614,bll,,,J1813.7+0617
2316,J1813.6+3143,bll,,J1813.4+3141,J1813.5+3143
2317,J1813.6-6845,,,,
2318,J1813.6+2820,,,,
2319,J1813.6-1148,,,,J1813.7-1139c
2320,J1814.0-1757c,,,,
2321,J1814.1-1734c,,J1814.3-1739,J1814.0-1736c,J1814.1-1735c
2322,J1815.1+5919,,,,
2323,J1816.0-6407,,,,J1815.6-6407
2324,J1816.2-2726,,,,
2325,J1816.5-1145,,,,
2326,J1816.5+4512,PSR,,J1816.7+4509,J1816.5+4511
2327,J1816.9-4944,bcu,,,J1816.7-4942
2328,J1817.2-1739,spp,,,
2329,J1817.3-3033,,,,
2330,J1817.7+2530,,,J1817.0+2519,
2331,J1818.5+1320,,,,
2332,J1818.6+0903,fsrq,,J1818.1+0905,J1818.6+0903
2333,J1818.7-1528,spp,,,
2334,J1819.1+2134,bcu,,,J1818.7+2138
2335,J1819.1+4259,bcu,,,
2336,J1819.5-2045c,,,,
2337,J1819.5-1345,,,,
2338,J1820.3+3625,bcu,,,J1820.6+3625
2339,J1820.3-1529c,,,,
2340,J1820.4-3217,,,J1820.5-3216,J1820.6-3219
2341,J1821.6-1436c,,J1821.4-1444,,
2342,J1821.9+6636,,,,
2343,J1822.1-7051,bcu,,,
2344,J1823.2-4722,,,,
2345,J1823.2-1339,,,J1823.2-1336c,J1823.1-1338c
2346,J1823.4+6857,bll,,,J1823.7+6856
2347,J1823.6-3453,bcu,,J1823.5-3454,J1823.6-3453
2348,J1823.7-3019,PSR,,,J1823.4-3014
2349,J1824.0+1017,psr,,,
2350,J1824.2-5427,,,,
2351,J1824.2+5649,bll,,J1824.0+5651,J1824.0+5650
2352,J1824.3-0620,,,,
2353,J1824.4+4310,bcu,,,J1823.8+4312
2354,J1824.5-1351e,PWN,,J1825.7-1410c,J1824.5-1351e
2355,J1824.6-2451,PSR,,J1824.5-2449,J1824.8-2449
2356,J1825.2-5230,bcu,,,J1825.1-5231
2357,J1826.1-1256,PSR,J1825.9-1256,J1826.1-1256,J1826.1-1256
2358,J1826.2-1450,HMB,J1826.3-1451,J1826.2-1450,J1826.3-1450
2359,J1827.3-1446,,,,J1827.4-1445c
2360,J1827.6-0846,,,,J1827.4-0846
2361,J1827.7+1141,,,,J1827.6+1149
2362,J1828.4-1121,spp,,J1827.9-1128c,J1828.3-1124c
2363,J1828.9-2417,bcu,,,J1829.3-2419
2364,J1829.2+3229,,,,J1828.7+3231
2365,J1829.2+2731,,,,J1829.1+2725
2366,J1829.2-1504,,,,
2367,J1829.3-0135c,,,,
2368,J1829.4+5402,bll,,J1829.8+5404,J1829.2+5402
2369,J1829.6+4844,ssrq,,J1829.8+4845,J1829.7+4846
2370,J1829.7-1304,spp,,,
2371,J1829.8+1328,bll,,,J1830.0+1325
2372,J1829.9-0203c,,,,J1829.8-0204c
2373,J1830.0-4439,bcu,,,J1830.2-4441
2374,J1830.1+0617,fsrq,J1830.3+0617,J1830.1+0618,J1830.1+0617
2375,J1830.7-1630,,,,J1830.4-1634
2376,J1830.8-3136,,,,J1830.9-3132
2377,J1831.0-2714,bcu,,,
2378,J1831.6-6503,,,J1833.2-6502,J1832.2-6502
2379,J1831.7-0230,,,,
2380,J1831.7-0157c,,,J1831.5-0200c,J1832.0-0200
2381,J1832.4-5659,bll,,J1832.6-5700,J1832.7-5700
2382,J1833.5-1033,PSR,,J1833.5-1034,J1833.6-1032
2383,J1833.6-2103,fsrq,J1833.4-2106,J1833.6-2103,J1833.6-2104
2384,J1833.9-0711,spp,,,
2385,J1834.5-0841,snr,J1834.4-0841,J1834.3-0842c,J1834.3-0848
2386,J1834.6-0659,spp,,,
2387,J1834.8-0630c,,,,
2388,J1835.4+1349,bcu,,J1835.3+1345,J1835.4+1349
2389,J1835.7-3258,glc,,J1835.3-3255,J1835.6-3258
2390,J1836.2+5925,PSR,J1836.2+5924,J1836.2+5925,J1836.2+5926
2391,J1836.3+3137,bll,,J1836.3+3135,J1836.2+3137
2392,J1836.5-0655e,PWN,,J1837.5-0659c,J1837.3-0700c
2393,J1837.3-2403,,,,
2394,J1837.6-0717,,,,
2395,J1837.9-0607,PSR,,,
2396,J1838.1+3827,,,,J1837.9+3821
2397,J1838.5-6006,bcu,,,
2398,J1838.8+4802,bll,,J1838.6+4756,J1838.7+4759
2399,J1838.9-0646,,,,
2400,J1838.9-0537,PSR,,,
2401,J1839.3-0552,,J1839.0-0549,,
2402,J1839.9+7646,,,,
2403,J1840.1-0412,spp,,,J1840.3-0413c
2404,J1840.5+6116,,,,
2405,J1840.9-0532e,PWN,,,
2406,J1841.2+2910,bcu,,,
2407,J1841.7+3218,bll,,J1841.9+3220,J1841.7+3221
2408,J1842.2+2742,,,,J1842.3+2740
2409,J1842.3-5841,bcu,,J1842.3-5845,J1842.3-5839
2410,J1842.8+6810,fsrq,,,
2411,J1843.0-0359c,,,J1842.9-0359c,J1842.8-0359c
2412,J1843.6-1114,PSR,,,
2413,J1843.7-0322,,,,
2414,J1844.1+5709,bll,,,J1844.7+5716
2415,J1844.3+1547,bcu,,J1844.1+1547,J1844.3+1548
2416,J1844.3-0344,,,J1844.2-0342c,J1844.3-0343c
2417,J1844.7-1224,,,,
2418,J1845.5-2524,,,,
2419,J1846.3+0919,PSR,,J1846.4+0919,J1846.4+0920
2420,J1848.1-4230,bcu,,,
2421,J1848.4+3216,FSRQ,J1847.8+3223,J1848.5+3224,J1848.5+3216
2422,J1848.4-0141,,J1848.6-0138,J1848.1-0145c,J1848.2-0139c
2423,J1848.6+3232,,,,
2424,J1848.9+4247,bll,,,
2425,J1849.2+6705,FSRQ,J1849.4+6706,J1849.3+6705,J1849.4+6706
2426,J1849.3-1645,bcu,,,
2427,J1849.4-0057,snr,,,J1849.3-0055
2428,J1849.4-4312,bll,,J1849.6-4314,J1849.7-4310
2429,J1849.5+2751,bll,,,J1849.5+2744
2430,J1849.5-0124c,,,J1849.7-0121c,J1849.9-0125c
2431,J1850.5-0024,,,J1850.2-0019c,J1850.7-0014c
2432,J1851.2+0423,,,,
2433,J1852.4+4856,fsrq,,J1852.5+4853,J1852.5+4856
2434,J1852.8+0158,,,,J1852.8+0156c
2435,J1853.2+0006,psr,,J1853.1+0032c,
2436,J1855.1-6008,bcu,,,
2437,J1855.1-2243,glc,,,
2438,J1855.4+0454,,,,
2439,J1855.6+0753,,,,
2440,J1855.9+0121e,SNR,J1855.9+0126,J1856.1+0122,J1855.9+0121e
2441,J1856.1-1217,,,,
2442,J1857.0-7341,,,,
2443,J1857.2+0059,,,,J1857.2+0055c
2444,J1857.8+0129c,,,,J1858.5+0129c
2445,J1857.9+0355,,,J1857.9+0352c,J1857.8+0355c
2446,J1857.9+0210,,,,J1857.6+0211
2447,J1857.9+7319,,,,
2448,J1857.9+5549,,,,
2449,J1858.0-5423,,,,
2450,J1858.2-2215,PSR,,J1858.1-2218,J1858.3-2218
2451,J1858.4-2509,bcu,,,J1858.1-2510
2452,J1859.6+0102,,,,
2453,J1900.3+0411c,,J1900.0+0356,J1900.3+0420c,
2454,J1900.8+0337,,,,
2455,J1901.1+0728,,,,
2456,J1901.5-0126,,,,
2457,J1902.0-5107,PSR,,J1902.0-5110,J1902.0-5109
2458,J1902.3-3702c,,,,
2459,J1902.6+0655,,,,
2460,J1902.9-6745,fsrq,,J1902.3-6802,J1902.5-6746
2461,J1903.2+5541,bll,,J1903.0+5539,J1903.3+5539
2462,J1903.6-7052,PSR,,J1901.6-7051,J1902.7-7053
2463,J1903.9+0052,,,,
2464,J1904.5+3627,bcu,,,
2465,J1904.7-0708,,,J1904.4-0703,J1904.8-0705
2466,J1904.9+0818,,,,
2467,J1906.6+0720,,,J1906.6+0716c,J1906.5+0720
2468,J1907.9+0602,PSR,,J1907.9+0602,J1907.9+0602
2469,J1908.8-0130,bcu,,J1908.5-0138,J1908.8-0132
2470,J1908.9+1022,,,,
2471,J1910.7-6000,glc,,,
2472,J1910.8+2855,bcu,,,
2473,J1910.9+0906,snr,J1911.0+0905,J1910.9+0906c,J1911.0+0905
2474,J1911.1-5318,,,J1911.1-5306,
2475,J1911.2-2006,fsrq,J1911.2-2011,J1911.2-2007,J1911.1-2005
2476,J1911.4-1908,bcu,,,J1911.5-1908
2477,J1911.7+0307,,,J1911.7+0307,
2478,J1912.0-0804,bcu,,,
2479,J1912.6-1223,bcu,,,
2480,J1912.7+4610,,,,
2481,J1912.9-8008,fsrq,,,
2482,J1913.0+0910,PSR,,,
2483,J1913.5-3631,bcu,,,
2484,J1913.9+4441,bcu,,,J1913.4+4440
2485,J1915.2+0954,,,,
2486,J1915.9+1112,spp,,J1916.0+1110c,J1916.1+1106
2487,J1917.1-3024,,,J1916.9-3028,J1917.0-3027
2488,J1917.7-1921,bll,,J1917.7-1922,J1917.6-1921
2489,J1918.0+3750,bcu,,,
2490,J1918.2-4110,bll,,J1918.4-4108,J1918.2-4110
2491,J1919.0+0452,,,,
2492,J1919.9+1407,,,,
2493,J1921.2+0136,psr,,J1921.2+0132,J1921.3+0131
2494,J1921.2+1506,,,,
2495,J1921.2-1232,bll,,J1921.1-1234,J1921.3-1231
2496,J1921.6+1934,,,,
2497,J1921.9-1607,bll,,J1922.0-1608,J1921.9-1608
2498,J1922.2+2313,,,,
2499,J1923.2+1408e,SNR,J1923.0+1411,J1922.9+1411,J1923.2+1408e
2500,J1923.2-7452,,,,J1922.6-7454
2501,J1923.5-2104,fsrq,J1923.3-2101,J1923.5-2104,J1923.5-2105
2502,J1924.8-1034,,,,J1924.9-1036
2503,J1924.8-2914,fsrq,,J1925.2-2919,J1924.8-2912
2504,J1924.9+2817,bcu,,,
2505,J1925.4+1605,,,J1926.1+1601c,
2506,J1925.4+1727,,,J1925.0+1720c,J1924.8+1724c
2507,J1925.7+1228,bcu,,,
2508,J1925.8-7826,,,,J1925.7-7836c
2509,J1926.8+6154,bll,,J1926.8+6153,J1927.0+6153
2510,J1927.7+6118,bll,,,J1927.5+6117
2511,J1928.4+1838,,,,
2512,J1928.9+1739,,,J1929.0+1741c,J1928.8+1740c
2513,J1931.1+1659,,,J1930.8+1653c,
2514,J1931.1+0937,bll,,J1931.2+0939,J1931.1+0938
2515,J1932.2+1916,PSR,,J1932.1+1914c,J1932.1+1913
2516,J1932.6-4537,fsrq,,,
2517,J1933.4+0727,bcu,,J1933.3+0723,J1933.3+0722
2518,J1934.2+6002,,,,
2519,J1935.2-7924c,,,J1927.3-7932c,
2520,J1935.5+8355,bcu,,,J1936.9+8402
2521,J1936.6-4215,,,,
2522,J1936.9-4719,bll,,J1936.9-4720,J1936.8-4721
2523,J1937.0-3956,fsrq,,J1938.2-3957,J1937.2-3955
2524,J1939.6-4925,bcu,,,
2525,J1941.2-6210,bcu,,,J1940.8-6213
2526,J1941.8+7218,bcu,,J1941.6+7214,J1941.6+7218
2527,J1942.7+1033,bcu,,J1942.7+1033,J1942.8+1033
2528,J1943.2-3510,bll,,,
2529,J1943.8+2518,,,,
2530,J1944.0-0535,,,,
2531,J1944.1+3919,,,,
2532,J1944.1-4523,bcu,,,
2533,J1944.8+4300,,,,
2534,J1945.3+7329,,,,J1944.3+7325
2535,J1945.9-3115,bll,,J1946.1-3118,J1946.1-3115
2536,J1946.4-5403,,,J1946.7-5404,J1946.4-5402
2537,J1947.4-1121,,,,J1946.7-1118
2538,J1947.9-0743,,,,J1947.8-0739
2539,J1948.1-7059,,,,
2540,J1949.0+1312,bcu,,,
2541,J1949.3+2433,,,,
2542,J1949.4-6140,bcu,,,
2543,J1949.5-1454,,,,J1949.4-1457
2544,J1949.6+2355,,,,J1949.7+2405
2545,J1949.7-8109,,,,
2546,J1950.2+1215,,,J1950.4+1226,J1950.3+1223
2547,J1951.3+6909,,,,
2548,J1951.6+2926,spp,,,
2549,J1951.8-1102,,,,
2550,J1952.9+3253,PSR,J1953.2+3249,J1952.9+3252,J1953.0+3253
2551,J1953.3+3847,,,,
2552,J1953.4+7653,,,,
2553,J1954.2+2836,PSR,J1954.4+2838,J1954.3+2836,J1954.3+2836
2554,J1954.8-1122,fsrq,,J1954.8-1124,J1954.6-1122
2555,J1954.9-5640,bcu,,,J1955.0-5639
2556,J1955.0-1605,bcu,,,J1954.4-1607
2557,J1955.1+1357,fsrq,,J1954.8+1402,J1955.2+1356
2558,J1955.7-7019,,,,
2559,J1955.9+0212,bcu,,,
2560,J1957.0-3234,fsrq,,,
2561,J1957.7+5034,PSR,,J1957.6+5033,J1957.9+5033
2562,J1957.9-0712,,,,
2563,J1958.0-3847,fsrq,,J1958.4-3847,J1958.2-3848
2564,J1958.1+2436,,,,
2565,J1958.1-0243,,,,
2566,J1958.2-1413,,,,
2567,J1958.2-3011,bll,,J1958.4-3013,J1958.4-3012
2568,J1958.6+2845,PSR,,J1958.6+2845,J1958.6+2845
2569,J1958.6+3844,,,,J1958.9+3844
2570,J1959.1-4245,fsrq,,J1959.3-4241,J1959.1-4245
2571,J1959.5+2047,PSR,,J1959.6+2047,J1959.5+2047
2572,J1959.8-4725,bcu,,J1959.7-4730,J1959.9-4727
2573,J2000.0+6509,bll,J2000.2+6506,J2000.0+6508,J2000.0+6509
2574,J2000.1+4212,bcu,,,J1959.9+4212
2575,J2000.4-2926,fsrq,,,J1959.6-2931
2576,J2001.0-1750,fsrq,,J2000.9-1749,J2000.8-1751
2577,J2001.1+4352,bll,J2001.0+4352,J2001.1+4351,J2001.1+4352
2578,J2001.8+7041,bll,,J2001.9+7040,J2001.7+7042
2579,J2002.7+6303,bcu,,,
2580,J2004.4+3338,,,J2004.7+3343,J2004.4+3339c
2581,J2004.8+7003,bll,,J2004.8+7004,J2004.6+7004
2582,J2005.2+7752,bll,,J2006.0+7751,J2004.5+7754
2583,J2005.7-8241,,,,
2584,J2006.0-2311,fsrq,,J2006.6-2302,
2585,J2006.5-0939,,,,J2006.2-0929
2586,J2006.6+0150,,,J2007.0+0145,
2587,J2007.3+6605,fsrq,,,
2588,J2007.7-7728,bcu,,,
2589,J2007.8-4429,nlsy1,,J2007.9-4430,J2007.9-4430
2590,J2009.2-1458,,,,J2009.2-1505
2591,J2009.3-4849,BLL,J2009.4-4850,J2009.5-4849,J2009.5-4850
2592,J2010.0-2120,,,,
2593,J2010.3+7228,bll,,J2009.1+7228,J2009.7+7225
2594,J2011.1+4203,,,,
2595,J2012.0+4629,bll,,J2012.2+4629,J2012.1+4630
2596,J2012.1-1643,bll,,,
2597,J2014.3-0047,bll,,J2014.5-0047,J2014.0-0046
2598,J2014.4+3606,spp,,,
2599,J2014.5+0648,bcu,,J2014.4+0647,J2014.7+0646
2600,J2014.5+5246,,,,
2601,J2014.9+1623,bcu,,,
2602,J2015.2-0138,bll,,J2015.3-0129,J2015.1-0137
2603,J2015.3-1431,,,,
2604,J2015.6+3709,FSRQ,,J2015.7+3708,J2015.6+3709
2605,J2016.4-0905,bll,,J2016.2-0903,J2016.3-0904
2606,J2017.3+0602,PSR,J2017.2+0602,J2017.3+0603,J2017.3+0603
2607,J2017.6-4110,bcu,,,
2608,J2017.6-1616,psr,,J2017.9-1621,J2017.5-1618
2609,J2017.9+3627,,,,J2018.0+3626
2610,J2018.5+3851,bcu,,,J2018.2+3850c
2611,J2018.6+4213,,,,
2612,J2021.0+4031e,SNR,,J2020.0+4049,J2019.1+4040
2613,J2021.1+3651,PSR,J2020.8+3649,J2021.0+3651,J2021.0+3651
2614,J2021.5+4026,PSR,J2021.5+4026,J2021.5+4026,J2021.5+4026
2615,J2021.9+0630,bll,,,J2021.5+0632
2616,J2022.2+3840,spp,,,J2022.8+3843c
2617,J2022.2-7220,,,,
2618,J2022.2-4515,bll,,J2022.5-4532,J2022.3-4518
2619,J2022.5+7612,bll,,,J2022.5+7614
2620,J2023.2+3154,bcu,,,
2621,J2023.5+4126,,,,
2622,J2023.6-1139,fsrq,,J2023.7-1141,J2023.4-1137
2623,J2024.4-0848,bcu,,,
2624,J2024.4-3254,fsrq,,,
2625,J2024.6+0309,,,,
2626,J2024.6+3747,,,,
2627,J2024.8-2331,,,,
2628,J2025.1-2858,,,,
2629,J2025.2+3340,bcu,,,J2025.1+3341
2630,J2025.6-0736,fsrq,J2025.6-0736,J2025.6-0735,J2025.6-0736
2631,J2026.3+7644,bcu,,,
2632,J2026.3+1430,,,,
2633,J2026.4+4709,,,,
2634,J2026.8+4003,,,,
2635,J2026.8+2813,,,,
2636,J2028.3+3332,PSR,,,J2028.3+3332
2637,J2028.5+4040c,,,,
2638,J2028.6+4110e,SFR,,,
2639,J2028.7+1012,,,,
2640,J2029.4+4923,bll,,J2029.2+4924,J2029.4+4924
2641,J2029.5-4232,,,,
2642,J2030.0+3642,PSR,,J2030.0+3641,J2030.0+3640
2643,J2030.2-0622,fsrq,,J2030.3-0617,J2030.3-0622
2644,J2030.5-1439,,,,
2645,J2030.8+4416,PSR,,J2030.9+4411,J2030.7+4417
2646,J2031.0+1937,bcu,,,J2031.0+1938
2647,J2031.8+1223,bll,,J2031.5+1219,J2031.7+1223
2648,J2032.2+4126,PSR,J2032.2+4122,J2032.2+4127,J2032.2+4126
2649,J2032.5+4032,,,,
2650,J2032.5+3921,,,J2032.8+3928,
2651,J2033.3+4348c,,,,
2652,J2033.6+6309,bcu,,,
2653,J2034.3+1155,fsrq,,,
2654,J2034.4+3833c,,,,
2655,J2034.6+4302,,,,
2656,J2034.6-4202,,,J2034.6-4202,J2034.7-4201
2657,J2035.0+3634,,,J2034.7+3639,J2034.9+3632
2658,J2035.3+1055,fsrq,,J2035.4+1100,J2035.4+1058
2659,J2035.6+3146,,,,
2660,J2035.8+4902,,,,
2661,J2036.4+6551,bll,,J2038.1+6552,J2036.6+6551
2662,J2036.6-3325,bcu,,J2037.0-3329,
2663,J2036.8+4234c,,,,
2664,J2036.8-2830,fsrq,,,
2665,J2037.4+4132c,,,,
2666,J2038.4+4212,,,,
2667,J2038.8+5113,fsrq,,,
2668,J2038.8-3613,,,,
2669,J2039.0-1047,bll,,J2039.0-1047,J2039.1-1046
2670,J2039.4+4111,,,,J2040.1+4105c
2671,J2039.5+5217,bll,,,J2039.6+5218
2672,J2039.6-5618,,,J2039.4-5621,J2039.8-5620
2673,J2039.7+1237,,,,
2674,J2040.0-5734,bcu,,,
2675,J2040.2-7115,bcu,,,J2040.2-7109
2676,J2041.1+4736,,,,J2041.2+4735
2677,J2041.7-3732,bll,,,
2678,J2041.9-7318,bcu,,J2043.0-7317,J2042.8-7317
2679,J2042.1+2428,bll,,J2042.2+2427,J2042.1+2428
2680,J2042.1+0247,PSR,,,
2681,J2042.3-5416,,,,
2682,J2042.4+4209,,,,
2683,J2043.1+4350,,,,
2684,J2043.2+1711,PSR,,J2043.2+1709,J2043.2+1711
2685,J2043.6+0001,,,,
2686,J2043.8+2741,PSR,,J2043.7+2740,J2043.7+2743
2687,J2043.8-4801,,,,J2044.4-4757
2688,J2044.0+1035,,,,
2689,J2045.2+5026e,SNR,,J2046.0+4954,J2046.0+4954
2690,J2045.6-6838,,,,
2691,J2046.7-1011,bcu,,,
2692,J2046.7-4259,,,,J2046.2-4259
2693,J2047.1+1054,PSR,,J2047.6+1055,J2046.7+1055
2694,J2047.9-3119,,,,
2695,J2048.8+4436,,,,
2696,J2049.0-6801,bcu,,,
2697,J2049.7+1002,bcu,,J2049.7+1003,J2049.8+1001
2698,J2050.2+0409,bll,,J2050.1+0407,J2050.0+0408
2699,J2051.0+3040e,SNR,,J2046.4+3041,J2051.0+3040e
2700,J2051.3-0828,PSR,,,
2701,J2051.8-5535,bcu,,,
2702,J2052.7+1217,psr,,,J2053.2+1212c
2703,J2053.1+6027,,,,
2704,J2053.4-4052,,,,
2705,J2053.9+2922,,,,
2706,J2054.3+6907,,,,
2707,J2054.8-4908,,,,
2708,J2055.0+0016,bll,,,
2709,J2055.2-0019,bll,,,J2055.4-0023
2710,J2055.6+1609,,,,
2711,J2055.8+2539,PSR,J2055.5+2540,J2055.8+2539,J2055.8+2539
2712,J2056.2-4714,fsrq,J2056.1-4715,J2056.3-4714,J2056.2-4715
2713,J2056.3-5925,,,,
2714,J2056.7+4938,bcu,,J2056.7+4938,J2056.7+4939
2715,J2058.0+4347,,,,
2716,J2058.3+3729,,,,
2717,J2059.9+2029,,,,
2718,J2100.6-7844,,,,
2719,J2102.3+4547,NOV,,,J2102.2+4546
2720,J2102.8+4704,,,,J2103.4+4706
2721,J2103.7-1113,,,,J2103.5-1112
2722,J2103.9-6233,bcu,,J2103.9-6237,J2103.6-6236
2723,J2103.9-3546,bcu,,,
2724,J2104.2-0211,bcu,,,
2725,J2104.7+2113,,,J2104.6+2119,
2726,J2106.1+2505,bcu,,,
2727,J2107.1+2248,,,,
2728,J2107.7-4822,bcu,,,
2729,J2108.0+3654,bcu,,,J2107.8+3652
2730,J2108.1+5202,,,J2107.5+5202c,J2107.9+5207c
2731,J2108.6-8619,bcu,,,
2732,J2108.6-0250,bll,,J2108.5-0249,J2108.7-0246
2733,J2109.1-6638,bcu,,J2108.6-6646,J2108.9-6636
2734,J2109.4+1437,,,,
2735,J2110.0+0442,,,,
2736,J2110.0+0812,fsrq,,J2110.0+0811,J2109.9+0807
2737,J2110.3-1013,fsrq,,,
2738,J2110.3+3540,bcu,,,
2739,J2110.4+5946,,,,
2740,J2111.4+4605,PSR,J2110.8+4608,J2111.3+4607,J2111.3+4605
2741,J2112.5-3044,,,J2112.5-3044,J2112.5-3042
2742,J2112.7+0819,bcu,,,J2112.5+0818
2743,J2114.0+5239,,,,
2744,J2114.7+3130,bcu,,,
2745,J2114.9+5448,psr,,,J2114.1+5440
2746,J2115.2+1215,,,,J2115.4+1213
2747,J2115.4+2933,fsrq,,J2115.5+2937,J2115.3+2932
2748,J2116.1+3339,bll,,J2116.1+3338,J2116.2+3339
2749,J2116.2+4422,,,,
2750,J2116.9+1343,,,,
2751,J2117.6+3725,,,J2116.8+3729,J2117.5+3730
2752,J2118.0-3241,bcu,,J2118.3-3237,
2753,J2118.3+5751,,,,
2754,J2118.4+0013,fsrq,,J2117.8+0016,
2755,J2119.2-3313,bcu,,,
2756,J2120.4-1256,,,J2120.2-1259,J2120.6-1301
2757,J2121.0+1901,fsrq,,J2120.9+1901,J2121.0+1901
2758,J2121.5-8253,,,,
2759,J2123.6+0533,fsrq,,,
2760,J2124.7-3358,PSR,J2124.7-3358,J2124.7-3358,J2124.6-3357
2761,J2125.8+5832,,,,
2762,J2126.5-4605,FSRQ,,J2126.1-4603,
2763,J2126.5-3926,bcu,,,
2764,J2127.1-5615,,,,
2765,J2127.5-6001,,,,
2766,J2127.7+3612,bll,,,J2127.8+3614
2767,J2129.6-0427,PSR,,J2129.8-0427,J2129.8-0428
2768,J2130.4-4237,,,,
2769,J2130.8-2745,bll,,,
2770,J2131.1-6625,,,,
2771,J2131.5-0915,bll,,J2131.7-0914,J2131.6-0914
2772,J2131.5+2605,,,,J2132.5+2605
2773,J2131.8-2516,bll,,,
2774,J2132.4-5420,bcu,,,J2131.0-5417
2775,J2133.0-6433,,,J2134.3-6429,J2133.5-6431
2776,J2133.3+2533,bcu,,J2133.4+2532,
2777,J2133.6+2821,,,,
2778,J2133.8+6648,bcu,,,J2133.9+6645
2779,J2134.1-0152,bll,,J2134.0-0203,J2133.8-0154
2780,J2134.5-2131,,,J2134.5-2130,J2134.6-2130
2781,J2135.3-5008,fsrq,,J2135.8-4957,J2135.6-4959
2782,J2135.6+5742,,,,
2783,J2138.2-4939,,,,
2784,J2139.4-4235,bll,J2139.4-4238,J2139.3-4235,J2139.3-4236
2785,J2139.5+3919,,,,
2786,J2140.0+4715,PSR,,J2139.9+4715,J2139.8+4714
2787,J2141.6-6412,bcu,,,
2788,J2141.7-3734,fsrq,,,J2141.7-3739
2789,J2142.2-2546,bcu,,,
2790,J2142.6-2029,,,,
2791,J2142.7+1957,,,,
2792,J2143.1-3928,bll,,J2143.1-3927,J2143.2-3929
2793,J2143.5+1744,fsrq,J2143.2+1741,J2143.4+1742,J2143.5+1743
2794,J2144.2+3132,bcu,,,
2795,J2144.6-5640,,,,
2796,J2144.6+6606,,,,
2797,J2144.9-3356,fsrq,,J2145.4-3358,J2144.8-3356
2798,J2145.5+1007,,,,
2799,J2145.7+0717,bll,,,
2800,J2146.6-1344,bll,,J2146.6-1345,J2146.6-1345
2801,J2146.7-1527,fsrq,,,J2146.5-1530
2802,J2147.2+0929,FSRQ,J2147.1+0931,J2147.2+0929,J2147.3+0930
2803,J2147.2+4730c,,,,
2804,J2147.3-7536,FSRQ,,,J2147.4-7534
2805,J2149.6+1915,bcu,,,
2806,J2149.7+0323,bll,,J2149.7+0327,J2149.6+0326
2807,J2150.2-1411,bll,,J2150.3-1410,J2150.2-1412
2808,J2150.5-1754,,,,
2809,J2151.6+4154,,,,
2810,J2151.6-2744,fsrq,,,J2150.8-2738
2811,J2151.8-3025,fsrq,,,J2151.5-3021
2812,J2152.4+1735,bll,,J2152.5+1734,J2152.4+1735
2813,J2152.9-0045,bll,,,
2814,J2153.9+6626,,,,
2815,J2154.0-1137,fsrq,,,J2154.0-1138
2816,J2156.0+1818,bcu,,,
2817,J2156.9-0855,bll,,,
2818,J2157.5+3126,fsrq,J2157.5+3125,J2157.4+3129,J2157.4+3129
2819,J2158.0-1501,fsrq,,J2157.9-1503,J2157.9-1501
2820,J2158.8-3013,bll,J2158.8-3014,J2158.8-3013,J2158.8-3013
2821,J2159.2-2841,bcu,,,
2822,J2159.8+1025,bll,,,J2159.9+1023
2823,J2200.0-6930,,,,J2200.1-6931
2824,J2200.2+2139,bll,,,
2825,J2200.9-2412,bcu,,,
2826,J2201.7+5047,fsrq,,,
2827,J2202.4-8339,fsrq,,J2201.6-8327,J2201.9-8335
2828,J2202.7+4217,BLL,J2202.4+4217,J2202.8+4216,J2202.8+4216
2829,J2203.4+1725,fsrq,J2203.2+1731,J2203.5+1726,J2203.4+1726
2830,J2203.7+3143,fsrq,,,
2831,J2204.4+0439,bll,,J2204.6+0442,J2204.6+0442
2832,J2205.9-4704,,,,
2833,J2206.5+6451,,,J2207.5+6440,J2206.6+6500
2834,J2206.9-0031,bll,,J2207.1-0021,J2206.6-0029
2835,J2207.8-5345,fsrq,J2207.0-5347,J2207.8-5344,J2208.1-5345
2836,J2209.0+3652,,,,
2837,J2209.8-0450,,,,
2838,J2210.1+5925,,,,J2210.1+5913
2839,J2210.1+6043,,,,
2840,J2210.2+6509,,,,
2841,J2212.0+2355,fsrq,,J2212.1+2358,J2211.9+2355
2842,J2212.3-7039,bcu,,,
2843,J2212.5+0703,,,J2212.9+0654,J2212.6+0702
2844,J2212.6+2801,bcu,,,
2845,J2213.1-2532,fsrq,,J2213.1-2529,J2213.1-2527
2846,J2213.6-4755,bcu,,,J2213.7-4754
2847,J2214.6+3000,PSR,J2214.8+3002,J2214.8+3002,J2214.7+3000
2848,J2215.5+6122,,,,
2849,J2215.6+5134,PSR,,J2216.1+5139,J2215.7+5135
2850,J2217.0+2421,bll,,J2217.1+2423,J2217.1+2422
2851,J2217.2+6346,,,,
2852,J2217.8+3207,,,,
2853,J2219.2+1806,fsrq,,J2219.3+1804,J2219.1+1805
2854,J2220.3+2812,bcu,,,
2855,J2220.6-6833,,,,
2856,J2221.6-5225,bll,,J2222.5-5218,J2221.6-5223
2857,J2221.6+6507,,,,
2858,J2221.7+6318,,,,J2221.0+6307
2859,J2222.3-3500,fsrq,,,J2222.0-3503
2860,J2223.3+0103,,,J2223.3+0103,J2223.4+0104
2861,J2224.4+0351,,,,
2862,J2224.6-1122,bll,,,
2863,J2225.8+6045,spp,,,
2864,J2225.8-0454,fsrq,,J2225.8-0457,J2225.6-0454
2865,J2227.8+0040,bll,,,J2227.8+0051
2866,J2228.5-1636,,,J2228.5-1633,J2228.6-1633
2867,J2229.0+6114,PSR,J2229.0+6114,J2229.0+6114,J2229.0+6114
2868,J2229.1+2255,,,,
2869,J2229.7-0833,FSRQ,J2229.8-0829,J2229.7-0832,J2229.7-0832
2870,J2230.5-7817,bcu,,,
2871,J2230.6-4419,fsrq,,,
2872,J2232.5+1143,FSRQ,J2232.4+1141,J2232.5+1144,J2232.4+1143
2873,J2232.9-2021,bcu,,,
2874,J2233.1+6542,,,,
2875,J2233.5-1235,bcu,,,
2876,J2234.1-2655,bcu,,,
2877,J2234.8+0945,PSR,,J2234.8+0944,J2234.7+0945
2878,J2235.3-4835,fsrq,,J2235.7-4817,J2234.9-4831
2879,J2235.6-2319,bcu,,,
2880,J2236.0-3629,bll,,,J2236.1-3628
2881,J2236.0-1706,fsrq,,,
2882,J2236.2-5049,bcu,,,
2883,J2236.3+2829,bll,,J2236.2+2828,J2236.4+2828
2884,J2236.5-1432,BLL,,J2236.4-1432,J2236.5-1431
2885,J2237.1-3921,fsrq,,J2237.2-3919,J2237.2-3920
2886,J2237.5-8326,,,,
2887,J2237.9+6320,,,,J2237.2+6316
2888,J2238.4+5903,PSR,,J2238.4+5903,J2238.4+5902
2889,J2240.9+5831,PSR,,,J2239.8+5825
2890,J2240.9+4121,bll,,,
2891,J2241.6-5237,PSR,J2241.7-5239,J2241.9-5236,J2241.7-5236
2892,J2243.2-3933,bcu,,,
2893,J2243.4-2541,bll,,J2243.1-2541,J2243.2-2540
2894,J2243.6-1230,bll,,,
2895,J2243.9+2021,bll,,J2244.0+2021,J2243.9+2021
2896,J2244.1+4057,bll,,J2243.4+4104,J2244.1+4059
2897,J2244.6+2503,,,,
2898,J2246.2+1547,bcu,,J2246.3+1549,J2246.3+1549
2899,J2246.7-5205,bcu,,,J2246.8-5203
2900,J2247.2-0004,,,J2247.3+0000,J2247.2-0002
2901,J2247.8+4413,bll,,,J2247.8+4412
2902,J2248.6-3235,fsrq,,,
2903,J2249.3-5943,,,,
2904,J2250.1+3825,bll,,J2250.1+3825,J2250.0+3825
2905,J2250.3+1747,,,,
2906,J2250.3-4206,bcu,,,J2250.2-4205
2907,J2250.6+3308,,,,
2908,J2250.7-2806,bcu,,J2250.8-2809,J2250.8-2808
2909,J2251.5-4928,bcu,,J2251.2-4928,J2251.1-4927
2910,J2251.9+4031,bll,,J2251.7+4030,J2251.9+4032
2911,J2253.1-1237,,,,
2912,J2254.0+1608,FSRQ,J2254.0+1609,J2253.9+1608,J2253.9+1609
2913,J2254.0+1403,bll,,,J2254.1+1401
2914,J2254.1+6229,,,,
2915,J2254.6+4253,,,,
2916,J2255.1+2411,bll,,,J2255.2+2408
2917,J2256.7-1022,PSR,,J2256.9-1024,J2256.9-1023
2918,J2256.7-2011,bll,,J2256.3-2009,J2256.4-2009
2919,J2258.0-2759,fsrq,,J2258.0-2757,J2258.0-2759
2920,J2258.1-8248,bcu,,J2259.9-8255,J2259.0-8254
2921,J2258.2-3645,,,J2257.9-3643,J2257.9-3646
2922,J2258.3-5526,bll,,J2258.9-5525,J2258.8-5524
2923,J2258.8+2437,,,,
2924,J2259.9-1553,,,,
2925,J2300.0+4053,,,,
2926,J2300.1-3547,,,,J2300.0-3553
2927,J2300.3+3136,bll,,J2300.4+3138,J2300.6+3139
2928,J2301.2+5853,snr,,,
2929,J2302.7+4443,PSR,J2302.9+4443,J2302.8+4443,J2302.7+4443
2930,J2303.7+5555,,,,
2931,J2304.6+3704,bll,,J2304.3+3709,J2304.7+3703
2932,J2305.3-4219,bcu,,,
2933,J2305.8+1658,,,,
2934,J2307.4-1208,bll,,,
2935,J2307.7+1449,bll,,J2307.3+1452,J2308.0+1457
2936,J2309.0+5428,,,,
2937,J2309.6-3633,bcu,,J2310.0-3627,J2309.8-3627
2938,J2310.1-0557,,,,
2939,J2311.0+3425,FSRQ,,J2311.0+3425,J2311.0+3425
2940,J2311.0+0204,bll,,J2310.9+0204,J2310.9+0204
2941,J2312.9-6923,bcu,,,
2942,J2313.1+3935,,,,
2943,J2314.0+1443,bll,,J2314.1+1444,J2314.0+1446
2944,J2315.7-5018,bll,,J2315.9-5014,J2315.7-5014
2945,J2316.8-5209,bcu,,,
2946,J2317.3-4534,bcu,,,J2317.3-4534
2947,J2318.6+1912,bcu,,,
2948,J2318.6-3829,,,,J2319.3-3830
2949,J2319.2-4207,bll,,,J2319.1-4208
2950,J2321.2-6439,bcu,,,
2951,J2321.3+5113,,,,
2952,J2321.6-1619,,,,
2953,J2321.6+4438,fsrq,,,
2954,J2321.9+2732,fsrq,,J2321.6+2726,J2321.0+2737
2955,J2321.9+3204,fsrq,,J2322.0+3208,J2322.2+3206
2956,J2322.5+3436,bll,,J2322.6+3435,J2322.6+3435
2957,J2322.9-4917,bcu,,J2323.0-4919,J2323.0-4918
2958,J2323.4+5849,snr,,J2323.4+5849,J2323.4+5849
2959,J2323.5-0315,fsrq,,J2323.5-0315,J2323.6-0316
2960,J2323.7+2523,,,,
2961,J2323.9+4211,bll,,J2323.5+4211,J2323.8+4212
2962,J2324.7-4040,bll,,,J2324.7-4042
2963,J2324.7+0801,bll,,,J2324.6+0801
2964,J2325.2+3957,bll,J2325.3+3959,J2325.2+3957,J2325.3+3957
2965,J2325.3-3557,fsrq,,J2325.5-3559,J2325.3-3557
2966,J2325.4-4758,bll,,J2325.6-4758,J2325.4-4758
2967,J2325.6+1650,bll,,,J2325.4+1650
2968,J2327.2-4130,,,,
2969,J2327.7+0941,fsrq,J2327.3+0947,J2327.7+0943,J2327.5+0940
2970,J2328.4-4034,bcu,,,J2327.9-4037
2971,J2329.2+3754,bll,,J2329.2+3755,J2329.2+3755
2972,J2329.3-4955,fsrq,,J2329.2-4954,J2329.2-4956
2973,J2329.8+6102,,,,
2974,J2329.9-4734,fsrq,,,J2329.7-4744
2975,J2330.4-3726,bll,,,J2330.6-3723
2976,J2330.5+1104,fsrq,,,J2330.2+1107
2977,J2330.8-2144,fsrq,,J2331.0-2145,J2330.9-2144
2978,J2331.9-1609,,,,J2331.8-1607
2979,J2333.0-5525,,,J2333.0-5535,
2980,J2334.1+0732,fsrq,,J2334.3+0735,J2334.3+0734
2981,J2334.4-7948,,,,
2982,J2334.8+1432,bll,,J2334.7+1429,J2334.8+1431
2983,J2335.1-0133,fsrq,,,
2984,J2335.6-2342,,,,
2985,J2336.5+2356,bcu,,,
2986,J2336.5-7620,bcu,,,
2987,J2336.5-4116,fsrq,,,J2336.3-4111
2988,J2337.2-8425,,,,
2989,J2337.5+4108,,,,
2990,J2338.1-0229,fsrq,,J2338.3-0231,J2338.1-0229
2991,J2338.7-7401,bcu,,,
2992,J2338.7+0251,,,,
2993,J2339.0+2122,bll,,J2339.0+2123,J2339.0+2125
2994,J2339.6-0533,PSR,J2339.8-0530,J2339.7-0531,J2339.6-0532
2995,J2340.7+3847,,,,
2996,J2340.7+8016,bll,,J2341.6+8015,J2341.7+8016
2997,J2343.0-4748,,,,J2343.3-4752
2998,J2343.6+1551,fsrq,,,
2999,J2343.7+3437,bll,,J2343.6+3437,J2343.6+3437
3000,J2344.4+0549,bcu,,,
3001,J2344.9-5647,,,,
3002,J2345.2-1554,FSRQ,J2345.5-1559,,J2345.0-1553
3003,J2346.7+0705,bcu,,,
3004,J2347.0+5142,bll,,J2347.1+5142,J2347.0+5142
3005,J2347.9+5436,bcu,,,
3006,J2348.0-1630,fsrq,,J2348.0-1629,J2347.9-1629
3007,J2348.4-5100,bcu,,,
3008,J2350.4-3004,bll,,J2350.1-3005,J2350.2-3002
3009,J2351.9-7601,,,,J2351.6-7558
3010,J2352.0+1752,bll,,J2352.1+1752,J2352.0+1753
3011,J2353.3-4805,bcu,,,
3012,J2353.3+6639,,,,J2353.3+6643c
3013,J2353.6-3037,bll,,,J2353.5-3034
3014,J2353.7-3911,bcu,,,
3015,J2354.0+2722,,,,
3016,J2354.1+4605,fsrq,,,
3017,J2354.4-6612,,,J2355.9-6613,J2354.2-6615
3018,J2354.8-5245,,,J2356.0-5253,
3019,J2355.4+6939,,,,
3020,J2355.5+8154,fsrq,,,
3021,J2356.0+4037,bll,,J2356.1+4037,J2356.1+4034
3022,J2356.9+6812,,,,
3023,J2357.3-0150,bll,,,
3024,J2357.4-1716,bll,,,
3025,J2357.8-5310,fsrq,,,
3026,J2358.0-4552,fsrq,,,
3027,J2358.2-1022,fsrq,,,
3028,J2358.3-2853,bcu,,,
3029,J2358.5+3827,,,,
3030,J2358.6-1809,,,J2358.5-1809,J2358.4-1811
3031,J2358.9+3926,fsrq,,,
3032,J2359.3-3038,bll,,J2359.0-3035,J2359.0-3037
3033,J2359.5-2052,bll,,,
