,3fgl,3fgl_features,3fgl_labels
0,J0000.1+6545,"[2.4109559059143066, 3.7075421464133553, -27.62569228666238, -26.901940407154328, 1.2227793558154416, -0.8187578621935009]",[1]
1,J0000.2-3738,"[1.866731882095337, 3.8032191870813907, -31.572484153523227, -28.030842998052268, 0.40310006230909823, -0.3327508773425968]",[1]
2,J0001.6+3535,"[2.3505215644836426, 3.4779820834666952, -28.87831199466461, -27.86393860440402, -1.9187252976738842, -0.7625443450706857]",[1]
3,J0002.0-6722,"[1.946061372756958, 3.8313551023606913, -30.661410131236615, -27.90451112375519, 0.31386218817238465, -0.589408614533524]",[1]
4,J0002.6+6218,"[2.0862560272216797, 3.8716906822336505, -26.17163594467321, -27.09017557853559, 1.9800005308519917, -0.7886313770658465]",[1]
5,J0003.4+3100,"[2.553837299346924, 3.6515926531326808, -26.924411463525026, -27.875721978452916, 0.26999224013213596, -0.8963566781477942]",[1]
6,J0003.5+5721,"[2.183058261871338, 3.437894547754549, -29.85070499651915, -27.52068054539671, 0.5991388304005333, -0.09169301971023565]",[1]
7,J0004.2+6757,"[2.4968366622924805, 3.5500360169763505, -28.13952774218265, -26.841616930645813, 1.364058244502399, -0.8063565697505346]",[1]
8,J0004.2+0843,"[2.0504424571990967, 3.8140060482343277, -30.972925266695533, -27.860310766476555, -0.2352994291649611, -0.7207888824575808]",[1]
9,J0006.2+0135,"[2.1869003772735596, 3.8191673912776904, -29.957469212966085, -27.89754942572694, -1.778628108341052, -0.7712489638500445]",[1]
10,J0006.6+4618,"[2.417259693145752, 3.888137870847306, -28.992049019482746, -27.616043380369984, -0.07278060525101489, -0.7847828384927389]",[1]
11,J0007.4+1742,"[2.31195330619812, 3.8409798954280823, -29.149302366456656, -27.884762162064476, -0.22643607247041095, -0.7971411405154007]",[1]
12,J0007.9+4006,"[2.275604486465454, 3.79300492396931, -29.518621941388016, -27.81125328323451, -0.020848937980927476, -0.7584139875832114]",[1]
13,J0008.3+1456,"[2.2695491313934326, 3.5392097785596297, -28.591714119300775, -27.81236559416826, 0.4497952698105705, -0.7946884980161151]",[1]
14,J0008.5+6853,"[2.4229047298431396, 3.556326542929983, -26.180751652938852, -27.397023799225583, 1.8704037732790706, -0.843066054586548]",[1]
15,J0008.7+6558,"[2.5078444480895996, 3.7557668263922355, -24.95507146136339, -27.172156539601982, 1.8495207678468089, -0.8534738366620938]",[1]
16,J0010.5-1425,"[2.30835223197937, 4.034630606460684, -28.762894235720506, -27.99461530214686, 1.047668413035857, -0.34470002486487816]",[1]
17,J0014.3-0455,"[2.5040531158447266, 3.9960421948830125, -27.952167599568618, -27.448810736173087, 0.06123590847495353, -0.8438658659989351]",[1]
18,J0016.5+1713,"[2.4381189346313477, 3.968095476418074, -28.404942298803388, -27.871782762489993, 0.813639428522965, -0.8276525492585041]",[1]
19,J0017.1+1445,"[1.8830268383026123, 3.587495367303421, -31.547287701983617, -27.828496889829328, 0.1615234359418186, 0.02862208508384064]",[1]
20,J0020.9+0323,"[1.639902114868164, 3.9966331379873834, -32.66525153904763, -27.72890089945561, 0.4327127201500953, 0.1350426745851078]",[1]
21,J0022.7+4651,"[2.784271001815796, 3.641846420860642, -26.57287947649967, -27.729658178025804, -1.663863874789097, -0.9025115834676403]",[1]
22,J0026.2-4812,"[2.1874866485595703, 3.9423833135217388, -29.405559853297188, -28.02364860098698, -0.39339708222885234, -0.7411475005685759]",[1]
23,J0031.2-2320,"[2.139113187789917, 3.5117344477575867, -29.859866747659737, -28.04248518716892, 0.5911794669612936, -0.3174278946261303]",[1]
24,J0031.6+0938,"[2.657186508178711, 3.361062167635337, -27.413061150053554, -27.733198526226584, -0.4984935420843155, -0.7725729224967928]",[1]
25,J0032.3-5522,"[2.274585247039795, 6.235901803402848, -27.23457892203035, -27.77464221150478, 0.31779643354180054, -0.7936472486133613]",[1]
26,J0032.5+3912,"[2.563908100128174, 3.5608494980013035, -27.86534757499039, -27.84657063487204, -0.39036994075601705, -0.8203743797164822]",[1]
27,J0039.3+6256,"[1.874800205230713, 4.057733143313814, -27.815314180529832, -27.49709378729681, 2.0044840167992795, -0.21055633797974577]",[1]
28,J0048.1-6343,"[2.108412027359009, 3.9503576561423306, -29.56835375483685, -27.995943103171815, 1.2123953958626876, -0.0704359714733375]",[1]
29,J0049.0+4224,"[1.7653671503067017, 3.5725180987362792, -32.39110484572696, -27.82127874200839, -0.4755638163191846, -0.41709319077701823]",[1]
30,J0051.6+6445,"[2.2792558670043945, 3.7877248040595046, -28.99349751975246, -27.151148153007917, -0.1872993260520221, -0.8213079848381846]",[1]
31,J0102.1+4458,"[2.2651009559631348, 3.707005463587132, -29.900208440686985, -27.897000635120076, -1.0210373028884947, -0.7676193058442452]",[1]
32,J0102.1+0943,"[2.065023422241211, 3.731490374894761, -29.7671358787661, -27.712073612030004, -0.7310816757674657, -0.7049525282594206]",[1]
33,J0112.9-7506,"[2.1721508502960205, 3.6784767361362145, -29.77516301662505, -27.97391940421112, -3.0862578821082396, -0.7958757711935625]",[1]
34,J0114.8+1917,"[2.310237169265747, 3.6491074797301346, -29.87328077361083, -27.8838486355132, -0.5757925423845399, -0.778336640581008]",[1]
35,J0116.8+6913,"[2.7590959072113037, 3.924471295493958, -26.076318288973972, -27.18829401436344, 0.6454817253220596, -0.9326677096131595]",[1]
36,J0121.8-3917,"[1.799410343170166, 3.613508651022086, -32.3810153260974, -27.999224822489378, 0.0, 0.029403393862515635]",[1]
37,J0127.4+5433,"[2.5324935913085938, 3.5893625835845246, -27.74272693589387, -27.456096391374718, -0.6323972425710364, -0.7908206302420768]",[1]
38,J0127.5+5634,"[2.5862624645233154, 3.9870394164498366, -26.92276227100955, -27.338717894243036, -1.097639358664211, -0.7994600815552929]",[1]
39,J0127.6+4851,"[2.4481723308563232, 4.204564505679566, -28.493668253838216, -27.673130769127315, -1.783416814119543, -0.8400560552859885]",[1]
40,J0132.1-5340,"[2.3194029331207275, 3.552486982233475, -29.273136140647647, -28.006481492879278, -0.5396751339890892, -0.7418007060585976]",[1]
41,J0133.2-4737,"[2.7074742317199707, 3.509401103468085, -27.0931224522629, -28.010902327865196, -1.7876961127669475, -0.8026846171499912]",[1]
42,J0133.3+5930,"[2.2115478515625, 3.7511711892296407, -30.184291986093182, -27.41079320136076, -0.5584548420730658, -0.7623900870924195]",[1]
43,J0138.5-4612,"[2.0609827041625977, 3.6933890194102976, -30.121151278124675, -27.957480446642087, -0.5641880963143303, -0.725639261753295]",[1]
44,J0149.6+4846,"[2.6199347972869873, 3.5754122551860443, -27.57919758527614, -27.611706336765184, -0.01615576484437719, -0.8232680870382729]",[1]
45,J0154.1+4642,"[2.5520541667938232, 3.6253970970438973, -27.9676134066163, -27.724973185796426, -1.120688681548215, -0.6980713856626812]",[1]
46,J0156.5-2423,"[1.8884518146514893, 3.778896019719899, -31.09551367400465, -27.894155041208368, 0.1863822518129877, -0.4550026519487365]",[1]
47,J0158.6+0102,"[2.5585057735443115, 3.7890877408475756, -28.026174683716654, -27.770433571175833, 0.3455815344829678, -0.7172547350984818]",[1]
48,J0200.3-4108,"[1.8781707286834717, 3.8462885383123977, -31.35840068254615, -27.920167937530447, -0.6872598703005195, -0.44311213841246405]",[1]
49,J0203.6+1148,"[2.714515447616577, 3.4980505137175717, -26.895609158459106, -27.423123721216587, -0.005547084935275186, -0.7744347982633413]",[1]
50,J0211.0+1922,"[2.3835859298706055, 3.7134793001290896, -28.442149852933618, -27.69663554581492, 0.12764168367483436, -0.8724970295008078]",[1]
51,J0212.1+5320,"[1.9522794485092163, 3.941008179366129, -26.63279003322684, -27.185070662351908, 1.8421887907212648, -0.7050412628181496]",[1]
52,J0216.0+0300,"[2.013767719268799, 3.6270176046538483, -31.460830745358262, -27.893684452068488, -0.8398752926939451, -0.7671913535081882]",[1]
53,J0216.4+0507,"[2.24003005027771, 3.9011666345143925, -29.476243916008283, -27.876963793951983, 0.15101239547413606, -0.7763869544516615]",[1]
54,J0221.1+6059,"[2.6818604469299316, 3.840972523385848, -26.121815607714563, -26.557323919774177, 0.8898530257351174, -0.9324981121730849]",[1]
55,J0221.2+2518,"[1.9356745481491089, 3.6385254390208, -31.154553278375037, -27.762214362721487, -0.18511253730700888, -0.5411849299204453]",[1]
56,J0221.8+6138c,"[2.4198193550109863, 3.788839758485668, -29.853557571340552, -26.222660546981157, 0.810680110343938, -0.13832349563328203]",[1]
57,J0223.6+6204,"[2.8026669025421143, 3.7322277957458816, -27.181793668596153, -25.87844195139143, 2.2167066979280814, -0.8497068211991221]",[1]
58,J0223.6+3927,"[2.403754472732544, 3.869910095102993, -27.743072329836917, -27.752639112793027, 0.39726671023731286, -0.8445701476996472]",[1]
59,J0224.1-1846,"[2.4003536701202393, 3.720782951590383, -28.02782284313266, -27.88268344400521, -0.21116970915448327, -0.81507830540402]",[1]
60,J0224.4+1615,"[2.261836051940918, 3.9618117582210473, -29.63321873993227, -27.66363415391243, -1.0051141377284951, -0.7946708277404284]",[1]
61,J0225.8+6159,"[2.882110118865967, 3.8434883920492093, -27.40820539834253, -26.085557992559096, 1.672123128775157, -0.37384117525467586]",[1]
62,J0226.7-4747,"[2.9186465740203857, 3.6388753986837497, -25.817646163867362, -27.91380521680826, 0.030963184366025073, -0.873644038376907]",[1]
63,J0228.5+8213,"[2.7715609073638916, 3.7231011316221223, -25.89419788010435, -27.83606487347969, 0.10939129914257455, -0.8716778692178121]",[1]
64,J0231.0+1302,"[2.5481932163238525, 3.9690043083836075, -27.47012592436975, -27.61488144593301, -1.0217275377645814, -0.8492741206333833]",[1]
65,J0232.6+0646,"[2.6659579277038574, 4.006103958807338, -26.32416614544105, -27.70930224148723, 0.848959108740999, -0.9071313814695919]",[1]
66,J0233.0+6237,"[2.668113946914673, 4.13003077151671, -26.95765959904047, -26.695761736587755, -0.7401584477588149, -0.8665829593939417]",[1]
67,J0234.2-0629,"[1.813387393951416, 3.562483276912179, -31.976957226851248, -27.852930540364575, -0.19301100082713618, -0.4998380672644063]",[1]
68,J0235.7+5647,"[2.60725736618042, 4.107493525974762, -25.997576627709353, -27.296620754613908, 0.03023040318714592, -0.8891546271070802]",[1]
69,J0238.0+5237,"[2.1331167221069336, 3.599507950020212, -26.74227473299464, -27.44062570111448, 1.5127925559418678, -0.8411139330703403]",[1]
70,J0239.0+2555,"[2.0618743896484375, 3.2945188676311643, -31.548996811517053, -27.79080963933716, -0.4332450856700798, -0.7656439034840196]",[1]
71,J0239.4+1326,"[1.9952142238616943, 3.932947645997825, -30.678137239966357, -27.630909128110805, -0.9615283842657463, -0.5886344315916716]",[1]
72,J0240.0-0253,"[2.437889814376831, 4.168971371154504, -27.96184208935462, -27.89296242900271, 0.7522703778072296, -0.6009446092493758]",[1]
73,J0242.1-0534,"[2.480423927307129, 4.184595700128817, -28.11968524689052, -27.890224947163567, -0.9690790364042834, -0.881551774743912]",[1]
74,J0244.4+4745,"[2.624293327331543, 3.5457274775507255, -26.205614563496894, -27.661471032374628, 1.2195165220817341, -0.9415207582720531]",[1]
75,J0248.4+5130,"[2.0670924186706543, 3.4976884952668383, -29.662846975117564, -27.31143442847727, -0.2641414949766511, -0.6186387437548283]",[1]
76,J0251.1-1829,"[1.6198902130126953, 3.6290943271493505, -32.746978559257236, -27.763635512217405, 0.8836967332550559, 0.10000922914386676]",[1]
77,J0254.2+5903,"[2.6585659980773926, 3.5848290641601372, -27.121115083770935, -26.83359743258321, 0.005661761190791441, -0.7899925775746406]",[1]
78,J0258.2+3555,"[2.6097490787506104, 3.690906531047579, -27.21796203821633, -27.68713764821089, -4.45619404359472, -0.7220310146960529]",[1]
79,J0258.9+0552,"[2.124621868133545, 3.6617914300685857, -29.626174203595514, -27.523942081755244, 0.5444116859790245, -0.7623547220084257]",[1]
80,J0307.3+4916,"[2.0957446098327637, 3.9792314896186314, -28.643165927207697, -27.296183476170206, 0.4017659656475082, -0.7494140869694463]",[1]
81,J0308.4-2852,"[2.5369458198547363, 3.262073437754139, -28.191866159013514, -27.959915777732782, 0.26585207089058926, -0.8618978750212085]",[1]
82,J0312.1-0921,"[1.8716264963150024, 3.8619872079915307, -27.6457614017936, -27.8032912646863, 1.3873792921599606, -0.6246151920164974]",[1]
83,J0312.7-2222,"[1.6247706413269043, 3.5784603806549597, -32.434440965571575, -27.707425682189186, 0.8343165431633764, 0.2682846647085816]",[1]
84,J0312.7+2011,"[1.718597173690796, 3.7932630446767153, -32.394178602147754, -27.592410861275784, -0.43378952480250405, -0.37856499597126503]",[1]
85,J0318.1+0252,"[1.713058590888977, 3.9164080608419654, -27.94280465766827, -27.93148070251134, 1.7471619753258603, -0.6835353038994774]",[1]
86,J0322.5-3721,"[2.1997873783111572, 3.897573253072612, -28.394636914701994, -27.86828529001321, 0.6638696881676223, -0.6591043620658651]",[1]
87,J0323.7-6038,"[2.439836263656616, 3.9270195511170662, -29.053493110736362, -27.878279482936353, -1.746124485063899, -0.8459503302114173]",[1]
88,J0324.5-1315,"[2.646927833557129, 3.6905785065800667, -27.228399938847627, -27.824799179349604, -3.1811350363292, -0.8432293735748578]",[1]
89,J0327.4+5828c,"[2.5017504692077637, 3.9699231154772674, -26.309510744526772, -27.023366458376653, 0.9746195037619333, -0.8461460537391886]",[1]
90,J0330.6+0437,"[2.23633074760437, 4.121634801316707, -28.584362802842918, -27.57362213249148, 0.8758897952483499, -0.7847233336197544]",[1]
91,J0332.4+6110,"[2.4476478099823, 3.8521053022649325, -25.81032189420558, -27.36630453704004, 1.414821037691293, -0.8790418258932975]",[1]
92,J0332.4+4644,"[2.4689900875091553, 3.6734607295360213, -27.245868313639807, -27.419873022588146, 0.9174449650878046, -0.8626133702126207]",[1]
93,J0333.6+0233,"[2.0710270404815674, 3.6462669632759774, -30.560314510827354, -27.731117834367385, -1.0506444275785543, -0.7483154135591213]",[1]
94,J0336.1+7500,"[1.9428688287734985, 3.521888127921202, -27.11347099277701, -27.592253255440557, 1.5469001553596644, -0.7609981919197211]",[1]
95,J0340.4+5302,"[2.3673298358917236, 3.841460926563691, -21.938156571630234, -27.061407586280193, 1.7832881212480798, -0.9120026977414832]",[1]
96,J0340.4-2423,"[2.088470220565796, 3.366244525775056, -30.940506312461466, -27.93939780886812, 0.12538578709521825, -0.7764525486798324]",[1]
97,J0342.3+3148c,"[2.276012897491455, 3.869541114933401, -28.46304905558703, -27.016309958205547, 0.9315966753538122, -0.16557525715919724]",[1]
98,J0342.8+1321,"[1.9091171026229858, 3.662522922310047, -31.96436962834832, -27.648255703712874, 0.6309548683400368, -0.5209600311013542]",[1]
99,J0345.3+3236,"[2.424194097518921, 3.996283747469743, -25.719094239477666, -27.52441794857452, 1.610406090601499, -0.7902117817390719]",[1]
100,J0348.1+4431,"[2.276014566421509, 3.39721116303895, -29.257185707946547, -27.430626717342214, 0.10164729415451292, -0.7848963969210349]",[1]
101,J0348.4+6039,"[1.8813974857330322, 3.6711786832179376, -32.53292690818668, -27.506609030682075, -0.29696686240196796, 0.04894719288447292]",[1]
102,J0351.0-2816,"[2.042626142501831, 3.6490844565230387, -31.203784659340524, -28.026852080118783, -0.6883369907511578, -0.3025146381548126]",[1]
103,J0351.4-3248,"[2.797072649002075, 3.411523735708803, -26.638758644555157, -27.959706256016922, -0.4148827114872206, -0.9074800372581191]",[1]
104,J0359.5+5413,"[2.0204341411590576, 3.5154418106745013, -25.519908830328237, -26.966364948832403, 1.8251888645106844, -0.8234686021584597]",[1]
105,J0359.7+7649,"[2.1660029888153076, 3.9927033740856297, -30.810687292517336, -27.99369337133034, -0.4524117796455535, -0.7607304360928914]",[1]
106,J0401.0-5359,"[2.223421096801758, 3.377864375241566, -30.895598131644746, -28.012608294102108, 0.5888070127894023, -0.7097567243448382]",[1]
107,J0402.7+2616,"[2.772857904434204, 3.9201459005489787, -25.96392555885947, -27.568507002053188, 0.02318301681910962, -0.9146065311952867]",[1]
108,J0412.0+0229,"[2.398650884628296, 4.084009907520897, -28.4528400450828, -27.510760164959457, -0.016774431259314795, -0.8053873128406174]",[1]
109,J0414.9-0840,"[2.40366268157959, 3.9815698921215, -28.349990050277473, -27.809151683973823, -0.7026084974035363, -0.8725204694262155]",[1]
110,J0415.7-4351,"[2.483173370361328, 3.666303780382667, -26.979211076134163, -27.97163608629137, 0.4292881189625412, -0.8031287792157977]",[1]
111,J0418.2+3412,"[2.372267723083496, 3.7409552991700497, -28.67180723627419, -27.52133788992922, 0.17916612053290942, -0.8297236161124772]",[1]
112,J0419.1+6636,"[2.311556339263916, 3.894950685229773, -27.136405937385955, -27.39703469586593, 0.8329333584082895, -0.8373237226286129]",[1]
113,J0420.4+1448,"[2.866267681121826, 3.838759438439106, -24.878293037985145, -27.331253988124878, 0.8138489643037096, -0.7819103112936698]",[1]
114,J0420.4-6013,"[1.845286250114441, 3.7002675150000464, -31.662003240557965, -27.898181222585595, -2.805610432027831, -0.6743778133068561]",[1]
115,J0420.6-3742,"[2.3351693153381348, 3.9870750181808488, -28.181199702113144, -27.637093160360354, 0.2986103758978138, -0.8265868313921265]",[1]
116,J0421.6+1950,"[2.331000328063965, 3.8517579733781355, -28.103339030832394, -27.366119092042442, 0.6241063517288624, -0.8297629013672732]",[1]
117,J0423.5+5442,"[2.6252927780151367, 4.124663410150854, -27.564006110989776, -26.51119151767486, -0.06710650012495972, -0.8391055451519758]",[1]
118,J0425.8+5600,"[2.347608804702759, 3.9449423472935643, -29.24748783955262, -27.041567114097564, -2.2495054011081206, -0.8053893668403983]",[1]
119,J0426.3+3510,"[2.488677740097046, 3.593758074463646, -28.36787177048745, -27.180513109563456, 0.8491042581326693, -0.7834186240021453]",[1]
120,J0426.7+5437,"[2.467036247253418, 3.948011339541394, -25.648123706869587, -26.641934777182566, 2.039327203692932, -0.8395136067592153]",[1]
121,J0427.9-6704,"[2.457216262817383, 3.634054246101704, -26.631629819517403, -27.827803058931107, -0.4527286444615949, -0.8442928051881731]",[1]
122,J0429.8+3611c,"[2.3733503818511963, 3.694207622334539, -28.14854895919518, -27.056840003773516, 0.8883607512697619, -0.839130828976886]",[1]
123,J0430.1-3103,"[1.9710824489593506, 3.7871227317702627, -31.006952191990536, -28.042083035632363, 0.7459867465617149, -0.052890553296063035]",[1]
124,J0431.7+3503,"[2.65058970451355, 3.8849556366295412, -26.87223597775194, -27.133215813547253, 1.3901976325969914, -0.8985077426755718]",[1]
125,J0432.5+0539,"[2.694758653640747, 3.9140966595845246, -26.351904819282506, -27.35051414592629, -0.9200166067371981, -0.8263104435045701]",[1]
126,J0434.3-1411c,"[2.475128173828125, 4.124986928972776, -27.218574254358078, -27.611872250598218, -0.8007910662336462, -0.7378243247741961]",[1]
127,J0437.7-7330,"[2.098876714706421, 3.9985548808277187, -30.52513227408369, -27.83003349446875, 0.40982049748829746, -0.735529764277685]",[1]
128,J0447.1-2540,"[2.5013539791107178, 3.65572487653851, -27.59780757575044, -27.82530137229123, -0.5871266897671656, -0.8649305392638891]",[1]
129,J0451.6+7231,"[2.6509671211242676, 3.7312047431693625, -27.390757945324992, -27.834311695179693, 0.6875164811363225, -0.8514246128871831]",[1]
130,J0451.7+5722,"[2.4866271018981934, 3.3436605231310885, -27.77691993413632, -27.430582618528746, 0.442525458872679, -0.594970841714062]",[1]
131,J0456.2-6924,"[2.307771921157837, 4.033034737077001, -27.761488485636058, -27.540089967127997, 1.270992915541736, -0.7224531357983249]",[1]
132,J0502.6+1759,"[2.5411884784698486, 3.8244813698009668, -27.604460485698294, -27.252895224156752, -1.5338956692697727, -0.7306826975277307]",[1]
133,J0506.3-0357,"[2.1675987243652344, 3.30657984446339, -30.00403808015376, -27.4625568574961, 1.1215789834720113, -0.13556514064305564]",[1]
134,J0506.9+0321,"[1.8043303489685059, 3.500133496383958, -32.38133963384714, -27.731114838510358, -1.5887274756374337, -0.2927333785073085]",[1]
135,J0507.5-0906,"[2.3438100814819336, 3.790702091198169, -28.260316870971664, -27.723382555871154, 0.00028701477655642516, -0.7940604924234096]",[1]
136,J0512.0-3737,"[2.07485032081604, 3.6822479791911498, -31.115131265003324, -27.901294424096395, 0.19881111240560329, -0.13474836242565133]",[1]
137,J0514.6-4406,"[2.2817585468292236, 4.073254206592921, -26.0907493804781, -27.835488807414748, 1.4368438229099099, -0.696325177541388]",[1]
138,J0516.6+1012,"[1.9997390508651733, 3.594177314284608, -32.12362948689486, -27.475698949121515, -0.2822175355364319, -0.7039647583299867]",[1]
139,J0517.1+2628c,"[2.5302505493164062, 3.9067137549935538, -26.756377656311432, -27.021440733039125, 0.4770330892090192, -0.8728942489395131]",[1]
140,J0523.3-2528,"[2.1538543701171875, 3.9150831986280323, -26.813184921981872, -27.41323832962211, 1.0581930808124507, -0.8194889434999182]",[1]
141,J0523.7+3328,"[2.6281168460845947, 3.65900533651021, -25.680478297208808, -27.139892977851254, 0.13952544464540703, -0.876919293395001]",[1]
142,J0524.4+2839,"[2.124197244644165, 3.974836965451645, -29.794749427935482, -27.210377599360804, -1.1001336916822937, -0.7440906399024885]",[1]
143,J0524.5-6937,"[1.6333856582641602, 3.5951323735511727, -33.304124572960006, -27.602636699012663, 0.3574575565476332, 0.1427791747785828]",[1]
144,J0525.2-6614,"[2.1080262660980225, 3.953175536135609, -30.17723971200984, -27.64403838373495, -2.0987745017028825, -0.0024161399145688324]",[1]
145,J0526.4+2247,"[2.4045255184173584, 4.038154545121915, -29.562036910230887, -26.77797800405255, 0.45906830937626214, -0.8220279970995132]",[1]
146,J0527.3+6647,"[1.8516427278518677, 3.6098025744848266, -32.594040843835025, -28.03070433692428, 0.3288536419414668, -0.30394486301666684]",[1]
147,J0529.2+3822,"[2.5335118770599365, 4.095536199149372, -25.516127291741938, -27.106125912324813, 0.9842712426471719, -0.8565630465421391]",[1]
148,J0533.2+5944,"[2.6370816230773926, 3.963212023444046, -26.091569329554787, -27.574283675941476, 1.279217056910748, -0.8558118511724049]",[1]
149,J0533.8-3754,"[2.343245506286621, 4.050848548665865, -28.373013315946157, -27.77835455136051, -1.5418523725650506, -0.7697937773855119]",[1]
150,J0535.3-6559,"[2.1995813846588135, 3.818423953887091, -29.455513877850972, -27.62653803332963, 0.12287148336585557, -0.8157201156356593]",[1]
151,J0535.7-0617c,"[2.396421194076538, 3.7180401523506186, -27.135807575101424, -26.911738242953763, 0.06088006170870597, -0.8283735299088507]",[1]
152,J0536.4-3347,"[2.292635202407837, 5.3022645679198055, -26.263380650895932, -27.536642822133715, 0.9946460966565619, -0.7773682916057789]",[1]
153,J0537.0-7113,"[2.4457333087921143, 3.7730061009950386, -28.51615250502669, -27.57196538246875, 0.36748886462525904, -0.7645691716380256]",[1]
154,J0537.0+0957,"[2.381990671157837, 5.205952719278228, -24.629213429026684, -27.195926668044613, 1.4826347586083983, -0.912775547776428]",[1]
155,J0537.4+3604c,"[2.2712385654449463, 3.347812249900177, -29.78008587001689, -26.877620795937343, 0.5039945168427824, -0.8305730655781044]",[1]
156,J0538.8-0341,"[2.5643904209136963, 3.4522238468850412, -26.808111863909804, -27.19705170390865, 1.1372781059378938, -0.8919603532553916]",[1]
157,J0538.9+1646,"[1.8907150030136108, 3.8141281436047634, -31.398723149221325, -27.453642748203638, 0.7709893595853136, -0.17326751016434888]",[1]
158,J0539.2-0536,"[2.517622232437134, 3.4174905822653128, -25.169008868852206, -27.201040797487806, 1.6292124713922713, -0.8559364767062547]",[1]
159,J0539.9-7553,"[2.325270175933838, 3.7906667752717937, -28.334907865667528, -27.758650036734167, 0.07144959984307407, -0.8304598011718232]",[1]
160,J0540.0+1208,"[2.1070892810821533, 3.879204399028477, -30.85883383838882, -27.414047022723985, -1.4980204989474402, -0.6873360877551097]",[1]
161,J0540.8+3503c,"[2.5208144187927246, 3.7342698549789395, -27.597913193818925, -26.834253400569153, 0.36651563400446213, -0.7974519865584032]",[1]
162,J0541.1+3553,"[2.537951707839966, 3.560129832189234, -26.711851252839626, -26.78578043282824, 1.8016803616417074, -0.8443846927038091]",[1]
163,J0544.7+2239,"[2.4989449977874756, 3.622995219967938, -28.296457312288364, -26.783846742300167, 0.21209102788171813, -0.8439462673652102]",[1]
164,J0545.6+6019,"[1.793613314628601, 3.5822123992023247, -28.53391259746049, -27.68039395769761, 1.5003157147297947, -0.4577709102187142]",[1]
165,J0546.4+0031c,"[2.5685198307037354, 3.9760369396456063, -25.845568860093117, -27.129659273278516, 0.8447774634955515, -0.8379934566474617]",[1]
166,J0550.3-4521,"[2.657763719558716, 3.873444633536959, -27.38736075394147, -27.641639813673713, -4.27088985835141, -0.8623191555726362]",[1]
167,J0556.2+3933,"[3.093010187149048, 3.9641246506854206, -23.406599886148708, -27.371245407900265, 0.0007584794097450288, -0.9170336360818885]",[1]
168,J0557.7-0720,"[2.1480634212493896, 3.498306017995427, -30.8913687641135, -27.43493896958729, -1.0557090454640925, -0.7454422430886589]",[1]
169,J0559.8+3042,"[1.7110546827316284, 3.663447296486757, -32.61802270384116, -27.441078851289074, 0.7005455302186319, -0.18555923192203527]",[1]
170,J0600.4-1934,"[2.555969715118408, 3.764492186165759, -27.0620360084312, -27.676537771139337, 0.6203065076157634, -0.9256817867228169]",[1]
171,J0601.5+2309,"[2.4846689701080322, 3.8241905350415313, -27.36000836767398, -26.92899923443541, 0.43426675203882037, -0.8699836016898083]",[1]
172,J0603.3+2042,"[1.4998880624771118, 3.2159785654562865, -34.94793388053727, -27.106175239725825, 0.04860231810019447, -0.057130281010341566]",[1]
173,J0605.0-0000,"[2.0085489749908447, 3.9488381551314955, -30.258593242506358, -27.34574931234206, 0.22786252864764903, -0.6781852265131157]",[1]
174,J0605.9+2039c,"[2.358883857727051, 3.9233472693282754, -27.595475809401783, -26.64068118757692, 1.294494626922155, -0.7409271359825318]",[1]
175,J0608.2-2306,"[2.2004168033599854, 3.7472852321259884, -29.714983253576293, -27.882325062476323, 0.5008514922565118, -0.807034822360411]",[1]
176,J0608.6+5328,"[2.492543935775757, 3.610110933302173, -28.04111622754168, -27.61105751644348, -0.8669364298201231, -0.7329356652916632]",[1]
177,J0609.2+2051c,"[2.272536039352417, 3.5050940043909367, -29.66377740257003, -26.595666318625067, -0.6073137981430536, -0.7873684525379867]",[1]
178,J0609.6-2851,"[2.639155149459839, 3.879519627883569, -27.095275501981146, -27.899114605242843, -2.128182700111134, -0.8927946238069877]",[1]
179,J0609.7-1841,"[2.2983522415161133, 4.12388532781974, -28.084353202900957, -27.60840506326515, 0.7211960658690599, -0.8083049836050868]",[1]
180,J0611.5+1957,"[2.3820290565490723, 3.837672753044277, -27.66456352122793, -26.743238733104796, 1.2760669315092004, -0.8081593650708212]",[1]
181,J0619.4+2242,"[2.0148985385894775, 3.9451949386817624, -30.899002950506365, -26.391969677294394, -0.07975617456304285, -0.7787180493344759]",[1]
182,J0623.1-4143,"[2.2900795936584473, 3.4577963620437173, -29.53781522903583, -27.8856537962801, -0.6139750061447152, -0.723373324587375]",[1]
183,J0626.8+1743,"[2.6996076107025146, 3.8935687027424524, -26.798231247483063, -26.494994063203226, 1.2684090014052418, -0.8043621617409314]",[1]
184,J0628.4+2429,"[2.207289934158325, 3.7382155159198733, -29.97070948370706, -27.361063615744424, -0.42656880967261984, -0.743390844906535]",[1]
185,J0630.2-0929c,"[2.510225534439087, 3.7617323460871153, -26.80851055921187, -27.20770360051912, 1.1403158524997394, -0.8358115744335324]",[1]
186,J0634.1+0424,"[2.7587954998016357, 3.7581778616023014, -25.414924103824564, -26.564735149435286, 2.351031330316761, -0.8607695080977752]",[1]
187,J0636.7+7115,"[2.6067097187042236, 4.21262728312786, -27.243191413950278, -27.820058106654052, -1.5291776852211423, -0.8647807764003999]",[1]
188,J0637.5+0418,"[3.0386080741882324, 4.267822596875228, -25.778355711610732, -26.735965762305167, 1.6695297708614565, -0.8382170629915271]",[1]
189,J0638.4+5704,"[2.9271509647369385, 4.1225699737441515, -25.520931289682494, -27.929492914909336, 0.35770408443043905, -0.849502216697333]",[1]
190,J0639.9+3250,"[2.6458585262298584, 3.9014289081366873, -26.65766037673512, -27.615370820298043, -2.5582055457659263, -0.8556364950622777]",[1]
191,J0641.1+1004,"[2.402113437652588, 3.815570113650942, -24.922634467984444, -26.74483596672871, 1.5298309866401598, -0.7937445358372155]",[1]
192,J0644.6+6035,"[2.276465654373169, 4.099094514131664, -28.126592800084893, -27.873067132951245, 0.05741648189487748, -0.7729448310655241]",[1]
193,J0647.6+0032,"[2.457404375076294, 3.8976970924079515, -25.8942324727064, -26.94188136336237, 0.8962084138263177, -0.8333241678203086]",[1]
194,J0647.8+1751,"[2.702812433242798, 3.7167934550537356, -26.852528787374574, -27.202762569421278, 1.2423765635500077, -0.838114363715133]",[1]
195,J0650.9+6524,"[2.5400683879852295, 3.8531116882448604, -27.333142758571125, -28.045740898698845, -2.6072739731973242, -0.8727811871527716]",[1]
196,J0657.6-4701,"[2.0111169815063477, 3.6414344008073036, -31.194445211143776, -27.70952234116149, 0.6496113358333305, -0.1725304406166486]",[1]
197,J0658.8+2318,"[2.2943332195281982, 3.757043760796858, -29.66788176542662, -27.743740781857397, -2.0566767663466385, -0.7783585798496688]",[1]
198,J0659.2-0439c,"[2.400320291519165, 3.7262653763120204, -27.889415634654032, -26.851079281731792, 0.34929751964125405, -0.8427295501565568]",[1]
199,J0700.6+3557,"[2.4031946659088135, 3.5770698932834972, -28.363504925904657, -27.851873478585784, 0.6834920333058021, -0.8733520335962053]",[1]
200,J0704.1-1043,"[2.743385076522827, 3.713511401873571, -26.667560425085654, -26.7599955778001, 1.4395907541758008, -0.8740470253454609]",[1]
201,J0704.3-4828,"[1.9742727279663086, 3.3400936422936045, -31.919383819050974, -27.756255830010907, -0.263688584643679, 0.03908165745626394]",[1]
202,J0705.7-0006,"[2.273289918899536, 3.9823528632029537, -29.164531580130483, -27.35430291554291, 0.8220998728300255, -0.47630473558142955]",[1]
203,J0707.5-3111,"[2.7119014263153076, 3.7939790581280266, -25.94203453096566, -27.577814040796504, -4.632542334927527, -0.8441022186857252]",[1]
204,J0707.7-1035c,"[2.494269847869873, 3.8565835059717983, -28.400194931495825, -26.558710025086032, 0.9227281542408494, -0.6189897058434211]",[1]
205,J0708.7+1747,"[1.8367233276367188, 3.979969604258144, -32.13476808310576, -27.717069912834972, -2.136687522082955, -0.668842596766423]",[1]
206,J0711.1-1037,"[2.638019323348999, 3.6559172906710935, -26.39673924907656, -26.79584470242353, 1.5369647562413116, -0.8982904792579282]",[1]
207,J0712.2-3806,"[2.401038646697998, 4.078120728476178, -28.105920916561683, -27.460287118406303, 0.8229173996867455, -0.8774759415517905]",[1]
208,J0714.7-3924,"[2.3835997581481934, 3.686339074930036, -28.624310569670037, -27.398189726420558, 0.6850500381700088, -0.7266053086871526]",[1]
209,J0716.0-4525,"[2.258249521255493, 3.6441377758782623, -30.142196341076936, -27.756129389297765, -2.7436327729211616, -0.8253756618077055]",[1]
210,J0718.9-5004,"[2.3917365074157715, 3.555509791574461, -28.249906321526712, -27.629641449056095, 0.18989649926778396, -0.8430623652898573]",[1]
211,J0721.5-0221,"[2.002668619155884, 3.70108870508562, -31.31957632818804, -27.614640154941835, -2.0920608136134473, -0.2890796659166255]",[1]
212,J0722.2-2648,"[2.451223611831665, 3.6918286303732426, -27.468859905592094, -27.322776326246085, -1.0593332128082975, -0.8648498885516922]",[1]
213,J0725.4-5007,"[1.941528558731079, 3.4339360739291673, -32.53805374496458, -27.847576797280635, 0.9081018530560482, -0.47818173673136377]",[1]
214,J0725.7-0550,"[1.8505795001983643, 3.861470692356894, -31.727740103024274, -27.567828911469128, 0.7464339666824072, 0.11417444450911281]",[1]
215,J0725.8-3532,"[2.35854434967041, 3.572375169179414, -29.095952515165685, -27.444007176015592, 0.25735453832008665, -0.7730546223938688]",[1]
216,J0725.8+0212,"[2.184701681137085, 3.9949911408372736, -28.682715927052612, -27.4838926650192, 0.15809322116485222, -0.7818414849184212]",[1]
217,J0731.7-1914c,"[2.521024703979492, 3.847984440671761, -26.124580403345664, -26.924578351264845, 0.9213293434758302, -0.8220038622461152]",[1]
218,J0731.8-3010,"[1.6692367792129517, 3.4720674066161235, -33.475962238809814, -27.56194145820552, -0.3528872009494566, 0.08130441336519183]",[1]
219,J0733.3+5904,"[2.7803707122802734, 4.3099087013189825, -26.01410681173106, -27.975093418844637, 0.09890083348544246, -0.8482862226288944]",[1]
220,J0737.2-3233,"[2.2528483867645264, 3.9383371678538652, -25.765077183260537, -27.212863841139374, 1.798460371879, -0.8555252677824259]",[1]
221,J0737.8-8245,"[1.9193196296691895, 3.7326305347968303, -31.223229151707017, -27.654834820064032, -1.763022158412651, -0.6168965231501989]",[1]
222,J0739.8+1312,"[2.734588861465454, 3.5892283632590254, -26.295411076809565, -27.707269812118508, 1.2705446586013849, -0.8870038304223262]",[1]
223,J0740.6-5230,"[2.2304062843322754, 3.620033267413987, -29.14536828711547, -27.56099584045607, -1.596610380693904, -0.7969615735113778]",[1]
224,J0742.7-3110,"[2.342766761779785, 3.751799413259773, -28.447951992720565, -27.120489358121475, -2.1486594204682112, -0.8704730802171042]",[1]
225,J0744.1-2523,"[2.088628053665161, 4.11645834256464, -25.152554361483674, -27.054632305700405, 1.8150667597609358, -0.8508659935223293]",[1]
226,J0744.3+1715,"[2.2611725330352783, 3.4506645767359583, -29.18118735097845, -27.73563770394709, 0.9019951184560802, -0.8088099258333689]",[1]
227,J0746.4-0225,"[2.0025746822357178, 4.091157331513528, -29.69272527889931, -27.568618330224357, -0.1809777316616963, -0.7115171924372791]",[1]
228,J0747.4-0734,"[2.1131224632263184, 3.5502653245817837, -30.43716670686799, -27.46810966702372, 0.40607432038885694, -0.7097216967793696]",[1]
229,J0747.5-4927,"[2.273484230041504, 3.6801520775779237, -29.574803429524856, -27.418586426900646, -0.25375098379946504, -0.7657271351007948]",[1]
230,J0748.7-5116,"[2.620751142501831, 3.7405391450312737, -27.22797721738553, -27.390074362369194, -0.544183819160718, -0.721611387403431]",[1]
231,J0748.8-2208,"[2.365657329559326, 3.680431701709894, -27.9721215043592, -27.187786076182576, -0.4510693346662203, -0.8380935707002342]",[1]
232,J0749.0+4459,"[2.3717525005340576, 4.323988445247852, -27.785079583573495, -27.886472316541987, -0.687881764627693, -0.8403809719671221]",[1]
233,J0749.5+1320,"[2.2493107318878174, 3.841011512681735, -29.26878364552202, -27.623951044447676, 0.8047628990341139, -0.784380587821932]",[1]
234,J0751.7-2944,"[2.450683355331421, 3.9561924670951973, -27.63775047759359, -27.100974770000615, -0.22946870090449584, -0.7014816505325243]",[1]
235,J0752.6-1629,"[2.1992740631103516, 3.739561098888916, -29.482292997816707, -27.492756005994227, 0.4536061392459225, -0.7911632847814472]",[1]
236,J0755.2-2633,"[2.6043951511383057, 4.039934895583877, -25.673474082027273, -27.181768623863285, 0.5675956140767169, -0.8841374888619338]",[1]
237,J0757.5-0536,"[2.6949706077575684, 3.5489925678297918, -26.139529515638646, -27.585855302246088, 1.045680059309769, -0.9248545188364506]",[1]
238,J0758.6-1451,"[1.9843422174453735, 3.653969952811001, -27.178284945894415, -27.574564298437572, 1.4436523114018271, -0.7475134218048474]",[1]
239,J0800.6-4806,"[2.6858489513397217, 3.925221952806255, -26.42331380260477, -27.367349378790305, -0.7018640349064487, -0.9212357969735379]",[1]
240,J0802.3-5610,"[2.470546007156372, 3.792388395520617, -26.12780302129686, -27.466737453041688, 1.2892070642566724, -0.8952136072701607]",[1]
241,J0802.3-0941,"[2.282055616378784, 3.5802761739974915, -28.438289643485856, -27.557115038850284, -1.0448547018545984, -0.7728917442196197]",[1]
242,J0810.5-5214,"[2.5500571727752686, 3.9202501019739837, -26.517901408588635, -27.270050374583562, 0.40194072071867154, -0.8520521259900846]",[1]
243,J0813.5-0356,"[1.667009711265564, 3.469690233276106, -32.5896980841034, -27.70961417117002, 0.68813560199492, -0.14249682160614535]",[1]
244,J0816.1-5044,"[2.493579149246216, 3.7799198613441383, -26.754289939690626, -27.140599482632393, 1.2889041599300475, -0.8796951687497115]",[1]
245,J0818.0+3237,"[2.180354595184326, 4.032933807821326, -29.28513506019008, -27.902402295697755, -0.05007128029721662, -0.5496494636160962]",[1]
246,J0823.3-4205c,"[2.0618700981140137, 3.9135661561993196, -31.6729974422427, -26.730553468958977, -1.0655653260162279, -0.7920626158702628]",[1]
247,J0823.6-4838,"[2.612471342086792, 4.498429578223003, -26.19740336660205, -26.952036949403336, 1.3285160421805875, -0.8975442564448102]",[1]
248,J0826.3-5056,"[2.2284369468688965, 3.9226172462254953, -28.64380953120928, -27.165068144881296, 1.0403683410683922, -0.781586941648524]",[1]
249,J0826.3-6400,"[2.342020034790039, 3.565351656399849, -28.46533984218809, -27.677385063928533, -1.447216420816403, -0.818382437636927]",[1]
250,J0829.8-5239,"[2.561513900756836, 3.6877594041795314, -26.88604433100283, -27.22753091950446, 0.37269108436487586, -0.8721503475792318]",[1]
251,J0830.5-4452,"[1.9515341520309448, 3.886005395848963, -32.4704496412091, -26.189601995492954, -0.6238671036163282, 0.37731503901257957]",[1]
252,J0830.8+2629,"[2.556795120239258, 4.028596135181331, -27.60094047472842, -27.789558149219694, -0.2899325722372776, -0.8786308281839326]",[1]
253,J0832.8-4321,"[2.2607696056365967, 3.8427859635090207, -29.45982350963969, -26.439446818096673, 0.7380763297474681, -0.770239982851849]",[1]
254,J0834.5-4825,"[2.4370241165161133, 3.969432157551761, -29.11714194538207, -26.769514943406776, -0.14794817402329913, -0.8684069350847278]",[1]
255,J0834.6+6101,"[2.4156408309936523, 3.4743178043492886, -28.566169704524487, -28.052462499943125, 0.2901854904112807, -0.8268034677023838]",[1]
256,J0838.8-2829,"[2.225034475326538, 3.759709410218777, -27.537451830286226, -27.4460114126322, 1.143984614174512, -0.819130866342854]",[1]
257,J0838.9-4056c,"[2.6630795001983643, 3.9810804907129977, -25.92353225735302, -26.42705167663081, 0.15906614617704193, -0.8992514381294138]",[1]
258,J0839.6-4133,"[2.668410062789917, 3.8576562092604942, -24.61875976481437, -26.603646179424576, 1.8333731577222057, -0.872599415782083]",[1]
259,J0843.4+6713,"[1.9921931028366089, 4.024863699154188, -29.61163621651705, -27.80692857289761, 0.7436713687504989, -0.7689105257623643]",[1]
260,J0844.3-4741,"[2.461545944213867, 3.910479532782351, -28.422349798341365, -26.612652937716806, 0.8779475403854079, -0.12705271668780416]",[1]
261,J0846.8-2638,"[2.472825288772583, 3.6016605360578993, -27.717340424079826, -27.611286144880594, 0.02350921693942716, -0.7031896295947136]",[1]
262,J0847.2-6936,"[2.525861978530884, 3.9380027799331905, -27.638658818646245, -27.726254215924936, -1.3589194997177032, -0.7961242858821469]",[1]
263,J0847.4-4327,"[2.752105712890625, 3.8666965317958293, -25.266946616427088, -26.39986036231047, 1.8849112081406298, -0.7430267081436561]",[1]
264,J0848.2-4524,"[2.528322219848633, 4.041689900084795, -27.09605231774604, -26.255039558592774, 0.44308274012942767, -0.865735852877409]",[1]
265,J0848.5+7018,"[2.0133776664733887, 3.9989924452998205, -31.49249778720099, -28.009420053794504, -2.3840516300984076, -0.6097254360721305]",[1]
266,J0851.4-4244,"[2.7557621002197266, 3.7425050266632756, -25.073774804101944, -26.413308161777906, 1.359290148382743, -0.8685275641070642]",[1]
267,J0854.4-4404,"[2.600573778152466, 4.013765878427967, -26.942550831482556, -26.26692623102481, 0.822178669413438, -0.8506798924036773]",[1]
268,J0854.8-4503,"[2.357306480407715, 3.8052347742920953, -27.065184241297654, -26.54040883705754, 1.8679520540629062, -0.633993252390884]",[1]
269,J0855.4-4818,"[2.807915687561035, 3.521575336808051, -25.435193729669503, -26.462525758717074, 1.9704676032376451, -0.8738401236956435]",[1]
270,J0855.4+7142,"[2.5718791484832764, 4.34361952478186, -27.348889246378235, -27.745079939272554, 0.20443468027803158, -0.8832873717947478]",[1]
271,J0856.4+6429,"[2.5515213012695312, 3.8367611789883664, -28.112540497007604, -27.995105375060373, -0.03807881585146452, -0.8208368610689224]",[1]
272,J0857.6-4258,"[2.7347428798675537, 4.104983164954114, -26.509889482683192, -26.49535562553805, 1.5084972202227018, -0.8017079538691911]",[1]
273,J0858.0-4834,"[2.4482197761535645, 3.735553857702222, -28.939810655600184, -26.33095907539024, 1.026080292385399, -0.8751277499168124]",[1]
274,J0858.6-4357,"[2.54891037940979, 4.039888975283652, -25.364155200831753, -26.436317595045296, 2.101272739771982, -0.8213531180621685]",[1]
275,J0859.3-4732,"[2.42120623588562, 3.6495596988857404, -28.6439520798311, -26.291709371092114, 0.8731871927527401, -0.7938810142779722]",[1]
276,J0900.0+6754,"[2.2386300563812256, 3.832597280894139, -29.42522223639975, -28.061354076600114, 0.2601993378123141, -0.81220067627461]",[1]
277,J0901.0-6725,"[2.5238523483276367, 3.6570135023591597, -27.998194307740242, -27.72964381896836, -1.0744137548897752, -0.8551544529686833]",[1]
278,J0901.6-4700,"[2.5923519134521484, 4.009122756755263, -26.757303129886555, -26.309960364948733, 1.6844319390146927, -0.8798156579224828]",[1]
279,J0903.0-4826,"[2.466892719268799, 3.6502464664705716, -27.953198345174386, -26.348522886718428, 1.3223480235140992, -0.6498770991428985]",[1]
280,J0903.2-4744,"[2.2821731567382812, 4.193082550299783, -29.269106033875886, -26.361382229944308, 1.2252148921072747, -0.753090148413997]",[1]
281,J0905.6-4917,"[2.5635063648223877, 4.086046385123526, -25.117883467935382, -26.718835525586282, 2.1967964978828425, -0.5508154425956344]",[1]
282,J0905.8-2127,"[2.659956932067871, 3.8090375797430926, -26.03608184822823, -27.49103517818566, 1.2007612088831583, -0.9082113821783528]",[1]
283,J0906.0-4705,"[2.79042911529541, 4.043188453676678, -25.744999674772835, -26.49041116007924, 1.570952608427677, -0.7203278393618924]",[1]
284,J0907.0-4802,"[2.6750664710998535, 3.7075781833516888, -27.03461588938129, -26.606017394492415, 1.6794660652964963, -0.3433708936697829]",[1]
285,J0914.5-4736,"[2.414038896560669, 4.275625542980605, -24.479935376205706, -26.61842390894828, 2.0161777788798334, -0.8170506687471681]",[1]
286,J0915.8-5110,"[2.3481907844543457, 3.869923065828424, -23.47689695518855, -26.80881964314729, 1.6614504762835838, -0.825109667408156]",[1]
287,J0918.2-4859,"[2.440824031829834, 3.7191417094121726, -27.917592718789415, -26.644571519888043, 0.6584166698423002, -0.8358809357723966]",[1]
288,J0919.4+6604,"[2.1582159996032715, 3.8556694021340525, -30.393822983715285, -28.04972945985252, -0.21703176476180755, -0.7404169632820129]",[1]
289,J0919.5-2200,"[2.1976702213287354, 3.6249467268225164, -30.372791649308496, -27.743496641956988, -0.3160320382427069, -0.5003348774286732]",[1]
290,J0921.6+2339,"[1.9771367311477661, 4.068887654832867, -29.94719523783238, -27.68911861302933, -0.6231016889352564, -0.6905957959139363]",[1]
291,J0923.8-5154,"[2.630905866622925, 3.6598353823901277, -25.699018105426735, -26.78950978343366, 0.5821190276923602, -0.8763203042230003]",[1]
292,J0928.3-5255,"[1.6503435373306274, 3.841934770630224, -33.56265305914981, -27.237614422730825, 0.49043634380525897, -0.4196985192359863]",[1]
293,J0930.7+5133,"[2.0683469772338867, 3.4916155770241297, -31.131212485911544, -28.13137232806425, -0.7366424346125606, -0.7451422870658961]",[1]
294,J0931.8+6739,"[2.1661109924316406, 3.784354085866046, -29.80976494954433, -28.063394958094136, 0.07907822469456231, -0.669359571563137]",[1]
295,J0933.9-6232,"[1.480199933052063, 4.0809441720676745, -27.480399853572365, -27.574717090998604, 2.1768005844453397, -0.6265419624108708]",[1]
296,J0935.1-1736,"[1.7486419677734375, 3.5099536145983894, -31.912352019647095, -27.551961015218893, 0.3866197546797399, 0.027433408104934488]",[1]
297,J0935.2+0903,"[2.4023611545562744, 4.210503422631812, -27.51441699346065, -27.784481329114556, 1.332622763571416, -0.8357087455368672]",[1]
298,J0936.3-2114,"[1.8428966999053955, 3.8475298120392987, -31.648836678213446, -27.72641981249052, -1.012956293191614, -0.5363306564258881]",[1]
299,J0937.1-4544c,"[2.4900124073028564, 3.9372039288915897, -27.68788000718775, -27.25586629305358, -0.22730042400821587, -0.787551715062399]",[1]
300,J0937.8-6407,"[2.545048713684082, 3.8035821719812755, -27.294027347704798, -27.52115816506904, 0.19190948318710394, -0.8136976586756699]",[1]
301,J0937.9-1435,"[1.8897830247879028, 3.926855692520354, -31.234978254477873, -27.725169958978924, 0.6019431925976884, -0.016270406640062574]",[1]
302,J0940.6-7609,"[2.3902747631073, 3.875905528892137, -27.17952296093231, -27.454343681230743, 0.11391019792412575, -0.8781043052187139]",[1]
303,J0941.0+6151,"[2.296452760696411, 3.9680081187119813, -28.710600296419756, -28.04177014488685, 0.40978916251641684, -0.8092690244626064]",[1]
304,J0946.2+5209,"[2.7351112365722656, 3.976885389597991, -26.399844092460896, -28.062517078041967, 0.646773004017464, -0.9397286376282545]",[1]
305,J0948.1-3641,"[2.722136974334717, 3.9256681934620277, -25.05963763321742, -27.51782793421975, 0.8933897905454706, -0.9163113937107811]",[1]
306,J0948.8-4243,"[2.4929299354553223, 3.688101430126722, -27.22205554663895, -27.459683491031647, -0.4203802101509679, -0.8423201666905099]",[1]
307,J0950.4+7550,"[2.1966805458068848, 3.7436550947611233, -30.1883750354955, -28.238858290592237, -0.8810774745603517, -0.7924144271166851]",[1]
308,J0952.8+0711,"[1.6993800401687622, 3.676919427141742, -32.39480852449106, -27.707330308352635, 0.3224774134596689, 0.13964261444294768]",[1]
309,J0953.7-1510,"[1.810007095336914, 3.6942313372156472, -27.76481095778751, -27.97639767739022, 1.7700756246610554, -0.46084143533046423]",[1]
310,J0954.8-3948,"[2.2835311889648438, 3.938398696725973, -24.115409643370647, -27.426553266070623, 1.3622629045462475, -0.8902980790757848]",[1]
311,J1002.0-2837,"[2.576190710067749, 3.534677560664492, -27.179552781598282, -27.71034242483252, 0.7430610951043863, -0.7955964046435964]",[1]
312,J1002.5-5709,"[2.379826545715332, 3.451314059170546, -25.873143193434053, -26.30912862198176, 1.431370295283642, -0.750111184985336]",[1]
313,J1003.7-5215,"[2.31017804145813, 4.022261238833977, -28.759949231118657, -27.216269130727174, 0.9183015338682966, -0.7175353054581064]",[1]
314,J1008.6-5706,"[2.509049415588379, 3.702983641426671, -26.889528665505598, -26.159298286152726, 0.4279073258204336, -0.8614407123958122]",[1]
315,J1010.8-7645c,"[2.306610584259033, 3.619703017533833, -29.503479128893108, -27.433741885960433, -2.402211516615759, -0.7733354768410857]",[1]
316,J1013.4-4008,"[2.251354455947876, 3.7749733809940915, -29.598907215228543, -27.66546704437323, -0.503352432808539, -0.7712815610319843]",[1]
317,J1013.6-5734,"[2.6835427284240723, 3.777842249529663, -25.4957765160248, -26.52887408154183, 1.7507436149906712, -0.12277855098878705]",[1]
318,J1016.5-6034,"[2.9677140712738037, 3.9028411955627904, -24.864958861856095, -26.927814627441368, 1.7627202082100895, -0.8984668321273116]",[1]
319,J1016.6-4244,"[1.7821834087371826, 3.9338314967587524, -31.811649720558254, -27.567712582677423, 0.538453126333178, 0.04093573176354102]",[1]
320,J1016.9-2653,"[2.605057954788208, 3.784264017748395, -26.89286202744938, -27.7551772968501, 0.655381744951536, -0.902994097096536]",[1]
321,J1018.2-6254,"[2.567744731903076, 3.5205076160803532, -27.23155806134716, -27.25444188758122, 0.9583312220082647, -0.8688894520297292]",[1]
322,J1021.9-5815c,"[2.3012726306915283, 3.680149768694099, -30.001258997908504, -25.97239271211155, 1.1261409799246143, -0.8806657465967067]",[1]
323,J1024.3-5757,"[1.8954859972000122, 3.493529053407506, -32.434960061736106, -26.183047853509407, -0.26946846875816194, -0.6869860791486352]",[1]
324,J1024.4-4545,"[1.9641941785812378, 3.6577297053625037, -31.925474486220054, -27.679232661038323, -0.391215746245815, -0.6901465249067777]",[1]
325,J1025.1-6507,"[2.418780565261841, 3.968479514529759, -27.433528999550106, -27.311600708424635, 1.0121243418647023, -0.7197590752723809]",[1]
326,J1025.7-5659c,"[2.3450043201446533, 3.791852879926991, -29.84240340142031, -26.310490542664446, 0.751637784389249, -0.8829810515898011]",[1]
327,J1025.9-5930,"[2.217162609100342, 3.7969040833492285, -30.114639131609252, -26.46245768557846, -1.584990226422143, -0.801248608078091]",[1]
328,J1026.2-5730,"[2.84201979637146, 3.920365490301421, -26.840829673112793, -25.992197425199265, 1.9840182854714765, -0.8571745815992152]",[1]
329,J1027.8+8253,"[2.073071241378784, 3.7327617939557225, -30.29448513113548, -28.10767982055924, 0.30831672537060223, -0.7534371006650256]",[1]
330,J1028.3-7419,"[2.6900532245635986, 3.5387092190481866, -26.249499076819575, -27.56385383098163, -0.20786401699195858, -0.8911560260669381]",[1]
331,J1030.0-5809,"[1.7922911643981934, 3.9146690377277564, -32.76364339281726, -26.282221966209608, -0.6774520426424734, -0.571149552713303]",[1]
332,J1031.4-5855,"[2.085076093673706, 3.7096845076029794, -31.02251759195318, -26.552218562270316, 0.5679900576569411, -0.16965813162436946]",[1]
333,J1033.0-5945,"[2.379606246948242, 3.6457148779553177, -27.500378306702416, -26.42041059547857, 0.5349944156848132, -0.8140741082392665]",[1]
334,J1033.4-5035,"[2.0194091796875, 3.840819746055478, -29.645836879551254, -27.371245407900265, -0.36436827381160314, -0.7071992834907993]",[1]
335,J1034.0-5731c,"[2.283524513244629, 4.050115636949247, -28.350878826484543, -26.426693692584465, 1.0760769489404376, -0.12482069646027845]",[1]
336,J1035.7-6720,"[1.9564838409423828, 3.8504100509046393, -25.47308965222786, -27.24795947620838, 2.127202866090172, -0.7754479012406336]",[1]
337,J1036.4-4348,"[2.276811361312866, 3.6929545821770087, -28.905191822290995, -27.696680350863474, 0.1989946069990855, -0.8073712427129124]",[1]
338,J1037.2-6052,"[2.759517192840576, 3.7201578535952766, -27.0914620765187, -26.960533450647958, 1.5329639238417188, -0.8786915580034996]",[1]
339,J1037.9-5843,"[2.5920827388763428, 3.6603879712978786, -27.936040107662723, -26.387684506336548, 1.588120264018819, -0.8687090795669794]",[1]
340,J1038.0-2425,"[2.396660327911377, 4.078931680866432, -28.519301410471343, -27.780504709482774, -1.2783363969212247, -0.8216875526882456]",[1]
341,J1039.1-5809,"[2.6934597492218018, 3.623387923668677, -27.85308743273186, -26.470872101459953, 1.601186821601949, -0.3231174182749095]",[1]
342,J1039.5+7324,"[2.0938541889190674, 4.133422421876941, -30.86485790625829, -27.91364238737317, -1.4938137943303391, -0.763034497345158]",[1]
343,J1040.5-5926c,"[2.16679310798645, 3.5611705076868043, -30.295507833712296, -26.295106020693126, 0.8808218219946179, -0.12431220113177392]",[1]
344,J1043.6-5930,"[2.065910577774048, 3.5747006455916788, -31.231941423432943, -26.014796631449364, 0.9898566044403078, 0.15170850090007615]",[1]
345,J1043.8-5851,"[1.926296591758728, 3.620584190423104, -32.3625798192374, -26.71161283713291, -0.6085010983101599, -0.29345995209667364]",[1]
346,J1045.3-6414,"[2.4894845485687256, 3.8483599147915344, -27.462952236704954, -27.035075633401508, 1.288293013779374, -0.49267151720493657]",[1]
347,J1045.5-2335,"[2.3675408363342285, 3.7451651295421224, -29.043992489690485, -27.775965646542733, -0.2704780156588862, -0.8366525620731275]",[1]
348,J1047.3-6005,"[2.6357080936431885, 3.892595626626134, -27.9511442616777, -26.233163740584835, 1.531072756412245, -0.748172893321346]",[1]
349,J1047.8-3737,"[1.8951390981674194, 3.839878155419127, -31.199470688068185, -27.679014122421446, -0.3572142729671282, -0.5308987986986048]",[1]
350,J1048.2-5928,"[2.811328887939453, 4.186301440146049, -27.24641431133908, -26.21592235734942, 2.262949956821203, -0.17668112259997332]",[1]
351,J1048.8-5006,"[2.298590898513794, 3.6565972449971893, -29.181276635358458, -27.439660024653897, -0.35118505816393814, -0.8187822401453392]",[1]
352,J1049.7+1548,"[2.152986526489258, 4.067155738109613, -29.58669307674323, -27.823114628205325, 0.09989573171942255, -0.7494186574982552]",[1]
353,J1050.4+0435,"[2.470104455947876, 5.916933147825401, -25.867928075062164, -27.55254512677044, 1.0092038850817944, -0.8710620569235102]",[1]
354,J1050.6-6112,"[2.352140188217163, 3.3599828863878316, -29.01824887249169, -26.577486604369096, 1.0856083590297279, -0.18158526904576808]",[1]
355,J1051.0+5332,"[2.86673641204834, 3.950008387792076, -26.606559271676993, -28.004347871384457, -0.23550564054819811, -0.8812186844947885]",[1]
356,J1052.0+0816,"[2.2235260009765625, 3.600273407266074, -29.78219222283991, -27.887231060326428, -0.04350975942637409, -0.738468167446308]",[1]
357,J1054.2-3123,"[2.7191660404205322, 4.102035666240912, -25.99604782163245, -27.701445411079966, 0.8719564724148745, -0.9133648042834286]",[1]
358,J1054.7-6006,"[2.176612138748169, 3.721864238182922, -30.021498048946235, -26.21729041843296, 0.7108521952612787, -0.12025358045302939]",[1]
359,J1056.7-5853,"[2.5418245792388916, 3.57543757270323, -25.68879175708692, -26.6895527945842, 2.220550864093588, -0.8483181311182278]",[1]
360,J1057.6-4051,"[1.756625771522522, 3.6342369753110226, -32.69516837176127, -27.76927092283906, 0.634927282942241, -0.5991725360158011]",[1]
361,J1057.7-6624,"[2.459559440612793, 3.3977936539583067, -27.693153729473362, -27.098581940384214, 0.2030680443825421, -0.799038471664783]",[1]
362,J1058.5-6106c,"[2.157595634460449, 3.784019865480095, -30.979850068766748, -26.28229209518786, 1.2870088440337037, -0.835984017755387]",[1]
363,J1059.3+0224,"[2.351989269256592, 3.958447950820241, -28.735128906380645, -27.299057137239867, 0.4282454589851872, -0.7746391518749508]",[1]
364,J1100.2-2044,"[2.4129748344421387, 3.8742003440858612, -28.323237187594156, -27.83773400455689, -0.9742857732986705, -0.814342035742488]",[1]
365,J1101.3-6032,"[1.9662587642669678, 3.711350563680833, -32.175083846010246, -26.42527401081099, -0.31008281470251364, -0.17113099212526442]",[1]
366,J1103.3+5239,"[2.618117094039917, 4.1770520090283965, -27.208283990884144, -28.070415260872355, -0.122710362642911, -0.8888651879433223]",[1]
367,J1104.3-7736c,"[2.512964963912964, 3.913889167726693, -26.324693105420256, -27.320276371685928, 0.9714835786419276, -0.8580231910937229]",[1]
368,J1104.9-6036,"[2.558131694793701, 3.7633902793221097, -27.105172556298598, -26.0998457805108, 2.1501004763709197, -0.11084345529337876]",[1]
369,J1105.7+4427,"[2.4056918621063232, 3.35061062740269, -28.743247011000737, -28.118096205184475, -0.07647097740671475, -0.8112407724682559]",[1]
370,J1106.6-1744,"[2.032255172729492, 3.6353502570957814, -30.005273195695338, -27.74801961623269, 1.371611069421936, -0.28757427110424444]",[1]
371,J1112.0-6135,"[2.6534743309020996, 4.020319111280923, -25.92207942607483, -26.26254933071577, 2.2086945078866553, -0.840069488887389]",[1]
372,J1112.1+0500,"[2.093238115310669, 3.778524309674209, -30.359554334995355, -27.752694151718384, -3.112803746999108, -0.38609855243904645]",[1]
373,J1112.1+1034,"[2.4849390983581543, 3.7314326153157027, -28.507192320013317, -27.79312669668582, -0.0807816759071814, -0.719833554057662]",[1]
374,J1113.1-4515,"[2.3235700130462646, 3.706934190069358, -29.585389345646025, -27.523732086445275, 0.22696780681965256, -0.8334463581380731]",[1]
375,J1115.0-0701,"[2.1085550785064697, 4.464618182451281, -29.402845468372547, -27.64704958447174, -2.8687856399896843, -0.768692297149246]",[1]
376,J1116.7-4854,"[2.4596140384674072, 4.147869829185825, -27.870040311316675, -27.462486960818108, 0.676228843894364, -0.8555092921924812]",[1]
377,J1117.2-5338,"[2.002666473388672, 4.207270193501997, -29.87679820307908, -27.38001032639201, 0.24704909619735296, -0.7040247471821091]",[1]
378,J1117.7+0217,"[2.15327525138855, 4.014583133014835, -29.54647535354476, -27.791573226797176, 0.37250958124092237, -0.7318561715729444]",[1]
379,J1119.8-2647,"[1.8328776359558105, 3.9903480710554224, -31.930890346370585, -27.764431275117854, -0.17835606493008657, -0.626833556740907]",[1]
380,J1119.9-2204,"[1.8113669157028198, 4.137113634564844, -25.76472812681654, -27.599438084483065, 2.2676848746607123, -0.7649850827899005]",[1]
381,J1120.6+0713,"[2.0271332263946533, 4.248311683769417, -27.761686585196653, -27.89837101657046, 1.6817069411968548, -0.2996627321858357]",[1]
382,J1123.3-2529,"[2.287562370300293, 3.8026634833418376, -28.75939844681111, -27.78392208927945, -0.05405102880621044, -0.45200109169498787]",[1]
383,J1123.6-4558,"[2.1941184997558594, 3.4659963411803756, -29.917302605119087, -27.60333153973513, -0.003582928133069502, -0.0072369474119960055]",[1]
384,J1125.1-5803,"[1.8770670890808105, 3.633244557530555, -32.664227096933736, -27.223331897123497, 0.6705578260625736, -0.3275308979614267]",[1]
385,J1126.8-5001,"[2.4260032176971436, 3.70360246120964, -27.34441976765897, -27.549161639691004, 0.5825095827119594, -0.8617626382430472]",[1]
386,J1128.6-5434,"[2.555413246154785, 3.6629068688841246, -24.25926443825151, -27.390050249459087, 1.4414614421936185, -0.9348337595326063]",[1]
387,J1128.7-6232,"[2.708350896835327, 3.8106762169214377, -26.610262595163167, -26.714569071778456, 1.7468590395266093, -0.17567882642944696]",[1]
388,J1129.0+3758,"[2.2883708477020264, 3.8011106245790476, -28.83602204133473, -27.484564373691978, 0.944145190576881, -0.7617515358705458]",[1]
389,J1130.7-7800,"[1.740262508392334, 3.8425270668375204, -31.86554392451965, -27.51466345216207, 0.8561008552678195, -0.2797164013449894]",[1]
390,J1132.0-4736,"[2.1137707233428955, 3.461744629448992, -30.084545950544133, -27.70334107406231, -0.6223347495284817, -0.3090532300532236]",[1]
391,J1139.0-6244,"[2.274595260620117, 3.382675089020219, -27.265008458833297, -26.521551086486525, 0.9341028562865595, -0.7980749366827464]",[1]
392,J1142.1-6941,"[2.6594715118408203, 3.9830791562320815, -27.37613846282033, -27.22698630178302, -0.4169225214509174, -0.8585206483289326]",[1]
393,J1146.1-0640,"[1.9208452701568604, 3.5155818853543837, -31.31735460096426, -27.73469427053295, 0.6825495460012045, -0.5918762678654941]",[1]
394,J1149.1+2815,"[2.5828683376312256, 3.832385965734885, -27.934287982427925, -27.809132314921044, -0.24214343559480764, -0.8195002544733766]",[1]
395,J1150.7-4816,"[2.3295881748199463, 3.4969865958071473, -29.187729236731183, -27.736820327714096, -0.14104637975912387, -0.6276457551806572]",[1]
396,J1151.5+0957,"[2.221489429473877, 3.7625706041690044, -29.762357743698576, -27.885943000188387, -1.4173463201068428, -0.7968533980635183]",[1]
397,J1151.8-6108,"[2.4333627223968506, 3.8676329176743534, -27.443364403040377, -26.82138666573839, 0.8235445724915215, -0.753610819255914]",[1]
398,J1155.3-1112,"[1.5344934463500977, 3.5473606411666627, -33.05572180961314, -27.63746694017981, 1.0032994067829044, 0.7098963671169605]",[1]
399,J1200.4+0202,"[2.035517692565918, 4.021621324553269, -29.73821768792108, -27.722385508007935, 0.48497978098194827, -0.7262024913852795]",[1]
400,J1200.9-1432,"[2.2530088424682617, 3.9961779877222674, -29.565767418754, -27.71358722762043, 0.15208346505759035, -0.7338158732436899]",[1]
401,J1203.9-1745,"[2.1690831184387207, 3.871943488549897, -29.6950735805957, -27.842393931632376, 0.8106348514538044, -0.5001739473846976]",[1]
402,J1205.9+3315,"[2.7144649028778076, 3.749401118683075, -27.22355578131168, -27.90958848134429, 0.6484088682474283, -0.7882595495557669]",[1]
403,J1206.4-7123,"[2.680323839187622, 3.7683808564853223, -26.00328022457101, -27.418825356221358, 0.8173210915007963, -0.9158767453536327]",[1]
404,J1208.0-6901,"[2.4838180541992188, 3.6405009540853017, -27.247369638746104, -27.407396385367036, 0.7365740786264707, -0.8844686602973736]",[1]
405,J1208.4-6239,"[2.3879847526550293, 4.165737200888863, -27.24383782781099, -26.03892865393875, 1.7572167277948993, -0.4251800184566806]",[1]
406,J1209.9+7607,"[2.397963285446167, 3.7200466533297236, -28.540879965097336, -28.11373940349157, -0.3000802442493672, -0.8323271149918803]",[1]
407,J1210.1-2742,"[2.593153238296509, 4.479639452287525, -27.006066471133973, -27.50085984174644, -2.728621273966265, -0.8535254575207271]",[1]
408,J1211.8+6413,"[2.433651924133301, 3.6303846446216754, -29.172870230222756, -28.201702038340855, -0.021586838007042645, -0.7814701308421553]",[1]
409,J1213.9-4412,"[2.269362211227417, 3.8732131453631746, -28.128290334428403, -27.58074490681267, 0.03947602685618167, -0.7967289315420516]",[1]
410,J1214.4-2315,"[2.382582902908325, 3.6317653907560525, -28.499028807200386, -27.605242493972046, -0.46815616236458985, -0.810448998808719]",[1]
411,J1215.9-1926,"[2.4142911434173584, 3.503434356539115, -28.253105589952845, -27.730146448839026, -2.7974040578930994, -0.84934602013051]",[1]
412,J1216.6-0557,"[2.4830029010772705, 4.001938759211215, -27.97716814491473, -27.59125125072198, 0.22791587139665462, -0.8819729800745663]",[1]
413,J1220.0-2502,"[2.252659559249878, 3.942524889309333, -29.968402002076942, -27.67418299670512, -0.08614399634274428, -0.6475412380770873]",[1]
414,J1220.1-3715,"[2.04681396484375, 3.736763944292881, -30.248671753077662, -27.741986653684517, -0.23646333830710425, -0.4875002622414309]",[1]
415,J1220.3+6055,"[2.5170960426330566, 3.9028677594122185, -28.915605885617232, -28.12744953400855, 0.10989916726332614, -0.7320139897525388]",[1]
416,J1221.5-0632,"[2.2497928142547607, 3.9615904117607017, -28.13364499691285, -27.569538356866893, 0.7176262170787437, -0.8002278715146565]",[1]
417,J1222.7+7952,"[1.737262487411499, 3.8462244948736504, -33.096615163517555, -28.004475286282815, -0.7525014474369156, 0.0766270123518166]",[1]
418,J1223.0-5622,"[2.7757954597473145, 3.766646396095434, -25.268976669973075, -27.2555199815267, 0.765482635071296, -0.8992626971239475]",[1]
419,J1223.2+1215,"[2.213142156600952, 3.670978212465342, -29.465777515490732, -27.82998838322156, 0.5906881514578074, -0.7708587882996998]",[1]
420,J1223.3+0818,"[1.9848448038101196, 3.695785237890264, -30.43284787067713, -27.793197589467596, 0.5411057592890886, -0.6750667656379066]",[1]
421,J1225.4-3448,"[1.7596994638442993, 3.524079878469234, -32.943216170198085, -27.879167993287226, -1.2934448466586834, -0.45591041773718305]",[1]
422,J1225.9+2953,"[1.940499186515808, 4.0611768073927115, -28.224607062912035, -27.65841426353109, 1.6443147180194828, -0.5925791530012392]",[1]
423,J1228.4-0317,"[2.271963357925415, 3.943172196987055, -29.18138253517937, -27.683793949197668, -6.159318768574355, -0.711616210202284]",[1]
424,J1231.6-5113,"[2.276258707046509, 3.8459516532039824, -24.863114845170376, -27.46062125294953, 1.725285363625425, -0.8952122717693243]",[1]
425,J1231.6+4825,"[2.5151476860046387, 3.7928471316316053, -28.148592346988686, -27.732541942065314, -0.10355377037396707, -0.8412280323990986]",[1]
426,J1231.7-6513,"[2.4243836402893066, 3.873511873226416, -26.545193515961028, -26.956838055905973, 1.2464098193765947, -0.8730607110199751]",[1]
427,J1232.3+1701,"[1.8371741771697998, 3.716371389184417, -31.216091399149843, -27.717487350976395, 0.08329132528444197, -0.2525396619635581]",[1]
428,J1232.5-3720,"[1.9247106313705444, 4.034229835411524, -31.408858034764556, -27.762504292336764, -0.2177023066999128, -0.6694356949139665]",[1]
429,J1232.8+1332,"[2.6706228256225586, 3.929670551380228, -27.177629513900964, -27.510845440355055, 0.3528655648521636, -0.9054223780560777]",[1]
430,J1234.7-0437,"[1.6491081714630127, 3.8643974536668613, -33.17724623548202, -27.701478449606498, 0.3921482557326515, -0.41360317288987014]",[1]
431,J1236.5-6154,"[2.367539167404175, 3.9807113057984402, -28.708049169234453, -26.622755526541123, 0.19192089672751836, -0.8511594757874066]",[1]
432,J1236.6-7050,"[2.2077085971832275, 3.945249626427112, -29.631720373879503, -27.393770418899603, -0.9626705118708428, -0.3531847851755012]",[1]
433,J1239.1-1158,"[3.0667128562927246, 3.908514584551278, -24.528206106603417, -27.61381303923293, 1.066453159563654, -0.8642383187958126]",[1]
434,J1240.3-7149,"[1.9647562503814697, 4.249966414506107, -30.310576929244593, -27.313725237693912, -1.262893463165315, -0.7337572323865684]",[1]
435,J1244.2-6227,"[2.32393479347229, 3.7110156528937477, -28.05230131212654, -26.492638823129916, 1.084500529903615, -0.1147048165529895]",[1]
436,J1244.3-5515,"[2.620091199874878, 3.833724559133829, -26.101936355972743, -27.311136359556095, -0.08343750410891851, -0.8530713960552472]",[1]
437,J1249.1-2808,"[2.0666720867156982, 3.908716611489222, -29.861728649458893, -27.66769315801608, -0.7370601241566249, -0.753040716949927]",[1]
438,J1249.5-0546,"[2.4129111766815186, 3.962599757454958, -29.10163244425566, -27.427028551229668, -0.5079840001861807, -0.2822702071390615]",[1]
439,J1250.2-0233,"[1.0975341796875, 3.2759363275904136, -35.1643388742566, -27.538466062568922, -0.31440008796586366, -0.07584176010477968]",[1]
440,J1251.0-4943,"[2.0301764011383057, 3.590714106996277, -30.27918942385717, -27.55255936054291, 0.5385347362938964, -0.3217067596660109]",[1]
441,J1256.1-5703,"[2.692498207092285, 3.9332998609836305, -25.98950880825694, -27.10084344998542, 1.1860140594720805, -0.911887232937457]",[1]
442,J1257.0-6338,"[2.243342876434326, 4.749456590611618, -28.469475726503614, -26.528061464456627, -0.03949588605015364, -0.7862667929627465]",[1]
443,J1258.4+2123,"[2.6436984539031982, 3.7684422457616567, -28.03419173613642, -27.567716246369987, 1.0638075778705425, -0.5318597994375424]",[1]
444,J1259.3-8151,"[2.438915491104126, 3.7821659715386184, -28.099664610533466, -27.500320176556997, 0.5902264567221599, -0.8632179114331698]",[1]
445,J1259.5-3231,"[2.714160680770874, 4.120455545969162, -25.77585765863509, -27.439804458487178, -3.299476021451219, -0.9178312285281848]",[1]
446,J1301.5+3333,"[2.3971707820892334, 4.142459963432439, -28.351197353085656, -27.836757669899452, 0.9986343686822006, -0.8348671018006628]",[1]
447,J1304.6+1200,"[2.3732213973999023, 3.9635537403439454, -28.275621605479845, -27.74589359912534, 0.8169165955347909, -0.8506974334836437]",[1]
448,J1306.4-6043,"[1.9560455083847046, 3.5748209035210303, -26.62735703256379, -26.712971105424465, 1.9695424848254088, -0.6740841749769497]",[1]
449,J1306.8-4031,"[2.540673017501831, 3.77914229740734, -25.783604610045373, -27.499691236118263, -1.1478072055734214, -0.8843876844372179]",[1]
450,J1308.7-5738,"[2.6785476207733154, 3.5211710996074363, -26.531270705480775, -27.076485278435033, -2.046367302869273, -0.875510344677307]",[1]
451,J1309.0+0347,"[2.0854721069335938, 3.7597302888659945, -30.32756655344907, -27.938286830475672, 1.0058030495028805, -0.6805765337014764]",[1]
452,J1311.8-6230,"[2.4584250450134277, 3.832719192236166, -26.613649968881553, -26.173276046008784, -0.25067908285821877, -0.8562812336777418]",[1]
453,J1312.3+8513,"[2.568401336669922, 3.365570032719976, -27.726387490085138, -27.869433058686607, 0.29965142384211824, -0.8081421715690054]",[1]
454,J1315.7-0732,"[2.019185781478882, 4.283317234276515, -29.280657620896438, -27.509005318849095, -1.6368272522400715, -0.6607206249171457]",[1]
455,J1316.2-6446,"[2.7886390686035156, 4.664243527640846, -24.328644335243514, -26.771072881117675, 0.507264230092364, -0.8896548487850197]",[1]
456,J1317.6-6315,"[2.4874305725097656, 3.9226413272249196, -27.27675215879922, -26.404367985212485, 1.5766425042429315, -0.25101029298749056]",[1]
457,J1323.2-3901,"[2.522632360458374, 3.5705811346978114, -27.7750819514725, -27.44335541613753, -0.40563129966685024, -0.8586670144340427]",[1]
458,J1325.2-5411,"[2.4746484756469727, 3.455899588535829, -27.428128043918722, -27.128544740583084, 0.9357413540020375, -0.8448111599850548]",[1]
459,J1326.2-4651,"[2.69462513923645, 3.7122363100597093, -26.273315717169094, -27.190021234512724, -1.5486364277223807, -0.19049437883110729]",[1]
460,J1329.1-0536,"[2.351588249206543, 3.92453677258975, -29.295892726669994, -27.250776824549916, -0.33674603823490734, -0.7948995383989433]",[1]
461,J1329.8-6109,"[2.106318712234497, 4.019309521600976, -27.411403357379314, -26.75977389397214, 1.5162276913943173, -0.7127650862689636]",[1]
462,J1330.4+5641,"[2.9955639839172363, 3.913824665155535, -25.94620588915407, -27.968848659913682, -0.04749411759902243, -0.7870356975074004]",[1]
463,J1333.8-4417,"[2.686521530151367, 3.8672036534984247, -26.712523308143716, -27.321789425510573, -1.6632427065387092, -0.8441802964658367]",[1]
464,J1334.3-4152,"[2.006373643875122, 3.6506221744146434, -32.434277802942475, -27.56534335845642, -0.05092947108583476, -0.45537286158202284]",[1]
465,J1335.1-5655,"[2.337999105453491, 4.192567121979605, -28.342426265921393, -26.99330733285085, 0.5545741028241151, -0.8244690631599978]",[1]
466,J1335.2-4056,"[2.6798620223999023, 3.920543200112662, -26.145140298099484, -27.31040443993068, 0.19731062654918932, -0.8427971588609215]",[1]
467,J1342.4-6904,"[2.6378023624420166, 3.5057529011562836, -27.493112598256573, -27.12847311063439, -0.8777786273706067, -0.8492115231940524]",[1]
468,J1345.1+1949,"[2.6026272773742676, 3.80327592279027, -27.540110162596374, -27.812301387492408, -0.38318039015912836, -0.8410963804073175]",[1]
469,J1346.2-2608,"[2.325758695602417, 3.8181831415792624, -28.083906575372655, -27.699777221943688, 0.7508684217209967, -0.8446136618873641]",[1]
470,J1348.5-7150,"[2.637740135192871, 4.062645872107694, -27.00498410921041, -27.351803848641236, 0.4185367479301735, -0.8206648222105188]",[1]
471,J1348.5-5833,"[2.7931129932403564, 3.8759211905410385, -25.347856706372447, -26.89879062491574, 0.08103722540683851, -0.8642167532173038]",[1]
472,J1350.4-6224,"[2.1646053791046143, 4.064596405277353, -27.661915202674784, -26.45285219779332, 1.8208090247978184, -0.25617185724513314]",[1]
473,J1351.1-2743,"[2.382025957107544, 3.8914475560833854, -29.079292006722255, -27.60259001408758, -1.4219149569495235, -0.7711281051345449]",[1]
474,J1351.8-1524,"[2.4004218578338623, 3.971006086489882, -29.210633297802442, -27.58219869867899, -0.21856032548395937, -0.7988337758810848]",[1]
475,J1358.5-6025,"[2.3573315143585205, 3.973339526498952, -25.16310409654662, -26.326431057844978, 1.7054628323951233, -0.8366443286045829]",[1]
476,J1400.2-2413,"[2.156654119491577, 3.9166165496486376, -28.813242547921146, -27.644304123882968, 1.1896139205807237, -0.8140735863353201]",[1]
477,J1402.7-3240,"[2.443047046661377, 3.8207023468197145, -28.11368678510073, -27.7066958065977, -0.36669592411847285, -0.8554614890526716]",[1]
478,J1403.1+1304,"[2.2657086849212646, 3.8461571063182634, -29.327473681672732, -27.933934255992618, 0.8120506853970635, -0.8558567357536111]",[1]
479,J1404.3-5241,"[2.351574182510376, 4.00670842012781, -28.203039142641348, -27.288027944604377, 0.8336399508390997, -0.8430312445124535]",[1]
480,J1404.7-5844,"[2.041682481765747, 3.6688146502710928, -31.683156221295288, -26.80119179605853, 0.2500930325376202, -0.2670396478506743]",[1]
481,J1405.4-6119,"[2.4550364017486572, 3.7827082612930436, -26.55527867753093, -25.794687541037558, 1.9448461000539263, -0.8037285655736793]",[1]
482,J1408.0-2924,"[2.6859099864959717, 3.764375638759616, -25.764984908320475, -27.691599054374418, 1.1995124551768137, -0.9225411530791691]",[1]
483,J1409.2-3743,"[2.698871612548828, 3.774222871121618, -26.103454937294334, -27.583572610760683, -0.9957392932074809, -0.8995689351924874]",[1]
484,J1410.9+7406,"[2.1646029949188232, 3.7724636983133126, -28.649045045759937, -27.982853355434585, 1.0724547154578696, -0.7509355460258692]",[1]
485,J1411.1+3717,"[2.4779751300811768, 3.718086742448675, -28.48266956688483, -27.984869581971935, 0.4040038861919453, -0.8115529705513571]",[1]
486,J1411.4-0724,"[1.8979145288467407, 3.6178127124308124, -32.10124520772264, -27.700731394213022, -0.7097723333603221, -0.10084030367385595]",[1]
487,J1411.8-5743,"[2.542962074279785, 3.761507462086318, -24.980446260735405, -27.112521586130015, 1.5455480862846303, -0.8347642160975421]",[1]
488,J1412.3-6635,"[2.4101507663726807, 3.8684872279389793, -27.48892491099223, -27.25364785047008, 1.4584283068879136, -0.8393062801518539]",[1]
489,J1417.5-4402,"[2.3688080310821533, 4.006981408278322, -27.412102117737263, -27.40851788653511, 0.3841058270448792, -0.8504393787761512]",[1]
490,J1417.7-5026,"[2.485524892807007, 3.7096535904657153, -27.66934997587709, -27.21590748394087, -0.9227951712725733, -0.8442449124311594]",[1]
491,J1419.1-5534,"[2.8162686824798584, 4.011532936018198, -24.645885843983745, -27.046714806206598, -0.8082345372778317, -0.8998369660086775]",[1]
492,J1420.9-4615,"[2.700998544692993, 3.7195675096174825, -26.310203424640875, -27.411145570643235, 0.25243327009113176, -0.8844753524925204]",[1]
493,J1421.0-2431,"[2.200565814971924, 3.7878028991205848, -29.107978407423694, -27.697528552141062, 0.8942036387275387, -0.6417285840722566]",[1]
494,J1421.8-7920,"[2.143589496612549, 3.7738185843804732, -29.816065983697882, -27.65945735805292, 1.0374153630989738, -0.39182592519128834]",[1]
495,J1424.3-1753,"[2.1735172271728516, 3.8991454926385805, -29.340068139446327, -27.64195402210586, -0.412974510212161, -0.7743009261879452]",[1]
496,J1427.2+1610,"[3.0104050636291504, 3.9039988784028377, -25.246432543326293, -27.7726937219582, -2.073163818742146, -0.9212642555325807]",[1]
497,J1430.8-4434,"[2.3501553535461426, 3.8714534643141167, -28.407806879497546, -27.433509599948206, -2.5522583626753055, -0.8193246982521663]",[1]
498,J1431.1-6425,"[2.5913498401641846, 4.151569738099817, -26.48401786394899, -26.995019546945347, 0.718100019335528, -0.9058740671054041]",[1]
499,J1438.6-4209,"[2.321152448654175, 3.5210834651407783, -29.709042606566626, -27.402281425799913, 0.6261027629872078, -0.7517176245823729]",[1]
500,J1444.0-7033,"[2.4485723972320557, 3.634989499888159, -27.974237744596227, -27.50624233034206, -2.940545493058329, -0.8352540316393962]",[1]
501,J1445.7-5925,"[2.341421127319336, 3.686737211350979, -29.04533517589711, -26.125463413679334, 0.2901391139553861, -0.7861755903816702]",[1]
502,J1447.3-5800,"[2.3891756534576416, 3.9458198687018244, -23.223479560549954, -26.522713415583524, 1.477083043010823, -0.902860294869221]",[1]
503,J1456.7-6046,"[2.7192766666412354, 3.885507487160861, -24.243594244222347, -26.10617625492593, 1.7039793954607179, -0.8644221823820578]",[1]
504,J1457.6-6249,"[2.449843406677246, 3.50916622515634, -27.688767637615662, -26.85176462778378, 0.8865215498383179, -0.2860312775139052]",[1]
505,J1457.6-5355,"[2.4186365604400635, 3.648994641100618, -28.610253534552758, -27.037185686753897, 0.4263833761667156, -0.8313173368898493]",[1]
506,J1458.7-2120,"[2.3416848182678223, 3.565469699122172, -27.7697032001443, -27.58508716406072, 0.5784980246636537, -0.8595314174197395]",[1]
507,J1502.2+5553,"[2.5833189487457275, 4.6319298270324465, -26.124959771401898, -27.931022881085536, -3.2472652895696346, -0.8670372324089197]",[1]
508,J1503.5-5801,"[2.4994966983795166, 4.211767538671139, -26.618506387206505, -26.209415646765866, 1.603420565438036, -0.8552901813629556]",[1]
509,J1506.4-0340,"[2.333240270614624, 3.712167924053286, -29.430156937889546, -27.489852947751196, -0.39096748102748824, -0.81317402449131]",[1]
510,J1506.6-6219,"[1.8567168712615967, 3.7802879197947212, -31.536357703150145, -27.07708923007597, -0.3179936220720466, -0.4828939123341317]",[1]
511,J1510.2-5754,"[2.5192601680755615, 4.149609182425773, -26.381402505556334, -25.96460700440214, 0.5798097404843946, -0.8306536620943428]",[1]
512,J1512.3+6622,"[2.228527307510376, 3.9436818325894145, -30.17966802958988, -28.17250660533933, -2.135972480452406, -0.7837537069816634]",[1]
513,J1512.8-5639,"[2.462413787841797, 4.336443569156235, -26.986485253274378, -26.47330144866458, 0.004329000018312382, -0.8509877934959809]",[1]
514,J1513.3-3719,"[1.6849688291549683, 3.3841104581858534, -33.09246953336205, -27.684537374967885, 0.01759140450412219, -0.3768376593708269]",[1]
515,J1513.8-6250c,"[2.5821967124938965, 4.061672691359062, -25.468370081695884, -26.86224150244898, 0.44151299887869233, -0.8375247255998449]",[1]
516,J1517.0+2637,"[2.0013506412506104, 3.3462160450137817, -31.757595434244784, -28.01047258678055, -1.284322118932131, 0.04047850721660553]",[1]
517,J1517.6-4442,"[2.5701637268066406, 3.9081873812297068, -26.78673642462647, -27.239731778073665, 0.4848525736211904, -0.8973331498213157]",[1]
518,J1518.2-5232,"[2.2412147521972656, 4.13566893297169, -27.797941787625522, -27.04656763722827, 1.3068775496882041, -0.8108435861937016]",[1]
519,J1525.8-0834,"[1.6438883543014526, 3.7537853108059362, -33.47757661742876, -27.696664026310994, 0.05156327890021331, -0.0820717631120038]",[1]
520,J1526.3-4505,"[2.517378091812134, 3.955732258467199, -28.04978458643747, -27.114349770798228, 0.4073193970168119, -0.7451442197883789]",[1]
521,J1527.0-3804,"[2.329066038131714, 3.7510797848196367, -29.215440027697515, -27.502535314953114, 0.04382186966446102, -0.7634542717838884]",[1]
522,J1528.1-2904,"[1.6967689990997314, 3.698432788812534, -33.11180860355162, -27.630583631637744, -0.8509586653830741, -0.724009955781257]",[1]
523,J1528.3-5836,"[2.28411602973938, 4.230030747548712, -27.681084362000092, -27.374483838702236, 1.8431791015869798, -0.7074494787010794]",[1]
524,J1528.7-2247,"[2.2422311305999756, 3.732204508432996, -29.170883960218934, -27.602909791523523, 0.7736547330854003, -0.8138338136842785]",[1]
525,J1529.5+6733,"[2.2368366718292236, 3.90396226923896, -29.989900709144425, -28.200958717692465, -0.8447377233785425, -0.7701822785322412]",[1]
526,J1532.0-2618,"[2.182582139968872, 3.8724055705247906, -29.96889753866122, -27.524427109575903, -0.38187004986253786, -0.767186845932893]",[1]
527,J1533.8-5231,"[1.965571641921997, 3.9119150436678676, -30.893637562414643, -27.052107579558903, 0.5876776884282727, -0.13328590350464725]",[1]
528,J1538.4-4656,"[2.849412441253662, 4.1989032886373145, -23.930912935587113, -27.06401915044428, 0.8977430502940871, -0.9397064076296491]",[1]
529,J1539.2-3324,"[1.5535093545913696, 4.058269956889219, -28.07776717915913, -27.603004036815413, 2.26993315879122, 0.20295915580707455]",[1]
530,J1541.6+1414,"[1.975111722946167, 3.642485460869455, -31.65992798759379, -27.687193727488424, -0.4952111105337873, -0.3581888337108211]",[1]
531,J1542.4-5911,"[2.601935625076294, 4.02558408778369, -26.682457520516124, -26.90868500898494, -0.8622088887502898, -0.8839757832365587]",[1]
532,J1543.5-0244,"[2.3925745487213135, 4.173487065779982, -26.990605965968058, -27.565129562874436, 1.405452096680197, -0.8452894376021447]",[1]
533,J1544.1-2555,"[2.3585762977600098, 3.930560222888354, -26.88180954766717, -27.34766576862865, 1.3483427169305906, -0.8596031237905806]",[1]
534,J1544.6-1125,"[2.412781238555908, 3.8601519588532143, -26.649810598593987, -27.292108134602948, 1.3146313694946703, -0.8219401710727334]",[1]
535,J1545.0-6641,"[1.6718508005142212, 3.9979425988439266, -32.800905392215185, -27.615023773045547, 0.26614508419738103, -0.6142375354393087]",[1]
536,J1548.4+1455,"[2.112147092819214, 4.211069887187835, -28.180324505080424, -27.403199310959415, 0.4405648136411943, -0.7034524936772938]",[1]
537,J1549.4-4832,"[2.7419934272766113, 3.4366484109541653, -25.012553786412006, -26.818192558065128, -0.7873123671629413, -0.851914607299587]",[1]
538,J1549.9-3044,"[1.4396121501922607, 3.562710181045399, -33.434453192405115, -27.51844872309284, 0.8084099786714949, 0.5070271180378463]",[1]
539,J1550.4+6027,"[1.8446274995803833, 3.8022341777967554, -31.468974816402206, -27.93714093436515, 0.05469045395974275, -0.4197239798211562]",[1]
540,J1552.8-5330,"[2.4749271869659424, 3.8381551308384205, -26.964777239798615, -25.97442888247524, 1.9996174548452197, -0.13817684791166623]",[1]
541,J1553.1+5437,"[2.255077362060547, 4.029878941530526, -28.820090365900878, -28.072164497059138, -0.6673139729232861, -0.8042708681192433]",[1]
542,J1553.3-0322c,"[2.562553644180298, 3.794247913847264, -26.111293897906847, -27.318623830844484, -3.387865933158123, -0.8250410010693063]",[1]
543,J1554.4-5315c,"[2.1313488483428955, 3.901959799705094, -29.04309072679545, -25.845503980372968, 1.1830309160479826, -0.5890733881559853]",[1]
544,J1557.0-4225,"[2.3266663551330566, 3.8745060646394567, -24.06811314645001, -27.053900268263895, 1.486166144019881, -0.9160050817063551]",[1]
545,J1601.9+2306,"[2.1477549076080322, 3.8510074867182396, -28.62438471024595, -28.252415811283065, 1.4507218400898725, -0.7390469723917408]",[1]
546,J1602.8-1924,"[2.3129682540893555, 3.8030244578953494, -28.902238561873016, -27.398098075379384, -0.699681602211017, -0.8250613082501548]",[1]
547,J1603.7-6011,"[1.9624006748199463, 3.9259402964920267, -30.708142526924114, -27.420861507283952, 1.306856641329732, -0.38178352845789776]",[1]
548,J1611.9+1404,"[2.2094810009002686, 4.052472219539079, -28.867697731376694, -27.66003076519991, 0.5779179056387379, -0.7830331801184486]",[1]
549,J1613.4-4222,"[2.434790849685669, 3.7985908235546204, -28.218749738326654, -26.951297916432168, -1.7407987495493833, -0.8364103429246178]",[1]
550,J1615.6-4450,"[2.56198787689209, 4.193558448901363, -26.57954137807188, -26.702320391334457, -0.8828768576374698, -0.8644698079133193]",[1]
551,J1616.8-5343,"[2.530057668685913, 3.9207845594989035, -25.840365688617357, -26.66768768703668, 0.6251107657770136, -0.8833633273681469]",[1]
552,J1616.8+5846,"[3.1169867515563965, 3.847443060906597, -25.07889818345917, -27.99640187574067, 0.24722711557214086, -0.7293209484152715]",[1]
553,J1618.8+5520,"[2.326195240020752, 3.5537114166945787, -29.2818310713523, -28.158346745506975, 0.42886129475900253, -0.8525157176673485]",[1]
554,J1619.0-5014c,"[2.431389093399048, 4.147298175540515, -27.260266511016948, -25.662039947899174, 1.065614953924808, -0.8537563830091637]",[1]
555,J1619.1+7538,"[1.712669849395752, 3.8901681822650285, -32.97007459144607, -28.145917832083743, 0.5860566080269486, -0.18397253153699084]",[1]
556,J1620.0-5101,"[2.2599401473999023, 3.92164249820744, -28.755564278931583, -25.786662077647925, 1.1149892099954304, -0.7522809110414325]",[1]
557,J1620.8-5149,"[2.0917153358459473, 3.9497454013473643, -30.887468226324497, -26.4371673725184, 0.5226038175334223, -0.7564135337086981]",[1]
558,J1622.9-5004,"[2.126441478729248, 3.9954259855987915, -27.16169678427467, -25.93664360868704, 2.015786495519737, -0.019011872159459375]",[1]
559,J1624.1-4700,"[2.5741312503814697, 3.924799918640528, -23.39703468928457, -26.51525915289036, 2.1012211857686856, -0.8675977368585576]",[1]
560,J1624.2-4041,"[2.0572636127471924, 3.927805849049081, -26.305874014528005, -26.758425974936237, 1.9904773884023772, -0.7331912764942927]",[1]
561,J1624.2-3957,"[2.5197935104370117, 3.4803242601236644, -27.286091556838723, -26.702156010966483, -0.05215487099085539, -0.887740468297802]",[1]
562,J1624.8-4233,"[2.653730869293213, 3.899673889908571, -26.293491970372113, -26.644551871240626, -0.7747290358617039, -0.8707761062168065]",[1]
563,J1625.1-0021,"[1.6635656356811523, 3.619262446473022, -26.453594762035205, -27.39694546703037, 2.271394612083023, -0.6776430290656027]",[1]
564,J1625.2-2845,"[2.520382881164551, 3.9697243702932137, -28.32841980846796, -26.914615543117545, -1.1306042342792861, -0.8106846881689782]",[1]
565,J1625.6-2058,"[2.540924072265625, 3.6753641357573703, -26.488317704782034, -27.134039433743258, 0.29836095747482994, -0.8569238853562826]",[1]
566,J1626.2-4911,"[2.10681414604187, 3.789501770560639, -30.74738868019825, -25.84357340861704, -1.054208687810011, -0.8330738959828248]",[1]
567,J1626.2-2428c,"[2.275369882583618, 3.847334407925514, -28.4494845481196, -26.363831435759607, 1.3519860504036614, -0.10041545311240015]",[1]
568,J1626.3-4406,"[2.9232285022735596, 3.6781592604564834, -24.663188729340455, -26.42555353790804, 1.4574569022152981, -0.7296679153298449]",[1]
569,J1627.8+3217,"[2.1392769813537598, 3.4973403213890992, -28.532669426761807, -27.81555466033546, 1.336758160320054, -0.13530459508119974]",[1]
570,J1628.1-3344,"[2.116596221923828, 3.60640330133399, -30.568282554677324, -27.214964996089744, 0.11050305993356722, -0.7719309206028171]",[1]
571,J1628.1-5740,"[2.463909387588501, 3.6051978903524757, -28.441094404421566, -27.140165498812156, -0.41132531877949774, -0.8333411841546601]",[1]
572,J1628.1+0254,"[2.1223504543304443, 4.028617726811764, -29.917838750034026, -27.70338128519055, 0.7056731158923761, -0.5919029903389709]",[1]
573,J1628.2-2431c,"[2.3721182346343994, 3.410628791660818, -27.902440981083032, -26.391938838182572, 0.5925722174057503, -0.8517239419737095]",[1]
574,J1628.4-4546,"[2.6329166889190674, 3.9580222972419863, -25.595883299038636, -26.382718268257026, 1.279491340067472, -0.9201126712172515]",[1]
575,J1628.7-8056,"[2.7542645931243896, 3.5080833369438555, -26.12105757560773, -27.572163368844723, -0.12994615356692868, -0.9003572691335504]",[1]
576,J1630.2-1052,"[2.29768967628479, 3.375594963285004, -28.14290018516897, -27.350204117918107, 1.1251164965883347, -0.3779745099049057]",[1]
577,J1630.3-6126,"[2.7856738567352295, 4.396642694069071, -24.694365217751365, -27.361032494976307, 0.23205992366564188, -0.9168700494816514]",[1]
578,J1630.3-4346,"[2.1266181468963623, 3.678520677469531, -31.646382611481332, -26.045045749417028, 1.0278976435516687, -0.8756457609259837]",[1]
579,J1632.8+3838,"[2.452317953109741, 3.3765537978559172, -29.74704472773449, -27.018034091100013, 1.0222557896436029, -0.6745907713525964]",[1]
580,J1635.3+4257,"[2.416597604751587, 4.044288471831427, -28.579547342452443, -27.949101243786266, -1.1712101808181654, -0.8571239794673037]",[1]
581,J1639.4-5146,"[2.3492486476898193, 4.060916249865177, -26.50544915505636, -26.681861428594537, 0.617628325311069, -0.8199128173485397]",[1]
582,J1640.6-4917,"[2.3066864013671875, 4.313696040944324, -27.94919714411438, -26.382231675265285, 0.9058676807400747, -0.8569447053383339]",[1]
583,J1641.5-5319,"[2.3803534507751465, 4.028969916890515, -25.861588095762958, -26.82398459219308, 1.7866555941415985, -0.8947236211835987]",[1]
584,J1641.5-2856,"[2.3268377780914307, 3.8066881750687047, -28.320851918712957, -27.21420268320437, 0.8643290398165366, -0.8384923321267292]",[1]
585,J1642.4+8045,"[2.4850971698760986, 3.7531334716169957, -27.75329101960673, -28.048665922326652, 0.45196719884014197, -0.8412806729969162]",[1]
586,J1643.6-5002,"[2.6556272506713867, 3.9319352805596726, -25.417473791224964, -26.660343074796057, 1.6929264492499123, -0.7928044143666655]",[1]
587,J1644.4+2632,"[2.7532167434692383, 3.746084485646764, -26.805942305598865, -27.68633877408908, 0.47572982763587923, -0.7833750093668288]",[1]
588,J1644.6-0911,"[2.568213701248169, 3.650910276798791, -27.21257762284777, -27.20952715349085, -0.34093410649733225, -0.7927582764670994]",[1]
589,J1645.7-2149,"[2.2908802032470703, 3.6131341653505284, -27.168666319455856, -27.43526839444976, 1.684804358005041, -0.8025410175281328]",[1]
590,J1646.9-1332,"[1.8505278825759888, 3.736715398017453, -32.147804488516975, -27.321741438958256, -1.231137244081574, -0.5615023333607534]",[1]
591,J1648.0+4230,"[2.480189323425293, 3.9357665176842684, -28.341593950767518, -27.94866813031047, -0.31816296233401603, -0.8754107968892304]",[1]
592,J1648.6-5635,"[2.801083564758301, 3.6453181957984375, -26.085914699247375, -26.99170570566692, 1.2506097075910956, -0.8185569778187866]",[1]
593,J1649.6-3007,"[2.3148367404937744, 3.9651619009435417, -27.30312619577358, -27.13101925259853, 1.1419386976234933, -0.8456809236402545]",[1]
594,J1650.0-4438c,"[2.7087767124176025, 4.074249075884788, -22.42966356835372, -26.041409364852584, -0.08180971775855012, -0.876349137913282]",[1]
595,J1650.0+0356,"[2.165771961212158, 4.339703603011489, -30.115733147256737, -27.585355090775096, -0.34326171925219023, -0.7489055766909944]",[1]
596,J1650.3-4600,"[2.4938385486602783, 4.008353754695057, -27.412648056453914, -25.76870627262454, 1.9370043680499194, -0.6814677610976756]",[1]
597,J1651.5-4626,"[1.921652913093567, 3.6740601436849896, -32.15908066899102, -26.059364342339617, -1.9911521044988816, -0.4574416245864669]",[1]
598,J1652.2-4649,"[2.091700792312622, 3.98996867190918, -30.506490888337506, -26.240133368469607, 0.02480981462146637, -0.8098743228422439]",[1]
599,J1652.8-4351,"[2.201786518096924, 4.1674707762330625, -27.328815159799806, -26.372947112585507, 1.675367204654248, -0.02080619386114684]",[1]
600,J1653.6-0158,"[2.061894655227661, 4.014641590990538, -25.292841748859193, -27.025490089751933, 2.035145749591049, -0.8217223047303541]",[1]
601,J1654.0-4617,"[2.013066530227661, 3.919867598498483, -30.88989452621527, -26.37973394069416, 0.9324567899197919, -0.3826842267992096]",[1]
602,J1654.3-4907,"[2.655090808868408, 3.7951169082993848, -25.183510514780153, -26.858368539813526, 1.65234817909707, -0.905659500616524]",[1]
603,J1655.1-4644,"[1.9307781457901, 3.755210527082444, -32.49533825360131, -26.417233478404434, -1.406840442839031, 0.03052046315147729]",[1]
604,J1655.1-3954,"[1.6799067258834839, 3.5288935265531225, -33.701794160295236, -27.007357672186505, 0.0, -0.3076278609981683]",[1]
605,J1655.5-4748,"[2.248408794403076, 3.8213922211781437, -29.52649270599406, -26.463472388061295, -1.498700763349359, -0.8262526441619311]",[1]
606,J1655.7-4712,"[2.2347214221954346, 3.7428798858356602, -30.051665831220156, -26.309439258928776, 0.5971332037635384, -0.050325268073073456]",[1]
607,J1656.9-3919c,"[2.4530065059661865, 3.6800343177053687, -29.488671200072375, -25.434252637925987, 0.9518447857729685, -0.8687235216843812]",[1]
608,J1657.6-4653,"[2.0513863563537598, 4.032286888644723, -31.30060065287084, -26.477575680587453, 0.29158077224015655, 0.30143913373432735]",[1]
609,J1659.0-0142,"[2.1946284770965576, 4.035710612502962, -28.789703824660005, -27.225815748106157, 0.7249184836805661, -0.7867772776347273]",[1]
610,J1700.4-4019c,"[2.6888115406036377, 3.977718045954807, -26.96148846597366, -24.592102206771635, 1.1326823377499193, -0.822025486513543]",[1]
611,J1701.1-4930,"[2.4388954639434814, 3.887210018542909, -28.51224382578151, -26.66808082850273, 0.9228104933656196, -0.7401479620737368]",[1]
612,J1701.3-5216,"[2.478353977203369, 3.7753978427707797, -28.492660198101813, -26.96417543001992, -0.7024245106187795, -0.8252475119339737]",[1]
613,J1701.4-4654,"[2.636247396469116, 3.8879678277250234, -27.35730559381074, -25.947657571396793, 1.112196172441106, -0.8810559253990661]",[1]
614,J1702.0-5414,"[2.578315496444702, 3.8455519540939083, -27.49572888075697, -27.03194189661911, 0.9116291956053882, -0.8668528135408848]",[1]
615,J1702.1-2524,"[1.7593414783477783, 3.2160804021472775, -32.946070312768256, -27.3716526187238, -3.3068573708028604, -0.4414887739524085]",[1]
616,J1702.1-4623,"[2.510871648788452, 4.086846326082187, -28.47338318984666, -26.002444357688468, 0.2704835336477637, -0.9072973041172462]",[1]
617,J1702.8-5656,"[2.1698994636535645, 4.073720774196282, -24.645060775960403, -27.123324884792485, 1.8128943861114606, -0.8485012651783006]",[1]
618,J1703.6-2850,"[2.2268481254577637, 3.291326638996875, -29.97725418528613, -27.19494077523616, 0.32707659025299923, -0.8003093549733629]",[1]
619,J1703.9-4843,"[2.4845402240753174, 3.7233405320716577, -27.230411344695913, -26.650437739980525, 1.2821168010210569, -0.8969823954583527]",[1]
620,J1704.1+1234,"[2.583272933959961, 3.85018323197103, -26.625977030896873, -27.486375693810036, -0.739782489577126, -0.8428393226354587]",[1]
621,J1704.4-0528,"[2.1847431659698486, 3.729629516115469, -29.072908181246536, -27.194094245852515, -1.0174791539684143, -0.7191462832902533]",[1]
622,J1705.5+0948,"[2.8066091537475586, 3.8272092795269392, -25.571349092386058, -27.4635623344509, 0.5664811698405832, -0.9275649035615496]",[1]
623,J1705.5-4128c,"[2.767200231552124, 3.8105271842466553, -25.014623349123365, -25.024400209155807, 0.9905495979794645, -0.8619100193334125]",[1]
624,J1707.8+5626,"[2.75520396232605, 3.33659999377461, -26.710171620123237, -28.033867111374484, 0.2539768905774926, -0.845502626182131]",[1]
625,J1709.4-0917,"[2.4647531509399414, 3.78718540152157, -26.855530168383556, -27.136115733561017, 1.1638834698592249, -0.7555963626345845]",[1]
626,J1709.5-0335,"[2.594914436340332, 3.894003190443076, -26.415723658820905, -27.16694727292334, -0.39703858020431176, -0.8908333377138928]",[1]
627,J1709.9+4624,"[2.514125108718872, 3.7455172753072477, -27.908648424313952, -27.94125598176418, -1.077847323728004, -0.8394777531479397]",[1]
628,J1710.6-4317,"[2.5266809463500977, 3.926566619584263, -27.424584614560118, -26.20141788907765, -0.7240694156207481, -0.22500613324066815]",[1]
629,J1714.6-3327,"[2.3572256565093994, 3.9816272520803078, -28.814646273220582, -26.45949775470659, 0.7515072369008968, -0.09841119306374732]",[1]
630,J1715.4-4028,"[2.104174852371216, 4.092017944169937, -30.14756266824807, -26.444559295702796, 0.3129676539205464, -0.37905560118275344]",[1]
631,J1717.6-4404,"[2.639380931854248, 3.950833481129932, -25.823573709331313, -26.43258253721662, 0.5442947241600082, -0.8805593451753237]",[1]
632,J1719.2-2433,"[2.6649534702301025, 3.681662387814049, -25.574818070366042, -26.92116622564407, -0.8153665513571466, -0.8531491441862261]",[1]
633,J1720.3-0428,"[2.0862574577331543, 3.984980004404977, -31.367705365583706, -27.07497332483979, -2.651614597040267, -0.7767146127284006]",[1]
634,J1720.7+0711,"[2.3511152267456055, 3.7859154214722284, -27.719998727043794, -27.302281869453076, 0.47228523829566643, -0.8399090696035151]",[1]
635,J1721.4-5253,"[2.584533214569092, 3.643669428122247, -27.07269270557904, -27.05958321646546, -0.24084207442310382, -0.8808073516760375]",[1]
636,J1721.8-3919,"[2.418195962905884, 3.781764188743732, -28.15272946307227, -26.260605510771633, -1.9138776467135663, -0.8330268955635102]",[1]
637,J1722.7-0415,"[2.294915199279785, 3.5272001907751314, -28.41415327059165, -26.899105866285776, 1.3074413942247571, -0.322058536301686]",[1]
638,J1723.6-3646,"[2.3498077392578125, 3.719699199929409, -29.421081597667097, -25.634042893730832, 0.6888604185739315, -0.7187546431399164]",[1]
639,J1725.0-0513,"[2.018441677093506, 3.6071105135142214, -31.02228166645784, -27.10096928203566, -1.2555473383319538, -0.7009468121975134]",[1]
640,J1725.7-3555c,"[2.469193458557129, 3.92400107566563, -29.230509718079524, -25.31138751628428, 0.4592367972551931, -0.8597836334090957]",[1]
641,J1726.6-3530c,"[2.4324824810028076, 4.099470814977366, -27.47649419979738, -25.54591174091157, 1.173079856262848, -0.4885401741576992]",[1]
642,J1727.4+0634,"[2.6870856285095215, 3.7924830657623523, -26.565325694503574, -27.22929815368258, 0.9744845488218333, -0.9249144266862805]",[1]
643,J1727.6-0654,"[2.4591317176818848, 3.910497718623925, -27.087649473670723, -27.000019008986385, 0.5877008040367506, -0.880740833003023]",[1]
644,J1727.7-2637,"[2.488084077835083, 3.953249044288055, -24.429505850665155, -26.711339727734043, 1.8369253479270833, -0.9261372896948054]",[1]
645,J1728.0-6446,"[2.9134416580200195, 3.918601736137696, -25.447352598492415, -27.643293830667073, 0.024981092347321546, -0.942700459267491]",[1]
646,J1729.0+6049,"[2.5222747325897217, 3.4777014259772843, -29.2435857536562, -27.635583099104178, -0.8531898077241562, -0.8577227546691508]",[1]
647,J1729.7-2408,"[2.474536657333374, 3.9266372227416517, -24.8207024138471, -26.753214091095796, 1.4781140989257415, -0.8612737090238773]",[1]
648,J1729.9-0859,"[2.4482812881469727, 3.357583625617769, -24.6997975827493, -27.223379280799918, 1.6872487930074525, -0.7177497363260052]",[1]
649,J1730.6-0357,"[1.8674806356430054, 3.400252670833552, -28.038831041397252, -27.405861165409636, 1.5586226459592143, -0.640543495202917]",[1]
650,J1731.9+5428,"[2.9019229412078857, 3.671585714203331, -25.212237383322943, -27.847818564334375, 0.4502671326063702, -0.9438877689072891]",[1]
651,J1732.4-2709,"[2.3729639053344727, 3.9468202714528613, -28.589205026560794, -26.343386432839498, -1.9325775315978415, -0.7262682138532431]",[1]
652,J1732.7+5914,"[2.013831377029419, 3.505450717239447, -31.878106822362067, -28.04562477469157, 0.04818162565968446, -0.076539805464992]",[1]
653,J1733.5-2811,"[2.44575834274292, 3.7981625014845837, -28.719376109932814, -26.18259913424986, -0.6504672862348568, -0.7968108950793933]",[1]
654,J1733.5-3941,"[2.2300050258636475, 3.9596241666501775, -29.400053932096963, -26.78582736791581, 0.4728496609495795, -0.7779870171090801]",[1]
655,J1733.8-6056,"[2.581866502761841, 4.036623367082572, -26.37012344449229, -27.5710828422363, -2.4183805524381357, -0.817586959259933]",[1]
656,J1734.7-2930,"[2.526872158050537, 4.252567357898106, -27.539079625512283, -26.47868030362029, 1.6085830549600466, -0.7468929591765116]",[1]
657,J1736.0-2701,"[2.5546140670776367, 3.649381038220248, -26.722652159085975, -26.613155168604642, 1.60506425287447, -0.6529892499210701]",[1]
658,J1736.5-2839,"[2.3904407024383545, 4.045973535894879, -25.5190864931182, -26.705103966207442, 1.90282171570545, -0.6856535523517404]",[1]
659,J1737.9-2511,"[2.647509813308716, 4.166313263441015, -25.268785360153593, -26.49941020589991, 1.8156955397331576, -0.9111995320332704]",[1]
660,J1739.9-3124c,"[2.2894279956817627, 3.875722158613952, -28.56768012772833, -25.945649087580254, 1.3438114730759212, -0.8369991333318328]",[1]
661,J1740.5-2843,"[2.3976080417633057, 3.8377624924376876, -24.82487323422636, -25.825160373456278, 1.5691206815769076, -0.8292991629732832]",[1]
662,J1740.5-2726,"[2.3238229751586914, 3.7647419480202355, -24.72223409315641, -26.20199075121467, 1.8197393458431674, -0.884958074610117]",[1]
663,J1740.5-2642,"[2.301846981048584, 3.5092397304227854, -27.17251833092046, -26.70991668568805, 1.545487698841215, -0.7585503157879878]",[1]
664,J1740.8-1933,"[2.2122771739959717, 3.901026176869835, -30.07236858355585, -26.853383000486097, -1.8245117209690136, -0.78179027924014]",[1]
665,J1740.8-6755,"[2.539017915725708, 3.9221713787731787, -27.56046284554268, -27.731883270270135, -2.253648868375831, -0.8474495286351991]",[1]
666,J1741.4+0938,"[2.746201276779175, 3.8438592687864515, -25.98109799685059, -27.195301298541526, 0.9290000194712952, -0.9049324781110121]",[1]
667,J1742.4-7237,"[3.0477540493011475, 3.7632450077713933, -24.92651443540985, -27.72215412682755, -0.48230730822076345, -0.8696193039151622]",[1]
668,J1742.6-3321,"[2.361750841140747, 3.8762669499149416, -25.952041325324263, -26.466411577670453, 2.0526820598888094, -0.7300479817551896]",[1]
669,J1743.9-1310,"[2.2375235557556152, 3.869009212860592, -29.189468937024124, -27.05156978557656, 1.0755956310176553, -0.7696799092758809]",[1]
670,J1744.1-7619,"[1.7686184644699097, 3.946015088487509, -25.98271030015259, -27.363806623947777, 2.292818757625695, -0.7164778819581004]",[1]
671,J1744.5-2506,"[2.6355128288269043, 3.7281394688806695, -25.889970491271207, -26.162070605423082, 0.41241322685612536, -0.9033644195422926]",[1]
672,J1744.7-3043,"[2.3626010417938232, 4.069017429378796, -27.826232445481523, -25.777262041262667, 0.9421792345061434, -0.8517436407761547]",[1]
673,J1744.7-2252,"[2.5729331970214844, 3.921325005317849, -24.5549918005328, -26.820925219967467, 1.8204511507326993, -0.8339277318048742]",[1]
674,J1744.8-1557,"[2.434828519821167, 3.4954046215389147, -27.74879511608594, -26.931142823618405, 0.6615415231619862, -0.7850019345141751]",[1]
675,J1745.3-2903c,"[2.367213249206543, 3.8798713151369157, -25.085798753338036, -24.648008068696118, 2.76830202011447, -0.5425064812545308]",[1]
676,J1745.4+4721,"[2.558122396469116, 4.166952615504045, -27.18493025112168, -27.80094600122116, -3.870812583281024, -0.7943507035207513]",[1]
677,J1746.6+0433,"[2.5436770915985107, 3.6853849100189966, -27.714886876320904, -27.09807080787091, -2.2475293202400146, -0.8515866165446895]",[1]
678,J1747.0-3506,"[2.666926383972168, 4.166502923355801, -24.834286298259357, -26.6954537839052, 0.6126535365980017, -0.8912353795084899]",[1]
679,J1747.0-2828,"[2.0454766750335693, 4.506602310019139, -23.4985664282874, -25.50399438893791, 2.4974384713728415, -0.8132447214335079]",[1]
680,J1747.3+0324,"[2.35400390625, 3.695258410638524, -28.676340082073636, -27.073771814555574, 0.12304995364204162, -0.8458827790119147]",[1]
681,J1747.7-2904,"[2.515442371368408, 4.179679076638622, -27.52659008894892, -24.92859055911503, 1.13102323105739, -0.8583854954118417]",[1]
682,J1748.0+2701,"[2.2776076793670654, 3.729787901195889, -29.314927095349944, -27.794922494973484, -1.2649270668347068, -0.7669770691968539]",[1]
683,J1748.3-2815c,"[2.271907091140747, 3.5281277475219808, -27.763781787000386, -26.406882380758024, 1.969410616362878, -0.171971967165686]",[1]
684,J1748.5-3912,"[2.3035268783569336, 3.951272255044188, -27.5253913355439, -26.968959479771353, 1.0271976283521063, -0.8389929415311304]",[1]
685,J1749.2-2911,"[2.5724856853485107, 3.732293819178745, -26.858030844892994, -25.679925164386606, 1.925997483487302, -0.12555127822072526]",[1]
686,J1749.6-3133,"[2.5791304111480713, 4.260570328773653, -26.27431940932661, -26.457631134241762, 1.6426436660936334, -0.8743150894824568]",[1]
687,J1749.7-0305,"[2.4251716136932373, 3.8589960957106957, -27.245442126164928, -27.00049791646796, 0.17907543033961637, -0.8595517412115321]",[1]
688,J1750.9-2220,"[2.455277681350708, 3.7822245224216546, -28.409738176083817, -26.433983752167997, -1.832461632064802, -0.7958989280096213]",[1]
689,J1753.6-4447,"[2.165799379348755, 3.7144063929273665, -28.286772784140997, -27.38682436721775, 1.394640799226192, -0.7854862847516799]",[1]
690,J1754.0-2930,"[2.621753692626953, 4.08887825602846, -25.545805664009382, -26.19842236001607, 1.8983758764124554, -0.9010605055530199]",[1]
691,J1754.0-2538,"[2.1505069732666016, 4.20308049352395, -27.391434146268406, -26.329007863322246, 2.0583207034054505, -0.035898228928277896]",[1]
692,J1754.0-3321,"[2.411621570587158, 4.169030611784057, -27.564992944432376, -26.71588681597578, 1.1701801218011398, -0.8163610490870651]",[1]
693,J1757.7-6030,"[1.5035829544067383, 3.8102137631976256, -29.722201646899983, -28.102470471439656, 1.4507200517503602, -0.19841113295072083]",[1]
694,J1757.8-3126,"[2.41951847076416, 3.651764683831775, -27.62207463277056, -26.633988237670945, 0.9717854976889514, -0.79246288725681]",[1]
695,J1758.8-2402,"[1.9936635494232178, 4.004247332580519, -30.84230938125882, -25.901718195671986, 1.0580790435823988, -0.09510521801782251]",[1]
696,J1758.8-2346,"[2.079918146133423, 3.732863284358806, -29.869825006547615, -25.779908070574493, 1.2186546031393517, -0.19943186968655535]",[1]
697,J1758.8-4108,"[2.1034414768218994, 3.957340714025624, -29.718466310447415, -27.310334967285073, 1.0141578220465173, -0.6751043498405935]",[1]
698,J1759.2-3848,"[2.236286163330078, 3.4800222836205466, -29.087395143080705, -27.10923270255748, 1.2504443526240583, -0.42700241801150957]",[1]
699,J1759.6-2141,"[2.2866268157958984, 3.6185656209284316, -29.164818968323143, -26.188970556520456, 0.9438675582381378, -0.8568109263409083]",[1]
700,J1800.0-2955,"[2.663187026977539, 3.9712879170672726, -26.430671618513173, -26.420795039612194, 1.1656892167831066, -0.8489891979061254]",[1]
701,J1800.8-2402,"[2.3386693000793457, 3.842670016180377, -27.87729258862295, -25.711199819073066, 1.6921676594822492, -0.7682803820801796]",[1]
702,J1801.5-7825,"[2.754857301712036, 4.487467789780456, -25.506975397891647, -27.551747156802065, -0.8488562453833316, -0.8647646914470354]",[1]
703,J1801.6-2213,"[1.9676425457000732, 3.69080887743723, -31.47695096495807, -26.191870913930337, 0.6099539745201136, -0.0021155520339486617]",[1]
704,J1802.4-3043,"[2.1106886863708496, 3.6350046975873282, -30.097147359434505, -26.870991560674344, 0.7756674701073021, -0.7699147301416158]",[1]
705,J1803.1-2728,"[2.3359670639038086, 4.047785193880314, -28.559951142551885, -26.623212438031615, 0.7148798172116382, -0.8528681737526791]",[1]
706,J1803.3-6706,"[2.2163150310516357, 3.761136417091903, -28.435801984981506, -27.655803942204606, 0.5859432230196092, -0.8217579321991806]",[1]
707,J1804.1+2532,"[2.713649034500122, 3.9832803094424767, -26.061866805680562, -27.595707705399562, 0.9918184864681648, -0.8703344413567319]",[1]
708,J1804.5-0850,"[2.7494187355041504, 4.01528598588221, -24.83056365821167, -26.746114930694617, 0.433973903970351, -0.849282482254433]",[1]
709,J1805.9+3407,"[2.5990869998931885, 4.050758831873694, -27.59659864000318, -27.6399252985621, 0.29079719075710725, -0.881864031871878]",[1]
710,J1806.2+2744,"[2.47188663482666, 3.766306468498856, -27.942678421698574, -27.634316446639588, 0.8923187038691391, -0.7813455227705989]",[1]
711,J1806.7-2451,"[2.2089338302612305, 3.730140835732119, -30.54241865869901, -26.47448532367179, 0.7771982068839248, -0.8149778897147639]",[1]
712,J1806.8+5346,"[2.5622665882110596, 4.207039489109122, -27.461063432899277, -27.857330410857113, -2.191509854064343, -0.7911983733514065]",[1]
713,J1808.3-3357,"[2.2299768924713135, 3.929574973634987, -27.563777091456473, -27.268057948342577, 1.5024472991201077, -0.7970527232533622]",[1]
714,J1808.4-3519,"[2.3089606761932373, 3.3477437745428786, -28.684520392949562, -27.218840655252365, 1.0659448518577748, -0.8626302267004426]",[1]
715,J1808.4-3703,"[2.190946102142334, 3.6040789533678925, -29.47207286903446, -27.368274422065852, 1.1721662439936944, -0.8064586172396622]",[1]
716,J1809.0+3517,"[2.4414024353027344, 3.6375857581792244, -28.816959145198958, -27.672972691245473, 0.06681039212321878, -0.8046530706330162]",[1]
717,J1809.2-2725,"[2.3088901042938232, 3.6240510757048776, -29.121779678987767, -26.820089602666258, 0.8841501504578166, -0.07682571697839728]",[1]
718,J1809.2-2016c,"[2.325756549835205, 3.74119544162012, -29.017276884191617, -25.67392274831838, 0.5210285661443086, -0.8629662640492637]",[1]
719,J1810.7+5335,"[1.7802610397338867, 3.7224958324055195, -32.22342853415912, -27.868288520153303, 0.9109114901615981, -0.20830770382153596]",[1]
720,J1810.8-2412,"[2.323824405670166, 4.127571011019635, -29.009088553560456, -26.172286075682532, 1.3445259211265186, -0.13168988252389507]",[1]
721,J1813.6-6845,"[2.3780393600463867, 3.8153497907905125, -28.423349240008115, -27.72131860720104, 0.851626368671668, -0.7353080390462099]",[1]
722,J1813.6+2820,"[2.2067995071411133, 3.658713168540738, -29.896491550836107, -27.684776687661145, -0.05559458057620277, -0.7969452806920648]",[1]
723,J1813.6-1148,"[2.874154806137085, 3.455252957999292, -23.45719842834628, -26.05759699534818, 1.9737156225342425, -0.8973841090994892]",[1]
724,J1814.0-1757c,"[2.181225299835205, 3.9134790067112295, -30.179845799332423, -25.62246080529516, 0.9356069417851958, -0.10118700945605745]",[1]
725,J1814.1-1734c,"[2.546543836593628, 4.041392574312088, -25.04817332704932, -25.456865019622782, 0.944681777405251, -0.890556615192304]",[1]
726,J1815.1+5919,"[2.690929412841797, 3.845370516408102, -26.725173290897274, -27.81710662043825, 0.9405656874694942, -0.9223926651973937]",[1]
727,J1816.0-6407,"[2.5417749881744385, 3.9366270386858044, -26.477772691247296, -27.642299030794522, 0.690478759425632, -0.8872098034425016]",[1]
728,J1816.2-2726,"[2.422501564025879, 3.8738987307613635, -27.285921402872777, -26.94716061831153, 0.13249407670596214, -0.8626471992576855]",[1]
729,J1816.5-1145,"[2.4806573390960693, 3.877060510544384, -28.326153709567464, -25.976011648168523, -1.0250910898725027, -0.8544583899143173]",[1]
730,J1817.3-3033,"[2.1827378273010254, 4.0385049392550165, -30.12535250636831, -27.168106487897212, 0.11629504492397656, -0.8414021715030657]",[1]
731,J1817.7+2530,"[2.589167833328247, 3.9477991366683214, -26.91361174716877, -27.548574209032022, 0.7779108953595157, -0.8751831146509028]",[1]
732,J1818.5+1320,"[2.0075881481170654, 3.6127221822759297, -30.620374630132545, -27.549404722388424, 0.8733021871626949, -0.7484635018265524]",[1]
733,J1819.5-2045c,"[2.45584774017334, 3.9305935495825635, -27.849279566188272, -26.53069343310623, -4.098962184152492, -0.8569536802015183]",[1]
734,J1819.5-1345,"[2.4776079654693604, 4.354327578929477, -26.820719022647477, -25.84829010400661, -1.2385227440630067, -0.8756049567644851]",[1]
735,J1820.3-1529c,"[2.3306689262390137, 3.807518565154859, -29.70184783422682, -25.479177115695737, -1.821580620259249, -0.8864541955863794]",[1]
736,J1820.4-3217,"[2.343928337097168, 3.833820016025277, -27.631553496460192, -27.196218056118532, 1.199160423021052, -0.84977382932073]",[1]
737,J1821.6-1436c,"[2.2906432151794434, 3.86572930288694, -28.252363640449104, -25.694395304852385, 0.8915966768503397, -0.06400255739565677]",[1]
738,J1821.9+6636,"[2.040815591812134, 3.492371749526937, -31.09303041653846, -28.06256289844311, 0.6334608617524177, -0.7541219967153421]",[1]
739,J1823.2-4722,"[2.041503429412842, 3.584084201570625, -29.930262856721235, -27.624046217218087, 1.2600248567666674, -0.41259650748855525]",[1]
740,J1823.2-1339,"[2.2214150428771973, 3.861609836055245, -25.961513192779943, -25.562810121483086, 1.5807141439163814, -0.7780287724517351]",[1]
741,J1824.2-5427,"[2.205980062484741, 3.8114968074677167, -29.597238785418458, -27.685334238361833, 0.8055076775987118, -0.7155522883169966]",[1]
742,J1824.3-0620,"[2.2436373233795166, 3.738905633450998, -28.371043419233672, -26.603550094161637, -1.3734106046132466, -0.7980266661552917]",[1]
743,J1827.3-1446,"[2.479290723800659, 3.688897478396078, -27.645380109825272, -26.585903773622224, 1.3827083822342319, -0.3697762300153949]",[1]
744,J1827.6-0846,"[2.3622095584869385, 3.9439880213630594, -27.39402496227787, -26.23086162051061, 0.353053683320449, -0.8524777651553851]",[1]
745,J1827.7+1141,"[2.112034320831299, 3.653289296137769, -29.32896160374409, -27.35791424265594, 1.337207315794163, -0.3673656628097469]",[1]
746,J1829.2+3229,"[2.2854561805725098, 3.8835439842404536, -28.644233878382533, -27.684897852969502, 1.2602070265266665, -0.7434158166961772]",[1]
747,J1829.2+2731,"[2.6200265884399414, 4.038603627242671, -25.947404256687918, -27.541599414835577, 1.0495047509331599, -0.9107391316300921]",[1]
748,J1829.2-1504,"[1.6057833433151245, 3.5113846392605055, -33.33478050557591, -26.729648186391408, 0.9146887069771693, -0.6810025489298998]",[1]
749,J1829.3-0135c,"[2.4112813472747803, 3.695634541154372, -29.107683339681785, -26.091438546411933, 0.5506841645065415, -0.7744560102225322]",[1]
750,J1829.9-0203c,"[2.3856918811798096, 3.582779461551418, -29.134644501699274, -25.897594575056992, 0.7686655615478367, -0.3857710350916203]",[1]
751,J1830.7-1630,"[2.4390835762023926, 3.891989843137965, -26.744938945994036, -26.53019712120557, -1.974641073089329, -0.8508728431361281]",[1]
752,J1830.8-3136,"[2.1878325939178467, 3.7104224055573454, -29.130291663287085, -27.331647402204776, 0.8832794826877738, -0.7384086483008412]",[1]
753,J1831.6-6503,"[1.9585334062576294, 3.564744930051888, -29.522511935162786, -28.39739613778248, 1.5073090459622067, -0.6747049649973192]",[1]
754,J1831.7-0230,"[2.8546180725097656, 3.4373684406108915, -26.101650750930055, -25.777182288872737, 1.4241447971029033, -0.8989836048435734]",[1]
755,J1831.7-0157c,"[2.5395941734313965, 3.6423015351477535, -28.57494873916062, -25.607070846415553, -2.0265188698539456, -0.8413648120659708]",[1]
756,J1834.8-0630c,"[2.2121224403381348, 3.5841797223554166, -30.24409216843294, -25.844130420575684, 0.2803121959079628, -0.5201161105844366]",[1]
757,J1837.3-2403,"[2.401394844055176, 3.7780408101750194, -27.9121447232182, -27.10937529652866, 0.32989712011804984, -0.8458886753043654]",[1]
758,J1837.6-0717,"[2.0374574661254883, 3.7199413575578246, -31.0996380995191, -25.726430593424457, -0.2622329938537373, -0.8118272916167275]",[1]
759,J1838.1+3827,"[2.7249722480773926, 3.8258074598074847, -26.007428680177043, -27.793009658091062, -0.7582259451572632, -0.8921875112355464]",[1]
760,J1838.9-0646,"[1.9216511249542236, 3.9151941652190265, -30.65841763950697, -25.988371446249754, 0.3019767382803945, 0.3277673384886409]",[1]
761,J1839.3-0552,"[2.5495450496673584, 3.6225887069928953, -26.650941412771296, -25.327443823813564, 2.1736642885131436, -0.7161647052702917]",[1]
762,J1839.9+7646,"[2.552926540374756, 3.699648042590002, -27.711862589146055, -27.997328653926726, -0.03049143875493199, -0.8769494604084478]",[1]
763,J1840.5+6116,"[2.732236862182617, 3.9630217274723423, -26.64619787356334, -27.605646411918155, -0.7804163212517927, -0.8807407837458211]",[1]
764,J1842.2+2742,"[2.1333651542663574, 3.655811132328976, -29.09879862148809, -27.485190803278925, 0.8887111869941808, -0.7667226624855915]",[1]
765,J1843.0-0359c,"[2.5438976287841797, 4.012306744598433, -27.782554278110055, -25.786745401565934, 1.4861995859063, -0.6210694035257089]",[1]
766,J1843.7-0322,"[2.7336184978485107, 4.2573961803723135, -24.655312052470595, -25.75257687668458, 2.0726804317083323, -0.8871864042627424]",[1]
767,J1844.3-0344,"[2.2825231552124023, 3.8018258984237554, -27.851962656929107, -26.075089191215305, 1.7458009949339832, 0.04134108808984392]",[1]
768,J1844.7-1224,"[2.2779133319854736, 3.9595748427333857, -29.752924514049027, -26.608277584687993, -0.3491996823530388, -0.7969538912005399]",[1]
769,J1845.5-2524,"[2.281831741333008, 3.6999921574696595, -27.669721022587428, -27.166975084894244, 0.6381788079829244, -0.8374603868210089]",[1]
770,J1848.4-0141,"[2.585076093673706, 3.9633103832027343, -25.318420701879006, -25.54504146676233, 2.330614829447537, -0.8479875126356313]",[1]
771,J1848.6+3232,"[2.4460947513580322, 5.264144882050999, -26.69440597473542, -26.365089535872, 1.8012112692709445, -0.8193383922032063]",[1]
772,J1849.5-0124c,"[2.2836320400238037, 3.604054973562002, -29.527653188320986, -25.49173800588168, 1.1100801764869581, -0.865767511421525]",[1]
773,J1850.5-0024,"[2.41947603225708, 4.1630684529026265, -27.224168112405803, -25.64944088452204, 1.298667176113763, -0.8402670032852132]",[1]
774,J1851.2+0423,"[2.6713528633117676, 3.8989528081186937, -23.58996478685305, -26.32953372304922, 1.556643412294519, -0.9221841468100415]",[1]
775,J1852.8+0158,"[2.5472729206085205, 3.9984835792032394, -24.987896093973966, -25.7636564222563, 1.1869999430755278, -0.8824024608973374]",[1]
776,J1855.4+0454,"[2.542768716812134, 3.6533297138034566, -26.105076995221104, -25.97295576949241, 0.9082463584548455, -0.8654866078378974]",[1]
777,J1855.6+0753,"[2.6018259525299072, 3.4338126976234946, -25.326897210743525, -26.37048263724916, 0.8299958450812555, -0.899728555362832]",[1]
778,J1856.1-1217,"[2.5889039039611816, 3.9293946628994982, -26.548341964818494, -26.920725646496567, 0.864720934098078, -0.8111788571203528]",[1]
779,J1857.0-7341,"[2.9040427207946777, 3.9138221519841374, -25.236144124768398, -27.635423985548222, -0.22539734172484907, -0.9274445621785843]",[1]
780,J1857.2+0059,"[2.2630648612976074, 4.045430746533013, -27.78138489493274, -25.468670515531183, 1.645447718262692, -0.7807852495159978]",[1]
781,J1857.8+0129c,"[2.342689275741577, 3.7250898795274896, -29.738381007111407, -25.455813368725376, 1.1850956476784327, -0.7960528685692885]",[1]
782,J1857.9+0355,"[2.6871821880340576, 4.017835742731923, -26.79982355882764, -25.860220549612304, 1.7063200718621867, -0.28000985078859814]",[1]
783,J1857.9+0210,"[2.5917632579803467, 3.924296015793905, -26.664719703036013, -25.70164884321704, 1.854955030817234, -0.8615721595810409]",[1]
784,J1857.9+7319,"[2.644200325012207, 3.610745411590411, -26.819127006709824, -27.962828469551695, -0.41841331419200173, -0.804141852919512]",[1]
785,J1857.9+5549,"[2.9611616134643555, 3.6022634790119232, -25.02418987334819, -27.505004812421532, 0.2885044868904557, -0.7724996522726827]",[1]
786,J1858.0-5423,"[2.1192550659179688, 3.6571764326795386, -29.557904858527348, -27.717327777319042, 0.7953873339274412, -0.5837116453441268]",[1]
787,J1859.6+0102,"[2.6649653911590576, 4.228503911123877, -27.316376398671515, -25.81646107254896, 1.4632946257581885, -0.7609526985653465]",[1]
788,J1900.3+0411c,"[2.221728563308716, 3.719816541361069, -29.676830111368165, -25.782498289732477, 0.5812657354593106, -0.7896102852460266]",[1]
789,J1900.8+0337,"[2.6127915382385254, 3.8257687880099116, -23.68089916205224, -25.941512070771743, 1.8891412232921823, -0.8734944827762631]",[1]
790,J1901.1+0728,"[2.737469434738159, 4.013500664481535, -26.736597575180184, -26.071169462496044, 1.6195342486638944, -0.8692840936216146]",[1]
791,J1901.5-0126,"[2.6182117462158203, 4.1004259248574115, -25.079148333602944, -26.570886479973044, 0.4666081699455124, -0.8722968529624818]",[1]
792,J1902.3-3702c,"[2.316495895385742, 3.7228716293534667, -27.82240975021577, -27.366560672411396, 1.1490476553009819, -0.6738474873793566]",[1]
793,J1902.6+0655,"[2.2307350635528564, 3.4852493286186066, -29.86966449104139, -26.04297390565414, 0.5898718176284732, -0.07792404264971889]",[1]
794,J1903.9+0052,"[2.144115686416626, 3.8767260114130133, -30.68219460844671, -26.530524962426025, -3.106146644330631, -0.5519759739346687]",[1]
795,J1904.7-0708,"[2.5870308876037598, 4.060321195897386, -25.857073406419126, -26.890785416390507, -1.8139801059693852, -0.8816200926167141]",[1]
796,J1904.9+0818,"[2.296990156173706, 3.872819912969229, -29.740862165980978, -26.148779389445156, 0.15702714616094668, -0.501869225379444]",[1]
797,J1906.6+0720,"[2.356557846069336, 3.73061210563755, -26.259491907807842, -25.88039605567043, 2.125279203590955, -0.7968580503481599]",[1]
798,J1908.9+1022,"[2.585359811782837, 3.704870019493965, -26.12813208813199, -26.19238832487108, 1.2387872111265594, -0.8518807114912882]",[1]
799,J1911.1-5318,"[2.4525632858276367, 3.6761735716377344, -27.69266364106598, -27.7369206051887, 1.2222444825661725, -0.8856935957770817]",[1]
800,J1911.7+0307,"[2.322223424911499, 3.9692499585519827, -28.634354666217224, -26.71488383611481, -1.5815084236741037, -0.819054976115312]",[1]
801,J1912.7+4610,"[2.387470006942749, 3.7728306525455912, -28.47205994001914, -27.837662815975506, -0.550712533395879, -0.841143738071727]",[1]
802,J1915.2+0954,"[2.6077613830566406, 3.951821038378644, -24.175316309122227, -26.20285294763642, 1.6436006064363615, -0.8416465727678644]",[1]
803,J1917.1-3024,"[2.2369213104248047, 3.8302529677997303, -28.15536046457802, -27.393542359961923, -0.9256553280957887, -0.7950983067785321]",[1]
804,J1919.0+0452,"[2.5962674617767334, 3.7747149589658555, -26.801319661867698, -26.739193442843224, -0.17448200237057168, -0.8046345085755625]",[1]
805,J1919.9+1407,"[2.6945111751556396, 4.215524193786778, -26.842175119041052, -25.95957037801286, 1.405031231936145, -0.8485834353541495]",[1]
806,J1921.2+1506,"[2.5696897506713867, 3.814167688874553, -24.290776175350253, -26.338127779981654, 1.9874442792115719, -0.8764005284970416]",[1]
807,J1921.6+1934,"[2.4935832023620605, 3.7432891966089263, -27.665315446754537, -26.66044888291428, 0.48772814378101365, -0.8815851002280782]",[1]
808,J1922.2+2313,"[1.6248365640640259, 3.77568188307458, -33.499040459939366, -27.43285068195627, 0.45873705039512214, -0.11128090361749136]",[1]
809,J1923.2-7452,"[2.2185771465301514, 3.9284148687759086, -28.730105907090735, -27.666711551810653, 0.42890212997741217, -0.7882360375720063]",[1]
810,J1924.8-1034,"[2.343090295791626, 3.884082335290507, -27.353476619409808, -27.217216361398712, 0.05365483523749889, -0.8581218121937427]",[1]
811,J1925.4+1605,"[2.383178949356079, 3.588633004353274, -26.721945132691427, -26.175518602396682, 0.024512886982922408, -0.8312240426397037]",[1]
812,J1925.4+1727,"[2.246230125427246, 3.8571565528092266, -26.312180999682088, -26.37721049374944, 1.8384248012651785, -0.8046921250011941]",[1]
813,J1925.8-7826,"[2.5087974071502686, 3.7105860082666835, -27.390764510668514, -27.42930193971373, -0.07951987322203208, -0.8857062544774482]",[1]
814,J1928.4+1838,"[2.4155983924865723, 3.7296387635640547, -27.922906140100697, -26.226766999424534, 0.33611580545100694, -0.6466460638119804]",[1]
815,J1928.9+1739,"[2.633268117904663, 3.8683715130708047, -27.297626382315652, -26.2054993611501, 1.6408165017308602, -0.8529785566122496]",[1]
816,J1931.1+1659,"[2.373196601867676, 3.952628008634051, -27.819902513441193, -26.268789981429695, 1.3372610281203472, -0.6906311350047666]",[1]
817,J1934.2+6002,"[2.140348434448242, 3.5744531359887266, -30.305496811423573, -27.961625222254817, -0.144723235701131, -0.7708407494880177]",[1]
818,J1935.2-7924c,"[2.5606138706207275, 3.8125500212475094, -27.24145866782044, -27.29143539939317, 0.6310905978189627, -0.7926513163557021]",[1]
819,J1936.6-4215,"[2.30818510055542, 3.4934856902691585, -28.687419894124734, -27.701693459358975, 1.0045721366418774, -0.8274931924948437]",[1]
820,J1943.8+2518,"[2.353119373321533, 3.700850701936561, -27.85455737860381, -26.609615400599253, -0.24624968381558757, -0.8329675829115795]",[1]
821,J1944.0-0535,"[2.346046209335327, 3.9356802385672482, -29.35113711752495, -27.266150777355296, 0.2594346363487592, -0.7067272246214851]",[1]
822,J1944.1+3919,"[2.1844570636749268, 4.012760822832094, -29.75094026891846, -27.50004175052504, -0.15268107522010882, -0.7950717434296426]",[1]
823,J1944.8+4300,"[2.016129970550537, 3.682516844533517, -31.30683407401564, -27.686505053296546, 0.16100713142675668, 0.009511452664898789]",[1]
824,J1945.3+7329,"[2.543139696121216, 3.6241473310661516, -27.92218251602232, -27.71072500857815, 1.014095297748608, -0.8868304250318484]",[1]
825,J1946.4-5403,"[1.8963062763214111, 3.6809872550896605, -26.35159084344569, -27.710863920699197, 1.9256608885577695, -0.7259081320259417]",[1]
826,J1947.4-1121,"[2.2779924869537354, 3.72373968180421, -28.66320682694812, -27.38841669771443, 1.125912333583794, -0.8662423668537217]",[1]
827,J1947.9-0743,"[2.390254259109497, 3.968947517064304, -27.892298157646017, -27.343366722116073, 0.6426229169537826, -0.8233156699078272]",[1]
828,J1948.1-7059,"[2.580522060394287, 3.5757696321836985, -28.188539551335047, -27.62770560264339, -1.5656543804741603, -0.8498362149675561]",[1]
829,J1949.3+2433,"[2.773186445236206, 3.741709114797656, -26.93908225346649, -26.674569246589225, 1.6108408318434857, -0.8393820780287229]",[1]
830,J1949.5-1454,"[2.3194594383239746, 3.9314866656087077, -28.094275562722217, -27.430211537952143, 1.2094980735499639, -0.6105315240395466]",[1]
831,J1949.6+2355,"[2.294292688369751, 3.4023077955030625, -29.366035513419597, -26.5609909098293, 0.5061929747079739, -0.7708447493438703]",[1]
832,J1949.7-8109,"[2.3254239559173584, 4.084510972728427, -28.600003348827038, -27.428489497721174, 0.6448174128970776, -0.7844482682402554]",[1]
833,J1950.2+1215,"[2.6260316371917725, 3.91487302047446, -25.66567691996447, -27.070204509435456, 1.3450116680853947, -0.9168884645046976]",[1]
834,J1951.3+6909,"[2.6977553367614746, 3.852727146525662, -26.382654545383797, -27.75274974472032, 0.3270305182243597, -0.8619980530146135]",[1]
835,J1951.8-1102,"[2.104773998260498, 3.6073907338801905, -30.627589540857734, -27.394649192786456, 0.7639885977633966, -0.09189712926822229]",[1]
836,J1953.3+3847,"[2.5598127841949463, 3.6322857701309124, -27.358543984777143, -27.0536376693107, 0.8229025320075198, -0.8805965454907467]",[1]
837,J1953.4+7653,"[2.3555235862731934, 3.9649377491433584, -29.23085959585738, -27.78296185665375, -0.25303188593062464, -0.8259757490099]",[1]
838,J1955.7-7019,"[2.2016854286193848, 3.64604481196255, -30.416551428542228, -27.79976025147317, 0.17908240680034027, -0.7416382898878691]",[1]
839,J1957.9-0712,"[2.378793716430664, 3.7048043191294644, -28.299561930640504, -27.448373217321652, -0.26149639223805105, -0.8485540334134196]",[1]
840,J1958.1+2436,"[1.6788126230239868, 3.856053782542874, -33.23365129953355, -27.118577246702902, -2.7322408925471016, -0.19705228402059213]",[1]
841,J1958.1-0243,"[2.7404353618621826, 3.719996086858121, -25.538126943729818, -27.339496356829343, 0.18057355423069554, -0.8991142668326748]",[1]
842,J1958.2-1413,"[2.4146227836608887, 3.470729488974482, -27.777988655580955, -27.45530836937687, 1.319858199638527, -0.7668955070093763]",[1]
843,J1958.6+3844,"[2.6373605728149414, 4.19660139711807, -27.14033016214719, -26.936443166014225, 0.41284215803345176, -0.9026271392168514]",[1]
844,J2004.4+3338,"[2.296311140060425, 3.9178647501056316, -26.299527416602253, -26.605729104464118, 1.2148442953727572, -0.8212505966336014]",[1]
845,J2005.7-8241,"[2.6797797679901123, 4.21246323490545, -26.5862530690481, -27.535433146972114, 0.24746997897095813, -0.901291293824938]",[1]
846,J2006.5-0939,"[2.4369430541992188, 3.504375265034963, -27.86172275612167, -27.553301902604733, 0.9875486575462152, -0.7074248779959192]",[1]
847,J2006.6+0150,"[1.8722081184387207, 3.403392427146009, -31.15875408132606, -27.6073388911064, 1.0385409577859128, 0.2459390878442383]",[1]
848,J2009.2-1458,"[2.6399261951446533, 3.5515669877303253, -26.37371631894609, -27.39344027618748, 1.0810157499184685, -0.9241929238747806]",[1]
849,J2010.0-2120,"[2.0527944564819336, 3.669913831091962, -30.18114115248032, -27.640642387764505, 1.0963462566386102, -0.009037925470347818]",[1]
850,J2011.1+4203,"[2.53597092628479, 3.7122143226985282, -27.426393150178892, -26.782545085341557, 1.3362102970591565, -0.8543770477037983]",[1]
851,J2014.5+5246,"[2.4228744506835938, 3.892437932590279, -29.47176752555976, -27.42080017611822, 0.9163265893855637, -0.5064105437725569]",[1]
852,J2015.3-1431,"[1.770341157913208, 3.4974853796996763, -32.58482766976515, -27.708950675011142, 0.2092492339455623, -0.12709450231687064]",[1]
853,J2017.9+3627,"[2.614499092102051, 3.6853580175976286, -26.020750020053786, -26.192494308850105, 2.53181588385841, -0.6245494745258767]",[1]
854,J2018.6+4213,"[2.2688827514648438, 3.582189268622668, -28.16242101342266, -26.500212179961746, 1.0973672868834479, -0.8158761090063257]",[1]
855,J2022.2-7220,"[1.949418306350708, 3.655284215172534, -31.533055160613504, -28.003278635722264, 1.105080048121771, 0.04954496380325629]",[1]
856,J2023.5+4126,"[2.5399656295776367, 3.890889779838621, -24.30581843302269, -26.441189904353646, 2.1757944973065695, -0.8302641357783033]",[1]
857,J2024.6+0309,"[1.913824439048767, 3.9475304878740554, -30.5821850906785, -27.500714500317326, 0.856485254886128, -0.41611750351257937]",[1]
858,J2024.6+3747,"[2.3880677223205566, 3.9128015109078516, -25.79118613813241, -26.4622946658791, 1.635337380769087, -0.7719431014574873]",[1]
859,J2024.8-2331,"[1.9498870372772217, 3.627868638845554, -30.969298447734793, -27.799278031929727, 0.7884865337030397, 0.17081379003881908]",[1]
860,J2025.1-2858,"[2.1865150928497314, 3.492683829091769, -30.305043511813814, -27.69016031625584, 0.29416788408842137, -0.7552188684368586]",[1]
861,J2026.3+1430,"[2.1590123176574707, 3.886618492463133, -29.22436838104875, -27.594210224373033, 0.7282762355653746, -0.7524262374665832]",[1]
862,J2026.4+4709,"[2.56097149848938, 3.887194610914748, -27.13835605564007, -26.97415297200348, -0.6714706524518195, -0.7956934064595166]",[1]
863,J2026.8+4003,"[2.610917806625366, 4.02044863540932, -24.634589997058825, -26.324458944981238, 1.8442295924275443, -0.47447094008951896]",[1]
864,J2026.8+2813,"[2.1256227493286133, 3.6101450863446427, -26.63287586279686, -27.22861647796403, 1.3673322613522758, -0.858641688940501]",[1]
865,J2028.5+4040c,"[2.187411308288574, 3.8875008418725243, -29.915030715992547, -26.311373831540347, 1.3108829123928147, -0.7943208597247792]",[1]
866,J2028.7+1012,"[2.4534459114074707, 3.383688500806473, -28.88941575856241, -27.46207363512995, -2.1010103518780086, -0.8414468579206202]",[1]
867,J2029.5-4232,"[2.4955501556396484, 3.6856305450348286, -27.044036700852118, -27.692068568324352, 0.9567202848973652, -0.9138213878081043]",[1]
868,J2030.5-1439,"[1.8650038242340088, 3.676122958826694, -32.195633729048275, -27.835516076416873, -0.3727957054542202, -0.5373122212233671]",[1]
869,J2032.5+4032,"[2.7953104972839355, 4.950921378829103, -24.715445004166885, -26.166114953574564, 2.452133118768536, -0.7101357669726444]",[1]
870,J2032.5+3921,"[2.648052215576172, 3.9001814724009463, -26.920734705569558, -26.328476621171884, 1.8865945630384957, -0.7075618152059017]",[1]
871,J2033.3+4348c,"[2.2425448894500732, 3.673381116266636, -30.35358688458874, -26.382791703947714, 0.7360089101170018, -0.10704132447324355]",[1]
872,J2034.4+3833c,"[2.5231189727783203, 4.021102435052675, -24.190264666719113, -26.538262843437906, 1.6345077367348984, -0.7839092178955603]",[1]
873,J2034.6+4302,"[2.6670782566070557, 3.7233147333929355, -25.16986036836654, -26.382995547364683, 1.9612073982943854, -0.8681390586937786]",[1]
874,J2034.6-4202,"[1.9480119943618774, 3.7392076652292134, -30.552375800137664, -27.663478801979224, 0.6915566777369999, -0.19327132240518136]",[1]
875,J2035.0+3634,"[1.8908002376556396, 3.96236596206577, -27.97005036355265, -27.031451147515483, 1.7917593897551922, 0.0046954980455808926]",[1]
876,J2035.6+3146,"[2.67502498626709, 3.815147995653578, -26.847556455480117, -27.045081689054335, 0.1536277593037743, -0.8305540259441736]",[1]
877,J2035.8+4902,"[2.095409870147705, 3.791092292222956, -31.300975466091867, -27.08069029129541, -0.828324743096402, -0.74452386804524]",[1]
878,J2036.8+4234c,"[2.2527246475219727, 3.739637699000699, -29.516091296779194, -26.200629131079385, 1.3486074718581835, -0.8092641108172062]",[1]
879,J2037.4+4132c,"[2.178102731704712, 3.7103130110622993, -29.967350125611333, -26.19921704476254, 0.81361237481353, -0.7371524217952936]",[1]
880,J2038.4+4212,"[2.6963083744049072, 3.821404750831657, -26.789135408994856, -26.06633713751639, 1.9579565243383867, -0.7785322270699998]",[1]
881,J2038.8-3613,"[2.447906970977783, 3.656353633889347, -26.96930826846689, -27.667197625472912, -0.11160817374354422, -0.8436494440379466]",[1]
882,J2039.4+4111,"[2.843832015991211, 3.8153316384591727, -25.34458035509555, -26.257328800849542, 1.9328478112313676, -0.8442318534597945]",[1]
883,J2039.6-5618,"[1.9697624444961548, 3.5437115138468607, -26.530999999894764, -27.30938289957617, 1.629981027352032, -0.7631615170276949]",[1]
884,J2039.7+1237,"[2.0974948406219482, 3.618419095894183, -30.950928767658223, -27.68092752921953, -1.3602255901570752, -0.7909705723303926]",[1]
885,J2041.1+4736,"[2.1398167610168457, 4.030332635807625, -24.922816684887117, -26.779156418697195, 1.7477098523783454, -0.8343931106315731]",[1]
886,J2042.3-5416,"[2.5529985427856445, 3.880196572867539, -27.5970806136232, -27.734601972319698, -0.6779782740822308, -0.8932745379528978]",[1]
887,J2042.4+4209,"[2.6338536739349365, 3.9100803543219262, -26.989544767143414, -26.33511550433013, 1.6351441623448164, -0.8371379638828861]",[1]
888,J2043.1+4350,"[2.4561870098114014, 3.933257063959862, -24.12782181665637, -26.715344929163383, 1.6109816726155126, -0.8617780285216836]",[1]
889,J2043.6+0001,"[1.6896612644195557, 3.728957244781233, -32.490840188763485, -27.709536062351027, 0.8565799144133435, -0.02025356837398396]",[1]
890,J2043.8-4801,"[2.243915319442749, 3.560894588634025, -28.231230327864324, -27.699715438958723, 1.1214247997508113, -0.8101262860324321]",[1]
891,J2044.0+1035,"[2.290846586227417, 4.069326146848597, -29.01581606991045, -27.588384950209775, 0.7770500178479324, -0.7743791148778023]",[1]
892,J2045.6-6838,"[2.3925890922546387, 4.13447252933995, -28.52691542173846, -27.722178473969336, 0.1637288034032592, -0.8528633071995086]",[1]
893,J2046.7-4259,"[2.0109035968780518, 3.736108916448966, -30.580965354009017, -27.80260073224073, 0.34753582837978164, -0.7504694816689426]",[1]
894,J2047.9-3119,"[2.520742177963257, 3.7904246983992302, -27.050243184515697, -27.66983677045714, 0.8287962281656441, -0.7999143392565923]",[1]
895,J2048.8+4436,"[2.4438602924346924, 4.129221490605681, -24.81947160156858, -26.875588398859886, 2.14144478680472, -0.807155680096048]",[1]
896,J2053.1+6027,"[2.6675262451171875, 3.8938741536289116, -25.634651323075047, -27.32646517434581, -0.01950324698981407, -0.859706754454481]",[1]
897,J2053.4-4052,"[2.291149854660034, 3.775803589940073, -28.940059616520777, -27.824111985308324, -0.1614362960043721, -0.8362889293218968]",[1]
898,J2053.9+2922,"[1.543579339981079, 3.828058407184223, -32.62922961595011, -27.338642217963137, 1.240634040013635, 0.5026563702077065]",[1]
899,J2054.3+6907,"[2.458237886428833, 3.589131321489316, -27.641399538792832, -27.643088382875767, 0.4725944282790958, -0.8264979483022163]",[1]
900,J2054.8-4908,"[2.3455164432525635, 3.91412566694246, -29.194260236715028, -27.724476065304486, -1.5785203377935793, -0.8256659934194355]",[1]
901,J2055.6+1609,"[2.4951331615448, 3.6930671266553463, -28.113024153385457, -27.634180265747645, -1.2010568891167774, -0.8324396139132251]",[1]
902,J2056.3-5925,"[2.3014869689941406, 3.6191282944165777, -28.41485117022224, -27.88232659583307, 1.134740284938774, -0.7582718563815529]",[1]
903,J2058.0+4347,"[2.9202380180358887, 3.76311786678249, -22.659725971185278, -26.781395030219127, 0.41741645695492047, -0.7521075032875251]",[1]
904,J2058.3+3729,"[2.9506335258483887, 3.733342669003809, -24.26705454098782, -27.233646223239734, 0.6856467264507137, -0.8351048353124387]",[1]
905,J2059.9+2029,"[2.5761868953704834, 3.551199759698165, -27.485947594787312, -27.520747833427425, -1.6342912544148045, -0.8295245137281555]",[1]
906,J2100.6-7844,"[2.7316246032714844, 4.011634252843491, -26.56355301663151, -27.658778821562574, -0.34229811167297713, -0.8425896190973715]",[1]
907,J2102.8+4704,"[2.0710716247558594, 3.817398800921283, -30.192199045178963, -26.987384956578754, 0.7870826046188633, -0.7254513895958759]",[1]
908,J2103.7-1113,"[1.937874674797058, 3.9134384003786855, -28.14980168616044, -27.747415471214275, 1.4515085110360368, -0.053370031747439026]",[1]
909,J2104.7+2113,"[2.051330089569092, 3.5356437875106845, -31.526409971440213, -27.642817260793517, -2.5930101149499185, -0.40017995571117887]",[1]
910,J2107.1+2248,"[2.4765074253082275, 3.6972490627694303, -27.9478634129215, -27.53065982411266, -0.7154653932817913, -0.8348591751638208]",[1]
911,J2108.1+5202,"[2.500713348388672, 4.046807636926286, -25.40874518748616, -26.70162716192266, -0.11199384128677582, -0.8792218030518276]",[1]
912,J2109.4+1437,"[2.732468843460083, 4.621523846354553, -25.563126606159084, -27.515647383077, -2.9220476489035723, -0.8667673817800583]",[1]
913,J2110.0+0442,"[2.063178300857544, 3.962728129440886, -30.49122906960838, -27.701109620103264, -0.5359983900360257, -0.7262763251572071]",[1]
914,J2110.4+5946,"[2.533834457397461, 3.813864075741323, -27.204189824576257, -27.207656314824487, 0.24456329308961083, -0.6917643980054093]",[1]
915,J2112.5-3044,"[1.6770877838134766, 3.948190090853206, -26.577697435429922, -27.30525586921445, 2.0318642280401717, -0.6693439155054046]",[1]
916,J2114.0+5239,"[2.3857667446136475, 4.04022473559932, -25.967639903369747, -27.11660837115999, 1.410005347283862, -0.08534338971260498]",[1]
917,J2115.2+1215,"[2.161282777786255, 3.7765342191447977, -30.05857354554382, -27.655734481649144, 0.36294106925496256, -0.7757686232084591]",[1]
918,J2116.2+4422,"[2.8866961002349854, 3.701587894243275, -25.64504023761786, -27.071452852150543, 0.8348271531298329, -0.7516631755021879]",[1]
919,J2116.9+1343,"[2.3554763793945312, 3.6116145223558256, -29.244653800742274, -27.636793451919452, -1.796296659894137, -0.8093757218564525]",[1]
920,J2117.6+3725,"[2.0955615043640137, 3.9108540332617676, -25.61146718036515, -27.358089754757508, 1.4830652179244368, -0.8296449445980769]",[1]
921,J2118.3+5751,"[2.4833552837371826, 3.9811042010580255, -27.836725971991697, -27.11871533344186, -0.3234336209125751, -0.8471116677666488]",[1]
922,J2120.4-1256,"[2.5725128650665283, 4.195425072947367, -26.714879151653612, -27.70938162187934, 0.6538658118806313, -0.8988742926947125]",[1]
923,J2121.5-8253,"[2.5802371501922607, 3.6662993908524384, -27.769279637516835, -27.443986672820422, -2.8622590288136474, -0.8556968363038816]",[1]
924,J2125.8+5832,"[2.4230713844299316, 4.076064144612125, -26.139568846846117, -27.53189878818488, 1.388979756161303, -0.7591656709257018]",[1]
925,J2127.1-5615,"[2.5041589736938477, 3.7442449274440053, -28.152568354395807, -27.78085496524767, -3.035440862428406, -0.8568961651238014]",[1]
926,J2127.5-6001,"[1.9506174325942993, 3.3996951068599044, -31.930176040391895, -28.04144738217255, -0.7376386893815079, -0.7179632580792277]",[1]
927,J2130.4-4237,"[2.5613784790039062, 5.395594549187359, -26.44939106579698, -27.660625719914545, 0.8837417591032996, -0.9072373400687322]",[1]
928,J2131.1-6625,"[2.4475181102752686, 3.957688378783053, -27.07021973204571, -27.832200634404273, 1.159715054475415, -0.8630031908976721]",[1]
929,J2131.5+2605,"[2.2698848247528076, 3.619074710364406, -29.639678803923815, -27.513898702020423, -0.43124687622089874, -0.05495992964111893]",[1]
930,J2133.0-6433,"[2.3177871704101562, 3.9075632310413813, -28.448460435130656, -28.03746967625779, 1.567137663791156, -0.7759286820493476]",[1]
931,J2133.6+2821,"[2.6234312057495117, 3.8303806290231135, -27.499450530701935, -27.607747893918358, -1.0906831601137752, -0.8140284333098396]",[1]
932,J2134.5-2131,"[2.1337928771972656, 3.8307193241776223, -28.704137730021678, -27.65787185195196, -1.6215005791967372, -0.7214350666460243]",[1]
933,J2135.6+5742,"[2.5942156314849854, 3.895073763375549, -26.696816846571064, -27.07000663658649, -0.06023951958740837, -0.7411359448730058]",[1]
934,J2138.2-4939,"[2.4175610542297363, 3.9302301912169995, -29.06072428251848, -27.55893506687181, 0.5914415308003168, -0.8922651934442589]",[1]
935,J2139.5+3919,"[2.689281702041626, 3.771375111631869, -25.94676356431249, -27.49069195188335, 1.0403718791055347, -0.8336851167790105]",[1]
936,J2142.6-2029,"[1.522268295288086, 3.3545899208656125, -34.22229996194145, -27.806740951568088, 0.6451367731884846, -0.5442673018466312]",[1]
937,J2142.7+1957,"[2.0091686248779297, 3.62786144176011, -31.970186742952983, -27.864369384209038, -0.5754859047370507, -0.6735571109508539]",[1]
938,J2144.6-5640,"[2.4572343826293945, 3.547664702352091, -29.48189238103581, -27.72578137015124, 0.8384580570084081, -0.6650714011294565]",[1]
939,J2144.6+6606,"[2.4555656909942627, 3.776860994167821, -29.334281986868806, -27.11539931683977, -2.289631273260496, -0.8102857128647963]",[1]
940,J2145.5+1007,"[1.5526955127716064, 3.643436818682873, -33.66855168476011, -27.727631105053735, 0.3901734417008852, -0.15863584524163968]",[1]
941,J2147.2+4730c,"[2.5583720207214355, 3.7018250630383776, -26.60134817556547, -27.21400774796148, 0.6196156300670539, -0.8866281336412885]",[1]
942,J2150.5-1754,"[2.6587038040161133, 4.0900839550310435, -26.199709560844163, -27.71972785127091, -0.12222442231238477, -0.8688150495991062]",[1]
943,J2151.6+4154,"[1.8487628698349, 3.519703987220586, -31.134886609169556, -27.415378209831808, 0.7260253374103892, 0.15160067143398964]",[1]
944,J2153.9+6626,"[2.5261523723602295, 3.5732499978414185, -28.307390110907427, -27.148267731700336, -0.3963221358079996, -0.6428246644755846]",[1]
945,J2200.0-6930,"[2.4756062030792236, 3.71366212672081, -27.622071194230433, -27.752071146005772, -0.4595954129505541, -0.879141236920324]",[1]
946,J2205.9-4704,"[2.913940668106079, 3.7036579980780298, -26.05732161810412, -27.902930295470455, 0.6107896819825817, -0.8500062406575841]",[1]
947,J2206.5+6451,"[2.8362817764282227, 3.549512345547702, -26.121022797935968, -26.987204290512828, 1.7971301815448255, -0.8619043354064434]",[1]
948,J2209.0+3652,"[2.8368382453918457, 3.706288938299242, -25.52377283964745, -27.66603043481989, 0.15753277990323425, -0.797014704198299]",[1]
949,J2209.8-0450,"[1.2660481929779053, 3.8204917634717157, -34.46336843363286, -27.397483105488977, 0.7444239762457192, -0.6113166976431403]",[1]
950,J2210.1+5925,"[2.6232125759124756, 4.0060447217973705, -25.276861690456037, -26.899695946487448, 0.8999305767775956, -0.9137129848106678]",[1]
951,J2210.1+6043,"[2.213353157043457, 3.55041813060174, -31.461156992336043, -26.83680514267608, 0.3415104042819389, -0.49378507611859607]",[1]
952,J2210.2+6509,"[2.4761199951171875, 3.6100188896882943, -29.152911838280236, -26.799031710107528, 0.41796051285551966, -0.8213772333741659]",[1]
953,J2212.5+0703,"[2.0088932514190674, 4.0512638902863305, -26.87837739630031, -27.598738279620665, 1.4282167479112435, -0.806468426929508]",[1]
954,J2215.5+6122,"[2.5291738510131836, 3.66472582026042, -27.47572883851313, -26.78673782280828, 1.1830525354318646, -0.8295926050943445]",[1]
955,J2217.2+6346,"[2.3077080249786377, 3.655392500381679, -29.118291507820906, -26.93636197040779, 0.4034447758657438, -0.7773703520953055]",[1]
956,J2217.8+3207,"[2.38874888420105, 3.4593596765100574, -28.542678436194713, -27.77534012665879, -0.8332488555873528, -0.8372935772696989]",[1]
957,J2220.6-6833,"[2.0112502574920654, 3.916659457251602, -30.640430551224153, -27.97768493120544, 0.13439348522462768, -0.5297675106452373]",[1]
958,J2221.6+6507,"[2.6033120155334473, 4.0178727355075265, -25.819981005249623, -27.086363340166628, 1.568599665581968, -0.8144229026844881]",[1]
959,J2221.7+6318,"[2.531747817993164, 3.654204074584126, -25.688903568140038, -27.117775992595497, 1.8948442191938424, -0.8440291319779349]",[1]
960,J2223.3+0103,"[1.8087090253829956, 3.7275020713268883, -31.541358863043, -27.676744987324547, 0.22471625805418283, -0.45711370246656474]",[1]
961,J2224.4+0351,"[1.5956315994262695, 3.5353790799379077, -33.21300782532402, -27.65484847722759, -0.1997745373106102, 0.09930890354819087]",[1]
962,J2228.5-1636,"[2.5065176486968994, 3.904502118545617, -28.087161535570022, -27.74533686415297, 0.6097353334682807, -0.8226278677153113]",[1]
963,J2229.1+2255,"[2.2391018867492676, 3.789033041604534, -29.768600832165784, -27.79028937740642, -0.23460183888390687, -0.7785125371791276]",[1]
964,J2233.1+6542,"[2.2777016162872314, 3.9606877490188324, -25.174257306930162, -27.089238562532778, 1.6687137354104957, -0.8949854637663582]",[1]
965,J2237.5-8326,"[2.4336938858032227, 3.9682138407870893, -28.803750746628847, -27.211019808959833, 0.5195242908351585, -0.8796640353258389]",[1]
966,J2237.9+6320,"[2.4652469158172607, 3.7657852335947224, -25.26467187168076, -27.324466390011786, 1.483560390328277, -0.8501472986765469]",[1]
967,J2244.6+2503,"[1.9194806814193726, 3.7294577360773706, -31.4701290526501, -27.898670015161176, 0.8058814564771221, -0.1644506063947893]",[1]
968,J2247.2-0004,"[2.1077709197998047, 3.8795272728606083, -28.865474090216082, -27.607673324748585, 0.21853471082248266, -0.6805836915881074]",[1]
969,J2249.3-5943,"[2.174027919769287, 3.6927868341558, -30.78027781742699, -28.153702420517693, -2.113400159237452, -0.7063320606887571]",[1]
970,J2250.3+1747,"[2.7852351665496826, 4.466542209652762, -26.948598600299214, -26.920655734529134, -0.36924446192371757, -0.7799660901917648]",[1]
971,J2250.6+3308,"[2.3544387817382812, 3.6957596655626275, -27.690476916523846, -27.76997182545419, 1.2001088807780487, -0.7288527024894768]",[1]
972,J2253.1-1237,"[2.442333221435547, 3.8309711191698375, -27.779971848375823, -27.83904756974737, 0.9522855425087983, -0.8680569758396149]",[1]
973,J2254.1+6229,"[2.628168821334839, 4.064341454417881, -24.974493732812277, -27.00890182111682, 0.4497930650320323, -0.8699655207688151]",[1]
974,J2254.6+4253,"[2.659317970275879, 3.8584509872488617, -26.034178222668544, -27.57515325721016, 0.5085992502544341, -0.9147303291004911]",[1]
975,J2258.2-3645,"[1.9558732509613037, 3.5245239697965487, -31.03602146129068, -27.937208892724154, -0.07269426025668409, -0.5475251168640678]",[1]
976,J2258.8+2437,"[2.4337446689605713, 3.9557772445656987, -28.580932837293343, -27.6036565126055, -1.100796799019578, -0.7576106362572077]",[1]
977,J2259.9-1553,"[2.112149715423584, 3.7690097199283055, -29.628558327930943, -27.888442728779474, 0.7327718261587365, -0.7810041780603694]",[1]
978,J2300.0+4053,"[1.5139174461364746, 3.590390551983552, -33.89477294659104, -27.682959939754266, -2.4962210920901033, -0.16655033692768378]",[1]
979,J2300.1-3547,"[2.184675693511963, 3.909313037952882, -29.477566845216884, -27.938849614221024, -0.6890957264393917, -0.5262357918824996]",[1]
980,J2303.7+5555,"[1.7508636713027954, 3.6359145282469574, -32.54418688345295, -27.612735978830262, 0.7728339943514027, 0.372356060674378]",[1]
981,J2305.8+1658,"[2.7637691497802734, 4.176193334980494, -27.433870511962084, -27.25771601277102, 0.2895229056598099, -0.8657894081454767]",[1]
982,J2309.0+5428,"[1.6974046230316162, 3.529406964134102, -33.65245569513956, -27.686154191860528, -2.2540171539538787, 0.027513813467398052]",[1]
983,J2310.1-0557,"[1.8367444276809692, 4.078730344425717, -28.334575312652802, -28.207265590687747, 1.6777815278915313, -0.25324565878091276]",[1]
984,J2313.1+3935,"[2.7931740283966064, 4.071988958087876, -25.872457105214945, -27.72740411841972, -0.9402003008045802, -0.8403988427467148]",[1]
985,J2318.6-3829,"[2.3792150020599365, 3.727547121680759, -28.355695720131386, -27.977903469109524, -0.5805990842380228, -0.8381826240067045]",[1]
986,J2321.3+5113,"[2.018815279006958, 3.6683765084098674, -31.66802209242704, -27.77335621377821, -1.1453594834074603, -0.7245964066818942]",[1]
987,J2321.6-1619,"[1.5327802896499634, 3.6604005310486856, -33.567377115493365, -27.83330285750689, -0.00041362255546806834, -0.09458617164815816]",[1]
988,J2323.7+2523,"[2.1403186321258545, 3.925428988668542, -30.311389795323052, -27.883384754263503, -0.6638052053281034, -0.7617172496649142]",[1]
989,J2327.2-4130,"[2.4008121490478516, 3.463833899061419, -29.220417278319594, -27.67363502134826, 0.13578393587345503, -0.8478477877120391]",[1]
990,J2329.8+6102,"[2.060778856277466, 3.638294739608371, -30.938198166170128, -27.265791856676863, -0.7191279874761777, -0.7481190602994641]",[1]
991,J2331.9-1609,"[2.165924549102783, 4.03689006160558, -29.134897085448547, -27.90286284847235, 0.9147219475013068, -0.44513394687020025]",[1]
992,J2333.0-5525,"[2.22139048576355, 3.742545881206555, -28.329433143462513, -27.92033465660337, 0.9286073766452501, -0.8206408745129219]",[1]
993,J2334.4-7948,"[2.6214144229888916, 3.465881327558286, -27.614584267367142, -27.76206671020007, 0.18659929932271013, -0.8307158553944554]",[1]
994,J2335.6-2342,"[2.646980047225952, 3.4800887967820686, -26.80510952080612, -27.844394642285327, -1.0711730257736005, -0.8555793240171179]",[1]
995,J2337.2-8425,"[2.140955686569214, 3.283005326821954, -31.280784182213228, -27.672623945395873, -0.12051429304306342, -0.6852667459360587]",[1]
996,J2337.5+4108,"[2.2260282039642334, 3.5313240099125727, -29.7130728123796, -27.814761667668908, 0.16540164396462498, -0.7361679199496748]",[1]
997,J2338.7+0251,"[2.5788371562957764, 3.9820835237369807, -27.219487462624215, -27.78109832135632, 0.5668396692740366, -0.903316943630941]",[1]
998,J2340.7+3847,"[1.918837308883667, 3.7135928147205353, -32.0314815760536, -27.830592725386005, 0.065945184416062, -0.6382831660294916]",[1]
999,J2343.0-4748,"[2.1603219509124756, 3.6353254057523414, -28.76245114187948, -27.86315151105206, 0.6399355886835121, -0.7658371232216229]",[1]
1000,J2344.9-5647,"[2.695899486541748, 4.085685712213618, -26.599836705015196, -27.967815709276724, 0.18064072451530339, -0.9114302265015602]",[1]
1001,J2351.9-7601,"[1.690577745437622, 3.575666789908256, -32.209677707976475, -27.676491022931078, -0.4311069794443097, -0.20462908638039168]",[1]
1002,J2353.3+6639,"[2.456885814666748, 3.6329543452258153, -25.42003284783307, -27.31047840252468, 1.891449963257184, -0.7863665462174889]",[1]
1003,J2354.0+2722,"[2.1548080444335938, 3.7012454584819503, -30.48027681718584, -27.99466162376582, 0.13656636599389158, -0.7320351293123963]",[1]
1004,J2354.4-6612,"[2.3129382133483887, 3.766654689873036, -28.631244005726984, -28.00677279788474, 0.3832341311611677, -0.8273529964293396]",[1]
1005,J2354.8-5245,"[2.4079549312591553, 3.9304567907267836, -28.92377768854978, -27.629747018596554, 1.1957005586041243, -0.8851330904148238]",[1]
1006,J2355.4+6939,"[2.5448639392852783, 3.72755813164193, -28.04269471027718, -27.16131814447649, 0.21121180280106497, -0.7486934019230878]",[1]
1007,J2356.9+6812,"[2.6314733028411865, 3.8606191991778056, -27.114022255879227, -26.7998127927311, 0.30551406348224186, -0.8877708794217625]",[1]
1008,J2358.5+3827,"[2.0776443481445312, 3.957204647896984, -30.6645778163434, -27.724759661617156, -0.3837281555450534, -0.03741610928229542]",[1]
1009,J2358.6-1809,"[1.8166555166244507, 3.8877845457524653, -31.492903248644858, -27.766112005248672, 0.6478933760369787, -0.5828519754140451]",[1]
