,4FGLDR4,CLASS1-4FGLDR4,4FGLDR4-3FGL
0,J0000.3-7355,,
1,J0000.5+0743,,
2,J0000.7+2530,,
3,J0001.2+4741,bcu,
4,J0001.2-0747,bll,J0001.2-0748
5,J0001.4-0010,bll,
6,J0001.5+2113,fsrq,J0001.4+2120
7,J0001.6+3503,,
8,J0001.6-4156,bcu,J0002.2-4152
9,J0001.8-2153,bcu,
10,J0002.1-6728,bll,J0002.0-6722
11,J0002.1+6721c,unk,
12,J0002.3-0815,bcu,
13,J0002.4-5156,bcu,
14,J0002.7+7220,spp,
15,J0002.8+6217,PSR,J0002.6+6218
16,J0003.1-5248,bcu,J0003.2-5246
17,J0003.1-1543,sey,
18,J0003.2+2207,bll,
19,J0003.3-0703,bcu,
20,J0003.3+2511,,
21,J0003.3-1928,bcu,
22,J0003.3-5905,bcu,
23,J0003.5+0717,bcu,
24,J0003.6+3059,,J0003.4+3100
25,J0003.9-1149,bll,J0003.8-1151
26,J0004.0+5715,,J0003.5+5721
27,J0004.0+0840,bll,J0004.2+0843
28,J0004.3+4614,fsrq,
29,J0004.4-4737,fsrq,J0004.7-4740
30,J0004.4-4001,,
31,J0005.5+6634,,
32,J0005.6+6746c,,
33,J0005.9+3824,fsrq,J0006.4+3825
34,J0006.3-1813,,
35,J0006.3-0620,bll,
36,J0006.4+0135,bll,J0006.2+0135
37,J0006.4-5621,bll,
38,J0006.6+4618,,J0006.6+4618
39,J0007.0+7303,PSR,J0007.0+7302
40,J0007.4-0322,,
41,J0007.5-5247,bcu,
42,J0007.7+4008,bcu,J0007.9+4006
43,J0008.0+4711,bll,J0008.0+4713
44,J0008.0-3937,bcu,
45,J0008.4+6926,,
46,J0008.4-2339,bll,J0008.6-2340
47,J0008.4+6837,bcu,J0008.5+6853
48,J0008.4+1455,bcu,J0008.3+1456
49,J0008.9+2509,,
50,J0009.1-5012,,
51,J0009.1+0628,bll,J0009.1+0630
52,J0009.2+1745,,
53,J0009.3+5030,bll,J0009.3+5030
54,J0009.7-1418,,J0010.5-1425
55,J0009.7-3217,rdg,J0009.6-3211
56,J0009.8-4317,bll,
57,J0009.8+1340,bcu,
58,J0009.8-6358,bcu,
59,J0009.9+2810,,
60,J0010.1+1631,,
61,J0010.2-2431,,
62,J0010.6+2043,fsrq,
63,J0010.6-3025,fsrq,
64,J0010.8-2154,bcu,
65,J0011.4-4110,bcu,
66,J0011.4+0057,fsrq,J0011.3+0054
67,J0011.5+4822,,
68,J0011.8-3142,bcu,
69,J0012.0+7043,bcu,J0012.4+7040
70,J0013.0+3355,fsrq,
71,J0013.1-3955,bll,J0013.2-3954
72,J0013.4+0950,bcu,
73,J0013.6+4051,agn,
74,J0013.6-0424,fsrq,
75,J0013.9-1854,bll,J0013.9-1853
76,J0014.1+1910,bll,J0013.8+1907
77,J0014.1-5022,bll,J0014.0-5025
78,J0014.2+0854,bll,
79,J0014.3-0500,bcu,J0014.3-0455
80,J0014.7+5801,bll,J0014.7+5802
81,J0014.8+6118,bcu,J0014.6+6119
82,J0014.9+3212,bcu,
83,J0015.2+3537,bll,
84,J0015.6+5551,bll,J0015.7+5552
85,J0015.9+2440,bll,
86,J0016.2-0016,fsrq,J0016.3-0013
87,J0016.5+1702,fsrq,J0016.5+1713
88,J0017.0-0649,bcu,J0017.2-0643
89,J0017.1-4605,,
90,J0017.4+6506,,
91,J0017.5-0514,FSRQ,J0017.6-0512
92,J0017.8+1455,bll,
93,J0018.4+2946,bll,J0018.4+2947
94,J0018.8+5112,,
95,J0018.8+2611,fsrq,
96,J0019.2-5640,bcu,J0019.1-5645
97,J0019.3-8152,bll,J0018.9-8152
98,J0019.6+7327,fsrq,
99,J0019.6+2022,bll,J0019.4+2021
100,J0020.3+6919,bcu,
101,J0021.0+0322,bll,J0020.9+0323
102,J0021.5-2221,bcu,
103,J0021.5-2552,bll,J0021.6-2553
104,J0021.6-0855,bll,
105,J0021.7+4533,,
106,J0021.9-5140,bll,J0022.1-5141
107,J0022.0+0006,bll,
108,J0022.0-5921,,
109,J0022.1-1854,bll,J0022.1-1855
110,J0022.5+0608,bll,J0022.5+0608
111,J0023.2+8412,,
112,J0023.4+0920,MSP,J0023.4+0923
113,J0023.6-4209,,
114,J0023.7-6820,fsrq,J0021.6-6835
115,J0023.7+4457,fsrq,J0023.5+4454
116,J0023.9+1603,bll,
117,J0024.0-7204,glc,J0023.9-7203
118,J0024.1+2402,,
119,J0024.1+7909,,
120,J0024.4+4647,bcu,
121,J0024.5-0810,bcu,
122,J0024.7+0349,fsrq,J0024.4+0350
123,J0025.0-2320,,
124,J0025.2-2231,fsrq,
125,J0025.3+6408,snr,J0025.7+6404
126,J0025.4-4838,,
127,J0025.5-5936,,
128,J0025.7-4801,bcu,
129,J0026.1-0732,,
130,J0026.2+3926,,
131,J0026.6-4600,bll,J0026.7-4603
132,J0027.0-1134,,
133,J0028.1+7505,bcu,J0028.6+7507
134,J0028.5+2001,fsrq,J0028.8+1951
135,J0028.8-0112,bll,
136,J0028.9+3553,bll,
137,J0029.0-7044,bll,J0029.1-7045
138,J0029.4+2051,bcu,
139,J0030.2+0001,bll,
140,J0030.2-5149,,
141,J0030.2-1647,bll,J0030.2-1646
142,J0030.3-4224,fsrq,J0030.3-4223
143,J0030.4+0451,MSP,J0030.4+0451
144,J0030.6-0212,fsrq,J0030.7-0209
145,J0030.6+0539,,
146,J0030.9-3618,,
147,J0031.0-2327,,J0031.2-2320
148,J0031.3+0726,bll,J0031.3+0724
149,J0031.5-4025,,
150,J0031.5-5648,,
151,J0032.3-5522,bcu,J0032.3-5522
152,J0032.3-5539,,
153,J0032.4-2849,bll,J0032.3-2852
154,J0032.5-4724,bcu,
155,J0033.3-2040,bll,
156,J0033.5-1921,bll,J0033.6-1921
157,J0033.9+3858,bcu,
158,J0034.0-4116,bcu,
159,J0034.3-0534,MSP,J0034.3-0534
160,J0034.6+6438,,
161,J0035.0-5728,bcu,
162,J0035.2+1514,bll,J0035.2+1513
163,J0035.2-1739,,
164,J0035.8-0837,bll,
165,J0035.8+6131,bcu,
166,J0035.9+5950,bll,J0035.9+5949
167,J0036.8+1431,bcu,
168,J0036.9+1832,bcu,
169,J0037.2-2653,,
170,J0037.6+3653,fsrq,
171,J0037.8+1239,bll,J0037.9+1239
172,J0037.9+2612,bll,
173,J0038.1+0012,bll,J0038.0+0012
174,J0038.2-2459,fsrq,J0038.0-2501
175,J0038.7-0204,rdg,
176,J0039.0-0946,fsrq,J0039.1-0939
177,J0039.1-2219,bll,J0039.0-2218
178,J0039.1+6257,,J0039.3+6256
179,J0039.1+4330,bcu,J0039.1+4330
180,J0039.7+4203,,
181,J0040.2-2725,,
182,J0040.3+4050,bll,J0040.3+4049
183,J0040.4-2340,bll,J0040.5-2339
184,J0040.7-7157,,
185,J0040.9+3203,bcu,
186,J0041.3-0048,,
187,J0041.3+6052,bcu,
188,J0041.4+3800,fsrq,
189,J0041.7-1607,bcu,
190,J0041.9-4702,bll,
191,J0042.0+3640,bll,J0041.9+3639
192,J0042.2+2319,fsrq,J0042.0+2318
193,J0042.3+3509,,
194,J0043.2+4114,gal,J0042.5+4117
195,J0043.5-0442,bll,J0043.5-0444
196,J0043.6+2223,bcu,
197,J0043.7-1116,bll,J0043.7-1117
198,J0043.8+3425,fsrq,J0043.8+3425
199,J0044.2-8424,fsrq,J0046.7-8419
200,J0044.8+6802,bcu,
201,J0044.9+4553,bcu,
202,J0045.1-3706,fsrq,J0045.2-3704
203,J0045.3+2128,bll,J0045.3+2126
204,J0045.7+1217,bll,J0045.7+1217
205,J0045.8-1324,,
206,J0045.9-2021,,
207,J0046.7-7048,,
208,J0046.9+0705,,
209,J0047.0+5657,bll,J0047.0+5658
210,J0047.1-6203,bcu,
211,J0047.3+6943,unk,
212,J0047.5-2517,sbg,J0047.5-2516
213,J0047.9+3947,bll,J0048.0+3950
214,J0047.9+5448,bcu,J0047.9+5447
215,J0047.9+2233,fsrq,J0048.0+2236
216,J0048.6-6347,,J0048.1-6343
217,J0048.6-2427,bcu,
218,J0049.0+2252,bll,
219,J0049.1+4223,bll,J0049.0+4224
220,J0049.2+6227,bcu,
221,J0049.4-5402,bll,J0049.4-5401
222,J0049.5-4150,bcu,J0049.4-4149
223,J0049.6-4500,fsrq,J0050.0-4458
224,J0049.7+0237,bll,J0049.7+0237
225,J0050.0-5736,fsrq,J0049.8-5737
226,J0050.4-0452,fsrq,J0050.4-0449
227,J0050.7-0929,BLL,J0050.6-0929
228,J0050.8+3330,,
229,J0050.8-3428,bcu,
230,J0051.1-0648,fsrq,J0051.0-0649
231,J0051.2-6242,bll,J0051.2-6241
232,J0051.5-4220,fsrq,
233,J0052.1+6444,,J0051.6+6445
234,J0052.9-6644,bcu,
235,J0054.4+8627,bcu,
236,J0054.4-1503,,
237,J0054.7-2455,bll,J0054.8-2455
238,J0054.8-1954,bcu,
239,J0055.1-1219,bcu,J0055.2-1213
240,J0055.7+4507,,
241,J0056.3-0935,bll,J0056.3-0935
242,J0056.4-2118,bll,J0056.3-2116
243,J0056.5-3936,bll,
244,J0056.6-4452,bll,
245,J0056.6-5317,bcu,
246,J0056.8+1626,bll,
247,J0057.0+4101,bcu,
248,J0057.3+2216,bcu,
249,J0057.5+6814,,
250,J0057.7+3023,rdg,
251,J0057.9+6326,,
252,J0058.0-7245e,GAL,J0101.3-7257
253,J0058.0-0539,fsrq,J0057.9-0542
254,J0058.0-3233,bll,J0058.0-3233
255,J0058.1+6915,,
256,J0058.3+1723,bll,
257,J0058.3-4603,,
258,J0058.4+3315,fsrq,J0058.3+3315
259,J0058.6-1140,bcu,
260,J0059.2+0006,fsrq,J0059.6+0003
261,J0059.3-0152,bll,J0059.2-0152
262,J0059.4-5654,,J0059.1-5701
263,J0059.5-3512,bll,
264,J0059.5-3338,fsrq,
265,J0059.7-7210,sfr,
266,J0100.3+0745,bll,J0100.2+0745
267,J0101.0-0059,bll,
268,J0101.1-6422,MSP,J0101.0-6422
269,J0101.3-8019,fsrq,
270,J0101.7-5455,bll,
271,J0101.8-7543,fsrq,
272,J0102.0-6240,,
273,J0102.0+1639,bcu,
274,J0102.1+5846,bcu,
275,J0102.1+4458,,J0102.1+4458
276,J0102.3+1000,,
277,J0102.4+4214,fsrq,J0102.3+4217
278,J0102.4+0942,bll,J0102.1+0943
279,J0102.6-5639,bcu,
280,J0102.7-2001,bcu,
281,J0102.8+5824,fsrq,J0102.8+5825
282,J0102.8+4839,MSP,J0102.8+4840
283,J0102.9-7051,glc,
284,J0103.1+4954,bcu,
285,J0103.5+1526,bll,
286,J0103.5+5337,bll,J0103.4+5336
287,J0103.8+1321,bll,J0103.7+1323
288,J0104.6-0818,,
289,J0104.8-2215,,
290,J0104.8-2416,fsrq,J0105.1-2415
291,J0105.1+3929,bll,J0105.3+3928
292,J0105.5+1912,bll,
293,J0105.9+3403,bll,
294,J0106.1+1131,,
295,J0106.4+4855,PSR,J0106.5+4855
296,J0106.9-4832,bcu,
297,J0107.3-1210,bll,J0107.0-1208
298,J0107.4+0334,bll,
299,J0107.4+0459,,
300,J0107.6+4950,bcu,
301,J0108.1-0039,fsrq,J0108.5-0035
302,J0108.6+0134,fsrq,J0108.7+0134
303,J0109.1+1815,bll,J0109.1+1816
304,J0109.3+2401,bcu,
305,J0109.7+6133,fsrq,J0109.8+6132
306,J0110.0-5246,,
307,J0110.0-4019,bll,J0109.9-4020
308,J0110.1+6805,bll,J0110.2+6806
309,J0110.2+4151,bll,
310,J0110.3-0431,bcu,
311,J0110.6+0415,,
312,J0110.7-1254,bll,J0110.9-1254
313,J0110.9+4344,bcu,
314,J0111.4-7304,bcu,
315,J0111.4+0534,bll,J0111.5+0535
316,J0111.5-2546,bcu,
317,J0112.0+3442,,
318,J0112.0-6634,fsrq,
319,J0112.1+2245,BLL,J0112.1+2245
320,J0112.1-0321,fsrq,
321,J0112.5-0651,,
322,J0112.6-3158,bll,
323,J0112.8-7506,bll,J0112.9-7506
324,J0112.8-0253,bcu,
325,J0112.8+3208,fsrq,J0112.8+3207
326,J0113.1-3553,fsrq,J0113.0-3554
327,J0113.4+4948,fsrq,J0113.4+4948
328,J0113.7+0225,bll,
329,J0114.0+6418,bcu,
330,J0114.8+1326,bll,J0114.8+1326
331,J0114.9-3400,bll,
332,J0115.1+2622,bcu,
333,J0115.1-0129,fsrq,
334,J0115.4-2917,,
335,J0115.6-5653,bcu,
336,J0115.6+0356,bll,J0115.7+0356
337,J0115.8+2519,bll,J0115.8+2519
338,J0116.0-1136,fsrq,J0116.0-1134
339,J0116.0-2745,bll,J0116.2-2744
340,J0116.2-6153,bll,J0116.3-6153
341,J0116.5-2812,bll,
342,J0116.5-3046,fsrq,
343,J0116.8+6914,,J0116.8+6913
344,J0117.5-2442,bll,
345,J0117.8-2109,fsrq,J0117.8-2113
346,J0117.9+1430,,
347,J0118.3-6008,,
348,J0118.7-0848,bcu,
349,J0118.9-2141,fsrq,J0118.8-2142
350,J0119.0-1458,bll,J0118.9-1457
351,J0119.4-5354,bcu,
352,J0119.6+4158,bll,
353,J0119.9+4053,bcu,
354,J0120.1+0505,,
355,J0120.2-7944,,
356,J0120.4-2701,bll,J0120.4-2700
357,J0121.4-7216,,
358,J0121.5+7906,,
359,J0121.7+5153,bcu,J0121.7+5154
360,J0121.8+1147,fsrq,
361,J0121.8-3916,bll,J0121.8-3917
362,J0122.1-3004,bcu,
363,J0122.4+1034,,
364,J0122.4-1509,,
365,J0123.1+3421,bll,
366,J0123.7+4209,bll,
367,J0123.7-2311,bll,J0123.7-2312
368,J0123.7-4129,,
369,J0124.0+3035,,
370,J0124.8-0625,bll,J0125.2-0627
371,J0125.3+6820,,
372,J0125.3-5112,fsrq,
373,J0125.3-2548,bll,J0125.4-2548
374,J0125.4+3200,bcu,
375,J0125.7-0015,fsrq,
376,J0125.8-6348,,
377,J0125.8+2605,bcu,
378,J0125.9-6303,,
379,J0126.0-2221,fsrq,J0126.1-2227
380,J0126.3-6746,,
381,J0126.5-1553,bcu,
382,J0126.8+2412,,
383,J0127.1+3310,bll,
384,J0127.2-0819,bll,J0127.1-0818
385,J0127.2+0324,bll,J0127.2+0325
386,J0127.3-0148,bll,
387,J0127.4-4813,bcu,
388,J0127.9+4857,bll,J0127.6+4851
389,J0127.9+1737c,,
390,J0128.1+7542,,
391,J0128.2-1722,bcu,
392,J0128.2+4400,bcu,
393,J0128.3+5710,bcu,
394,J0128.4+2614,,J0127.9+2551
395,J0128.5+4440,fsrq,J0128.5+4430
396,J0128.8-4626,,
397,J0129.0+6312,bcu,
398,J0129.7+3436,bll,
399,J0129.8+1440,fsrq,J0130.8+1441
400,J0130.4-2129,bcu,
401,J0130.6+1844,bcu,
402,J0131.1+6120,bll,J0131.2+6120
403,J0131.2+5547,bcu,J0131.3+5548
404,J0131.7-5346,,J0132.1-5340
405,J0132.1-0956,,
406,J0132.7-1654,fsrq,J0132.6-1655
407,J0132.7-0804,fsrq,J0132.5-0802
408,J0132.8-4413,bll,J0133.0-4413
409,J0132.8+4324,bcu,J0133.3+4324
410,J0132.9-4259,,
411,J0133.0+5931,,J0133.3+5930
412,J0133.1-5201,fsrq,J0133.2-5159
413,J0133.2-4533,bcu,
414,J0133.7-3409,,
415,J0133.7-5527,bcu,
416,J0134.3-3842,fsrq,J0134.3-3842
417,J0134.5+2637,bll,J0134.5+2638
418,J0135.0+5338,bcu,
419,J0135.1+0255,bll,
420,J0135.3-2728,bcu,
421,J0136.2-4708,,
422,J0136.4+6911,,J0135.0+6927
423,J0136.5+3906,bll,J0136.5+3905
424,J0136.6+3130,,
425,J0136.8+2032,bcu,
426,J0137.0+4751,fsrq,J0137.0+4752
427,J0137.3-3239,,
428,J0137.5+0847,fsrq,
429,J0137.6-2430,fsrq,J0137.6-2430
430,J0137.9+5814,bll,J0137.8+5813
431,J0138.0+2247,bll,
432,J0138.5+3931,,
433,J0138.5+0300,,
434,J0138.5-4613,bll,J0138.5-4612
435,J0138.6+2923,bcu,
436,J0138.6+6821,unk,
437,J0139.0+2601,bll,
438,J0139.2-1705,,
439,J0139.5-2228,,
440,J0140.3+7054,,
441,J0140.4+5114,,
442,J0140.5-4730,,
443,J0140.6-0758,bll,
444,J0140.6+8736,bcu,J0139.9+8735
445,J0141.4-0928,bll,J0141.4-0929
446,J0142.5+6650,,
447,J0142.7-0543,bll,
448,J0143.1-3622,bcu,
449,J0143.3-0119,bcu,
450,J0143.5-3156,fsrq,
451,J0143.7-5846,bll,J0143.7-5845
452,J0143.8+4947,,
453,J0144.3+5959,,
454,J0144.6+2705,bll,J0144.6+2705
455,J0145.0-2732,fsrq,J0145.1-2732
456,J0145.9+2319,bcu,
457,J0146.0-6746,bll,J0146.4-6746
458,J0146.3+4606,bcu,
459,J0146.9-5202,bll,J0147.0-5204
460,J0147.6+1547,bcu,J0147.4+1547
461,J0147.6-6028,bcu,
462,J0147.6-0825,bcu,
463,J0147.7-1321,bcu,
464,J0148.2+5201,bll,J0148.3+5200
465,J0148.6+0127,bll,J0148.6+0128
466,J0149.6-0734,bcu,
467,J0149.8+2650,bll,
468,J0150.4+4848,,J0149.6+4846
469,J0150.5-3337,bcu,
470,J0150.6-5448,bcu,J0150.5-5447
471,J0150.9+1230,,
472,J0151.0+0539,bcu,J0151.0+0537
473,J0151.3+8601,bll,J0145.6+8600
474,J0151.4-3607,bcu,J0151.0-3609
475,J0151.7+5455,bcu,
476,J0152.2+3714,bcu,J0152.2+3707
477,J0152.2+2206,fsrq,J0151.6+2205
478,J0152.6+0147,bll,J0152.6+0148
479,J0152.6-1404,fsrq,
480,J0152.9-1109,,
481,J0153.0+7517,bll,J0152.8+7517
482,J0153.3+5416,,
483,J0153.3-1845,,
484,J0153.4+7114,rdg,J0153.4+7114
485,J0153.5-5107,fsrq,
486,J0153.9+0823,bll,J0154.0+0824
487,J0154.3-0236,fsrq,
488,J0154.5-6604,bcu,
489,J0154.6+0051,,
490,J0155.0+4433,bll,J0154.9+4433
491,J0155.4-0625,bcu,
492,J0155.5+2920,,
493,J0155.7+6642,,
494,J0156.1+1502,bcu,
495,J0156.3-2420,,J0156.5-2423
496,J0156.5+3914,fsrq,J0156.3+3913
497,J0156.6-1758,bcu,
498,J0156.8-4744,bll,J0156.9-4742
499,J0156.9-5301,bll,J0157.0-5301
500,J0156.9+4648,bcu,
501,J0156.9-3235,bcu,
502,J0157.6+1012,,
503,J0157.7-4614,fsrq,J0157.9-4615
504,J0158.2+2515,bll,
505,J0158.4+1230,,
506,J0158.5-5005,bcu,
507,J0158.5+6058,,
508,J0158.5+0549,,
509,J0158.5-3932,bll,J0158.6-3931
510,J0158.8+0101,fsrq,J0158.6+0102
511,J0158.9+7037,bcu,
512,J0159.0-4255,,
513,J0159.0+3313,,
514,J0159.3-4523,bcu,
515,J0159.5+1046,bll,J0159.4+1046
516,J0159.7-2740,bll,J0159.8-2741
517,J0159.8-2234,,
518,J0200.3-4109,bll,J0200.3-4108
519,J0200.6-6637,fsrq,J0200.9-6635
520,J0201.1+0036,bll,
521,J0201.1-4347,bcu,
522,J0202.1+3939,fsrq,
523,J0202.3-0605,bcu,
524,J0202.3-3531,,
525,J0202.4+0849,bll,J0202.3+0851
526,J0202.4+2943,,
527,J0202.6-0258,fsrq,
528,J0202.7+4204,bll,J0202.5+4206
529,J0202.7+3133,,
530,J0202.9-0225,bcu,J0203.1-0227
531,J0203.3-2507,,
532,J0203.6+7233,bll,J0204.0+7234
533,J0203.7+3042,bll,J0203.6+3043
534,J0203.9+5411,bcu,
535,J0203.9+8120,,
536,J0204.0-3334,bll,
537,J0204.1-2919,bcu,
538,J0204.3-3140,bcu,
539,J0204.3+2417,bll,J0204.2+2420
540,J0204.7+6656,,
541,J0204.8+1513,bcu,J0205.0+1510
542,J0205.0-1700,fsrq,J0205.2-1700
543,J0205.2-3050,bcu,
544,J0205.2+3212,fsrq,J0204.8+3212
545,J0205.6+6449e,PWN,J0205.5+6448
546,J0205.7+6449,PSR,J0205.5+6448
547,J0206.0-0958,fsrq,
548,J0206.4-1151,fsrq,J0206.4-1150
549,J0206.4+3829,bcu,
550,J0206.8-5744,bcu,
551,J0207.2-1832,,
552,J0207.4-3855,bll,J0207.9-3846
553,J0207.4+5214,,
554,J0207.5-1049,bcu,
555,J0207.5-2402,bcu,
556,J0207.9+2203,bcu,
557,J0207.9+0953,bcu,
558,J0208.3-6838,bll,J0208.0-6838
559,J0208.5-0046,bll,
560,J0208.6+3523,bll,J0208.6+3522
561,J0209.3+4449,bll,J0209.5+4449
562,J0209.3-5228,bll,J0209.4-5229
563,J0209.7+6437,bcu,
564,J0209.8+2626,,
565,J0209.9+7229,bll,
566,J0210.1+2518,bcu,
567,J0210.5-1445,bcu,
568,J0210.7-5101,FSRQ,J0210.7-5101
569,J0211.1-0646,bll,J0211.2-0649
570,J0211.2+1051,BLL,J0211.2+1051
571,J0211.5+6219,,
572,J0212.1+5321,bin,J0212.1+5320
573,J0212.2-2559,bcu,
574,J0212.2-0219,bll,
575,J0212.4-3502,bll,J0212.8-3504
576,J0212.8-2721,bcu,J0213.1-2720
577,J0212.9+2244,bll,J0213.0+2245
578,J0213.2-0503,bll,
579,J0213.2-8333,,
580,J0213.8-6949,bcu,
581,J0214.1-4733,bll,
582,J0214.2-7025,bcu,
583,J0214.3+5145,bll,J0214.4+5143
584,J0214.4-5822,bcu,J0214.7-5823
585,J0214.6-4333,bcu,
586,J0214.8-6150,bcu,
587,J0214.9-3722,bcu,
588,J0215.0-5330,,
589,J0215.2-1619,bll,
590,J0215.3+7555,bcu,
591,J0215.9+0521,bcu,
592,J0215.9+0300,bcu,J0216.0+0300
593,J0216.5+2313,bll,
594,J0216.6-1015,bcu,J0216.6-1019
595,J0216.8-6635,bll,J0217.0-6635
596,J0216.8+0510,bcu,J0216.4+0507
597,J0217.0-0821,fsrq,J0217.1-0833
598,J0217.2+0837,bll,J0217.2+0837
599,J0217.4+7352,fsrq,J0217.5+7349
600,J0217.8+0144,fsrq,J0217.8+0143
601,J0218.1+4232,MSP,J0218.1+4233
602,J0218.7+2640,bcu,
603,J0218.9-2305,bcu,
604,J0218.9+3643,bcu,J0218.9+3642
605,J0219.0+2443,bll,J0219.0+2440
606,J0219.1-1724,bll,J0219.1-1725
607,J0219.5+0724,bll,
608,J0220.0-3001,,
609,J0220.1+1155,,
610,J0220.2+3246,fsrq,
611,J0220.8-0841,bll,
612,J0221.1+3556,FSRQ,J0221.1+3556
613,J0221.2-1312,bcu,
614,J0221.4+6241e,SNR,
615,J0221.5+2513,bll,J0221.2+2518
616,J0221.8+3730,bcu,
617,J0222.0-1616,fsrq,J0222.1-1616
618,J0222.4+6156e,snr,
619,J0222.6+4302,BLL,J0222.6+4301
620,J0222.7+5016,,
621,J0222.8-0133,,
622,J0223.0-3447,fsrq,
623,J0223.0+6821,bll,J0223.3+6820
624,J0223.1-1117,bll,J0222.9-1117
625,J0223.2-1653,fsrq,
626,J0223.5+5415,bcu,
627,J0223.5+3912,bcu,
628,J0223.5-0928,bcu,
629,J0223.7+3158,,
630,J0224.0-7941,bll,J0224.1-7941
631,J0224.0-1850,bcu,J0224.1-1846
632,J0224.2+0700,fsrq,
633,J0224.2+1616,bcu,J0224.4+1615
634,J0224.8+2937,,
635,J0224.9+1843,fsrq,
636,J0225.1-2604,bcu,J0225.2-2602
637,J0225.5-5530,,
638,J0225.5-5618,bcu,
639,J0225.6-4502,bcu,
640,J0225.8+1310,bcu,
641,J0226.3-1845,bcu,
642,J0226.5+0938,fsrq,J0226.3+0941
643,J0226.5-4441,bll,J0226.5-4442
644,J0226.6-0553,bcu,
645,J0226.7+2312,bcu,
646,J0226.9+7744,,
647,J0227.0-1739,bcu,
648,J0227.2+3928,fsrq,J0226.0+3922
649,J0227.3-6119,bcu,
650,J0227.3+0201,bll,J0227.2+0201
651,J0227.8+2246,bcu,J0228.0+2248
652,J0228.0-3026,fsrq,
653,J0228.1+8208,bcu,J0228.5+8213
654,J0228.2-3102,bcu,J0228.7-3106
655,J0228.3-5547,fsrq,J0228.3-5545
656,J0228.5-2234,bcu,
657,J0228.7+6718,fsrq,
658,J0229.5-3644,fsrq,J0229.3-3643
659,J0230.0-5236,bcu,
660,J0230.3+1713,,
661,J0230.4-1140,,
662,J0230.8+4032,fsrq,J0230.8+4032
663,J0231.0+3505,,
664,J0231.2-5754,bll,J0230.6-5757
665,J0231.2-4745,fsrq,
666,J0231.8+1322,fsrq,
667,J0232.5-1118,bll,
668,J0232.8+2018,bll,J0232.8+2016
669,J0232.9+2608,bll,J0232.9+2606
670,J0233.0+3740,bcu,
671,J0233.5+0654,bcu,J0232.6+0646
672,J0233.7-2423,,
673,J0233.9+8041,bcu,
674,J0234.3-0628,bll,J0234.2-0629
675,J0235.3+5650,,J0235.7+5647
676,J0235.6-2939,bll,
677,J0236.8-6136,fsrq,J0236.7-6136
678,J0237.1-0714,bcu,
679,J0237.3+2000,bll,
680,J0237.6-3602,bll,J0237.5-3603
681,J0237.6+0923,bcu,
682,J0237.7+0206,rdg,
683,J0237.8+5238,,J0238.0+5237
684,J0237.8+2848,FSRQ,J0237.9+2848
685,J0238.1-3905,bll,J0238.3-3904
686,J0238.1-2621,,
687,J0238.2+1531,bcu,
688,J0238.4-3116,bll,J0238.4-3117
689,J0238.6+1637,BLL,J0238.6+1636
690,J0238.7+2555,bll,J0239.0+2555
691,J0239.1+6634,,
692,J0239.5+1326,bcu,J0239.4+1326
693,J0239.5-1353,bcu,
694,J0239.7+0415,fsrq,
695,J0240.2-0248,,J0240.0-0253
696,J0240.5+6113,HMB,J0240.5+6113
697,J0240.6+3528,bcu,
698,J0240.8-3401,bcu,
699,J0241.0-0505,bll,
700,J0241.1-3035,,
701,J0241.3+2229,,
702,J0241.3+6543,bll,J0241.3+6542
703,J0241.9-1603,bcu,
704,J0242.3+1102,fsrq,J0242.3+1059
705,J0242.3+5216,bcu,
706,J0242.6+1735,bcu,
707,J0242.6-0000,sbg,J0242.7-0001
708,J0242.9+0045,bll,
709,J0243.1-4218,,
710,J0243.2-0550,fsrq,
711,J0243.3+6319,,
712,J0243.4+7119,bll,J0243.5+7119
713,J0243.7+0321,bcu,
714,J0244.3+1719,,
715,J0244.6-5819,bll,J0244.8-5818
716,J0244.7+1316,bcu,
717,J0245.0+4755,,J0244.4+4745
718,J0245.1-0257,bll,
719,J0245.4-5950,bcu,
720,J0245.4+2408,fsrq,J0245.4+2410
721,J0245.5-4502,fsrq,
722,J0245.9-4650,fsrq,J0245.9-4651
723,J0246.0-4838,,
724,J0246.6-3348,bcu,
725,J0248.0+2232,bcu,
726,J0248.4+6021,PSR,J0248.5+6022
727,J0248.6+4230,MSP,J0248.5+4232
728,J0248.6+5131,bcu,J0248.4+5130
729,J0248.6-3511,bcu,
730,J0249.2+1652,,
731,J0249.7+4500,bcu,
732,J0250.2-8224,bcu,J0244.4-8224
733,J0250.3-3422,bcu,
734,J0250.6+1712,bll,J0250.6+1713
735,J0250.6+8435,bcu,J0249.1+8438
736,J0250.7+5630,bcu,J0250.6+5630
737,J0251.0+2605,MSP,J0251.1+2603
738,J0251.1-1830,,J0251.1-1829
739,J0251.4+4646,,
740,J0251.5-5958,fsrq,J0251.5-5959
741,J0251.6+0628,,
742,J0251.9-5146,,
743,J0252.0-3657,,
744,J0252.3-2707,,
745,J0252.8-2219,fsrq,J0252.8-2218
746,J0252.9+3834,fsrq,J0252.3+3830
747,J0253.2-5441,fsrq,J0253.1-5438
748,J0253.2-0124,bll,J0253.0-0125
749,J0253.3+5132,unk,
750,J0253.5+3216,fsrq,J0253.5+3216
751,J0253.9+5103,fsrq,J0253.8+5104
752,J0254.5-7511,bcu,
753,J0254.8+3933,fsrq,
754,J0255.8+0534,bll,J0255.8+0532
755,J0256.2-0408,,
756,J0256.3+0334,bll,J0256.3+0335
757,J0257.0+3358,bcu,
758,J0257.8+7044,,
759,J0257.9-1215,fsrq,J0257.8-1216
760,J0258.1+2030,bll,J0258.0+2030
761,J0259.0+0552,,J0258.9+0552
762,J0259.1-4748,,
763,J0259.3+5453,bcu,
764,J0259.4+0308,bcu,
765,J0259.4+0746,fsrq,J0259.5+0746
766,J0259.5+1924,fsrq,
767,J0259.5-1705,bcu,
768,J0300.0-6139,,
769,J0300.0-5908,,
770,J0300.2-0514,bcu,
771,J0300.4+3450,,
772,J0301.0-1652,bll,J0301.4-1652
773,J0301.2+2546,bcu,
774,J0301.4-3124,fsrq,
775,J0301.5-7156,fsrq,J0301.8-7157
776,J0301.6-5617,,
777,J0301.9-2731,bcu,J0301.8-2721
778,J0302.5+3354,,
779,J0302.7+5717,,
780,J0303.2+3149,bcu,J0303.0+3150
781,J0303.2+5336,,J0302.0+5335
782,J0303.3-7913,fsrq,J0302.5-7915
783,J0303.3+0555,bll,
784,J0303.4-2407,BLL,J0303.4-2407
785,J0303.4-5232,bcu,
786,J0303.6+4716,bll,J0303.6+4716
787,J0303.6+6711c,,
788,J0303.6-6211,fsrq,J0303.7-6211
789,J0304.4-2833,bll,J0304.3-2836
790,J0304.5+3349,bcu,
791,J0304.5+6821,bcu,J0304.9+6817
792,J0304.5-0054,bll,
793,J0304.6+6554,,
794,J0304.9-0606,bll,J0305.0-0601
795,J0305.1-1608,bll,J0305.2-1607
796,J0305.4+5945c,,
797,J0307.4+4915,bll,J0307.3+4916
798,J0307.8-0419,fsrq,
799,J0307.8+7443,MSP,J0308.0+7442
800,J0308.1-2852,bcu,J0308.4-2852
801,J0308.4+0407,rdg,J0308.6+0408
802,J0308.9-4702,,
803,J0309.0+1029,fsrq,J0309.0+1029
804,J0309.4-4000,bll,
805,J0309.7-0745,bll,J0309.5-0749
806,J0309.9-6941,,
807,J0309.9-6058,fsrq,J0309.9-6057
808,J0310.6-5017,bll,J0310.4-5015
809,J0310.8-1041,bcu,
810,J0310.9-3458,bcu,
811,J0310.9+3815,fsrq,J0310.8+3814
812,J0311.2+6856,bcu,
813,J0311.3+2940,,
814,J0311.5-4402,bcu,
815,J0311.6+4134,bcu,
816,J0312.1-0921,MSP,J0312.1-0921
817,J0312.4-3221,bcu,
818,J0312.5-2221,bll,J0312.7-2222
819,J0312.6-1601,,
820,J0312.7+2012,,J0312.7+2011
821,J0312.8+0134,fsrq,J0312.7+0133
822,J0312.9+3614,bll,J0312.7+3613
823,J0312.9+4119,rdg,
824,J0313.0+0229,bcu,
825,J0314.1+2827,,
826,J0314.1+5033,,
827,J0314.2+2419,,
828,J0314.3+0620,bll,
829,J0314.3-5103,bll,J0314.3-5103
830,J0314.4-4805,,
831,J0314.6-6549,fsrq,
832,J0315.4-2643,bcu,
833,J0315.5+4231,bcu,
834,J0315.9-1033,fsrq,J0315.5-1026
835,J0316.0-5626,bcu,
836,J0316.2-6437,bll,J0316.2-6436
837,J0316.2+0905,bll,J0316.1+0904
838,J0316.2-2608,bll,J0316.1-2611
839,J0316.6-2216,bll,
840,J0316.8+4120,RDG,J0316.6+4119
841,J0316.9-0625,bcu,
842,J0317.7-2804,fsrq,
843,J0317.8-4414,fsrq,
844,J0317.9+2010,bcu,
845,J0318.2+0254,MSP,J0318.1+0252
846,J0318.7+2135,bll,J0318.7+2134
847,J0318.8+2848,,
848,J0319.4-7045,bcu,
849,J0319.8+4130,RDG,J0319.8+4130
850,J0319.8+1845,bll,J0319.8+1847
851,J0319.9-3821,bcu,
852,J0320.6+1125,bcu,
853,J0320.6+2728,rdg,
854,J0321.3+0425,bcu,
855,J0321.3-1612,bll,
856,J0321.7-7500,bll,
857,J0322.0+2335,bll,J0322.0+2335
858,J0322.4+6606,bcu,
859,J0322.6-5040,fsrq,
860,J0322.6-3712e,RDG,J0322.4-3717
861,J0322.9+0940,bcu,
862,J0323.6+6142,,
863,J0323.7-0111,bll,J0323.6-0109
864,J0324.3-1313,bcu,J0324.5-1315
865,J0324.8+3412,nlsy1,J0325.2+3410
866,J0324.8-2043,bcu,
867,J0325.0-2416,fsrq,
868,J0325.2+4705,bcu,
869,J0325.3+3332,bll,
870,J0325.5-5635,bll,J0325.2-5634
871,J0325.6-1646,bll,J0325.6-1648
872,J0325.7+2225,fsrq,J0325.5+2223
873,J0325.9-1843,bcu,J0326.0-1842
874,J0326.2+0225,bll,J0326.2+0225
875,J0326.7-3404,bcu,
876,J0327.0-3751,bcu,
877,J0327.3+2355c,,
878,J0327.5-1805,bcu,
879,J0327.6+2620,,
880,J0327.8-2202,fsrq,
881,J0328.0+6046,,
882,J0328.4-4736,,
883,J0328.6-1129,,
884,J0328.6+5330,unk,
885,J0328.8-5715,bll,
886,J0328.9+3514,bcu,
887,J0329.2+5750c,,
888,J0330.1+5038,msp,
889,J0330.6+4659,bcu,
890,J0330.6+0438,bcu,J0330.6+0437
891,J0330.7+5845,,
892,J0330.7-2408,bcu,
893,J0331.1-5243,bcu,
894,J0331.2-0919,,
895,J0331.3-6156,bll,J0331.3-6155
896,J0331.8-4404,,
897,J0331.8-7040,bll,
898,J0331.9+6307,bll,J0332.0+6308
899,J0332.1-1123,fsrq,J0332.5-1118
900,J0332.2-1737,bcu,
901,J0332.8+1557,bcu,
902,J0333.0-3044,,
903,J0333.1+8227,bcu,
904,J0333.3+0233,bcu,J0333.6+0233
905,J0333.4-2705,,
906,J0333.7+7851,bll,J0333.4+7853
907,J0333.7+2916,bll,J0333.6+2916
908,J0333.8+4007,bcu,J0333.4+4003
909,J0333.9+6537,bll,J0333.9+6538
910,J0334.2-3725,bll,J0334.3-3726
911,J0334.2-4008,bll,J0334.3-4008
912,J0334.3+3920,rdg,J0334.2+3915
913,J0334.3+4820,,
914,J0335.1-4459,bll,J0335.3-4459
915,J0335.6-0727,,
916,J0335.8+2733,bcu,
917,J0336.0+7502,lmb,J0336.1+7500
918,J0336.4+3224,fsrq,J0334.2+3233
919,J0336.5-0348,bll,
920,J0336.7-2445,,
921,J0336.7-1305,fsrq,J0336.9-1304
922,J0336.8-3612,fsrq,J0336.9-3622
923,J0337.5+2423c,,
924,J0337.8-1157,fsrq,
925,J0337.9+4058,,
926,J0338.1-2443,bll,J0338.1-2443
927,J0338.5+1302,bll,J0338.5+1303
928,J0338.7-5319,bcu,
929,J0338.7-5706,bll,
930,J0338.9-2848,bcu,
931,J0339.2-1736,bll,J0339.2-1738
932,J0339.5-0146,fsrq,J0339.5-0146
933,J0340.3+4130,MSP,J0340.3+4130
934,J0340.4+5302,,J0340.4+5302
935,J0340.4-2422,fsrq,J0340.4-2423
936,J0340.5-2118,bll,J0340.5-2119
937,J0340.5-0256,bcu,
938,J0341.9+3153c,,J0342.3+3148c
939,J0342.2+3858,fsrq,J0342.2+3857
940,J0342.4+3125c,,
941,J0342.8-3007,bcu,J0342.6-3006
942,J0343.2-2529,fsrq,J0343.2-2534
943,J0343.2+1400,,
944,J0343.2-6444,bll,J0343.3-6443
945,J0343.3-6303,,
946,J0343.4+3621,fsrq,J0343.3+3622
947,J0344.2+3203c,bcu,
948,J0344.4+3432,bcu,
949,J0345.2+4735,,
950,J0345.2-2353,bll,J0345.1-2353
951,J0345.5-3301,bcu,
952,J0346.1+0342,,
953,J0346.2+3235c,,
954,J0347.0+4844,fsrq,
955,J0347.0-6400,,
956,J0347.5+0722,,
957,J0347.6-0133,bcu,
958,J0347.7-3616,bcu,
959,J0348.2+6035,bcu,J0348.4+6039
960,J0348.5-1804,,
961,J0348.6-1609,bll,J0348.7-1606
962,J0348.6-2749,fsrq,J0348.6-2748
963,J0348.8-0828,bcu,
964,J0348.8+4610,bcu,
965,J0348.9-4859,bcu,
966,J0349.4-1159,bll,J0349.2-1158
967,J0349.6+4026,,
968,J0349.6+2410,bcu,
969,J0349.8-2103,fsrq,J0349.9-2102
970,J0350.0+0640,bcu,
971,J0350.4-5144,bcu,
972,J0350.5+4210,,
973,J0350.6-3226,bcu,
974,J0350.8-2814,bll,J0351.0-2816
975,J0351.2-6103,bcu,
976,J0351.6+2921,bcu,
977,J0352.0-2516,bcu,
978,J0352.0-3702,bll,
979,J0352.9-3623,bll,J0353.0-3622
980,J0353.0+5654,bll,J0352.9+5655
981,J0353.0-6831,bll,J0353.0-6831
982,J0353.7+8257,bll,
983,J0354.4+4643,bcu,J0354.1+4643
984,J0354.7-1617,fsrq,
985,J0354.7+8009,bll,J0354.6+8011
986,J0355.1-1841,bll,
987,J0355.3+3909,bcu,
988,J0356.1-1329,bcu,
989,J0356.9+3013c,,
990,J0357.0-4955,bll,J0357.1-4957
991,J0357.2+2320,bcu,J0357.1+2325
992,J0357.2-0319,bcu,
993,J0357.6-4625,bll,
994,J0357.7-6808,,
995,J0357.8+3204,PSR,J0357.8+3205
996,J0358.0-6946,bcu,J0356.3-6948
997,J0358.1+2850,,
998,J0358.1-5954,bll,
999,J0358.4-5446,NOV,
1000,J0358.5-5432,bcu,
1001,J0358.6+5912c,,
1002,J0358.6+0634,bcu,J0358.7+0633
1003,J0358.7+7649,bcu,J0359.7+7649
1004,J0358.7-7403,,
1005,J0358.9+6004,fsrq,J0358.8+6002
1006,J0359.0-3053,bll,
1007,J0359.3+3626,,
1008,J0359.4-0236,bcu,
1009,J0359.4+5414,PSR,J0359.5+5413
1010,J0359.4-2616,bll,J0359.3-2612
1011,J0359.6+5057,fsrq,
1012,J0359.6+3213,fsrq,
1013,J0359.7+4445,unk,
1014,J0400.7+3920,bcu,
1015,J0401.0-5353,bcu,J0401.0-5359
1016,J0401.2+8153,bll,
1017,J0401.3+0412,bcu,
1018,J0401.7+2112,fsrq,J0401.4+2109
1019,J0401.9-2034,bcu,
1020,J0402.0-2616,bll,J0402.1-2618
1021,J0402.0+2737,bcu,
1022,J0402.1-3147,fsrq,J0401.8-3144
1023,J0402.5+5402,unk,
1024,J0402.8-2747,,
1025,J0402.9+6433,bcu,
1026,J0403.3+1249,,
1027,J0403.3+2601,fsrq,
1028,J0403.5-2437,bll,J0403.7-2442
1029,J0403.9-3605,FSRQ,J0403.9-3604
1030,J0404.1-1715,bcu,
1031,J0404.3-1559,bcu,
1032,J0405.4-6929,,
1033,J0405.6-1308,fsrq,J0405.5-1307
1034,J0405.9+3041c,,
1035,J0406.0-5407,bll,
1036,J0406.2+0639,,
1037,J0407.0-3826,fsrq,J0407.1-3825
1038,J0407.5+0741,bll,J0407.5+0740
1039,J0407.7-5702,lmb,
1040,J0408.8+0508,,J0409.5+0509
1041,J0409.2+2542,,
1042,J0409.3+0210,,
1043,J0409.4-3822,,
1044,J0409.4+3201,bcu,J0409.4+3158
1045,J0409.7+4006c,,
1046,J0409.8-0359,bll,J0409.8-0358
1047,J0410.6+7656,css,
1048,J0410.9+4216,bcu,
1049,J0411.7+3041,bcu,
1050,J0412.3+0239,bcu,
1051,J0412.5+6519c,,
1052,J0412.6-5434,bcu,
1053,J0412.6+2253c,,
1054,J0412.7-3927,bcu,
1055,J0413.1-5332,fsrq,J0413.5-5332
1056,J0413.1-0304,,
1057,J0413.4-8609,,
1058,J0414.3+4522,,
1059,J0414.6-0842,bll,J0414.9-0840
1060,J0414.6+5711,,
1061,J0414.7-4300,,
1062,J0414.8-5338,bll,
1063,J0415.2-5741,bcu,
1064,J0416.0-4743,bcu,
1065,J0416.0-6628,bll,
1066,J0416.2-4353,fsrq,J0415.7-4351
1067,J0416.4-2059,bcu,
1068,J0416.5-1852,fsrq,J0416.6-1850
1069,J0416.9+0105,bll,J0416.8+0104
1070,J0418.0+6302,,
1071,J0418.1-0252,bcu,J0418.0-0251
1072,J0418.2+3807,rdg,J0418.5+3813c
1073,J0418.4+3414,bcu,J0418.2+3412
1074,J0418.4-4342,,
1075,J0418.9+6636,MSP,J0419.1+6636
1076,J0420.0+0805,bcu,
1077,J0420.2+4012,bll,
1078,J0420.3-6016,bll,J0420.4-6013
1079,J0420.3-3745,bcu,J0420.6-3742
1080,J0420.3-0407,,
1081,J0420.6-4802,,
1082,J0421.0-0752,bcu,
1083,J0421.6-0627,bll,
1084,J0422.1-0644,fsrq,J0422.1-0642
1085,J0422.3+1951,bll,
1086,J0422.8+0225,fsrq,J0422.1+0211
1087,J0423.0-0943,,
1088,J0423.1+2106,bcu,
1089,J0423.1-1408,,
1090,J0423.3-0120,FSRQ,J0423.2-0119
1091,J0423.7+0831,bcu,
1092,J0423.9+4150,bll,J0423.8+4150
1093,J0424.7+0036,bll,J0424.7+0035
1094,J0424.8+3117,,
1095,J0424.9-5331,bll,J0425.0-5331
1096,J0425.1+4919,,
1097,J0425.1-2920,,
1098,J0425.3+6319,bcu,J0425.2+6319
1099,J0425.6+5522e,SNR,
1100,J0426.5+5434,,J0426.7+5437
1101,J0426.5+0517,fsrq,J0426.6+0509c
1102,J0426.5+2007,bcu,J0427.3+2028
1103,J0426.7+6826,bcu,J0426.3+6827
1104,J0427.3-3900,bcu,J0427.3-3900
1105,J0427.4+6433c,,
1106,J0427.5-1831,bcu,
1107,J0427.8-6704,LMB,J0427.9-6704
1108,J0427.9+3632c,,
1109,J0428.6-3756,bll,J0428.6-3756
1110,J0428.7-5003,bcu,
1111,J0429.0-0006,bcu,
1112,J0429.3-3238,bll,
1113,J0429.3-4326,fsrq,
1114,J0429.8+2843,bcu,J0429.8+2843
1115,J0429.9-3101,bll,J0430.1-3103
1116,J0430.3-2507,bll,J0430.2-2508
1117,J0430.3+1654,bcu,J0430.5+1655
1118,J0431.0+3529c,,
1119,J0431.1+4433,,
1120,J0431.2-0358,bcu,
1121,J0431.8+7403,bll,J0431.6+7403
1122,J0432.0+1732,bcu,
1123,J0433.0+0522,RDG,
1124,J0433.0+1327,,
1125,J0433.1+3227,bll,J0433.1+3228
1126,J0433.5-1039,bcu,
1127,J0433.6-6030,fsrq,J0433.7-6028
1128,J0433.6+2905,bll,J0433.6+2905
1129,J0433.7-5725,bll,J0434.0-5726
1130,J0434.1-2014,bll,J0434.0-2010
1131,J0434.3-2517,bcu,
1132,J0434.4-2342,bll,J0434.4-2341
1133,J0434.7+0922,bll,J0434.6+0921
1134,J0435.2-1507,,
1135,J0435.4-2623,bll,
1136,J0435.5+3232,,
1137,J0436.2-0038,bcu,
1138,J0436.7-7148,bcu,
1139,J0436.8-5223,bcu,
1140,J0436.9+2915,,
1141,J0437.2-4715,MSP,J0437.2-4713
1142,J0437.2-5846,bcu,
1143,J0437.4-6155,bll,
1144,J0438.0-7329,,J0437.7-7330
1145,J0438.2-4243,,
1146,J0438.4-1254,fsrq,J0438.3-1258
1147,J0438.7-3441,bcu,
1148,J0438.9-4521,bll,J0438.8-4519
1149,J0439.2+2151,bcu,
1150,J0439.4-3202,bcu,J0439.6-3159
1151,J0439.4-7424,,
1152,J0439.6-8322,,
1153,J0439.8-1859,bll,J0439.9-1859
1154,J0439.9-0535,,J0439.6-0538
1155,J0440.2-2458,bll,J0440.3-2500
1156,J0440.2+4246,bcu,
1157,J0440.3-4332,fsrq,
1158,J0440.4+1440,bcu,J0440.3+1444
1159,J0440.8+2749,bll,J0440.8+2751
1160,J0441.2-2953,bll,
1161,J0441.3-2617,bcu,
1162,J0441.4+5058,,
1163,J0441.5+1505,bll,
1164,J0441.8+2600c,,
1165,J0442.0-5432,,
1166,J0442.6-0017,fsrq,J0442.6-0017
1167,J0442.7+6142,bll,
1168,J0442.8+3609,,
1169,J0443.3-5949,,
1170,J0443.3-6652,fsrq,
1171,J0443.4-4152,bll,
1172,J0443.9+2921,,
1173,J0444.4+1621,,
1174,J0444.5+0719,bcu,
1175,J0444.6+3425,bcu,J0444.5+3425
1176,J0444.8-3514,,
1177,J0445.1-6012,fsrq,J0444.6-6012
1178,J0445.7+1535,,
1179,J0446.3-1729,bcu,
1180,J0447.2+2446,,
1181,J0447.2-2539,bcu,J0447.1-2540
1182,J0447.4-2747,bcu,
1183,J0448.3+2743,,
1184,J0448.6-1632,bll,J0448.6-1632
1185,J0448.7-2116,,J0447.8-2119
1186,J0449.1+1121,fsrq,J0449.0+1121
1187,J0449.2+6329,fsrq,
1188,J0449.3-2621,,
1189,J0449.4-4350,bll,J0449.4-4350
1190,J0449.6-8100,fsrq,
1191,J0449.6+3027,bcu,
1192,J0450.3-4419,bcu,
1193,J0450.4+7230,bcu,J0451.6+7231
1194,J0450.7+0715,,
1195,J0450.7-4938,bcu,
1196,J0450.8-2327,bcu,
1197,J0451.8-4651,fsrq,
1198,J0451.8+5721,bcu,J0451.7+5722
1199,J0452.0+2100,bcu,
1200,J0452.9+5117,spp,
1201,J0453.1-2806,fsrq,J0453.2-2808
1202,J0453.1+6322,bll,J0453.2+6321
1203,J0453.3+2843,,
1204,J0453.5-1233,bcu,
1205,J0453.9+3727,bcu,
1206,J0454.4+5943,,
1207,J0454.6-1740,,
1208,J0455.7-4617,fsrq,J0455.7-4617
1209,J0455.9+6757,,
1210,J0456.2+2702,bcu,J0456.3+2702
1211,J0456.3-1634,bcu,
1212,J0456.4-4043,bcu,
1213,J0456.6-3136,fsrq,J0456.3-3131
1214,J0457.0+0646,fsrq,J0457.0+0643
1215,J0457.0-2324,FSRQ,J0457.0-2324
1216,J0458.0+1152,bcu,
1217,J0458.2+6244,,
1218,J0458.4+5140c,spp,
1219,J0458.6+5509,bcu,
1220,J0459.2-2612,bcu,
1221,J0459.4+1921,bcu,
1222,J0459.7-4529,bcu,
1223,J0459.7-5413,,
1224,J0500.1+5447,bcu,
1225,J0500.2+5237,bll,J0500.3+5237
1226,J0500.3+4639e,SNR,
1227,J0500.4-5321,bcu,
1228,J0500.6-4911,bll,
1229,J0500.9-5213,,
1230,J0500.9-6945e,,
1231,J0501.0+2424,bcu,
1232,J0501.0-2423,bcu,
1233,J0501.2-0158,fsrq,J0501.2-0157
1234,J0501.7+3048,bcu,J0501.8+3046
1235,J0501.7+4459,,
1236,J0502.2+3016,,
1237,J0502.4+0609,fsrq,J0502.5+0612
1238,J0502.5+1340,bll,
1239,J0502.5+3438,bcu,J0502.7+3438
1240,J0502.6+0036,,
1241,J0502.9+6533,bll,J0503.5+6538
1242,J0503.1-6045,fsrq,
1243,J0503.5-1116,bll,
1244,J0503.6+4518,bcu,J0503.4+4522
1245,J0503.8-7508,,
1246,J0504.3-0955,bcu,
1247,J0504.4+1750,,
1248,J0505.3+0459,fsrq,J0505.3+0459
1249,J0505.6+0415,bll,J0505.5+0416
1250,J0505.6-1558,bll,J0505.5-1558
1251,J0505.6+6405,bcu,
1252,J0505.8-1923,,
1253,J0505.8+3322,bcu,
1254,J0505.8-0419,fsrq,J0505.3-0422
1255,J0505.8-3817,bll,
1256,J0506.0+6113,bll,J0505.9+6114
1257,J0506.0-0357c,bcu,J0506.3-0357
1258,J0506.1+5028,msp,
1259,J0506.3-0620c,,
1260,J0506.6-4629,,
1261,J0506.6+4545,,
1262,J0506.7-0857,bll,J0506.5-0901
1263,J0506.9+0323,bll,J0506.9+0321
1264,J0506.9-5435,bll,J0506.9-5435
1265,J0507.4-3346,bcu,
1266,J0507.7-6104,fsrq,J0507.5-6102
1267,J0507.9+4647,bcu,
1268,J0507.9+6737,bll,J0508.0+6736
1269,J0508.2-1937,fsrq,J0508.2-1936
1270,J0508.2+5211,bcu,
1271,J0508.9-2327,,
1272,J0509.1+1943,bcu,
1273,J0509.1-7317,bcu,
1274,J0509.2+5550,bcu,
1275,J0509.3-2917,bcu,
1276,J0509.4+1012,fsrq,J0509.3+1012
1277,J0509.4+0542,bll,J0509.4+0541
1278,J0509.6+8425,bll,
1279,J0509.6-0402,bll,J0509.7-0400
1280,J0509.9-6417,bll,J0509.7-6418
1281,J0510.0-0204,,
1282,J0510.0+1800,fsrq,J0510.0+1802
1283,J0510.4-1809,bcu,
1284,J0510.6-5655,,
1285,J0511.0+4213,,
1286,J0511.4-6804,bcu,
1287,J0512.3+3329,,
1288,J0512.5-2201,,
1289,J0512.8+5821,,
1290,J0512.8+4041,bcu,J0512.9+4038
1291,J0513.9-4005,glc,
1292,J0513.9-3746,bll,
1293,J0514.1-2437,,
1294,J0514.5+6247,bcu,
1295,J0514.6-4408,PSR,J0514.6-4406
1296,J0515.4-3841,,
1297,J0515.5-0125,bcu,J0515.5-0123
1298,J0515.6-4556,fsrq,J0515.3-4557
1299,J0515.8+1527,bll,J0515.8+1526
1300,J0515.9+0537,bcu,
1301,J0516.1-7240,bcu,
1302,J0516.3+3753,,
1303,J0516.4+7350,bll,J0516.3+7351
1304,J0516.7+2743,bcu,
1305,J0516.7-6207,bll,J0516.7-6207
1306,J0516.8-0509,fsrq,
1307,J0517.5+0858,fsrq,J0517.5+0902
1308,J0517.7-1758,bcu,
1309,J0517.9-6930c,bcu,
1310,J0517.9+5030,spp,
1311,J0518.6+1227,,
1312,J0519.0+0851,bcu,J0519.5+0852
1313,J0519.6+2744,bcu,J0519.3+2746
1314,J0519.6-4544,rdg,J0519.2-4542
1315,J0519.7+1939,,
1316,J0519.9-6845e,GAL,
1317,J0520.4+3607,bcu,
1318,J0520.6+6531,bcu,
1319,J0521.2+1637,css,
1320,J0521.3-1734,fsrq,J0521.4-1740
1321,J0521.4-2957,bcu,
1322,J0521.6+0103,bll,J0521.7+0103
1323,J0521.7+2112,bll,J0521.7+2113
1324,J0521.8+5658c,bcu,
1325,J0521.8+0843,,
1326,J0521.8-3848,bcu,J0521.9-3847
1327,J0522.9-3628,AGN,J0522.9-3628
1328,J0523.3-2527,bin,J0523.3-2528
1329,J0524.1-5659,bcu,
1330,J0524.1+6017,,
1331,J0524.4-2413,glc,
1332,J0524.5+2839,bcu,J0524.4+2839
1333,J0524.5-2614,bcu,
1334,J0524.6-2819,bcu,
1335,J0524.7+4824,spp,
1336,J0524.7-8304,,
1337,J0524.8-6938,snr,J0524.5-6937
1338,J0525.0-0333,,
1339,J0525.4-4600,fsrq,J0525.3-4558
1340,J0525.6-2008,bll,J0525.8-2014
1341,J0525.6-6013,bcu,J0525.6-6013
1342,J0525.8-0052,bll,
1343,J0526.1+6318,bcu,J0526.6+6321
1344,J0526.2-4830,fsrq,J0526.2-4829
1345,J0526.3+2246,bcu,J0526.4+2247
1346,J0526.4+1114,,
1347,J0526.7-1519,bll,
1348,J0526.7+4254,snr,J0526.0+4253
1349,J0527.1+1152,,
1350,J0527.3-6223,bll,
1351,J0527.4+6647,,J0527.3+6647
1352,J0528.0-4647,,
1353,J0528.3+1817,unk,J0528.3+1815
1354,J0528.5+3852,,J0528.4+3838
1355,J0528.7-5920,bll,J0529.2-5917
1356,J0529.1-2449c,,
1357,J0529.1-0101,bcu,
1358,J0529.1+0935,bcu,J0529.1+0933
1359,J0529.3-7243,bcu,J0529.8-7242
1360,J0529.4-0521,fsrq,
1361,J0529.9-0224,,
1362,J0530.0-6900e,,
1363,J0530.4+3303,bcu,
1364,J0530.9+1332,FSRQ,J0530.8+1330
1365,J0531.3+1609,,
1366,J0531.4-0058c,,
1367,J0531.5-7823,,
1368,J0531.7+1241c,,
1369,J0531.8-6639e,,
1370,J0532.0-4827,BLL,J0532.0-4827
1371,J0532.6+3358,,
1372,J0532.6+0732,FSRQ,J0532.7+0732
1373,J0532.7+5749,bcu,
1374,J0532.8-3941,bcu,J0533.0-3939
1375,J0532.9-8325,fsrq,J0533.6-8323
1376,J0532.9+6936,bcu,
1377,J0533.0-8446,bcu,
1378,J0533.1-6119,bcu,
1379,J0533.2+3024c,,
1380,J0533.3-5549,bcu,
1381,J0533.3+4823,fsrq,J0533.2+4822
1382,J0533.5+1449,unk,
1383,J0533.6+5945,,J0533.2+5944
1384,J0533.8+6800,MSP,J0534.0+6759
1385,J0533.8-3749,fsrq,J0533.8-3754
1386,J0534.0+3746c,,
1387,J0534.1-7218,bll,J0532.5-7223
1388,J0534.2+2751,,
1389,J0534.5+2201i,PWN,J0534.5+2201i
1390,J0534.5+2201s,PWN,J0534.5+2201s
1391,J0534.5+2200,PSR,J0534.5+2201
1392,J0535.0+3615c,,
1393,J0535.1-5422,,
1394,J0535.2-6736,HMB,
1395,J0535.3+0934,,
1396,J0535.6-0405,,
1397,J0535.7-6604c,bcu,
1398,J0536.0-2754,bcu,J0535.6-2749
1399,J0536.1-1205,,
1400,J0536.2+1733,bll,
1401,J0536.4-3401,fsrq,
1402,J0536.4-3343,bll,
1403,J0536.5-2548,bcu,
1404,J0537.5+0959,,J0537.0+0957
1405,J0537.6+0400,,
1406,J0537.7-5717,bll,J0537.4-5717
1407,J0537.8-6909,pwn,J0538.4-6856
1408,J0538.2-3910,bll,J0538.4-3909
1409,J0538.6+0443,bcu,
1410,J0538.8-4405,BLL,J0538.8-4405
1411,J0538.9+3549c,,
1412,J0539.0+1644,bcu,J0538.9+1646
1413,J0539.2-6333,,
1414,J0539.6+1432,FSRQ,J0539.8+1434
1415,J0539.7-1030,bcu,
1416,J0539.7-0521c,bcu,J0539.2-0536
1417,J0539.9-2839,fsrq,J0540.0-2837
1418,J0540.0-7552,lmb,J0539.9-7553
1419,J0540.0+1209,bcu,J0540.0+1208
1420,J0540.0+3501c,,J0540.8+3503c
1421,J0540.2+0655,,
1422,J0540.3-6920,PSR,
1423,J0540.3+2756e,SNR,J0540.3+2756e
1424,J0540.5+5823,bll,J0540.4+5823
1425,J0540.6+5540,,
1426,J0540.7+3611c,,
1427,J0540.8-5415,fsrq,J0540.5-5416
1428,J0540.9+5046,,
1429,J0541.1-4854,bcu,
1430,J0541.1-2059,,
1431,J0541.4-7334,bcu,
1432,J0541.4-0754c,,
1433,J0541.6-0541,fsrq,J0540.9-0547
1434,J0542.4+3547c,bcu,
1435,J0542.8-3458,bcu,
1436,J0542.9-0913,bcu,J0542.5-0907c
1437,J0543.2+8238,bcu,
1438,J0543.5-8741,,J0542.2-8737
1439,J0543.9-0418,,
1440,J0543.9-5531,bll,J0543.9-5531
1441,J0544.4+2238,,J0544.7+2239
1442,J0544.7+7124,,
1443,J0544.8+5209c,,
1444,J0545.0+0613c,bcu,
1445,J0545.7+6016,,J0545.6+6019
1446,J0545.8-0905,,
1447,J0546.5-1100,,
1448,J0546.9-2206,bll,
1449,J0548.5-5218,bcu,
1450,J0548.6+1200,,
1451,J0549.0+3258c,bcu,
1452,J0549.0-0233,,
1453,J0550.2+0730c,,
1454,J0550.3-6107,,
1455,J0550.3-5733,fsrq,
1456,J0550.5-3216,bll,J0550.6-3217
1457,J0550.5-4356,,J0550.8-4400
1458,J0550.9+2552c,bcu,
1459,J0551.0-1622,bcu,
1460,J0551.7+0446,,J0551.6+0449c
1461,J0551.8-2130,,
1462,J0551.8-3517,bcu,
1463,J0552.0+2656c,,
1464,J0552.0+0256c,,
1465,J0552.4+3755,bcu,
1466,J0552.8+0313,bcu,
1467,J0553.5-2034,bll,J0553.5-2036
1468,J0553.5+4810,,
1469,J0553.6+0100,,
1470,J0553.9-5048,,
1471,J0554.0-0839,,
1472,J0554.1+3107,PSR,J0554.1+3104
1473,J0554.2-0259,,
1474,J0554.3-1009c,bcu,
1475,J0554.4-2757,bll,
1476,J0554.5-4419,,
1477,J0554.8-0011,,
1478,J0555.1+0150c,,
1479,J0555.1+0304,bcu,
1480,J0555.6+3947,fsrq,
1481,J0555.9+0030,,
1482,J0556.2-4352,bll,J0556.0-4353
1483,J0557.2+3528,,
1484,J0557.2+7705,bcu,
1485,J0557.3-0615,bcu,
1486,J0557.4-0302,bcu,
1487,J0557.5-4452,,
1488,J0557.6-0721,bcu,J0557.7-0720
1489,J0558.0-3837,bll,J0558.1-3838
1490,J0558.1-2113,,
1491,J0558.1-2859,bcu,
1492,J0558.2+0132c,,
1493,J0558.7-4957,,
1494,J0558.8-7459,bll,J0558.6-7459
1495,J0559.2+2557,,
1496,J0559.3+0352,,
1497,J0559.5+7026,,
1498,J0559.6+3044,bcu,J0559.8+3042
1499,J0559.7-1817,bcu,
1500,J0559.9+6409,bcu,
1501,J0600.1+0215,,
1502,J0600.3+1244,bll,
1503,J0600.4+4949,,
1504,J0600.6-3939,fsrq,J0600.9-3943
1505,J0600.7+2012c,,
1506,J0600.8+0509c,,
1507,J0601.0-1016c,,
1508,J0601.0+3838,bll,J0601.0+3837
1509,J0601.1-7035,fsrq,J0601.2-7036
1510,J0601.3-7238,bll,
1511,J0601.3+5444,bcu,
1512,J0601.4-6057,,
1513,J0601.4+2320,fsrq,J0601.5+2309
1514,J0601.8-2003,fsrq,
1515,J0602.0+5315,bll,J0602.2+5314
1516,J0602.7-0007,bll,
1517,J0602.7+6621,,
1518,J0602.8-4019,bll,J0603.0-4012
1519,J0602.8+6041,bcu,
1520,J0603.0-2936,bcu,
1521,J0603.9+2159,bcu,J0603.8+2155
1522,J0603.9+1901,spp,
1523,J0604.1-4816,bll,J0604.1-4817
1524,J0604.5-4851,bcu,J0604.7-4849
1525,J0604.8+1653c,,
1526,J0604.8+4411,bcu,
1527,J0604.9-1042,,
1528,J0604.9-0000,bcu,J0605.0-0000
1529,J0605.1+3757,MSP,J0605.0+3756
1530,J0606.5-4730,bcu,J0606.4-4729
1531,J0606.9+4402,bcu,
1532,J0607.2-2518,bll,
1533,J0607.4+4739,bll,J0607.4+4739
1534,J0607.9-1904,,
1535,J0608.0+6721,fsrq,
1536,J0608.0-0835,fsrq,J0608.0-0835
1537,J0608.1-6028,fsrq,
1538,J0608.1-1521,fsrq,J0608.1-1522
1539,J0608.5+1826c,,
1540,J0608.6-2305,,J0608.2-2306
1541,J0608.6+1149,unk,
1542,J0608.8+5553,bcu,
1543,J0608.8+2034c,unk,J0608.3+2037
1544,J0608.9-5456,bcu,
1545,J0609.0+2136c,,J0609.3+2131
1546,J0609.0+2006,,
1547,J0609.0-2219,fsrq,
1548,J0609.1+1544,,
1549,J0609.2-0247,bll,J0609.4-0248
1550,J0609.5+1402,bcu,
1551,J0610.1-1848,bll,J0609.6-1847
1552,J0610.2-2100,MSP,J0610.2-2059
1553,J0610.6+5318,,J0608.6+5328
1554,J0610.7+1656,bcu,
1555,J0610.7+3752,,
1556,J0610.8-4911,,
1557,J0610.9-6054,fsrq,J0611.1-6100
1558,J0610.9+2040c,,
1559,J0611.1+4325,bcu,J0611.2+4323
1560,J0611.4-4722,,
1561,J0611.5-2918,,
1562,J0611.6-2712,bcu,
1563,J0611.6+2803,bll,J0611.7+2759
1564,J0612.2+1909c,,
1565,J0612.5-3138,fsrq,
1566,J0612.5-3934,bcu,
1567,J0612.6+1520c,,
1568,J0612.8+4122,bll,J0612.8+4122
1569,J0612.9+1150,,
1570,J0613.1+1749c,,
1571,J0613.6+7108,bll,
1572,J0613.6+1709,bcu,
1573,J0613.7-0201,MSP,J0613.8-0201
1574,J0614.1-3329,MSP,J0614.1-3329
1575,J0614.1+1628c,,
1576,J0614.6-2306,,
1577,J0614.8+5735,,
1578,J0614.8+6136,bcu,
1579,J0614.9+2426,bcu,
1580,J0615.1-1901,,
1581,J0615.3-3117,bll,J0615.4-3116
1582,J0615.9+1416,,
1583,J0616.1-1732,bll,
1584,J0616.2-0653,,
1585,J0616.5+2235,,
1586,J0616.7-1049,bcu,
1587,J0616.9+4340,bcu,
1588,J0617.2+2234e,SNR,J0617.2+2234e
1589,J0617.2+5701,bll,J0617.2+5701
1590,J0617.6-4028,,
1591,J0617.7-1715,bll,J0617.6-1717
1592,J0617.9-0319,bcu,
1593,J0618.1+7819,sbg,J0618.0+7819
1594,J0618.1-2428,fsrq,J0618.2-2429
1595,J0618.4+3150,,
1596,J0618.7+1211,,
1597,J0618.9+2240c,,
1598,J0618.9-1138,bcu,J0618.9-1138
1599,J0620.0+5733,bcu,
1600,J0620.1+2246,,
1601,J0620.3+3804,bcu,
1602,J0620.4+1445,,
1603,J0620.5-2512,bcu,
1604,J0620.7+2643,bll,J0620.4+2644
1605,J0620.7-5034,,
1606,J0620.9+2201,,
1607,J0621.2-4648,bcu,
1608,J0621.2+2512,MSP,J0621.0+2514
1609,J0621.2-2213,bcu,
1610,J0621.7-3411,bll,
1611,J0621.8+1746,bll,
1612,J0621.9+4219,,
1613,J0622.2+3749,PSR,J0622.2+3747
1614,J0622.3-2605,bll,J0622.4-2606
1615,J0622.4-6433,fsrq,
1616,J0622.5+3120,,
1617,J0622.7+2248,,
1618,J0622.7-4141,bcu,J0623.1-4143
1619,J0622.9+3326,BCU,J0622.9+3326
1620,J0623.0-3010,bcu,
1621,J0623.2+3044,bll,J0623.3+3043
1622,J0623.6-3351,bcu,
1623,J0623.9-5259,bll,
1624,J0624.0+0855,,
1625,J0624.1-6330,bcu,
1626,J0624.2-2943,bcu,
1627,J0624.7-4903,,
1628,J0624.8-0735,unk,
1629,J0625.3+4439,bll,J0625.2+4440
1630,J0625.3-1144,,
1631,J0625.5+7029,,
1632,J0625.8-5441,fsrq,J0626.0-5436
1633,J0626.4-4259,bll,J0626.6-4259
1634,J0626.4-1712,bll,
1635,J0626.8-2603,bcu,
1636,J0627.0+2623,bcu,
1637,J0627.0-3529,rdg,J0627.0-3529
1638,J0628.5+6218,,
1639,J0628.6-6711,bcu,
1640,J0628.6+6900,bcu,J0630.3+6906
1641,J0628.8-6250,bll,J0629.0-6248
1642,J0628.8-2340,,
1643,J0629.3-1959,bll,J0629.4-1959
1644,J0629.6+2435,bcu,
1645,J0630.1-2010,bcu,
1646,J0630.2+3228,bcu,
1647,J0630.9-2406,bll,J0630.9-2406
1648,J0631.0+5626,,
1649,J0631.1+2020,bcu,J0631.2+2019
1650,J0631.4-1650,,
1651,J0631.5+1036,PSR,J0631.5+1036
1652,J0631.8+0645,PSR,
1653,J0632.0-1032,bcu,
1654,J0632.7+1215,,
1655,J0632.8+0550,hmb,
1656,J0633.4-2222,fsrq,
1657,J0633.7+0632,PSR,J0633.7+0632
1658,J0633.9+5840,,
1659,J0633.9+1746,PSR,J0633.9+1746
1660,J0634.2+0436e,snr,
1661,J0634.6-3046c,,
1662,J0634.7+1036,,
1663,J0634.9-2335,fsrq,J0634.7-2334
1664,J0635.6-7518,fsrq,J0635.7-7517
1665,J0635.7+3113,,
1666,J0636.2-1057,,
1667,J0636.7+7139,bcu,J0633.8+7132
1668,J0637.3-6220,,
1669,J0637.4-3537,bcu,
1670,J0638.2+6020,bcu,
1671,J0638.6+7320,fsrq,J0638.6+7324
1672,J0638.7+2753,bcu,
1673,J0638.7+5658,bcu,J0638.4+5704
1674,J0639.1-8009,,
1675,J0639.4+0655e,SNR,
1676,J0639.6+3503,bcu,
1677,J0640.0-1253,bll,J0640.0-1252
1678,J0640.4+3307,,J0639.9+3250
1679,J0640.5-2714,,
1680,J0640.7-1924,bcu,
1681,J0640.8+2432,bcu,
1682,J0640.9-5204,,
1683,J0641.4+3349,,
1684,J0641.7-0320,FSRQ,J0641.8-0319
1685,J0642.4+1048,,
1686,J0642.9-6501,,
1687,J0643.2-5356,bcu,J0643.4-5358
1688,J0643.3+0857,fsrq,J0643.2+0859
1689,J0643.4-3314,bcu,
1690,J0644.4-6712,fsrq,J0644.3-6713
1691,J0644.4-1401,unk,
1692,J0644.6+6039,bll,J0644.6+6035
1693,J0644.6-2853,bcu,J0644.6-2853
1694,J0644.7+3917,fsrq,
1695,J0644.7-4949,,
1696,J0646.4-5455,msp,J0646.4-5452
1697,J0646.5+0018,spp,
1698,J0646.7-3913,fsrq,J0645.9-3914
1699,J0647.0-5138,bll,J0647.0-5134
1700,J0647.6+4459,,
1701,J0647.7-4418,bcu,J0647.1-4415
1702,J0647.7-6058,bll,J0647.6-6058
1703,J0647.7+0031,spp,J0647.6+0032
1704,J0647.8+4527,bcu,
1705,J0648.0-3045,fsrq,J0648.1-3045
1706,J0648.1+1605,bcu,J0648.1+1606
1707,J0648.2+1745,bcu,J0647.8+1751
1708,J0648.4-1744,fsrq,J0648.8-1740
1709,J0648.4-6941,bll,
1710,J0648.6-3623,,
1711,J0648.7+1516,bll,J0648.8+1516
1712,J0649.3+2230,bcu,
1713,J0649.5-3139,bll,J0649.6-3138
1714,J0649.6-4017,,
1715,J0650.2+5620,fsrq,
1716,J0650.2-5144,,
1717,J0650.2-1636,bcu,J0650.4-1636
1718,J0650.5-2851,bcu,
1719,J0650.6+2055,unk,J0650.5+2055
1720,J0650.7+2503,bll,J0650.7+2503
1721,J0651.0+4013,bll,J0651.3+4014
1722,J0651.4+6525,bll,J0650.9+6524
1723,J0651.5+7956,bcu,
1724,J0651.9-4330,,
1725,J0652.1-4813,bll,J0652.0-4808
1726,J0652.5+1932,bcu,
1727,J0652.8-1855,,
1728,J0652.9+4707,MSP,
1729,J0653.4+1813,unk,
1730,J0653.6+1636,bcu,
1731,J0653.7+2815,bll,J0653.6+2817
1732,J0653.8-1330,,
1733,J0654.0-4658,,
1734,J0654.0-4152,bll,
1735,J0654.3+0923,bcu,J0654.5+0926
1736,J0654.3+5042,fsrq,J0654.4+5042
1737,J0654.4+4514,FSRQ,J0654.4+4514
1738,J0654.6-4952,bcu,
1739,J0654.7+4246,bll,
1740,J0655.3-0037,spp,
1741,J0655.4-2631,bcu,
1742,J0655.5+1552,,
1743,J0656.0+2420,fsrq,
1744,J0656.3-0322,fsrq,J0656.2-0323
1745,J0656.3+4235,bll,J0656.4+4232
1746,J0656.3-2404,bll,
1747,J0656.5+4218,,
1748,J0657.4-4658,msp,J0657.6-4701
1749,J0657.7-5340,,
1750,J0658.1-5840,bcu,J0658.3-5832
1751,J0658.2+2709,bcu,
1752,J0658.6+0636,bcu,J0658.6+0636
1753,J0658.7-0407c,,
1754,J0658.7+2318,,J0658.8+2318
1755,J0659.2-1758c,,
1756,J0659.6-2742,fsrq,
1757,J0659.6-6742,bcu,
1758,J0659.7+1416,PSR,J0659.5+1414
1759,J0659.9-2900,,
1760,J0659.9+1709,fsrq,J0700.0+1709
1761,J0700.1-6311,bcu,J0700.3-6310
1762,J0700.2-5118,,
1763,J0700.2+1304,bll,J0700.2+1304
1764,J0700.4-4308,,
1765,J0700.5-6610,bll,J0700.6-6610
1766,J0700.6+3558,,J0700.6+3557
1767,J0700.8+1551,,
1768,J0701.3-0403,,
1769,J0701.3-0327c,,
1770,J0701.5+2511,bcu,
1771,J0701.5-2842,,
1772,J0701.5-4634,fsrq,J0701.4-4634
1773,J0702.7-1951,bll,J0702.7-1952
1774,J0703.2+6809,bcu,
1775,J0703.2-3914,bll,J0703.4-3914
1776,J0703.3-1042,bcu,J0704.1-1043
1777,J0703.3-0050,bll,
1778,J0704.0-1153c,,
1779,J0704.3-4829,,J0704.3-4828
1780,J0704.6-1055c,,J0704.1-1043
1781,J0704.7+4508,bcu,
1782,J0704.8+4907,bcu,
1783,J0704.9-1007c,,
1784,J0705.0+1331,,
1785,J0705.7-4848,bcu,J0706.1-4849
1786,J0705.8-0004,,J0705.7-0006
1787,J0705.9+5309,bcu,
1788,J0706.1+0246,bcu,
1789,J0706.3-3250,,
1790,J0706.5+3744,bll,J0706.5+3744
1791,J0706.8-4351,,
1792,J0706.8+7742,bll,J0707.0+7741
1793,J0706.9+6109,bll,J0707.2+6101
1794,J0708.6+1747,,J0708.7+1747
1795,J0708.8-3121,,J0707.5-3111
1796,J0708.9+4839,rdg,
1797,J0709.0+4304,bcu,
1798,J0709.1+2241,bll,J0708.9+2239
1799,J0709.1-1034c,,
1800,J0709.2-1527,bll,
1801,J0709.3+0540,bcu,
1802,J0709.7-3009,unk,
1803,J0709.7-0255,fsrq,J0709.7-0256
1804,J0710.4+5908,bll,J0710.3+5908
1805,J0710.8-3851,fsrq,
1806,J0710.9+4733,bll,J0710.5+4732
1807,J0711.3-0942,unk,
1808,J0712.0-6431,,J0712.2-6436
1809,J0712.4+5724,bll,
1810,J0712.5+3311,bcu,
1811,J0712.7+5033,bll,J0712.6+5033
1812,J0712.8-5637,,
1813,J0713.0+5738,bcu,
1814,J0713.5+2537,bcu,
1815,J0713.5-2555,,
1816,J0713.8-4820c,,
1817,J0713.8+1935,fsrq,J0713.9+1933
1818,J0714.4+1110,bcu,
1819,J0715.3-6828,bcu,
1820,J0715.6-4528,bll,J0716.0-4525
1821,J0715.7-1128,,
1822,J0716.0-0826,,
1823,J0716.9-2219,,
1824,J0717.3+2437,,
1825,J0717.7-5519,bcu,
1826,J0718.0+4536,fsrq,
1827,J0718.2-1324,bcu,
1828,J0718.6-4319,bll,J0718.7-4319
1829,J0718.8-5004,,J0718.9-5004
1830,J0718.8+4618,,
1831,J0719.1-7055,bll,
1832,J0719.3+3307,fsrq,J0719.3+3307
1833,J0719.6-3927,bcu,
1834,J0719.7-4012,bll,J0720.0-4010
1835,J0720.0-3507,bcu,
1836,J0720.0-6237,bcu,
1837,J0721.3-0222,bll,J0721.5-0221
1838,J0721.3+0405,fsrq,J0721.4+0404
1839,J0721.9+7120,BLL,J0721.9+7120
1840,J0722.4-2650,,J0722.2-2648
1841,J0722.7+3606,bcu,
1842,J0722.7-2309c,,
1843,J0723.0-0732,bll,J0723.2-0728
1844,J0723.1-3048,,
1845,J0723.4+5841,bll,
1846,J0723.5+2900,fsrq,J0724.1+2857
1847,J0723.7+2050,bll,J0723.7+2050
1848,J0723.9+5702,,
1849,J0724.5+7015,,
1850,J0724.8+3016,,
1851,J0725.2+1425,FSRQ,J0725.2+1425
1852,J0725.3-2550c,,
1853,J0725.5+0216,bcu,
1854,J0725.5-0504,bcu,
1855,J0725.6-5008,,J0725.4-5007
1856,J0725.6-3530,bcu,J0725.8-3532
1857,J0725.7-0549,,J0725.7-0550
1858,J0725.8-0054,bcu,J0725.8-0054
1859,J0726.1+8114,bcu,
1860,J0726.4-4727,fsrq,J0726.6-4727
1861,J0727.1+3734,bll,
1862,J0727.3+2152,,
1863,J0727.4+5325,bcu,
1864,J0728.0-4740,fsrq,
1865,J0728.2+4827,bll,J0728.0+4828
1866,J0728.5+6128,bcu,
1867,J0729.1-3131,bcu,J0729.5-3127
1868,J0729.1+5703,fsrq,
1869,J0729.3-1445,PSR,J0729.7-1448
1870,J0730.1+6852,bcu,
1871,J0730.3-1141,fsrq,J0730.2-1141
1872,J0730.4+3308,bll,J0730.5+3307
1873,J0730.5-0535,bll,J0730.5-0537
1874,J0730.5-1831c,unk,
1875,J0730.5+6720,,J0730.3+6720
1876,J0730.7-6602,bll,J0730.5-6606
1877,J0731.0+6607,,
1878,J0731.2-1403,bll,
1879,J0731.5-1910c,,J0731.7-1914c
1880,J0731.8-3009,bcu,J0731.8-3010
1881,J0731.9+2805,bll,
1882,J0732.7-4638,bcu,J0732.2-4638
1883,J0733.0+4915,bcu,
1884,J0733.1+5910,bcu,J0733.3+5904
1885,J0733.3-7615,,
1886,J0733.4+5152,bcu,J0733.5+5153
1887,J0733.5+3517,bll,
1888,J0733.5-5445,bcu,
1889,J0733.6+3649,bcu,
1890,J0733.7+0205c,bcu,
1891,J0733.7+4110,bll,J0733.8+4108
1892,J0733.8+0455,fsrq,
1893,J0734.0+5021,fsrq,J0733.8+5021
1894,J0734.3-4448,,
1895,J0734.4-7711,bcu,J0734.3-7709
1896,J0734.7-1559,PSR,J0734.7-1558
1897,J0735.0-7255,,
1898,J0736.9-3231,,J0737.2-3233
1899,J0737.3-8247,bll,J0737.8-8245
1900,J0737.4+6535,,
1901,J0737.7-8047,,
1902,J0737.9-3041,MSP,
1903,J0738.1+1742,bll,J0738.1+1741
1904,J0738.4+1539,bcu,
1905,J0738.6+1311,,J0739.8+1312
1906,J0738.9-6736,fsrq,
1907,J0739.2+0137,fsrq,J0739.4+0137
1908,J0739.6-4530,,
1909,J0739.6+7505,,
1910,J0739.7+1743,bcu,
1911,J0739.8-6722,bll,
1912,J0740.0-0753,bcu,
1913,J0740.4+7300,bcu,
1914,J0740.9+3203,bll,
1915,J0741.0+6618,MSP,J0740.8+6621
1916,J0741.0+3226,bll,
1917,J0741.0-5226,,J0740.6-5230
1918,J0741.2-5140,bcu,
1919,J0741.4-8132,bcu,J0742.4-8133c
1920,J0741.4-4709,fsrq,
1921,J0741.9-4157,,
1922,J0742.1+4902,fsrq,
1923,J0742.6+5443,fsrq,J0742.6+5444
1924,J0742.8-2822,PSR,J0742.7-2824
1925,J0742.9-5242,bcu,
1926,J0743.0-5622,fsrq,J0742.6-5623
1927,J0743.1+1713,bll,
1928,J0743.2+4034,,
1929,J0743.3-4912c,bcu,J0742.1-4849c
1930,J0743.6-3805,bcu,J0744.1-3804
1931,J0744.0-2525,PSR,J0744.1-2523
1932,J0744.0+5033,,
1933,J0744.1-6211,bcu,
1934,J0744.1+7434,bll,J0744.3+7434
1935,J0744.2-6918,bll,
1936,J0744.4-1403,,
1937,J0744.9-4028,,J0744.8-4028
1938,J0745.4-2447,bcu,
1939,J0745.6+0107c,,
1940,J0746.0-0039,fsrq,
1941,J0746.3-0225,bll,J0746.4-0225
1942,J0746.4+2546,fsrq,J0746.4+2540
1943,J0746.5+2730,fsrq,
1944,J0746.5-0710,bcu,J0746.6-0706
1945,J0746.5-4113,,
1946,J0746.6-4754,bll,J0746.6-4756
1947,J0747.2-0736,,J0747.4-0734
1948,J0747.2+4529,bcu,
1949,J0747.3-3310,bll,J0747.2-3311
1950,J0747.5+0905,bll,J0747.4+0904
1951,J0747.5-4927,bll,J0747.5-4927
1952,J0747.6+7209,bcu,
1953,J0747.8+7410,,
1954,J0748.0-1638,bcu,J0748.0-1639
1955,J0748.3+8511,bcu,J0746.9+8511
1956,J0748.3+4928,bll,J0748.8+4929
1957,J0748.6+2400,fsrq,J0748.3+2401
1958,J0748.8-1501,,
1959,J0749.0-3904,bcu,
1960,J0749.0-2956,bcu,
1961,J0749.2+2314,bll,
1962,J0749.3+4453,bcu,J0749.0+4459
1963,J0749.4+1058,bll,J0749.4+1059
1964,J0749.5+1026,fsrq,
1965,J0749.6+1324,bcu,J0749.5+1320
1966,J0749.7+7450,bll,
1967,J0749.8-4420,,
1968,J0749.9+3112,bcu,
1969,J0749.9+1823,fsrq,
1970,J0750.0+8238,bcu,
1971,J0750.5-7519,,
1972,J0750.8+1229,fsrq,J0750.6+1232
1973,J0751.0+7908,bcu,J0748.5+7910
1974,J0751.0-5131,bcu,
1975,J0751.2+1808,MSP,J0751.2+1806
1976,J0751.2-0029,,
1977,J0751.4-0421,bcu,
1978,J0751.4+2655,bcu,
1979,J0751.6-5029c,,
1980,J0751.9+3314,fsrq,
1981,J0752.0-2931,,
1982,J0752.3-1631,bcu,J0752.6-1629
1983,J0753.0+5353,bll,J0753.1+5353
1984,J0753.1-2624c,,
1985,J0753.2+4319,,
1986,J0753.4+4650,,J0753.1+4649
1987,J0753.7-4545,unk,
1988,J0753.8-4700,,
1989,J0753.9+0923,bcu,
1990,J0754.0+0451,bcu,
1991,J0754.4-1148,bll,J0754.4-1148
1992,J0754.5+3911,bll,
1993,J0754.7+4823,bll,J0754.8+4824
1994,J0754.9-3953,,
1995,J0755.6+1855,,
1996,J0755.9-0515,,
1997,J0756.3-6431,bll,J0756.3-6433
1998,J0756.6-7723,bcu,
1999,J0757.1-3729,bll,
2000,J0757.1+0956,bll,J0757.0+0956
2001,J0757.9+7304,,
2002,J0757.9-1514,,
2003,J0758.1+1134,fsrq,J0758.1+1130
2004,J0758.7+3746,rdg,J0758.7+3747
2005,J0758.8-1450,,J0758.6-1451
2006,J0758.9+2703,bll,J0758.9+2705
2007,J0759.6+1321,bll,
2008,J0759.9+0005,,
2009,J0800.1-5531,,
2010,J0800.3+5611,bcu,
2011,J0800.4-2257,bcu,
2012,J0800.5+3715,,
2013,J0800.7-1059,,
2014,J0800.9+0733,,
2015,J0800.9-0825,,
2016,J0800.9+4401,bll,J0800.9+4401
2017,J0801.0-0618,,
2018,J0801.1+1335,bll,
2019,J0801.1+6444,bll,
2020,J0801.3+6631,bcu,
2021,J0802.0+1006,bll,J0802.0+1005
2022,J0802.1-5612,PSR,J0802.3-5610
2023,J0802.3-0942,bcu,J0802.3-0941
2024,J0803.0+2439,bll,
2025,J0803.2-2522,,
2026,J0803.2-0337,fsrq,J0803.3-0339
2027,J0803.5-5145c,,
2028,J0803.5+2046,bcu,
2029,J0804.0-3629,bll,J0804.0-3629
2030,J0804.5+0414,bcu,J0804.4+0418
2031,J0804.9-0624,bcu,J0805.0-0622
2032,J0805.0+6746,bcu,
2033,J0805.1+7744,bcu,J0807.1+7744
2034,J0805.2-0110,fsrq,J0805.2-0112
2035,J0805.3-7425,,
2036,J0805.4+6147,fsrq,J0805.4+6144
2037,J0805.4+7534,bll,J0805.4+7534
2038,J0805.8-2331,bcu,
2039,J0805.9+3834,bll,
2040,J0806.1-0458,bcu,
2041,J0806.5+4503,fsrq,
2042,J0806.5+5930,bll,J0806.6+5933
2043,J0806.8+5659,,
2044,J0806.9-2151,bcu,
2045,J0807.0-6102,bcu,
2046,J0807.1-0541,bll,J0807.1-0541
2047,J0807.2+3312,,
2048,J0807.2-7630,bcu,
2049,J0807.3-1954,bcu,
2050,J0807.7-1206,bcu,
2051,J0808.2-0751,fsrq,J0808.2-0751
2052,J0808.3-5121,,
2053,J0808.5+4950,fsrq,J0807.9+4946
2054,J0809.3+4053,fsrq,J0809.5+4045
2055,J0809.3+3121,bll,
2056,J0809.5-4714,bin,
2057,J0809.5+5341,fsrq,J0809.5+5342
2058,J0809.6+3455,bll,J0809.6+3456
2059,J0809.8+0507,,
2060,J0809.8+5218,BLL,J0809.8+5218
2061,J0809.9-7028,bcu,
2062,J0810.0-0505,,
2063,J0810.5+6139,bcu,
2064,J0810.9-4926,bcu,
2065,J0811.0-7529,bll,J0811.2-7529
2066,J0811.0-5636,,
2067,J0811.4+0146,bll,J0811.3+0146
2068,J0811.9+7847,bcu,
2069,J0812.0+0237,bll,J0812.0+0237
2070,J0812.3+1143,bll,
2071,J0812.5+0711,bcu,
2072,J0812.6+2821,bcu,
2073,J0812.8+6507,bll,J0813.3+6509
2074,J0812.9+5555,bll,J0812.9+5555
2075,J0813.1-5049,,
2076,J0813.4+2531,fsrq,
2077,J0813.7-0356,bcu,J0813.5-0356
2078,J0813.9+0124,,
2079,J0814.2-1013,bll,J0814.1-1012
2080,J0814.4+6926,bcu,
2081,J0814.4+2941,bll,J0814.5+2943
2082,J0814.5-2642,bcu,
2083,J0814.6+6430,bll,J0814.7+6428
2084,J0815.5+6554,,
2085,J0815.6+3641,fsrq,
2086,J0815.9+2951,bcu,
2087,J0816.0-2342,unk,
2088,J0816.1+4909,bll,
2089,J0816.3+5739,bll,J0816.7+5739
2090,J0816.4-1311,bll,J0816.4-1311
2091,J0816.4-0007,bcu,
2092,J0816.7-2420,bcu,J0816.7-2421
2093,J0816.9+2050,bll,J0816.5+2049
2094,J0817.1+1955,bcu,
2095,J0817.7-5258c,,
2096,J0817.8+3243,bll,J0817.9+3238
2097,J0817.8-0934,bll,J0817.8-0935
2098,J0818.2+4222,bll,J0818.2+4223
2099,J0818.4+2816,bll,
2100,J0818.7+3153,bll,
2101,J0818.8+3229,fsrq,
2102,J0819.0+2746,bll,J0818.8+2751
2103,J0819.4-0756,bll,J0819.6-0803
2104,J0819.4+4035,bll,
2105,J0819.5-3439,unk,
2106,J0820.1-2801,bcu,
2107,J0820.3+3639,bll,J0820.4+3640
2108,J0820.6-0318,bcu,
2109,J0820.7-5758,bcu,
2110,J0820.9+2353,bll,
2111,J0820.9-1258,bll,J0820.9-1258
2112,J0821.0-0651,,
2113,J0821.1+1007,bcu,
2114,J0821.5-1436,,
2115,J0822.1-4253e,SNR,
2116,J0822.4-2630,bcu,
2117,J0822.8-4207,,J0823.3-4205c
2118,J0822.9+0538,bcu,
2119,J0823.1-6330,bll,
2120,J0823.1+4042,fsrq,J0822.9+4041
2121,J0823.3+2224,bll,
2122,J0823.7-4838,bcu,J0823.6-4838
2123,J0824.1-6004,,
2124,J0824.4+2440,fsrq,J0824.1+2434
2125,J0824.7-1035,bcu,
2126,J0824.7+5552,fsrq,J0824.9+5551
2127,J0824.9+3915,fsrq,J0824.9+3916
2128,J0825.6-5216c,,
2129,J0825.8+0309,bll,J0826.0+0307
2130,J0825.9-3218,bcu,J0825.8-3217
2131,J0825.9-2230,bll,J0825.9-2230
2132,J0826.0-0157,,J0825.4-0213
2133,J0826.1-5053,,J0826.3-5056
2134,J0826.2-2344,,
2135,J0826.4-6404,bll,J0826.3-6400
2136,J0827.0-0708,bll,J0827.2-0711
2137,J0827.0-4111c,,
2138,J0827.6-0059,,
2139,J0827.6-3735,bcu,J0827.9-3738
2140,J0827.8+5221,fsrq,J0828.5+5217
2141,J0828.0+5659,,
2142,J0828.0+2307,bll,
2143,J0828.3+4152,bll,
2144,J0828.4-4444,,
2145,J0828.6-0747,bcu,
2146,J0828.7-2422,bll,J0828.8-2420
2147,J0829.0+1755,bll,
2148,J0829.3+3729,,
2149,J0829.4+0857,fsrq,J0829.3+0901
2150,J0829.4+4019,bcu,
2151,J0829.6-1140,bcu,J0829.6-1137
2152,J0829.7+5105,bll,
2153,J0829.7-5856,bcu,J0830.3-5855
2154,J0830.0+5231,bll,
2155,J0830.1-5454c,,
2156,J0830.1-0946,bcu,
2157,J0830.5-4451,spp,J0830.5-4452
2158,J0830.8+2410,FSRQ,J0830.7+2408
2159,J0831.4+2631,bcu,J0830.8+2629
2160,J0831.5+1747,bll,
2161,J0831.8+0429,bll,J0831.9+0430
2162,J0832.2-4322c,,J0832.8-4321
2163,J0832.2+2753,bcu,
2164,J0832.4+4912,bll,J0832.6+4914
2165,J0833.0+3300,bll,
2166,J0833.3-4342c,,
2167,J0833.4-0458,fsrq,
2168,J0833.8-4400,spp,
2169,J0833.9+4223,fsrq,J0834.1+4223
2170,J0834.3-4542e,PWN,
2171,J0834.6+4402,bll,J0834.7+4403
2172,J0835.0+6243,bcu,
2173,J0835.2-2243,fsrq,
2174,J0835.3-4510,PSR,J0835.3-4510
2175,J0835.7+0936,bll,J0835.4+0930
2176,J0835.8+1517,bll,
2177,J0835.9-2120,bcu,
2178,J0836.0-8015,bcu,
2179,J0836.0-5458,,
2180,J0836.2+2141,bcu,J0836.3+2143
2181,J0836.5-2026,fsrq,J0836.5-2020
2182,J0836.6-6036,,
2183,J0836.9+5833,bll,
2184,J0837.3+1458,bll,
2185,J0837.4+2454,fsrq,
2186,J0837.8-4048c,,J0838.9-4056c
2187,J0838.4-3952,,
2188,J0838.5+4013,,
2189,J0838.7-3359,,
2190,J0838.7-2827,bin,J0838.8-2829
2191,J0838.9-2502,,
2192,J0839.4+1803,bll,J0839.6+1803
2193,J0839.6-8341,,
2194,J0839.7+3540,bll,J0839.6+3538
2195,J0839.8+0105,fsrq,J0839.5+0102
2196,J0840.1-0225,bcu,
2197,J0840.5-4122c,,J0839.6-4133
2198,J0840.6-3130,,
2199,J0840.8+1317,ssrq,J0840.8+1315
2200,J0840.9-7044,bcu,
2201,J0841.0-2744,bcu,
2202,J0841.3-3554,bll,J0841.3-3554
2203,J0841.3+7053,FSRQ,J0841.4+7053
2204,J0842.3-6053,bcu,J0842.0-6055
2205,J0842.5+0251,bll,J0842.2+0251
2206,J0842.7+6656,bll,
2207,J0843.0-0853,bcu,
2208,J0843.1+5034,bll,
2209,J0843.3+6712,msp,J0843.4+6713
2210,J0843.7-6933,,
2211,J0843.9-4224c,,
2212,J0844.1-4330,,J0845.5-4327c
2213,J0844.2+5312,bll,J0843.9+5311
2214,J0844.5+3035,,
2215,J0844.9-4117,,
2216,J0844.9-5458,bll,J0845.1-5458
2217,J0845.1-2716,unk,
2218,J0845.4+0442,bcu,
2219,J0845.7-5556,fsrq,
2220,J0845.9+6822,,
2221,J0846.5-2609,bcu,
2222,J0846.6-4747,,
2223,J0846.9+4608,fsrq,
2224,J0847.0-2336,bll,J0846.9-2336
2225,J0847.1-5954,,
2226,J0847.2+1134,bll,J0847.1+1134
2227,J0847.8-4138,,
2228,J0847.9-0702,bll,J0848.1-0703
2229,J0848.0-0524,fsrq,
2230,J0848.2-4527,,J0848.2-4524
2231,J0848.7+0508,bll,J0848.6+0504
2232,J0848.7-6942,bcu,
2233,J0848.7+7017,bll,J0848.5+7018
2234,J0848.8-4328,,J0848.7-4324
2235,J0848.9+0205,bll,
2236,J0849.0-2702,,
2237,J0849.1+6607,bll,J0849.1+6607
2238,J0849.2-4410c,,
2239,J0849.4-2911,bcu,J0849.5-2912
2240,J0849.5+0456,bll,J0849.3+0458
2241,J0849.5+2710,,
2242,J0849.6-5836,,
2243,J0849.8-3541,bcu,J0849.9-3540
2244,J0850.0+4855,bll,J0850.0+4855
2245,J0850.0+5108,NLSY1,J0849.9+5108
2246,J0850.1-1212,fsrq,J0850.2-1214
2247,J0850.3-4448,,
2248,J0850.4-2558,,
2249,J0850.5+3455,bll,J0850.2+3500
2250,J0850.8-4239,,J0851.4-4244
2251,J0851.1-1806,,
2252,J0851.2-4737,,
2253,J0851.5+5528,bll,J0851.8+5531
2254,J0851.9-4620e,SNR,
2255,J0851.9-5229,bcu,
2256,J0851.9+4845,bcu,
2257,J0852.2-7208,,
2258,J0852.2+2834,fsrq,
2259,J0852.5-5755,bcu,J0852.6-5756
2260,J0852.5-2515,,
2261,J0852.5-3123,unk,
2262,J0852.9-3824,bcu,
2263,J0853.1-3657,bcu,J0853.0-3654
2264,J0853.1-4407,,J0854.4-4404
2265,J0853.2-4218c,,
2266,J0853.6-4306,,
2267,J0853.9-5501,,
2268,J0854.0+2753,bll,
2269,J0854.3+4408,bll,J0854.2+4408
2270,J0854.8-4504,,J0854.8-4503
2271,J0854.8+2006,BLL,J0854.8+2006
2272,J0854.9-4426,,
2273,J0855.0+0720,,
2274,J0855.0-6026,,
2275,J0855.4-0714,bcu,J0855.2-0718
2276,J0855.9+7144,fsrq,J0855.4+7142
2277,J0856.0-4724c,,
2278,J0856.2-0810,,
2279,J0856.4-5309,bcu,
2280,J0856.6-1105,bll,J0856.7-1105
2281,J0856.8+2056,bll,J0856.5+2057
2282,J0856.8+8559,bcu,
2283,J0857.0-4353c,,J0857.7-4345
2284,J0857.4+6615,,
2285,J0857.7+0137,bll,
2286,J0857.7-4256c,,J0857.6-4258
2287,J0857.9-1949,fsrq,J0858.1-1951
2288,J0858.0-3130,bll,J0858.1-3130
2289,J0858.1+1405,ssrq,
2290,J0858.3-5355,unk,
2291,J0858.4-4615c,,
2292,J0859.2-4729,,J0859.3-4732
2293,J0859.2+0047,bll,
2294,J0859.3-4342,,
2295,J0859.4+6218,bll,J0859.1+6219
2296,J0859.4+8345,bll,
2297,J0859.8+0053,,
2298,J0859.8-4530c,,
2299,J0900.1-4402c,,
2300,J0900.2-4608,,
2301,J0900.2-2549,,
2302,J0900.5-4434c,,J0900.5-4441c
2303,J0900.6-7408,bcu,
2304,J0900.7-1243,bcu,
2305,J0901.1-4456c,,
2306,J0901.2+6742,bll,J0900.0+6754
2307,J0901.3-4848c,,
2308,J0901.4+4542,bll,
2309,J0901.5+6711,bcu,
2310,J0902.4+6440,bcu,
2311,J0902.4+2051,bll,J0902.4+2050
2312,J0902.5-4727,,J0902.5-4731c
2313,J0902.5-4801,bcu,
2314,J0902.8-4633,,
2315,J0903.1+4652,fsrq,J0903.1+4649
2316,J0903.5+2847,bll,
2317,J0903.5+4057,,
2318,J0903.6-5025,,
2319,J0903.9-2735,,
2320,J0904.0+2724,fsrq,
2321,J0904.5-3513,bcu,J0904.8-3516
2322,J0904.6+5200,,
2323,J0904.6+4238,fsrq,J0904.3+4240
2324,J0904.7-4908c,unk,J0905.6-4917
2325,J0904.9-5734,bcu,J0904.8-5734
2326,J0905.6+1358,bll,J0905.5+1358
2327,J0906.0-6627,,
2328,J0906.1-1011,,
2329,J0906.2-5337,,
2330,J0906.2-1707,bcu,
2331,J0906.3-0905,bll,J0906.3-0906
2332,J0906.7+4950,fsrq,
2333,J0906.8-2122,,
2334,J0907.1+0856,bll,
2335,J0907.6-0606,,
2336,J0907.8-1002,bcu,
2337,J0908.5-8751,bcu,
2338,J0908.7-4911,PSR,J0908.4-4916
2339,J0908.9+2311,bll,J0909.0+2310
2340,J0909.1+6647,bcu,
2341,J0909.1+0121,fsrq,J0909.1+0121
2342,J0909.6+0159,bll,J0909.6+0157
2343,J0909.7-0230,fsrq,J0909.8-0229
2344,J0909.7+3104,bll,
2345,J0910.0+4257,css,
2346,J0910.1-1816,,
2347,J0910.3-4816c,,
2348,J0910.6+3329,bll,J0910.5+3329
2349,J0910.6+2247,fsrq,J0910.9+2248
2350,J0910.8+3859,bll,J0910.7+3858
2351,J0910.9+6055,,
2352,J0911.0-5047,bcu,J0910.4-5050
2353,J0911.6-4738c,,
2354,J0911.7+3349,bll,J0911.8+3351
2355,J0912.0-1539,,
2356,J0912.1-6449,glc,J0912.2-6452
2357,J0912.2+4127,fsrq,J0912.2+4126
2358,J0912.2+3004,bcu,
2359,J0912.2-2751,bcu,J0912.6-2757
2360,J0912.2+2800,bll,J0912.4+2800
2361,J0912.4-3257,,
2362,J0912.5+1556,bll,J0912.7+1556
2363,J0912.9-2102,bll,J0912.9-2104
2364,J0913.3+8133,bll,
2365,J0913.7+1540,,
2366,J0913.9+1732,bcu,
2367,J0914.1-0202,bcu,
2368,J0914.4+0249,fsrq,
2369,J0914.5+6845,,
2370,J0914.8+5846,bll,J0915.0+5844
2371,J0915.1-3738,bcu,
2372,J0915.4-3027,bcu,
2373,J0915.9+2933,bll,J0915.8+2933
2374,J0916.2-5823,,
2375,J0916.4+1204,,
2376,J0916.7+3856,fsrq,J0916.3+3857
2377,J0916.7+5238,bll,
2378,J0916.9+7756,,
2379,J0917.1-2131,fsrq,
2380,J0917.3-0342,bll,J0917.3-0344
2381,J0917.9-4755,,
2382,J0918.5+3516,,
2383,J0918.9-0625,bcu,
2384,J0918.9-4904c,,J0918.2-4859
2385,J0919.3+6607,,J0919.4+6604
2386,J0919.3-2202,bcu,J0919.5-2200
2387,J0919.5-6203,,
2388,J0920.2-3835,bcu,
2389,J0920.3-0443,bcu,
2390,J0920.9+4441,fsrq,J0920.9+4442
2391,J0920.9-2256,bll,J0921.0-2258
2392,J0921.2-8211,bcu,
2393,J0921.6+6216,fsrq,J0921.8+6215
2394,J0921.7-6317,lmb,
2395,J0921.7+2336,bll,J0921.9+2335
2396,J0922.3+0644,PSR,
2397,J0922.4-0528,fsrq,J0922.4-0529
2398,J0922.6+4454,bcu,
2399,J0922.6+0434,bcu,J0922.7+0435
2400,J0922.6-2116,bcu,
2401,J0922.7-3959,fsrq,J0922.8-3959
2402,J0923.5+3852,bcu,J0923.1+3853
2403,J0923.5+4210,bcu,
2404,J0923.5+4125,fsrq,J0923.3+4127
2405,J0924.0+2816,fsrq,J0924.0+2816
2406,J0924.0+0534,bll,J0924.2+0534
2407,J0924.1-5202c,,J0923.8-5154
2408,J0925.7+5959,bll,J0925.6+5959
2409,J0925.7+3126,bll,J0925.7+3129
2410,J0926.1-5336,,
2411,J0926.4+5412,bll,J0926.3+5409
2412,J0927.2+2454,bll,
2413,J0928.1-2035,fsrq,J0927.9-2037
2414,J0928.2-3048,bcu,
2415,J0928.3+7444,bcu,
2416,J0928.3-2713,,
2417,J0928.4-5256,,J0928.3-5255
2418,J0928.4-0415,bcu,
2419,J0928.5+3916,,
2420,J0928.5+4048,bll,J0928.5+4048
2421,J0928.7-2541,,
2422,J0928.7-3529,bll,J0928.9-3530
2423,J0929.2+7302,bcu,J0928.7+7300
2424,J0929.3+5014,bll,J0929.4+5013
2425,J0929.3-4110,,
2426,J0929.3-2414,bll,
2427,J0929.6+4621,bll,
2428,J0930.1-5059c,,
2429,J0930.3+8612,bll,J0930.2+8612
2430,J0930.5+4951,bll,J0930.0+4951
2431,J0930.5+5132,bll,J0930.7+5133
2432,J0930.7+3502,bll,
2433,J0930.9-3030,,
2434,J0930.9-1015,bcu,
2435,J0930.9+0033,fsrq,
2436,J0931.2-8533,bcu,
2437,J0931.2-1906,MSP,J0930.9-1904
2438,J0931.4-3559,,
2439,J0931.9+6737,rdg,J0931.8+6739
2440,J0932.1+3634,,
2441,J0932.6+5306,fsrq,
2442,J0932.7+1041,bll,
2443,J0932.8+3337,bcu,
2444,J0933.5-0013,bcu,
2445,J0933.5-5240,bcu,
2446,J0933.8-6232,,J0933.9-6232
2447,J0934.3+3926,bll,J0934.1+3933
2448,J0934.5-1720,bll,
2449,J0934.5+7223,,
2450,J0935.3-1736,bll,J0935.1-1736
2451,J0935.3+0901,bin,J0935.2+0903
2452,J0935.4-6911,bcu,
2453,J0935.5+1152,,
2454,J0936.3-2111,bll,J0936.3-2114
2455,J0936.5+1847,bll,
2456,J0937.0-2044,bcu,
2457,J0937.1+5008,fsrq,J0937.7+5008
2458,J0937.6-3358,,
2459,J0937.9-1434,bll,J0937.9-1435
2460,J0938.8+5155,,
2461,J0938.9-6403,bcu,J0937.8-6407
2462,J0939.3-1732,bcu,J0939.2-1732
2463,J0940.0-2828,bcu,J0939.9-2831
2464,J0940.3-7610,lmb,J0940.6-7609
2465,J0940.4+6148,bll,J0941.4+6148
2466,J0940.5-5253,,
2467,J0940.7-6105,bcu,J0940.7-6102
2468,J0940.9-1335,fsrq,J0940.9-1337
2469,J0941.1-5429,PSR,
2470,J0941.7+4125,bcu,
2471,J0941.9+2724,bll,J0941.6+2727
2472,J0942.1-5215,,
2473,J0942.3+2842,bll,
2474,J0942.3-3530,,
2475,J0942.3-0800,bll,J0942.1-0756
2476,J0942.5+7620,,
2477,J0942.7-2028,bcu,
2478,J0943.6+4207,,
2479,J0943.7+6137,bcu,
2480,J0944.2+5557,bll,
2481,J0944.3-0911,,
2482,J0944.6+5729,,
2483,J0944.7-5124,,
2484,J0945.2-3658,,
2485,J0945.2+5200,fsrq,J0946.2+5209
2486,J0945.5+4635,fsrq,
2487,J0945.7+5759,bll,J0945.9+5756
2488,J0946.0+4735,bll,
2489,J0946.0-5447,,
2490,J0946.2+0104,bll,J0946.2+0103
2491,J0946.6+1016,fsrq,J0946.5+1017
2492,J0946.7+0548,,
2493,J0947.0-3548,,
2494,J0947.1-2541,bll,J0947.1-2542
2495,J0947.6+2215,bll,
2496,J0947.8-4234,,
2497,J0947.9+1121,bll,
2498,J0948.0-3859,,
2499,J0948.6-0338,bcu,
2500,J0948.9+0022,NLSY1,J0948.8+0021
2501,J0949.0+4038,fsrq,J0948.6+4041
2502,J0949.2+1749,fsrq,J0949.8+1757
2503,J0949.7+5819,bcu,
2504,J0949.8+7551,,J0950.4+7550
2505,J0950.2-1623,bcu,
2506,J0950.2+0615,bll,
2507,J0950.2+4553,bll,J0950.1+4554
2508,J0951.4+2019,,
2509,J0951.5-3433,,
2510,J0951.8-3711,,J0952.7-3717
2511,J0951.8-5944,,
2512,J0952.1+3932,bll,J0952.2+3926
2513,J0952.1-0607,MSP,
2514,J0952.2+7503,bll,
2515,J0952.3-4342,bcu,
2516,J0952.5-3902,,
2517,J0952.6-5048,bcu,
2518,J0952.8+0712,bll,J0952.8+0711
2519,J0952.9+1351,,
2520,J0953.0-0840,bll,J0953.0-0839
2521,J0953.1-3005,bcu,
2522,J0953.4-7659,bll,J0953.1-7657c
2523,J0953.6-1509,,J0953.7-1510
2524,J0953.8-3200,,
2525,J0954.2+4913,bll,J0954.2+4913
2526,J0954.2-2520,bcu,
2527,J0955.1+3551,bll,
2528,J0955.2+4725,,
2529,J0955.2+0835,bll,
2530,J0955.3-3949,MSP,J0955.0-3949
2531,J0955.4-6151,MSP,J0955.6-6148
2532,J0955.7+6940,sbg,J0955.4+6940
2533,J0955.8-4106,,
2534,J0956.0+3936,fsrq,
2535,J0956.5-0958,bll,
2536,J0956.7+2516,fsrq,J0956.6+2515
2537,J0957.3-3851,,
2538,J0957.3-1348,fsrq,J0957.5-1351
2539,J0957.6+5523,fsrq,J0957.6+5523
2540,J0957.6-3051,,
2541,J0957.7-3510,,
2542,J0957.8+3423,bcu,
2543,J0958.0+4728,fsrq,J0957.4+4728
2544,J0958.0-0319,bll,J0958.3-0318
2545,J0958.0+3222,fsrq,
2546,J0958.1-6753,bcu,J0958.4-6752
2547,J0958.3-2656,rdg,
2548,J0958.4+5042,fsrq,
2549,J0958.4-2441,bcu,J0958.6-2447
2550,J0958.6-0522,,
2551,J0958.7+6534,BLL,J0958.6+6534
2552,J0958.8+7039,bcu,
2553,J0959.1-6441,,
2554,J0959.1+5719,,
2555,J0959.2-7535,,
2556,J0959.4+2120,bll,J0959.7+2124
2557,J0959.6+4606,bll,
2558,J1000.0-5312e,SNR,
2559,J1000.5-5709c,,
2560,J1000.7-4248,,
2561,J1001.1+2911,bll,J1001.0+2913
2562,J1001.3-2040,,
2563,J1001.8+7628,,
2564,J1002.3-2810,,J1002.0-2837
2565,J1002.3-1200,bcu,
2566,J1002.5+2215,bll,J1002.3+2220
2567,J1002.7+1218,fsrq,
2568,J1002.8+2140,bcu,
2569,J1002.9-2937,,
2570,J1003.2-5737c,,
2571,J1003.4+0205,bcu,
2572,J1003.6-2137,bcu,
2573,J1003.6+2605,bll,J1003.6+2608
2574,J1003.7+7049,,
2575,J1005.5-5708c,,
2576,J1006.5+6440,bll,
2577,J1006.5-5626c,,
2578,J1006.7-2159,fsrq,J1006.7-2159
2579,J1006.8-5007,bcu,J1005.0-4959
2580,J1006.9-2806,,
2581,J1007.0+3455,bll,J1006.7+3453
2582,J1007.6+4253,,
2583,J1007.6-3332,fsrq,J1007.4-3334
2584,J1007.8-4514,,
2585,J1008.0+0620,bll,J1007.9+0621
2586,J1008.0+0028,bll,J1007.8+0026
2587,J1008.1+4706,bll,
2588,J1008.1-5706c,unk,J1008.6-5706
2589,J1008.2-1000,,
2590,J1008.7-4659,msp,
2591,J1008.7-2909,bcu,J1008.9-2910
2592,J1008.8-3139,bll,J1009.0-3137
2593,J1009.5-0034,,
2594,J1010.0+1416,,
2595,J1010.2+8251,fsrq,
2596,J1010.2-3119,bll,J1010.2-3120
2597,J1010.8-0158,fsrq,J1010.8-0158
2598,J1011.1-2300,bcu,
2599,J1011.1-4420,unk,
2600,J1011.3-0427,fsrq,
2601,J1011.4-5729c,,
2602,J1011.6+3600,bll,
2603,J1012.1-4235,MSP,J1012.0-4235
2604,J1012.3-1232,bcu,
2605,J1012.3+0629,bll,J1012.2+0631
2606,J1012.7+4228,bll,J1012.7+4229
2607,J1012.7+2439,fsrq,J1012.6+2440
2608,J1013.1-4628,unk,
2609,J1013.3-2551,bcu,
2610,J1013.4-4006,bll,J1013.4-4008
2611,J1013.7+3444,fsrq,J1013.5+3440
2612,J1014.3+4112,bcu,J1014.2+4115
2613,J1014.6+6126,,
2614,J1014.7+3210,bcu,
2615,J1014.8+2257,fsrq,J1014.1+2306
2616,J1014.8-0537,bcu,
2617,J1014.9-4508,bcu,J1015.2-4512
2618,J1015.0+4926,bll,J1015.0+4925
2619,J1015.1-6353,,
2620,J1015.5-6030,psr,J1016.5-6034
2621,J1015.6+5553,fsrq,J1016.1+5555
2622,J1016.0+0512,fsrq,J1016.0+0513
2623,J1016.1-4247,,J1016.6-4244
2624,J1016.2-5729c,,
2625,J1016.3-5857,PSR,J1016.3-5858
2626,J1016.4+7703,bcu,
2627,J1016.5-2650,bcu,J1016.9-2653
2628,J1016.8-0606,,
2629,J1017.2-1549,bcu,
2630,J1017.3+5204,bcu,
2631,J1017.4+2538,bcu,
2632,J1017.4+5956,,
2633,J1017.8+0715,bcu,
2634,J1018.1-4051,,
2635,J1018.1+1905,bll,J1018.1+1904
2636,J1018.1-2705,,
2637,J1018.2+0145,,
2638,J1018.3-3124,fsrq,J1018.4-3119
2639,J1018.3-0703,,
2640,J1018.4+3540,fsrq,J1018.3+3542
2641,J1018.4+0528,fsrq,J1018.5+0530
2642,J1018.4+2210,,
2643,J1018.6+3126,bll,
2644,J1018.8+5913,bll,J1018.8+5913
2645,J1018.9+1043,bcu,
2646,J1018.9-5856,HMB,J1018.9-5856
2647,J1019.3+5625,,
2648,J1019.7+6321,bll,J1020.0+6323
2649,J1019.7+0511,bcu,
2650,J1019.8-5749,PSR,J1020.0-5749
2651,J1020.4-5508,,
2652,J1020.4-5314,,
2653,J1020.7-3920,bll,
2654,J1021.1+1626,bll,
2655,J1021.3+3805,bll,
2656,J1021.4+8021,bcu,J1021.8+8023
2657,J1021.8-6348,,
2658,J1021.8-6308,,
2659,J1021.9+5123,bll,
2660,J1022.1-1818,,
2661,J1022.4-4231,bll,J1022.3-4234
2662,J1022.7-0112,bll,J1022.8-0113
2663,J1023.0-5745,PSR,J1023.1-5745
2664,J1023.1+3949,fsrq,J1023.1+3952
2665,J1023.2+2859,fsrq,
2666,J1023.3-5747e,SFR,
2667,J1023.7+0038,LMB,J1023.6+0040
2668,J1023.8+3002,bll,J1023.7+3000
2669,J1023.8-4335,bll,J1023.9-4335
2670,J1023.9-3236,fsrq,J1023.8-3248
2671,J1024.5-0719,MSP,J1024.6-0718
2672,J1024.5-5329,unk,
2673,J1024.5-4543,unk,J1024.4-4545
2674,J1024.8+2332,bll,J1025.1+2333
2675,J1025.9+1244,,
2676,J1026.2-5731,,J1026.2-5730
2677,J1026.9+0608,bll,J1027.0+0609
2678,J1026.9-1749,bll,J1026.9-1750
2679,J1027.0-8542,bll,J1026.4-8542
2680,J1027.2+7427,bcu,J1026.5+7423
2681,J1027.4-6324,,
2682,J1027.6+6317,bll,J1027.7+6316
2683,J1027.6+1828,bcu,J1028.0+1829
2684,J1027.6+8251,bcu,J1027.8+8253
2685,J1027.9+0252,fsrq,
2686,J1028.1-3550,,
2687,J1028.3+3108,bll,
2688,J1028.4-1539,,
2689,J1028.4-0234,fsrq,J1028.5-0235
2690,J1028.5-5819,PSR,J1028.4-5819
2691,J1028.7-6431c,bcu,J1029.2-6422
2692,J1029.3-6657,unk,
2693,J1029.4-0828,,
2694,J1029.9+7335,,
2695,J1030.2-8403,bcu,J1032.9-8401
2696,J1030.4-3001,bcu,
2697,J1030.6-2028,bll,J1030.4-2030
2698,J1030.7+6118,,
2699,J1031.1+7442,bll,J1031.0+7440
2700,J1031.3+5053,bll,J1031.2+5053
2701,J1031.4-4448,,
2702,J1031.6+6019,fsrq,J1031.6+6021
2703,J1031.8-2609,bcu,
2704,J1032.0+5725,,
2705,J1032.3-1358,fsrq,
2706,J1032.6+3737,bll,J1032.7+3735
2707,J1032.7+6624,bll,J1032.5+6623
2708,J1033.1+4115,fsrq,J1033.2+4116
2709,J1033.5-5035,bll,J1033.4-5035
2710,J1033.5+4221,bll,
2711,J1033.7+3708,bcu,
2712,J1033.9+6050,FSRQ,J1033.8+6051
2713,J1034.0-2547,bcu,
2714,J1034.7-4645,bll,
2715,J1035.1-0608,bcu,
2716,J1035.3-2050,bcu,
2717,J1035.3+5541,bcu,J1035.2+5545
2718,J1035.4-6720,MSP,J1035.7-6720
2719,J1035.6+4409,bll,
2720,J1035.9-3108,bcu,
2721,J1036.2+2202,fsrq,
2722,J1036.2+5701,,
2723,J1036.2-5936,NOV,
2724,J1036.3-5833e,,J1036.4-5828c
2725,J1036.5-7434c,,
2726,J1036.5-1809,,
2727,J1036.5+1231,bll,
2728,J1036.5-8318,MSP,J1036.0-8317
2729,J1036.6-4349,msp,J1036.4-4348
2730,J1036.6-3741,fsrq,J1037.4-3742
2731,J1037.0-1954,bcu,
2732,J1037.4-2933,fsrq,J1037.0-2934
2733,J1037.7-2822,fsrq,J1037.5-2821
2734,J1037.7+5711,bll,J1037.5+5711
2735,J1037.8-5810c,,J1039.1-5809
2736,J1038.2-2425,bcu,J1038.0-2425
2737,J1038.5+3926,bll,
2738,J1038.8-5848c,,J1038.6-5850c
2739,J1038.8-5312,fsrq,J1038.9-5311
2740,J1039.2+3258,,
2741,J1039.2-2848,bcu,
2742,J1039.6+0535,bcu,
2743,J1039.7-1540,fsrq,
2744,J1039.9+7326,bcu,J1039.5+7324
2745,J1040.5+0947,bll,
2746,J1040.5+0617,bll,J1040.4+0615
2747,J1041.0+1342,bll,J1040.8+1342
2748,J1041.1-1201,bcu,J1040.9-1205
2749,J1041.3-6437,bcu,
2750,J1041.5+0607,fsrq,
2751,J1041.7+3902,bll,J1041.8+3901
2752,J1041.9-0557,bll,J1042.0-0557
2753,J1042.1-4128,bll,J1042.1-4126
2754,J1042.9+0054,bll,
2755,J1043.0+5316,,
2756,J1043.2+2408,fsrq,J1043.1+2407
2757,J1043.4-0623,,
2758,J1043.6+0654,bll,
2759,J1044.4-5737,PSR,J1044.5-5737
2760,J1044.5-1439,,
2761,J1044.6+8053,fsrq,J1044.4+8058
2762,J1045.1-5940,BIN,J1045.1-5941
2763,J1045.3+2751,bll,
2764,J1045.7-6414,unk,J1045.3-6414
2765,J1045.8-2928,fsrq,J1045.7-2926
2766,J1045.9+7538,bcu,
2767,J1045.9-2331,bcu,J1045.5-2335
2768,J1046.0+5448,bcu,
2769,J1046.7-6010,,J1047.3-6005
2770,J1046.8-2534,bll,J1046.9-2531
2771,J1047.2-5517,bcu,
2772,J1047.2+6740,,
2773,J1047.4+0031,bcu,
2774,J1047.5-6532,,
2775,J1047.7+7238,bll,J1047.6+7240
2776,J1047.8-6216,bcu,J1047.8-6216
2777,J1047.9+0055,bcu,
2778,J1047.9-3738,bll,J1047.8-3737
2779,J1047.9-4642,bcu,
2780,J1048.0-1912,fsrq,
2781,J1048.2-5832,PSR,J1048.2-5832
2782,J1048.4-5030,,
2783,J1048.4+7143,FSRQ,J1048.4+7144
2784,J1048.5-5923,,
2785,J1048.5-4114,fsrq,
2786,J1048.6+2340,MSP,J1048.6+2338
2787,J1049.5+1548,bll,J1049.7+1548
2788,J1049.6-0153,,
2789,J1049.7+5011,bll,
2790,J1049.8+2741,,
2791,J1049.8+1429,bcu,J1049.8+1425
2792,J1049.9-3658,,
2793,J1050.1+0432,fsrq,J1050.4+0435
2794,J1050.6+2027,fsrq,
2795,J1050.6-5248,bcu,
2796,J1051.2-6517,bcu,J1051.5-6517
2797,J1051.4-3139,fsrq,
2798,J1051.4+3942,bll,J1051.4+3941
2799,J1051.6+3253,sbg,
2800,J1051.6+2109,fsrq,
2801,J1051.9+0103,bll,J1051.8+0105
2802,J1052.3+0818,bll,J1052.0+0816
2803,J1052.9-3743,bll,J1052.8-3741
2804,J1053.3-1134,bcu,
2805,J1053.7+4930,bll,J1053.7+4929
2806,J1053.9+8628,bcu,
2807,J1054.0-5938,,
2808,J1054.2+3926,bcu,
2809,J1054.5+2211,bll,J1054.5+2210
2810,J1054.7-6008c,,J1054.7-6006
2811,J1055.5-0125,bll,
2812,J1055.6-0719,,
2813,J1055.7+1033,,
2814,J1055.7-6028,PSR,J1055.8-6025
2815,J1055.7-1807,,
2816,J1055.9+6507,,
2817,J1056.0+0253,bll,
2818,J1056.2-6323,,
2819,J1056.3+1350,,
2820,J1056.8+7012,fsrq,J1058.1+7010
2821,J1056.9-5852,PSR,J1056.7-5853
2822,J1057.2+5510,bll,
2823,J1057.3-2341,fsrq,J1057.3-2341
2824,J1057.6-4051,,J1057.6-4051
2825,J1057.8-2754,bll,J1057.6-2754
2826,J1057.8-0100,bll,
2827,J1057.9-5227,PSR,J1057.9-5227
2828,J1058.0+4305,bll,
2829,J1058.3+2134,,
2830,J1058.4-6625,,J1058.7-6621
2831,J1058.4+0133,BLL,J1058.5+0133
2832,J1058.5+8115,fsrq,J1058.4+8112
2833,J1058.6+2817,bll,
2834,J1058.6-8003,bll,J1058.5-8003
2835,J1058.6+5627,BLL,J1058.6+5627
2836,J1058.9-6101,,J1058.5-6106c
2837,J1059.2-1134,bll,J1059.2-1133
2838,J1059.4+2148,,
2839,J1059.4+0226,,J1059.3+0224
2840,J1059.5+2057,fsrq,J1059.9+2056
2841,J1059.5-6021,spp,
2842,J1100.0-2044,,J1100.2-2044
2843,J1100.3+4020,bll,J1100.5+4020
2844,J1101.3+7017,bcu,
2845,J1101.4+4108,bll,J1101.5+4106
2846,J1101.5+3904,bcu,
2847,J1101.6-4358,fsrq,
2848,J1102.0-6054,bcu,J1101.9-6053
2849,J1102.1+2249,fsrq,
2850,J1102.1+1318,,
2851,J1102.3+6715,,
2852,J1102.4+0246,msp,
2853,J1102.6+5251,fsrq,J1103.3+5239
2854,J1102.8-0148,bcu,
2855,J1102.9-5628,bcu,
2856,J1102.9+3014,fsrq,
2857,J1103.0-2447,,
2858,J1103.0+1157,fsrq,J1103.1+1155
2859,J1103.2+8603,bcu,
2860,J1103.6-2329,bll,J1103.5-2329
2861,J1103.9-5357,bll,J1103.9-5357
2862,J1104.0+2611,bcu,
2863,J1104.0+0020,bll,
2864,J1104.4+0730,bll,J1104.3+0730
2865,J1104.4+3812,BLL,J1104.4+3812
2866,J1104.9-6037,PSR,J1104.9-6036
2867,J1104.9+5748,bcu,
2868,J1105.1-2600,,
2869,J1105.3-0626,,
2870,J1105.4-6108,PSR,J1105.2-6113
2871,J1105.7+6037,fsrq,
2872,J1105.8+3944,bll,
2873,J1105.8-0731,bcu,
2874,J1106.0+2813,fsrq,J1105.9+2814
2875,J1106.2+7303,,
2876,J1106.2-1048,bcu,
2877,J1106.4+0859,,
2878,J1106.5-3646,bll,J1106.4-3643
2879,J1106.7+3623,,
2880,J1106.7-1742,,J1106.6-1744
2881,J1107.0-4449,fsrq,J1107.4-4447
2882,J1107.6+0222,bll,J1107.5+0223
2883,J1107.7-3042,fsrq,
2884,J1107.8+1501,bll,J1107.8+1502
2885,J1108.7-1844,bcu,
2886,J1108.8-6833,bcu,
2887,J1109.1-4853,,
2888,J1109.3+2411,bll,J1109.4+2411
2889,J1109.4-6115e,,
2890,J1109.6+3735,bll,J1109.6+3734
2891,J1109.7-4814,bcu,J1109.4-4815
2892,J1109.8+4406,,
2893,J1110.2+7135,bll,J1110.0+7134
2894,J1110.3-6501,,
2895,J1110.4-8023,,
2896,J1110.5-1836,bll,J1110.4-1835
2897,J1111.0+3542,bll,
2898,J1111.1-3231,,
2899,J1111.4+0137,,
2900,J1111.4-4624,bcu,
2901,J1111.5+3455,bll,
2902,J1111.8-6039,PSR,J1111.9-6038
2903,J1111.8+4858,bcu,
2904,J1112.0+2607,bll,
2905,J1112.1-6108,PSR,J1112.5-6105
2906,J1112.2-6055,,J1111.9-6058
2907,J1112.4+1751,bll,J1112.6+1749
2908,J1112.5+3448,fsrq,J1112.4+3449
2909,J1113.6-1920,bcu,
2910,J1113.8+1528,bll,
2911,J1113.9+5523,bll,
2912,J1114.2+0638,gal,
2913,J1114.5-0819,fsrq,
2914,J1114.6+1225,,
2915,J1114.7-0248,fsrq,
2916,J1115.1-6118,,J1115.2-6124c
2917,J1115.2-0703,bcu,J1115.0-0701
2918,J1115.9+1407,,
2919,J1116.3+1818,,
2920,J1116.3-4000,bcu,
2921,J1116.6+2915,rdg,
2922,J1117.0+2013,bll,J1117.0+2014
2923,J1117.2+0008,bll,
2924,J1117.2-5337,bcu,J1117.2-5338
2925,J1117.5-4839,bcu,J1116.7-4854
2926,J1117.6+2550,bll,J1117.3+2546
2927,J1117.6+0217,bcu,J1117.7+0217
2928,J1117.7-3650,bcu,
2929,J1118.0-1620,bcu,
2930,J1118.0+5356,bll,J1117.9+5355
2931,J1118.1+5857,,
2932,J1118.2-4634,fsrq,J1117.7-4632
2933,J1118.2-0415,agn,J1118.2-0411
2934,J1118.6-1235,fsrq,
2935,J1118.6-6159,,
2936,J1119.0+1235,fsrq,
2937,J1119.0-6127e,SPP,J1119.1-6127
2938,J1119.1-6127,PSR,J1119.1-6127
2939,J1119.6-3047,bll,J1119.7-3046
2940,J1119.9-1007,,
2941,J1120.0-2204,lmb,J1119.9-2204
2942,J1120.1-2645,,J1119.8-2647
2943,J1120.6+0713,bcu,J1120.6+0713
2944,J1120.8+4212,bll,J1120.8+4212
2945,J1121.3-0011,bcu,
2946,J1121.4-0553,fsrq,J1121.4-0554
2947,J1122.0-0231,,
2948,J1122.2+3926,,
2949,J1122.4-6237,,
2950,J1122.5-1440,,
2951,J1123.1-3233,bll,
2952,J1123.2-5111,,
2953,J1123.4-2529,fsrq,J1123.3-2529
2954,J1123.5-6418,bcu,J1123.2-6415
2955,J1123.6+8028,bcu,
2956,J1123.8-4552,,J1123.6-4558
2957,J1123.8+7230,bll,J1123.6+7231
2958,J1124.0+2336,fsrq,J1124.1+2337
2959,J1124.0-3653,MSP,J1123.9-3653
2960,J1124.0+2045,bll,
2961,J1124.1-1203,,
2962,J1124.2-3035,,
2963,J1124.4+2308,bcu,
2964,J1124.5-0658,,
2965,J1124.6-0809,bcu,
2966,J1124.7-5915,PSR,J1124.5-5915
2967,J1124.9+2143,bll,
2968,J1124.9+4934,bll,J1124.9+4932
2969,J1125.0-5804,bcu,J1125.1-5803
2970,J1125.1+4811,,
2971,J1125.1-2101,bll,J1125.0-2101
2972,J1125.2+2557,,
2973,J1125.5-3557,bll,J1125.5-3558
2974,J1125.6-5825,MSP,J1125.3-5824
2975,J1125.8-4004,,
2976,J1125.9-0742,bll,J1125.8-0745
2977,J1125.9+2005,fsrq,J1125.9+2007
2978,J1126.0-5007,,J1126.8-5001
2979,J1126.4-6011,MSP,J1125.6-6012
2980,J1126.8-3829,bcu,J1126.7-3834
2981,J1127.0-1857,fsrq,J1127.0-1857
2982,J1127.3+3755,bcu,
2983,J1127.4+5648,fsrq,
2984,J1127.6-4920,bcu,
2985,J1127.8+3618,fsrq,J1127.8+3618
2986,J1127.9-6158,,
2987,J1128.0+5924,fsrq,J1128.0+5921
2988,J1128.2+5831,sbg,
2989,J1128.3-1301,,
2990,J1128.8+3757,bll,J1129.0+3758
2991,J1129.1-5230,,
2992,J1129.1+3703,bll,J1129.0+3705
2993,J1129.2-1014,bcu,
2994,J1129.2-0529,bcu,J1129.0-0532
2995,J1129.5+3034,bcu,
2996,J1129.8-1447,fsrq,J1129.9-1446
2997,J1129.8-4217,bll,J1129.4-4215
2998,J1130.5-7801,bll,J1130.7-7800
2999,J1130.5-6236c,,J1128.7-6232
3000,J1130.5+1400,,
3001,J1130.5-3137,bll,
3002,J1130.8+1016,bll,J1132.8+1015
3003,J1131.0+3815,fsrq,J1131.4+3819
3004,J1131.1-0944,bcu,
3005,J1131.4+5809,bll,J1131.1+5810
3006,J1131.4-0504,bcu,J1131.9-0503
3007,J1131.6+4657,,
3008,J1132.1-1448,,
3009,J1132.2-4736,bcu,J1132.0-4736
3010,J1132.3-5606,bcu,
3011,J1132.7+0034,bll,J1132.7+0034
3012,J1132.8-5328,bcu,
3013,J1133.1+5135,,
3014,J1133.7-6223c,,
3015,J1133.8-2048,bll,
3016,J1134.7+6612,bll,
3017,J1134.8-1729,bll,
3018,J1135.1+3014,bll,
3019,J1135.2-6055,PSR,J1135.2-6054
3020,J1135.7-0427,fsrq,
3021,J1136.0-6824,bcu,J1136.6-6826
3022,J1136.2+3407,fsrq,J1136.4+3405
3023,J1136.3-0501,bcu,
3024,J1136.4+6736,bll,J1136.6+6736
3025,J1136.4+7009,bll,J1136.6+7009
3026,J1136.8+2550,bll,J1136.9+2551
3027,J1136.8-7413,bcu,J1136.1-7411
3028,J1137.3+0535,,
3029,J1137.6+7527,MSP,J1136.1+7523
3030,J1137.9-1708,bll,
3031,J1138.2+4115,bll,J1138.0+4109
3032,J1138.4+4857,fsrq,J1138.2+4905
3033,J1138.4-3555,,
3034,J1139.0+4033,bcu,
3035,J1139.0+5530,bll,
3036,J1139.2-6247,PSR,
3037,J1139.6+1149,bcu,
3038,J1140.4+0022,,
3039,J1140.5+1528,bll,J1140.4+1529
3040,J1140.7-0129,,
3041,J1141.4+6805,bcu,J1141.2+6805
3042,J1141.5-1408,bll,J1141.6-1406
3043,J1142.0+1548,bll,J1142.0+1546
3044,J1142.8+0120,MSP,J1142.9+0120
3045,J1143.1+6122,bll,J1143.0+6123
3046,J1143.7-1014,bcu,
3047,J1143.9+1558,bll,
3048,J1144.9+1937,rdg,J1145.1+1935
3049,J1145.5-0340,bll,
3050,J1145.5+4423,fsrq,J1145.8+4425
3051,J1145.6+5552,bcu,
3052,J1145.7+0453,fsrq,
3053,J1145.7-6949,fsrq,
3054,J1145.7-1528,bcu,
3055,J1146.0-0638,,J1146.1-0640
3056,J1146.0-6822,,
3057,J1146.4-0926,bcu,
3058,J1146.4-3327,bcu,
3059,J1146.6-2902,fsrq,
3060,J1146.9+3958,fsrq,J1146.8+3958
3061,J1147.0-3812,bll,J1147.0-3811
3062,J1147.2-2627,bcu,
3063,J1147.4-6758,fsrq,
3064,J1147.7-6618,msp,
3065,J1147.8-0724,fsrq,J1147.8-0725
3066,J1148.2-0029,,
3067,J1148.5+2629,fsrq,
3068,J1148.6+1841,bll,
3069,J1149.0+5924,rdg,
3070,J1149.1+2819,bcu,J1149.1+2815
3071,J1149.2+6246,bll,
3072,J1149.3-6232,spp,
3073,J1149.4+2441,bll,J1149.5+2443
3074,J1149.5-4029,bcu,
3075,J1150.0+1033,bll,
3076,J1150.1-6324,,
3077,J1150.4+2418,bll,J1150.3+2417
3078,J1150.6+4154,bll,J1150.5+4155
3079,J1150.6-4823,bcu,J1150.7-4816
3080,J1150.7-4613,,
3081,J1150.8-1905,,
3082,J1151.2-2929,,
3083,J1151.3+0957,bll,J1151.5+0957
3084,J1151.4-6248,spp,
3085,J1151.5-1347,bll,J1151.4-1346
3086,J1151.5+5859,bll,J1151.4+5858
3087,J1151.6-2115,bcu,
3088,J1152.0-6107,PSR,J1151.8-6108
3089,J1152.1+2837,bll,
3090,J1152.1-3553,,
3091,J1152.3-0839,fsrq,J1152.3-0841
3092,J1152.6-6207,spp,
3093,J1152.8+3308,fsrq,
3094,J1153.0+8056,fsrq,
3095,J1153.2+0123,,
3096,J1153.3-1104,bcu,
3097,J1153.4+4931,FSRQ,J1153.4+4932
3098,J1153.4-8008,,
3099,J1153.6-2553,bcu,J1153.7-2555
3100,J1153.7-3210,bcu,
3101,J1153.7+1857,,
3102,J1153.7+3822,bll,
3103,J1154.0-0010,bll,J1154.2-0010
3104,J1154.0+4037,fsrq,J1153.4+4033
3105,J1154.0+6018,fsrq,J1154.3+6023
3106,J1154.1-3243,bll,J1154.0-3243
3107,J1154.5-5952,,
3108,J1155.2-6259,spp,
3109,J1155.2+4320,fsrq,
3110,J1155.2-1111,,J1155.3-1112
3111,J1155.5-3418,bll,J1155.4-3417
3112,J1155.6-6547,bcu,
3113,J1155.6-6245c,spp,
3114,J1155.8+6137,bll,J1155.9+6136
3115,J1155.8-1217,bcu,
3116,J1156.6+0640,bcu,
3117,J1156.6-2248,bll,J1156.7-2250
3118,J1156.8-1537,bcu,
3119,J1157.2-6059,,
3120,J1157.7-6327,,
3121,J1158.3-6232,spp,
3122,J1158.5+4824,fsrq,
3123,J1158.8-1430,,
3124,J1158.9+0956,bcu,
3125,J1158.9+0818,bcu,J1158.9+0818
3126,J1159.0+0939,bll,J1158.8+0941
3127,J1159.2-2227,bcu,J1159.3-2226
3128,J1159.3-6122,unk,
3129,J1159.3-2142,fsrq,J1159.2-2141
3130,J1159.5+2914,fsrq,J1159.5+2914
3131,J1159.5-0723,bll,J1159.6-0723
3132,J1200.2+0201,bcu,J1200.4+0202
3133,J1200.6+1229,bll,J1200.8+1228
3134,J1200.7+2008,bcu,J1200.9+2010
3135,J1200.8-1429,bcu,J1200.9-1432
3136,J1201.1-0332,bcu,
3137,J1201.4+8234,,
3138,J1201.4-6703,,
3139,J1201.7+1429,bll,
3140,J1202.4+4442,bll,
3141,J1202.5-0528,fsrq,
3142,J1202.5+3852,bll,J1203.2+3847
3143,J1202.9+5141,bcu,
3144,J1202.9-5717,,
3145,J1203.1+6031,bll,J1203.1+6029
3146,J1203.3+1119,bcu,
3147,J1203.4-3925,bll,J1203.5-3925
3148,J1203.4-6145,,
3149,J1203.5-1748,,J1203.9-1745
3150,J1203.5-5745,,
3151,J1203.7-6303c,,
3152,J1203.7+5821,bll,
3153,J1203.8-5920,,
3154,J1203.9-6242,PSR,J1203.9-6243
3155,J1204.0+1146,bll,J1204.0+1144
3156,J1204.2-0709,bll,J1204.3-0708
3157,J1204.3-6111,,
3158,J1204.4+3750,bcu,
3159,J1204.5-5032,,
3160,J1204.8+0407,fsrq,J1205.4+0412
3161,J1205.1-5951,,
3162,J1205.3-6212c,,
3163,J1205.7-2635,fsrq,J1205.8-2636
3164,J1205.8+3321,bcu,J1205.9+3315
3165,J1206.8-6038c,,
3166,J1206.8-5836,,
3167,J1207.2-0524,bcu,
3168,J1207.4-5050,MSP,J1207.2-5052
3169,J1207.4-1840,,
3170,J1207.4-4536,,J1207.6-4537
3171,J1207.7-0106,fsrq,
3172,J1207.7-2229,bll,J1207.6-2232
3173,J1207.9-6443c,,
3174,J1208.0-6900,,J1208.0-6901
3175,J1208.1+3017,bll,
3176,J1208.1-5149,spp,
3177,J1208.2-6237,PSR,J1208.4-6239
3178,J1208.2-7810,bcu,J1208.2-7810c
3179,J1208.2+1158,,
3180,J1208.4+6121,bll,
3181,J1208.5-5243e,SNR,
3182,J1208.5-5512,,
3183,J1208.8-1751,bcu,
3184,J1208.8-2754,bcu,
3185,J1208.9+5441,fsrq,J1208.7+5442
3186,J1209.0-4630,bcu,
3187,J1209.2-6009,,
3188,J1209.2-7635,,
3189,J1209.4+4118,bll,J1209.4+4119
3190,J1209.4+7608,bcu,J1209.9+7607
3191,J1209.4-6421c,,
3192,J1209.7+2548,fsrq,
3193,J1209.8+1810,fsrq,J1209.8+1810
3194,J1209.9-5923,,
3195,J1210.1+3241,,
3196,J1210.3+3928,bll,
3197,J1210.4-6250,,
3198,J1210.4-6100c,,
3199,J1211.0-3800,bcu,
3200,J1211.6-2735,bcu,
3201,J1211.6+3901,bll,
3202,J1211.8-4817,bcu,
3203,J1211.8-6021c,unk,
3204,J1212.0-2326,bll,
3205,J1212.0+2242,bll,
3206,J1212.1+6412,bcu,J1211.8+6413
3207,J1212.2+2442,bcu,
3208,J1212.7-1402,bcu,
3209,J1213.0+5129,bll,J1212.6+5135
3210,J1213.1-1123,,
3211,J1213.3-2618,bll,J1213.1-2619
3212,J1213.3-6240e,snr,J1213.7-6240c
3213,J1213.6-5954,,
3214,J1213.6+1236,,
3215,J1213.6+1306,fsrq,J1213.7+1306
3216,J1213.7+6423,bll,
3217,J1213.8-4345,bll,
3218,J1213.9-4416,,J1213.9-4412
3219,J1214.5-2318,,J1214.4-2315
3220,J1214.6-1926,bcu,J1215.9-1926
3221,J1214.7-5858,,
3222,J1215.0+5351,bll,
3223,J1215.0+1656,fsrq,J1215.1+1658
3224,J1215.1+5002,bll,J1215.0+5002
3225,J1215.1+0731,bll,
3226,J1215.1+3513,bll,
3227,J1215.5-5457,,
3228,J1215.8-3732,bcu,
3229,J1215.8-1733,bcu,
3230,J1216.1-0242,bll,
3231,J1216.1+0930,bll,
3232,J1216.2-6121,bcu,
3233,J1216.2+0537,,
3234,J1216.2-0600,,J1216.6-0557
3235,J1216.2-1550,,
3236,J1216.3-1032,fsrq,
3237,J1216.4-6317,,
3238,J1216.4-1358,,
3239,J1216.5-3539,,
3240,J1216.7-5911,,
3241,J1216.8-5955,,
3242,J1217.2-2500,,
3243,J1217.9+3007,BLL,J1217.8+3007
3244,J1218.0-0028,bll,J1218.0-0029
3245,J1218.1-6028,,
3246,J1218.5-0119,bll,J1218.4-0121
3247,J1219.0+4827,fsrq,
3248,J1219.0+3653,bll,
3249,J1219.0-4827,bll,J1218.8-4827
3250,J1219.6+0550,rdg,
3251,J1219.7-0313,bll,J1219.7-0314
3252,J1219.7+0444,bll,
3253,J1219.8-2008,,
3254,J1219.8+6600,fsrq,
3255,J1219.9+6056,bcu,J1220.3+6055
3256,J1220.1-5558,,
3257,J1220.1+7105,fsrq,J1220.2+7105
3258,J1220.1+3432,bll,J1220.2+3434
3259,J1220.1-2458,,J1220.0-2502
3260,J1220.2-3713,bcu,J1220.1-3715
3261,J1220.5-2745,,
3262,J1221.1+4742,bll,
3263,J1221.2+6910,bcu,J1218.5+6912
3264,J1221.3+3010,bll,J1221.3+3010
3265,J1221.4-0634,MSP,J1221.5-0632
3266,J1221.5+2814,bll,J1221.4+2814
3267,J1221.9+3543,bll,
3268,J1222.0-4121,bcu,
3269,J1222.5+0414,fsrq,J1222.4+0414
3270,J1223.0+1100,bcu,
3271,J1223.3+1213,bll,J1223.2+1215
3272,J1223.5+0818,bll,J1223.3+0818
3273,J1223.6-3032,bll,J1223.3-3028
3274,J1223.8+4649,bll,
3275,J1223.8+8039,bll,J1222.7+8041
3276,J1223.9+7954,bll,J1222.7+7952
3277,J1223.9+5000,fsrq,J1224.5+4957
3278,J1223.9-2220,,
3279,J1223.9-0545,bcu,
3280,J1224.1+2239,bll,
3281,J1224.4+2436,bll,J1224.5+2436
3282,J1224.6-6408,PSR,
3283,J1224.6+7011,,
3284,J1224.7-8313,bcu,J1224.6-8312
3285,J1224.9+2122,FSRQ,J1224.9+2122
3286,J1224.9+4334,bll,J1224.6+4332
3287,J1225.0+0330,fsrq,
3288,J1225.3-3446,bcu,J1225.4-3448
3289,J1225.4-1550,bcu,
3290,J1225.5-2851,bcu,
3291,J1225.6-7313,bcu,J1225.7-7314
3292,J1225.6-4937,bcu,
3293,J1225.8-2941,bcu,
3294,J1225.9+2951,,J1225.9+2953
3295,J1226.0+5622,bll,
3296,J1226.5+3023,,
3297,J1226.7+0637,bll,J1226.8+0638
3298,J1226.8-1329,bll,J1226.9-1329
3299,J1226.9+6405,rdg,
3300,J1227.1-4437,bll,
3301,J1227.8-7004,,
3302,J1227.8+6053,bcu,
3303,J1228.0-6918,,
3304,J1228.0-4853,MSP,J1227.9-4854
3305,J1228.0+5039,,
3306,J1228.3+7521,bcu,
3307,J1228.7+4858,fsrq,J1228.7+4857
3308,J1228.7-0318,bcu,J1228.4-0317
3309,J1229.0+0202,FSRQ,J1229.1+0202
3310,J1229.1+5521,bcu,
3311,J1229.5-3048,,
3312,J1229.7-3259,,
3313,J1229.7-5304,bll,J1229.8-5305
3314,J1230.2+2517,bll,J1230.3+2519
3315,J1230.7-3556,,
3316,J1230.8+1223,rdg,J1230.9+1224
3317,J1230.9+3711,bll,
3318,J1231.1-1412,MSP,J1231.2-1411
3319,J1231.3+3353,,
3320,J1231.5+1421,bll,J1231.8+1421
3321,J1231.6+6415,bll,J1231.5+6414
3322,J1231.6-5116,PSR,J1231.6-5113
3323,J1231.6-6511,PSR,J1231.7-6513
3324,J1231.7+2847,bll,J1231.7+2847
3325,J1231.7-6653,,
3326,J1231.8-0450,,
3327,J1232.1+5953,,
3328,J1232.5+4821,fsrq,
3329,J1232.5-3720,bcu,J1232.5-3720
3330,J1233.0+1333,,J1232.8+1332
3331,J1233.1+1703,bll,
3332,J1233.6+5027,bll,
3333,J1233.7-0144,bll,J1233.7-0145
3334,J1234.0-5735,bcu,J1233.9-5736
3335,J1234.2+2813,bll,
3336,J1234.5-7055c,,J1236.6-7050
3337,J1234.7-0434,bcu,J1234.7-0437
3338,J1235.1-1405,bll,
3339,J1235.9+1136,,
3340,J1236.3+3858,bll,J1236.6+3901
3341,J1236.9-7232,rdg,
3342,J1237.0+3019,bll,
3343,J1237.8+6256,bll,J1237.9+6258
3344,J1238.1-4541,bll,J1238.3-4543
3345,J1238.3-1959,bll,J1238.2-1958
3346,J1238.5-1201,fsrq,J1239.1-1158
3347,J1239.4+0728,bll,J1239.4+0727
3348,J1239.5+0443,fsrq,J1239.5+0443
3349,J1239.5+4134,bll,
3350,J1239.7-3455,,
3351,J1240.1-6846,bcu,
3352,J1240.4-2606,bcu,
3353,J1240.4-7148,bcu,J1240.3-7149
3354,J1240.8-2918,,
3355,J1241.3+4236,bcu,
3356,J1241.5+3439,bll,
3357,J1241.6+3844,bcu,
3358,J1241.8-1456,bll,J1241.6-1456
3359,J1241.9+0636,bll,J1241.9+0639
3360,J1241.9-6706,,
3361,J1242.6+3236,,
3362,J1242.6+7635,bll,
3363,J1242.9+7315,bll,
3364,J1243.0+3950,bcu,
3365,J1243.1-5500,,
3366,J1243.1-6754c,,
3367,J1243.2+3627,bll,J1243.1+3627
3368,J1243.5+5311,,
3369,J1243.7+1727,,
3370,J1243.9-0218,bcu,J1243.9-0217
3371,J1244.2-4956,bcu,J1244.3-4955
3372,J1244.3-6233,,J1244.2-6227
3373,J1244.5+1616,bll,J1244.1+1615
3374,J1245.1+5709,bll,J1244.8+5707
3375,J1245.3+3327,,
3376,J1245.4-0701,,
3377,J1245.8+0232,bll,
3378,J1246.3+0112,bll,
3379,J1246.7-2548,fsrq,J1246.7-2547
3380,J1247.0+4421,bll,J1247.0+4421
3381,J1248.3+5820,bll,J1248.2+5820
3382,J1248.7+5127,bll,J1248.0+5130
3383,J1248.9+4840,bcu,
3384,J1249.2-2809,bcu,J1249.1-2808
3385,J1249.3-0545,bcu,J1249.5-0546
3386,J1249.8+3707,bll,J1249.7+3705
3387,J1250.2+3157,bll,
3388,J1250.6+0217,bll,J1250.5+0217
3389,J1250.8+3117,bcu,
3390,J1250.8-5424,,
3391,J1250.9-4943,,J1251.0-4943
3392,J1251.2+1039,bll,J1251.3+1041
3393,J1251.3-0201,bcu,J1251.0-0203
3394,J1251.3-1719,fsrq,
3395,J1252.7-2520,,
3396,J1252.8-3321,fsrq,
3397,J1253.2+5301,bll,J1253.2+5300
3398,J1253.3-5816,PSR,
3399,J1253.5-3934,bll,
3400,J1253.8+0327,bll,J1253.7+0327
3401,J1253.8+6242,bll,J1254.1+6240
3402,J1253.8+2929,bcu,
3403,J1254.2-2205,bcu,J1254.1-2203
3404,J1254.5+2210,bll,J1254.5+2210
3405,J1254.7-4516,,
3406,J1254.9-7141,bcu,
3407,J1254.9-4426,bll,J1254.9-4423
3408,J1254.9+1138,fsrq,
3409,J1256.1-5652,unk,J1256.1-5703
3410,J1256.1-5919,bcu,J1256.1-5919
3411,J1256.1-0547,FSRQ,J1256.1-0547
3412,J1256.2-1146,bll,J1256.3-1146
3413,J1256.8+5329,,J1256.7+5328
3414,J1256.8-1333,,
3415,J1256.9+2736,,
3416,J1257.0-6339,,J1257.0-6338
3417,J1257.2+3646,bll,J1257.0+3650
3418,J1257.6+2413,bll,
3419,J1257.8+3228,fsrq,J1258.2+3231
3420,J1258.3+6121,bll,J1258.0+6120
3421,J1258.4+6554,,
3422,J1258.5-3406,,
3423,J1258.6-1759,fsrq,J1258.6-1800
3424,J1258.7-0452,bll,
3425,J1258.7+5143,bcu,J1258.7+5137
3426,J1258.8-2219,fsrq,J1258.7-2219
3427,J1259.0-8148,MSP,J1259.3-8151
3428,J1259.1-2311,bll,J1259.0-2310
3429,J1259.5+2332,bcu,
3430,J1259.7-3223,bll,J1259.5-3231
3431,J1259.8-3749,bll,J1259.8-3749
3432,J1300.0+1753,bll,
3433,J1300.3+5353,bll,
3434,J1300.4+1416,fsrq,J1300.2+1416
3435,J1301.5+4413,bll,
3436,J1301.6+4056,bll,
3437,J1301.6+0834,MSP,J1301.6+0832
3438,J1301.6+3336,fsrq,J1301.5+3333
3439,J1302.2-0032,,
3440,J1302.3+6901,bcu,
3441,J1302.4-3258,MSP,J1302.3-3259
3442,J1302.5-6236c,,
3443,J1302.7+4750,bll,
3444,J1302.8+5748,bll,J1302.6+5748
3445,J1302.9-6349,HMB,
3446,J1303.0-6312e,PWN,J1303.0-6312e
3447,J1303.0+2434,bll,J1303.0+2435
3448,J1303.1-4714,,
3449,J1303.6-4622,fsrq,J1303.7-4619
3450,J1304.0-5539,bcu,J1304.3-5535
3451,J1304.0+3704,bll,
3452,J1304.2-2412,bll,J1304.2-2411
3453,J1304.3-4353,bll,J1304.3-4353
3454,J1304.4+1203,msp,J1304.6+1200
3455,J1304.6+0539,,
3456,J1304.6-0348,fsrq,J1304.8-0338
3457,J1304.9-2107,bcu,J1304.9-2109
3458,J1305.3+5118,nlsy1,
3459,J1305.4-4928,sbg,J1305.4-4926
3460,J1305.5-6241,snr,J1305.7-6241
3461,J1305.6+7853,bll,J1305.5+7854
3462,J1305.9+3858,bll,
3463,J1306.3-6043,MSP,J1306.4-6043
3464,J1306.3+1113,rdg,
3465,J1306.5+1926,bcu,
3466,J1306.7-2148,rdg,J1306.8-2146
3467,J1306.8-4035,msp,J1306.8-4031
3468,J1307.1-0344,bcu,
3469,J1307.6-4259,bll,J1307.6-4300
3470,J1308.1-3801,bcu,
3471,J1308.4-6706,bcu,J1308.1-6707
3472,J1308.5+3547,fsrq,J1308.7+3545
3473,J1308.7+0347,,J1309.0+0347
3474,J1308.9-5730,,J1308.7-5738
3475,J1309.1-6223,,J1309.6-6230c
3476,J1309.3+8035,,
3477,J1309.4+4305,bll,J1309.3+4304
3478,J1309.4-7915,,
3479,J1309.6+3718,bcu,
3480,J1309.7+1153,bll,J1309.5+1154
3481,J1310.1-0450,bcu,
3482,J1310.2+6219,,
3483,J1310.2-1158,bll,J1310.2-1159
3484,J1310.5+3221,fsrq,J1310.6+3222
3485,J1310.6+2449,bll,J1310.6+2446
3486,J1310.7-5553,bcu,
3487,J1310.9+5514,fsrq,J1310.7+5515
3488,J1311.0+0034,bll,J1311.0+0036
3489,J1311.0+3233,fsrq,
3490,J1311.7-6617c,,
3491,J1311.7-3430,MSP,J1311.8-3430
3492,J1311.8+3954,bll,
3493,J1311.8+2057,bcu,
3494,J1312.3-6257,,
3495,J1312.4-2156,bll,J1312.5-2155
3496,J1312.6-6231c,,J1311.8-6230
3497,J1312.6-1900,bcu,
3498,J1312.6+4828,bcu,J1312.7+4828
3499,J1312.7+0050,MSP,J1312.7+0051
3500,J1312.8-2350,bll,J1312.7-2349
3501,J1312.8-0425,fsrq,J1312.8-0424
3502,J1313.2-4437,,
3503,J1313.6+0159,bll,
3504,J1314.1+6854,,
3505,J1314.7-0901,bcu,
3506,J1314.7+2348,bll,J1314.8+2349
3507,J1315.0-4236,bll,J1314.7-4237
3508,J1315.1-5333,bll,J1315.1-5329
3509,J1315.4+8453,bcu,
3510,J1315.5+1135,bll,J1315.4+1130
3511,J1315.7-6220c,,
3512,J1315.9-0732,bll,J1315.7-0732
3513,J1315.9-6349c,bcu,
3514,J1315.9-6243,,J1315.0-6235c
3515,J1316.1-3338,fsrq,J1316.0-3338
3516,J1316.5+3013,bcu,
3517,J1316.7+2054,bcu,
3518,J1317.1+6613,bcu,
3519,J1317.5-0153,,
3520,J1317.5-6316,,J1317.6-6315
3521,J1317.6+3428,fsrq,J1317.8+3429
3522,J1317.6+7450,bcu,
3523,J1317.8-5358c,,
3524,J1318.1-3937,,
3525,J1318.1-1740,bcu,
3526,J1318.2+6754,bcu,
3527,J1318.3-1148,,
3528,J1318.5-6352,,
3529,J1318.7-1234,bcu,J1318.7-1232
3530,J1318.8+2534,,
3531,J1318.9-4556,,
3532,J1319.5-0045,bcu,
3533,J1319.5+1404,bll,J1319.3+1402
3534,J1319.8+7759,bll,J1319.6+7759
3535,J1320.3-6410c,,
3536,J1320.5-6256c,,J1320.6-6258c
3537,J1320.7+3314,fsrq,
3538,J1321.1-6239,,
3539,J1321.1+2216,fsrq,J1321.0+2215
3540,J1321.3-2641,fsrq,
3541,J1321.9+3219,bll,
3542,J1322.0+8317,fsrq,J1321.7+8312
3543,J1322.0-4624,,
3544,J1322.0-5921,bcu,
3545,J1322.2+0842,fsrq,J1322.3+0839
3546,J1322.3-0606,bcu,
3547,J1322.6-0936,fsrq,J1322.8-0938
3548,J1322.6-1418,bcu,
3549,J1322.6-1617,bcu,J1322.6-1619
3550,J1322.9+0437,bll,J1322.9+0435
3551,J1323.0+2941,bcu,J1323.0+2942
3552,J1323.9+1405,bll,J1323.9+1405
3553,J1324.0-4330e,RDG,J1324.0-4330e
3554,J1324.5-2338,,
3555,J1324.6-2525,,
3556,J1324.9+4748,fsrq,
3557,J1325.3+6621,bll,
3558,J1325.3-5413,,J1325.2-5411
3559,J1325.4-4706,,
3560,J1325.5-4300,RDG,J1325.4-4301
3561,J1325.6-0227,bll,
3562,J1326.0+3507,,
3563,J1326.1-6800,bcu,
3564,J1326.1+2933,bll,J1326.1+2931
3565,J1326.1+1232,bll,
3566,J1326.2+4115,bll,
3567,J1326.6+0152,bcu,
3568,J1326.6-4729,glc,J1326.7-4727
3569,J1326.7-0503,fsrq,
3570,J1326.8-5256,bll,J1326.6-5256
3571,J1326.9+2210,fsrq,J1326.8+2211
3572,J1327.0+3154,bcu,
3573,J1327.8+2522,bll,J1327.9+2524
3574,J1328.4-6231,,
3575,J1328.5-4727,bll,J1328.5-4728
3576,J1328.6+1145,bll,
3577,J1328.9+5019,,
3578,J1329.0-5607,bll,J1328.9-5607
3579,J1329.4-0530,bcu,J1329.1-0536
3580,J1329.6+4739,,
3581,J1329.8-1559,,
3582,J1329.9-6108,,J1329.8-6109
3583,J1330.2-7003,bcu,J1330.1-7002
3584,J1330.2+7002,bll,J1330.6+7002
3585,J1330.2-3946,,
3586,J1330.3+4441,bll,J1330.0+4437
3587,J1330.4+3157,bll,
3588,J1330.4+2416,bll,
3589,J1330.7+5200,bcu,J1330.9+5201
3590,J1330.7+2933,bcu,
3591,J1331.0+3032,css,J1330.5+3023
3592,J1331.0+5653,bll,J1330.4+5641
3593,J1331.2-1325,bll,J1331.1-1328
3594,J1331.3-3818,,J1330.0-3818
3595,J1331.6+1711,bll,J1331.5+1711
3596,J1331.7-0343,fsrq,
3597,J1331.7-0647,bcu,
3598,J1332.0-0509,fsrq,J1332.0-0508
3599,J1332.2+4722,fsrq,J1331.8+4718
3600,J1332.6-1256,fsrq,J1332.6-1256
3601,J1333.0-6626,bcu,
3602,J1333.2-4707,,
3603,J1333.2+2725,fsrq,J1332.8+2723
3604,J1333.4+1540,,
3605,J1333.7+5056,fsrq,J1333.7+5057
3606,J1334.1-4154,,J1334.3-4152
3607,J1334.1-3521,bcu,
3608,J1334.5+5634,fsrq,
3609,J1334.6-4435,,
3610,J1334.8-3856,,
3611,J1335.0-5656,MSP,J1335.1-5655
3612,J1335.3-2949,bll,J1335.4-2949
3613,J1335.5-4546,,
3614,J1335.6+4759,,
3615,J1335.6-4052,,J1335.2-4056
3616,J1336.2+2107,bll,
3617,J1336.2+2320,bll,
3618,J1336.2+2053,bcu,
3619,J1336.5-4655,,
3620,J1336.5-1529,bcu,
3621,J1336.9-4611,,
3622,J1337.4+5502,fsrq,
3623,J1337.5-7802,bcu,
3624,J1337.6-1257,fsrq,J1337.6-1257
3625,J1337.9-1956,bcu,
3626,J1338.0+6534,fsrq,J1338.9+6532
3627,J1338.0-4159,,
3628,J1338.1-0931,bcu,
3629,J1338.4-5923,,
3630,J1338.8-4509,,
3631,J1338.9+1153,bll,J1339.0+1153
3632,J1339.0-2400,bcu,J1338.6-2403
3633,J1339.1-2620,fsrq,
3634,J1339.9-0138,fsrq,J1339.8-0133
3635,J1340.0-1501,bcu,
3636,J1340.1+3857,bcu,
3637,J1340.4+6926,bcu,
3638,J1340.5+4409,bll,J1340.6+4412
3639,J1340.8-0409,bll,J1340.6-0408
3640,J1341.1+7433,bcu,
3641,J1341.2+3958,bll,J1341.0+3955
3642,J1341.6+5515,bll,J1341.5+5517
3643,J1341.7-3907,bcu,
3644,J1341.7-6216,PSR,
3645,J1341.8-2053,fsrq,J1341.9-2053
3646,J1342.0+1043,,
3647,J1342.6-5730,,
3648,J1342.6+0944,fsrq,J1342.7+0945
3649,J1342.7+0505,bll,
3650,J1343.5-6827,,
3651,J1343.6+5755,fsrq,J1343.6+5753
3652,J1343.8-6208,spp,
3653,J1344.0+6605,fsrq,
3654,J1344.1-7700,bcu,
3655,J1344.2-1723,fsrq,J1344.2-1724
3656,J1344.2-6517,,
3657,J1344.4-3656,bcu,J1344.5-3655
3658,J1344.9-6228,spp,J1345.1-6224
3659,J1345.3-6253,spp,
3660,J1345.5+4453,fsrq,J1345.6+4453
3661,J1345.6-3356,bll,J1345.9-3357
3662,J1345.7-4703,,
3663,J1345.8+0706,fsrq,J1345.8+0704
3664,J1345.9-2612,msp,J1346.2-2608
3665,J1346.1-5121,glc,
3666,J1346.3-6026,rdg,J1346.6-6027
3667,J1346.3+7227,bcu,
3668,J1346.5+3646,,
3669,J1346.5+5330,,
3670,J1347.1-2959,bll,J1346.9-2958
3671,J1347.4+7309,bcu,
3672,J1347.6-3751,fsrq,J1347.6-3754
3673,J1347.9-0618,bcu,
3674,J1348.5-8700,,
3675,J1348.9+0756,bll,
3676,J1349.1-5829,,J1348.5-5833
3677,J1349.5-7153,bcu,J1348.5-7150
3678,J1349.5-1131,fsrq,J1349.6-1133
3679,J1349.5-6206c,spp,
3680,J1350.6-6224,PSR,J1350.4-6224
3681,J1350.8+3033,fsrq,J1350.8+3035
3682,J1350.9-2757,,J1351.1-2743
3683,J1351.0+0029,fsrq,J1351.1+0030
3684,J1351.2-6115c,,
3685,J1351.3+1115,bll,J1351.4+1115
3686,J1351.4-1529,bll,
3687,J1351.6-6142,,
3688,J1351.7-2912,bcu,J1351.7-2913
3689,J1351.7+5542,bll,
3690,J1351.9+2847,bll,
3691,J1352.6+3133,rdg,
3692,J1352.7-2742,bcu,
3693,J1353.0-4413,bll,J1353.1-4414
3694,J1353.2+3740,bll,
3695,J1353.3+1434,bll,J1353.2+1435
3696,J1353.3-5910,NOV,
3697,J1353.4+5600,bll,
3698,J1353.5-6128,,
3699,J1353.6-6640,bll,J1353.5-6640
3700,J1353.7-3936,bll,
3701,J1354.1+2557,,
3702,J1354.1-8750,bcu,
3703,J1354.2+0353,,
3704,J1354.2+6934,bcu,
3705,J1354.3-0206,fsrq,
3706,J1354.4+3707,bll,J1354.5+3705
3707,J1354.7+0623,bll,
3708,J1354.8-1041,fsrq,J1355.0-1044
3709,J1355.2-6420e,PWN,
3710,J1355.8-6155,,
3711,J1356.0-6747,,
3712,J1356.2-2454,bcu,
3713,J1356.2-1726,agn,
3714,J1356.6+0234,msp,
3715,J1356.9-6432,PSR,J1356.6-6428
3716,J1357.1+1921,fsrq,
3717,J1357.3+3730,gal,
3718,J1357.3-6123,,
3719,J1357.5+0127,bll,J1357.5+0125
3720,J1357.8-5724,,
3721,J1357.9-4907,,
3722,J1358.0-0050,,
3723,J1358.0-7749,,
3724,J1358.1+7642,fsrq,J1357.6+7643
3725,J1358.2-6210,spp,
3726,J1358.3-6026,PSR,J1358.5-6025
3727,J1358.7-6944,,
3728,J1358.7+2355,,
3729,J1358.9-0703,bcu,
3730,J1359.1+5544,fsrq,J1359.0+5544
3731,J1359.1-1152,bcu,
3732,J1359.4+0202,fsrq,J1359.2+0204
3733,J1359.4+1809,bcu,
3734,J1359.5-6615,,
3735,J1359.7+4012,fsrq,
3736,J1359.8-3746,bll,J1359.9-3746
3737,J1359.9+3616,,
3738,J1400.0-2415,,J1400.2-2413
3739,J1400.2-4010,bll,
3740,J1400.4-6050,,
3741,J1400.5-6147c,,
3742,J1400.6-5605,bcu,J1400.7-5605
3743,J1400.6-1432,MSP,J1400.5-1437
3744,J1401.1-3717,bcu,
3745,J1401.2-0915,fsrq,
3746,J1401.2-6116,,
3747,J1401.3-5012,,
3748,J1401.6-4645,,
3749,J1401.7-3217,,
3750,J1401.9-6130c,,
3751,J1402.5-1827,bcu,
3752,J1402.6+1600,bll,
3753,J1402.6-3330,fsrq,
3754,J1402.7+1306,MSP,J1403.1+1304
3755,J1403.2-5758,,
3756,J1403.4+4319,bll,
3757,J1403.5-6236,,
3758,J1403.6+3606,bcu,
3759,J1403.7+2429,,
3760,J1403.7+1513,,
3761,J1404.4-6159,spp,
3762,J1404.8-5237,,J1404.3-5241
3763,J1404.8+6554,bll,J1404.8+6554
3764,J1404.8+0402,bll,J1404.8+0401
3765,J1405.0-1544,,
3766,J1405.1-6119,HMB,J1405.4-6119
3767,J1405.3-0640,bcu,
3768,J1405.3-6008,,
3769,J1405.9-1853,,
3770,J1406.1-2508,bll,J1406.0-2508
3771,J1406.2-7500,,
3772,J1406.4-1654,bcu,
3773,J1406.5-0054,bll,
3774,J1406.6-6523,unk,
3775,J1406.6-3934,bll,
3776,J1406.9+1643,bll,J1406.6+1644
3777,J1407.1+5312,bll,
3778,J1407.4-0820,,
3779,J1407.5-2706,bll,
3780,J1407.6-4301,bll,J1407.7-4256
3781,J1407.7-3017,,
3782,J1408.0+3834,,
3783,J1408.1-6010,,
3784,J1408.6-2917,bin,J1408.0-2924
3785,J1408.7+3617,bcu,
3786,J1408.7-3747,,J1409.2-3743
3787,J1408.9-0751,fsrq,J1408.8-0751
3788,J1408.9-5845c,,
3789,J1409.1-6121e,,
3790,J1409.7+5940,bll,
3791,J1409.8+7921,,
3792,J1410.1+0202,bll,
3793,J1410.3+1438,bll,
3794,J1410.3+6058,bll,
3795,J1410.4+2820,bll,J1410.4+2821
3796,J1410.5+6215,bcu,
3797,J1410.7+7405,,J1410.9+7406
3798,J1410.7-5945,,
3799,J1411.5-0723,bll,J1411.4-0724
3800,J1411.5-6133,PSR,
3801,J1411.6+2913,,
3802,J1411.8+5249,bll,J1412.0+5249
3803,J1412.0+3836,bcu,
3804,J1412.1-6631,,J1412.3-6635
3805,J1412.1+7427,bll,
3806,J1412.2+2132,bcu,
3807,J1412.2-6018,,
3808,J1412.9+5018,bcu,
3809,J1413.1-6519,sey,J1413.2-6518
3810,J1413.5-6205,PSR,J1413.4-6205
3811,J1413.5-2820,,
3812,J1413.9-6705,,
3813,J1414.5+0826,bcu,
3814,J1415.2-5550,,
3815,J1415.3-6110c,,
3816,J1415.4-6458,,
3817,J1415.5+4830,bll,J1415.2+4832
3818,J1415.9-1002,fsrq,J1415.0-1001
3819,J1415.9-1504,,
3820,J1416.0+1320,bcu,J1416.0+1323
3821,J1416.0+3443,bcu,
3822,J1416.1-2417,bll,J1416.1-2417
3823,J1416.4-6123c,,
3824,J1416.5-6145,spp,
3825,J1416.7-5023,,J1417.7-5028
3826,J1417.3+6059,,
3827,J1417.6-4403,msp,J1417.5-4402
3828,J1417.7-6057,,
3829,J1417.9+4613,fsrq,
3830,J1417.9+2543,bll,J1417.8+2540
3831,J1418.2-5400,,
3832,J1418.4-0233,bll,J1418.4-0233
3833,J1418.4+3543,FSRQ,J1418.5+3543
3834,J1418.7-3504,fsrq,
3835,J1418.7-6057,PSR,J1418.6-6058
3836,J1418.7-6110,,
3837,J1418.9+7731,bll,J1418.9+7731
3838,J1419.2-6029,,
3839,J1419.3+0444,bll,J1419.5+0449
3840,J1419.4-0838,fsrq,J1419.5-0836
3841,J1419.5+2527,,
3842,J1419.5+3821,fsrq,J1419.8+3819
3843,J1419.6-5153,bcu,J1419.1-5156
3844,J1419.8+5423,bll,J1419.9+5425
3845,J1420.0-6048,PSR,J1420.0-6048
3846,J1420.3-0438,,
3847,J1420.3-6046e,PWN,J1420.1-6047
3848,J1420.3+0612,bll,
3849,J1420.7-6701,,
3850,J1420.8-3729,,
3851,J1420.9-7920,bcu,J1421.8-7920
3852,J1420.9-6127c,,
3853,J1420.9-2431,,J1421.0-2431
3854,J1421.1-4614,bcu,J1420.9-4615
3855,J1421.1-1120,bcu,J1421.0-1122
3856,J1421.1+3859,fsrq,
3857,J1421.4-1655,,
3858,J1421.6-4819,bcu,
3859,J1422.3-6059,,
3860,J1422.5-6137,PSR,J1422.4-6137
3861,J1422.5+3223,fsrq,J1422.4+3227
3862,J1422.6+5801,bll,J1422.8+5801
3863,J1422.6+8150,bcu,
3864,J1423.1+3738,bll,J1422.7+3743
3865,J1423.3-5655,spp,
3866,J1423.5+4524,bcu,
3867,J1423.6-7829,fsrq,J1422.8-7828
3868,J1423.7-4458,,
3869,J1424.1-1750,bll,J1424.3-1753
3870,J1424.1+2917,bll,
3871,J1424.2+0433,bll,J1424.3+0434
3872,J1424.2-6111c,,
3873,J1424.5+3433,bll,
3874,J1424.5+3705,bll,
3875,J1424.6+1447,bll,
3876,J1424.8+4910,,
3877,J1424.8-6536,,
3878,J1424.8-8012,,
3879,J1424.8-6808,bcu,J1424.6-6807
3880,J1425.0+3615,bll,J1424.9+3615
3881,J1425.4-0119,bll,
3882,J1425.8+1423,fsrq,
3883,J1426.1+3403,bll,J1426.2+3402
3884,J1426.4+3625,fsrq,
3885,J1427.0+2348,BLL,J1427.0+2347
3886,J1427.4-1823,bcu,
3887,J1427.6-3305,bll,J1427.6-3305
3888,J1427.7-3215,bll,J1427.8-3215
3889,J1427.8-6051,,J1427.6-6048c
3890,J1427.9-4206,FSRQ,J1427.9-4206
3891,J1428.0-6026c,,
3892,J1428.1+1629,bcu,J1427.2+1610
3893,J1428.3+5635,fsrq,
3894,J1428.4+0538,,
3895,J1428.5+4240,bll,J1428.5+4240
3896,J1428.6+0705,,
3897,J1428.7-1017,bcu,
3898,J1428.8+7429,bcu,
3899,J1428.9+5406,fsrq,
3900,J1429.8-3058,bcu,
3901,J1429.8-0739,,
3902,J1429.9-5911,PSR,J1429.8-5910
3903,J1430.5+3647,fsrq,
3904,J1430.6+1543,,
3905,J1430.9-6024c,,
3906,J1431.0-4432,,J1430.8-4434
3907,J1431.0-4458,bll,
3908,J1431.1-3120,bll,
3909,J1431.4-4711,MSP,
3910,J1431.5-6627,,
3911,J1432.1+5020,,
3912,J1432.2+5051,bcu,
3913,J1432.8+7648,bcu,
3914,J1433.0-1801,fsrq,
3915,J1433.5-5457,unk,
3916,J1433.7-7304,bll,
3917,J1433.8-6357,,
3918,J1434.1-4931,,
3919,J1434.2+4204,fsrq,J1434.1+4203
3920,J1434.5+5428,bcu,
3921,J1434.7+1950,fsrq,J1434.6+1951
3922,J1434.8+6640,bll,J1434.6+6640
3923,J1435.3+7120,bcu,
3924,J1435.4+3338,,
3925,J1435.5+2021,rdg,J1435.2+2023
3926,J1435.7+6148,bcu,
3927,J1435.8-6018,spp,
3928,J1435.9-8348,bcu,
3929,J1436.4+3900,,
3930,J1436.9+2321,fsrq,J1436.8+2322
3931,J1436.9+5638,bll,J1436.8+5639
3932,J1437.3-3239,bcu,
3933,J1437.6-5616,,
3934,J1438.0+0219,,
3935,J1438.0-3128,fsrq,
3936,J1438.1-2201,fsrq,
3937,J1438.4+2924,bll,
3938,J1438.5-4207,bcu,J1438.6-4209
3939,J1438.6+1205,bll,
3940,J1438.7+4849,,
3941,J1438.9+3710,fsrq,J1438.7+3710
3942,J1439.1+2217,,
3943,J1439.2-5142,,
3944,J1439.3+3932,bll,J1439.2+3931
3945,J1439.5-2525,bll,
3946,J1439.7+4958,bll,J1440.1+4955
3947,J1439.9-3953,bll,J1440.0-3955
3948,J1440.0-2343,bll,
3949,J1440.0-1530,bll,J1440.3-1540
3950,J1440.2-5505,msp,
3951,J1440.6-3846,bll,J1440.4-3845
3952,J1440.9+0609,bll,J1440.9+0610
3953,J1441.4-1934,,
3954,J1441.6-5951c,spp,J1441.5-5955c
3955,J1441.6-1522,fsrq,J1441.7-1538
3956,J1441.7+1836,bcu,
3957,J1442.0+4348,bll,J1442.0+4348
3958,J1442.0+0732,,
3959,J1442.1-2800,,
3960,J1442.1-3707,,
3961,J1442.2+0622,bcu,
3962,J1442.2-6005,spp,J1441.6-5956
3963,J1442.6-4623,bll,
3964,J1442.7+1200,bll,J1442.8+1200
3965,J1443.0-6227e,SNR,
3966,J1443.1+5201,rdg,J1442.6+5156
3967,J1443.1+4728,nlsy1,
3968,J1443.6+2515,bll,
3969,J1443.7-0954,bcu,
3970,J1443.7-7037,,J1444.0-7033
3971,J1443.9-3908,bll,J1443.9-3908
3972,J1443.9+2501,fsrq,J1443.9+2502
3973,J1444.1+7601,,
3974,J1444.5+1922,,
3975,J1444.8+3645,,
3976,J1444.9-5939,,
3977,J1445.0-0326,bll,J1445.0-0328
3978,J1445.1-5958c,,
3979,J1445.2-1954,bcu,
3980,J1445.9-5907,,
3981,J1445.9-1626,bll,J1446.1-1628
3982,J1446.0-3039,bcu,
3983,J1446.3+3111,bcu,
3984,J1446.6-4701,MSP,J1446.6-4701
3985,J1446.7+1719,fsrq,
3986,J1446.8-1830,bcu,J1446.8-1831
3987,J1447.0-2657,bcu,
3988,J1447.4-5757,PSR,J1447.3-5800
3989,J1448.0+3608,bll,J1448.0+3608
3990,J1449.3-4300,,
3991,J1449.4-6026,unk,
3992,J1449.5+2746,rdg,
3993,J1449.6-2137,fsrq,
3994,J1449.7-0910,agn,
3995,J1449.8-5923c,,
3996,J1450.2-5937c,spp,
3997,J1450.4+0910,fsrq,J1450.4+0911
3998,J1450.8-1424,,
3999,J1450.8+5201,bll,J1450.9+5200
4000,J1451.4-5422,,
4001,J1451.4+6355,bll,J1451.2+6355
4002,J1451.4-5142,,
4003,J1451.5+1415,bcu,
4004,J1451.6-3726,,
4005,J1451.8-3851,bcu,
4006,J1452.0-4148,,
4007,J1453.0-1318,bcu,
4008,J1453.4-5858,spp,
4009,J1453.5+3505,fsrq,
4010,J1454.0-5319,,
4011,J1454.0+4927,bcu,
4012,J1454.1+1622,fsrq,J1454.0+1622
4013,J1454.1+2647,bcu,
4014,J1454.3-5551,,
4015,J1454.3-3946,,
4016,J1454.4-3744,fsrq,J1454.2-3751
4017,J1454.4+5124,bll,J1454.5+5124
4018,J1454.7+5237,bll,
4019,J1454.8-2456,fsrq,
4020,J1455.0+0247,bll,
4021,J1455.4-3654,bcu,
4022,J1455.8-7601,bll,
4023,J1455.9-3331,MSP,
4024,J1456.0+5051,bll,
4025,J1456.3-5419,,
4026,J1456.4-7129,,
4027,J1456.4-5923c,unk,
4028,J1456.7-6050c,,J1456.7-6046
4029,J1456.8-6122,,
4030,J1457.3-4246,bcu,
4031,J1457.4-3539,FSRQ,J1457.4-3539
4032,J1457.8-4642,bll,
4033,J1458.1+4119,bcu,
4034,J1458.6+3722,bll,J1458.7+3719
4035,J1458.8-2120,,J1458.7-2120
4036,J1459.0+7140,css,
4037,J1459.0+6129,bcu,
4038,J1459.0-5819,unk,
4039,J1459.0-5353,bcu,
4040,J1459.5-6053,PSR,J1459.4-6053
4041,J1459.5+1527,fsrq,
4042,J1459.9-2322,,
4043,J1500.1-5846,,
4044,J1500.2+2640,,
4045,J1500.7+4752,bll,J1500.6+4750
4046,J1500.9+5528,bll,
4047,J1501.0-6310e,,
4048,J1501.0+2238,bll,J1500.9+2238
4049,J1501.2-6624,unk,
4050,J1501.6-5236,,
4051,J1502.2-5933,,
4052,J1502.5+5552,bcu,J1502.2+5553
4053,J1502.6+0207,,
4054,J1502.7+4120,,
4055,J1503.3+1651,bll,
4056,J1503.3-8136,bcu,
4057,J1503.5+4759,bll,J1503.7+4759
4058,J1503.6-6427,bcu,J1503.7-6426
4059,J1503.6-4146,spp,J1501.6-4204
4060,J1503.7-1540,bll,J1503.7-1540
4061,J1503.7-5801,bcu,J1503.5-5801
4062,J1503.9-4247,bcu,
4063,J1504.4+1029,FSRQ,J1504.4+1029
4064,J1504.5-0127,,
4065,J1504.6+4343,,
4066,J1504.9+2027,bcu,
4067,J1505.0-3433,bll,J1505.0-3432
4068,J1505.0+0326,NLSY1,J1505.1+0326
4069,J1505.1-5145,,
4070,J1505.3-5852,,
4071,J1505.5-8241,bcu,J1504.5-8242
4072,J1506.1+3731,fsrq,J1506.1+3728
4073,J1506.4-0540,bll,
4074,J1506.4+4331,bll,J1506.3+4332
4075,J1506.5-5708,,
4076,J1506.6+0813,bll,J1506.6+0811
4077,J1506.9-7003,,
4078,J1507.1-1901,,
4079,J1507.2-1651,fsrq,
4080,J1507.2+1721,bll,J1507.4+1725
4081,J1507.3-3710,bcu,J1507.6-3710
4082,J1507.3+3341,bll,
4083,J1507.4-6450c,,
4084,J1507.7-5403,,
4085,J1507.9-6228e,,J1507.0-6223
4086,J1508.4+7717,bcu,
4087,J1508.4-4817,,
4088,J1508.5-4951,bcu,J1508.7-4956
4089,J1508.8+2708,bll,J1508.6+2709
4090,J1508.9-4110,spp,
4091,J1509.4-5850,PSR,J1509.4-5850
4092,J1509.6-4334,fsrq,J1508.9-4342
4093,J1509.7+5556,bll,J1509.7+5556
4094,J1509.8-2906,bcu,
4095,J1510.1+5702,fsrq,
4096,J1510.1-5750,,J1510.2-5754
4097,J1510.4-3017,bcu,
4098,J1510.8+7959,bcu,J1512.3+8005
4099,J1510.8-0542,fsrq,J1510.9-0542
4100,J1510.9+0551,,
4101,J1511.2-5803,,J1510.9-5808c
4102,J1511.4-0430,,
4103,J1511.8-0513,bll,J1511.8-0513
4104,J1512.1-2255,bll,J1512.2-2255
4105,J1512.2+4704,bcu,
4106,J1512.2+0202,fsrq,J1512.2+0202
4107,J1512.8-0906,FSRQ,J1512.8-0906
4108,J1512.9-5639,bcu,J1512.8-5639
4109,J1513.0-3118,,
4110,J1513.0-6549,bcu,
4111,J1513.2-7131,bcu,
4112,J1513.4-3721,bcu,J1513.3-3719
4113,J1513.4-0753,bll,
4114,J1513.4-3231,fsrq,J1513.5-3233
4115,J1513.4-2549,MSP,J1513.4-2549
4116,J1513.6-2830,,
4117,J1513.7-1519,,
4118,J1514.0-6240,,J1513.8-6250c
4119,J1514.1-5805c,,
4120,J1514.2-5909e,PWN,
4121,J1514.3-4946,MSP,J1514.2-4947
4122,J1514.4-7719,bcu,
4123,J1514.4+2939,,J1514.1+2940
4124,J1514.6-2044,bcu,
4125,J1514.7-3617,bcu,J1514.8-3623
4126,J1514.8-4748,fsrq,J1514.5-4750
4127,J1514.8-0949,bll,
4128,J1514.8+4448,,J1514.8+4446
4129,J1515.5-4242,,
4130,J1515.6-5817c,,
4131,J1515.7-2321,bcu,
4132,J1516.0+2424,bll,
4133,J1516.1-6429,,
4134,J1516.1+4351,bll,
4135,J1516.4-2640,,
4136,J1516.4-1523,bll,
4137,J1516.5+0015,rdg,
4138,J1516.8+2918,bll,
4139,J1516.8+3651,bll,J1516.7+3648
4140,J1516.9+1934,bll,J1516.9+1926
4141,J1517.0-4600,,
4142,J1517.0+2639,bcu,J1517.0+2637
4143,J1517.3+6630,bcu,
4144,J1517.7-2422,bll,J1517.6-2422
4145,J1517.7-4446,,J1517.6-4442
4146,J1517.7+6525,bll,J1517.6+6524
4147,J1517.9-5233,,J1518.2-5232
4148,J1518.0-2731,bll,J1518.0-2732
4149,J1518.4+0750,bcu,
4150,J1518.6+0614,rdg,
4151,J1518.6+4044,bll,
4152,J1518.8+0203,glc,
4153,J1518.9-5903c,spp,
4154,J1519.7-6013c,,
4155,J1519.7+6727,,
4156,J1520.0-0905,bcu,
4157,J1520.4+5546,bll,J1521.1+5543
4158,J1520.5+4209,fsrq,J1520.3+4209
4159,J1520.8-0348,bll,J1520.8-0348
4160,J1520.9-3805,,
4161,J1521.1+0421,rdg,
4162,J1521.5-2832,,
4163,J1521.5-8057c,,
4164,J1521.7+1650,bcu,
4165,J1521.8+4338,fsrq,J1521.8+4340
4166,J1521.9-5735,PSR,J1521.9-5736
4167,J1522.1+3144,fsrq,J1522.1+3144
4168,J1522.5+0844,,
4169,J1522.6-2730,bll,J1522.6-2730
4170,J1523.1+3413,bcu,
4171,J1523.2-3941,bcu,
4172,J1523.2+0533,bll,
4173,J1523.2+2818,bcu,
4174,J1524.2+1523,fsrq,
4175,J1524.6-6245,,
4176,J1524.8-5904,bcu,J1525.2-5905
4177,J1525.2-3316c,,
4178,J1525.7-4334,bcu,
4179,J1526.1-0831,bll,J1525.8-0834
4180,J1526.3-4501,,J1526.3-4505
4181,J1526.6-3810,,J1527.0-3804
4182,J1526.6-2743,MSP,
4183,J1526.7-1529,bcu,
4184,J1526.9+7358,,
4185,J1527.3-3103,,
4186,J1527.3+3117,fsrq,
4187,J1527.4+1717,bcu,
4188,J1527.8+1013,,
4189,J1527.9-4943,,
4190,J1528.2-2448,,
4191,J1528.2-2905,bcu,J1528.1-2904
4192,J1528.4-5838,PSR,J1528.3-5836
4193,J1528.4+2004,,
4194,J1528.4-6729,unk,
4195,J1528.5-2240,bcu,J1528.7-2247
4196,J1529.2+3812,bll,
4197,J1529.4-6027,,
4198,J1529.7+6733,bcu,J1529.5+6733
4199,J1530.0-1522,,
4200,J1530.3+2709,rdg,
4201,J1530.5+5850,,
4202,J1530.5-3026,bcu,
4203,J1530.9+5736,bll,J1531.0+5737
4204,J1531.5-5612,PSR,
4205,J1531.6+0406,,
4206,J1531.7+4710,bll,J1531.8+4704
4207,J1532.0+3016,bll,J1532.0+3018
4208,J1532.3-3857,,
4209,J1532.7+2342,bcu,
4210,J1532.7-1319,bcu,J1532.7-1319
4211,J1532.9-0313,,
4212,J1533.0-6239,,
4213,J1533.2+1855,bll,J1533.2+1852
4214,J1533.2+3416,bll,J1533.5+3416
4215,J1533.7-2130,,
4216,J1533.9-5712e,SNR,
4217,J1534.0-5232,,J1533.8-5231
4218,J1534.3-3312,,
4219,J1534.4-6719,,
4220,J1534.7-5842,,
4221,J1534.7+2331,sbg,
4222,J1534.8+3716,bll,J1535.0+3721
4223,J1534.8+0131,fsrq,J1534.5+0128
4224,J1535.0+5320,bll,J1534.4+5323
4225,J1535.3-3135,bcu,
4226,J1535.4+3919,bll,J1535.7+3920
4227,J1535.8-4730,bcu,
4228,J1535.9+3743,,
4229,J1536.0-2729,,
4230,J1536.2-6023,,
4231,J1536.4-4948,MSP,J1536.3-4949
4232,J1536.5-6855,,
4233,J1536.8-3155,bll,
4234,J1536.8-4327,,
4235,J1536.9-3731,bcu,
4236,J1537.2+2635,,
4237,J1537.3-6110,,
4238,J1537.5+0046,,
4239,J1537.7-7957,bcu,J1537.8-8000
4240,J1537.8+2528,,
4241,J1537.9-1344,bcu,
4242,J1538.0-4638,,J1538.4-4656
4243,J1538.2-6201,,
4244,J1538.9+0425,,
4245,J1539.1+1008,,
4246,J1539.4-3323,,J1539.2-3324
4247,J1539.6+2743,fsrq,J1539.5+2746
4248,J1539.7-1127,bll,J1539.8-1128
4249,J1539.9+4220,bll,
4250,J1540.1+4142,bll,
4251,J1540.1+8155,bll,J1540.1+8155
4252,J1540.4+6606,bcu,
4253,J1540.7+1449,bll,J1540.8+1449
4254,J1541.1+3451,bcu,
4255,J1541.2-5201,,
4256,J1541.5-4215,,
4257,J1541.7+1413,bll,J1541.6+1414
4258,J1541.9-2915,bll,
4259,J1542.1-5901,,J1542.4-5911
4260,J1542.2-6542,,
4261,J1542.3+1801,fsrq,
4262,J1543.0+6130,bll,J1542.9+6129
4263,J1543.1+4209,,
4264,J1543.3+1026,bcu,
4265,J1543.4-5925,,
4266,J1543.6+6551,bcu,
4267,J1543.6+0452,agn,J1543.5+0451
4268,J1543.6-0244,,J1543.5-0244
4269,J1543.6-5148,MSP,J1542.9-5141
4270,J1544.0+4939,MSP,J1544.0+4938
4271,J1544.2-2554,,J1544.1-2555
4272,J1544.3-0649,bcu,
4273,J1544.5-1126,lmb,J1544.6-1125
4274,J1544.7+5017,bll,
4275,J1544.9+3218,,
4276,J1545.0-6642,bll,J1545.0-6641
4277,J1545.2-4553,,
4278,J1545.5+2839,,
4279,J1545.8-2336,bll,
4280,J1546.0+0819,bll,J1546.0+0818
4281,J1546.1-1003,bll,
4282,J1546.4-1409,,
4283,J1546.4-2903,bcu,
4284,J1546.5+1816,bll,J1546.6+1812
4285,J1546.8-3244,,
4286,J1547.0-0442,,
4287,J1547.3-1531,bcu,
4288,J1547.3-2802,bll,J1547.1-2801
4289,J1547.4-4802,,
4290,J1547.5-5130,,
4291,J1547.6-6601,unk,
4292,J1547.6-6106,,
4293,J1547.9+0445,,
4294,J1547.9-6403,bcu,
4295,J1548.1-4416,,
4296,J1548.3-2411,,
4297,J1548.3+6615,bcu,
4298,J1548.3+1456,bll,J1548.4+1455
4299,J1548.4-2109,bcu,
4300,J1548.4-5344c,spp,
4301,J1548.8-2250,bll,J1548.8-2250
4302,J1549.0+4821,bll,
4303,J1549.0+7846,bcu,
4304,J1549.3+6310,bll,J1549.0+6309
4305,J1549.3+4234,bcu,
4306,J1549.4+7409,bcu,J1550.3+7409
4307,J1549.5+0236,fsrq,J1549.4+0237
4308,J1549.6+1710,bll,J1549.5+1709
4309,J1549.8-3044,bll,J1549.9-3044
4310,J1549.8-0659,bll,J1549.7-0658
4311,J1550.3-6223,,
4312,J1550.4-5354c,,
4313,J1550.6+6027,,J1550.4+6027
4314,J1550.7+7006,bcu,
4315,J1550.7+0528,fsrq,J1550.5+0526
4316,J1550.8-5424c,spp,
4317,J1550.8-0822,bll,
4318,J1550.8-1750,bcu,
4319,J1551.3-4920,,
4320,J1551.7-4257,,
4321,J1551.9-6015,,
4322,J1552.0+0850,bll,J1552.1+0852
4323,J1552.4-5612e,PWN,J1552.4-5609
4324,J1552.6-4603c,,
4325,J1552.9-5607e,SNR,J1552.8-5609
4326,J1553.1+5438,MSP,J1553.1+5437
4327,J1553.3+0600,bll,
4328,J1553.5-6910,bcu,
4329,J1553.5-3118,bll,J1553.5-3118
4330,J1553.6+1257,fsrq,J1553.5+1256
4331,J1553.6-2422,fsrq,J1553.3-2421
4332,J1553.8-5325e,,
4333,J1554.0-0243,bcu,
4334,J1554.2+2008,,J1554.4+2010
4335,J1554.4-2759,,
4336,J1554.4-5506,pwn,
4337,J1554.4-1215,bcu,
4338,J1554.9+2143,bll,
4339,J1555.2+7103,,
4340,J1555.2-4149,bcu,
4341,J1555.3+2903,,
4342,J1555.7-2908,MSP,
4343,J1555.7+1111,BLL,J1555.7+1111
4344,J1555.8-5551,,
4345,J1556.0-4713,unk,
4346,J1556.1+2812,bcu,
4347,J1556.4-6911,,
4348,J1556.5+1116,,
4349,J1556.6+1417,bcu,
4350,J1556.8-5242c,,
4351,J1557.2+3822,,
4352,J1557.5-7040,bll,J1557.4-7040
4353,J1557.5-5306c,,
4354,J1557.9-0001,fsrq,
4355,J1557.9-1404,fsrq,
4356,J1558.1+6239,bcu,
4357,J1558.8+5625,bll,J1558.9+5625
4358,J1558.9-5220c,spp,
4359,J1558.9-6432,bll,J1558.9-6432
4360,J1559.1+6736,bcu,
4361,J1559.7-4518,,
4362,J1559.8-0425,bcu,
4363,J1559.8-2525,bcu,J1559.8-2525
4364,J1559.9+2319,bll,J1559.9+2319
4365,J1600.0+8510,bcu,J1559.7+8512
4366,J1600.3-5811,bll,J1600.3-5810
4367,J1600.4+0407,,
4368,J1600.9-3054,MSP,J1600.8-3053
4369,J1601.3-5224,spp,
4370,J1602.0-4402,,
4371,J1602.0-0641,bcu,
4372,J1602.1+3324,bcu,
4373,J1602.2+2305,,J1601.9+2306
4374,J1602.2+3051,bll,
4375,J1602.9-1928,bcu,J1602.8-1924
4376,J1603.0-4808,,
4377,J1603.3-6010,,J1603.7-6011
4378,J1603.5+1552,bcu,
4379,J1603.5-7112,bcu,
4380,J1603.6-0451,,
4381,J1603.8+1104,bll,J1603.7+1106
4382,J1603.8+5009,bll,
4383,J1603.8-4903,bll,J1603.9-4903
4384,J1604.4-4927,,
4385,J1604.5-4441,bll,J1604.4-4442
4386,J1604.6+5714,fsrq,J1604.6+5714
4387,J1604.7+1734,bll,
4388,J1604.7-4518,,
4389,J1604.9-3414,bcu,
4390,J1605.1-1140,bll,
4391,J1605.1+4200,,
4392,J1605.5+5423,bll,
4393,J1605.8+7208,bcu,
4394,J1606.0+0011,rdg,
4395,J1606.2+1346,bll,
4396,J1606.2-4602,,
4397,J1606.3+5629,bll,J1606.1+5630
4398,J1606.4+1814,rdg,
4399,J1606.5+2717,fsrq,
4400,J1606.6+1324,bcu,
4401,J1606.8-0351,bcu,
4402,J1606.9+5919,bll,
4403,J1607.0+1550,bll,J1607.0+1551
4404,J1607.5-6058,unk,
4405,J1607.8+2541,bll,
4406,J1607.9-4050,,
4407,J1608.0+4949,bcu,
4408,J1608.0-1625,bcu,
4409,J1608.0-2038,bll,J1607.9-2040
4410,J1608.3+4012,fsrq,
4411,J1608.4+0055,,
4412,J1608.7+1029,fsrq,J1608.6+1029
4413,J1608.8-4803,,J1610.1-4808
4414,J1609.3-4326,,
4415,J1609.6-4837,,
4416,J1610.3-5154c,,
4417,J1610.3-3958,fsrq,J1610.6-3956
4418,J1610.6+2414,fsrq,
4419,J1610.7-6648,bll,J1610.8-6649
4420,J1611.1+2501,bcu,
4421,J1611.3-0930,bcu,
4422,J1611.6-6013,,
4423,J1611.9-5125c,,
4424,J1612.1+1407,,J1611.9+1404
4425,J1612.1-4526,,
4426,J1612.2+2828,bcu,
4427,J1612.4-3100,bll,J1612.4-3100
4428,J1612.4+0409,,
4429,J1612.4-0554,bll,
4430,J1612.4-4419,,
4431,J1613.0-5102,,
4432,J1613.1-3840,,
4433,J1613.3-1907,bcu,
4434,J1613.5-4225,bcu,J1613.4-4222
4435,J1613.6+3411,fsrq,J1613.8+3410
4436,J1614.1-5047,PSR,J1615.6-5049
4437,J1614.4+5028,bcu,
4438,J1614.5-2230,MSP,J1614.5-2231
4439,J1614.8-0850,bcu,
4440,J1615.3-6034,,
4441,J1615.3-5146e,SNR,J1615.3-5146e
4442,J1615.3-5136,PSR,J1615.2-5138
4443,J1615.3-1512,,
4444,J1615.5-5434,,
4445,J1615.6+2130,bcu,
4446,J1615.6+4712,fsrq,J1615.8+4712
4447,J1615.9-4322,,
4448,J1616.0-4501,,J1615.6-4450
4449,J1616.2-5054e,PWN,J1616.2-5054e
4450,J1616.5-3500,bcu,
4451,J1616.6-5341,,J1616.8-5343
4452,J1616.6-5009,,
4453,J1616.6+4630,fsrq,J1616.4+4631
4454,J1616.7+3327,bll,
4455,J1616.7+4107,bll,J1616.8+4111
4456,J1616.9-2257,glc,J1616.8-2300
4457,J1617.2-2535,bcu,J1617.3-2519
4458,J1617.3-1513,bcu,
4459,J1617.3-5849,fsrq,J1617.4-5846
4460,J1617.4-5812,,
4461,J1617.8-4418,,
4462,J1617.9-7718,fsrq,J1617.7-7717
4463,J1618.0+5139,fsrq,J1617.8+5137
4464,J1618.0-5119,,
4465,J1618.3-4537,,
4466,J1618.5-6504,,
4467,J1618.7-4633c,msp,J1619.0-4650
4468,J1618.8-0502,,
4469,J1618.8+0620,bll,
4470,J1618.9-3922,,
4471,J1619.0+7536,bcu,J1619.1+7538
4472,J1619.0-8346,bll,
4473,J1619.3-5047,,J1619.7-5040c
4474,J1619.4-5106c,,
4475,J1619.5-5014c,,J1619.0-5014c
4476,J1619.6+5536,bll,
4477,J1619.8-5144,,
4478,J1619.8-6314,unk,
4479,J1620.5-5729,,
4480,J1620.7-4927,PSR,J1620.8-4928
4481,J1620.8-4958c,,
4482,J1620.8-5035c,,
4483,J1620.9+0021,,
4484,J1620.9+4852,,
4485,J1621.0-2625,,
4486,J1621.3-0030,bll,
4487,J1621.4-4511,,
4488,J1621.7-1103,bcu,
4489,J1621.9+6706,,
4490,J1622.0-5157c,,
4491,J1622.2-7202,,
4492,J1622.2-1930c,,
4493,J1622.4-4249,,
4494,J1622.5-4726,,
4495,J1622.7-5104,,
4496,J1622.7-4934c,,
4497,J1622.8-4454,,
4498,J1622.9+4401,bll,
4499,J1623.0-5004,PSR,J1622.9-5004
4500,J1623.0-0315,MSP,J1622.9-0312
4501,J1623.0-4624,,
4502,J1623.4+0858,bcu,
4503,J1623.6+5743,fsrq,
4504,J1623.7-2315c,,
4505,J1623.9-6936,MSP,
4506,J1624.1-4042,PSR,J1624.2-4041
4507,J1624.1-4941c,,J1624.0-4941c
4508,J1624.1-4417,,
4509,J1624.3-3952,msp,J1624.2-3957
4510,J1624.6+5651,bll,J1625.0+5651
4511,J1624.9-4210,bcu,
4512,J1624.9-4538,,
4513,J1625.1-0020,MSP,J1625.1-0021
4514,J1625.2-3600,bcu,
4515,J1625.3-2338c,,J1623.5-2345c
4516,J1625.7-2527,fsrq,J1625.7-2527
4517,J1625.7+4134,fsrq,J1625.9+4125
4518,J1626.0+5436,bcu,
4519,J1626.0-4917c,,J1626.2-4911
4520,J1626.0-2950,FSRQ,J1626.0-2951
4521,J1626.1-5904,unk,
4522,J1626.1-0342,,
4523,J1626.3+3514,bll,J1626.1+3512
4524,J1626.4+1820,bcu,
4525,J1626.5-7435,bcu,
4526,J1626.5-4858c,,
4527,J1626.5-4406,,J1626.3-4406
4528,J1626.5+6257,,
4529,J1626.6-4251,,
4530,J1626.6-7639,bll,J1626.4-7640
4531,J1626.8+4337,fsrq,
4532,J1626.9-3651,,
4533,J1626.9-2431e,SFR,J1627.0-2425c
4534,J1627.0+1035,,
4535,J1627.3+3148,bll,
4536,J1627.3+4758,bcu,
4537,J1627.4-3301,bcu,
4538,J1627.6-3852,glc,
4539,J1627.7-5749,,
4540,J1627.7+3219,MSP,J1627.8+3217
4541,J1627.7+0251,bcu,J1628.1+0254
4542,J1628.0-4920,,
4543,J1628.1-3204,MSP,J1628.0-3203
4544,J1628.2+7518,,
4545,J1628.2+4642,,
4546,J1628.2-4848c,spp,J1628.9-4852
4547,J1628.3-4500,unk,
4548,J1628.3-3343,bcu,J1628.1-3344
4549,J1628.6-4553,,J1628.4-4546
4550,J1628.6+7706,bll,J1628.2+7703
4551,J1628.8+2529,rdg,
4552,J1628.8-6149,fsrq,J1629.6-6141
4553,J1629.3-4822c,,
4554,J1630.0-6121,,J1630.3-6126
4555,J1630.0-5605,,
4556,J1630.1-1049,,J1630.2-1052
4557,J1630.1-3546,,
4558,J1630.1+1836,,
4559,J1630.2-4347,unk,J1630.3-4346
4560,J1630.6+3734,MSP,J1630.3+3732
4561,J1630.6+8234,rdg,J1630.6+8232
4562,J1630.7+5221,bll,J1630.7+5222
4563,J1631.0-5302,bcu,
4564,J1631.2+4926,fsrq,
4565,J1631.2+1046,bcu,J1630.8+1047
4566,J1631.5+4219,bll,
4567,J1631.6-4756e,pwn,
4568,J1631.7-4826c,,J1632.4-4820
4569,J1631.7-2319c,,J1632.6-2328c
4570,J1631.8+4144,,
4571,J1631.8-2355c,,
4572,J1632.2+0854,bcu,
4573,J1632.4+5800,bcu,
4574,J1632.5+3839,,J1632.8+3838
4575,J1632.8-1048,bcu,
4576,J1633.0-4746e,spp,
4577,J1633.1-3924c,,
4578,J1633.4-5845,,
4579,J1633.5+2806,bcu,
4580,J1633.8+0701,bcu,
4581,J1634.0-4742c,,J1634.4-4743c
4582,J1634.1-4011,,
4583,J1634.6-4324,,
4584,J1634.7+0235,msp,
4585,J1634.9+1222,bcu,
4586,J1635.0-3039,,
4587,J1635.2+3808,FSRQ,J1635.2+3809
4588,J1635.3+0911,bcu,
4589,J1635.3-4159,,
4590,J1635.3+4258,,J1635.3+4257
4591,J1635.4-3249,,
4592,J1635.4-3453,,
4593,J1635.5+1234,,
4594,J1635.6+3500,bcu,
4595,J1635.6+3628,fsrq,
4596,J1636.0-4247,bin,
4597,J1636.3-4731e,SNR,
4598,J1636.3+7128,bcu,
4599,J1636.5-0454,bcu,
4600,J1636.7+2627,bll,J1636.7+2624
4601,J1636.9-4103,bcu,
4602,J1636.9-4710c,,J1636.2-4709c
4603,J1637.1+1316,bll,J1637.1+1314
4604,J1637.2+4327,bll,
4605,J1637.3-6325,,
4606,J1637.5+3005,,
4607,J1637.6+4548,bll,
4608,J1637.7+4717,fsrq,J1637.7+4715
4609,J1637.7+7326,bll,J1637.8+7325
4610,J1637.8-3449,bll,J1637.6-3449
4611,J1637.9-3851,,
4612,J1638.0+0042,bcu,
4613,J1638.1+5721,fsrq,J1637.9+5719
4614,J1638.1-4641c,,
4615,J1638.4-4715c,,
4616,J1638.5-4657c,spp,J1638.6-4654
4617,J1639.0-2727,,
4618,J1639.1-5232,,
4619,J1639.2-5638,,
4620,J1639.2-0946,,
4621,J1639.2+4129,fsrq,J1639.8+4125
4622,J1639.3-5146,,J1639.4-5146
4623,J1639.8-4642c,,
4624,J1640.1+2222,MSP,
4625,J1640.2+0629,bll,
4626,J1640.3-4917,,J1640.6-4917
4627,J1640.3+6850,bcu,
4628,J1640.4+3945,FSRQ,J1640.6+3945
4629,J1640.5-2408c,,
4630,J1640.7-4631e,spp,J1640.5-4633
4631,J1640.9-5853,,
4632,J1640.9+1143,bll,J1640.9+1142
4633,J1641.0-4619,spp,J1641.1-4619c
4634,J1641.2+8049,MSP,J1642.4+8045
4635,J1641.2-5317,PSR,J1641.5-5319
4636,J1641.3-5945,unk,
4637,J1641.3-2908,,
4638,J1641.4-4803c,,
4639,J1641.5+2017,,
4640,J1641.6+3622,glc,
4641,J1641.9-0621,bll,J1641.8-0619
4642,J1642.1-5128,,
4643,J1642.1-5428e,spp,
4644,J1642.3-8108,bll,
4645,J1642.4+2211,bll,
4646,J1642.4+6855,fsrq,
4647,J1642.9+3948,FSRQ,J1642.9+3950
4648,J1643.0+3223,bll,
4649,J1643.0-7714,bll,
4650,J1643.1+1436,,
4651,J1643.3-3148,,
4652,J1643.5-0646,bll,J1643.5-0641
4653,J1643.7+3317,bcu,
4654,J1644.1-3055,,
4655,J1644.1-5009,,J1643.6-5002
4656,J1644.2+4546,bll,
4657,J1644.5-4602c,bcu,
4658,J1644.8+1850,,
4659,J1644.8-2154c,bcu,J1645.7-2148c
4660,J1644.9+2620,NLSY1,J1644.4+2632
4661,J1644.9-4921,,
4662,J1645.0+1654,,
4663,J1645.1-3323,unk,
4664,J1645.1-4123c,,
4665,J1645.2-5218,,
4666,J1645.4-5514,,
4667,J1645.6+6329,fsrq,J1645.9+6336
4668,J1645.8-4533c,unk,
4669,J1646.0-0942,bcu,
4670,J1646.5-4406,,
4671,J1646.6+7422,bcu,
4672,J1646.7-2154,,
4673,J1646.7-1330,bcu,J1646.9-1332
4674,J1647.0+6040,bcu,
4675,J1647.1+6149,bll,
4676,J1647.1-5418,,J1645.9-5420
4677,J1647.2-0154,glc,
4678,J1647.4-6438,bll,J1647.1-6438
4679,J1647.5-5724,,
4680,J1647.5+2911,bll,
4681,J1647.5+4950,bll,J1647.4+4950
4682,J1647.5-5319,,
4683,J1647.6-1210,bcu,
4684,J1648.0+2221,bcu,
4685,J1648.1-1547,,
4686,J1648.1-2920,bcu,
4687,J1648.2+4232,bcu,J1648.0+4230
4688,J1648.4-4611,PSR,J1648.3-4611
4689,J1648.4-4824,,J1648.5-4829
4690,J1648.4-4554,,
4691,J1648.7+4834,,
4692,J1649.1-1359c,,
4693,J1649.2-4513c,,J1649.3-4501c
4694,J1649.3-4441,,J1650.0-4438c
4695,J1649.3+8252,bcu,
4696,J1649.4+5235,bll,J1649.4+5238
4697,J1649.6+0411,bcu,J1650.0+0356
4698,J1649.8-3010,MSP,J1649.6-3007
4699,J1650.3-5045,bll,J1650.2-5044
4700,J1650.3-4600,PSR,J1650.3-4600
4701,J1650.7+0831,fsrq,J1650.8+0830
4702,J1650.9+0429,bcu,
4703,J1650.9-4420c,,
4704,J1651.0-1523,bcu,
4705,J1651.1-5848,,
4706,J1651.4-4442c,,J1651.8-4439c
4707,J1651.6+7219,bll,J1651.6+7219
4708,J1651.7-7241,,
4709,J1651.7-4359,,
4710,J1652.2-4633e,,
4711,J1652.2-4516,,
4712,J1652.3+4526,,
4713,J1652.7+4024,bll,
4714,J1653.0+3640,,
4715,J1653.2-4349,,J1652.8-4351
4716,J1653.6-0158,MSP,J1653.6-0158
4717,J1653.8+3945,BLL,J1653.9+3945
4718,J1654.0-3509,bcu,
4719,J1654.2-4907c,,J1654.3-4907
4720,J1654.2-3136,,
4721,J1654.5-5509,,
4722,J1654.7-3639,,
4723,J1655.1-2239,bcu,
4724,J1655.5-4737e,,
4725,J1655.6+0317,,
4726,J1655.7-2411,,
4727,J1655.9-3940,,
4728,J1655.9+3248,bll,
4729,J1655.9-3101,,
4730,J1656.0+2047,bcu,J1656.0+2044
4731,J1656.1-4706c,,J1655.7-4712
4732,J1656.3-3301,fsrq,J1656.2-3303
4733,J1656.4-0410,,
4734,J1656.5-2733,,
4735,J1656.9-4814,,
4736,J1656.9-2010,bll,J1656.8-2010
4737,J1656.9-5717,,
4738,J1657.0+6010,fsrq,J1656.9+6008
4739,J1657.2-4020c,unk,
4740,J1657.3-6232,,
4741,J1657.4-3917c,,J1656.9-3919c
4742,J1657.7-6120,bcu,
4743,J1657.7-4656c,,J1657.6-4653
4744,J1657.7+4808,fsrq,J1657.7+4807
4745,J1657.7+0738,fsrq,
4746,J1657.7-4520,,
4747,J1658.3-4637c,,
4748,J1658.4+6150,bll,J1658.3+6149
4749,J1658.5-5034,,
4750,J1658.5+4315,,
4751,J1658.6-5323,MSP,J1658.4-5323
4752,J1659.0-0140,,J1659.0-0142
4753,J1659.0+2627,fsrq,J1659.4+2631
4754,J1659.2-1443,,
4755,J1659.6+4918,,
4756,J1659.7-3131,bcu,J1659.7-3132
4757,J1700.0-0122,,
4758,J1700.0+6830,fsrq,J1700.1+6829
4759,J1700.1-4013c,unk,J1700.4-4019c
4760,J1700.2-4237c,,
4761,J1700.3-4557,,
4762,J1700.4-2746,,
4763,J1700.8-5218,,J1701.3-5216
4764,J1700.8-7304,,
4765,J1701.0-2617,unk,
4766,J1701.0+6613,bcu,
4767,J1701.2-3006,glc,J1701.2-3006
4768,J1701.3+3956,bll,
4769,J1701.3-4924,,J1701.1-4930
4770,J1701.7-5621,bcu,
4771,J1701.8-2226,,
4772,J1701.9-4625,,J1702.1-4623
4773,J1702.0-3721,,
4774,J1702.2+2642,bll,
4775,J1702.3-2525,,J1702.1-2524
4776,J1702.5-4803,,
4777,J1702.6+3114,bll,J1702.6+3116
4778,J1702.7-5655,bin,J1702.8-5656
4779,J1702.9-4131,PSR,
4780,J1703.6-6213,fsrq,J1703.6-6211
4781,J1703.6-2850,,J1703.6-2850
4782,J1704.0-4226c,,
4783,J1704.1-4140,spp,
4784,J1704.1+7647,bcu,J1704.0+7646
4785,J1704.2+1234,bll,J1704.1+1234
4786,J1704.3-0754,,
4787,J1704.4-4540c,,
4788,J1704.5-0527,bll,J1704.4-0528
4789,J1704.8-4030,,
4790,J1704.9-4303,,
4791,J1705.0+7134,bll,J1705.5+7134
4792,J1705.1-4748,,
4793,J1705.2-3850,,
4794,J1705.3-6946,bcu,
4795,J1705.4+5436,bll,
4796,J1705.4-4850,,
4797,J1705.5+5632,,
4798,J1705.5+2907,,
4799,J1705.5-7423,bll,
4800,J1705.6-1909,PSR,
4801,J1705.8+2226,,
4802,J1706.1+1000,bcu,J1705.5+0948
4803,J1706.2-4950,,
4804,J1706.2-4113c,,
4805,J1706.4+6428,,
4806,J1706.4-4609,,
4807,J1706.4-4649c,,
4808,J1706.5-4023c,,
4809,J1706.7-5525,,
4810,J1706.8-4540,,
4811,J1706.8+1319,,
4812,J1706.8+3004,bll,
4813,J1706.9+4543,fsrq,
4814,J1707.1-1931,bll,
4815,J1707.5-3657,unk,
4816,J1707.5+1649,fsrq,
4817,J1707.6-5351,,
4818,J1707.9+0016,bcu,
4819,J1708.2+5519,,
4820,J1708.3-4127c,,
4821,J1708.6-4312,unk,
4822,J1708.6-1246,,
4823,J1708.8-0923,,J1709.4-0917
4824,J1709.0-3525,bcu,
4825,J1709.2-0437,,
4826,J1709.4-2127,,
4827,J1709.4-4339c,,
4828,J1709.4-0328,,J1709.5-0335
4829,J1709.7-4429,PSR,J1709.7-4429
4830,J1709.7+4318,fsrq,J1709.6+4318
4831,J1709.9-0900,,
4832,J1710.0+4629,,J1709.9+4624
4833,J1710.1-2030,bcu,J1709.8-2026
4834,J1710.1-4541,,
4835,J1710.3-3039,,
4836,J1710.3-3943,bcu,
4837,J1710.8+1135,,
4838,J1710.9-5247,unk,
4839,J1711.0-3002,,
4840,J1711.1+0242,bcu,
4841,J1711.1-4600c,bcu,
4842,J1711.4-2526,,
4843,J1711.6-5027,bcu,J1711.5-5029
4844,J1711.6-3407,unk,
4845,J1711.9-1922,,
4846,J1711.9-4056c,,
4847,J1712.5-4642,spp,
4848,J1712.5-3142,bcu,
4849,J1712.7+2932,bll,J1712.6+2932
4850,J1712.9-4105,,
4851,J1713.0-0521,,
4852,J1713.0-4236c,,
4853,J1713.2-3417,bcu,
4854,J1713.5-3945e,SNR,J1713.5-3945e
4855,J1713.6-4902,,
4856,J1713.7+8844,bcu,J1711.6+8846
4857,J1713.8+0747,MSP,J1714.0+0748
4858,J1714.0-2029,bcu,J1714.1-2029
4859,J1714.1-3811,snr,
4860,J1714.2-2928,glc,
4861,J1714.3-4320c,,
4862,J1714.4-3830,PSR,J1714.5-3829
4863,J1714.6+3228,,
4864,J1714.8-1421,,
4865,J1714.8-3849,,
4866,J1714.9-3324,,J1714.6-3327
4867,J1714.9-5230,,
4868,J1715.0+2616,bcu,
4869,J1715.3-3832,unk,
4870,J1715.4-4025,bcu,J1715.4-4028
4871,J1715.5-0836,,
4872,J1715.7-4239,,
4873,J1715.8-4549,spp,
4874,J1715.8+2151,fsrq,
4875,J1716.1+6836,fsrq,J1715.7+6837
4876,J1716.1+2309,,
4877,J1716.1-4342c,,
4878,J1716.3-3421,bcu,
4879,J1716.3+3434,msp,
4880,J1716.5-5631,,
4881,J1716.6-6707,bcu,
4882,J1716.7-2808,glc,J1716.6-2812
4883,J1716.8+4310,glc,
4884,J1716.9-4152,,
4885,J1717.0-3218,,
4886,J1717.3-6045,bcu,
4887,J1717.5-5804,,J1717.6-5802
4888,J1717.5-8114,bll,J1716.7-8112
4889,J1717.5-4022,,
4890,J1717.5-3342,bll,J1717.8-3342
4891,J1717.6-4404,,J1717.6-4404
4892,J1717.6-5154,fsrq,J1717.4-5157
4893,J1717.8+1955,,
4894,J1717.8+3925,,
4895,J1717.8-3906,,
4896,J1718.0-3726,snr,J1718.0-3726
4897,J1718.0-3055,bcu,J1718.1-3056
4898,J1718.2-3825,PSR,J1718.1-3825
4899,J1718.3-3001,unk,
4900,J1718.3-4445,spp,
4901,J1718.5-4122,,
4902,J1718.5+4237,,
4903,J1718.6-5821,,
4904,J1718.6-0210,,
4905,J1719.0-4038,,
4906,J1719.0-4221,,
4907,J1719.1-5348,,
4908,J1719.2+1745,bll,J1719.2+1744
4909,J1719.2-2943,spp,
4910,J1719.3-3424,,
4911,J1719.3+1205,bcu,J1719.3+1206
4912,J1719.4-2916,,
4913,J1719.4-4242,,
4914,J1719.5-3858c,unk,
4915,J1719.6-4320,,
4916,J1719.7-4500,spp,
4917,J1720.0-3117c,hmb,
4918,J1720.0-5101,bcu,
4919,J1720.1-4358,,
4920,J1720.2-4757,spp,
4921,J1720.2+3824,bcu,
4922,J1720.6-2442,,
4923,J1720.6-2653c,,
4924,J1720.6-3706,unk,J1720.7-3707c
4925,J1720.6-5144,unk,
4926,J1720.6+0708,,J1720.7+0711
4927,J1720.7-4629,spp,
4928,J1720.8-1937,psr,
4929,J1721.3-5257,,J1721.4-5253
4930,J1721.4+2529,,
4931,J1721.4+1131,,
4932,J1721.7-4709,spp,
4933,J1721.7-3917,,J1721.8-3919
4934,J1722.1-4007,,
4935,J1722.1-3205,,
4936,J1722.3-4056,,
4937,J1722.6-4529,spp,J1722.9-4529
4938,J1722.6+6104,fsrq,J1722.7+6104
4939,J1722.6-3135,,
4940,J1722.7-3258c,,
4941,J1722.7+1014,fsrq,J1722.7+1014
4942,J1722.8-0418,,J1722.7-0415
4943,J1722.9-4427,spp,
4944,J1723.0+2625,,
4945,J1723.1-2859,,
4946,J1723.5-0501e,,
4947,J1723.5-3342c,,
4948,J1723.6-4126,,
4949,J1723.6-7714,bcu,J1723.7-7713
4950,J1723.7+3600,,
4951,J1724.1+3304,fsrq,
4952,J1724.2+4005,fsrq,J1723.9+4004
4953,J1724.2-6501,rdg,
4954,J1724.5-3008,,
4955,J1724.7-3737,,
4956,J1724.8-7854,,
4957,J1724.9+7654,fsrq,
4958,J1725.0+1152,bll,J1725.0+1152
4959,J1725.1-3408,unk,
4960,J1725.1-1924,,
4961,J1725.4+5254,bcu,
4962,J1725.5+0840,,
4963,J1725.5+5851,bll,J1725.3+5853
4964,J1726.0-2843,spp,J1725.5-2832
4965,J1726.2-2903,,
4966,J1726.2-3207,,
4967,J1726.6-3524c,unk,J1726.6-3530c
4968,J1726.7-3930,,
4969,J1726.8-2659,,
4970,J1727.0-3835,spp,
4971,J1727.1+5955,,
4972,J1727.2+0644,bcu,J1727.4+0634
4973,J1727.4+4530,fsrq,J1727.1+4531
4974,J1727.4+0326,,
4975,J1727.6-2304,,J1727.8-2308
4976,J1727.6-3050,glc,
4977,J1727.6-0849,,J1729.9-0859
4978,J1727.7-3621,,
4979,J1727.7-4041,,
4980,J1727.9-0654,bcu,J1727.6-0654
4981,J1728.0-3550,,
4982,J1728.0-4606,spp,J1728.0-4606
4983,J1728.0+1216,fsrq,J1728.0+1217
4984,J1728.1-1610,msp,
4985,J1728.3+5013,bll,J1728.3+5013
4986,J1728.4+0427,fsrq,J1728.5+0428
4987,J1728.5-7303,bcu,
4988,J1728.6-7448,bcu,
4989,J1728.8-5131,,
4990,J1728.9-7930,,
4991,J1729.0+6103,,
4992,J1729.1-3503,,
4993,J1729.2-3641c,unk,J1729.1-3641c
4994,J1729.2-2509,,
4995,J1729.3+6931,,
4996,J1729.4-2831,,J1729.5-2824
4997,J1729.4-2646,,
4998,J1729.5-3625c,,
4999,J1729.7-4242,,
5000,J1729.9-4148,,J1729.8-4148
5001,J1729.9-2952,,
5002,J1729.9-2403,unk,J1729.7-2408
5003,J1730.1-4343,,
5004,J1730.1-3422,unk,
5005,J1730.3-2913,,
5006,J1730.4-0359,,J1730.6-0357
5007,J1730.4-2131,snr,
5008,J1730.5+6018,,
5009,J1730.5-3352,PSR,J1730.5-3350
5010,J1730.5-3543c,,
5011,J1730.6+0024,fsrq,J1730.5+0023
5012,J1730.6+3805,bcu,
5013,J1730.8+3715,bll,J1730.6+3711
5014,J1730.8-2303,MSP,
5015,J1730.8-3806,,
5016,J1730.8-1123,,
5017,J1731.2-3234,spp,J1731.6-3234c
5018,J1731.4-2932,,
5019,J1731.6-2904,,
5020,J1731.6-3002,bll,J1731.8-3001
5021,J1731.6+0630,,
5022,J1731.7-1850,msp,
5023,J1731.7-4744,PSR,
5024,J1731.7-3445,spp,
5025,J1731.9-2719,bcu,
5026,J1731.9-2800,,
5027,J1732.0-2659,,J1731.9-2703c
5028,J1732.2-4313,,
5029,J1732.5-3131,PSR,J1732.5-3130
5030,J1732.7-5050,MSP,J1732.5-5048
5031,J1732.7-2559,,
5032,J1732.8-3725,unk,
5033,J1733.0-1305,FSRQ,J1733.0-1305
5034,J1733.0-2837,,
5035,J1733.2-2915,,J1733.2-2913c
5036,J1733.4+1521,bcu,
5037,J1733.4+2235,,
5038,J1733.4-3943,bcu,J1733.5-3941
5039,J1733.4+4517,bll,
5040,J1733.4+5428,bll,J1731.9+5428
5041,J1733.5-2950,,
5042,J1733.6-2431,,
5043,J1733.6-6054,bcu,J1733.8-6056
5044,J1733.7-4734,snr,
5045,J1733.9-2220,,
5046,J1734.0+0805,bcu,
5047,J1734.0-2933,,
5048,J1734.3+3858,fsrq,J1734.3+3858
5049,J1734.5-2818,,
5050,J1734.6-3548,,
5051,J1734.6-2912,,
5052,J1735.0-0132,bcu,
5053,J1735.1-3708,,
5054,J1735.2-1640,,
5055,J1735.2-2153,,
5056,J1735.2-4200,,
5057,J1735.3-0717,,
5058,J1735.4-1118,bcu,J1735.4-1118
5059,J1735.4-2944,,
5060,J1735.7-3026,glc,
5061,J1735.8-5932,bcu,
5062,J1735.9-3342,spp,
5063,J1736.0+2033,bll,J1736.0+2033
5064,J1736.1-3422,PSR,
5065,J1736.1-2628,unk,
5066,J1736.2-4443,glc,J1736.2-4444
5067,J1736.3-2929,,
5068,J1736.4-4052,unk,
5069,J1736.6-1954,,
5070,J1736.6+0628,fsrq,J1736.4+0634
5071,J1736.9-3357,bcu,
5072,J1736.9-3525,unk,
5073,J1737.1-2901,,
5074,J1737.2-2808,,
5075,J1737.2-2421,,
5076,J1737.3-5300,,
5077,J1737.3-3332,,
5078,J1737.5-0313,glc,
5079,J1737.5-4306,,
5080,J1737.6-1503,bcu,
5081,J1737.6-2350,,
5082,J1738.0+8717,bcu,J1739.0+8716
5083,J1738.0+0236,bcu,
5084,J1738.1-2453,,
5085,J1738.2+4000,bcu,
5086,J1738.2-2510,,J1737.9-2511
5087,J1738.3+3228,fsrq,
5088,J1738.6-3627,,
5089,J1738.8-3241,,
5090,J1738.8+3822,bcu,
5091,J1738.8-3418,bcu,
5092,J1739.1-1059,,
5093,J1739.1-3446,,
5094,J1739.2-2717,,J1739.6-2726
5095,J1739.2-2732,,J1739.6-2726
5096,J1739.3-2531,,
5097,J1739.4-3015,PSR,
5098,J1739.5-2929,,
5099,J1739.5-3043,spp,
5100,J1739.5+4955,fsrq,J1739.4+4955
5101,J1739.6-3155,spp,
5102,J1739.7-2836,,
5103,J1740.0+4737,fsrq,J1740.3+4736
5104,J1740.1-1928,,
5105,J1740.3-3058c,snr,J1740.4-3054c
5106,J1740.4-2850,,
5107,J1740.5+5211,fsrq,J1740.3+5211
5108,J1740.5-2554,,
5109,J1740.5+1005,PSR,
5110,J1740.6-3430,,
5111,J1740.6+5346,bll,J1740.4+5347
5112,J1740.6-2808,,
5113,J1740.7-6750,,J1740.8-6755
5114,J1740.7-2640,,J1740.5-2642
5115,J1740.8-1832,,
5116,J1741.1+7226,bll,
5117,J1741.1-1617,,
5118,J1741.1-5341,glc,
5119,J1741.1-3328,,
5120,J1741.2+5739,bll,
5121,J1741.3-3357,,
5122,J1741.4+1354,MSP,J1741.5+1351
5123,J1741.4-3046c,unk,J1741.1-3053
5124,J1741.5-3119,bcu,
5125,J1741.5-2344,,
5126,J1741.6-3917e,,
5127,J1741.6-2730,,
5128,J1741.8-2537,bcu,J1741.9-2539
5129,J1741.9-2054,PSR,J1741.9-2054
5130,J1741.9+2555,bll,
5131,J1742.0-3020,,
5132,J1742.2-1229,,
5133,J1742.3-3318,PSR,J1742.5-3323
5134,J1742.4-1518,bcu,
5135,J1742.5+5944,bll,J1742.2+5947
5136,J1742.5-2833,,
5137,J1742.8-2246,,
5138,J1743.0-3201,,
5139,J1743.1-3049c,,
5140,J1743.2-1404,,
5141,J1743.4-3123,,
5142,J1743.4-3406,,
5143,J1743.4-2406,,
5144,J1743.5-2616,,
5145,J1743.6-3341,,
5146,J1743.7-4321,,
5147,J1743.8-3143,,
5148,J1743.9-3539,,
5149,J1743.9-1824,bcu,
5150,J1743.9+3747,fsrq,
5151,J1744.0-7618,MSP,J1744.1-7619
5152,J1744.0-2504,,J1744.5-2506
5153,J1744.0+1935,bll,J1743.9+1934
5154,J1744.0-1311,,J1743.9-1310
5155,J1744.1+4635,bcu,
5156,J1744.2-0353,fsrq,J1744.3-0353
5157,J1744.4+1851,bll,
5158,J1744.4-1135,MSP,J1744.5-1133
5159,J1744.5-2612,unk,
5160,J1744.6-5713,bll,
5161,J1744.7-1557,,J1744.8-1557
5162,J1744.8+5540,rdg,
5163,J1744.9-3322,,
5164,J1744.9-1727,bcu,J1744.9-1725
5165,J1744.9-2153,,
5166,J1744.9-2905,unk,
5167,J1745.0-1953,unk,
5168,J1745.1+4731,bcu,J1745.4+4721
5169,J1745.1+4102,bcu,
5170,J1745.3-3502,,
5171,J1745.3+2338,,J1746.0+2316
5172,J1745.4-0753,bll,J1745.4-0754
5173,J1745.5-2249,,J1744.7-2252
5174,J1745.5+1017,MSP,J1745.5+1017
5175,J1745.6-3626,,
5176,J1745.6-2859,GC,J1745.6-2859c
5177,J1745.6+3950,bll,J1745.7+3952
5178,J1745.6-3145,,
5179,J1745.7-3254,,
5180,J1745.7-2506,unk,
5181,J1745.8-3028e,,J1745.5-3028c
5182,J1746.0-2349,,
5183,J1746.1-2541,,
5184,J1746.2-3342c,spp,
5185,J1746.4-2852,pwn,J1746.3-2851c
5186,J1746.4-3541,,
5187,J1746.5-2019,,
5188,J1746.8-5235,bcu,
5189,J1746.8-3239,PSR,J1746.8-3240
5190,J1747.0-3505,,J1747.0-3506
5191,J1747.1-5453,bcu,
5192,J1747.2+4937,bll,
5193,J1747.2-2957,PSR,J1747.2-2958
5194,J1747.4+2330,fsrq,J1746.0+2316
5195,J1747.4+2759,bcu,
5196,J1747.6-5308,bcu,
5197,J1747.6+0324,,J1747.3+0324
5198,J1747.6-4211,bcu,
5199,J1747.7-2141,,
5200,J1747.7-4037,MSP,J1747.6-4037
5201,J1747.8-0316,,
5202,J1747.8-3006,,
5203,J1747.8-1827,,
5204,J1747.9-3224,,
5205,J1747.9+4704,bll,
5206,J1748.0+3403,fsrq,J1748.0+3405
5207,J1748.0-2446,glc,J1748.0-2447
5208,J1748.1+2702,bcu,J1748.0+2701
5209,J1748.2-1942,,
5210,J1748.3-2906,,
5211,J1748.4+1601,,
5212,J1748.4+7059,,
5213,J1748.5-0854,bcu,
5214,J1748.5-1648,,
5215,J1748.6+7005,bll,J1748.6+7005
5216,J1748.8-3915,,J1748.5-3912
5217,J1748.9-2021,glc,J1748.9-2021
5218,J1749.0-2327,bcu,
5219,J1749.0+4321,bll,J1749.1+4322
5220,J1749.0-2119,,
5221,J1749.5-2747,snr,
5222,J1749.6-3143c,,J1749.7-3134c
5223,J1749.6+4716,,
5224,J1749.8-0303,,J1749.7-0305
5225,J1750.0-3347,,
5226,J1750.2+4704,bll,
5227,J1750.2-3846c,,
5228,J1750.3-3702,glc,J1750.2-3704
5229,J1750.3-0644,NOV,
5230,J1750.4-1721,,
5231,J1750.4-3023,unk,
5232,J1750.6-1906,,
5233,J1750.8-4405,,
5234,J1750.8-3106,unk,
5235,J1750.8-1246,,
5236,J1750.9-3301,,
5237,J1750.9-2655c,,
5238,J1751.1-3455,,
5239,J1751.1+0109,,
5240,J1751.5+0938,bll,J1751.5+0939
5241,J1751.6+2921,bcu,
5242,J1751.6-1750,bcu,
5243,J1751.6-3002,,
5244,J1752.0+3606,,
5245,J1752.1+4531,bcu,
5246,J1752.2-1731,,
5247,J1752.3-2914,,
5248,J1752.3-3139,,
5249,J1752.4-0758,,
5250,J1752.6-1010,bcu,
5251,J1752.7-3810,,
5252,J1752.7-3040,,
5253,J1752.8-4449,,
5254,J1753.2-2848,unk,
5255,J1753.3-3325,bcu,J1754.0-3321
5256,J1753.4-5913,bcu,
5257,J1753.6-5014,bcu,J1753.5-5010
5258,J1753.7+2847,fsrq,
5259,J1753.8-2538,,
5260,J1753.9+2443,,
5261,J1754.1-4333,,
5262,J1754.2+3212,bll,J1754.1+3212
5263,J1754.3-4443,,J1753.8-4446
5264,J1754.3-2915,,
5265,J1754.3-3236,,
5266,J1754.4-2649,unk,
5267,J1754.5-6425,bll,J1754.3-6424
5268,J1754.6-2933,,J1754.1-2930
5269,J1754.7+3444,bcu,
5270,J1754.8-3200,,
5271,J1755.0+0010,,
5272,J1755.3-3937,,
5273,J1755.4-2552,snr,
5274,J1755.5-3734,,
5275,J1755.6-2050,,
5276,J1755.7-3259,,
5277,J1755.9-4009,,
5278,J1755.9+0953,,
5279,J1756.1-2516,unk,
5280,J1756.3+5522,bll,J1756.3+5523
5281,J1756.3+0236,,
5282,J1756.6-2352,spp,
5283,J1756.6+1553,fsrq,
5284,J1756.9+1531,bcu,J1757.1+1533
5285,J1757.0+7032,bll,J1756.9+7032
5286,J1757.1-1926,,
5287,J1757.1-3554,,
5288,J1757.1-2848c,,
5289,J1757.4-3125,,J1757.8-3126
5290,J1757.6-2731,,
5291,J1757.6-2539,,
5292,J1757.7-2337,spp,
5293,J1757.7-6032,MSP,J1757.7-6030
5294,J1757.8-1802,,
5295,J1757.9-2419,PSR,
5296,J1758.0-2953,,
5297,J1758.0-0725,,
5298,J1758.2+6532,bcu,J1757.4+6536
5299,J1758.3+1429,bcu,
5300,J1758.3-1920,,
5301,J1758.3-3028,bcu,
5302,J1758.5-3219,,
5303,J1758.6-2404,unk,J1758.8-2402
5304,J1758.7-1621,bcu,
5305,J1758.7-4109,,J1758.8-4108
5306,J1758.8-1654,,
5307,J1758.8-2326,,
5308,J1759.0-0107,,
5309,J1759.0-3922,,
5310,J1759.1-2347c,unk,J1758.8-2346
5311,J1759.1-4822,bcu,J1759.1-4822
5312,J1759.1-3849,bcu,J1759.2-3848
5313,J1759.2-0243,,
5314,J1759.4-3103,,
5315,J1759.5-2312,unk,
5316,J1759.6-1850,,
5317,J1759.7-2141,unk,J1759.6-2141
5318,J1759.7-2354,,
5319,J1759.8-1250,,
5320,J1800.1+2812,bcu,
5321,J1800.1-2417c,,
5322,J1800.1+7037,bll,
5323,J1800.1-0323,,
5324,J1800.2-2952,,J1800.0-2955
5325,J1800.2-2403c,,J1800.5-2359c
5326,J1800.3-5237,,
5327,J1800.5-2910,,
5328,J1800.6+7828,bll,J1800.5+7827
5329,J1800.7-2355,unk,J1800.5-2359c
5330,J1800.9-2407,,
5331,J1801.0-3402,,
5332,J1801.0-2802,,
5333,J1801.1-3740,,
5334,J1801.1-2626,,
5335,J1801.2-2450,PSR,
5336,J1801.3+0554,,
5337,J1801.3-2326e,SNR,J1801.3-2326e
5338,J1801.4-4307,,
5339,J1801.5+4404,fsrq,J1801.5+4403
5340,J1801.5+2123,bcu,
5341,J1801.6-1418,msp,
5342,J1801.6-2326,,J1801.6-2327
5343,J1801.8-2358,,
5344,J1801.8+2951,bcu,
5345,J1802.1-2652,,
5346,J1802.4+3634,,
5347,J1802.4-3041,,J1802.4-3043
5348,J1802.6-3940,fsrq,J1802.6-3940
5349,J1802.8-4719,msp,
5350,J1803.1-2724,,J1803.1-2728
5351,J1803.1-2148,PSR,J1803.1-2147
5352,J1803.1-6708,MSP,J1803.3-6706
5353,J1803.2+1402,msp,
5354,J1803.3+2425,,
5355,J1803.4-6510,fsrq,
5356,J1803.5+2756,bcu,
5357,J1803.5-4739,,
5358,J1803.5-1639,,
5359,J1803.7-3207,,
5360,J1803.8-2908,,
5361,J1803.9+0342,fsrq,J1804.1+0341
5362,J1804.0-1124,,
5363,J1804.4-0852,,J1804.5-0850
5364,J1804.4+5249,bcu,
5365,J1804.7-2144e,SPP,J1805.3-2138
5366,J1804.9-1745,,
5367,J1804.9-3001,,
5368,J1805.1-3049,,
5369,J1805.1-3618,,
5370,J1805.3-2734,,
5371,J1805.6-2136e,SNR,J1805.6-2136e
5372,J1805.6+0615,MSP,J1805.9+0614
5373,J1805.7+3401,,J1805.9+3407
5374,J1805.8-0803,unk,
5375,J1805.9-1549,,
5376,J1806.1-3344,,
5377,J1806.2-1347,,
5378,J1806.2-2126,unk,
5379,J1806.2+6143,bcu,
5380,J1806.3+5345,bcu,J1806.8+5346
5381,J1806.8+6949,bll,J1806.7+6949
5382,J1806.9-2455c,unk,J1806.7-2451
5383,J1806.9-2824,,
5384,J1806.9-8038,bcu,
5385,J1807.1+2822,msp,
5386,J1807.2+6429,bll,J1807.8+6427
5387,J1807.8-4340,glc,J1807.5-4343
5388,J1807.9-6412,fsrq,
5389,J1807.9+4650,bll,J1808.0+4652
5390,J1808.1-5013,fsrq,J1807.8-5011
5391,J1808.1-1234,,
5392,J1808.2-2028e,,
5393,J1808.2-1055,,
5394,J1808.2+3500,bll,
5395,J1808.2-3005,,
5396,J1808.4-3358,,J1808.3-3357
5397,J1808.4-4521,,
5398,J1808.4-3522,,J1808.4-3519
5399,J1808.5-3701,psr,J1808.4-3703
5400,J1808.6-0110c,,
5401,J1808.8-1949c,glc,J1808.5-1952
5402,J1808.8+2419,bcu,
5403,J1808.8+3522,bll,J1809.0+3517
5404,J1808.9-2607,,
5405,J1809.0+5908,,
5406,J1809.0-2853,,
5407,J1809.2-2726,,J1809.2-2725
5408,J1809.3+2042,bll,J1809.4+2040
5409,J1809.5-0816,,
5410,J1809.6-2443,bcu,
5411,J1809.7+2910,bll,J1809.7+2909
5412,J1809.8-2408c,,
5413,J1809.8-2332,PSR,J1809.8-2332
5414,J1809.9-2813,,
5415,J1810.0-4550,bcu,
5416,J1810.1+2156,,
5417,J1810.1-1137,,
5418,J1810.2-3054,,
5419,J1810.3-1925e,SPP,
5420,J1810.3+1332,,
5421,J1810.4+1700,,
5422,J1810.5-1415,,
5423,J1810.5+1744,MSP,J1810.5+1743
5424,J1810.6-0945,,
5425,J1810.7+5335,bll,J1810.7+5335
5426,J1810.8-3347,,
5427,J1811.0+1608,bll,J1810.8+1609
5428,J1811.0-2725,,
5429,J1811.2-2759,bcu,
5430,J1811.3+0340,bll,J1811.2+0340
5431,J1811.3-2403,MSP,
5432,J1811.5-1925,psr,J1811.3-1927c
5433,J1811.5-1844,spp,
5434,J1811.7-1442,,
5435,J1811.9-2336,,
5436,J1812.2-0856,,
5437,J1812.4-4417,,
5438,J1812.4+4441,,
5439,J1812.8-3144,,
5440,J1812.9+4249,bcu,
5441,J1812.9-2713,,
5442,J1813.0-0049c,,
5443,J1813.1-1737e,spp,
5444,J1813.1-1611,,
5445,J1813.2-1128,,
5446,J1813.4-1246,PSR,J1813.4-1246
5447,J1813.5+3144,bll,J1813.6+3143
5448,J1813.5+2819,,J1813.6+2820
5449,J1813.6+0614,bll,J1813.6+0614
5450,J1813.7-1536,unk,
5451,J1813.7-1152,,J1813.6-1148
5452,J1813.7-6846,,J1813.6-6845
5453,J1814.0+3828,bll,
5454,J1814.0+0043,,
5455,J1814.2+4114,fsrq,
5456,J1814.2-1012,,
5457,J1814.2-3000,,
5458,J1814.4+2429,,
5459,J1814.4+2953,fsrq,
5460,J1814.4+3132,msp,
5461,J1814.6-3621,,
5462,J1814.6-2537,,
5463,J1814.7-3420,,
5464,J1815.1+5917,,J1815.1+5919
5465,J1815.2-2715,bcu,
5466,J1815.3-1336,,
5467,J1815.8-1416,,
5468,J1816.1-3908,,
5469,J1816.2-1654c,unk,J1817.6-1651c
5470,J1816.3-2903,,
5471,J1816.4-0057,,
5472,J1816.4-2727,,J1816.2-2726
5473,J1816.4-6405,,J1816.0-6407
5474,J1816.5-1208c,,
5475,J1816.5+4510,MSP,J1816.5+4512
5476,J1816.7+1749,,
5477,J1816.7+0951,bcu,
5478,J1816.8-2800,,
5479,J1816.9-4942,fsrq,J1816.9-4944
5480,J1817.1-1742,PSR,J1817.2-1739
5481,J1817.2-3035,,J1817.3-3033
5482,J1817.2-2400,spp,
5483,J1817.2-1946c,,
5484,J1817.5-1034,,
5485,J1817.6-3251,,
5486,J1817.7-2517,,
5487,J1817.9-3334,,
5488,J1817.9-1135,,
5489,J1817.9+2707,bcu,
5490,J1818.0-1339c,,
5491,J1818.1-2000,,
5492,J1818.3-1233,,
5493,J1818.5-2036,,J1819.5-2045c
5494,J1818.5-1656,glc,
5495,J1818.5+2533,,J1817.7+2530
5496,J1818.6+1316,,J1818.5+1320
5497,J1818.6-1533,spp,J1818.7-1528
5498,J1818.6-3206,,
5499,J1818.6-1455c,spp,
5500,J1818.6+0903,fsrq,J1818.6+0903
5501,J1818.7+2007,,
5502,J1818.8-2255,,
5503,J1818.8-0828,,
5504,J1819.0-1203,,
5505,J1819.1+2133,bll,J1819.1+2134
5506,J1819.3-0935,,
5507,J1819.4-1102,,
5508,J1819.9-2926,,
5509,J1819.9-1530,,J1820.3-1529c
5510,J1820.2-1303,,
5511,J1820.3-1009,unk,
5512,J1820.3-2646,,
5513,J1820.3+3624,bll,J1820.3+3625
5514,J1820.4-1609c,bin,
5515,J1820.5-1059,,
5516,J1820.6-0326,,
5517,J1820.7-3217,,J1820.4-3217
5518,J1820.8-2822,NOV,
5519,J1821.1-1422,spp,J1821.1-1425c
5520,J1821.4-1516,spp,
5521,J1821.4+4512,,
5522,J1821.5-2531,,
5523,J1821.6+6819,bcu,
5524,J1821.6+6636,,J1821.9+6636
5525,J1822.0-3146,,
5526,J1822.0+1600,bcu,
5527,J1822.6-2502,,
5528,J1822.8-1118,,
5529,J1822.9-4718,,J1823.2-4722
5530,J1823.2+1209,msp,
5531,J1823.3-1340,,J1823.2-1339
5532,J1823.3-3720,bcu,
5533,J1823.5+6858,bll,J1823.4+6857
5534,J1823.5-3020,MSP,J1823.7-3019
5535,J1823.6-2345,spp,
5536,J1823.6-3453,bcu,J1823.6-3453
5537,J1823.6-3902,,
5538,J1823.8-3544,msp,
5539,J1824.1-1304,spp,
5540,J1824.1+5651,bll,J1824.2+5649
5541,J1824.1+1013,MSP,J1824.0+1017
5542,J1824.2+1231,,
5543,J1824.2-0621,MSP,J1824.3-0620
5544,J1824.2-5427,,J1824.2-5427
5545,J1824.4-1350e,PWN,
5546,J1824.5+0107,bcu,
5547,J1824.5+4311,bcu,J1824.4+4310
5548,J1824.6-2452,MSP,J1824.6-2451
5549,J1824.7-3243,agn,
5550,J1824.7+2403,,
5551,J1824.9-4056,,
5552,J1825.0-2547,,
5553,J1825.1-5231,bcu,J1825.2-5230
5554,J1825.2+0715,,
5555,J1825.5-2647,,
5556,J1825.8+1204,,
5557,J1825.9-3153,,
5558,J1825.9-5614,,
5559,J1826.0-5037,bcu,
5560,J1826.1-1256,PSR,J1826.1-1256
5561,J1826.1-2922,bcu,
5562,J1826.2-1450,HMB,J1826.2-1450
5563,J1826.2-2830,,
5564,J1826.5-1202c,,
5565,J1827.2+4303,,
5566,J1827.3-4128,,
5567,J1827.4+3424,fsrq,
5568,J1827.4-1445,PSR,J1827.3-1446
5569,J1827.5+2015,bcu,
5570,J1827.5+1141,,J1827.7+1141
5571,J1827.6-0849,MSP,J1827.6-0846
5572,J1827.6-4029,bcu,
5573,J1828.0-1133,spp,J1828.4-1121
5574,J1828.0+2634,bcu,
5575,J1828.1-1312,,
5576,J1828.2-3252,,
5577,J1828.4-1059,PSR,
5578,J1828.5-5920,bcu,
5579,J1828.7+3230,bcu,J1829.2+3229
5580,J1829.0-2417,bll,J1828.9-2417
5581,J1829.1+2729,bcu,J1829.2+2731
5582,J1829.2-5813,fsrq,
5583,J1829.3+5402,bll,J1829.4+5402
5584,J1829.3-1614,spp,
5585,J1829.4-1256,spp,
5586,J1829.4-1500c,,J1829.2-1504
5587,J1829.5+4845,css,J1829.6+4844
5588,J1829.6-2545,,
5589,J1829.6-4310,,
5590,J1829.9+3934,bcu,
5591,J1830.0+3958,bcu,
5592,J1830.0-5225,bll,
5593,J1830.0+1324,bll,J1829.8+1328
5594,J1830.0-1515c,,
5595,J1830.1-0212c,,J1829.9-0203c
5596,J1830.1-1440,,
5597,J1830.1+0617,fsrq,J1830.1+0617
5598,J1830.2-4443,bcu,J1830.0-4439
5599,J1830.3-1601,spp,
5600,J1830.7-1634,,J1830.7-1630
5601,J1830.7-2414,,
5602,J1830.7-2713,bcu,J1831.0-2714
5603,J1830.7-3219,,
5604,J1830.8-3132,,J1830.8-3136
5605,J1830.8-0947,PSR,
5606,J1831.1-6503,msp,J1831.6-6503
5607,J1831.2+0202,,
5608,J1831.2-0013,,
5609,J1831.3-0203c,unk,J1831.5-0200c
5610,J1831.4-2909,,
5611,J1831.6-0223c,,J1831.7-0230
5612,J1831.8-2514,,
5613,J1831.8-1503,spp,
5614,J1831.9+3820,bll,
5615,J1832.3-1433,spp,
5616,J1832.4-0847,,
5617,J1832.4-0152c,,
5618,J1832.6-5658,bll,J1832.4-5659
5619,J1832.7+0618,,
5620,J1832.9-0913,HMB,
5621,J1833.0-3840,MSP,
5622,J1833.4+1109,,
5623,J1833.5-1033,PSR,J1833.5-1033
5624,J1833.6-2103,FSRQ,J1833.6-2103
5625,J1834.1-0706e,SNR,J1833.9-0711
5626,J1834.2+3136,fsrq,
5627,J1834.2-4021,,
5628,J1834.2-0827c,,
5629,J1834.3+0613,,
5630,J1834.5-0846e,SPP,J1834.3-0848
5631,J1834.7-0724c,,
5632,J1834.7-5858,bll,
5633,J1834.9-0800,,
5634,J1834.9-2819,,
5635,J1835.1-0517,,
5636,J1835.3-2439,,
5637,J1835.5+1349,bll,J1835.4+1349
5638,J1835.7-0541,bcu,
5639,J1835.7-3258,MSP,J1835.7-3258
5640,J1836.1+1143,unk,
5641,J1836.1-2656,,
5642,J1836.2+5925,PSR,J1836.2+5925
5643,J1836.4+3137,bll,J1836.3+3137
5644,J1836.5+1948,bcu,
5645,J1836.5-0651e,pwn,
5646,J1836.8-2354,,J1837.3-2403
5647,J1836.8-0727,unk,J1836.1-0727
5648,J1836.9+4439,,
5649,J1837.0+5347,bcu,
5650,J1837.3+1052,bcu,
5651,J1837.4-1646,bcu,
5652,J1837.6-2904,NOV,
5653,J1837.8-0604,PSR,J1837.9-0607
5654,J1837.9-0620,,
5655,J1838.0-0516,,
5656,J1838.0-5959,bll,
5657,J1838.1-3352,,
5658,J1838.2+3223,,
5659,J1838.3-2148,unk,
5660,J1838.4-6023,bll,
5661,J1838.4-0630c,,
5662,J1838.4-0545,,
5663,J1838.5+3837,,J1838.1+3827
5664,J1838.5+5733,bll,
5665,J1838.7-0601,,
5666,J1838.8+4802,bll,J1838.8+4802
5667,J1838.9-3457,bcu,
5668,J1838.9-0704e,pwn,
5669,J1838.9-0537,PSR,J1838.9-0537
5670,J1839.0-1502,,
5671,J1839.2-0420,unk,
5672,J1839.4-0553,unk,J1839.3-0552
5673,J1839.6-7107,fsrq,
5674,J1840.0-0341,spp,J1839.7-0334c
5675,J1840.0-0411,spp,J1840.1-0412
5676,J1840.3+1105,,
5677,J1840.3-3037,bcu,
5678,J1840.4-1705,,
5679,J1840.4-1139,,
5680,J1840.5+3707,bcu,
5681,J1840.6-5545,bcu,
5682,J1840.8-0453e,spp,
5683,J1840.9-0532e,PWN,J1840.9-0532e
5684,J1841.0+6115,bcu,J1840.5+6116
5685,J1841.3-4442,,
5686,J1841.3+2909,bll,J1841.2+2910
5687,J1841.6+7113,,
5688,J1841.8+3218,bll,J1841.7+3218
5689,J1842.1+2737,,J1842.2+2742
5690,J1842.2-0328,,
5691,J1842.2-0751,spp,
5692,J1842.3+6810,fsrq,J1842.8+6810
5693,J1842.4-3135,,
5694,J1842.4-5840,bll,J1842.3-5841
5695,J1842.4+7613,bcu,
5696,J1842.5-0359c,unk,J1843.0-0359c
5697,J1842.8+5311,,
5698,J1843.3-1242,,
5699,J1843.4-4835,rdg,
5700,J1843.6-2219,,
5701,J1843.7-3227,,
5702,J1843.7-0326,,J1843.7-0322
5703,J1843.7-1114,MSP,J1843.6-1114
5704,J1843.8-2011,bcu,
5705,J1844.4+1547,bll,J1844.3+1547
5706,J1844.4-0345,PSR,J1844.3-0344
5707,J1844.4-0306,unk,J1844.3-0309c
5708,J1844.6-2342,,
5709,J1844.7-2110,,
5710,J1844.8-0957,,
5711,J1844.8-3248,bcu,
5712,J1844.9+5709,bll,J1844.1+5709
5713,J1845.0+1613,bcu,
5714,J1845.0+0159,msp,
5715,J1845.3+5605,,
5716,J1845.8-0831,spp,J1846.0-0831
5717,J1845.8-0236c,,
5718,J1845.8-2521,,J1845.5-2524
5719,J1846.0+0507,,
5720,J1846.0-6101,,
5721,J1846.3+0919,PSR,J1846.3+0919
5722,J1846.4-0258,pwn,
5723,J1846.5+7731,,
5724,J1846.7+7238,bcu,
5725,J1846.9-0227,unk,J1846.8-0233c
5726,J1846.9-0247c,,J1847.2-0236
5727,J1847.0-0625,,
5728,J1847.2-0141,,
5729,J1847.2-1633,,
5730,J1847.2-0200c,,
5731,J1847.5-0859,,
5732,J1847.6+5219,bcu,
5733,J1847.7-0125,,
5734,J1847.7+3543,,
5735,J1847.7-3433,,
5736,J1847.9+5022,,
5737,J1848.1-4230,bcu,J1848.1-4230
5738,J1848.1-0148c,,J1848.1-0145c
5739,J1848.2-1309,,
5740,J1848.2-0016,,
5741,J1848.4+3217,FSRQ,J1848.4+3216
5742,J1848.5+6537,bll,
5743,J1848.5+3243,fsrq,J1848.6+3241
5744,J1848.6-2711,bcu,
5745,J1848.6-0202c,unk,
5746,J1848.7-6307,,
5747,J1848.7-0129,glc,J1848.6-0138
5748,J1848.8+0701,,
5749,J1848.9+4247,bll,J1848.9+4247
5750,J1849.0-1826,,
5751,J1849.1-0652,,
5752,J1849.2+2106,,
5753,J1849.2-1647,bll,J1849.3-1645
5754,J1849.2+6705,FSRQ,J1849.2+6705
5755,J1849.3-6447,bcu,
5756,J1849.4+2745,bll,J1849.5+2751
5757,J1849.4-0056,snr,J1849.4-0057
5758,J1849.4-0117,,J1849.5-0124c
5759,J1849.4-4313,bll,J1849.4-4312
5760,J1849.8-0952,,
5761,J1850.1-0758,bcu,
5762,J1850.2-0201,,
5763,J1850.3-0031,spp,J1850.5-0024
5764,J1850.5+2631,bll,
5765,J1850.7-3126,,
5766,J1850.8-1105,,
5767,J1851.0+1558,,
5768,J1851.0-3003,,
5769,J1851.5+3406,bcu,
5770,J1851.5+0718,,
5771,J1851.8-0007c,spp,
5772,J1851.9-1522,,
5773,J1852.2-1309,MSP,
5774,J1852.4+0037e,spp,J1852.7+0047c
5775,J1852.4+4856,fsrq,J1852.4+4856
5776,J1852.5-3450,,
5777,J1852.6+0203,,J1852.8+0158
5778,J1852.6-1159,,
5779,J1852.7-1242,,
5780,J1853.0-0956,,
5781,J1853.2-0841,glc,
5782,J1853.2-0922c,,
5783,J1853.3-0005,PSR,
5784,J1853.3-2447,,
5785,J1853.4-1605,,
5786,J1853.6-0620,,
5787,J1853.8+6714,bll,
5788,J1853.8-1107,,
5789,J1854.1+0142c,,
5790,J1854.3-3640,,
5791,J1854.5+2050,,
5792,J1854.6-6007,bll,J1855.1-6008
5793,J1854.6+3800,,
5794,J1854.7-0716,,
5795,J1854.7+0153,,
5796,J1854.9+4054,,
5797,J1855.1-2243,glc,J1855.1-2243
5798,J1855.1-3025,glc,
5799,J1855.2+0756,,J1855.6+0753
5800,J1855.2+0456,,J1855.4+0454
5801,J1855.3-0740,,
5802,J1855.4+7350,fsrq,
5803,J1855.6-3603,,
5804,J1855.7+0224,unk,
5805,J1855.8+0150,,
5806,J1855.8-2028,bcu,
5807,J1855.9+0121e,SNR,J1855.9+0121e
5808,J1855.9-1435,MSP,
5809,J1856.1-1222,,J1856.1-1217
5810,J1856.2+0749,unk,J1855.6+0753
5811,J1856.3-0548,,
5812,J1856.5+1735,,
5813,J1856.7+0125c,,
5814,J1856.7-0116,,
5815,J1857.1+0056,,J1857.2+0059
5816,J1857.2+0941,msp,
5817,J1857.4+0106,,
5818,J1857.5+0756,,
5819,J1857.6+0143,PSR,
5820,J1857.6+0212,spp,J1857.6+0211
5821,J1857.7-2830,,
5822,J1857.7+0246e,PWN,
5823,J1857.8-3220,,
5824,J1857.8+3544,bcu,
5825,J1857.9+0313c,bcu,
5826,J1858.0+0354,,J1857.9+0355
5827,J1858.0-1052,,
5828,J1858.1-1821,bcu,
5829,J1858.1+7318,bcu,J1857.9+7319
5830,J1858.3-2511,bcu,J1858.4-2509
5831,J1858.3-2216,MSP,J1858.2-2215
5832,J1858.3-5424,MSP,J1858.0-5423
5833,J1858.3+0209,spp,
5834,J1858.3-1318,,
5835,J1858.3+4321,bll,
5836,J1858.5+0640,bcu,
5837,J1858.5+1953,unk,
5838,J1858.5-4446,,
5839,J1858.6-0746,,
5840,J1858.7+5708,fsrq,
5841,J1858.9+3636,,
5842,J1859.0+2329,bcu,
5843,J1859.2-0706,,
5844,J1859.2+0046,,
5845,J1859.3+0058,,J1859.6+0102
5846,J1859.8+0411c,,J1900.3+0411c
5847,J1859.8+1545,,
5848,J1900.4-4941,,
5849,J1900.4+0339,,J1900.8+0337
5850,J1900.5-5301,,
5851,J1900.7+0426,,J1901.1+0427
5852,J1900.8+0118,unk,
5853,J1900.9+0538,,
5854,J1901.0+6208,bcu,
5855,J1901.0-1739,bcu,
5856,J1901.1+0730,,J1901.1+0728
5857,J1901.2-7307,,
5858,J1901.4-0126,MSP,J1901.5-0126
5859,J1901.5-2208,,
5860,J1901.5-1112,,
5861,J1901.7-5140,bcu,
5862,J1901.7-0318,,
5863,J1901.8-0718,,
5864,J1902.0-5105,MSP,J1902.0-5107
5865,J1902.2+0448,,
5866,J1902.4-0629,bcu,
5867,J1902.4-3417,,
5868,J1902.5+0654,,J1902.6+0655
5869,J1902.7-3246,,
5870,J1902.8+1451,unk,
5871,J1902.8+3201,fsrq,
5872,J1902.8-0855,,
5873,J1902.9-6748,fsrq,J1902.9-6745
5874,J1903.2+5540,bll,J1903.2+5541
5875,J1903.4-7053,MSP,J1903.6-7052
5876,J1903.4-0400c,,
5877,J1903.5-0825,,
5878,J1903.5-3905,,
5879,J1903.8+0531,spp,
5880,J1904.0-5925,,
5881,J1904.0+5313,,
5882,J1904.1+3627,bll,J1904.5+3627
5883,J1904.4-1129,msp,
5884,J1904.6-4100,,
5885,J1904.6-2713,,J1904.4-2725
5886,J1904.7+0615,,
5887,J1904.7-0708,,J1904.7-0708
5888,J1905.2-5120,,
5889,J1905.5-1940,,
5890,J1905.8+4942,,
5891,J1906.0-1718,,
5892,J1906.1+1651,,
5893,J1906.2+0631,spp,
5894,J1906.4-2001,,
5895,J1906.4-1757,,
5896,J1906.4+0723,PSR,
5897,J1906.7+5419,bcu,
5898,J1906.9+0712,,
5899,J1907.0+3556,,
5900,J1907.2+2323,,
5901,J1907.2+0126,bcu,
5902,J1907.5-2926,,
5903,J1907.6+0703,snr,
5904,J1907.7-1232,bcu,
5905,J1907.7-4037,,
5906,J1907.9+0602,PSR,J1907.9+0602
5907,J1908.2-7026,,
5908,J1908.4-0432,,
5909,J1908.6+0915e,spp,
5910,J1908.7+0812,,
5911,J1908.8-0131,,J1908.8-0130
5912,J1908.8-1041,,
5913,J1908.9+2103,MSP,
5914,J1909.0-2525,,
5915,J1909.2+4646,,
5916,J1909.5+3511,bcu,
5917,J1909.7-2140,bcu,
5918,J1909.7-3744,MSP,
5919,J1910.0-2453,bcu,
5920,J1910.1-4704,,
5921,J1910.2+0904c,,
5922,J1910.7-5320,msp,J1911.1-5318
5923,J1910.8+6300,,
5924,J1910.8+2856,unk,J1910.8+2855
5925,J1910.8-6001,glc,J1910.7-6000
5926,J1911.0+0905,snr,J1910.9+0906
5927,J1911.1-3221,,
5928,J1911.2-2006,fsrq,J1911.2-2006
5929,J1911.3+1055,,
5930,J1911.4-1908,bll,J1911.4-1908
5931,J1911.4-4856,,
5932,J1911.5+0311,bcu,J1911.7+0307
5933,J1911.7+1014c,unk,
5934,J1911.8+0903c,,
5935,J1911.8+1447,,
5936,J1912.0+0927,,
5937,J1912.0+1612,bcu,J1912.0+1609
5938,J1912.1-0803,bcu,J1912.0-0804
5939,J1912.2-2056,fsrq,
5940,J1912.2-3636,,
5941,J1912.2+3621,,
5942,J1912.4-1222,bcu,J1912.6-1223
5943,J1912.4+3738,fsrq,
5944,J1912.5+1320,,
5945,J1912.7+4610,,J1912.7+4610
5946,J1912.7+0957,,
5947,J1912.7-1250,bcu,
5948,J1913.0-8009,fsrq,J1912.9-8008
5949,J1913.2+0512,bcu,
5950,J1913.2+2342,,
5951,J1913.3+0905,PSR,
5952,J1913.3+1019,PSR,J1913.7+1007c
5953,J1913.4-3629,bcu,J1913.5-3631
5954,J1913.4-1526,,
5955,J1913.4-2652,,
5956,J1913.5-0923,,
5957,J1913.9+4439,bll,J1913.9+4441
5958,J1914.1+2621,,
5959,J1914.5+1107c,unk,
5960,J1914.6-1157,,
5961,J1914.7+1012c,,
5962,J1915.3-1324,,
5963,J1915.3+1149,bcu,
5964,J1915.7-0846,,
5965,J1916.3+1108,spp,J1915.9+1112
5966,J1916.7-1516,bcu,
5967,J1916.8+4201,bcu,
5968,J1916.8-3025,,J1917.1-3024
5969,J1917.0+2245,unk,
5970,J1917.5-2746,,
5971,J1917.6+2609,,
5972,J1917.6-3204,,
5973,J1917.7-6442,bcu,
5974,J1917.7-1921,bll,J1917.7-1921
5975,J1917.7-6930,bcu,
5976,J1918.0+0331,unk,
5977,J1918.1+3752,bcu,J1918.0+3750
5978,J1918.1+1215c,spp,
5979,J1918.2-4111,bll,J1918.2-4110
5980,J1918.6-7813c,,J1925.8-7826
5981,J1919.1+2354,msp,
5982,J1919.2+0618,bcu,
5983,J1919.4-4550,fsrq,
5984,J1919.4+1313,,
5985,J1919.9+1358c,,
5986,J1920.0-2622,,
5987,J1920.5+3652,,
5988,J1920.7+1334,,
5989,J1920.8+0418,unk,
5990,J1920.9+1408,unk,
5991,J1921.1+1930,MSP,J1921.6+1934
5992,J1921.3-1231,bll,J1921.2-1232
5993,J1921.4+0136,MSP,J1921.2+0136
5994,J1921.7+5817,bcu,
5995,J1921.8-1607,bll,J1921.9-1607
5996,J1922.2+2314,bcu,J1922.2+2313
5997,J1922.4+1453c,,
5998,J1922.5-7453,bcu,J1923.2-7452
5999,J1922.5-5233,,
6000,J1922.6-6324,bcu,
6001,J1922.7+1428c,,
6002,J1923.0-4746,,
6003,J1923.2+1408e,SNR,J1923.2+1408e
6004,J1923.4-2503,bcu,
6005,J1923.5-2104,fsrq,J1923.5-2104
6006,J1923.5+7354,fsrq,
6007,J1924.2-1549,bll,
6008,J1924.3-5458,bcu,
6009,J1924.8-1035,,J1924.8-1034
6010,J1924.8-2914,fsrq,J1924.8-2914
6011,J1925.0+2815,bcu,J1924.9+2817
6012,J1925.1-3358,fsrq,
6013,J1925.1-1019,bll,J1925.1-1018
6014,J1925.1+1707,unk,
6015,J1925.1+0547,,
6016,J1925.2+1600c,,J1925.4+1605
6017,J1925.2+1618e,SNR,
6018,J1925.2+1729,PSR,J1925.4+1727
6019,J1925.3+1522c,,
6020,J1925.3+3705,unk,
6021,J1925.7+1227,bcu,J1925.7+1228
6022,J1925.8-2220,bll,
6023,J1926.0-3626,,
6024,J1926.1+2059,bll,
6025,J1926.4+1602,,J1926.1+1601c
6026,J1926.5+2635,,
6027,J1926.7-0325,,
6028,J1926.7+3027,spp,
6029,J1926.8+6154,bll,J1926.8+6154
6030,J1927.1-0040,,
6031,J1927.4+3528,,
6032,J1927.4+0253,,
6033,J1927.5+0154,unk,
6034,J1927.5+6117,bll,J1927.7+6118
6035,J1928.3+3325,spp,
6036,J1928.4+1801c,unk,
6037,J1928.5+5339,,
6038,J1928.8+3126,spp,
6039,J1929.0+1729,,
6040,J1929.4+6146,bll,
6041,J1929.8+1832,unk,
6042,J1930.3+0911,bcu,
6043,J1930.5+1853,pwn,
6044,J1930.6-2755,,
6045,J1931.0+1754c,,
6046,J1931.0+3135,spp,
6047,J1931.1+0937,bll,J1931.1+0937
6048,J1931.1+1656,,J1931.1+1659
6049,J1931.2+5958,bcu,
6050,J1931.3-1556,bcu,
6051,J1931.5+5229,bcu,
6052,J1932.2+2221,PSR,
6053,J1932.3+1916,PSR,J1932.2+1916
6054,J1932.4+1846,spp,
6055,J1933.2-4539,fsrq,J1932.6-4537
6056,J1933.3+0726,bll,J1933.4+0727
6057,J1933.4-2711,,
6058,J1933.9-1025,bcu,
6059,J1934.2-1446,,
6060,J1934.2+6002,bcu,J1934.2+6002
6061,J1934.2+1036,,
6062,J1934.3-2419,bll,
6063,J1934.3+1859,spp,
6064,J1934.3+6541,fsrq,
6065,J1934.5+6139,fsrq,
6066,J1935.0-0553,,
6067,J1935.2+2029,PSR,J1934.9+2031c
6068,J1935.4+3547,,
6069,J1935.5+1407,,
6070,J1936.6+1921,,
6071,J1936.8-0553,,
6072,J1936.9-4720,bll,J1936.9-4719
6073,J1937.0+3003,spp,
6074,J1937.0+8354,bcu,J1935.5+8355
6075,J1937.1-5509,,
6076,J1937.1-0444,,
6077,J1937.2-3958,fsrq,J1937.0-3956
6078,J1937.2-4217,bcu,J1936.6-4215
6079,J1939.5-1525,fsrq,
6080,J1939.6+2135,MSP,
6081,J1939.7-1242,,
6082,J1939.8-4928,bcu,J1939.6-4925
6083,J1940.2-2511,,
6084,J1940.9+5114,,
6085,J1941.3-6210,bll,J1941.2-6210
6086,J1941.7+7218,bcu,J1941.8+7218
6087,J1942.1+4011,bcu,
6088,J1942.1+1142,,
6089,J1942.4+0927,,
6090,J1942.5-5827,bcu,
6091,J1942.7+1033,bll,J1942.7+1033
6092,J1942.8-3512,bll,J1943.2-3510
6093,J1943.6-0533,bcu,J1944.0-0535
6094,J1943.9+2841,,
6095,J1943.9-2705,bcu,
6096,J1944.0+2117,bcu,
6097,J1944.2+3921,bcu,J1944.1+3919
6098,J1944.3-5347,,
6099,J1944.4-4523,bll,J1944.1-4523
6100,J1944.8+4301,,J1944.8+4300
6101,J1944.9-2143,bll,
6102,J1945.1-4007,bcu,
6103,J1945.5-0153,bcu,
6104,J1946.0-3112,bll,J1945.9-3115
6105,J1946.0+0937,bcu,
6106,J1946.1+2436c,unk,
6107,J1946.4+6031,bcu,
6108,J1946.5-1527,,
6109,J1946.5-5402,MSP,J1946.4-5403
6110,J1946.9-1220,,
6111,J1947.0+0031,,
6112,J1947.1+1729,,
6113,J1947.6-1121,msp,J1947.4-1121
6114,J1947.7+2744,pwn,
6115,J1948.0-2845,,
6116,J1948.1+2511,,
6117,J1948.3+1207,bcu,
6118,J1948.8+2420,,
6119,J1948.9+3414,,
6120,J1949.0+1314,bcu,J1949.0+1312
6121,J1949.2-1453,,J1949.5-1454
6122,J1949.2+7250,bcu,
6123,J1949.4+1247,bcu,
6124,J1949.5+7311,bcu,
6125,J1949.5+0906,bll,J1949.9+0907
6126,J1949.9-6134,bcu,J1949.4-6140
6127,J1950.0-7321,bcu,
6128,J1950.2+3822,unk,
6129,J1950.6+2416,msp,
6130,J1950.6-5547,bcu,
6131,J1950.6+3456,bcu,
6132,J1950.8+1211,bcu,J1950.2+1215
6133,J1951.0+2523,,
6134,J1951.2-0951,bcu,
6135,J1951.3-8015c,,
6136,J1951.6-4624,bcu,
6137,J1951.6+2621,,
6138,J1951.8-0511,fsrq,
6139,J1952.8+2924,spp,
6140,J1952.9+3252,PSR,J1952.9+3253
6141,J1953.0+7651,bcu,J1953.4+7653
6142,J1953.0-7025,bcu,
6143,J1953.5+3841,,J1953.3+3847
6144,J1953.6+1846,glc,
6145,J1954.3+2836,PSR,J1954.2+2836
6146,J1954.4+3252e,SPP,
6147,J1954.4-3729,,
6148,J1954.5+2420,,
6149,J1954.6-1122,bll,J1954.8-1122
6150,J1954.8+2543c,,
6151,J1954.9-5640,bll,J1954.9-5640
6152,J1955.1-1604,bll,J1955.0-1605
6153,J1955.2+1358,fsrq,J1955.1+1357
6154,J1955.3-5032,,
6155,J1955.4+5132,fsrq,
6156,J1955.7-0130,,
6157,J1955.7+0214,bll,J1955.9+0212
6158,J1955.8-1657,,
6159,J1955.8+1154,,
6160,J1956.1+0234,bcu,
6161,J1956.6-7011,,
6162,J1957.1-3231,fsrq,J1957.0-3234
6163,J1957.3+2517,msp,
6164,J1957.6+1230,,
6165,J1957.6+5033,PSR,J1957.7+5034
6166,J1958.0-3845,fsrq,J1958.0-3847
6167,J1958.1+2438,bcu,J1958.1+2436
6168,J1958.1-0711,bcu,J1957.9-0712
6169,J1958.2+6942,,
6170,J1958.3-3010,bll,J1958.2-3011
6171,J1958.5+3512,hmb,
6172,J1958.7+2846,PSR,J1958.6+2845
6173,J1959.0+3844,bcu,J1958.6+3844
6174,J1959.1-4247,fsrq,J1959.1-4245
6175,J1959.1+1646,,
6176,J1959.3-6121,,
6177,J1959.5+2048,MSP,J1959.5+2047
6178,J1959.7-4725,bll,J1959.8-4725
6179,J1959.8-1835,,
6180,J1959.9-4605,,
6181,J1959.9+1833,,
6182,J2000.0+4214,bcu,J2000.1+4212
6183,J2000.0+6508,bll,J2000.0+6509
6184,J2000.3-2930,fsrq,J2000.4-2926
6185,J2000.6-1328,fsrq,
6186,J2000.9-1748,fsrq,J2001.0-1750
6187,J2000.9+6614,bcu,
6188,J2001.2+4353,bll,J2001.1+4352
6189,J2001.5-0818,bcu,
6190,J2001.5+1611,,
6191,J2001.5-0958,,
6192,J2001.7+7040,bll,J2001.8+7041
6193,J2001.9-5737,bcu,
6194,J2002.3+3246,spp,
6195,J2002.4-7119,bll,
6196,J2002.6+6302,bll,J2002.7+6303
6197,J2003.6+2333,bcu,
6198,J2004.1+2517,unk,
6199,J2004.3+3339,unk,J2004.4+3338
6200,J2004.9+3421,,
6201,J2005.1+7003,bll,J2004.8+7003
6202,J2005.2-1822,fsrq,
6203,J2005.5+7752,bll,J2005.2+7752
6204,J2005.8+6424,fsrq,
6205,J2005.8+3357,,
6206,J2005.9-2309,fsrq,J2006.0-2311
6207,J2006.0-6538,,
6208,J2006.2+3102,PSR,
6209,J2006.4-0354,,
6210,J2006.4+1834,,
6211,J2006.4+0147,MSP,J2006.6+0150
6212,J2007.0+0707,,
6213,J2007.2-1433,bcu,
6214,J2007.2-3157,,
6215,J2007.2+6607,fsrq,J2007.3+6605
6216,J2007.3-7728,bcu,J2007.7-7728
6217,J2007.4-6310,,
6218,J2007.9-4432,nlsy1,J2007.8-4429
6219,J2007.9+2511,,
6220,J2008.4+1619,,
6221,J2008.9+6742c,,
6222,J2009.4-4849,BLL,J2009.3-4849
6223,J2009.5+2425,,
6224,J2009.9-2116,,J2010.0-2120
6225,J2009.9+3544,bcu,
6226,J2010.0+0726,fsrq,
6227,J2010.0+7229,bll,J2010.3+7228
6228,J2010.2-2523,fsrq,
6229,J2011.0-0614,,
6230,J2011.3-0330,,
6231,J2011.6-1546,fsrq,
6232,J2012.0+4629,bll,J2012.0+4629
6233,J2012.1-5234,,
6234,J2012.2-1646,bll,J2012.1-1643
6235,J2013.0-3717,bcu,
6236,J2013.0-3828,bcu,
6237,J2013.4+2745,,
6238,J2013.5+3613,spp,
6239,J2013.9-8717,,
6240,J2014.3-0047,bll,J2014.3-0047
6241,J2014.5+0648,bll,J2014.5+0648
6242,J2014.5-1841,,
6243,J2014.9+1225,,
6244,J2015.0+1621,bcu,J2014.9+1623
6245,J2015.2-0137,bll,J2015.2-0138
6246,J2015.3-1432,bll,J2015.3-1431
6247,J2015.3+0758,msp,
6248,J2015.4+6556,fsrq,
6249,J2015.5+3710,FSRQ,J2015.6+3709
6250,J2016.2+3712,snr,
6251,J2016.3+4953,unk,
6252,J2016.3-2331,bcu,
6253,J2016.3-0903,bll,J2016.4-0905
6254,J2017.3+3525,,
6255,J2017.4+0602,MSP,J2017.3+0602
6256,J2017.5-4113,bcu,J2017.6-4110
6257,J2017.5-3753,bll,
6258,J2017.7-1612,MSP,J2017.6-1616
6259,J2017.9-0114,,
6260,J2017.9+3625,PSR,J2017.9+3627
6261,J2018.0+7903,,
6262,J2018.5+3852,bcu,J2018.5+3851
6263,J2019.6+0616,,
6264,J2020.7-4536,,J2022.5-4532
6265,J2021.0+4031e,SNR,J2021.0+4031e
6266,J2021.1+3651,PSR,J2021.1+3651
6267,J2021.2+4858,unk,
6268,J2021.4-2048,bcu,
6269,J2021.5+4026,PSR,J2021.5+4026
6270,J2021.9+3609,,
6271,J2021.9+0629,bll,J2021.9+0630
6272,J2022.0-7224,bcu,J2022.2-7220
6273,J2022.3+3840,PSR,J2022.2+3840
6274,J2022.3-4513,bll,J2022.2-4515
6275,J2022.3+0807,,
6276,J2022.3+0413,,
6277,J2022.5+7612,bll,J2022.5+7612
6278,J2022.6+3716c,,
6279,J2023.2+3153,bcu,J2023.2+3154
6280,J2023.3-1947,,
6281,J2023.4+4127,bcu,J2023.5+4126
6282,J2023.5+2046,NOV,
6283,J2023.6-1139,fsrq,J2023.6-1139
6284,J2023.6-0123,bcu,
6285,J2023.8-4828,bll,
6286,J2024.0+3202,unk,
6287,J2024.2+3616,,
6288,J2024.4-0847,bll,J2024.4-0848
6289,J2024.6-3252,fsrq,J2024.4-3254
6290,J2024.7-2328,bcu,J2024.8-2331
6291,J2024.8-6459,bcu,
6292,J2024.8+2734,bcu,
6293,J2025.2+0317,fsrq,
6294,J2025.3-2231,bcu,
6295,J2025.3+3341,bll,J2025.2+3340
6296,J2025.6-0735,fsrq,J2025.6-0736
6297,J2026.0+4718,,J2026.4+4709
6298,J2026.0-2845,fsrq,J2025.9-2852
6299,J2026.1+7645,bcu,J2026.3+7644
6300,J2026.3+1431,,J2026.3+1430
6301,J2026.5+3718c,unk,
6302,J2026.6+3449,bcu,
6303,J2027.0+2811,,J2026.8+2813
6304,J2027.0+3343,unk,
6305,J2028.3+3331,PSR,J2028.3+3332
6306,J2028.6+4110e,SFR,J2028.6+4110e
6307,J2028.8-0010,,
6308,J2029.1-1839,bcu,J2029.0-1840
6309,J2029.1-3050,,
6310,J2029.3-2409,,
6311,J2029.4+1013,,J2028.7+1012
6312,J2029.5+4925,bll,J2029.4+4923
6313,J2029.5-4237,MSP,J2029.5-4232
6314,J2030.0+3641,PSR,J2030.0+3642
6315,J2030.0-0310,,
6316,J2030.2-0620,fsrq,J2030.2-0622
6317,J2030.3-5038,,
6318,J2030.4-0502,fsrq,
6319,J2030.5-1439,fsrq,J2030.5-1439
6320,J2030.5+2235,,
6321,J2030.8-6959,bcu,
6322,J2030.9+4416,PSR,J2030.8+4416
6323,J2030.9-1621,bcu,
6324,J2030.9+1935,bll,J2031.0+1937
6325,J2031.1-2615,bcu,
6326,J2031.2-4121,bcu,
6327,J2031.7+3138,,
6328,J2031.8+1619,bcu,
6329,J2031.9+2403,bcu,
6330,J2032.0+1219,bll,J2031.8+1223
6331,J2032.0+0229,,
6332,J2032.2+4127,PSR,J2032.2+4126
6333,J2032.2-0545,,
6334,J2032.3-5816,bcu,
6335,J2032.3-0720,,
6336,J2032.4+4056,HMB,J2032.4+4057
6337,J2032.9-0005,,
6338,J2033.0+3900,,
6339,J2033.7+6308,bcu,J2033.6+6309
6340,J2034.4+7244,,
6341,J2034.6+1154,fsrq,J2034.3+1155
6342,J2034.8-4200,bll,J2034.6-4202
6343,J2034.9-0450,bcu,
6344,J2035.0+3632,MSP,J2035.0+3634
6345,J2035.3+0557,,
6346,J2035.3+0354,,
6347,J2035.4+1056,fsrq,J2035.3+1055
6348,J2035.6+4451,unk,
6349,J2035.9+4901,bcu,J2035.8+4902
6350,J2036.2-0207,msp,
6351,J2036.3+5642c,,
6352,J2036.4+6553,bll,J2036.4+6551
6353,J2036.4-0607,,
6354,J2036.9-3329,bll,J2036.6-3325
6355,J2037.0-2826,,J2036.8-2830
6356,J2037.7+4647,unk,
6357,J2037.7-2230,,
6358,J2037.9-0504,bcu,
6359,J2038.4+4212,,J2038.4+4212
6360,J2038.7-3655,,
6361,J2038.7+5117,fsrq,J2038.8+5113
6362,J2039.0-1046,bll,J2039.0-1047
6363,J2039.3+2150,bcu,
6364,J2039.4-3616,MSP,J2038.8-3613
6365,J2039.5+5218,bll,J2039.5+5217
6366,J2039.5+5055,spp,
6367,J2039.5-5617,MSP,J2039.6-5618
6368,J2039.6+6656c,,
6369,J2040.0-5737,bcu,J2040.0-5734
6370,J2040.0+1237,bcu,J2039.7+1237
6371,J2040.1-3137,,
6372,J2040.1-4621,bcu,
6373,J2040.2-7115,bll,J2040.2-7115
6374,J2040.2-2506,fsrq,
6375,J2040.4+0312,,
6376,J2040.5-1705,bcu,
6377,J2041.1-6138,,
6378,J2041.1+4736,,J2041.1+4736
6379,J2041.5+5554,unk,
6380,J2041.8-7319,bll,J2041.9-7318
6381,J2041.9-3735,bll,J2041.7-3732
6382,J2042.1+2427,bll,J2042.1+2428
6383,J2042.1-5320,,
6384,J2042.1+4209,bcu,J2042.4+4209
6385,J2042.2+0245,MSP,J2042.1+0247
6386,J2042.3+5758c,,
6387,J2042.6+1629,bcu,
6388,J2042.7-5415,bcu,J2042.3-5416
6389,J2042.7-0155,bcu,
6390,J2042.7+1519,,
6391,J2043.1+4256c,unk,J2042.0+4252c
6392,J2043.3+1711,MSP,J2043.2+1711
6393,J2043.3-1520,,
6394,J2043.7+2741,PSR,J2043.8+2741
6395,J2043.7+0000,bll,J2043.6+0001
6396,J2043.8+2205,,
6397,J2043.9+2051,,
6398,J2043.9-4802,,J2043.8-4801
6399,J2044.0+1036,bcu,J2044.0+1035
6400,J2044.9+5029e,SNR,
6401,J2045.0+4202,,
6402,J2045.1-2346,bcu,
6403,J2045.6+2455,,
6404,J2045.9-6835,msp,J2045.6-6838
6405,J2046.1-1626,,
6406,J2046.5-1947,,
6407,J2046.6-1012,bll,J2046.7-1011
6408,J2046.8-4258,bll,J2046.7-4259
6409,J2046.9-5409,,
6410,J2046.9-0235,bcu,
6411,J2047.1-7400,fsrq,
6412,J2047.3+1051,MSP,J2047.1+1054
6413,J2047.5+4356,,
6414,J2047.9-3122,bcu,J2047.9-3119
6415,J2048.4-2517,,
6416,J2048.6-6804,bll,J2049.0-6801
6417,J2049.0+1647,bcu,
6418,J2049.0-4020,bcu,
6419,J2049.3+4440c,,J2048.8+4436
6420,J2049.7-0036,bll,
6421,J2049.9+1002,bll,J2049.7+1002
6422,J2049.9-2453,bcu,
6423,J2050.0+4114c,,
6424,J2050.0+0408,bll,J2050.2+0409
6425,J2050.4+1807,,
6426,J2050.4-3015,,
6427,J2050.4-2627,fsrq,
6428,J2051.0+3049e,SNR,
6429,J2051.0-0826,MSP,J2051.3-0828
6430,J2051.7+5051,,J2051.8+5054
6431,J2052.1+5539,,
6432,J2052.2+1635,,
6433,J2052.2-5533,bcu,J2051.8-5535
6434,J2052.3+4437,,
6435,J2052.5+0810,bll,
6436,J2052.6+4135c,,
6437,J2052.7+4334,spp,
6438,J2052.7+1218,MSP,J2052.7+1217
6439,J2052.8+5739,,
6440,J2053.8+2922,bll,J2053.9+2922
6441,J2054.0+7024,bcu,
6442,J2054.1-4054,,J2053.4-4052
6443,J2054.2+6904,,J2054.3+6907
6444,J2054.5+4731,bcu,
6445,J2054.8+0015,bll,J2055.0+0016
6446,J2055.0-5218,,
6447,J2055.1-1028,bcu,
6448,J2055.4-0020,bll,J2055.2-0019
6449,J2055.4-0504,bll,
6450,J2055.8+1545,msp,
6451,J2055.8+2540,PSR,J2055.8+2539
6452,J2056.1+5925,unk,
6453,J2056.2-4714,fsrq,J2056.2-4714
6454,J2056.4+4351c,unk,J2058.0+4347
6455,J2056.4-4904,bcu,J2054.8-4908
6456,J2056.4-5922,,J2056.3-5925
6457,J2056.5-0202,bcu,
6458,J2056.7-3209,bll,
6459,J2056.7+4939,bcu,J2056.7+4938
6460,J2057.4-0723,bcu,
6461,J2057.6-7829,,
6462,J2058.0+3338,,
6463,J2058.5-1833,,
6464,J2058.6+0550,,
6465,J2058.7+4454,spp,
6466,J2058.8-1442,bll,
6467,J2059.1-4103,bcu,
6468,J2059.1+4403,unk,J2058.0+4347
6469,J2059.7+4837,unk,
6470,J2100.0+2103,bcu,
6471,J2100.0+1445,,
6472,J2100.0-4356,,
6473,J2101.3+0912,bcu,
6474,J2101.4-2935,fsrq,
6475,J2101.8+5044c,,
6476,J2102.1+4546,NOV,J2102.3+4547
6477,J2102.3+4702,bcu,J2103.4+4706
6478,J2103.0+0342,bcu,
6479,J2103.2-2114,bll,
6480,J2103.4-7816,bcu,
6481,J2103.7-1112,bcu,J2103.7-1113
6482,J2103.8-6233,bll,J2103.9-6233
6483,J2104.0+4623,,
6484,J2104.0-3546,bcu,J2103.9-3546
6485,J2104.3-0212,bll,J2104.2-0211
6486,J2104.4+2116,,J2104.7+2113
6487,J2104.7+0108,bcu,
6488,J2105.2-5143,bcu,
6489,J2105.9+7508,,
6490,J2106.7+3549,bcu,
6491,J2106.9+2455,bcu,J2106.1+2505
6492,J2107.1-1453,bcu,
6493,J2107.6-4148,bcu,
6494,J2107.9+6006,bcu,
6495,J2108.0+3655,bll,J2108.0+3654
6496,J2108.0+5155,,J2108.1+5202
6497,J2108.2-2454,bcu,
6498,J2108.3-4824,bcu,J2107.7-4822
6499,J2108.5+1434,fsrq,
6500,J2108.7-0250,bll,J2108.6-0250
6501,J2108.7-0408,,
6502,J2108.7+7532c,bcu,
6503,J2108.9-6638,bll,J2109.1-6638
6504,J2109.3+3531,,J2110.3+3540
6505,J2109.5+5238c,,
6506,J2109.6+0440,bll,J2110.0+0442
6507,J2109.6+3954,,
6508,J2109.7-4109,fsrq,
6509,J2109.8-8618,bcu,J2108.6-8619
6510,J2109.8+6315,,
6511,J2110.2-1021c,fsrq,J2110.3-1013
6512,J2110.3+0808,fsrq,J2110.0+0812
6513,J2110.3+0404,bcu,J2110.6+0403
6514,J2110.7+5129,,
6515,J2111.4+4606,PSR,J2111.4+4605
6516,J2112.0+3744,,
6517,J2112.5-3043,,J2112.5-3044
6518,J2112.7+0819,bll,J2112.7+0819
6519,J2112.7+5748,,
6520,J2112.9-4818,bcu,
6521,J2113.9+1120,bcu,
6522,J2114.0+1956,spp,
6523,J2114.2+2132,,
6524,J2114.3+5023,,
6525,J2114.7-2538,bcu,
6526,J2114.7+3130,bcu,J2114.7+3130
6527,J2114.8+6000c,,
6528,J2114.8+2831,fsrq,
6529,J2114.8+2026,agn,
6530,J2114.9-3326,,
6531,J2115.1+5449,MSP,J2114.9+5448
6532,J2115.2+1218,bll,J2115.2+1215
6533,J2115.2+5219c,,
6534,J2115.4+2932,fsrq,J2115.4+2933
6535,J2115.6-4938,bcu,
6536,J2115.8+6753,bcu,
6537,J2115.9-0113,bll,
6538,J2116.2+3701,PSR,
6539,J2116.2+3339,bll,J2116.1+3339
6540,J2116.3+1015,bcu,
6541,J2116.6-2704,,
6542,J2117.0+1344,MSP,J2116.9+1343
6543,J2117.1-5307,,
6544,J2117.4+6159c,bcu,
6545,J2117.8-1521,bcu,
6546,J2117.8-3243,bll,J2118.0-3241
6547,J2117.9+3729,,J2117.6+3725
6548,J2118.0+0019,fsrq,J2118.4+0013
6549,J2118.2+5752,bcu,J2118.3+5751
6550,J2118.2-5419,bcu,
6551,J2118.3+4055,,
6552,J2118.8-0723c,sey,
6553,J2119.0-3317,bcu,J2119.2-3313
6554,J2119.4+4652c,bcu,
6555,J2119.5-4541,bcu,
6556,J2119.6-1105,fsrq,
6557,J2120.0+5257,,
6558,J2120.3+5227c,,
6559,J2120.5-0138,,
6560,J2120.5+4331,,
6561,J2120.6-1254,bcu,J2120.4-1256
6562,J2120.6-6114,fsrq,
6563,J2120.7+4428,bcu,
6564,J2120.8-2329,,
6565,J2121.0+1901,fsrq,J2121.0+1901
6566,J2121.8-3412,,
6567,J2122.3+7653,,
6568,J2122.5+0345,,
6569,J2122.6+3709,,
6570,J2123.5-8315,,
6571,J2123.6+0535,fsrq,J2123.6+0533
6572,J2123.8-3148,bcu,
6573,J2123.9+5158,spp,
6574,J2124.2+1531,,
6575,J2124.7-3358,MSP,J2124.7-3358
6576,J2124.9-2433,,
6577,J2125.6+0458,,
6578,J2126.1-3922,bll,J2126.5-3926
6579,J2126.3-4605,FSRQ,J2126.5-4605
6580,J2126.5+1842,bcu,
6581,J2127.5+7420,bcu,
6582,J2127.5-5744,bcu,
6583,J2127.6-5959,gal,J2127.5-6001
6584,J2127.7+3612,bll,J2127.7+3612
6585,J2128.7-1940,bcu,
6586,J2128.9+3032,,
6587,J2129.1-0240,,
6588,J2129.5+5431,,
6589,J2129.8-0428,MSP,J2129.6-0427
6590,J2129.9+1208,glc,
6591,J2129.9+5833e,,
6592,J2130.0+2610,bcu,J2131.5+2605
6593,J2130.1-8222,,
6594,J2130.2-7320,bll,
6595,J2130.4-4241,bcu,J2130.4-4237
6596,J2130.8-6623,bcu,J2131.1-6625
6597,J2130.8+2649,,
6598,J2131.0-2746,bll,J2130.8-2745
6599,J2131.4-1124,,
6600,J2131.5+2016,spp,
6601,J2131.5-0916,bll,J2131.5-0915
6602,J2131.6-3714,,
6603,J2131.7-2515,bll,J2131.8-2516
6604,J2132.0-5418,bcu,J2132.4-5420
6605,J2132.3-2005,,
6606,J2133.0+2610,bcu,J2131.5+2605
6607,J2133.1+2529c,bll,J2133.3+2533
6608,J2133.1-6432,,J2133.0-6433
6609,J2133.6+8002,bcu,
6610,J2133.6+1439,bcu,
6611,J2133.9+6646,bll,J2133.8+6648
6612,J2134.2-0154,bll,J2134.1-0152
6613,J2134.3-0319,,
6614,J2134.3-6511,bcu,J2134.5-6513
6615,J2134.5-2130,bll,J2134.5-2131
6616,J2135.3-5006,fsrq,J2135.3-5008
6617,J2136.2+0032,fsrq,
6618,J2136.2-0642,bcu,
6619,J2136.5+4259,bcu,
6620,J2137.4-3209,bcu,
6621,J2138.3+3556,bcu,
6622,J2138.3-4933,bcu,J2138.2-4939
6623,J2138.8-2055,bll,J2139.1-2054
6624,J2138.9-0408,,
6625,J2139.1+3724,bcu,
6626,J2139.2-2214,bcu,
6627,J2139.2-2444,fsrq,
6628,J2139.4-4235,bll,J2139.4-4235
6629,J2139.9+3910,bcu,J2139.5+3919
6630,J2140.0+4716,PSR,J2140.0+4715
6631,J2140.5-6731,bcu,J2140.8-6743
6632,J2141.4+2947,bll,
6633,J2141.4+0733,,
6634,J2141.7-6410,bcu,J2141.6-6412
6635,J2141.8-3727,fsrq,J2141.7-3734
6636,J2142.1+4501,bcu,
6637,J2142.4+3659,bcu,
6638,J2142.5-2029,,J2142.6-2029
6639,J2142.5-2552,bcu,J2142.2-2546
6640,J2142.7-0437,fsrq,
6641,J2142.8+1958,bcu,J2142.7+1957
6642,J2143.0-5501,bcu,
6643,J2143.1-3929,bll,J2143.1-3928
6644,J2143.4+6608c,,
6645,J2143.5+1743,fsrq,J2143.5+1744
6646,J2143.6-0904,,
6647,J2143.9+3337,bcu,
6648,J2144.2+3132,bll,J2144.2+3132
6649,J2144.2+7709c,,
6650,J2144.3-7802,fsrq,
6651,J2144.7-5640,,J2144.6-5640
6652,J2144.8-1817,bcu,
6653,J2144.8-1600,,
6654,J2145.0-3356,fsrq,J2144.9-3356
6655,J2145.5+1006,bll,J2145.5+1007
6656,J2145.7+0718,bll,J2145.7+0717
6657,J2146.4-1528,fsrq,J2146.7-1527
6658,J2146.5-1344,bll,J2146.6-1344
6659,J2146.8+0425,bcu,
6660,J2146.8+4808,,
6661,J2146.9-3606,,
6662,J2147.0+5738c,,
6663,J2147.1+0931,FSRQ,J2147.2+0929
6664,J2147.1-0334,,
6665,J2147.3-7536,FSRQ,J2147.3-7536
6666,J2147.4-3854,,
6667,J2147.4-3713,,
6668,J2147.7+4735c,,J2147.2+4730c
6669,J2148.0-0733,bll,
6670,J2148.6+0652,fsrq,J2148.2+0659
6671,J2148.9-0121,bcu,
6672,J2149.1+6104,bcu,
6673,J2149.6+0323,bll,J2149.7+0323
6674,J2149.7+1917,bcu,J2149.6+1915
6675,J2150.1-1410,bll,J2150.2-1411
6676,J2150.7-1750,bll,J2150.5-1754
6677,J2150.7-2810,fsrq,
6678,J2150.8+1118,bll,
6679,J2151.2-4034,,
6680,J2151.4+4156,bll,J2151.6+4154
6681,J2151.7-2749,fsrq,J2151.6-2744
6682,J2151.8-3027,fsrq,J2151.8-3025
6683,J2152.0+4718c,,
6684,J2152.0-1205,bll,
6685,J2152.5-0607,,
6686,J2152.5+1737,bll,J2152.4+1735
6687,J2152.9-3930,,
6688,J2153.0-6442,,
6689,J2153.1-0041,bll,J2152.9-0045
6690,J2153.8-1137,fsrq,J2154.0-1137
6691,J2155.2+2249,fsrq,
6692,J2155.3+6602,bcu,
6693,J2156.0+1818,bll,J2156.0+1818
6694,J2156.0-6942,rdg,
6695,J2156.2+6955,,
6696,J2156.3-0036,fsrq,
6697,J2156.6+6354c,,
6698,J2156.9-0854,bll,J2156.9-0855
6699,J2157.0+1002,fsrq,
6700,J2157.3-3840,,
6701,J2157.5+3127,fsrq,J2157.5+3126
6702,J2157.8+7142c,,
6703,J2158.1-1501,fsrq,J2158.0-1501
6704,J2158.5-7550,bcu,
6705,J2158.8-3013,bll,J2158.8-3013
6706,J2159.1-2840,bll,J2159.2-2841
6707,J2159.6-4620,,
6708,J2159.8-4751,bcu,
6709,J2200.0-5059,,
6710,J2200.1+2138,bll,J2200.2+2139
6711,J2200.3+1029,bll,J2159.8+1025
6712,J2200.6+0232,fsrq,
6713,J2200.7-2414,bcu,J2200.9-2412
6714,J2201.0-5907,bcu,
6715,J2201.0-6928,,J2200.0-6930
6716,J2201.0-3228,,
6717,J2201.5-8339,fsrq,J2202.4-8339
6718,J2201.5+2950,bcu,
6719,J2201.8+5048,fsrq,J2201.7+5047
6720,J2201.9-1706,bll,
6721,J2202.7+4216,BLL,J2202.7+4217
6722,J2202.7-5637,bll,
6723,J2202.8-2328,fsrq,
6724,J2203.3-5009,,J2204.3-5017
6725,J2203.4+1725,fsrq,J2203.4+1725
6726,J2203.6+6751,bcu,
6727,J2204.3+0438,bll,J2204.4+0439
6728,J2204.5+3634,bll,
6729,J2205.0+0943,,
6730,J2205.0+7432,bcu,
6731,J2205.5+6016,MSP,
6732,J2205.8-8254c,,
6733,J2206.8-0032,bll,J2206.9-0031
6734,J2207.0+3607,bcu,
6735,J2207.1+4316,bcu,
6736,J2207.1+2222,,
6737,J2207.2-2122,fsrq,
6738,J2207.3+2746,,
6739,J2207.5-5346,fsrq,J2207.8-5345
6740,J2207.6+0053,fsrq,
6741,J2208.1+4058,PSR,
6742,J2208.1-4507,bcu,
6743,J2208.2+0350,bll,
6744,J2208.4+6443e,,J2207.5+6440
6745,J2209.2+3710,,J2209.0+3652
6746,J2209.4+4329,bcu,
6747,J2209.7-0451,bll,J2209.8-0450
6748,J2209.8-5028,bcu,
6749,J2210.2+5919,,J2210.1+5925
6750,J2210.2+1624,,
6751,J2210.4-0930,,
6752,J2210.5+3623,bcu,
6753,J2210.8+3203,bcu,
6754,J2210.9-0026,bll,
6755,J2211.0-0003,bll,
6756,J2211.2-1325,fsrq,
6757,J2211.4-7040,bll,J2212.3-7039
6758,J2211.9-2924,,
6759,J2211.9+0821,bcu,
6760,J2212.0+2356,fsrq,J2212.0+2355
6761,J2212.2-7251,bcu,
6762,J2212.4+0708,,J2212.5+0703
6763,J2212.6+2800,bll,J2212.6+2801
6764,J2212.8+0647,fsrq,J2212.9+0654
6765,J2212.9-2526,fsrq,J2213.1-2532
6766,J2212.9+7921c,,
6767,J2213.5-4754,bll,J2213.6-4755
6768,J2213.9+5948c,bcu,J2214.5+5949
6769,J2214.6+3000,MSP,J2214.6+3000
6770,J2215.4+0544,bll,
6771,J2215.4+6105,bcu,
6772,J2215.6+5135,MSP,J2215.6+5134
6773,J2216.8+3103,fsrq,
6774,J2216.9+2421,bll,J2217.0+2421
6775,J2217.0-6727,,
6776,J2217.5+6346,unk,J2217.2+6346
6777,J2217.5-2738,,
6778,J2218.5+6822,,
6779,J2218.6+1941,bcu,
6780,J2218.8+0905,,
6781,J2218.8+4736,,
6782,J2219.2+1806,fsrq,J2219.2+1806
6783,J2219.2-0342,fsrq,
6784,J2219.4+3229,,
6785,J2219.5+4653,unk,
6786,J2219.7-6837,,J2220.6-6833
6787,J2220.5+2813,bll,J2220.3+2812
6788,J2220.8+6319,,J2221.7+6318
6789,J2221.1+6605,,
6790,J2221.5-5225,bll,J2221.6-5225
6791,J2221.6+6349c,,
6792,J2221.8+3358,bcu,
6793,J2221.9+5955,,
6794,J2221.9-3504,fsrq,J2222.3-3500
6795,J2222.1-3907,,
6796,J2222.8+1209,bcu,
6797,J2222.9+1507,,
6798,J2223.0+2137,,
6799,J2223.0+2704,,
6800,J2223.0+6746,bcu,
6801,J2223.3+0102,bll,J2223.3+0103
6802,J2223.4+5814,bcu,
6803,J2223.9+4128,,
6804,J2224.0-1127,bll,J2224.6-1122
6805,J2224.3+7737,bcu,
6806,J2224.5+0353,bcu,J2224.4+0351
6807,J2225.2+6146,,
6808,J2225.5-1114,bll,J2224.6-1122
6809,J2225.6+2120,fsrq,
6810,J2225.7-0457,fsrq,J2225.6-0454
6811,J2225.8-0804,,
6812,J2226.5+6901c,bcu,
6813,J2226.6+0210,bcu,
6814,J2226.7+6052e,SPP,J2225.8+6045
6815,J2226.8+0051,fsrq,
6816,J2227.1+6455,,
6817,J2227.9-3031,rdg,J2227.7-3036
6818,J2227.9+0036,bll,J2227.8+0040
6819,J2228.0-1918,bcu,
6820,J2228.0-4155,bcu,
6821,J2228.5+2211,bcu,
6822,J2228.6-1636,bll,J2228.5-1636
6823,J2229.0+6114,PSR,J2229.0+6114
6824,J2229.1+2254,bll,J2229.1+2255
6825,J2229.2-6911,bcu,
6826,J2229.2+6421c,,
6827,J2229.3+5348,unk,
6828,J2229.5+2549,bcu,
6829,J2229.7-0832,FSRQ,J2229.7-0833
6830,J2230.6+6619c,,
6831,J2230.9-7815,fsrq,J2230.5-7817
6832,J2231.0-4416,fsrq,J2230.6-4419
6833,J2231.6+2754,bcu,
6834,J2232.3+7616,bcu,
6835,J2232.3+6246,bcu,
6836,J2232.6+1143,FSRQ,J2232.5+1143
6837,J2232.6-2023,bll,J2232.9-2021
6838,J2232.8+1334,bll,
6839,J2233.3+6530c,,
6840,J2233.9-1229,bcu,J2233.5-1235
6841,J2234.1-2656,bll,J2234.1-2655
6842,J2234.2-4156,,
6843,J2234.7+0943,MSP,J2234.8+0945
6844,J2234.8-2610,,
6845,J2235.1-0623,bcu,
6846,J2235.3+1818,bll,
6847,J2235.3-4836,fsrq,J2235.3-4835
6848,J2235.8-3627,bll,J2236.0-3629
6849,J2236.2-1706,bll,J2236.0-1706
6850,J2236.3+2828,fsrq,J2236.3+2829
6851,J2236.4-2309,bcu,J2235.6-2319
6852,J2236.5-1433,BLL,J2236.5-1432
6853,J2236.6+3706,bll,
6854,J2236.9+1839,,
6855,J2237.0-3921,fsrq,J2237.1-3921
6856,J2237.2-6726,,
6857,J2237.4+5124,bcu,
6858,J2237.6-5126,,
6859,J2237.8+2430,,
6860,J2238.5+5903,PSR,J2238.4+5903
6861,J2239.2-5657,fsrq,
6862,J2239.5-2440,bcu,
6863,J2240.3-5241,,
6864,J2240.3-1246,bcu,
6865,J2240.4+5133,bcu,
6866,J2240.6+5833,PSR,J2240.9+5831
6867,J2240.7-4746,bcu,
6868,J2240.9-1825,bcu,
6869,J2241.1-4122,bcu,
6870,J2241.2+4303,,
6871,J2241.2+4120,bll,J2240.9+4121
6872,J2241.3+2943,bcu,
6873,J2241.4-8327,,J2237.5-8326
6874,J2241.5+0454,bcu,
6875,J2241.7-5236,MSP,J2241.6-5237
6876,J2241.9+5729,unk,
6877,J2243.4-2544,bll,J2243.4-2541
6878,J2243.5-3931,bcu,J2243.2-3933
6879,J2243.5+3220,bcu,
6880,J2243.7-1231,bll,J2243.6-1230
6881,J2243.8-2510,bcu,
6882,J2243.9+2021,bll,J2243.9+2021
6883,J2244.2+4057,fsrq,J2244.1+4057
6884,J2244.6+2502,bll,J2244.6+2503
6885,J2244.9-0007,bll,
6886,J2245.5-1734,bcu,
6887,J2245.8-5609,fsrq,
6888,J2245.8-4148,,
6889,J2245.9+1544,bll,J2246.3+1549
6890,J2246.4+8426c,,
6891,J2246.5-1204,fsrq,
6892,J2246.7-5207,bll,J2246.7-5205
6893,J2247.1+4658,bcu,
6894,J2247.4-0001,bll,J2247.2-0004
6895,J2247.5+5812c,,
6896,J2247.5-3700,fsrq,
6897,J2247.7-5857,,
6898,J2247.8+4413,bll,J2247.8+4413
6899,J2248.7-3235,fsrq,J2248.6-3235
6900,J2248.7-4302,bcu,
6901,J2248.9+2107,fsrq,
6902,J2249.4+6222,,
6903,J2249.4-1300,bll,
6904,J2249.7-5944,bcu,J2249.3-5943
6905,J2249.9+0452,bcu,
6906,J2250.0-1250,bcu,
6907,J2250.0+3825,bll,J2250.1+3825
6908,J2250.4-4206,bll,J2250.3-4206
6909,J2250.4+1748,bll,J2250.3+1747
6910,J2250.5+3305,,J2250.6+3308
6911,J2250.6+5809,,
6912,J2250.7-2806,bll,J2250.7-2806
6913,J2251.2+5550,bcu,
6914,J2251.5-4928,bll,J2251.5-4928
6915,J2251.7-3208,bcu,
6916,J2252.0+8149,bcu,
6917,J2252.0+4031,bll,J2251.9+4031
6918,J2252.6+1245,bll,
6919,J2252.6+5808,spp,
6920,J2253.2-1232,bcu,J2253.1-1237
6921,J2253.3+3233,bcu,
6922,J2253.7+1405,bll,J2254.0+1403
6923,J2253.9+1609,FSRQ,J2254.0+1608
6924,J2254.2+4305,bcu,J2254.6+4253
6925,J2254.4+0108,,
6926,J2254.8-2725,bll,
6927,J2254.9+5802,unk,
6928,J2255.2+2411,bll,J2255.1+2411
6929,J2255.8-6543,fsrq,
6930,J2256.0-2740,fsrq,
6931,J2256.3-3303,bll,
6932,J2256.4-7119,bcu,
6933,J2256.4+5829,sfr,
6934,J2256.5+6212c,,J2257.5+6222c
6935,J2256.6-2011,bll,J2256.7-2011
6936,J2256.7+1307,bll,
6937,J2256.8-1024,MSP,J2256.7-1022
6938,J2257.5+0748,bll,
6939,J2257.9+7807,,
6940,J2258.1-2759,fsrq,J2258.0-2759
6941,J2258.3-3643,bll,J2258.2-3645
6942,J2258.4-5524,bll,J2258.3-5526
6943,J2258.5-8247,bcu,J2258.1-8248
6944,J2258.6+5847c,sfr,
6945,J2259.7-3549,fsrq,J2300.1-3547
6946,J2259.8-1552,bcu,J2259.9-1553
6947,J2300.1+4053,bll,J2300.0+4053
6948,J2300.3+3136,bll,J2300.3+3136
6949,J2300.3-6401,,
6950,J2300.7-2645,fsrq,
6951,J2300.8-0736,bcu,
6952,J2300.9+7108,bcu,
6953,J2301.0-0158,fsrq,
6954,J2301.7+0608,bcu,
6955,J2301.8+6235c,,
6956,J2301.9+5855e,SNR,
6957,J2302.1-1446,,
6958,J2302.2+3721,,
6959,J2302.4-3545,,
6960,J2302.7+4443,MSP,J2302.7+4443
6961,J2302.8-1841,rdg,
6962,J2303.9+5554,,J2303.7+5555
6963,J2304.0+5406e,,
6964,J2304.3+0618,bcu,
6965,J2304.6+3704,bll,J2304.6+3704
6966,J2304.7+1647,,
6967,J2305.6-4214,bcu,J2305.3-4219
6968,J2306.6+0940,,
6969,J2306.6-1105,bll,
6970,J2306.8-3036,bcu,
6971,J2307.4-1206,bll,J2307.4-1208
6972,J2307.5+8629c,bcu,
6973,J2307.6+1451,bll,J2307.7+1449
6974,J2307.7+6712,bcu,
6975,J2307.8-1655,,
6976,J2308.6-4555,bcu,
6977,J2308.9+1111,bcu,
6978,J2309.0+5425,unk,J2309.0+5428
6979,J2309.7-3632,bll,J2309.6-3633
6980,J2310.0-0555,MSP,J2310.1-0557
6981,J2310.3-7354,bcu,
6982,J2311.0+0205,bll,J2311.0+0204
6983,J2311.0+3425,FSRQ,J2311.0+3425
6984,J2311.6-4427,,
6985,J2311.7+2604,bcu,
6986,J2311.8+4541,fsrq,
6987,J2312.2-6536,bcu,
6988,J2312.4+8253,,
6989,J2312.5+7241,bcu,
6990,J2313.4-6922,bcu,J2312.9-6923
6991,J2313.4+5947,,
6992,J2313.5+3945,bcu,J2313.1+3935
6993,J2313.9-4501,bcu,
6994,J2314.0+1445,bll,J2314.0+1443
6995,J2315.6-5018,bll,J2315.7-5018
6996,J2315.9+5955c,unk,
6997,J2316.7-3144,,
6998,J2316.8-2518,,
6999,J2316.9-5210,bll,J2316.8-5209
7000,J2317.0+3756,bcu,
7001,J2317.3+1433,MSP,
7002,J2317.4-4533,bll,J2317.3-4534
7003,J2317.6+6036c,,
7004,J2317.7+2839,,
7005,J2317.8+6140c,,
7006,J2318.2+1915,bcu,J2318.6+1912
7007,J2318.6-3827,,J2318.6-3829
7008,J2318.6-1657,fsrq,
7009,J2318.9+4151,,
7010,J2319.0+5102c,,
7011,J2319.1-4207,bll,J2319.2-4207
7012,J2319.6-0456,bcu,
7013,J2319.7+1609,bll,
7014,J2320.1-2440,,
7015,J2320.2+0707,,
7016,J2320.7+6115,unk,
7017,J2320.8-0823,fsrq,
7018,J2321.0-6308,bll,
7019,J2321.0+2836,bcu,
7020,J2321.4+5111,bcu,J2321.3+5113
7021,J2321.4+6145c,,
7022,J2321.5-1619,bll,J2321.6-1619
7023,J2321.7-6438,bll,J2321.2-6439
7024,J2321.9+3204,fsrq,J2321.9+3204
7025,J2321.9+2734,fsrq,J2321.9+2732
7026,J2321.9-4842,,
7027,J2322.1+4440,fsrq,J2321.6+4438
7028,J2322.3+2248,,
7029,J2322.4-2906,bcu,
7030,J2322.6-0735,bcu,
7031,J2322.7+3436,bll,J2322.5+3436
7032,J2322.8-4916,bll,J2322.9-4917
7033,J2322.8-4221,bll,
7034,J2323.1+2040,,
7035,J2323.4+5849,snr,J2323.4+5849
7036,J2323.5-0317,fsrq,J2323.5-0315
7037,J2323.6-0617,fsrq,
7038,J2323.8+4210,bll,J2323.9+4211
7039,J2323.9+2519,,J2323.7+2523
7040,J2323.9+6219,,
7041,J2324.5+7950,,
7042,J2324.6+3115,,
7043,J2324.7-4041,bll,J2324.7-4040
7044,J2324.7+0801,bll,J2324.7+0801
7045,J2325.2-2010,bcu,
7046,J2325.2+3957,bll,J2325.2+3957
7047,J2325.4-4800,bll,J2325.4-4758
7048,J2325.4-3559,fsrq,J2325.3-3557
7049,J2325.6+1644,bll,J2325.6+1650
7050,J2325.7+1821,bcu,
7051,J2325.9+6206c,bcu,
7052,J2326.2+0113,bcu,
7053,J2326.5+6122,spp,
7054,J2326.9-0201,rdg,
7055,J2326.9-4130,,J2327.2-4130
7056,J2327.3+4717,bll,
7057,J2327.4+0444,bll,
7058,J2327.5-3259,bcu,
7059,J2327.5+0939,fsrq,J2327.7+0941
7060,J2327.8-5626,bcu,
7061,J2328.0-2557,,
7062,J2328.2-4422,,
7063,J2328.3-4036,fsrq,J2328.4-4034
7064,J2328.8+4537,,
7065,J2329.0+0832,fsrq,
7066,J2329.2+3755,bll,J2329.2+3754
7067,J2329.3-4955,FSRQ,J2329.3-4955
7068,J2329.3-4733,fsrq,J2329.9-4734
7069,J2329.7+6101,bcu,J2329.8+6102
7070,J2329.7-2118,rdg,
7071,J2330.2+7759,bcu,
7072,J2330.3-2332,bcu,
7073,J2330.3-2948,bll,
7074,J2330.4+1230,bcu,
7075,J2330.5+1102,fsrq,J2330.5+1104
7076,J2330.5-2445,,
7077,J2330.6-3726,bll,J2330.4-3726
7078,J2331.0-2147,fsrq,J2330.9-2144
7079,J2331.1-1653,bcu,
7080,J2331.2-3839,bcu,
7081,J2331.3-1558,fsrq,J2331.8-1607
7082,J2331.5-0258,bcu,
7083,J2331.6+4430,,
7084,J2332.1-4118,fsrq,
7085,J2333.1-5527,MSP,J2333.0-5525
7086,J2333.4-0133,fsrq,
7087,J2333.9-2343,bcu,
7088,J2334.0-2528,bcu,
7089,J2334.2+0736,fsrq,J2334.1+0732
7090,J2334.8+1432,bll,J2334.8+1432
7091,J2335.4-2345,,J2335.6-2342
7092,J2335.4-0128,fsrq,J2335.1-0133
7093,J2335.9-5811,bcu,
7094,J2336.2-3136,bcu,
7095,J2336.2-0715,,
7096,J2336.5-7622,bll,J2336.5-7620
7097,J2336.6+2356,bcu,J2336.5+2356
7098,J2336.6-4115,fsrq,J2336.5-4116
7099,J2336.9-8427,,J2337.2-8425
7100,J2336.9-5859,bcu,
7101,J2337.7+1449c,,
7102,J2337.7-2903,,
7103,J2338.0-0230,fsrq,J2338.1-0229
7104,J2338.1+0325,fsrq,
7105,J2338.1+0411,,
7106,J2338.9+2124,bll,J2339.0+2122
7107,J2339.2-7403,bll,J2338.7-7401
7108,J2339.3-2656,bcu,
7109,J2339.4+3008,,
7110,J2339.6+0242,bcu,J2338.7+0251
7111,J2339.6-0533,MSP,J2339.6-0533
7112,J2340.5+3854,bcu,J2340.7+3847
7113,J2340.8+8015,bll,J2340.7+8016
7114,J2341.8-2917,rdg,
7115,J2342.4-4739,,
7116,J2342.7+3154,,
7117,J2343.0-4756,,J2343.0-4748
7118,J2343.6+3438,bll,J2343.7+3437
7119,J2343.7-5624,bcu,
7120,J2343.9+1539,fsrq,J2343.6+1551
7121,J2343.9+0546,bll,J2344.4+0549
7122,J2344.7-4234,,
7123,J2345.2-1555,FSRQ,J2345.2-1554
7124,J2345.9+3413,bcu,
7125,J2346.2-4322,,
7126,J2346.7+0705,bll,J2346.7+0705
7127,J2346.7+8008,bll,
7128,J2347.0-5720,,
7129,J2347.0+5141,bll,J2347.0+5142
7130,J2347.8+6256,spp,
7131,J2347.9+5436,bcu,J2347.9+5436
7132,J2347.9-5106,,J2348.4-5100
7133,J2348.0-1630,fsrq,J2348.0-1630
7134,J2348.1-4934,bcu,
7135,J2348.3-6049,bcu,
7136,J2348.6-0426,fsrq,
7137,J2348.6-2054,,
7138,J2349.2+4535,bll,
7139,J2349.4+0534,fsrq,
7140,J2350.0+2622,,
7141,J2350.4-0559,bll,
7142,J2350.5-3930,,
7143,J2350.6-3005,bll,J2350.4-3004
7144,J2350.7+6738c,,
7145,J2350.9-1416,bcu,
7146,J2351.3-7559,bll,J2351.9-7601
7147,J2351.3+3913,,
7148,J2351.4-2818,,
7149,J2351.7-3416,bcu,
7150,J2352.0+1750,bll,J2352.0+1752
7151,J2352.1-4301,bcu,
7152,J2352.7+6027,unk,
7153,J2352.9+3031,bcu,
7154,J2353.1-4806,bcu,J2353.3-4805
7155,J2353.2+3135,,
7156,J2353.5+6646,bcu,J2353.3+6639
7157,J2353.5-1457,bll,
7158,J2353.7-3037,bll,J2353.6-3037
7159,J2353.8-3911,bcu,J2353.7-3911
7160,J2354.1+2720,bll,J2354.0+2722
7161,J2354.1-0958,fsrq,
7162,J2354.6+4554,fsrq,
7163,J2354.9+8151,fsrq,J2355.5+8154
7164,J2355.2-5247,,J2354.8-5245
7165,J2355.2+6257c,spp,
7166,J2355.5-6614,,J2354.4-6612
7167,J2355.7-3351,bcu,
7168,J2356.2+4036,bll,J2356.0+4037
7169,J2357.0-4840,bcu,
7170,J2357.4-0152,bll,J2357.3-0150
7171,J2357.4-1718,bll,J2357.4-1716
7172,J2357.7-1937,,
7173,J2357.7+6802,,J2356.9+6812
7174,J2357.8-5311,fsrq,J2357.8-5310
7175,J2357.8+6231,spp,
7176,J2357.8+6839,,
7177,J2358.0-4601,bcu,J2358.0-4552
7178,J2358.1-2853,bcu,J2358.3-2853
7179,J2358.3-1021,fsrq,J2358.2-1022
7180,J2358.3+3830,bll,J2358.5+3827
7181,J2358.4+6547,bcu,J2359.6+6543c
7182,J2358.5-1808,bll,J2358.6-1809
7183,J2358.7+5646,,
7184,J2359.0+3922,fsrq,J2358.9+3926
7185,J2359.0-3038,bll,J2359.3-3038
7186,J2359.1+1719,bcu,
7187,J2359.2-3134,fsrq,
7188,J2359.3+0215,bcu,
7189,J2359.3+2502,,
7190,J2359.3-2049,bll,J2359.5-2052
7191,J2359.3+1444,,
7192,J2359.7-5041,bcu,
7193,J2359.9-3736,bcu,J0000.2-3738
7194,J2359.9+3145,bcu,
