,4FGLDR2,CLASS1-4FGLDR2,4FGLDR2-3FGL
0,J0000.3-7355,,
1,J0000.5+0743,,
2,J0001.2+4741,bcu,
3,J0001.2-0747,bll,J0001.2-0748
4,J0001.5+2113,fsrq,J0001.4+2120
5,J0001.6-4156,bcu,J0002.2-4152
6,J0002.1-6728,bcu,J0002.0-6722
7,J0002.1+6721c,unk,
8,J0002.3-0815,bcu,
9,J0002.4-5156,bcu,
10,J0002.7+7220,spp,
11,J0002.8+6217,PSR,J0002.6+6218
12,J0003.1-5248,bcu,J0003.2-5246
13,J0003.2+2207,bll,
14,J0003.3+2511,,
15,J0003.3-1928,bcu,
16,J0003.3-5905,bcu,
17,J0003.6+3059,,J0003.4+3100
18,J0003.9-1149,bll,J0003.8-1151
19,J0004.0+5715,,J0003.5+5721
20,J0004.0+0840,bll,J0004.2+0843
21,J0004.3+4614,fsrq,
22,J0004.4-4737,fsrq,J0004.7-4740
23,J0004.4-4001,,
24,J0005.6+6746c,,
25,J0005.9+3824,fsrq,J0006.4+3825
26,J0006.3-0620,bll,
27,J0006.4+0135,bll,J0006.2+0135
28,J0006.6+4618,,J0006.6+4618
29,J0007.0+7303,PSR,J0007.0+7302
30,J0007.7+4008,bcu,J0007.9+4006
31,J0008.0+4711,bll,J0008.0+4713
32,J0008.0-3937,bcu,
33,J0008.4+6926,,
34,J0008.4-2339,bll,J0008.6-2340
35,J0008.4+1455,bcu,J0008.3+1456
36,J0008.9+2509,,
37,J0009.1-5012,,
38,J0009.1+0628,bll,J0009.1+0630
39,J0009.2+6847,,J0008.5+6853
40,J0009.2+1745,,
41,J0009.3+5030,bll,J0009.3+5030
42,J0009.7-1418,,J0010.5-1425
43,J0009.7-3217,rdg,J0009.6-3211
44,J0009.8-4317,bll,
45,J0009.8+1340,bcu,
46,J0010.2-2431,,
47,J0010.6+2043,fsrq,
48,J0010.6-3025,fsrq,
49,J0010.8-2154,bcu,
50,J0011.4-4110,bcu,
51,J0011.4+0057,fsrq,J0011.3+0054
52,J0011.8-3142,bcu,
53,J0012.0+7043,bcu,J0012.4+7040
54,J0013.1-3955,bll,J0013.2-3954
55,J0013.4+0950,bcu,
56,J0013.6+4051,agn,
57,J0013.6-0424,fsrq,
58,J0013.9-1854,bll,J0013.9-1853
59,J0014.1+1910,bll,J0013.8+1907
60,J0014.1-5022,bll,J0014.0-5025
61,J0014.2+0854,bll,
62,J0014.3-0500,bcu,J0014.3-0455
63,J0014.7+5801,bll,J0014.7+5802
64,J0014.8+6118,bcu,J0014.6+6119
65,J0014.9+3212,bcu,
66,J0015.2+3537,bll,
67,J0015.6+5551,bll,J0015.7+5552
68,J0015.9+2440,bll,
69,J0016.2-0016,fsrq,J0016.3-0013
70,J0016.5+1702,fsrq,J0016.5+1713
71,J0017.0-0649,bcu,J0017.2-0643
72,J0017.1-4605,,
73,J0017.5-0514,FSRQ,J0017.6-0512
74,J0017.8+1455,bll,
75,J0018.4+2946,bll,J0018.4+2947
76,J0019.2-5640,bcu,J0019.1-5645
77,J0019.3-8152,bll,J0018.9-8152
78,J0019.6+7327,fsrq,
79,J0019.6+2022,bll,J0019.4+2021
80,J0020.3+6919,bcu,
81,J0021.0+0322,bcu,J0020.9+0323
82,J0021.5-2552,bll,J0021.6-2553
83,J0021.6-0855,bll,
84,J0021.9-5140,bll,J0022.1-5141
85,J0022.0+0006,bll,
86,J0022.0-5921,,
87,J0022.1-1854,bll,J0022.1-1855
88,J0022.5+0608,bll,J0022.5+0608
89,J0023.4+0920,PSR,J0023.4+0923
90,J0023.6-4209,,
91,J0023.7-6820,fsrq,J0021.6-6835
92,J0023.7+4457,fsrq,J0023.5+4454
93,J0023.9+1603,bll,
94,J0024.0-7204,glc,J0023.9-7203
95,J0024.1+2402,,
96,J0024.4+4647,bcu,
97,J0024.7+0349,fsrq,J0024.4+0350
98,J0025.2-2231,fsrq,
99,J0025.3+6408,snr,J0025.7+6404
100,J0025.4-4838,,
101,J0025.5-5936,,
102,J0025.7-4801,bcu,
103,J0026.1-0732,,
104,J0026.6-4600,bll,J0026.7-4603
105,J0028.1+7505,bcu,J0028.6+7507
106,J0028.4+2001,fsrq,J0028.8+1951
107,J0028.8-0112,bll,
108,J0028.9+3553,bcu,
109,J0029.0-7044,bll,J0029.1-7045
110,J0029.4+2051,bcu,
111,J0030.2-1647,bll,J0030.2-1646
112,J0030.3-4224,fsrq,J0030.3-4223
113,J0030.4+0451,PSR,J0030.4+0451
114,J0030.6-0212,bcu,J0030.7-0209
115,J0030.6+0539,,
116,J0030.9-3618,,
117,J0031.0-2327,,J0031.2-2320
118,J0031.3+0726,bll,J0031.3+0724
119,J0031.5-5648,,
120,J0032.3-5522,bcu,J0032.3-5522
121,J0032.3-5539,,
122,J0032.4-2849,bll,J0032.3-2852
123,J0033.3-2040,bll,
124,J0033.5-1921,bll,J0033.6-1921
125,J0033.9+3858,bcu,
126,J0034.0-4116,bcu,
127,J0034.3-0534,PSR,J0034.3-0534
128,J0034.6+6438,,
129,J0035.0-5728,bcu,
130,J0035.2+1514,bll,J0035.2+1513
131,J0035.2-1739,,
132,J0035.8-0837,bll,
133,J0035.8+6131,bcu,
134,J0035.9+5950,bll,J0035.9+5949
135,J0036.9+1832,bcu,
136,J0037.2-2653,,
137,J0037.6+3653,fsrq,
138,J0037.8+1239,bll,J0037.9+1239
139,J0037.9+2612,bll,
140,J0038.1+0012,bll,J0038.0+0012
141,J0038.2-2459,fsrq,J0038.0-2501
142,J0038.7-0204,rdg,
143,J0039.0-0946,fsrq,J0039.1-0939
144,J0039.1-2219,bcu,J0039.0-2218
145,J0039.1+6257,,J0039.3+6256
146,J0039.1+4330,bcu,J0039.1+4330
147,J0039.7+4203,,
148,J0040.2-2725,,
149,J0040.3+4050,bll,J0040.3+4049
150,J0040.4-2340,bll,J0040.5-2339
151,J0040.7-7157,,
152,J0040.9+3203,bcu,
153,J0041.3+6052,bcu,
154,J0041.4+3800,fsrq,
155,J0041.7-1607,bcu,
156,J0041.9-4702,bcu,
157,J0042.0+3640,bll,J0041.9+3639
158,J0042.2+2319,fsrq,J0042.0+2318
159,J0043.2+4114,gal,J0042.5+4117
160,J0043.5-0442,bll,J0043.5-0444
161,J0043.6+2223,bcu,
162,J0043.7-1116,bll,J0043.7-1117
163,J0043.8+3425,fsrq,J0043.8+3425
164,J0044.2-8424,fsrq,J0046.7-8419
165,J0044.8+6802,bcu,
166,J0045.1-3706,fsrq,J0045.2-3704
167,J0045.3+2128,bll,J0045.3+2126
168,J0045.7+1217,bll,J0045.7+1217
169,J0045.8-1324,,
170,J0045.9-2021,,
171,J0046.7-7048,,
172,J0047.0+5657,bll,J0047.0+5658
173,J0047.1-6203,bcu,
174,J0047.3+6943,unk,
175,J0047.5-2517,sbg,J0047.5-2516
176,J0047.9+3947,bll,J0048.0+3950
177,J0047.9+5448,bcu,J0047.9+5447
178,J0047.9+2233,fsrq,J0048.0+2236
179,J0048.6-6347,,J0048.1-6343
180,J0048.6-2427,bcu,
181,J0049.0+2252,bll,
182,J0049.1+4223,bll,J0049.0+4224
183,J0049.4-5402,bcu,J0049.4-5401
184,J0049.5-4150,bcu,J0049.4-4149
185,J0049.6-4500,fsrq,J0050.0-4458
186,J0049.7+0237,bll,J0049.7+0237
187,J0050.0-5736,fsrq,J0049.8-5737
188,J0050.4-0452,fsrq,J0050.4-0449
189,J0050.7-0929,BLL,J0050.6-0929
190,J0051.1-0648,fsrq,J0051.0-0649
191,J0051.2-6242,bll,J0051.2-6241
192,J0051.5-4220,fsrq,
193,J0052.1+6444,,J0051.6+6445
194,J0052.9-6644,bcu,
195,J0054.4+8627,bcu,
196,J0054.4-1503,,
197,J0054.7-2455,bll,J0054.8-2455
198,J0054.8-1954,bcu,
199,J0055.1-1219,bcu,J0055.2-1213
200,J0055.7+4507,,
201,J0056.3-0935,bll,J0056.3-0935
202,J0056.4-2118,bll,J0056.3-2116
203,J0056.5-3936,bcu,
204,J0056.6-4452,bcu,
205,J0056.6-5317,bcu,
206,J0056.8+1626,bll,
207,J0057.0+4101,bcu,
208,J0057.3+2216,bcu,
209,J0057.5+6814,,
210,J0057.7+3023,rdg,
211,J0057.9+6326,,
212,J0058.0-7245e,GAL,J0059.0-7242e
213,J0058.0-0539,fsrq,J0057.9-0542
214,J0058.0-3233,bll,J0058.0-3233
215,J0058.1+6915,,
216,J0058.3+1723,bll,
217,J0058.3-4603,,
218,J0058.4+3315,fsrq,J0058.3+3315
219,J0058.6-1140,bcu,
220,J0059.2+0006,fsrq,J0059.6+0003
221,J0059.3-0152,bll,J0059.2-0152
222,J0059.4-5654,,J0059.1-5701
223,J0059.5-3512,bll,
224,J0059.5-3338,fsrq,
225,J0059.7-7210,sfr,
226,J0100.3+0745,bll,J0100.2+0745
227,J0101.0-0059,bll,
228,J0101.1-6422,PSR,J0101.0-6422
229,J0101.7-5455,bcu,
230,J0101.8-7543,fsrq,
231,J0102.0-6240,,
232,J0102.0+1639,bcu,
233,J0102.1+4458,,J0102.1+4458
234,J0102.3+1000,,
235,J0102.4+4214,fsrq,J0102.3+4217
236,J0102.4+0942,bll,J0102.1+0943
237,J0102.6-5639,bcu,
238,J0102.7-2001,bcu,
239,J0102.8+5824,fsrq,J0102.8+5825
240,J0102.8+4839,PSR,J0102.8+4840
241,J0102.9-7051,glc,
242,J0103.1+4954,bcu,
243,J0103.5+1526,bll,
244,J0103.5+5337,bll,J0103.4+5336
245,J0103.8+1321,bll,J0103.7+1323
246,J0104.6-0818,,
247,J0104.8-2416,fsrq,J0105.1-2415
248,J0105.1+3929,bll,J0105.3+3928
249,J0106.1+1131,,
250,J0106.4+4855,PSR,J0106.5+4855
251,J0106.9-4832,bcu,
252,J0107.3-1210,bcu,J0107.0-1208
253,J0107.4+0334,bll,
254,J0108.1-0039,fsrq,J0108.5-0035
255,J0108.6+0134,fsrq,J0108.7+0134
256,J0109.1+1815,bll,J0109.1+1816
257,J0109.3+2401,bcu,
258,J0109.7+6133,fsrq,J0109.8+6132
259,J0110.0-4019,bll,J0109.9-4020
260,J0110.1+6805,bll,J0110.2+6806
261,J0110.2+4151,bll,
262,J0110.7-1254,bll,J0110.9-1254
263,J0110.9+4344,bcu,
264,J0111.4+0534,bll,J0111.5+0535
265,J0111.5-2546,bcu,
266,J0112.0+3442,,
267,J0112.0-6634,fsrq,
268,J0112.1+2245,BLL,J0112.1+2245
269,J0112.1-0321,fsrq,
270,J0112.6-3158,bll,
271,J0112.8-7506,bll,J0112.9-7506
272,J0112.8+3208,fsrq,J0112.8+3207
273,J0113.1-3553,fsrq,J0113.0-3554
274,J0113.4+4948,fsrq,J0113.4+4948
275,J0113.7+0225,bll,
276,J0114.0+6418,bcu,
277,J0114.8+1326,bll,J0114.8+1326
278,J0114.9-3400,bll,
279,J0115.1+2622,bcu,
280,J0115.1-0129,fsrq,
281,J0115.4-2917,,
282,J0115.6+0356,bll,J0115.7+0356
283,J0115.8+2519,bll,J0115.8+2519
284,J0116.0-1136,fsrq,J0116.0-1134
285,J0116.0-2745,bll,J0116.2-2744
286,J0116.2-6153,bll,J0116.3-6153
287,J0116.5-2812,bll,
288,J0116.5-3046,fsrq,
289,J0116.8+6914,,J0116.8+6913
290,J0117.5-2442,bll,
291,J0117.8-2109,fsrq,J0117.8-2113
292,J0118.3-6008,,
293,J0118.7-0848,bcu,
294,J0118.9-2141,fsrq,J0118.8-2142
295,J0119.0-1458,bll,J0118.9-1457
296,J0119.4-5354,bcu,
297,J0119.6+4158,bll,
298,J0119.9+4053,bcu,
299,J0120.1+0505,,
300,J0120.2-7944,,
301,J0120.4-2701,bll,J0120.4-2700
302,J0121.7+5153,bcu,J0121.7+5154
303,J0121.8-3916,bll,J0121.8-3917
304,J0122.1-3004,bcu,
305,J0122.4+1034,,
306,J0123.1+3421,bll,J0122.8+3423
307,J0123.7-2311,bll,J0123.7-2312
308,J0124.8-0625,bll,J0125.2-0627
309,J0125.3+6820,,
310,J0125.3-2548,bll,J0125.4-2548
311,J0125.4+3200,bcu,
312,J0125.7-0015,fsrq,
313,J0125.9-6303,,
314,J0126.0-2221,fsrq,J0126.1-2227
315,J0126.3-6746,,
316,J0126.5-1553,bcu,
317,J0126.8+2412,,
318,J0127.1+3310,bll,
319,J0127.2-0819,bll,J0127.1-0818
320,J0127.2+0324,bll,J0127.2+0325
321,J0127.4-4813,bcu,
322,J0127.9+4857,bll,J0127.6+4851
323,J0128.1+7542,,
324,J0128.2+4400,bcu,
325,J0128.3+5710,bcu,
326,J0128.5+4440,fsrq,J0128.5+4430
327,J0129.0+6312,bcu,J0128.4+6257
328,J0129.7+3436,bcu,
329,J0129.8+1440,fsrq,J0130.8+1441
330,J0130.4-2129,bcu,
331,J0130.6+1844,bcu,
332,J0131.1+6120,bll,J0131.2+6120
333,J0131.2+5547,bcu,J0131.3+5548
334,J0131.7-5346,,J0132.1-5340
335,J0132.1-0956,,
336,J0132.7-1654,fsrq,J0132.6-1655
337,J0132.7-0804,bcu,J0132.5-0802
338,J0132.8-4413,bll,J0133.0-4413
339,J0132.8+4324,bcu,J0133.3+4324
340,J0133.0+5931,,J0133.3+5930
341,J0133.1-5201,fsrq,J0133.2-5159
342,J0133.2-4533,bcu,
343,J0134.3-3842,fsrq,J0134.3-3842
344,J0134.5+2637,fsrq,J0134.5+2638
345,J0135.0+5338,bcu,
346,J0135.1+0255,bcu,
347,J0136.5+3906,bll,J0136.5+3905
348,J0137.0+4751,fsrq,J0137.0+4752
349,J0137.3-3239,,
350,J0137.6-2430,fsrq,J0137.6-2430
351,J0137.9+5814,bll,J0137.8+5813
352,J0138.0+2247,bll,
353,J0138.5+0300,,
354,J0138.5-4613,bcu,J0138.5-4612
355,J0138.6+6821,unk,
356,J0139.0+2601,bll,
357,J0139.5-2228,,
358,J0140.3+7054,,
359,J0140.5-4730,,
360,J0140.6-0758,bll,
361,J0140.6+8736,bcu,J0139.9+8735
362,J0141.4-0928,bll,J0141.4-0929
363,J0142.5+6650,,
364,J0142.7-0543,bll,
365,J0143.1-3622,bcu,
366,J0143.5-3156,bcu,
367,J0143.7-5846,bll,J0143.7-5845
368,J0144.3+5959,,
369,J0144.6+2705,bll,J0144.6+2705
370,J0145.0-2732,fsrq,J0145.1-2732
371,J0145.9+2319,bcu,
372,J0146.0-6746,bcu,J0146.4-6746
373,J0146.3+4606,bcu,
374,J0146.9-5202,bll,J0147.0-5204
375,J0147.7-1321,bcu,
376,J0148.2+5201,bll,J0148.3+5200
377,J0148.6+0127,bll,J0148.6+0128
378,J0149.6-0734,bcu,
379,J0150.4+4848,,J0149.6+4846
380,J0150.6-5448,bcu,J0150.5-5447
381,J0150.9+1230,,
382,J0151.0+0539,bcu,J0151.0+0537
383,J0151.3+8601,bll,J0145.6+8600
384,J0151.4-3607,bcu,J0151.0-3609
385,J0151.7+5455,bcu,
386,J0152.2+3714,bcu,J0152.2+3707
387,J0152.2+2206,fsrq,J0151.6+2205
388,J0152.6+0147,bll,J0152.6+0148
389,J0153.0+7517,bll,J0152.8+7517
390,J0153.3+5416,,
391,J0153.4+7114,rdg,J0153.4+7114
392,J0153.5-5107,fsrq,
393,J0153.9+0823,bll,J0154.0+0824
394,J0154.3-0236,bcu,
395,J0154.6+0051,,
396,J0155.0+4433,bll,J0154.9+4433
397,J0155.4-0625,bcu,
398,J0156.1+1502,bcu,
399,J0156.3-2420,,J0156.5-2423
400,J0156.5+3914,bcu,J0156.3+3913
401,J0156.6-1758,bcu,
402,J0156.8-4744,bll,J0156.9-4742
403,J0156.9-5301,bll,J0157.0-5301
404,J0156.9+4648,bcu,
405,J0157.7-4614,fsrq,J0157.9-4615
406,J0158.4+1230,,
407,J0158.5-3932,bll,J0158.6-3931
408,J0158.8+0101,fsrq,J0158.6+0102
409,J0159.0+3313,,
410,J0159.3-4523,bcu,
411,J0159.5+1046,bll,J0159.4+1046
412,J0159.7-2740,bll,J0159.8-2741
413,J0159.8-2234,,
414,J0200.3-4109,bll,J0200.3-4108
415,J0200.6-6637,fsrq,J0200.9-6635
416,J0201.1+0036,bll,
417,J0201.1-4347,bcu,
418,J0202.4+0849,fsrq,J0202.3+0851
419,J0202.4+2943,,
420,J0202.6-0258,fsrq,
421,J0202.7+4204,bll,J0202.5+4206
422,J0202.9-0225,bcu,J0203.1-0227
423,J0203.6+7233,bll,J0204.0+7234
424,J0203.7+3042,bll,J0203.6+3043
425,J0203.9+8120,,
426,J0204.0-3334,bll,
427,J0204.1-2919,bcu,
428,J0204.3-3140,bcu,
429,J0204.3+2417,bll,J0204.2+2420
430,J0204.7+6656,,
431,J0204.8+1513,bcu,J0205.0+1510
432,J0205.0-1700,fsrq,J0205.2-1700
433,J0205.2+3212,fsrq,J0204.8+3212
434,J0205.7+6449,PSR,J0205.5+6448
435,J0206.0-0958,fsrq,
436,J0206.4-1151,fsrq,J0206.4-1150
437,J0206.8-5744,bcu,
438,J0207.2-1832,,
439,J0207.4-3855,bcu,J0207.9-3846
440,J0207.5-1049,bcu,
441,J0207.5-2402,bcu,
442,J0207.9+2203,bcu,
443,J0207.9+0953,bcu,
444,J0208.3-6838,bll,J0208.0-6838
445,J0208.5-0046,bll,
446,J0208.6+3523,bll,J0208.6+3522
447,J0209.3+4449,bll,J0209.5+4449
448,J0209.3-5228,bll,J0209.4-5229
449,J0209.8+2626,,
450,J0209.9+7229,bll,
451,J0210.1+2518,bcu,
452,J0210.5-1445,bcu,
453,J0210.7-5101,FSRQ,J0210.7-5101
454,J0211.1-0646,bll,J0211.2-0649
455,J0211.2+1051,BLL,J0211.2+1051
456,J0211.5+6219,,
457,J0212.1+5321,bin,J0212.1+5320
458,J0212.2-2559,bcu,
459,J0212.2-0219,bcu,
460,J0212.4-3502,bll,J0212.8-3504
461,J0212.8-2721,bcu,J0213.1-2720
462,J0212.9+2244,bll,J0213.0+2245
463,J0213.8-6949,bcu,
464,J0214.1-4733,bcu,
465,J0214.2-7025,bcu,
466,J0214.3+5145,bll,J0214.4+5143
467,J0214.4-5822,bcu,J0214.7-5823
468,J0214.6-4333,bcu,
469,J0214.8-6150,bcu,
470,J0214.9-3722,bcu,
471,J0215.0-5330,,
472,J0215.3+7555,bcu,
473,J0215.9+0300,bcu,J0216.0+0300
474,J0216.5+2313,bll,
475,J0216.6-1015,bcu,J0216.6-1019
476,J0216.8-6635,bll,J0217.0-6635
477,J0216.8+0510,bcu,J0216.4+0507
478,J0217.0-0821,fsrq,J0217.1-0833
479,J0217.2+0837,bll,J0217.2+0837
480,J0217.4+7352,fsrq,J0217.5+7349
481,J0217.8+0144,fsrq,J0217.8+0143
482,J0218.1+4232,PSR,J0218.1+4233
483,J0218.9-2305,bcu,
484,J0218.9+3643,bcu,J0218.9+3642
485,J0219.0+2443,bll,J0219.0+2440
486,J0219.1-1724,bll,J0219.1-1725
487,J0219.5+0724,bll,
488,J0220.1+1155,,
489,J0220.2+3246,fsrq,
490,J0220.8-0841,bll,
491,J0221.1+3556,FSRQ,J0221.1+3556
492,J0221.2-1312,bcu,
493,J0221.4+6241e,SNR,J0224.0+6235
494,J0221.5+2513,fsrq,J0221.2+2518
495,J0221.8+3730,bcu,
496,J0222.0-1616,fsrq,J0222.1-1616
497,J0222.4+6156e,snr,J0223.6+6204
498,J0222.6+4302,BLL,J0222.6+4301
499,J0222.7+5016,,
500,J0223.0-3447,fsrq,
501,J0223.0+6821,bll,J0223.3+6820
502,J0223.1-1117,bll,J0222.9-1117
503,J0223.2-1653,fsrq,
504,J0223.5+5415,bcu,
505,J0223.5+3912,bcu,
506,J0223.5-0928,bcu,
507,J0224.0-7941,bll,J0224.1-7941
508,J0224.0-1850,bcu,J0224.1-1846
509,J0224.2+0700,fsrq,
510,J0224.2+1616,bcu,J0224.4+1615
511,J0224.8+2937,,
512,J0224.9+1843,fsrq,
513,J0225.1-2604,bcu,J0225.2-2602
514,J0225.5-5530,,
515,J0225.6-4502,bcu,
516,J0225.8+1310,bcu,
517,J0226.3-1845,bcu,
518,J0226.5+0938,fsrq,J0226.3+0941
519,J0226.5-4441,bll,J0226.5-4442
520,J0226.6-0553,bcu,
521,J0226.7+2312,bcu,
522,J0226.9+7744,,
523,J0227.2+3928,fsrq,J0226.0+3922
524,J0227.3+0201,bll,J0227.2+0201
525,J0227.8+2246,bcu,J0228.0+2248
526,J0228.0-3026,fsrq,
527,J0228.1+8208,bcu,J0228.5+8213
528,J0228.2-3102,bcu,J0228.7-3106
529,J0228.3-5547,fsrq,J0228.3-5545
530,J0228.5-2234,bcu,
531,J0228.7+6718,fsrq,
532,J0229.5-3644,fsrq,J0229.3-3643
533,J0230.3+1713,,
534,J0230.4-1140,,
535,J0230.8+4032,fsrq,J0230.8+4032
536,J0231.0+3505,,
537,J0231.2-5754,bll,J0230.6-5757
538,J0231.2-4745,fsrq,
539,J0231.8+1322,fsrq,
540,J0232.5-1118,bcu,
541,J0232.8+2018,bll,J0232.8+2016
542,J0232.9+2608,bll,J0232.9+2606
543,J0233.0+3740,bcu,
544,J0233.5+0654,bcu,J0232.6+0646
545,J0233.9+8041,bcu,
546,J0234.3-0628,bll,J0234.2-0629
547,J0235.3+5650,,J0235.7+5647
548,J0235.6-2939,bll,
549,J0236.8-6136,fsrq,J0236.7-6136
550,J0237.1-0714,bcu,
551,J0237.3+2000,bll,
552,J0237.6-3602,bll,J0237.5-3603
553,J0237.6+0923,bcu,
554,J0237.7+0206,rdg,
555,J0237.8+5238,,J0238.0+5237
556,J0237.8+2848,FSRQ,J0237.9+2848
557,J0238.1-3905,bll,J0238.3-3904
558,J0238.1-2621,,
559,J0238.2+1531,bcu,
560,J0238.4-3116,bll,J0238.4-3117
561,J0238.6+1637,BLL,J0238.6+1636
562,J0238.7+2555,bll,J0239.0+2555
563,J0239.1+6634,,
564,J0239.5+1326,bcu,J0239.4+1326
565,J0239.5-1353,bcu,
566,J0239.7+0415,fsrq,
567,J0240.2-0248,,J0240.0-0253
568,J0240.5+6113,HMB,J0240.5+6113
569,J0240.8-3401,bcu,
570,J0241.0-0505,bll,
571,J0241.3+6543,bll,J0241.3+6542
572,J0241.9-1603,bcu,
573,J0242.3+1102,fsrq,J0242.3+1059
574,J0242.3+5216,bcu,
575,J0242.6+1735,bcu,
576,J0242.6-0000,sbg,J0242.7-0001
577,J0242.9+0045,bll,
578,J0243.2-0550,fsrq,
579,J0243.4+7119,bll,J0243.5+7119
580,J0243.7+0321,bcu,
581,J0244.6-5819,bll,J0244.8-5818
582,J0244.7+1316,bcu,
583,J0245.0+4755,,J0244.4+4745
584,J0245.1-0257,bll,
585,J0245.4-5950,bcu,
586,J0245.4+2408,fsrq,J0245.4+2410
587,J0245.5-4502,fsrq,
588,J0245.9-4650,fsrq,J0245.9-4651
589,J0246.0-4838,,
590,J0246.6-3348,bcu,
591,J0248.0+2232,bcu,
592,J0248.4+6021,PSR,J0248.5+6022
593,J0248.6+4230,PSR,J0248.5+4232
594,J0248.6+5131,bcu,J0248.4+5130
595,J0250.2-8224,bcu,J0244.4-8224
596,J0250.6+1712,bll,J0250.6+1713
597,J0250.6+8435,bcu,J0249.1+8438
598,J0250.7+5630,bcu,J0250.6+5630
599,J0251.0+2605,PSR,J0251.1+2603
600,J0251.1-1830,,J0251.1-1829
601,J0251.5-5958,fsrq,J0251.5-5959
602,J0251.6+0628,,
603,J0252.0-3657,,
604,J0252.3-2707,,
605,J0252.8-2219,fsrq,J0252.8-2218
606,J0252.9+3834,fsrq,J0252.3+3830
607,J0253.2-5441,fsrq,J0253.1-5438
608,J0253.2-0124,bll,J0253.0-0125
609,J0253.5+3216,fsrq,J0253.5+3216
610,J0253.9+5103,fsrq,J0253.8+5104
611,J0255.8+0534,bll,J0255.8+0532
612,J0256.2-0408,,
613,J0256.3+0334,bll,J0256.3+0335
614,J0257.0+3358,bcu,
615,J0257.8+7044,,
616,J0257.9-1215,fsrq,J0257.8-1216
617,J0258.1+2030,bll,J0258.0+2030
618,J0259.0+0552,,J0258.9+0552
619,J0259.3+5453,bcu,
620,J0259.4+0308,bcu,
621,J0259.4+0746,fsrq,J0259.5+0746
622,J0259.5+1924,fsrq,
623,J0259.5-1705,bcu,
624,J0300.0-5908,,
625,J0300.4+3450,,
626,J0301.0-1652,bll,J0301.4-1652
627,J0301.2+2546,bcu,
628,J0301.4-3124,bcu,
629,J0301.6-7155,fsrq,J0301.8-7157
630,J0301.6-5617,,
631,J0301.9-2731,bcu,J0301.8-2721
632,J0302.5+3354,,
633,J0302.7+5717,,
634,J0303.2+3149,bcu,J0303.0+3150
635,J0303.3-7913,fsrq,J0302.5-7915
636,J0303.3+0555,bll,
637,J0303.4-2407,BLL,J0303.4-2407
638,J0303.4-5232,bcu,
639,J0303.6+4716,bll,J0303.6+4716
640,J0303.6-6211,fsrq,J0303.7-6211
641,J0304.4-2833,bll,J0304.3-2836
642,J0304.5+3349,bcu,
643,J0304.5+6821,bcu,J0304.9+6817
644,J0304.5-0054,bll,
645,J0304.6+6554,,
646,J0304.9-0606,bll,J0305.0-0601
647,J0305.1-1608,bll,J0305.2-1607
648,J0307.4+4915,bll,J0307.3+4916
649,J0307.8-0419,bcu,
650,J0307.8+7443,PSR,J0308.0+7442
651,J0308.1-2852,bcu,J0308.4-2852
652,J0308.4+0407,rdg,J0308.6+0408
653,J0308.9-4702,,
654,J0309.0+1029,fsrq,J0309.0+1029
655,J0309.4-4000,bcu,
656,J0309.7-0745,bll,J0309.5-0749
657,J0309.9-6941,,
658,J0309.9-6058,fsrq,J0309.9-6057
659,J0310.6-5017,bll,J0310.4-5015
660,J0310.8-1041,bcu,
661,J0310.9-3458,bcu,
662,J0310.9+3815,fsrq,J0310.8+3814
663,J0311.2+6856,bcu,
664,J0311.3+2940,,
665,J0311.5-4402,bcu,
666,J0311.6+4134,bcu,
667,J0312.1-0921,psr,J0312.1-0921
668,J0312.4-3221,bcu,
669,J0312.5-2221,bll,J0312.7-2222
670,J0312.7+2012,,J0312.7+2011
671,J0312.8+0134,fsrq,J0312.7+0133
672,J0312.9+3614,bll,J0312.7+3613
673,J0312.9+4119,rdg,
674,J0313.0+0229,bcu,
675,J0313.6-7508,,
676,J0314.1+2827,,
677,J0314.1+5033,,
678,J0314.3+0620,bll,
679,J0314.3-5103,bll,J0314.3-5103
680,J0314.4-4805,,
681,J0314.6-6549,fsrq,
682,J0315.4-2643,bcu,
683,J0315.5+4231,bcu,
684,J0315.9-1033,fsrq,J0315.5-1026
685,J0316.0-5626,bcu,
686,J0316.2-6437,bll,J0316.2-6436
687,J0316.2+0905,bll,J0316.1+0904
688,J0316.2-2608,bll,J0316.1-2611
689,J0316.8+4120,RDG,J0316.6+4119
690,J0316.9-0625,bcu,
691,J0317.7-2804,fsrq,
692,J0317.8-4414,bcu,
693,J0318.2+0254,PSR,J0318.1+0252
694,J0318.7+2135,bll,J0318.7+2134
695,J0318.8+2848,,
696,J0319.4-7045,bcu,
697,J0319.8+4130,RDG,J0319.8+4130
698,J0319.8+1845,bll,J0319.8+1847
699,J0319.9-3821,bcu,
700,J0320.6+1125,bcu,
701,J0321.3+0425,bcu,
702,J0321.3-1612,bll,
703,J0322.0+2335,bll,J0322.0+2335
704,J0322.4+6606,bcu,
705,J0322.6-3712e,RDG,J0322.5-3721
706,J0322.9+0940,bcu,
707,J0323.7-0111,bll,J0323.6-0109
708,J0324.3-1313,bcu,J0324.5-1315
709,J0324.8+3412,nlsy1,J0325.2+3410
710,J0324.8-2043,bcu,
711,J0325.0-2416,fsrq,
712,J0325.3+3332,bll,
713,J0325.5-5635,bll,J0325.2-5634
714,J0325.6-1646,bll,J0325.6-1648
715,J0325.7+2225,fsrq,J0325.5+2223
716,J0325.9-1843,bcu,J0326.0-1842
717,J0326.2+0225,bll,J0326.2+0225
718,J0326.7-3404,bcu,
719,J0327.5-1805,bcu,
720,J0327.6+2620,,
721,J0328.4-4736,,
722,J0328.5+6114,,J0332.4+6110
723,J0328.6-1129,,
724,J0328.6+5330,unk,
725,J0328.8-5715,bll,
726,J0330.1+5038,,
727,J0330.6+4659,bcu,
728,J0330.6+0438,bcu,J0330.6+0437
729,J0330.7+5845,,
730,J0330.7-2408,bcu,
731,J0331.1-5243,bcu,
732,J0331.3-6156,bll,J0331.3-6155
733,J0331.8-7040,bcu,
734,J0331.9+6307,bll,J0332.0+6308
735,J0332.1-1123,fsrq,J0332.5-1118
736,J0332.8+1557,bcu,
737,J0333.0-3044,,
738,J0333.1+8227,bcu,
739,J0333.3+0233,bcu,J0333.6+0233
740,J0333.4-2705,,
741,J0333.7+7851,bll,J0333.4+7853
742,J0333.7+2916,bll,J0333.6+2916
743,J0333.8+4007,bcu,J0333.4+4003
744,J0333.9+6537,bll,J0333.9+6538
745,J0334.2-3725,bll,J0334.3-3726
746,J0334.2-4008,bll,J0334.3-4008
747,J0334.3+3920,rdg,J0334.2+3915
748,J0335.1-4459,bll,J0335.3-4459
749,J0336.0+7502,,J0336.1+7500
750,J0336.4+3224,fsrq,J0336.5+3210
751,J0336.5-0348,bll,
752,J0336.8-3612,fsrq,J0336.9-3622
753,J0337.5+2423c,,
754,J0337.8-1157,fsrq,
755,J0338.1-2443,bll,J0338.1-2443
756,J0338.5+1302,bll,J0338.5+1303
757,J0338.7-5706,bcu,
758,J0338.9-2848,bcu,
759,J0339.2-1736,bll,J0339.2-1738
760,J0339.5-0146,fsrq,J0339.5-0146
761,J0340.3+4130,PSR,J0340.3+4130
762,J0340.4+5302,,J0340.4+5302
763,J0340.4-2422,fsrq,J0340.4-2423
764,J0340.5-2118,bll,J0340.5-2119
765,J0340.5-0256,bcu,
766,J0341.9+3153c,,J0342.3+3148c
767,J0342.2+3858,fsrq,J0342.2+3857
768,J0342.4+3125c,,
769,J0342.8-3007,bcu,J0342.6-3006
770,J0343.2-2529,fsrq,J0343.2-2534
771,J0343.2-6444,bll,J0343.3-6443
772,J0343.3-6303,,
773,J0343.4+3621,fsrq,J0343.3+3622
774,J0344.2+3203c,bcu,
775,J0344.4+3432,bcu,
776,J0345.2-2353,bll,J0345.1-2353
777,J0345.5-3301,bcu,
778,J0346.2+3235c,,
779,J0347.0+4844,fsrq,
780,J0347.0-6400,,
781,J0347.5+0722,,
782,J0347.7-3616,bcu,
783,J0348.2+6035,bcu,J0348.4+6039
784,J0348.5-2749,fsrq,J0348.6-2748
785,J0348.6-1609,bll,J0348.7-1606
786,J0348.8-0828,bcu,
787,J0348.8+4610,bcu,
788,J0348.9-4859,bcu,
789,J0349.4-1159,bll,J0349.2-1158
790,J0349.6+4026,,
791,J0349.6+2410,bcu,
792,J0349.8-2103,fsrq,J0349.9-2102
793,J0350.0+0640,bcu,
794,J0350.4-5144,bcu,
795,J0350.6-3226,bcu,
796,J0350.8-2814,bll,J0351.0-2816
797,J0352.0-2516,bcu,
798,J0352.9-3623,bll,J0353.0-3622
799,J0353.0+5654,bll,J0352.9+5655
800,J0353.0-6831,bll,J0353.0-6831
801,J0353.7+8257,bll,
802,J0354.4+4643,bcu,J0354.1+4643
803,J0354.7-1617,fsrq,
804,J0354.7+8009,bll,J0354.6+8011
805,J0355.1-1841,bcu,
806,J0355.3+3909,bcu,
807,J0356.1-1329,bcu,
808,J0357.0-4955,bll,J0357.1-4957
809,J0357.2+2320,bcu,J0357.1+2325
810,J0357.2-0319,bcu,
811,J0357.6-4625,bcu,
812,J0357.7-6808,,
813,J0357.8+3204,PSR,J0357.9+3206
814,J0358.0-6946,bcu,J0356.3-6948
815,J0358.1+2850,,
816,J0358.1-5954,bll,
817,J0358.6+0634,bcu,J0358.7+0633
818,J0358.7+7649,bcu,J0359.7+7649
819,J0358.7-7403,,
820,J0358.9+6004,fsrq,J0358.8+6002
821,J0359.0-3053,bll,
822,J0359.3+3626,,
823,J0359.4-0236,bcu,
824,J0359.4+5414,PSR,J0359.5+5413
825,J0359.4-2616,bll,J0359.3-2612
826,J0359.6+5057,fsrq,
827,J0359.7+4445,unk,
828,J0400.7+3920,bcu,
829,J0401.0-5353,bcu,J0401.0-5359
830,J0401.3+0412,bcu,
831,J0401.7+2112,fsrq,J0401.4+2109
832,J0401.9-2034,bcu,
833,J0402.0-2616,bll,J0402.1-2618
834,J0402.0+2737,bcu,
835,J0402.1-3147,fsrq,J0401.8-3144
836,J0402.5+5402,unk,
837,J0402.9+6433,bcu,
838,J0403.3+1249,,
839,J0403.3+2601,fsrq,
840,J0403.5-2437,bll,J0403.7-2442
841,J0403.9-3605,FSRQ,J0403.9-3604
842,J0404.1-1715,bcu,
843,J0404.3-1559,bcu,
844,J0405.4-6929,,
845,J0405.6-1308,fsrq,J0405.5-1307
846,J0405.9+3041c,,
847,J0406.0-5407,bcu,
848,J0406.2+0639,,
849,J0407.0-3826,fsrq,J0407.1-3825
850,J0407.5+0741,bll,J0407.5+0740
851,J0407.7-5702,,
852,J0409.2+2542,,
853,J0409.4-3822,,
854,J0409.4+3201,bcu,J0409.4+3158
855,J0409.7+4006c,,
856,J0409.8-0359,bll,J0409.8-0358
857,J0410.9+4216,bcu,
858,J0411.7+3041,bcu,
859,J0412.3+0239,bcu,
860,J0412.5+6519c,,
861,J0413.1-5332,fsrq,J0413.6-5334
862,J0413.1-0304,,
863,J0413.4-8609,,
864,J0414.3+4522,,
865,J0414.6-0842,bcu,J0414.9-0840
866,J0414.6+5711,,
867,J0414.7-4300,,
868,J0414.8-5338,bcu,
869,J0415.2-5741,bcu,
870,J0416.0-4743,bcu,
871,J0416.0-6628,bcu,
872,J0416.2-4353,fsrq,J0415.7-4351
873,J0416.5-1852,fsrq,J0416.6-1850
874,J0416.9+0105,bll,J0416.8+0104
875,J0418.1-0252,bcu,J0418.0-0251
876,J0418.2+3807,rdg,J0418.5+3813c
877,J0418.4+3414,bcu,J0418.2+3412
878,J0418.4-4342,,
879,J0418.9+6636,,J0419.1+6636
880,J0420.0+0805,bcu,
881,J0420.2+4012,bll,
882,J0420.3-6016,bll,J0420.4-6013
883,J0420.3-3745,bcu,J0420.6-3742
884,J0421.0-0752,bcu,
885,J0422.1-0644,fsrq,J0422.1-0642
886,J0422.3+1951,bll,
887,J0422.8+0225,fsrq,J0422.1+0211
888,J0423.0-0943,,
889,J0423.1+2106,bcu,
890,J0423.3-0120,FSRQ,J0423.2-0119
891,J0423.9+4150,bll,J0423.8+4150
892,J0424.7+0036,bll,J0424.7+0035
893,J0424.9-5331,bll,J0425.0-5331
894,J0425.3+6319,bcu,J0425.2+6319
895,J0426.5+5434,,J0426.7+5437
896,J0426.7+6826,bcu,J0426.3+6827
897,J0427.2+5533e,SNR,J0425.8+5600
898,J0427.3-3900,bcu,J0427.3-3900
899,J0427.3+0504,,J0426.6+0459
900,J0427.4+6433c,,
901,J0427.8-6704,LMB,J0427.9-6704
902,J0427.9+3632c,,
903,J0428.6-3756,bll,J0428.6-3756
904,J0428.7-5003,bcu,
905,J0429.0-0006,bcu,
906,J0429.3-3238,bll,
907,J0429.3-4326,fsrq,
908,J0429.8+2843,bcu,J0429.8+2843
909,J0429.9-3101,bcu,J0430.1-3103
910,J0430.2-0356,bcu,
911,J0430.3-2507,bll,J0430.2-2508
912,J0430.3+1654,bcu,J0430.5+1655
913,J0431.8+7403,bll,J0431.6+7403
914,J0432.0+1732,bcu,
915,J0433.0+0522,RDG,
916,J0433.0+1327,,
917,J0433.1+3227,bll,J0433.1+3228
918,J0433.5-1039,bcu,
919,J0433.6-6030,fsrq,J0433.7-6028
920,J0433.6+2905,bll,J0433.6+2905
921,J0433.7-5725,bcu,J0434.0-5726
922,J0434.1-2014,bll,J0434.0-2010
923,J0434.4-2342,bll,J0434.4-2341
924,J0434.7+0922,bll,J0434.6+0921
925,J0435.4-2623,bcu,
926,J0435.5+3232,,
927,J0436.2-0038,bcu,
928,J0436.7-7148,bcu,
929,J0436.8-5223,bcu,
930,J0436.9+2915,,
931,J0437.2-4715,PSR,J0437.2-4713
932,J0437.2-5846,bcu,
933,J0437.4-6155,bcu,
934,J0438.0-7329,,J0437.7-7330
935,J0438.2-4243,,
936,J0438.4-1254,fsrq,J0438.3-1258
937,J0438.7-3441,bcu,
938,J0438.9-4521,bll,J0438.8-4519
939,J0439.2+2151,bcu,
940,J0439.4-3202,bcu,J0439.6-3159
941,J0439.6-8322,,
942,J0439.8-1859,bll,J0439.9-1859
943,J0440.2-2458,bll,J0440.3-2500
944,J0440.3-4333,fsrq,
945,J0440.4+1440,bcu,J0440.3+1444
946,J0440.8+2749,bll,J0440.8+2751
947,J0441.3-2617,bcu,
948,J0441.5+1505,bll,
949,J0442.0-5432,,
950,J0442.6-0017,fsrq,J0442.6-0017
951,J0442.7+6142,bll,
952,J0442.8+3609,,
953,J0443.3-6652,bcu,
954,J0443.4-4152,bll,
955,J0444.5+0719,bcu,
956,J0444.6+3425,bcu,J0444.5+3425
957,J0444.8-3514,,
958,J0445.1-6012,fsrq,J0444.6-6012
959,J0445.7+1535,,
960,J0447.2+2446,,
961,J0447.2-2539,bcu,J0447.1-2540
962,J0447.4-2747,bcu,
963,J0448.3+2743,,
964,J0448.6-1632,bll,J0448.6-1632
965,J0448.7-2116,,J0447.8-2119
966,J0449.1+1121,fsrq,J0449.0+1121
967,J0449.2+6329,fsrq,
968,J0449.4-4350,bll,J0449.4-4350
969,J0449.6-8100,fsrq,
970,J0449.6+3027,bcu,
971,J0450.3-4419,bcu,
972,J0450.4+7230,bcu,J0451.6+7231
973,J0450.7-4938,bcu,
974,J0451.8-4651,fsrq,
975,J0451.8+5721,bcu,J0451.7+5722
976,J0452.0+2100,bcu,
977,J0452.9+5117,spp,
978,J0453.1-2806,fsrq,J0453.2-2808
979,J0453.1+6322,bll,J0453.2+6321
980,J0453.3+2843,,
981,J0455.7-4617,fsrq,J0455.7-4617
982,J0455.9+6757,,
983,J0456.2+2702,bcu,J0456.3+2702
984,J0456.3-1634,bcu,
985,J0456.4-4043,bcu,
986,J0456.6-3136,fsrq,J0456.3-3131
987,J0457.0+0646,fsrq,J0457.0+0643
988,J0457.0-2324,FSRQ,J0457.0-2324
989,J0458.0+1152,bcu,
990,J0459.4+1921,bcu,
991,J0459.7-5413,,
992,J0500.1+5447,bcu,
993,J0500.2+5237,bcu,J0500.3+5237
994,J0500.3+4639e,SNR,J0503.2+4643
995,J0500.6-4911,bll,
996,J0500.9-6945e,,J0456.2-6924
997,J0501.0+2424,bcu,
998,J0501.2-0158,fsrq,J0501.2-0157
999,J0501.7+3048,bcu,J0501.8+3046
1000,J0502.2+3016,,
1001,J0502.4+0609,fsrq,J0502.5+0612
1002,J0502.5+1340,bll,
1003,J0502.5+3438,bcu,J0502.7+3438
1004,J0502.9+6533,bll,J0503.5+6538
1005,J0503.1-6045,fsrq,
1006,J0503.5-1116,bll,
1007,J0503.6+4518,bcu,J0503.4+4522
1008,J0503.8-7508,,
1009,J0505.3+0459,fsrq,J0505.3+0459
1010,J0505.6+0415,bll,J0505.5+0416
1011,J0505.6-1558,bll,J0505.5-1558
1012,J0505.6+6405,bcu,
1013,J0505.8+3322,bcu,
1014,J0505.8-0419,fsrq,J0505.3-0422
1015,J0505.8-3817,bll,
1016,J0506.0+6113,bll,J0505.9+6114
1017,J0506.0-0357c,bcu,J0506.3-0357
1018,J0506.1+5028,psr,
1019,J0506.3-0620c,,
1020,J0506.6-4629,,
1021,J0506.6+4545,,
1022,J0506.7-0857,bll,J0506.5-0901
1023,J0506.9+0323,bll,J0506.9+0321
1024,J0506.9-5435,bll,J0506.9-5435
1025,J0507.4-3346,bcu,
1026,J0507.7-6104,fsrq,J0507.1-6102
1027,J0507.9+4647,bcu,
1028,J0507.9+6737,bll,J0508.0+6736
1029,J0508.2-1937,fsrq,J0508.2-1936
1030,J0508.2+5211,bcu,
1031,J0509.1+1943,bcu,
1032,J0509.2+5550,bcu,
1033,J0509.3-2917,bcu,
1034,J0509.4+1012,fsrq,J0509.3+1012
1035,J0509.4+0542,bll,J0509.4+0541
1036,J0509.6+8425,bll,
1037,J0509.6-0402,bll,J0509.7-0400
1038,J0509.9-6417,bcu,J0509.7-6418
1039,J0510.0+1800,fsrq,J0510.0+1802
1040,J0510.4-1809,bcu,
1041,J0511.4-6804,bcu,
1042,J0512.3+3329,,
1043,J0512.5-2201,,
1044,J0512.8+4041,bcu,J0512.9+4038
1045,J0513.9-3746,bll,
1046,J0514.5+6247,bcu,
1047,J0514.6-4408,PSR,J0514.6-4406
1048,J0515.5-0125,bcu,J0515.5-0123
1049,J0515.6-4556,fsrq,J0515.3-4557
1050,J0515.8+1527,bll,J0515.8+1526
1051,J0515.9+0537,bcu,
1052,J0516.1-7240,bcu,
1053,J0516.4+7350,bll,J0516.3+7351
1054,J0516.7-6207,bll,J0516.7-6207
1055,J0516.8-0509,bcu,
1056,J0517.5+0858,fsrq,J0517.5+0902
1057,J0517.7-1758,bcu,
1058,J0517.9+5030,spp,
1059,J0519.0+0851,bcu,J0519.5+0852
1060,J0519.6+2744,bcu,J0519.3+2746
1061,J0519.6-4544,rdg,J0519.2-4542
1062,J0519.9-6845e,GAL,J0526.6-6825e
1063,J0521.2+1637,css,
1064,J0521.3-1734,fsrq,J0521.4-1740
1065,J0521.6+0103,bll,J0521.7+0103
1066,J0521.7+2112,bll,J0521.7+2113
1067,J0521.8-3848,bcu,J0521.9-3847
1068,J0522.9-3628,AGN,J0522.9-3628
1069,J0523.3-2527,bin,J0523.3-2528
1070,J0524.4-2413,glc,
1071,J0524.5+2839,bcu,J0524.4+2839
1072,J0524.6-2819,bcu,
1073,J0524.7+4824,spp,
1074,J0524.7-8304,,
1075,J0524.8-6938,snr,J0524.5-6937
1076,J0525.4-4600,fsrq,J0525.3-4558
1077,J0525.6-2008,bcu,J0525.8-2014
1078,J0525.6-6013,bcu,J0525.6-6013
1079,J0525.8-0052,bll,
1080,J0526.1+6318,bcu,J0526.6+6321
1081,J0526.2-4830,fsrq,J0526.2-4829
1082,J0526.3+2246,bcu,J0526.4+2247
1083,J0526.7-1519,bcu,
1084,J0526.7+4254,snr,J0526.0+4253
1085,J0527.1+1152,,
1086,J0527.3-6223,bcu,
1087,J0527.4+6647,,J0527.3+6647
1088,J0528.3+1817,unk,J0528.3+1815
1089,J0528.7-5920,bll,J0529.2-5917
1090,J0529.1-2449c,,
1091,J0529.1-0101,bcu,
1092,J0529.1+0935,bcu,J0529.1+0933
1093,J0529.3-7243,bcu,J0529.8-7242
1094,J0529.4-0521,fsrq,
1095,J0529.9-0224,,
1096,J0530.0-6900e,,J0524.5-6937
1097,J0530.9+1332,FSRQ,J0530.8+1330
1098,J0531.5-7823,,
1099,J0531.7+1241c,,
1100,J0531.8-6639e,,J0525.2-6614
1101,J0532.0-4827,BLL,J0532.0-4827
1102,J0532.6+3358,,
1103,J0532.6+0732,FSRQ,J0532.7+0732
1104,J0532.8-3941,bcu,J0533.0-3939
1105,J0532.9-8325,fsrq,J0533.6-8323
1106,J0533.0-8446,bcu,
1107,J0533.1-6119,bcu,
1108,J0533.3-5549,bcu,
1109,J0533.3+4823,fsrq,J0533.2+4822
1110,J0533.5+1449,unk,
1111,J0533.6+5945,,J0533.2+5944
1112,J0533.8+6800,PSR,J0534.0+6759
1113,J0533.8-3749,fsrq,J0533.8-3754
1114,J0533.9+2838,,
1115,J0534.0+3746c,,
1116,J0534.2+2751,,
1117,J0534.5+2201i,PWN,J0534.5+2201i
1118,J0534.5+2201s,PWN,J0534.5+2201s
1119,J0534.5+2200,PSR,J0534.5+2201
1120,J0535.1-5422,,
1121,J0535.2-6736,HMB,
1122,J0535.3+0934,,
1123,J0536.0-2754,bcu,J0535.6-2749
1124,J0536.1-1205,,
1125,J0536.2+1733,bll,
1126,J0536.4-3401,fsrq,
1127,J0536.4-3343,bll,
1128,J0536.5-2548,bcu,
1129,J0537.5+0959,,J0537.0+0957
1130,J0537.7-5717,bll,J0537.4-5717
1131,J0537.8-6909,pwn,J0538.4-6856
1132,J0538.2-3910,bll,J0538.4-3909
1133,J0538.6+0443,bcu,
1134,J0538.8-4405,BLL,J0538.8-4405
1135,J0538.9+3549c,,
1136,J0539.0+1644,bcu,J0538.9+1646
1137,J0539.2-6333,,
1138,J0539.6+1432,FSRQ,J0539.8+1434
1139,J0539.7-0521c,bcu,J0539.2-0536
1140,J0539.9-2839,fsrq,J0540.0-2837
1141,J0540.0-7552,,J0539.9-7553
1142,J0540.0+1209,bcu,J0540.0+1208
1143,J0540.2+0655,,
1144,J0540.3-6920,PSR,
1145,J0540.3+2756e,SNR,J0540.3+2756e
1146,J0540.5+5823,bll,J0540.4+5823
1147,J0540.6+5540,,
1148,J0540.7+3611c,,
1149,J0540.8-5415,fsrq,J0540.5-5416
1150,J0541.1-4854,bcu,
1151,J0541.4-7334,bcu,
1152,J0541.6-0541,fsrq,J0540.9-0547
1153,J0542.4+3547c,bcu,
1154,J0542.8-3458,bcu,
1155,J0542.9-0913,bcu,J0542.5-0907c
1156,J0543.5-8741,,J0542.2-8737
1157,J0543.9-0418,,
1158,J0543.9-5531,bll,J0543.9-5531
1159,J0544.4+2238,,J0544.7+2239
1160,J0544.8+5209c,,
1161,J0545.0+0613c,bcu,
1162,J0545.7+6016,,J0545.6+6019
1163,J0545.8-0905,,
1164,J0546.5-1100,,
1165,J0546.9-2206,bll,
1166,J0548.5-5218,bcu,
1167,J0548.6+1200,,
1168,J0549.0+3258c,bcu,
1169,J0550.3-5733,fsrq,
1170,J0550.5-3216,bll,J0550.6-3217
1171,J0550.5-4356,,J0550.8-4400
1172,J0550.9+2552c,bcu,
1173,J0551.0-1622,bcu,
1174,J0551.7+0446,,J0551.6+0449c
1175,J0551.8-2130,,
1176,J0551.8-3517,bcu,
1177,J0552.0+2656c,,
1178,J0552.4+3755,bcu,
1179,J0552.8+0313,bcu,
1180,J0553.5-2034,bll,J0553.5-2036
1181,J0553.5+4810,,
1182,J0553.6+0100,,
1183,J0553.9-5048,,
1184,J0554.0-0839,,
1185,J0554.1+3107,PSR,J0554.1+3104
1186,J0554.2-0259,,
1187,J0554.3-1009c,bcu,
1188,J0555.1+0150c,,
1189,J0555.1+0304,bcu,
1190,J0555.6+3947,fsrq,
1191,J0556.2-4352,bll,J0556.0-4353
1192,J0557.3-0615,bcu,
1193,J0557.5-4452,,
1194,J0557.6-0721,bcu,J0557.7-0720
1195,J0558.0-3837,bll,J0558.1-3838
1196,J0558.1-2113,,
1197,J0558.1-2859,bcu,
1198,J0558.2+0132c,,
1199,J0558.8-7459,bll,J0558.6-7459
1200,J0559.3+0352,,
1201,J0559.6+3044,bcu,J0559.8+3042
1202,J0559.9+6409,bcu,
1203,J0600.3+1244,bcu,
1204,J0600.4+4949,,
1205,J0600.6-3939,fsrq,J0600.9-3943
1206,J0601.0-1016c,,
1207,J0601.0+3838,bll,J0601.0+3837
1208,J0601.1-7035,fsrq,J0601.2-7036
1209,J0601.3-7238,bll,
1210,J0601.3+5444,bcu,
1211,J0601.4-6057,,
1212,J0601.4+2320,fsrq,J0601.5+2309
1213,J0601.8-2003,fsrq,
1214,J0602.0+5315,bll,J0602.2+5314
1215,J0602.7-0007,bll,
1216,J0602.8-4019,bll,J0602.8-4016
1217,J0602.8+6041,bcu,
1218,J0603.9+2159,bcu,J0603.8+2155
1219,J0604.1-4816,bll,J0604.1-4817
1220,J0604.5-4851,bcu,J0604.7-4849
1221,J0604.8+4411,bcu,
1222,J0604.9-0000,bcu,J0605.0-0000
1223,J0605.1+3757,PSR,J0605.0+3756
1224,J0606.5-4730,bcu,J0606.4-4729
1225,J0606.9+4402,bcu,
1226,J0607.2-2518,bll,
1227,J0607.4+4739,bll,J0607.4+4739
1228,J0607.9-1904,,
1229,J0608.0+6721,fsrq,
1230,J0608.0-0835,fsrq,J0608.0-0835
1231,J0608.1-6028,fsrq,
1232,J0608.1-1521,fsrq,J0608.1-1522
1233,J0608.6-2305,,J0608.2-2306
1234,J0608.6+1149,unk,
1235,J0608.8+2034c,unk,J0608.3+2037
1236,J0608.9-5456,bcu,
1237,J0609.0+2136c,,J0609.3+2131
1238,J0609.0+2006,,
1239,J0609.0-2219,fsrq,
1240,J0609.2-0247,bll,J0609.4-0248
1241,J0609.5+1402,bcu,
1242,J0610.1-1848,bll,J0609.6-1847
1243,J0610.2-2100,PSR,J0610.2-2059
1244,J0610.7+1656,bcu,
1245,J0610.8-4911,,
1246,J0610.9-6054,fsrq,J0611.1-6100
1247,J0611.1+4325,bcu,J0611.2+4323
1248,J0611.4-4722,,
1249,J0611.5-2918,,
1250,J0611.6-2712,bcu,
1251,J0611.6+2803,bll,J0611.7+2759
1252,J0612.5-3138,fsrq,
1253,J0612.5-3934,bcu,
1254,J0612.6+1520c,,
1255,J0612.8+4122,bll,J0612.8+4122
1256,J0613.1+1749c,,
1257,J0613.7-0201,PSR,J0613.8-0201
1258,J0614.1-3329,PSR,J0614.1-3329
1259,J0614.8+6136,bcu,
1260,J0614.9+2426,bcu,
1261,J0615.3-3117,bll,J0615.4-3116
1262,J0615.9+1416,,
1263,J0616.1-1732,bll,
1264,J0616.5+2235,,
1265,J0616.7-1049,bcu,
1266,J0616.9+4340,bcu,
1267,J0617.2+2234e,SNR,J0617.2+2234e
1268,J0617.2+5701,bll,J0617.2+5701
1269,J0617.6-4028,,
1270,J0617.7-1715,bll,J0617.6-1717
1271,J0618.1+7819,sbg,J0618.0+7819
1272,J0618.1-2428,fsrq,J0618.2-2429
1273,J0618.7+1211,,
1274,J0618.9+2240c,,
1275,J0618.9-1138,bcu,J0618.9-1138
1276,J0620.1+2246,,
1277,J0620.3+3804,bcu,
1278,J0620.4+1445,,
1279,J0620.5-2512,bcu,
1280,J0620.7+2643,bcu,J0620.4+2644
1281,J0620.7-5034,,
1282,J0620.9+2201,,
1283,J0621.2-4648,bcu,
1284,J0621.2+2512,PSR,J0621.0+2514
1285,J0621.2-2213,bcu,
1286,J0621.7-3411,bll,
1287,J0621.8+1746,bll,
1288,J0622.2+3749,PSR,J0622.2+3747
1289,J0622.3-2605,bll,J0622.4-2606
1290,J0622.4-6433,fsrq,
1291,J0622.5+3120,,
1292,J0622.7-4141,bcu,J0623.1-4143
1293,J0622.9+3326,BCU,J0622.9+3326
1294,J0623.0-3010,bcu,
1295,J0623.2+3044,bll,J0623.3+3043
1296,J0623.7-3348,bcu,
1297,J0623.9-5259,bll,
1298,J0624.2-2943,bcu,
1299,J0624.7-4903,,
1300,J0625.3+4439,bll,J0625.2+4440
1301,J0625.5+7029,,
1302,J0625.8-5441,fsrq,J0626.0-5436
1303,J0626.4-4259,bll,J0626.6-4259
1304,J0626.4-1712,bll,
1305,J0627.0-3529,rdg,J0627.0-3529
1306,J0628.6+6900,bcu,J0630.3+6906
1307,J0628.8-6250,bll,J0629.0-6248
1308,J0629.3-1959,bll,J0629.4-1959
1309,J0629.6+2435,bcu,
1310,J0630.2+3228,bcu,
1311,J0630.9-2406,bll,J0630.9-2406
1312,J0631.0+5626,,
1313,J0631.1+2020,bcu,J0631.2+2019
1314,J0631.5+1036,PSR,J0631.5+1036
1315,J0631.8+0645,PSR,
1316,J0632.0-1032,bcu,
1317,J0632.7+1215,,
1318,J0632.8+0550,hmb,
1319,J0633.4-2222,fsrq,
1320,J0633.7+0632,PSR,J0633.7+0632
1321,J0633.9+5840,,
1322,J0633.9+1746,PSR,J0633.9+1746
1323,J0634.2+0436e,snr,J0634.1+0424
1324,J0634.6-3046c,,
1325,J0634.9-2335,fsrq,J0634.7-2334
1326,J0635.6-7518,fsrq,J0635.7-7517
1327,J0636.5+7138,bcu,J0633.8+7132
1328,J0637.4-3537,bcu,
1329,J0638.2+6020,bcu,
1330,J0638.6+7320,fsrq,J0638.6+7324
1331,J0638.7+2753,bcu,
1332,J0638.7+5658,bcu,J0638.4+5704
1333,J0639.4+0655e,SNR,J0640.9+0752
1334,J0639.6+3503,bcu,
1335,J0640.0-1253,bll,J0640.0-1252
1336,J0640.8+2432,bcu,
1337,J0640.9-5204,,
1338,J0641.7-0320,FSRQ,J0641.8-0319
1339,J0642.4+1048,,
1340,J0642.9-6501,,
1341,J0643.2-5356,bcu,J0643.4-5358
1342,J0643.3+0857,fsrq,J0643.2+0859
1343,J0644.4-6712,fsrq,J0644.3-6713
1344,J0644.6+6039,bll,J0644.6+6035
1345,J0644.6-2853,bcu,J0644.6-2853
1346,J0646.4-5455,psr,J0646.4-5452
1347,J0646.7-3913,fsrq,J0645.9-3914
1348,J0647.0-5138,bcu,J0647.0-5134
1349,J0647.7-4418,bcu,J0647.1-4415
1350,J0647.7-6058,bll,J0647.6-6058
1351,J0647.7+0031,spp,J0647.6+0032
1352,J0647.8+4527,bcu,
1353,J0648.0-3045,fsrq,J0648.1-3045
1354,J0648.1+1605,bcu,J0648.1+1606
1355,J0648.2+1745,bcu,J0647.8+1751
1356,J0648.4-1743,fsrq,J0648.8-1740
1357,J0648.4-6941,bcu,
1358,J0648.6-3623,,
1359,J0648.7+1516,bll,J0648.8+1516
1360,J0649.3+2230,bcu,
1361,J0649.5-3139,bll,J0649.6-3138
1362,J0650.2-5144,,
1363,J0650.2-1636,bcu,J0650.4-1636
1364,J0650.5-2851,bcu,
1365,J0650.6+2055,unk,J0650.5+2055
1366,J0650.7+2503,bll,J0650.7+2503
1367,J0651.0+4013,bcu,J0651.3+4014
1368,J0651.4+6525,bcu,J0650.9+6524
1369,J0651.5+7956,bcu,
1370,J0651.9-4330,,
1371,J0652.1-4813,bcu,J0652.0-4808
1372,J0652.5+1932,bcu,
1373,J0652.8-1855,,
1374,J0652.9+4707,PSR,
1375,J0653.6+1636,bcu,
1376,J0653.7+2815,bll,J0653.6+2817
1377,J0654.0-4658,,
1378,J0654.0-4152,bcu,
1379,J0654.3+0923,bcu,J0654.5+0926
1380,J0654.3+5042,fsrq,J0654.4+5042
1381,J0654.4+4514,FSRQ,J0654.4+4514
1382,J0654.6-4952,bcu,
1383,J0654.7+4246,bll,
1384,J0655.4-2631,bcu,
1385,J0656.3-0322,fsrq,J0656.2-0323
1386,J0656.3+4235,bll,J0656.4+4232
1387,J0656.3-2404,bll,
1388,J0656.5+4218,,
1389,J0657.4-4658,,J0657.6-4701
1390,J0658.1-5840,bcu,J0658.3-5832
1391,J0658.2+2709,bcu,
1392,J0658.6+0636,bcu,J0658.6+0636
1393,J0658.7+2318,,J0658.8+2318
1394,J0659.6-2742,fsrq,
1395,J0659.6-6742,bcu,
1396,J0659.7+1416,PSR,J0659.5+1414
1397,J0659.9+1709,fsrq,J0700.0+1709
1398,J0700.1-6311,bcu,J0700.3-6310
1399,J0700.2-5118,,
1400,J0700.2+1304,bll,J0700.2+1304
1401,J0700.4-4308,,
1402,J0700.5-6610,bll,J0700.6-6610
1403,J0700.6+3558,,J0700.6+3557
1404,J0700.8+1551,,
1405,J0701.3-0403,,
1406,J0701.5+2511,bcu,
1407,J0701.5-2842,,
1408,J0701.5-4634,fsrq,J0701.4-4634
1409,J0702.7-1951,bll,J0702.7-1952
1410,J0703.2+6809,bcu,
1411,J0703.2-3914,bll,J0703.4-3914
1412,J0703.3-1042,bcu,J0704.1-1043
1413,J0703.3-0050,bcu,
1414,J0704.3-4829,,J0704.3-4828
1415,J0704.7+4508,bcu,
1416,J0704.8+4907,bcu,
1417,J0705.7-4848,bcu,J0706.1-4849
1418,J0705.8-0004,,J0705.7-0006
1419,J0705.9+5309,bcu,
1420,J0706.1+0246,bcu,
1421,J0706.5+3744,bll,J0706.5+3744
1422,J0706.8+7742,bll,J0707.0+7741
1423,J0706.9+6109,bll,J0707.2+6101
1424,J0708.6+1747,,J0708.7+1747
1425,J0708.9+4839,rdg,
1426,J0709.0+4304,bcu,
1427,J0709.1+2241,bll,J0708.9+2239
1428,J0709.1-1034c,,
1429,J0709.2-1527,bcu,
1430,J0709.3+0540,bcu,
1431,J0709.7-3009,unk,
1432,J0709.7-0255,fsrq,J0709.7-0256
1433,J0710.4+5908,bll,J0710.3+5908
1434,J0710.8-3851,fsrq,
1435,J0710.9+4733,bll,J0710.5+4732
1436,J0712.0-6431,,J0712.2-6436
1437,J0712.4+5724,bll,
1438,J0712.5+3311,bcu,
1439,J0712.7+5033,bll,J0712.6+5033
1440,J0712.8-5637,,
1441,J0713.0+5738,bcu,
1442,J0713.5+2537,bcu,
1443,J0713.5-2555,,
1444,J0713.8-4820c,,
1445,J0713.8+1935,fsrq,J0713.9+1933
1446,J0714.4+1110,bcu,
1447,J0715.3-6828,bcu,
1448,J0715.6-4528,bll,J0716.0-4525
1449,J0715.7-1128,,
1450,J0716.0-0826,,
1451,J0717.7-5519,bcu,
1452,J0718.0+4536,fsrq,
1453,J0718.6-4319,bll,J0718.7-4319
1454,J0718.8-5004,,J0718.9-5004
1455,J0719.1-7055,bcu,
1456,J0719.3+3307,fsrq,J0719.3+3307
1457,J0719.7-4012,bll,J0720.0-4010
1458,J0720.0-3507,bcu,
1459,J0720.0-6237,bcu,
1460,J0721.3-0222,bll,J0721.5-0221
1461,J0721.3+0405,fsrq,J0721.4+0404
1462,J0721.9+7120,BLL,J0721.9+7120
1463,J0722.4-2650,,J0722.2-2648
1464,J0722.7+3606,bcu,
1465,J0722.7-2309c,,
1466,J0723.0-0732,bll,J0723.2-0728
1467,J0723.1-3048,,
1468,J0723.4+5841,bll,
1469,J0723.5+2900,fsrq,J0724.1+2857
1470,J0723.7+2050,bll,J0723.7+2050
1471,J0724.8+3016,,
1472,J0725.2+1425,FSRQ,J0725.2+1425
1473,J0725.3-2550c,,
1474,J0725.5+0216,bcu,
1475,J0725.5-0504,bcu,
1476,J0725.6-5008,,J0725.4-5007
1477,J0725.6-3530,bcu,J0725.8-3532
1478,J0725.7-0549,,J0725.7-0550
1479,J0725.8-0054,bcu,J0725.8-0054
1480,J0726.1+8114,bcu,
1481,J0726.4-4727,fsrq,J0726.6-4727
1482,J0727.1+3734,bll,
1483,J0727.4+5325,bcu,
1484,J0728.0+6735,bcu,
1485,J0728.2+4827,bll,J0728.0+4828
1486,J0728.5+6128,bcu,
1487,J0729.1-3131,bcu,J0729.5-3127
1488,J0729.1+5703,fsrq,
1489,J0729.3-1445,PSR,J0729.7-1448
1490,J0730.1+6852,bcu,
1491,J0730.3-1141,fsrq,J0730.2-1141
1492,J0730.4+3308,bll,J0730.5+3307
1493,J0730.5-0535,bll,J0730.5-0537
1494,J0730.7-6602,bll,J0730.5-6606
1495,J0731.0+6607,,
1496,J0731.2-1403,bcu,
1497,J0731.5-1910c,,J0731.7-1914c
1498,J0731.8-3009,bcu,J0731.8-3010
1499,J0731.9+2805,bll,
1500,J0732.7-4638,bcu,J0732.2-4638
1501,J0733.0+4915,bcu,
1502,J0733.1+5910,bcu,J0733.3+5904
1503,J0733.4+5152,bcu,J0733.5+5153
1504,J0733.5-5445,bcu,
1505,J0733.6+3649,bcu,
1506,J0733.7+0205c,bcu,
1507,J0733.7+4110,bll,J0733.8+4108
1508,J0733.8+0455,fsrq,
1509,J0734.0+5021,fsrq,J0733.8+5021
1510,J0734.3-4448,,
1511,J0734.4-7711,bcu,J0734.3-7709
1512,J0734.7-1559,PSR,J0734.7-1558
1513,J0736.9-3231,,J0737.2-3233
1514,J0737.3-8247,bcu,J0737.8-8245
1515,J0737.4+6535,,
1516,J0737.7-8047,,
1517,J0738.1+1742,bll,J0738.1+1741
1518,J0738.4+1539,bcu,
1519,J0738.6+1311,,J0739.8+1312
1520,J0739.2+0137,fsrq,J0739.4+0137
1521,J0739.6-4530,,
1522,J0739.7+1743,bcu,
1523,J0739.8-6722,bcu,
1524,J0740.0-0753,bcu,
1525,J0740.4+7300,bcu,
1526,J0740.9+3203,bll,
1527,J0741.0+6618,PSR,J0740.8+6621
1528,J0741.0+3226,bll,
1529,J0741.0-5226,,J0740.6-5230
1530,J0741.2-5140,bcu,
1531,J0741.4-4709,fsrq,
1532,J0742.1+4902,fsrq,
1533,J0742.6+5443,fsrq,J0742.6+5444
1534,J0742.8-2822,PSR,J0742.7-2824
1535,J0742.9-5242,bcu,
1536,J0743.0-5622,fsrq,J0742.6-5623
1537,J0743.1+1713,bll,
1538,J0743.2+4034,,
1539,J0743.3-4912c,bcu,J0742.1-4849c
1540,J0743.6-3805,bcu,J0744.1-3804
1541,J0744.0-2525,bin,J0744.1-2523
1542,J0744.1+7434,bll,J0744.3+7434
1543,J0744.2-6918,bcu,
1544,J0744.4-1403,,
1545,J0744.9-4028,,J0744.8-4028
1546,J0745.4-2447,bcu,
1547,J0746.0-0039,fsrq,
1548,J0746.3-0225,bll,J0746.4-0225
1549,J0746.4+2546,fsrq,J0746.4+2540
1550,J0746.5+2730,fsrq,
1551,J0746.5-0710,bcu,J0746.6-0706
1552,J0746.5-4113,,
1553,J0746.6-4754,bll,J0746.6-4756
1554,J0747.2-0736,,J0747.4-0734
1555,J0747.2+4529,bcu,
1556,J0747.3-3310,bll,J0747.2-3311
1557,J0747.5+0905,bll,J0747.4+0904
1558,J0747.5-4927,bll,J0747.5-4927
1559,J0748.0-1638,bcu,J0748.0-1639
1560,J0748.3+8511,bcu,J0746.9+8511
1561,J0748.3+4928,bll,J0748.8+4929
1562,J0748.6+2400,fsrq,J0748.3+2401
1563,J0749.0-3904,bcu,
1564,J0749.0-2956,bcu,
1565,J0749.2+2314,bll,
1566,J0749.3+4453,bcu,J0749.0+4459
1567,J0749.4+1058,bcu,J0749.4+1059
1568,J0749.6+1324,bcu,J0749.5+1320
1569,J0749.7+7450,bll,
1570,J0749.8-4420,,
1571,J0749.9+1823,fsrq,
1572,J0750.0+7140,,
1573,J0750.5-7519,,
1574,J0750.8+1229,fsrq,J0750.6+1232
1575,J0751.0+7908,bcu,J0748.5+7910
1576,J0751.0-5131,bcu,
1577,J0751.2+1808,PSR,J0751.2+1806
1578,J0751.4-0421,bcu,
1579,J0751.4+2655,bcu,
1580,J0752.0-2931,,
1581,J0752.2+3313,fsrq,
1582,J0752.3-1631,bcu,J0752.6-1629
1583,J0753.0+5353,bll,J0753.1+5353
1584,J0753.1-2624c,,
1585,J0753.9+0923,bcu,
1586,J0754.0+0451,bcu,
1587,J0754.4-1148,bll,J0754.4-1148
1588,J0754.7+4823,bll,J0754.8+4824
1589,J0754.9-3953,,
1590,J0755.6+1855,,
1591,J0755.9-0515,,
1592,J0756.3-6431,bll,J0756.3-6433
1593,J0757.1-3729,bll,
1594,J0757.1+0956,bll,J0757.0+0956
1595,J0757.9+7304,,
1596,J0757.9-1514,,
1597,J0758.1+1134,fsrq,J0758.1+1130
1598,J0758.7+3746,rdg,J0758.7+3747
1599,J0758.8-1450,,J0758.6-1451
1600,J0758.9+2703,bll,J0758.9+2705
1601,J0759.6+1321,bll,
1602,J0800.1-5531,,
1603,J0800.3+5611,bcu,
1604,J0800.4-2257,bcu,
1605,J0800.5+3715,,
1606,J0800.7-1059,,
1607,J0800.9+0733,,
1608,J0800.9+4401,bll,J0800.9+4401
1609,J0801.1+1335,bll,
1610,J0801.1+6444,bll,
1611,J0801.3+6631,bcu,
1612,J0801.3-0617,,J0805.0-0622
1613,J0802.0+1006,bll,J0802.0+1005
1614,J0802.1-5612,,J0802.3-5610
1615,J0802.3-0942,bcu,J0802.3-0941
1616,J0803.0+2439,bll,
1617,J0803.2-2522,,
1618,J0803.2-0337,fsrq,J0803.3-0339
1619,J0803.5+2046,bcu,
1620,J0804.0-3629,bll,J0804.0-3629
1621,J0804.5+0414,bcu,J0804.4+0418
1622,J0804.9-0624,bcu,J0805.0-0622
1623,J0805.0+6746,bcu,
1624,J0805.1+7744,bcu,J0807.1+7744
1625,J0805.2-0110,fsrq,J0805.2-0112
1626,J0805.3-7425,,
1627,J0805.4+6147,fsrq,J0805.4+6144
1628,J0805.4+7534,bll,J0805.4+7534
1629,J0805.8-2331,bcu,
1630,J0805.9+3834,bll,
1631,J0806.1-0458,bcu,
1632,J0806.5+4503,fsrq,
1633,J0806.5+5930,bll,J0806.6+5933
1634,J0806.8+5659,,
1635,J0806.9-2151,bcu,
1636,J0807.0-6102,bcu,
1637,J0807.1-0541,bll,J0807.1-0541
1638,J0807.2+3312,,
1639,J0807.2-7630,bcu,
1640,J0807.3-1954,bcu,
1641,J0807.7-1206,bcu,
1642,J0808.2-0751,fsrq,J0808.2-0751
1643,J0808.3-5121,,
1644,J0808.5+4950,fsrq,J0807.9+4946
1645,J0809.3+4053,fsrq,J0809.5+4045
1646,J0809.5-4714,unk,
1647,J0809.5+5341,fsrq,J0809.5+5342
1648,J0809.6+3455,bll,J0809.6+3456
1649,J0809.8+0507,,
1650,J0809.8+5218,BLL,J0809.8+5218
1651,J0810.0-0505,,
1652,J0810.9-4926,bcu,
1653,J0811.0-7529,bll,J0811.2-7529
1654,J0811.0-5636,,
1655,J0811.4+0146,bll,J0811.3+0146
1656,J0811.9+7847,bcu,
1657,J0812.0+0237,bll,J0812.0+0237
1658,J0812.3+1143,bll,
1659,J0812.5+0711,bcu,
1660,J0812.6+2821,bcu,
1661,J0812.8+6507,bll,J0813.3+6509
1662,J0812.9+5555,bll,J0812.9+5555
1663,J0813.1-5049,,
1664,J0813.7-0356,bcu,J0813.5-0356
1665,J0814.2-1013,bll,J0814.1-1012
1666,J0814.4+6926,bcu,
1667,J0814.4+2941,bll,J0814.5+2943
1668,J0814.5-2642,bcu,
1669,J0814.6+6430,bll,J0814.7+6428
1670,J0815.5+6554,,
1671,J0815.6+3641,fsrq,
1672,J0815.9+2951,bcu,
1673,J0816.0-2342,unk,
1674,J0816.1+4909,bll,
1675,J0816.3+5739,bll,J0816.7+5739
1676,J0816.4-1311,bll,J0816.4-1311
1677,J0816.4-0007,bcu,
1678,J0816.7-2420,bcu,J0816.7-2421
1679,J0816.9+2050,bll,J0816.5+2049
1680,J0817.1+1955,bcu,
1681,J0817.7-5258c,,
1682,J0817.8+3243,bll,J0817.9+3238
1683,J0817.8-0934,bll,J0817.8-0935
1684,J0818.2+4222,bll,J0818.2+4223
1685,J0818.4+2816,bll,
1686,J0818.7+3153,bll,
1687,J0818.8+3229,fsrq,
1688,J0819.0+2746,bll,J0818.8+2751
1689,J0819.4-0756,bll,J0819.6-0803
1690,J0819.4+4035,bll,
1691,J0819.5-3439,unk,
1692,J0820.1-2801,bcu,
1693,J0820.3+3639,bll,J0820.4+3640
1694,J0820.9+2353,bll,
1695,J0820.9-1258,bll,J0820.9-1258
1696,J0821.1+1007,bcu,
1697,J0821.5-1436,,
1698,J0822.1-4253e,SNR,J0822.6-4250e
1699,J0822.4-2630,bcu,
1700,J0822.8-4207,,J0823.3-4205c
1701,J0823.1-6330,bll,
1702,J0823.1+4042,fsrq,J0822.9+4041
1703,J0823.3+2224,bll,
1704,J0823.7-4838,bcu,J0823.6-4838
1705,J0824.1-6004,,
1706,J0824.4+2440,fsrq,J0824.1+2434
1707,J0824.7+5552,fsrq,J0824.9+5551
1708,J0824.9+3915,fsrq,J0824.9+3916
1709,J0825.6-5216c,,
1710,J0825.8+0309,bll,J0826.0+0307
1711,J0825.9-3218,bcu,J0825.8-3217
1712,J0825.9-2230,bll,J0825.9-2230
1713,J0826.0-0157,,J0825.4-0213
1714,J0826.1-5053,,J0826.3-5056
1715,J0826.4-6404,bll,J0826.3-6400
1716,J0827.0-0708,bll,J0827.2-0711
1717,J0827.0-4111c,,
1718,J0827.6-0059,,
1719,J0827.6-3735,bcu,J0827.9-3738
1720,J0827.8+5221,fsrq,J0828.5+5217
1721,J0828.0+2307,bll,
1722,J0828.3+4152,bll,
1723,J0828.4-4444,,
1724,J0828.6-0747,bcu,
1725,J0828.7-2422,bll,J0828.8-2420
1726,J0829.0+1755,bll,
1727,J0829.3+3729,,
1728,J0829.4+0857,fsrq,J0829.3+0901
1729,J0829.6-1140,bcu,J0829.6-1137
1730,J0829.7+5105,bll,
1731,J0829.7-5856,bcu,J0830.3-5855
1732,J0830.0+5231,bcu,
1733,J0830.1-0946,bcu,
1734,J0830.8+2410,FSRQ,J0830.7+2408
1735,J0831.4+2631,bcu,J0830.8+2629
1736,J0831.5+1747,bll,
1737,J0831.8+0429,bll,J0831.9+0430
1738,J0832.2-4322c,,J0832.8-4321
1739,J0832.2+2753,bcu,
1740,J0832.4+4912,bll,J0832.6+4914
1741,J0833.1-4511e,PWN,J0833.1-4511e
1742,J0833.3-4342c,,
1743,J0833.4-0458,fsrq,
1744,J0833.9+4223,fsrq,J0834.1+4223
1745,J0834.6+4402,bll,J0834.7+4403
1746,J0834.9-4612,,
1747,J0835.0+6243,bcu,
1748,J0835.2-2243,fsrq,
1749,J0835.3-4510,PSR,J0835.3-4510
1750,J0835.7+0936,bll,J0835.4+0930
1751,J0836.0-5458,,
1752,J0836.2+2141,bcu,J0836.3+2143
1753,J0836.5-2026,fsrq,J0836.5-2020
1754,J0836.6-6036,,
1755,J0836.8-4638,,
1756,J0836.9+5833,bll,
1757,J0837.3+1458,bll,
1758,J0837.8-4048c,,J0838.9-4056c
1759,J0838.4-3952,,
1760,J0838.5+4013,,
1761,J0838.7-2827,bin,J0838.8-2829
1762,J0838.8-4552c,,
1763,J0838.9-2502,,
1764,J0839.1-4613c,,J0838.1-4615
1765,J0839.4+1803,bll,J0839.6+1803
1766,J0839.7+3540,bll,J0839.6+3538
1767,J0839.8+0105,fsrq,J0839.5+0102
1768,J0840.3-4544,,
1769,J0840.6-3130,,
1770,J0840.8+1317,ssrq,J0840.8+1315
1771,J0841.3-3554,bll,J0841.3-3554
1772,J0841.3+7053,FSRQ,J0841.4+7053
1773,J0842.3-6053,bcu,J0842.0-6055
1774,J0842.5+0251,bll,J0842.2+0251
1775,J0842.7+6656,bll,
1776,J0843.0-0853,bcu,
1777,J0843.3+6712,psr,J0843.4+6713
1778,J0844.1-4330,,J0845.5-4327c
1779,J0844.2+5312,bll,J0843.9+5311
1780,J0844.2-4554c,,J0843.1-4546
1781,J0844.9-4117,,
1782,J0844.9-5458,bll,J0845.1-5458
1783,J0845.4+0442,bcu,
1784,J0845.7-5556,fsrq,
1785,J0846.5-2609,bcu,
1786,J0846.6-4747,,
1787,J0846.9+4608,fsrq,
1788,J0847.0-2336,bcu,J0846.9-2336
1789,J0847.1-5954,,
1790,J0847.2+1134,bll,J0847.1+1134
1791,J0847.9-0702,bll,J0846.7-0651
1792,J0848.0-0524,fsrq,
1793,J0848.2-4527,,J0848.2-4524
1794,J0848.7+0508,bll,J0848.6+0504
1795,J0848.7+7017,bll,J0848.5+7018
1796,J0848.8-4328,,J0848.7-4324
1797,J0848.9+0205,bll,
1798,J0849.0-2702,,
1799,J0849.1+6607,bll,J0849.1+6607
1800,J0849.2-4410c,,
1801,J0849.4-2911,bcu,J0849.5-2912
1802,J0849.5+0456,bll,J0849.3+0458
1803,J0849.5+2710,,
1804,J0849.8-3541,bcu,J0849.9-3540
1805,J0850.0+4855,bll,J0850.0+4855
1806,J0850.0+5108,NLSY1,J0849.9+5108
1807,J0850.1-1212,fsrq,J0850.2-1214
1808,J0850.4-2558,,
1809,J0850.5+3455,bll,J0850.2+3500
1810,J0850.8-4239,,J0851.4-4244
1811,J0851.5+5528,bll,J0851.8+5531
1812,J0851.9-4620e,SNR,J0852.7-4631e
1813,J0851.9-5229,bcu,
1814,J0852.2+2834,fsrq,
1815,J0852.5-5755,bcu,J0852.6-5756
1816,J0852.5-3123,unk,
1817,J0853.1-3657,bcu,J0853.0-3654
1818,J0853.1-4407,,J0854.4-4404
1819,J0853.6-4306,,
1820,J0853.9-5501,,
1821,J0854.0+2753,bll,
1822,J0854.3+4408,bll,J0854.2+4408
1823,J0854.8-4504,,J0854.8-4503
1824,J0854.8+2006,BLL,J0854.8+2006
1825,J0855.0+0720,,
1826,J0855.0-6026,,
1827,J0855.4-0714,bcu,J0855.2-0718
1828,J0855.9+7144,fsrq,J0855.4+7142
1829,J0856.4-5309,bcu,
1830,J0856.6-1105,bll,J0856.7-1105
1831,J0856.8+2056,bll,J0856.5+2057
1832,J0856.8+8559,bcu,
1833,J0857.0-4353c,,J0857.7-4345
1834,J0857.7+0137,bll,
1835,J0857.7-4507,,
1836,J0857.9-1949,fsrq,J0858.1-1951
1837,J0858.0-3130,unk,J0858.1-3130
1838,J0858.1+1405,ssrq,
1839,J0859.2-4729,,J0859.3-4732
1840,J0859.3-4342,,
1841,J0859.4+6218,bll,J0859.1+6219
1842,J0859.4+8345,bll,
1843,J0859.8+0053,,
1844,J0859.8-4530c,,
1845,J0900.2-4608,,
1846,J0900.6-7408,bcu,
1847,J0900.7-1243,bcu,
1848,J0901.2+6742,bll,J0900.0+6754
1849,J0901.4+4542,bll,
1850,J0901.5+6711,bcu,
1851,J0902.4+6440,bcu,
1852,J0902.4+2051,bll,J0902.4+2050
1853,J0902.5-4727,,J0902.5-4731c
1854,J0902.5-4801,bcu,
1855,J0903.1+4652,fsrq,J0903.1+4649
1856,J0903.5+4057,,
1857,J0904.0+2724,bcu,
1858,J0904.5-3513,bcu,J0904.8-3516
1859,J0904.6+5200,,
1860,J0904.6+4238,fsrq,J0904.3+4240
1861,J0904.7-4908c,unk,J0905.6-4917
1862,J0904.9-5734,bcu,J0904.8-5734
1863,J0905.6+1358,bll,J0905.5+1358
1864,J0906.1-1011,,
1865,J0906.2-5337,,
1866,J0906.2-1707,bcu,
1867,J0906.3-0905,bll,J0906.3-0906
1868,J0906.7+4950,fsrq,
1869,J0906.8-2122,,
1870,J0908.7-4911,PSR,J0908.4-4916
1871,J0908.9+2311,bll,J0909.0+2310
1872,J0909.1+0121,fsrq,J0909.1+0121
1873,J0909.6+0159,bll,J0909.6+0157
1874,J0909.7-0230,fsrq,J0909.8-0229
1875,J0909.7+3104,bll,
1876,J0910.0+4257,css,
1877,J0910.1-1816,,
1878,J0910.6+3329,bll,J0910.5+3329
1879,J0910.6+2247,fsrq,J0910.9+2248
1880,J0910.8+3859,bll,J0910.7+3858
1881,J0910.9+6055,,
1882,J0911.0-5047,bcu,J0910.4-5050
1883,J0911.6-4738c,,
1884,J0911.7+3349,bll,J0911.8+3351
1885,J0912.1-6449,glc,J0912.2-6452
1886,J0912.2+4127,fsrq,J0912.2+4126
1887,J0912.2-2751,bcu,J0912.6-2757
1888,J0912.2+2800,bll,J0912.4+2800
1889,J0912.5+1556,bll,J0912.7+1556
1890,J0912.9-2102,bll,J0912.9-2104
1891,J0913.3+8133,bll,
1892,J0914.1-0202,bcu,
1893,J0914.4+0249,fsrq,
1894,J0914.5+6845,,
1895,J0914.8+5846,bll,J0915.0+5844
1896,J0915.4-3027,bcu,
1897,J0915.9+2933,bll,J0915.8+2933
1898,J0916.7+3856,fsrq,J0916.3+3857
1899,J0916.7+5238,bll,
1900,J0916.9+7756,,
1901,J0917.1-2131,fsrq,
1902,J0917.3-0342,bll,J0917.3-0344
1903,J0917.9-4755,,
1904,J0918.9-0625,bcu,
1905,J0919.3+6607,,J0919.4+6604
1906,J0919.3-2202,bcu,J0919.5-2200
1907,J0919.5-6203,,
1908,J0920.3-0443,bcu,
1909,J0920.9+4441,fsrq,J0920.9+4442
1910,J0920.9-2256,bll,J0921.0-2258
1911,J0921.6+6216,fsrq,J0921.8+6215
1912,J0921.7-6317,lmb,
1913,J0921.7+2336,bll,J0921.9+2335
1914,J0922.4-0528,fsrq,J0922.4-0529
1915,J0922.6+4454,bcu,
1916,J0922.6+0434,bcu,J0922.7+0435
1917,J0922.7-3959,fsrq,J0922.8-3959
1918,J0923.5+3852,bcu,J0923.1+3853
1919,J0923.5+4125,fsrq,J0923.3+4127
1920,J0924.0+2816,fsrq,J0924.0+2816
1921,J0924.0+0534,bll,J0924.2+0534
1922,J0924.1-5202c,,J0923.8-5154
1923,J0925.7+5959,bll,J0925.6+5959
1924,J0925.7+3126,bll,J0925.7+3129
1925,J0926.1-5336,,
1926,J0926.4+5412,bll,J0926.3+5409
1927,J0927.2+2454,bcu,
1928,J0928.1-2035,fsrq,J0927.9-2037
1929,J0928.2-3048,bcu,
1930,J0928.3-2713,,
1931,J0928.4-5256,,J0928.3-5255
1932,J0928.4-0415,bcu,
1933,J0928.5+3916,,
1934,J0928.5+4048,bll,J0928.5+4048
1935,J0928.7-3529,bll,J0928.9-3530
1936,J0929.3+5014,bll,J0929.4+5013
1937,J0929.3-4110,,
1938,J0929.3-2414,bcu,
1939,J0929.6+4621,bcu,
1940,J0930.3+8612,bll,J0930.2+8612
1941,J0930.5+4951,bll,J0930.0+4951
1942,J0930.5+5132,bll,J0930.7+5133
1943,J0930.7+3502,bll,
1944,J0930.9-3030,,
1945,J0930.9-1015,bcu,
1946,J0930.9+0033,fsrq,
1947,J0931.2-8533,bcu,
1948,J0931.2-1906,PSR,J0930.9-1904
1949,J0931.4-3559,,
1950,J0931.9+6737,rdg,J0931.8+6739
1951,J0932.6+5306,fsrq,
1952,J0932.7+1041,bll,
1953,J0933.5-5240,bcu,
1954,J0933.8-6232,,J0933.9-6232
1955,J0934.3+3926,bll,J0934.1+3933
1956,J0934.5-1720,bll,
1957,J0934.5+7223,,
1958,J0935.3-1736,bll,J0935.1-1736
1959,J0935.3+0901,bin,J0935.2+0903
1960,J0935.5+1152,,
1961,J0936.3-2111,bll,J0936.3-2114
1962,J0936.5+1847,bll,
1963,J0937.1+5008,fsrq,J0937.7+5008
1964,J0937.6-3358,,
1965,J0937.9-1434,bll,J0937.9-1435
1966,J0938.8+5155,,
1967,J0938.9-6403,bcu,J0937.8-6407
1968,J0939.3-1732,bcu,J0939.2-1732
1969,J0940.0-2828,bcu,J0939.9-2831
1970,J0940.3-7610,,J0940.6-7609
1971,J0940.4+6148,bll,J0941.4+6148
1972,J0940.7-6105,bcu,J0940.7-6102
1973,J0940.9-1335,fsrq,J0940.9-1337
1974,J0941.1-5429,PSR,
1975,J0941.7+4125,bcu,
1976,J0941.9+2724,bll,J0941.6+2727
1977,J0942.3+2842,bll,
1978,J0942.3-0800,bll,J0942.1-0756
1979,J0942.5+7620,,
1980,J0942.7-2028,bcu,
1981,J0943.6+4207,,
1982,J0943.7+6137,bcu,
1983,J0944.2+5557,bll,
1984,J0944.6+5729,,
1985,J0944.7-5124,,
1986,J0945.2+5200,fsrq,J0946.2+5209
1987,J0945.5+4635,fsrq,
1988,J0945.7+5759,bll,J0945.9+5756
1989,J0946.0+4735,bll,
1990,J0946.2+0104,bll,J0946.2+0103
1991,J0946.6+1016,fsrq,J0946.5+1017
1992,J0947.0-3548,,
1993,J0947.1-2541,bll,J0947.1-2542
1994,J0947.6+2215,bll,
1995,J0947.8-4234,,
1996,J0947.9+1121,bll,
1997,J0948.0-3859,,
1998,J0948.6-0338,bcu,
1999,J0948.9+0022,NLSY1,J0948.8+0021
2000,J0949.0+4038,fsrq,J0948.6+4041
2001,J0949.2+1749,fsrq,J0949.8+1757
2002,J0949.7+5819,bcu,
2003,J0949.8+7551,,J0950.4+7550
2004,J0950.2+0615,bll,
2005,J0950.2+4553,bll,J0950.1+4554
2006,J0951.7-5328,spp,
2007,J0951.8-3711,,J0952.7-3717
2008,J0952.1+3932,bll,J0952.2+3926
2009,J0952.1-0607,PSR,
2010,J0952.2+7503,bll,
2011,J0952.6-5048,bcu,
2012,J0952.8+0712,bll,J0952.8+0711
2013,J0953.0-0840,bll,J0953.0-0839
2014,J0953.4-7659,bcu,J0953.1-7657c
2015,J0953.6-1509,,J0953.7-1510
2016,J0954.2+4913,bll,J0954.2+4913
2017,J0954.2-2520,bcu,
2018,J0955.1+3551,bll,
2019,J0955.2+0835,bll,
2020,J0955.3-3949,bin,J0955.0-3949
2021,J0955.4-6151,PSR,J0955.6-6148
2022,J0955.7+6940,sbg,J0955.4+6940
2023,J0955.8-4106,,
2024,J0956.0+3936,fsrq,
2025,J0956.5-0958,bll,
2026,J0956.7+2516,fsrq,J0956.6+2515
2027,J0957.3-3851,,
2028,J0957.3-1348,fsrq,J0957.5-1351
2029,J0957.6+5523,fsrq,J0957.6+5523
2030,J0957.6-3051,,
2031,J0957.6-5208,,
2032,J0957.7-3510,,
2033,J0957.8+3423,bcu,
2034,J0958.0+4728,fsrq,J0957.4+4728
2035,J0958.0-0319,bll,J0958.3-0318
2036,J0958.0+3222,fsrq,
2037,J0958.1-6753,bcu,J0958.4-6752
2038,J0958.3-2656,rdg,
2039,J0958.4+5042,fsrq,
2040,J0958.4-2441,bcu,J0958.6-2447
2041,J0958.6-0522,,
2042,J0958.7+6534,BLL,J0958.6+6534
2043,J0958.8+7039,bcu,
2044,J0959.1-6441,,
2045,J0959.1+5719,,
2046,J0959.4+2120,bll,J0959.7+2124
2047,J0959.6+4606,bcu,
2048,J1001.1+2911,bll,J1001.0+2913
2049,J1001.3-2040,,
2050,J1002.3-2810,,J1002.0-2837
2051,J1002.5+2215,bll,J1002.3+2220
2052,J1002.8+2140,bcu,
2053,J1003.4+0205,bcu,
2054,J1003.6-2137,bcu,
2055,J1003.6+2605,bll,J1003.6+2608
2056,J1003.7+7049,,
2057,J1004.6-5215,,J1003.7-5215
2058,J1004.8-5250,,
2059,J1005.5-5708c,,
2060,J1006.5+6440,bll,
2061,J1006.7-2159,fsrq,J1006.7-2159
2062,J1006.9-2806,,
2063,J1007.0+3455,bll,J1006.7+3453
2064,J1007.6-3332,fsrq,J1007.4-3334
2065,J1007.8-4514,,
2066,J1008.0+0620,bll,J1007.9+0621
2067,J1008.0+0028,bcu,J1007.8+0026
2068,J1008.1+4706,bll,
2069,J1008.1-5706c,unk,J1008.6-5706
2070,J1008.2-1000,,
2071,J1008.7-2909,bcu,J1008.9-2910
2072,J1008.8-3139,bll,J1009.0-3137
2073,J1009.5-0034,,
2074,J1010.0+1416,,
2075,J1010.2-3119,bll,J1010.2-3120
2076,J1010.8-0158,fsrq,J1010.8-0158
2077,J1011.1-4420,unk,
2078,J1011.3-0427,fsrq,
2079,J1011.4-5729c,,
2080,J1011.6+3600,bll,
2081,J1012.1-4235,PSR,J1012.0-4235
2082,J1012.3-1232,bcu,
2083,J1012.3+0629,bll,J1012.2+0631
2084,J1012.7+4228,agn,J1012.7+4229
2085,J1012.7+2439,fsrq,J1012.6+2439
2086,J1013.3-2551,bcu,
2087,J1013.4-4006,bll,J1013.4-4008
2088,J1013.7+3444,fsrq,J1013.5+3440
2089,J1014.3+4112,bcu,J1014.2+4115
2090,J1014.6+6126,,
2091,J1014.7+3210,bcu,
2092,J1014.8+2257,fsrq,J1014.1+2306
2093,J1014.8-0537,bcu,
2094,J1014.9-4508,bcu,J1015.2-4512
2095,J1015.0+4926,bll,J1015.0+4925
2096,J1015.1-6353,,
2097,J1015.5-6030,,J1016.5-6034
2098,J1015.6+5553,fsrq,J1016.1+5555
2099,J1016.0+0512,fsrq,J1016.0+0513
2100,J1016.1-4247,,J1016.6-4244
2101,J1016.2-5729c,,
2102,J1016.3-5857,PSR,J1016.3-5858
2103,J1016.4+7703,bcu,
2104,J1016.5-2650,bcu,J1016.9-2653
2105,J1017.3+5204,bcu,
2106,J1017.4+2538,bcu,
2107,J1017.4+5956,,
2108,J1017.8+0715,bcu,
2109,J1018.1-4051,,
2110,J1018.1+1905,bll,J1018.1+1904
2111,J1018.1-2705,,
2112,J1018.2+0145,,
2113,J1018.3-3124,fsrq,J1018.4-3119
2114,J1018.3-0703,,
2115,J1018.4+3540,fsrq,J1018.3+3542
2116,J1018.4+0528,fsrq,J1018.5+0530
2117,J1018.4+2210,,
2118,J1018.8+5913,bll,J1018.8+5913
2119,J1018.9+1043,bcu,
2120,J1018.9-5856,HMB,J1018.9-5856
2121,J1019.3+5625,,
2122,J1019.7+6321,bll,J1020.0+6323
2123,J1019.7+0511,bcu,
2124,J1019.8-5749,PSR,J1020.0-5749
2125,J1020.4-5314,,
2126,J1020.7-3920,bcu,
2127,J1021.1+1626,bll,
2128,J1021.4+8021,bcu,J1021.8+8023
2129,J1021.8-6308,,
2130,J1021.9+5123,bll,
2131,J1022.4-4231,bll,J1022.3-4234
2132,J1022.7-0112,bll,J1022.8-0113
2133,J1023.0-5745,PSR,J1023.1-5745
2134,J1023.1+3949,fsrq,J1023.1+3952
2135,J1023.2+2859,fsrq,
2136,J1023.3-5747e,SFR,J1023.1-5745
2137,J1023.7+0038,LMB,J1023.6+0040
2138,J1023.8+3002,bll,J1023.7+3000
2139,J1023.8-4335,bll,J1023.9-4335
2140,J1023.9-3236,fsrq,J1024.1-3232
2141,J1024.5-0719,PSR,J1024.6-0718
2142,J1024.5-5329,unk,
2143,J1024.5-4543,unk,J1024.4-4545
2144,J1024.8+2332,bll,J1025.1+2333
2145,J1026.2-5731,,J1026.2-5730
2146,J1026.9+0608,bll,J1027.0+0609
2147,J1026.9-1749,bll,J1026.9-1750
2148,J1027.0-8542,bll,J1026.4-8542
2149,J1027.2+7427,bcu,J1026.5+7423
2150,J1027.4-6324,,
2151,J1027.6+6317,bll,J1027.7+6316
2152,J1027.6+1828,bcu,J1028.0+1829
2153,J1027.6+8251,bcu,J1027.8+8253
2154,J1027.9+0252,fsrq,
2155,J1028.1-3550,,
2156,J1028.3+3108,bll,
2157,J1028.4-1539,,
2158,J1028.4-0234,fsrq,J1028.5-0235
2159,J1028.5-5819,PSR,J1028.4-5819
2160,J1029.3-6657,unk,
2161,J1029.4-0828,,
2162,J1029.9+7335,,
2163,J1030.2-8403,bcu,J1032.9-8401
2164,J1030.4-3001,bcu,
2165,J1030.6-2028,bll,J1030.4-2030
2166,J1030.7+6118,,
2167,J1031.1+7442,bll,J1031.0+7440
2168,J1031.3+5053,bll,J1031.2+5053
2169,J1031.6+6019,fsrq,J1031.6+6021
2170,J1031.8-2609,bcu,
2171,J1032.0+5725,,
2172,J1032.6+3737,bll,J1032.7+3735
2173,J1032.7+6624,bll,J1032.5+6623
2174,J1033.1+4115,fsrq,J1033.2+4116
2175,J1033.5-5035,bcu,J1033.4-5035
2176,J1033.5+4221,bll,
2177,J1033.7+3708,bcu,
2178,J1033.9+6050,FSRQ,J1033.8+6051
2179,J1034.0-2547,bcu,
2180,J1034.7-4645,unk,
2181,J1035.1-0608,bcu,
2182,J1035.3-2050,bcu,
2183,J1035.3+5541,bcu,J1035.2+5545
2184,J1035.4-6720,PSR,J1035.7-6720
2185,J1035.6+4409,bll,
2186,J1036.2+2202,fsrq,
2187,J1036.3-5833e,,J1036.4-5828c
2188,J1036.5-1809,,
2189,J1036.5+1231,bll,
2190,J1036.5-8318,PSR,J1036.0-8317
2191,J1036.6-4349,,J1036.4-4348
2192,J1036.6-3741,fsrq,J1037.4-3742
2193,J1037.0-1954,bcu,
2194,J1037.4-2933,fsrq,J1037.0-2934
2195,J1037.7-2822,fsrq,J1037.5-2821
2196,J1037.7+5711,bll,J1037.5+5711
2197,J1037.8-5810c,,J1039.1-5809
2198,J1038.2-2425,bcu,J1038.0-2425
2199,J1038.5+3926,bll,
2200,J1038.8-5312,fsrq,J1038.9-5311
2201,J1039.2+3258,,
2202,J1039.2-2848,bcu,
2203,J1039.6+0535,bcu,
2204,J1039.7-1540,fsrq,
2205,J1039.9+7326,bcu,J1039.5+7324
2206,J1040.5+0617,bll,J1040.4+0615
2207,J1041.0+1342,bll,J1040.8+1342
2208,J1041.1-1201,bcu,J1040.9-1205
2209,J1041.3-6437,bcu,
2210,J1041.7+3902,bll,J1041.8+3901
2211,J1041.9-0557,bll,J1042.0-0557
2212,J1042.1-4128,bll,J1042.1-4126
2213,J1042.9+0054,bcu,
2214,J1043.0+5316,,
2215,J1043.2+2408,fsrq,J1043.1+2407
2216,J1043.6+0654,bll,
2217,J1044.4-5737,PSR,J1044.5-5737
2218,J1044.5-1439,,
2219,J1044.6+8053,fsrq,J1044.4+8058
2220,J1045.1-5940,BIN,J1045.1-5941
2221,J1045.3+2751,bll,
2222,J1045.7-6414,unk,J1045.3-6414
2223,J1045.8-2928,fsrq,J1045.7-2926
2224,J1045.9-2331,bcu,J1045.5-2335
2225,J1046.0+5448,bcu,
2226,J1046.7-6010,,J1047.3-6005
2227,J1046.8-2534,bll,J1046.9-2531
2228,J1047.2-5517,bcu,
2229,J1047.2+6740,,
2230,J1047.7+7238,bll,J1047.6+7240
2231,J1047.8-6216,bcu,J1047.8-6216
2232,J1047.9+0055,bcu,
2233,J1047.9-3738,bcu,J1047.8-3737
2234,J1048.0-1912,fsrq,
2235,J1048.2-5832,PSR,J1048.2-5832
2236,J1048.4-5030,,
2237,J1048.4+7143,FSRQ,J1048.4+7144
2238,J1048.5-5923,,
2239,J1048.6+2340,PSR,J1048.6+2338
2240,J1049.5+1548,bll,J1049.7+1548
2241,J1049.7+5011,bll,
2242,J1049.8+2741,,
2243,J1049.8+1429,bcu,J1049.8+1425
2244,J1049.9-3658,,
2245,J1050.1+0432,fsrq,J1050.4+0435
2246,J1051.2-6517,bcu,J1051.5-6517
2247,J1051.4-3139,fsrq,
2248,J1051.4+3942,bll,J1051.4+3941
2249,J1051.6+3253,sbg,
2250,J1051.6+2109,fsrq,
2251,J1051.9+0103,bll,J1051.8+0105
2252,J1052.3+0818,bcu,J1052.0+0816
2253,J1052.9-3743,bll,J1052.8-3741
2254,J1053.7+4930,bll,J1053.7+4929
2255,J1053.9+8628,bcu,
2256,J1054.0-5938,,
2257,J1054.2+3926,bcu,
2258,J1054.5+2211,bll,J1054.5+2210
2259,J1054.7-6008c,,J1054.7-6006
2260,J1055.5-0125,bll,
2261,J1055.6-0719,,
2262,J1055.7+1033,,
2263,J1055.7-6028,PSR,J1055.8-6025
2264,J1055.7-1807,,
2265,J1056.0+0253,bll,
2266,J1056.8+7012,fsrq,J1058.1+7010
2267,J1056.9-5852,PSR,J1056.7-5853
2268,J1057.2+5510,bcu,
2269,J1057.3-2341,fsrq,J1057.3-2341
2270,J1057.6-4051,,J1057.6-4051
2271,J1057.8-2754,bll,J1057.6-2754
2272,J1057.9-5227,PSR,J1057.9-5227
2273,J1058.0+4305,bll,
2274,J1058.4-6625,,J1058.7-6621
2275,J1058.4+0133,BLL,J1058.5+0133
2276,J1058.5+8115,fsrq,J1058.4+8112
2277,J1058.6+2817,bll,
2278,J1058.6-8003,bll,J1058.5-8003
2279,J1058.6+5627,BLL,J1058.6+5627
2280,J1058.9-6101,,J1058.5-6106c
2281,J1059.2-1134,bll,J1059.2-1133
2282,J1059.4+2148,,
2283,J1059.4+0226,,J1059.3+0224
2284,J1059.5+2057,fsrq,J1059.9+2056
2285,J1059.5-6021,spp,
2286,J1100.0-2044,,J1100.2-2044
2287,J1100.3+4020,bll,J1100.5+4020
2288,J1101.3+7017,bcu,
2289,J1101.4+4108,bll,J1101.5+4106
2290,J1101.5+3904,bcu,
2291,J1102.0-6054,bcu,J1101.9-6053
2292,J1102.1+2249,fsrq,
2293,J1102.3+6715,,
2294,J1102.4+0246,psr,
2295,J1102.6+5251,fsrq,J1103.3+5239
2296,J1102.8-0148,bcu,
2297,J1102.9-5628,bcu,
2298,J1102.9+3014,fsrq,
2299,J1103.0+1157,fsrq,J1103.1+1155
2300,J1103.6-2329,bll,J1103.5-2329
2301,J1103.9-5357,bll,J1103.9-5357
2302,J1104.0+2611,bcu,
2303,J1104.0+0020,bll,
2304,J1104.4+0730,bll,J1104.3+0730
2305,J1104.4+3812,BLL,J1104.4+3812
2306,J1104.9-6037,PSR,J1104.9-6036
2307,J1104.9+5748,bcu,
2308,J1105.1-2600,,
2309,J1105.3-0626,,
2310,J1105.4-6108,PSR,J1105.2-6113
2311,J1105.8+3944,bll,
2312,J1105.8-0731,bcu,
2313,J1106.0+2813,fsrq,J1105.9+2814
2314,J1106.2+7303,,
2315,J1106.2-1048,bcu,
2316,J1106.5-3646,bll,J1106.4-3643
2317,J1106.7+3623,,
2318,J1106.7-1742,,J1106.6-1744
2319,J1107.0-4449,fsrq,J1107.4-4447
2320,J1107.6+0222,bll,J1107.5+0223
2321,J1107.7-3042,fsrq,
2322,J1107.8+1501,bll,J1107.8+1502
2323,J1108.7-1844,bcu,
2324,J1109.1-4853,,
2325,J1109.3+2411,bll,J1109.4+2411
2326,J1109.4-6115e,,J1111.9-6038
2327,J1109.6+3735,bll,J1109.6+3734
2328,J1109.7-4814,bcu,J1109.4-4815
2329,J1109.8+4406,,
2330,J1110.2+7135,bll,J1110.0+7134
2331,J1110.4-8023,,
2332,J1110.5-1836,bll,J1110.4-1835
2333,J1111.0+3542,bll,
2334,J1111.4+0137,,
2335,J1111.4-4624,bcu,
2336,J1111.5+3455,bll,
2337,J1111.8-6039,PSR,J1111.9-6038
2338,J1111.8+4858,bcu,
2339,J1112.0+1021,,J1112.1+1034
2340,J1112.1-6108,PSR,J1112.5-6105
2341,J1112.2-6055,,J1111.9-6058
2342,J1112.4+1751,bll,J1112.6+1749
2343,J1112.5+3448,fsrq,J1112.4+3449
2344,J1113.6-1920,bcu,
2345,J1113.8+1528,bll,
2346,J1113.9+5523,bll,
2347,J1114.2+0638,gal,
2348,J1114.5-0819,fsrq,
2349,J1114.6+1225,,
2350,J1114.7-0248,fsrq,
2351,J1115.1-6118,,J1115.2-6124c
2352,J1115.2-0703,bcu,J1115.0-0701
2353,J1116.6+2915,rdg,
2354,J1117.0+2013,bll,J1117.0+2014
2355,J1117.2+0008,bll,
2356,J1117.2-5337,bcu,J1117.2-5338
2357,J1117.6+2550,bll,J1117.3+2546
2358,J1117.6+0217,bcu,J1117.7+0217
2359,J1117.7-3650,bcu,
2360,J1118.0+5356,bll,J1117.9+5355
2361,J1118.2-4634,fsrq,J1117.7-4632
2362,J1118.2-0415,agn,J1118.2-0411
2363,J1118.6-1235,fsrq,
2364,J1119.0+1235,fsrq,
2365,J1119.1-6127,PSR,J1119.1-6127
2366,J1119.6-3047,bll,J1119.7-3046
2367,J1119.9-1007,,
2368,J1120.0-2204,,J1119.9-2204
2369,J1120.1-2645,,J1119.8-2647
2370,J1120.6+0713,bcu,J1120.6+0713
2371,J1120.8+4212,bll,J1120.8+4212
2372,J1121.3-0011,bcu,
2373,J1121.4-0553,fsrq,J1121.4-0554
2374,J1122.0-0231,,
2375,J1122.2+3926,,
2376,J1122.4-6237,,
2377,J1122.5-1440,,
2378,J1123.1-3233,bll,
2379,J1123.2-5111,,
2380,J1123.4-2529,fsrq,J1123.3-2529
2381,J1123.5-6418,bcu,J1123.2-6415
2382,J1123.6+8028,bcu,
2383,J1123.8-4552,,J1123.6-4558
2384,J1123.8+7230,bll,J1123.6+7231
2385,J1124.0+2336,fsrq,J1124.1+2337
2386,J1124.0-3653,PSR,J1123.9-3653
2387,J1124.0+2045,bll,
2388,J1124.1-1203,,
2389,J1124.4+2308,bcu,
2390,J1124.6-0809,bcu,
2391,J1124.7-5915,PSR,J1124.5-5915
2392,J1124.9+2143,bll,
2393,J1124.9+4934,bll,J1124.9+4932
2394,J1125.0-5804,bcu,J1125.1-5803
2395,J1125.1-2101,bll,J1125.0-2101
2396,J1125.2+2557,,
2397,J1125.5-3557,bll,J1125.5-3558
2398,J1125.6-5825,PSR,J1125.3-5824
2399,J1125.9-0742,bll,J1125.8-0745
2400,J1125.9+2005,fsrq,J1125.9+2007
2401,J1126.0-5007,,J1126.8-5001
2402,J1126.4-6011,PSR,J1125.6-6012
2403,J1126.8-3829,bcu,J1126.7-3834
2404,J1127.0-1857,fsrq,J1127.0-1857
2405,J1127.4+5648,fsrq,
2406,J1127.6-4920,bcu,
2407,J1127.8+3618,fsrq,J1127.8+3618
2408,J1127.9-6158,,
2409,J1128.0+5924,fsrq,J1128.0+5921
2410,J1128.2+5831,sbg,
2411,J1128.8+3757,bll,J1129.0+3758
2412,J1129.1-5230,,
2413,J1129.1+3703,bll,J1129.0+3705
2414,J1129.2-1014,bcu,
2415,J1129.2-0529,bcu,J1129.0-0532
2416,J1129.5+3034,bcu,
2417,J1129.8-1447,fsrq,J1129.9-1446
2418,J1129.8-4217,bll,J1129.4-4215
2419,J1130.5-7801,bll,J1130.7-7800
2420,J1130.5+1400,,
2421,J1130.5-3137,bll,
2422,J1130.8+1016,bll,J1132.8+1015
2423,J1131.0+3815,fsrq,J1131.4+3819
2424,J1131.1-0944,bcu,
2425,J1131.4+5809,bll,J1131.1+5810
2426,J1131.4-0504,bcu,J1131.9-0503
2427,J1132.1-1448,,
2428,J1132.2-4736,bcu,J1132.0-4736
2429,J1132.7+0034,bll,J1132.7+0034
2430,J1133.8-2048,bll,
2431,J1134.8-1729,bll,
2432,J1135.1+3014,bll,
2433,J1135.2-6055,PSR,J1135.2-6054
2434,J1135.7-0427,fsrq,
2435,J1136.0-6824,bcu,J1136.6-6826
2436,J1136.2+3407,fsrq,J1136.4+3405
2437,J1136.3-0501,bcu,
2438,J1136.4+6736,bll,J1136.6+6736
2439,J1136.4+7009,bll,J1136.6+7009
2440,J1136.8+2550,bll,J1136.9+2551
2441,J1136.8-7413,bcu,J1136.1-7411
2442,J1137.6+7527,PSR,J1136.1+7523
2443,J1137.9-1708,bll,
2444,J1138.2+4115,bll,J1138.0+4109
2445,J1138.4+4857,fsrq,J1138.2+4905
2446,J1138.4-3555,,
2447,J1139.0+4033,bcu,
2448,J1139.0+5530,bll,
2449,J1139.2-6247,,
2450,J1140.5+1528,bll,J1140.4+1529
2451,J1141.4+6805,bcu,J1141.2+6805
2452,J1141.5-1408,bll,J1141.6-1406
2453,J1142.0+1548,bll,J1142.0+1546
2454,J1142.8+0120,PSR,J1142.9+0120
2455,J1143.1+6122,bll,J1143.0+6123
2456,J1144.9+1937,rdg,J1145.1+1935
2457,J1145.5-0340,bll,
2458,J1145.5+4423,fsrq,J1145.8+4425
2459,J1145.6+5552,bcu,
2460,J1145.7+0453,fsrq,
2461,J1145.7-6949,fsrq,
2462,J1146.0-0638,,J1146.1-0640
2463,J1146.0-6822,,
2464,J1146.4-3327,bcu,
2465,J1146.6-2902,fsrq,
2466,J1146.9+3958,fsrq,J1146.8+3958
2467,J1147.0-3812,bll,J1147.0-3811
2468,J1147.2-2627,bcu,
2469,J1147.4-6758,fsrq,
2470,J1147.7-6618,,
2471,J1147.8-0724,fsrq,J1147.8-0725
2472,J1148.2-0029,,
2473,J1148.5+2629,fsrq,
2474,J1148.6+1841,bll,
2475,J1149.0+5924,rdg,
2476,J1149.1+2819,bcu,J1149.1+2815
2477,J1149.2+6246,bll,
2478,J1149.4+2441,bll,J1149.5+2443
2479,J1149.5-4029,bcu,
2480,J1150.1-6324,,
2481,J1150.4+2418,bll,J1150.3+2417
2482,J1150.6+4154,bll,J1150.5+4155
2483,J1150.6-4823,bcu,J1150.7-4816
2484,J1150.7-4613,,
2485,J1150.8-1905,,
2486,J1151.3+0957,bcu,J1151.5+0957
2487,J1151.4-6248,spp,
2488,J1151.5-1347,bll,J1151.4-1346
2489,J1151.5+5859,bll,J1151.4+5858
2490,J1151.6-2115,bcu,
2491,J1152.0-6107,PSR,J1151.8-6108
2492,J1152.1+2837,bll,
2493,J1152.3-0839,fsrq,J1152.3-0841
2494,J1152.6-6207,spp,
2495,J1152.8+3308,fsrq,
2496,J1153.0+8056,fsrq,
2497,J1153.3-1104,bcu,
2498,J1153.4+4931,FSRQ,J1153.4+4932
2499,J1153.6-2553,bcu,J1153.7-2555
2500,J1153.7+1857,,
2501,J1153.7+3822,bll,
2502,J1154.0-0010,bll,J1154.2-0010
2503,J1154.0+4037,fsrq,J1153.4+4033
2504,J1154.0+6018,fsrq,J1154.3+6023
2505,J1154.1-3243,bll,J1154.0-3243
2506,J1154.5-5952,,
2507,J1155.2-6259,spp,
2508,J1155.2-1111,,J1155.3-1112
2509,J1155.5-3418,bll,J1155.4-3417
2510,J1155.6-6547,bcu,
2511,J1155.6-6245c,spp,
2512,J1155.8+6137,bll,J1155.9+6136
2513,J1156.6+0640,bcu,
2514,J1156.6-2248,bll,J1156.7-2250
2515,J1157.7-6327,,
2516,J1158.3-6232,spp,
2517,J1158.5+4824,fsrq,
2518,J1158.8-1430,,
2519,J1158.9+0818,bcu,J1158.9+0818
2520,J1159.0+0939,bll,J1158.8+0941
2521,J1159.2-2227,bcu,J1159.3-2226
2522,J1159.3-6122,unk,
2523,J1159.3-2142,fsrq,J1159.2-2141
2524,J1159.5+2914,fsrq,J1159.5+2914
2525,J1159.5-0723,bll,J1159.6-0723
2526,J1200.2+0201,bcu,J1200.4+0202
2527,J1200.6+1229,bll,J1200.8+1228
2528,J1200.7+2008,bcu,J1200.9+2010
2529,J1200.8-1429,bcu,J1200.9-1432
2530,J1201.1-0332,bcu,
2531,J1201.7+1429,bll,
2532,J1202.4+4442,bll,
2533,J1202.5-0528,fsrq,
2534,J1202.5+3852,bll,J1203.2+3847
2535,J1202.9+5141,bcu,
2536,J1202.9+5818,,
2537,J1202.9-5717,,
2538,J1203.1+6031,bll,J1203.1+6029
2539,J1203.3+1119,bcu,
2540,J1203.4-3925,bll,J1203.5-3925
2541,J1203.4-6145,,
2542,J1203.5-1748,,J1203.9-1745
2543,J1203.5-5745,,
2544,J1203.9-6242,,J1203.9-6243
2545,J1204.0+1146,bll,J1204.0+1144
2546,J1204.2-0709,bll,J1204.3-0708
2547,J1204.3-6111,,
2548,J1204.5-5032,,
2549,J1204.8+0407,fsrq,J1205.4+0412
2550,J1205.1-5951,,
2551,J1205.7-2635,fsrq,J1205.8-2636
2552,J1205.8+3321,bcu,J1205.9+3315
2553,J1206.8-6038c,,
2554,J1206.8-5836,,
2555,J1207.2-0524,bcu,
2556,J1207.4-5050,PSR,J1207.2-5052
2557,J1207.4-1840,,
2558,J1207.4-4536,,J1207.6-4537
2559,J1207.7-0106,fsrq,
2560,J1207.7-2229,bll,J1207.6-2232
2561,J1207.9-6443c,,
2562,J1208.0-6900,,J1208.0-6901
2563,J1208.1+3017,bll,
2564,J1208.1-5149,spp,
2565,J1208.2-6237,PSR,J1208.4-6239
2566,J1208.2-7810,bcu,J1208.2-7810c
2567,J1208.2+1158,,
2568,J1208.4+6121,bll,
2569,J1208.5-5243e,SNR,J1209.1-5224
2570,J1208.5-5512,,
2571,J1208.8-1751,bcu,
2572,J1208.8-2754,bcu,
2573,J1208.9+5441,fsrq,J1208.7+5442
2574,J1209.0-4630,bcu,
2575,J1209.2-7635,,
2576,J1209.4+4118,bll,J1209.4+4119
2577,J1209.4+7608,bcu,J1209.9+7607
2578,J1209.4-6421c,,
2579,J1209.7+2548,fsrq,
2580,J1209.8+1810,fsrq,J1209.8+1810
2581,J1209.9-5923,,
2582,J1210.1+3241,,
2583,J1210.4-6250,,
2584,J1210.4-6100c,,
2585,J1210.7-6005c,,
2586,J1211.0-3800,bcu,
2587,J1211.6-2735,bcu,
2588,J1211.6+3901,bll,
2589,J1212.0-2326,bcu,
2590,J1212.0+2242,bll,
2591,J1212.2+2442,bcu,
2592,J1212.7-1402,bcu,
2593,J1213.0+5129,bll,J1212.6+5135
2594,J1213.1-5957,,
2595,J1213.3-2618,bll,J1213.1-2619
2596,J1213.3-6240e,snr,J1214.0-6236
2597,J1213.6+1306,fsrq,J1213.7+1306
2598,J1213.7+6423,bll,
2599,J1213.8-4345,bll,
2600,J1213.9-4416,,J1213.9-4412
2601,J1214.5-2318,,J1214.4-2315
2602,J1214.6-1926,bcu,J1215.9-1926
2603,J1214.7-5858,,
2604,J1215.0+1656,fsrq,J1215.1+1658
2605,J1215.1+5002,bll,J1215.0+5002
2606,J1215.1+0731,bll,
2607,J1215.1+3513,bll,
2608,J1215.8-3732,bcu,
2609,J1215.8-1733,bcu,
2610,J1216.1-0242,bll,
2611,J1216.1+0930,bll,
2612,J1216.2-6121,bcu,
2613,J1216.2+0537,,
2614,J1216.2-0600,,J1216.6-0557
2615,J1216.2-1550,,
2616,J1216.4-1358,,
2617,J1216.8-5955,,
2618,J1217.2-2500,,
2619,J1217.9+3007,BLL,J1217.8+3007
2620,J1218.0-0028,bll,J1218.0-0029
2621,J1218.5-0119,bll,J1218.4-0121
2622,J1218.6-1049,,
2623,J1219.0+4827,fsrq,
2624,J1219.0+3653,bcu,
2625,J1219.0-4827,bll,J1218.8-4827
2626,J1219.6+0550,rdg,
2627,J1219.7-0313,bll,J1219.7-0314
2628,J1219.7+0444,bll,
2629,J1219.9+6056,bcu,J1220.3+6055
2630,J1220.1-5558,,
2631,J1220.1+7105,fsrq,J1220.2+7105
2632,J1220.1+3432,bll,J1220.2+3434
2633,J1220.1-2458,,J1220.0-2502
2634,J1220.2-3713,bcu,J1220.1-3715
2635,J1220.5-2745,,
2636,J1221.3+3010,bll,J1221.3+3010
2637,J1221.4-0634,PSR,J1221.5-0632
2638,J1221.5+2814,bll,J1221.4+2814
2639,J1222.0-4121,bcu,
2640,J1222.5+0414,fsrq,J1222.4+0414
2641,J1223.0+1100,bcu,
2642,J1223.3+1213,bll,J1223.2+1215
2643,J1223.5+0818,bll,J1223.3+0818
2644,J1223.6-3032,bll,J1223.3-3028
2645,J1223.8+4649,bll,
2646,J1223.8+8039,bll,J1222.7+8041
2647,J1223.9+7954,bll,J1222.7+7952
2648,J1223.9+5000,fsrq,J1224.5+4957
2649,J1224.1+2239,bll,
2650,J1224.4+2436,bll,J1224.5+2436
2651,J1224.6+7011,,
2652,J1224.7-8313,bcu,J1224.6-8312
2653,J1224.9+2122,FSRQ,J1224.9+2122
2654,J1224.9+4334,bll,J1224.6+4332
2655,J1225.0+0330,fsrq,
2656,J1225.3-3446,bcu,J1225.4-3448
2657,J1225.4-1550,bcu,
2658,J1225.5-2851,bcu,
2659,J1225.6-7313,bcu,J1225.7-7314
2660,J1225.9+2951,,J1225.9+2953
2661,J1226.0+5622,bll,
2662,J1226.5+3023,,
2663,J1226.7+0637,bll,J1226.8+0638
2664,J1226.8-1329,bll,J1226.9-1329
2665,J1226.8-4907,,
2666,J1227.1-4437,bll,
2667,J1228.0-6918,,
2668,J1228.0-4853,PSR,J1227.9-4854
2669,J1228.3+7521,bcu,
2670,J1228.7+4858,fsrq,J1228.7+4857
2671,J1228.7-0318,bcu,J1228.4-0317
2672,J1229.0+0202,FSRQ,J1229.1+0202
2673,J1229.5-3048,,
2674,J1229.7-5304,bll,J1229.8-5305
2675,J1230.2+2517,bll,J1230.3+2519
2676,J1230.8+1223,rdg,J1230.9+1224
2677,J1230.9+3711,bll,
2678,J1231.1-1412,PSR,J1231.2-1411
2679,J1231.5+1421,bll,J1231.8+1421
2680,J1231.6+6415,bll,J1231.5+6414
2681,J1231.6-5116,,J1231.6-5113
2682,J1231.6-6511,,J1231.7-6513
2683,J1231.7+2847,bll,J1231.7+2847
2684,J1231.7-6653,,
2685,J1232.1+5953,,
2686,J1232.5+4821,fsrq,
2687,J1232.5-3720,bcu,J1232.5-3720
2688,J1233.0+1333,,J1232.8+1332
2689,J1233.1+1703,bll,
2690,J1233.6+5027,bll,
2691,J1233.7-0144,bll,J1233.7-0145
2692,J1234.0-5735,bcu,J1233.9-5736
2693,J1234.7-0434,bcu,J1234.7-0437
2694,J1236.3+3858,bll,J1236.6+3901
2695,J1236.9-7232,rdg,
2696,J1237.0+3019,bll,
2697,J1237.8+6256,bll,J1237.9+6258
2698,J1238.1-4541,bll,J1238.3-4543
2699,J1238.3-1959,bll,J1238.2-1958
2700,J1238.5-1201,fsrq,J1239.1-1158
2701,J1239.4+0728,bll,J1239.4+0727
2702,J1239.5+0443,fsrq,J1239.5+0443
2703,J1239.7-3455,,
2704,J1240.1-6846,bcu,
2705,J1240.4-2606,bcu,
2706,J1240.4-7148,bcu,J1240.3-7149
2707,J1241.3+4236,bcu,
2708,J1241.5+3439,bll,
2709,J1241.8-1456,bll,J1241.6-1456
2710,J1241.9+0636,bll,J1241.9+0639
2711,J1242.4-2948,fsrq,
2712,J1242.6+7635,bll,
2713,J1242.9+7315,bcu,
2714,J1243.0+3950,bcu,
2715,J1243.2+3627,bll,J1243.1+3627
2716,J1243.5+5311,,
2717,J1243.7+1727,,
2718,J1243.9-0218,bcu,J1243.9-0217
2719,J1244.2-4956,bcu,J1244.3-4955
2720,J1244.3-6233,,J1244.2-6227
2721,J1244.5+1616,bll,J1244.1+1615
2722,J1245.1+5709,bll,J1244.8+5707
2723,J1245.8+0232,bll,
2724,J1246.3+0112,bll,
2725,J1246.7-2548,fsrq,J1246.7-2547
2726,J1247.0+4421,bll,J1247.0+4421
2727,J1248.3+5820,bll,J1248.2+5820
2728,J1248.7+5127,bll,J1248.0+5130
2729,J1248.9+4840,bcu,
2730,J1249.2-2809,bcu,J1249.1-2808
2731,J1249.3-0545,bcu,J1249.5-0546
2732,J1249.8+3707,bll,J1249.7+3705
2733,J1250.6+0217,bll,J1250.5+0217
2734,J1250.8+3117,bcu,
2735,J1250.8-5424,,
2736,J1250.9-4943,,J1251.0-4943
2737,J1251.2+1039,bll,J1251.3+1041
2738,J1251.3-0201,bcu,J1251.0-0203
2739,J1251.3-1719,fsrq,
2740,J1252.7-2520,,
2741,J1253.2+5301,bll,J1253.2+5300
2742,J1253.3-5816,psr,
2743,J1253.5-3934,bll,
2744,J1253.8+0327,bll,J1253.7+0327
2745,J1253.8+6242,bll,J1254.1+6240
2746,J1253.8+2929,bcu,
2747,J1254.2-2205,bcu,J1254.1-2203
2748,J1254.5+2210,bll,J1254.5+2210
2749,J1254.7-4516,,
2750,J1254.9-7141,bcu,
2751,J1254.9-4426,bll,J1254.9-4423
2752,J1254.9+1138,fsrq,
2753,J1256.1-5652,unk,J1256.1-5703
2754,J1256.1-5919,bcu,J1256.1-5919
2755,J1256.1-0547,FSRQ,J1256.1-0547
2756,J1256.2-1146,bll,J1256.3-1146
2757,J1256.8+5329,,J1256.7+5328
2758,J1256.8-1333,,
2759,J1256.9+2736,,
2760,J1257.0-6339,,J1257.0-6338
2761,J1257.2+3646,bll,J1256.9+3649
2762,J1257.6+2413,bll,
2763,J1257.8+3228,fsrq,J1258.1+3233
2764,J1258.3+6121,bll,J1258.0+6120
2765,J1258.4+6554,,
2766,J1258.5-3406,,
2767,J1258.6-1759,fsrq,J1258.6-1800
2768,J1258.7-0452,bll,
2769,J1258.7+5143,bcu,J1258.7+5137
2770,J1258.8-2219,fsrq,J1258.7-2219
2771,J1259.0-8148,,J1259.3-8151
2772,J1259.1-2311,bll,J1259.0-2310
2773,J1259.5+2332,bcu,
2774,J1259.7-3223,bll,J1259.5-3231
2775,J1259.8-3749,bll,J1259.8-3749
2776,J1300.0+1753,bll,
2777,J1300.4+1416,fsrq,J1300.2+1416
2778,J1301.5+4413,bll,
2779,J1301.6+4056,bll,
2780,J1301.6+0834,PSR,J1301.6+0832
2781,J1301.6+3336,fsrq,J1301.5+3333
2782,J1302.3+6901,bcu,
2783,J1302.4-3258,PSR,J1302.3-3259
2784,J1302.7+4750,bll,
2785,J1302.8+5748,bll,J1302.6+5748
2786,J1302.9-6349,HMB,
2787,J1303.0-6312e,PWN,J1303.0-6312e
2788,J1303.0+2434,bll,J1303.0+2435
2789,J1303.1-4714,,
2790,J1303.6-4622,fsrq,J1303.7-4619
2791,J1304.0-5539,bcu,J1304.3-5535
2792,J1304.0+3704,bll,
2793,J1304.2-2412,bll,J1304.2-2411
2794,J1304.3-4353,bll,J1304.3-4353
2795,J1304.4+1203,psr,J1304.6+1200
2796,J1304.6+0539,,
2797,J1304.6-0348,fsrq,J1304.8-0338
2798,J1304.9-2107,bcu,J1304.9-2109
2799,J1305.3+5118,nlsy1,
2800,J1305.4-4928,sbg,J1305.4-4926
2801,J1305.5-6241,snr,J1305.7-6241
2802,J1305.6+7853,bll,J1305.5+7854
2803,J1305.9+3858,bll,
2804,J1306.3-6043,,J1306.4-6043
2805,J1306.3+1113,rdg,
2806,J1306.7-2148,rdg,J1306.8-2146
2807,J1306.8-4035,psr,J1306.8-4031
2808,J1307.6-4259,bll,J1307.6-4300
2809,J1308.4-6706,bcu,J1308.1-6707
2810,J1308.5+3547,fsrq,J1308.7+3545
2811,J1308.7+0347,,J1309.0+0347
2812,J1308.9-5730,,J1308.7-5738
2813,J1309.1-6223,,J1309.6-6230c
2814,J1309.3+8035,,
2815,J1309.4+4305,bll,J1309.3+4304
2816,J1309.6+3718,bcu,
2817,J1309.7+1153,bll,J1309.5+1154
2818,J1310.2-1158,bll,J1310.2-1159
2819,J1310.5+3221,fsrq,J1310.6+3222
2820,J1310.6+2449,bll,J1310.6+2446
2821,J1310.7-5553,bcu,
2822,J1310.9+5514,fsrq,J1310.7+5515
2823,J1311.0+0034,bll,J1311.0+0036
2824,J1311.0+3233,fsrq,
2825,J1311.7-3430,PSR,J1311.8-3430
2826,J1311.8+3954,bll,
2827,J1311.8+2057,bcu,
2828,J1312.3-6257,,
2829,J1312.4-2156,bll,J1312.5-2155
2830,J1312.6-6231c,,J1311.8-6230
2831,J1312.6-1900,bcu,
2832,J1312.6+4828,bcu,J1312.7+4828
2833,J1312.7+0050,PSR,J1312.7+0051
2834,J1312.8-2350,bll,J1312.7-2349
2835,J1312.8-0425,fsrq,J1312.8-0424
2836,J1314.7+2348,bll,J1314.8+2349
2837,J1315.0-4236,bll,J1314.7-4237
2838,J1315.1-5333,bll,J1315.1-5329
2839,J1315.4+8453,bcu,
2840,J1315.5+1135,bll,J1315.4+1130
2841,J1315.9-0732,bll,J1315.7-0732
2842,J1315.9-6349c,bcu,
2843,J1315.9-6243,,J1315.0-6235c
2844,J1316.1-3338,fsrq,J1316.0-3338
2845,J1316.5+3013,bcu,
2846,J1317.1+6613,bcu,
2847,J1317.5-0153,,
2848,J1317.5-6316,,J1317.6-6315
2849,J1317.6+3428,fsrq,J1317.8+3429
2850,J1317.6+7450,bcu,
2851,J1318.1-3937,,
2852,J1318.1-1740,bcu,
2853,J1318.2+6754,bcu,
2854,J1318.3-1148,,
2855,J1318.5-6352,,
2856,J1318.7-1234,bcu,J1318.7-1232
2857,J1318.9-4556,,
2858,J1319.5-0045,bcu,
2859,J1319.5+1404,bll,J1319.3+1402
2860,J1319.8+7759,bll,J1319.6+7759
2861,J1320.3-6410c,,
2862,J1320.5-6256c,,J1320.6-6258c
2863,J1320.7+3314,fsrq,
2864,J1321.1-6239,,
2865,J1321.1+2216,fsrq,J1321.0+2215
2866,J1321.3-2641,fsrq,
2867,J1321.9+3219,bll,
2868,J1322.0+8317,fsrq,J1321.7+8312
2869,J1322.0-4624,,
2870,J1322.2+0842,fsrq,J1322.3+0839
2871,J1322.3-0606,bcu,
2872,J1322.6-0936,fsrq,J1322.8-0938
2873,J1322.6-1418,bcu,
2874,J1322.6-1617,bcu,J1322.6-1619
2875,J1322.9+0437,bll,J1322.9+0435
2876,J1323.0+2941,bcu,J1323.0+2942
2877,J1323.9+1405,bll,J1323.9+1405
2878,J1324.0-4330e,RDG,J1324.0-4330e
2879,J1324.9+4748,fsrq,
2880,J1325.3-5413,,J1325.2-5411
2881,J1325.5-4300,RDG,J1325.4-4301
2882,J1325.6-0227,bll,
2883,J1326.0+3507,,
2884,J1326.1+1232,bll,
2885,J1326.6-4729,glc,J1326.7-4727
2886,J1326.7-0503,fsrq,
2887,J1326.8-5256,bll,J1326.6-5256
2888,J1326.9+2210,fsrq,J1326.8+2211
2889,J1327.8+2522,bll,J1327.9+2524
2890,J1328.4-6231,,
2891,J1328.5-4727,bll,J1328.5-4728
2892,J1328.6+1145,bll,
2893,J1329.0-5607,bll,J1328.9-5607
2894,J1329.4-0530,bcu,J1329.1-0536
2895,J1329.9-6108,,J1329.8-6109
2896,J1330.2-7003,bcu,J1330.1-7002
2897,J1330.2+7002,bll,J1330.6+7002
2898,J1330.3+4441,bll,J1330.0+4437
2899,J1330.4+3157,bll,
2900,J1330.7+5200,bcu,J1330.9+5201
2901,J1330.7+2933,bcu,
2902,J1331.0+3032,css,J1330.5+3023
2903,J1331.0+5653,bll,J1330.4+5641
2904,J1331.2-1325,bll,J1331.1-1328
2905,J1331.3-3818,,J1330.0-3818
2906,J1331.6+1711,bll,J1331.5+1711
2907,J1331.7-0343,fsrq,
2908,J1331.7-0647,bcu,
2909,J1332.0-0509,fsrq,J1332.0-0508
2910,J1332.2+4722,fsrq,J1331.8+4718
2911,J1332.6-1256,fsrq,J1332.6-1256
2912,J1333.0-6626,bcu,
2913,J1333.2+2725,fsrq,J1332.8+2723
2914,J1333.7+5056,fsrq,J1333.7+5057
2915,J1334.1-4154,,J1334.3-4152
2916,J1334.1-3521,bcu,
2917,J1334.5+5634,fsrq,
2918,J1334.6-4435,,
2919,J1334.8-3856,,
2920,J1335.0-5656,psr,J1335.1-5655
2921,J1335.3-2949,bll,J1335.4-2949
2922,J1335.5-4546,,
2923,J1335.6-4052,,J1335.2-4056
2924,J1336.2+2320,bll,
2925,J1336.2+2053,bcu,
2926,J1336.5-4655,,
2927,J1337.4+5502,fsrq,
2928,J1337.5-7802,bcu,
2929,J1337.6-1257,fsrq,J1337.6-1257
2930,J1337.9-1956,bcu,
2931,J1338.0+6534,fsrq,J1338.9+6532
2932,J1338.0-4159,,
2933,J1338.8-4509,,
2934,J1338.9+1153,bll,J1339.0+1153
2935,J1339.0-2400,bcu,J1338.6-2403
2936,J1339.1-2620,fsrq,
2937,J1339.9-0138,fsrq,J1339.8-0133
2938,J1340.0-1501,bcu,
2939,J1340.1+3857,bcu,
2940,J1340.4+6926,bcu,
2941,J1340.5+4409,bll,J1340.6+4412
2942,J1340.8-0409,bll,J1340.6-0408
2943,J1341.1+7433,bcu,
2944,J1341.2+3958,bll,J1341.0+3955
2945,J1341.6+5515,bll,J1341.5+5517
2946,J1341.7-3907,bcu,
2947,J1341.7-6216,PSR,
2948,J1341.8-2053,fsrq,J1341.9-2053
2949,J1342.6+0944,fsrq,J1342.7+0945
2950,J1342.7+0505,bll,
2951,J1343.5-6827,,
2952,J1343.6+5755,fsrq,J1343.6+5753
2953,J1343.8-6208,spp,
2954,J1344.0+6605,fsrq,
2955,J1344.1-7700,bcu,
2956,J1344.2-1723,fsrq,J1344.2-1724
2957,J1344.4-3656,bcu,J1344.5-3655
2958,J1344.9-6228,spp,J1345.1-6224
2959,J1345.3-6253,spp,
2960,J1345.5+4453,fsrq,J1345.6+4453
2961,J1345.6-3356,bll,J1345.9-3357
2962,J1345.8+0706,fsrq,J1345.8+0704
2963,J1345.9-2612,,J1346.2-2608
2964,J1346.3-6026,rdg,J1346.6-6027
2965,J1346.5+5330,,
2966,J1347.1-2959,bll,J1346.9-2958
2967,J1347.4+7309,bcu,
2968,J1347.6-3751,fsrq,J1347.6-3754
2969,J1348.5-8700,,
2970,J1348.9+0756,bll,
2971,J1349.1-5829,,J1348.5-5833
2972,J1349.5-7153,bcu,J1348.5-7150
2973,J1349.5-1131,fsrq,J1349.6-1133
2974,J1350.6-6224,PSR,J1350.4-6224
2975,J1350.8+3033,fsrq,J1350.8+3035
2976,J1350.9-2757,,J1351.1-2743
2977,J1351.0+0029,fsrq,J1351.1+0030
2978,J1351.3+1115,bll,J1351.4+1115
2979,J1351.4-1529,bll,
2980,J1351.6-6142,,
2981,J1351.7-2912,bcu,J1351.7-2913
2982,J1351.7+5542,bll,
2983,J1351.9+2847,bll,
2984,J1352.7-2742,bcu,
2985,J1353.0-4413,bll,J1353.1-4414
2986,J1353.2+3740,bll,
2987,J1353.3+1434,bll,J1353.2+1435
2988,J1353.4+5600,bll,
2989,J1353.5-6128,,
2990,J1353.6-6640,bll,J1353.5-6640
2991,J1353.7-3936,bcu,
2992,J1354.2+0353,,
2993,J1354.2+6934,bcu,
2994,J1354.3-0206,fsrq,
2995,J1354.4+3707,bll,J1354.5+3705
2996,J1354.7+0623,bll,
2997,J1354.8-1041,fsrq,J1355.0-1044
2998,J1355.2-6420e,PWN,J1356.6-6428
2999,J1356.0-6747,,
3000,J1356.2-1726,agn,
3001,J1356.6+0234,,
3002,J1356.9-6432,PSR,J1356.6-6428
3003,J1357.1+1921,fsrq,
3004,J1357.3+3730,gal,
3005,J1357.3-6123,,
3006,J1357.5+0127,bll,J1357.5+0125
3007,J1357.9-4907,,
3008,J1358.0-7749,,
3009,J1358.1+7642,fsrq,J1357.6+7643
3010,J1358.2-6210,spp,
3011,J1358.3-6026,,J1358.5-6025
3012,J1358.9-0703,bcu,
3013,J1359.1+5544,fsrq,J1359.0+5544
3014,J1359.1-1152,bcu,
3015,J1359.4+0202,fsrq,J1359.2+0204
3016,J1359.5-6615,,
3017,J1359.7+4012,fsrq,
3018,J1359.8-3746,bll,J1359.9-3746
3019,J1359.9+3616,,
3020,J1400.0-2415,,J1400.2-2413
3021,J1400.2-4010,bll,
3022,J1400.4-6050,,
3023,J1400.6-5605,bcu,J1400.7-5605
3024,J1400.6-1432,PSR,J1400.5-1437
3025,J1401.1-3717,bcu,
3026,J1401.2-0915,fsrq,
3027,J1401.2-6116,,
3028,J1401.3-5012,,
3029,J1401.6-4645,,
3030,J1401.7-3217,,
3031,J1402.5-1827,bcu,
3032,J1402.6+1600,bll,
3033,J1402.6-3330,fsrq,
3034,J1402.7+1306,psr,J1403.1+1304
3035,J1403.4+4319,bll,
3036,J1403.5-6236,,
3037,J1403.7+1513,,
3038,J1404.4-6159,spp,
3039,J1404.8-5237,,J1404.3-5241
3040,J1404.8+6554,bll,J1404.8+6554
3041,J1404.8+0402,bll,J1404.8+0401
3042,J1405.1-6119,,J1405.4-6119
3043,J1405.3-0640,bcu,
3044,J1405.3-6008,,
3045,J1405.9-1853,,
3046,J1406.1-2508,bll,J1406.0-2508
3047,J1406.2-7500,,
3048,J1406.4-1654,bcu,
3049,J1406.6-6523,unk,
3050,J1406.6-3934,bll,
3051,J1406.9+1643,bll,J1406.6+1644
3052,J1407.4-0820,,
3053,J1407.5-2706,bll,
3054,J1407.6-4301,bll,J1407.7-4256
3055,J1407.7-3017,,
3056,J1408.0+3834,,
3057,J1408.1-6010,,
3058,J1408.6-2917,,J1408.0-2924
3059,J1408.7-3747,,J1409.2-3743
3060,J1408.9-0751,fsrq,J1408.8-0751
3061,J1408.9-5845c,,
3062,J1409.1-6121e,,J1405.4-6119
3063,J1410.1+0202,bll,
3064,J1410.3+1438,bll,
3065,J1410.3+6058,bll,
3066,J1410.4+2820,bll,J1410.4+2821
3067,J1410.5+6215,bcu,
3068,J1410.7+7405,,J1410.9+7406
3069,J1410.7-5945,,
3070,J1411.5-0723,bll,J1411.4-0724
3071,J1411.5-6133,PSR,J1409.7-6132
3072,J1411.8+5249,bll,J1412.0+5249
3073,J1412.0+3836,bcu,
3074,J1412.1-6631,,J1412.3-6635
3075,J1412.1+7427,bll,
3076,J1412.2-6018,,
3077,J1412.9+5018,bcu,
3078,J1413.1-6519,sey,J1413.2-6518
3079,J1413.5-6205,PSR,J1413.4-6205
3080,J1415.2-5550,,
3081,J1415.3-6110c,,
3082,J1415.4-6458,,
3083,J1415.5+4830,bll,J1415.2+4832
3084,J1415.9-1002,fsrq,J1415.0-1001
3085,J1415.9-1504,,
3086,J1416.1+1320,bcu,J1416.0+1325
3087,J1416.1-2417,bll,J1416.1-2417
3088,J1416.7-5023,,J1417.7-5028
3089,J1417.6-4403,psr,J1417.5-4402
3090,J1417.7-6057,,
3091,J1417.9+4613,fsrq,
3092,J1417.9+2543,bll,J1417.8+2540
3093,J1418.2-5400,,
3094,J1418.4-0233,bll,J1418.4-0233
3095,J1418.4+3543,BCU,J1418.5+3543
3096,J1418.7-3504,fsrq,
3097,J1418.7-6057,PSR,J1418.6-6058
3098,J1418.7-6110,,
3099,J1418.9+7731,bll,J1418.9+7731
3100,J1419.2-6029,,
3101,J1419.3+0444,bll,J1419.5+0449
3102,J1419.4-0838,fsrq,J1419.5-0836
3103,J1419.5+3821,fsrq,J1419.8+3819
3104,J1419.6-5153,bcu,J1419.1-5156
3105,J1419.8+5423,bll,J1419.9+5425
3106,J1420.0-6048,PSR,J1420.0-6048
3107,J1420.3-6046e,PWN,J1420.0-6048
3108,J1420.3+0612,bll,
3109,J1420.7-6701,,
3110,J1420.9-7920,bcu,J1421.8-7920
3111,J1420.9-6127c,,
3112,J1420.9-2431,,J1421.0-2431
3113,J1421.1-4614,bcu,J1420.9-4615
3114,J1421.1-1120,bcu,J1421.0-1122
3115,J1421.1+3859,fsrq,
3116,J1421.4-1655,,
3117,J1421.6-4819,bcu,
3118,J1422.3+3223,fsrq,J1422.4+3227
3119,J1422.3-6059,,
3120,J1422.5-6137,PSR,J1422.4-6137
3121,J1422.6+5801,bll,J1422.8+5801
3122,J1422.6+8150,bcu,
3123,J1423.1+3738,bll,J1422.7+3743
3124,J1423.3-5655,spp,
3125,J1423.5+4524,bcu,
3126,J1423.5-7829,fsrq,J1422.8-7828
3127,J1424.1-1750,bll,J1424.3-1753
3128,J1424.1+2917,bcu,
3129,J1424.2+0433,bll,J1424.3+0434
3130,J1424.6+1447,bll,
3131,J1424.8-6536,,
3132,J1424.8-8012,,
3133,J1424.8-6808,bcu,J1424.6-6807
3134,J1425.0+3615,bll,J1424.9+3615
3135,J1425.4-0119,bll,
3136,J1426.1+3403,bll,J1426.2+3402
3137,J1426.4+3625,fsrq,
3138,J1427.0+2348,BLL,J1427.0+2347
3139,J1427.4-1823,bcu,
3140,J1427.6-3305,bll,J1427.6-3305
3141,J1427.7-3215,bll,J1427.8-3215
3142,J1427.8-6051,,J1427.6-6048c
3143,J1427.9-4206,FSRQ,J1427.9-4206
3144,J1428.1+1629,bcu,J1427.2+1610
3145,J1428.3+5635,fsrq,
3146,J1428.5+4240,bll,J1428.5+4240
3147,J1428.7-1017,bcu,
3148,J1428.8+7429,bcu,
3149,J1428.9+5406,fsrq,
3150,J1429.8-3058,bcu,
3151,J1429.8-0739,,
3152,J1429.9-5911,PSR,J1429.8-5910
3153,J1431.0-4432,,J1430.8-4434
3154,J1431.1-3120,bll,
3155,J1431.4-4711,PSR,
3156,J1431.5-6627,,
3157,J1432.2+5051,bcu,
3158,J1432.8+7648,bcu,
3159,J1433.0-1801,fsrq,
3160,J1433.5-5457,unk,
3161,J1433.7-7304,bcu,
3162,J1433.8-6357,,
3163,J1434.2+4204,fsrq,J1434.1+4203
3164,J1434.7+1950,fsrq,J1434.6+1951
3165,J1434.8+6640,bll,J1434.6+6640
3166,J1435.3+7120,bcu,
3167,J1435.5+2021,bll,J1435.2+2023
3168,J1435.7+6148,bcu,
3169,J1435.8-6018,spp,
3170,J1435.9-8348,bcu,
3171,J1436.4+3900,,
3172,J1436.9+2321,fsrq,J1436.8+2322
3173,J1436.9+5638,bll,J1436.8+5639
3174,J1438.0+0219,,
3175,J1438.0-3128,fsrq,
3176,J1438.5-4207,bcu,J1438.6-4209
3177,J1438.6+1205,bll,
3178,J1438.9+3710,fsrq,J1438.7+3710
3179,J1439.2-5142,,
3180,J1439.3+3932,bll,J1439.2+3931
3181,J1439.5-2525,bcu,
3182,J1439.7+4958,bll,J1440.1+4955
3183,J1439.9-3953,bll,J1440.0-3955
3184,J1440.0-2343,bll,
3185,J1440.0-1530,bll,J1440.2-1538
3186,J1440.2-5505,psr,
3187,J1440.6-3846,bll,J1440.4-3845
3188,J1440.9+0609,bll,J1440.9+0610
3189,J1441.4-1934,,
3190,J1441.6-5951c,spp,J1441.5-5955c
3191,J1441.6-1522,fsrq,J1441.7-1538
3192,J1441.7+1836,bcu,
3193,J1442.0+4348,bll,J1442.0+4348
3194,J1442.0+0732,,
3195,J1442.1-2800,,
3196,J1442.1-3707,,
3197,J1442.2+0622,bcu,
3198,J1442.2-6005,spp,J1441.6-5956
3199,J1442.6-4623,bll,
3200,J1442.7+1200,bll,J1442.8+1200
3201,J1443.0-6227e,SNR,
3202,J1443.1+5201,rdg,J1442.6+5156
3203,J1443.1+4728,nlsy1,
3204,J1443.6+2515,bll,
3205,J1443.7-0954,bcu,
3206,J1443.7-7037,,J1444.0-7033
3207,J1443.9-3908,bll,J1444.0-3907
3208,J1443.9+2501,fsrq,J1443.9+2502
3209,J1444.1+7601,,
3210,J1444.8+3645,,
3211,J1444.9-5939,,
3212,J1445.0-0326,bll,J1445.0-0328
3213,J1445.2-1954,bcu,
3214,J1445.9-1626,bll,J1446.1-1628
3215,J1446.0-3039,bcu,
3216,J1446.3+3111,bcu,
3217,J1446.6-4701,PSR,J1446.6-4701
3218,J1446.7+1719,fsrq,
3219,J1446.8-1830,bcu,J1446.8-1831
3220,J1447.0-2657,bcu,
3221,J1447.4-5757,,J1447.3-5800
3222,J1448.0+3608,bll,J1448.0+3608
3223,J1449.4-6026,unk,
3224,J1449.5+2746,rdg,
3225,J1449.6-2137,fsrq,
3226,J1449.7-0910,agn,
3227,J1449.8-5923c,,
3228,J1450.4+0910,fsrq,J1450.4+0911
3229,J1450.8-1424,,
3230,J1450.8+5201,bll,J1450.9+5200
3231,J1451.4+6355,bll,J1451.2+6355
3232,J1451.5+1415,bcu,
3233,J1451.6-3726,,
3234,J1451.8-3851,bcu,
3235,J1452.0-4148,,
3236,J1453.0-1318,bcu,
3237,J1453.4-5858,spp,
3238,J1453.5+3505,fsrq,
3239,J1454.0+4927,bcu,
3240,J1454.1+1622,fsrq,J1454.0+1622
3241,J1454.1+2647,bcu,
3242,J1454.3-5551,,
3243,J1454.3-3946,,
3244,J1454.4-3744,fsrq,J1454.2-3751
3245,J1454.4+5124,bll,J1454.5+5124
3246,J1454.7+5237,bll,
3247,J1455.0+0247,bll,
3248,J1455.4-3654,bcu,
3249,J1455.8-7601,bcu,
3250,J1456.0+5051,bll,
3251,J1456.3-5419,,
3252,J1456.4-7129,,
3253,J1456.7-6050c,,J1456.7-6046
3254,J1457.3-4246,bcu,
3255,J1457.4-3539,FSRQ,J1457.4-3539
3256,J1457.8-4642,bcu,
3257,J1458.6+3722,bll,J1458.7+3719
3258,J1458.8-2120,,J1458.7-2120
3259,J1459.0+7140,css,
3260,J1459.0+6129,bcu,
3261,J1459.0-5819,unk,
3262,J1459.0-5353,bcu,
3263,J1459.5-6053,PSR,J1459.4-6053
3264,J1459.5+1527,fsrq,
3265,J1500.1-5846,,
3266,J1500.2+2640,,
3267,J1500.7+4752,bll,J1500.6+4750
3268,J1500.9+5528,bll,
3269,J1501.0-6310e,,J1457.6-6249
3270,J1501.0+2238,bll,J1500.9+2238
3271,J1501.2-6624,unk,
3272,J1501.6-5236,,
3273,J1502.2-5933,,
3274,J1502.5+5552,bcu,J1502.2+5553
3275,J1502.6+0207,,
3276,J1503.3+1651,bll,
3277,J1503.5+4759,bll,J1503.7+4759
3278,J1503.6-6427,bcu,J1503.7-6426
3279,J1503.6-4146,spp,J1501.6-4204
3280,J1503.7-1540,bll,J1503.7-1540
3281,J1503.7-5801,bcu,J1503.5-5801
3282,J1503.9-4247,bcu,
3283,J1504.4+1029,FSRQ,J1504.4+1029
3284,J1504.6+4343,,
3285,J1504.9+2027,bcu,
3286,J1505.0-3433,bll,J1505.0-3432
3287,J1505.0+0326,NLSY1,J1505.1+0326
3288,J1505.1-5145,,
3289,J1505.3-5852,,
3290,J1505.5-8241,bcu,J1504.5-8242
3291,J1506.1+3731,fsrq,J1506.1+3728
3292,J1506.4-0540,bll,
3293,J1506.4+4331,bll,J1506.3+4332
3294,J1506.5-5708,,
3295,J1506.6+0813,bll,J1506.6+0811
3296,J1507.1-1901,,
3297,J1507.2+1721,bll,J1507.4+1725
3298,J1507.3-3710,bcu,J1507.6-3710
3299,J1507.3+3341,bcu,
3300,J1507.9-6228e,,J1506.6-6219
3301,J1508.4+7717,bcu,
3302,J1508.4-4817,,
3303,J1508.5-4951,bcu,J1508.7-4956
3304,J1508.8+2708,bll,J1508.6+2709
3305,J1508.9-4110,spp,
3306,J1509.4-5850,PSR,J1509.4-5850
3307,J1509.6-4334,fsrq,J1508.9-4342
3308,J1509.7+5556,bll,J1509.7+5556
3309,J1509.8-2906,bcu,
3310,J1510.1+5702,fsrq,
3311,J1510.1-5750,,J1510.2-5754
3312,J1510.8+7959,bcu,J1512.3+8005
3313,J1510.8-0542,fsrq,J1510.9-0542
3314,J1510.9+0551,,
3315,J1511.2-5803,,J1510.9-5808c
3316,J1511.8-0513,bll,J1511.8-0513
3317,J1512.1-2255,bll,J1512.2-2255
3318,J1512.2+4704,bcu,
3319,J1512.2+0202,fsrq,J1512.2+0202
3320,J1512.8-0906,FSRQ,J1512.8-0906
3321,J1512.9-5639,bcu,J1512.8-5639
3322,J1513.0-3118,,
3323,J1513.2-7131,bcu,
3324,J1513.4-3721,bcu,J1513.3-3719
3325,J1513.4-0753,bll,
3326,J1513.4-3231,fsrq,J1513.5-3233
3327,J1513.4-2549,PSR,J1513.4-2549
3328,J1513.7-1519,,
3329,J1514.0-6240,,J1513.8-6250c
3330,J1514.1-5805c,,
3331,J1514.2-5909e,PWN,J1514.0-5915e
3332,J1514.3-4946,PSR,J1514.2-4947
3333,J1514.4-7719,bcu,
3334,J1514.6-2044,bcu,
3335,J1514.7-3617,bcu,J1514.8-3623
3336,J1514.8-4748,fsrq,J1514.5-4750
3337,J1514.8-0949,bcu,
3338,J1514.8+4448,,J1514.8+4446
3339,J1515.5-4242,,
3340,J1515.6-5817c,,
3341,J1516.1-6429,,
3342,J1516.1+4351,bll,
3343,J1516.4-2640,,
3344,J1516.5+0015,rdg,
3345,J1516.8+2918,bll,
3346,J1516.8+3651,bll,J1516.7+3648
3347,J1516.9+1934,bll,J1516.9+1926
3348,J1517.0+2639,bcu,J1517.0+2637
3349,J1517.3+6630,bcu,
3350,J1517.7-2422,bll,J1517.6-2422
3351,J1517.7-4446,,J1517.6-4442
3352,J1517.7+6525,bll,J1517.6+6524
3353,J1517.9-5233,,J1518.2-5232
3354,J1518.0-2731,bll,J1518.0-2732
3355,J1518.4+0750,bcu,
3356,J1518.6+0614,rdg,
3357,J1518.6+4044,bll,
3358,J1518.8+0203,glc,
3359,J1519.7+6727,,
3360,J1520.0-0905,bcu,
3361,J1520.4+5546,bll,J1521.1+5543
3362,J1520.5+4209,fsrq,J1520.3+4209
3363,J1520.8-0348,bll,J1520.8-0348
3364,J1520.9-3805,,
3365,J1521.1+0421,rdg,
3366,J1521.5-8057c,,
3367,J1521.8+4338,fsrq,J1521.8+4340
3368,J1521.9-5735,PSR,J1521.9-5736
3369,J1522.1+3144,fsrq,J1522.1+3144
3370,J1522.6-2730,bll,J1522.6-2730
3371,J1523.2-3941,bcu,
3372,J1523.2+0533,bll,
3373,J1524.8-5904,bcu,J1525.2-5905
3374,J1525.7+1503,,
3375,J1526.1-0831,bll,J1525.8-0834
3376,J1526.3-4501,,J1526.3-4505
3377,J1526.6-3810,,J1527.0-3804
3378,J1526.6-2743,,
3379,J1526.7-1529,bcu,
3380,J1527.3-3103,,
3381,J1527.3+3117,fsrq,
3382,J1527.8+1013,,
3383,J1527.9-4943,,
3384,J1528.2-2905,bcu,J1528.1-2904
3385,J1528.4-5838,PSR,J1528.3-5836
3386,J1528.4+2004,,
3387,J1528.4-6729,unk,
3388,J1528.5-2240,bcu,J1528.7-2247
3389,J1529.2+3812,bll,
3390,J1529.4-6027,,
3391,J1529.7+6733,bcu,J1529.5+6733
3392,J1530.0-1522,,
3393,J1530.5+5850,,
3394,J1530.5-3026,bcu,
3395,J1530.9+5736,bll,J1531.0+5737
3396,J1531.5-5612,PSR,
3397,J1531.6+0406,,
3398,J1531.7+4710,bll,J1531.8+4704
3399,J1532.0+3016,bll,J1532.0+3018
3400,J1532.3-3857,,
3401,J1532.7-1319,bcu,J1532.7-1319
3402,J1532.9-0313,,
3403,J1533.0-6239,,
3404,J1533.2+1855,bll,J1533.2+1852
3405,J1533.2+3416,bll,J1533.5+3416
3406,J1533.9-5712e,SNR,
3407,J1534.0-5232,,J1533.8-5231
3408,J1534.3-3312,,
3409,J1534.4-6719,,
3410,J1534.7-5842,,
3411,J1534.7+2331,sbg,
3412,J1534.8+3716,bll,J1535.0+3721
3413,J1534.8+0131,fsrq,J1534.5+0128
3414,J1535.0+5320,bll,J1534.4+5323
3415,J1535.3-3135,bcu,
3416,J1535.4+3919,bll,J1535.7+3920
3417,J1535.8-4730,bcu,
3418,J1535.9+3743,,
3419,J1536.0-2729,,
3420,J1536.4-4948,PSR,J1536.3-4949
3421,J1536.8-3155,bll,
3422,J1536.8-4327,,
3423,J1537.3-6110,,
3424,J1537.7-7957,bcu,J1537.8-8000
3425,J1537.9-1344,bcu,
3426,J1538.0-4638,,J1538.4-4656
3427,J1538.2-6201,,
3428,J1538.9+0425,,
3429,J1539.1+1008,,
3430,J1539.4-3323,,J1539.2-3324
3431,J1539.6+2743,fsrq,J1539.5+2746
3432,J1539.7-1127,bll,J1539.8-1128
3433,J1539.9+4220,bll,
3434,J1540.1+8155,bll,J1540.1+8155
3435,J1540.4+6606,bcu,
3436,J1540.7+1449,bll,J1540.8+1449
3437,J1541.2-5201,,
3438,J1541.7+1413,bll,J1541.6+1414
3439,J1541.9-2915,bcu,
3440,J1542.1-5901,,J1542.4-5911
3441,J1542.3+1801,fsrq,
3442,J1543.0+6130,bll,J1542.9+6129
3443,J1543.1+4209,,
3444,J1543.4-5925,,
3445,J1543.6+0452,agn,J1543.5+0451
3446,J1543.6-0244,,J1543.5-0244
3447,J1543.6-5148,PSR,J1542.9-5141
3448,J1544.0+4939,PSR,J1544.0+4938
3449,J1544.2-2554,,J1544.1-2555
3450,J1544.3-0649,bcu,
3451,J1544.5-1126,lmb,J1544.6-1125
3452,J1544.9+3218,,
3453,J1545.0-6642,unk,J1545.0-6641
3454,J1545.2-4553,,
3455,J1545.5+2839,,
3456,J1545.8-2336,bll,
3457,J1546.0+0819,bll,J1546.0+0818
3458,J1546.1-1003,bll,
3459,J1546.5+1816,bll,J1546.6+1812
3460,J1546.8-3244,,
3461,J1547.3-1531,bcu,
3462,J1547.3-2802,bll,J1547.1-2801
3463,J1547.4-4802,,
3464,J1547.5-5130,,
3465,J1547.6-6601,unk,
3466,J1547.9+0445,,
3467,J1547.9-6403,bcu,
3468,J1548.1-4416,,
3469,J1548.3-2411,,
3470,J1548.3+6615,bcu,
3471,J1548.3+1456,bll,J1548.4+1455
3472,J1548.8-2250,bll,J1548.8-2250
3473,J1549.0+7846,bcu,
3474,J1549.3+6310,bll,J1549.0+6309
3475,J1549.3+4234,bcu,
3476,J1549.4+7409,bcu,J1550.3+7409
3477,J1549.5+0236,fsrq,J1549.4+0237
3478,J1549.6+1710,bll,J1549.5+1709
3479,J1549.8-3044,bcu,J1549.9-3044
3480,J1549.8-0659,bll,J1549.7-0658
3481,J1550.4-5354c,,
3482,J1550.6+6027,,J1550.4+6027
3483,J1550.7+7006,bcu,
3484,J1550.7+0528,fsrq,J1550.5+0526
3485,J1550.8-0822,bll,
3486,J1550.8-1750,bcu,
3487,J1551.3-4920,,
3488,J1551.7-4257,,
3489,J1551.9-6015,,
3490,J1552.0+0850,bll,J1552.1+0852
3491,J1552.4-5612e,PWN,J1552.4-5609
3492,J1552.9-5607e,SNR,J1552.9-5610
3493,J1553.1+5438,PSR,J1553.1+5437
3494,J1553.3+0600,bll,
3495,J1553.5-3118,bll,J1553.5-3118
3496,J1553.6+1257,fsrq,J1553.5+1256
3497,J1553.6-2422,fsrq,J1553.3-2421
3498,J1553.8-5325e,,J1554.4-5315c
3499,J1554.2+2008,,J1554.4+2010
3500,J1554.4-1215,bcu,
3501,J1554.9+2143,bll,
3502,J1555.2+7103,,
3503,J1555.2-4149,bcu,
3504,J1555.7-2908,PSR,
3505,J1555.7+1111,BLL,J1555.7+1111
3506,J1556.0-4713,unk,
3507,J1556.4-6911,,
3508,J1556.8-5242c,,
3509,J1557.2+3822,,
3510,J1557.5-7040,bll,J1557.4-7040
3511,J1557.9-0001,fsrq,
3512,J1557.9-1404,fsrq,
3513,J1558.8+5625,bll,J1558.9+5625
3514,J1558.9-6432,bll,J1558.9-6432
3515,J1559.1+6736,bcu,
3516,J1559.7-4518,,
3517,J1559.8-2525,bcu,J1559.8-2525
3518,J1559.9+2319,bll,J1559.9+2319
3519,J1600.0+8510,bcu,J1559.7+8512
3520,J1600.3-5811,bll,J1600.3-5810
3521,J1600.4+0407,,
3522,J1600.9-3054,PSR,J1600.8-3053
3523,J1601.3-5224,spp,
3524,J1602.0-4402,,
3525,J1602.0-0641,bcu,
3526,J1602.1+3324,bcu,
3527,J1602.2+2305,,J1601.9+2306
3528,J1602.2+3051,bll,
3529,J1602.9-1928,bcu,J1602.8-1924
3530,J1603.0-4808,,
3531,J1603.3-6010,,J1603.7-6011
3532,J1603.5-7112,bcu,
3533,J1603.6-0451,,
3534,J1603.8+1104,bll,J1603.7+1106
3535,J1603.8+5009,bll,
3536,J1603.8-4903,bll,J1603.9-4903
3537,J1604.4-4927,,
3538,J1604.5-4441,bll,J1604.4-4442
3539,J1604.6+5714,fsrq,J1604.6+5714
3540,J1604.7+1734,bll,
3541,J1604.9-3414,bcu,
3542,J1605.1-1140,bcu,
3543,J1605.5+5423,bll,
3544,J1605.8+7208,bcu,
3545,J1606.2+1346,bll,
3546,J1606.2-4602,,
3547,J1606.3+5629,bll,J1606.1+5630
3548,J1606.5+2717,fsrq,
3549,J1606.6+1324,bcu,
3550,J1606.9+5919,bll,
3551,J1607.0+1550,bll,J1607.0+1551
3552,J1608.0+4949,bcu,
3553,J1608.0-2038,bll,J1607.9-2040
3554,J1608.3+4012,fsrq,
3555,J1608.4+0055,,
3556,J1608.7+1029,fsrq,J1608.6+1029
3557,J1608.8-4803,,J1610.1-4808
3558,J1609.3-4326,,
3559,J1609.6-4837,,
3560,J1610.3-5154c,,
3561,J1610.3-3958,fsrq,J1610.6-3956
3562,J1610.6+2414,fsrq,
3563,J1610.7-6648,bll,J1610.8-6649
3564,J1611.6-6013,,
3565,J1611.9-5125c,,
3566,J1612.1+1407,,J1611.9+1404
3567,J1612.1-4526,,
3568,J1612.2+2828,bcu,
3569,J1612.4-3100,bll,J1612.4-3100
3570,J1612.4+0409,,
3571,J1612.4-0554,bll,
3572,J1612.4-4419,,
3573,J1613.0-5102,,
3574,J1613.1-3840,,
3575,J1613.3-1907,bcu,
3576,J1613.5-4225,bcu,J1613.4-4222
3577,J1613.6+3411,fsrq,J1613.8+3410
3578,J1614.1-5047,PSR,J1615.6-5049
3579,J1614.5-2230,PSR,J1614.5-2231
3580,J1614.8-0850,bcu,
3581,J1615.3-5146e,SNR,J1615.3-5146e
3582,J1615.3-5136,PSR,J1615.2-5138
3583,J1615.3-1512,,
3584,J1615.5-5434,,
3585,J1615.6+2130,bcu,
3586,J1615.6+4712,fsrq,J1615.8+4712
3587,J1615.9-4322,,
3588,J1616.2-5054e,PWN,J1616.2-5054e
3589,J1616.6-5341,,J1616.8-5343
3590,J1616.6-5009,,
3591,J1616.6+4630,fsrq,J1616.4+4631
3592,J1616.7+3327,bll,
3593,J1616.7+4107,bll,J1616.8+4111
3594,J1616.9-2257,glc,J1616.8-2300
3595,J1617.2-2535,bcu,J1617.3-2519
3596,J1617.3-1513,bcu,
3597,J1617.3-5849,fsrq,J1617.4-5846
3598,J1617.8-4418,,
3599,J1617.9-7718,fsrq,J1617.7-7717
3600,J1618.0+5139,fsrq,J1617.8+5137
3601,J1618.0-5119,,
3602,J1618.3-4537,,
3603,J1618.7-4633c,psr,J1619.0-4650
3604,J1618.8+0620,bll,
3605,J1619.0+7536,bcu,J1619.1+7538
3606,J1619.0-8346,bll,
3607,J1619.3-5047,,J1619.7-5040c
3608,J1619.4-5106c,,
3609,J1619.5-5014c,,J1619.0-5014c
3610,J1619.6+5536,bll,
3611,J1619.8-6314,unk,
3612,J1620.5-5729,,
3613,J1620.7-4927,PSR,J1620.8-4928
3614,J1620.8-4958c,,
3615,J1620.8-5035c,,
3616,J1620.9+4852,,
3617,J1621.0-2625,,
3618,J1621.4-4511,,
3619,J1621.7-1103,bcu,
3620,J1621.9+6706,,
3621,J1622.0-5157c,,
3622,J1622.2-7202,,
3623,J1622.5-4726,,
3624,J1622.7-4934c,,
3625,J1622.8-4454,,
3626,J1623.0-5004,PSR,J1622.9-5004
3627,J1623.0-0315,PSR,J1622.9-0312
3628,J1623.0-4624,,
3629,J1623.4+0858,bcu,
3630,J1623.6+5743,fsrq,
3631,J1623.7-2315c,,
3632,J1623.9-6936,,
3633,J1624.1-4042,PSR,J1624.2-4041
3634,J1624.1-4941c,,J1624.0-4941c
3635,J1624.1-4417,,
3636,J1624.3-3952,psr,J1624.2-3957
3637,J1624.6+5651,bll,J1625.0+5651
3638,J1624.9-4210,bcu,
3639,J1624.9-4538,,
3640,J1625.1-0020,PSR,J1625.1-0021
3641,J1625.2-3600,bcu,
3642,J1625.3-2338c,,J1623.5-2345c
3643,J1625.7-2527,fsrq,J1625.7-2527
3644,J1625.7+4134,fsrq,J1625.9+4125
3645,J1626.0-4917c,,J1626.2-4911
3646,J1626.0-2950,FSRQ,J1626.0-2951
3647,J1626.1-5904,unk,
3648,J1626.3+3514,bll,J1626.1+3512
3649,J1626.4+1820,bcu,
3650,J1626.5-4406,,J1626.3-4406
3651,J1626.5+6257,,
3652,J1626.6-4251,,
3653,J1626.6-7639,bll,J1626.4-7640
3654,J1626.8+4337,fsrq,
3655,J1626.9-2431e,SFR,J1626.2-2428c
3656,J1627.3+3148,bll,
3657,J1627.3+4758,bcu,
3658,J1627.4-3301,bcu,
3659,J1627.6-3852,glc,
3660,J1627.7-5749,,
3661,J1627.7+3219,psr,J1627.8+3217
3662,J1627.7+0251,bcu,J1628.1+0254
3663,J1628.0-4920,,
3664,J1628.1-3204,PSR,J1628.0-3203
3665,J1628.2-4848c,spp,J1628.9-4852
3666,J1628.3-3343,bcu,J1628.1-3344
3667,J1628.6-4553,,J1628.4-4546
3668,J1628.6+7706,bll,J1628.2+7703
3669,J1628.8-6149,fsrq,J1629.6-6141
3670,J1629.3-4822c,,
3671,J1630.1-1049,,J1630.2-1052
3672,J1630.1-3546,,
3673,J1630.2-4347,unk,J1630.3-4346
3674,J1630.6+3734,PSR,J1630.2+3733
3675,J1630.6+8234,rdg,J1630.6+8232
3676,J1630.7+5221,bll,J1630.7+5222
3677,J1631.0-5302,bcu,
3678,J1631.2+4926,fsrq,
3679,J1631.2+1046,bcu,J1630.8+1047
3680,J1631.6-4756e,pwn,J1633.0-4746e
3681,J1631.7-4826c,,J1632.4-4820
3682,J1631.7-2319c,,J1632.6-2328c
3683,J1631.8+4144,,
3684,J1632.2+0854,bcu,
3685,J1632.4+5800,bcu,
3686,J1632.5+3839,,J1632.8+3838
3687,J1632.8-1048,bcu,
3688,J1633.0-4746e,spp,J1633.0-4746e
3689,J1633.8+0701,bcu,
3690,J1634.0-4742c,,J1634.4-4743c
3691,J1634.6-4324,,
3692,J1634.7+0235,psr,
3693,J1634.9+1222,bcu,
3694,J1635.2+3808,FSRQ,J1635.2+3809
3695,J1635.3-4159,,
3696,J1635.3+4258,,J1635.3+4257
3697,J1635.4-3249,,
3698,J1635.6+3500,bcu,
3699,J1635.6+3628,fsrq,
3700,J1636.3-4731e,SNR,J1636.2-4734
3701,J1636.3+7128,bcu,
3702,J1636.5-0454,bcu,
3703,J1636.7+2627,bll,J1636.7+2624
3704,J1636.9-4103,bcu,
3705,J1636.9-4710c,,J1636.2-4709c
3706,J1637.1+1316,bll,J1637.1+1314
3707,J1637.2+4327,bll,
3708,J1637.3-6325,,
3709,J1637.5+3005,,
3710,J1637.6+4548,bll,
3711,J1637.7+4717,fsrq,J1637.7+4715
3712,J1637.7+7326,bll,J1637.8+7325
3713,J1637.8-3449,bll,J1637.6-3449
3714,J1638.0+0042,bcu,
3715,J1638.1+5721,fsrq,J1637.9+5719
3716,J1638.1-4641c,,
3717,J1638.5-4657c,spp,J1638.6-4654
3718,J1639.0-2727,,
3719,J1639.2-5638,,
3720,J1639.2-0946,,
3721,J1639.2+4129,fsrq,J1639.8+4125
3722,J1639.3-5146,,J1639.4-5146
3723,J1639.8-4642c,,
3724,J1640.1+2222,PSR,
3725,J1640.2+0629,bcu,
3726,J1640.3-4917,,J1640.6-4917
3727,J1640.3+6850,bcu,
3728,J1640.4+3945,FSRQ,J1640.6+3945
3729,J1640.6-4632,spp,J1640.4-4634c
3730,J1640.9-5853,,
3731,J1640.9+1143,bll,J1640.9+1142
3732,J1641.0-4619,spp,J1641.1-4619c
3733,J1641.2+8049,PSR,J1642.4+8045
3734,J1641.2-5317,PSR,J1641.5-5319
3735,J1641.3-5945,unk,
3736,J1641.3-2908,,
3737,J1641.5+2017,,
3738,J1641.9-0621,bll,J1641.8-0619
3739,J1642.1-5128,,
3740,J1642.1-5428e,spp,J1645.9-5420
3741,J1642.3-8108,bll,
3742,J1642.4+2211,bll,
3743,J1642.9+3948,FSRQ,J1642.9+3950
3744,J1643.0+3223,bll,
3745,J1643.0-7714,bll,
3746,J1643.1+1436,,
3747,J1643.3-3148,,
3748,J1643.5-0646,bll,J1643.6-0642
3749,J1643.7+3317,bcu,
3750,J1644.1-3055,,
3751,J1644.1-5009,,J1643.6-5002
3752,J1644.2+4546,bll,
3753,J1644.5-4602c,bcu,
3754,J1644.8+1850,,
3755,J1644.8-2154c,bcu,J1645.7-2148c
3756,J1644.9+2620,NLSY1,J1644.4+2632
3757,J1644.9-4921,,
3758,J1645.0+1654,,
3759,J1645.1-3323,unk,
3760,J1645.1-4123c,,
3761,J1645.2-5218,,
3762,J1645.4-5514,,
3763,J1645.6+6329,fsrq,J1645.9+6336
3764,J1645.8-4533c,unk,
3765,J1646.0-0942,bcu,
3766,J1646.5-4406,,
3767,J1646.6+7422,bcu,
3768,J1646.7-2154,,
3769,J1646.7-1330,bcu,J1646.9-1332
3770,J1647.0+6040,bcu,
3771,J1647.1+6149,bll,
3772,J1647.2-0154,glc,
3773,J1647.4-6438,bcu,J1647.1-6438
3774,J1647.5-5724,,
3775,J1647.5+2911,bll,
3776,J1647.5+4950,bll,J1647.4+4950
3777,J1648.0+2221,bcu,
3778,J1648.1-1547,,
3779,J1648.2+4232,bcu,J1648.0+4230
3780,J1648.4-4611,PSR,J1648.3-4611
3781,J1648.7+4834,,
3782,J1649.2-4513c,,J1649.3-4501c
3783,J1649.3-4441,,J1650.0-4438c
3784,J1649.4+5235,bll,J1649.4+5238
3785,J1649.6+0411,bcu,J1650.0+0356
3786,J1649.8-3010,psr,J1649.6-3007
3787,J1650.3-5045,bll,J1650.2-5044
3788,J1650.3-4600,PSR,J1650.3-4600
3789,J1650.7+0831,fsrq,J1650.8+0830
3790,J1650.9+0429,bcu,
3791,J1650.9-4420c,,
3792,J1651.1-5848,,
3793,J1651.6+7219,bll,J1651.6+7219
3794,J1651.7-7241,,
3795,J1651.7-4359,,
3796,J1652.2-4633e,,J1650.3-4600
3797,J1652.2-4516,,
3798,J1652.7+4024,bll,
3799,J1653.0+3640,,
3800,J1653.2-4349,,J1652.8-4351
3801,J1653.6-0158,PSR,J1653.6-0158
3802,J1653.8+3945,BLL,J1653.9+3945
3803,J1654.0-3509,bcu,
3804,J1654.2-4907c,,J1654.3-4907
3805,J1654.5-5509,,
3806,J1655.5-4737e,,J1655.5-4748
3807,J1655.7-2411,,
3808,J1655.9-3940,,
3809,J1655.9-3101,,
3810,J1656.0+2047,bcu,J1656.0+2044
3811,J1656.3-3301,fsrq,J1656.2-3303
3812,J1656.4-0410,,
3813,J1656.5-2733,,
3814,J1656.9-4814,,
3815,J1656.9-2010,bll,J1656.8-2010
3816,J1656.9-5717,,
3817,J1657.0+6010,fsrq,J1656.9+6008
3818,J1657.3-6232,,
3819,J1657.4-3917c,,J1656.9-3919c
3820,J1657.7-6120,bcu,
3821,J1657.7-4656c,,J1657.6-4653
3822,J1657.7+4808,fsrq,J1657.7+4807
3823,J1657.7-4520,,
3824,J1658.3-4637c,,
3825,J1658.4+6150,bll,J1658.3+6149
3826,J1658.5+4315,,
3827,J1658.6-5323,PSR,J1658.4-5323
3828,J1659.0-0140,,J1659.0-0142
3829,J1659.0+2627,fsrq,J1659.4+2631
3830,J1659.2-1443,,
3831,J1659.6+4918,,
3832,J1659.7-3131,bcu,J1659.7-3132
3833,J1700.0-0122,,
3834,J1700.0+6830,fsrq,J1700.1+6829
3835,J1700.1-4013c,unk,J1700.4-4019c
3836,J1700.2-4237c,,
3837,J1700.3-4557,,
3838,J1700.4-2746,,
3839,J1700.8-5218,,J1701.3-5216
3840,J1700.8-7304,,
3841,J1701.0-2617,unk,
3842,J1701.0+6613,bcu,
3843,J1701.2-3006,glc,J1701.2-3006
3844,J1701.3+3956,bll,
3845,J1701.3-4924,,J1701.1-4930
3846,J1701.7-5621,bcu,
3847,J1701.9-4625,,J1702.1-4623
3848,J1702.0-3721,,
3849,J1702.2+2642,bll,
3850,J1702.3-2525,,J1702.1-2524
3851,J1702.5-4803,,
3852,J1702.6+3114,bll,J1702.6+3116
3853,J1702.7-5655,,J1702.8-5656
3854,J1702.9-4131,PSR,
3855,J1703.6-6213,fsrq,J1703.6-6211
3856,J1703.6-2850,,J1703.6-2850
3857,J1704.1-4140,spp,
3858,J1704.1+7647,bcu,J1704.0+7646
3859,J1704.2+1234,bll,J1704.1+1234
3860,J1704.5-0527,bll,J1704.4-0528
3861,J1704.8-4030,,
3862,J1704.9-4303,,
3863,J1705.0+7134,bll,J1705.5+7134
3864,J1705.1-4748,,
3865,J1705.2-3850,,
3866,J1705.4+5436,bll,
3867,J1705.4-4850,,
3868,J1705.5+2907,,
3869,J1705.5-7423,bll,
3870,J1705.6-1909,PSR,
3871,J1705.7-4124,snr,J1705.5-4128c
3872,J1706.1+1000,bcu,J1705.5+0948
3873,J1706.2-4950,,
3874,J1706.4-4609,,
3875,J1706.4-4649c,,
3876,J1706.5-4023c,,
3877,J1706.7-5525,,
3878,J1706.8-4540,,
3879,J1706.8+1319,,
3880,J1706.8+3004,bll,
3881,J1706.9+4543,fsrq,
3882,J1707.1-1931,bll,
3883,J1707.5+1649,fsrq,
3884,J1707.6-5351,,
3885,J1707.9+0016,bcu,
3886,J1708.2+5519,,
3887,J1708.6-4312,unk,
3888,J1708.8-0923,,J1709.4-0917
3889,J1709.0-3525,bcu,
3890,J1709.4-2127,,
3891,J1709.4-0328,,J1709.5-0335
3892,J1709.7-4429,PSR,J1709.7-4429
3893,J1709.7+4318,fsrq,J1709.6+4318
3894,J1709.9-0900,,
3895,J1710.0+4629,,J1709.9+4624
3896,J1710.1-2030,bcu,J1709.8-2026
3897,J1710.1-4541,,
3898,J1710.3-3039,,
3899,J1710.3-3943,bcu,
3900,J1710.8+1135,,
3901,J1710.9-5247,unk,
3902,J1711.0-3002,,
3903,J1711.1-4600c,bcu,
3904,J1711.4-2526,,
3905,J1711.6-5027,bcu,J1711.5-5029
3906,J1711.6-3407,unk,
3907,J1711.9-1922,,
3908,J1712.5-4642,spp,
3909,J1712.5-3142,bcu,
3910,J1712.7+2932,bll,J1712.6+2932
3911,J1712.9-4105,,
3912,J1713.0-0521,,
3913,J1713.0-4236c,,
3914,J1713.5-3945e,SNR,J1713.5-3945e
3915,J1713.7+8844,bcu,J1711.6+8846
3916,J1713.8+0747,PSR,J1714.0+0748
3917,J1714.0-2029,bcu,J1714.1-2029
3918,J1714.1-3811,snr,
3919,J1714.2-2928,glc,
3920,J1714.4-3830,PSR,J1714.5-3829
3921,J1714.6+3228,,
3922,J1714.8-1421,,
3923,J1714.8-3849,,
3924,J1714.9-3324,,J1714.6-3327
3925,J1715.0+2616,bcu,
3926,J1715.3-3832,unk,
3927,J1715.4-4025,bcu,J1715.4-4028
3928,J1715.7-4239,,
3929,J1715.8-4549,spp,
3930,J1715.8+2151,fsrq,
3931,J1716.1+6836,fsrq,J1715.7+6837
3932,J1716.1+2309,,
3933,J1716.1-4342c,,
3934,J1716.3-3421,bcu,
3935,J1716.3+3434,bcu,
3936,J1716.6-6707,bcu,
3937,J1716.7-2808,glc,J1716.6-2812
3938,J1716.8+4310,glc,
3939,J1716.9-4152,,
3940,J1717.0-3218,,
3941,J1717.3-6045,bcu,
3942,J1717.5-5804,,J1717.6-5802
3943,J1717.5-8114,bll,J1716.7-8112
3944,J1717.5-4022,,
3945,J1717.5-3342,bll,J1717.8-3342
3946,J1717.6-4404,,J1717.6-4404
3947,J1717.6-5154,fsrq,J1717.4-5157
3948,J1717.8+1955,,
3949,J1717.8+3925,,
3950,J1718.0-3726,snr,J1718.0-3726
3951,J1718.0-3055,bcu,J1718.1-3056
3952,J1718.2-3825,PSR,J1718.1-3825
3953,J1718.3-4445,spp,
3954,J1718.6-5821,,
3955,J1719.0-4038,,
3956,J1719.0-4221,,
3957,J1719.1-5348,,
3958,J1719.2+1745,bll,J1719.2+1744
3959,J1719.2-2943,spp,
3960,J1719.3-3424,,
3961,J1719.3+1205,bcu,J1719.3+1206
3962,J1719.4-2916,,
3963,J1719.5-3858c,unk,
3964,J1719.7-4500,spp,
3965,J1720.0-5101,bcu,
3966,J1720.1-4358,,
3967,J1720.2-4757,spp,
3968,J1720.2+3824,bcu,
3969,J1720.6-3706,unk,J1720.7-3707c
3970,J1720.6-5144,unk,
3971,J1720.6+0708,,J1720.7+0711
3972,J1720.7-4629,spp,
3973,J1720.8-1937,psr,
3974,J1721.3-5257,,J1721.4-5253
3975,J1721.4+2529,,
3976,J1721.4+1131,,
3977,J1721.7-4709,spp,
3978,J1721.7-3917,,J1721.8-3919
3979,J1722.1-4007,,
3980,J1722.1-3205,,
3981,J1722.6-4529,spp,J1722.9-4529
3982,J1722.6+6104,fsrq,J1722.7+6104
3983,J1722.6-3135,,
3984,J1722.7+1014,fsrq,J1722.7+1014
3985,J1722.8-0418,,J1722.7-0415
3986,J1723.1-2859,,
3987,J1723.5-0501e,,J1725.0-0513
3988,J1723.6-4126,,
3989,J1723.6-7714,bcu,J1723.7-7713
3990,J1724.1+3304,fsrq,
3991,J1724.2+4005,fsrq,J1723.9+4004
3992,J1724.2-6501,rdg,
3993,J1724.5-3008,,
3994,J1724.7-3737,,
3995,J1724.9+7654,fsrq,
3996,J1725.0+1152,bll,J1725.0+1152
3997,J1725.1-3408,unk,
3998,J1725.1-1924,,
3999,J1725.4+5254,bcu,
4000,J1725.5+0840,,
4001,J1725.5+5851,bll,J1725.3+5853
4002,J1726.0-2843,spp,J1725.1-2832
4003,J1726.2-2903,,
4004,J1726.7-3930,,
4005,J1726.8-2659,,
4006,J1727.0-3835,spp,
4007,J1727.2+0644,bcu,J1727.4+0634
4008,J1727.4+4530,fsrq,J1727.1+4531
4009,J1727.4+0326,,
4010,J1727.6-2304,,J1727.8-2308
4011,J1727.6-3050,glc,
4012,J1727.6-0849,,J1729.9-0859
4013,J1727.7-3621,,
4014,J1727.7-4041,,
4015,J1727.9-0654,bcu,J1727.6-0654
4016,J1728.0-3550,,
4017,J1728.0-4606,spp,J1728.0-4606
4018,J1728.0+1216,fsrq,J1728.0+1217
4019,J1728.1-1610,psr,
4020,J1728.3+5013,bll,J1728.3+5013
4021,J1728.4+0427,fsrq,J1728.5+0428
4022,J1728.5-7303,bcu,
4023,J1728.6-7448,bcu,
4024,J1728.8-5131,,
4025,J1729.0+6103,,
4026,J1729.1-3503,,
4027,J1729.2-3641c,unk,J1729.1-3641c
4028,J1729.2-2509,,
4029,J1729.4-2831,,J1729.5-2824
4030,J1729.4-2646,,
4031,J1729.7-4242,,
4032,J1729.9-4148,,J1729.8-4148
4033,J1729.9-2403,unk,J1729.7-2408
4034,J1730.1-4343,,
4035,J1730.1-3422,unk,
4036,J1730.3-2913,,
4037,J1730.4-0359,,J1730.6-0357
4038,J1730.5+6018,,
4039,J1730.5-3352,PSR,J1730.5-3350
4040,J1730.6+0024,fsrq,J1730.5+0023
4041,J1730.6+3805,bcu,
4042,J1730.8+3715,bll,J1730.6+3711
4043,J1730.8-2303,PSR,
4044,J1730.8-3806,,
4045,J1730.8-1123,,
4046,J1731.2-3234,spp,J1731.6-3234c
4047,J1731.6-2904,,
4048,J1731.6-3002,bll,J1731.8-3001
4049,J1731.6+0630,,
4050,J1731.7-1850,psr,
4051,J1731.7-3445,spp,
4052,J1731.9-2719,bcu,
4053,J1732.0-2659,,J1731.9-2703c
4054,J1732.5-3131,PSR,J1732.5-3130
4055,J1732.7-5050,PSR,J1732.5-5048
4056,J1732.7-2559,,
4057,J1732.8-3725,unk,
4058,J1733.0-1305,FSRQ,J1733.0-1305
4059,J1733.2-2915,,J1733.2-2913c
4060,J1733.4+2235,,
4061,J1733.4-3943,bcu,J1733.5-3941
4062,J1733.4+5428,bll,J1731.9+5428
4063,J1733.5-2950,,
4064,J1733.6-2431,,
4065,J1733.6-6054,bcu,J1733.8-6056
4066,J1733.7-4734,snr,
4067,J1733.9-2220,,
4068,J1734.0+0805,bcu,
4069,J1734.0-2933,,
4070,J1734.3+3858,fsrq,J1734.3+3858
4071,J1734.5-2818,,
4072,J1734.6-3548,,
4073,J1734.6-2912,,
4074,J1735.2-1640,,
4075,J1735.3-0717,,
4076,J1735.4-1118,bcu,J1735.4-1118
4077,J1735.7-3026,glc,
4078,J1735.8-5932,bcu,
4079,J1735.9-3342,spp,
4080,J1736.0+2033,bll,J1736.0+2033
4081,J1736.1-3422,,
4082,J1736.1-2628,unk,
4083,J1736.2-4443,glc,J1736.2-4444
4084,J1736.3-2929,,
4085,J1736.4-4052,unk,
4086,J1736.6+0628,fsrq,J1736.4+0634
4087,J1736.9-3357,bcu,
4088,J1737.1-2901,,
4089,J1737.2-2808,,
4090,J1737.2-2421,,
4091,J1737.3-5300,,
4092,J1737.3-3332,,
4093,J1737.5-0313,glc,
4094,J1737.6-2350,,
4095,J1738.0+8717,bcu,J1739.0+8716
4096,J1738.0+0236,bcu,
4097,J1738.1-2453,,
4098,J1738.2+4000,bcu,
4099,J1738.3+3228,fsrq,
4100,J1738.8-3241,,
4101,J1738.8+3822,bcu,
4102,J1738.8-3418,bcu,
4103,J1739.1-1059,,
4104,J1739.2-2717,,J1739.6-2726
4105,J1739.3-2531,,
4106,J1739.4-3015,PSR,
4107,J1739.5-2929,,
4108,J1739.5+4955,fsrq,J1739.4+4955
4109,J1739.6-3155,spp,
4110,J1739.7-2836,,
4111,J1740.0+4737,fsrq,J1740.3+4736
4112,J1740.1-1928,,
4113,J1740.3-3058c,snr,J1741.1-3053
4114,J1740.4-2850,,
4115,J1740.5+5211,fsrq,J1740.3+5211
4116,J1740.5+1005,PSR,
4117,J1740.6-3430,,
4118,J1740.6+5346,bll,J1740.4+5347
4119,J1740.7-6750,,J1740.8-6755
4120,J1740.7-2640,,J1740.5-2642
4121,J1740.8-1832,,
4122,J1741.1+7226,bll,
4123,J1741.1-5341,glc,
4124,J1741.1-3328,,
4125,J1741.2+5739,bll,
4126,J1741.3-3357,,
4127,J1741.4+1354,PSR,J1741.5+1351
4128,J1741.4-3046c,unk,J1741.1-3053
4129,J1741.5-3119,bcu,
4130,J1741.5-2344,,
4131,J1741.6-3917e,,J1748.5-3912
4132,J1741.6-2730,,
4133,J1741.8-2537,bcu,J1741.9-2539
4134,J1741.9-2054,PSR,J1741.9-2054
4135,J1741.9+2555,bcu,
4136,J1742.0-3020,,
4137,J1742.3-3318,PSR,J1742.5-3323
4138,J1742.4-1518,bcu,
4139,J1742.5+5944,bll,J1742.2+5947
4140,J1742.5-2833,,
4141,J1742.8-2246,,
4142,J1743.0-3201,,
4143,J1743.1-3049c,,
4144,J1743.4-3123,,
4145,J1743.4-3406,,
4146,J1743.4-2406,,
4147,J1743.6-3341,,
4148,J1743.7-4321,,
4149,J1743.8-3143,,
4150,J1743.9-3539,,
4151,J1743.9-1824,bcu,
4152,J1743.9+3747,fsrq,
4153,J1744.0-7618,PSR,J1744.1-7619
4154,J1744.0-2504,,J1744.5-2506
4155,J1744.0+1935,bll,J1743.9+1934
4156,J1744.0-1311,,J1743.9-1310
4157,J1744.2-0353,fsrq,J1744.3-0353
4158,J1744.4+1851,bll,
4159,J1744.4-1135,PSR,J1744.5-1133
4160,J1744.5-2612,unk,
4161,J1744.6-5713,bll,
4162,J1744.7-1557,,J1744.8-1557
4163,J1744.9-3322,,
4164,J1744.9-1727,bcu,J1744.9-1725
4165,J1744.9-2153,,
4166,J1745.1+4731,bcu,J1745.4+4721
4167,J1745.3+2338,,J1746.0+2316
4168,J1745.4-0753,bll,J1745.4-0754
4169,J1745.5-2249,,J1744.7-2252
4170,J1745.5+1017,PSR,J1745.5+1017
4171,J1745.6-3626,,
4172,J1745.6-2859,spp,J1745.6-2859c
4173,J1745.6+3950,bll,J1745.7+3952
4174,J1745.6-3145,,
4175,J1745.7-2506,unk,
4176,J1745.8-3028e,,J1745.1-3011
4177,J1746.1-2541,,
4178,J1746.2-3342c,spp,
4179,J1746.4-2852,pwn,J1746.3-2851c
4180,J1746.5-2019,,
4181,J1746.8-5235,bcu,
4182,J1746.8-3239,PSR,J1746.8-3240
4183,J1747.0-3505,,J1747.0-3506
4184,J1747.1-5453,bcu,
4185,J1747.2+4937,bll,
4186,J1747.2-2957,PSR,J1747.2-2958
4187,J1747.6-5308,bcu,
4188,J1747.6+0324,,J1747.3+0324
4189,J1747.7-2141,,
4190,J1747.7-4037,PSR,J1747.6-4037
4191,J1747.8-0316,,
4192,J1747.8-3006,,
4193,J1747.8-1827,,
4194,J1747.9-3224,,
4195,J1747.9+4704,bll,
4196,J1748.0+3403,fsrq,J1748.0+3405
4197,J1748.0-2446,glc,J1748.0-2447
4198,J1748.1+2702,bcu,J1748.0+2701
4199,J1748.2-1942,,
4200,J1748.3-2906,,
4201,J1748.4+1601,,
4202,J1748.5-0854,bcu,
4203,J1748.6+7005,bll,J1748.6+7005
4204,J1748.9-2021,glc,J1748.9-2021
4205,J1749.0-2327,bcu,
4206,J1749.0+4321,bll,J1749.1+4322
4207,J1749.0-2119,,
4208,J1749.5-2747,snr,
4209,J1749.6-3143c,,J1749.7-3134c
4210,J1749.8-0303,,J1749.7-0305
4211,J1750.0-3849,,
4212,J1750.0-3347,,
4213,J1750.3-3702,glc,J1750.2-3704
4214,J1750.4-1721,,
4215,J1750.4-3023,unk,
4216,J1750.6-1906,,
4217,J1750.8-4405,,
4218,J1750.8-3106,unk,
4219,J1750.8-1246,,
4220,J1750.9-3301,,
4221,J1750.9-2655,,
4222,J1751.1-3455,,
4223,J1751.1+0109,,
4224,J1751.5+0938,bll,J1751.5+0939
4225,J1751.6+2921,bcu,
4226,J1751.6-1750,bcu,
4227,J1752.0+3606,,
4228,J1752.1+4531,bcu,
4229,J1752.2-3002,bcu,
4230,J1752.3-2914,,
4231,J1752.3-3139,,
4232,J1752.6-1010,bcu,
4233,J1752.7-3040,,
4234,J1752.8-4449,,
4235,J1753.2-2848,unk,
4236,J1753.3-3325,bcu,J1754.0-3321
4237,J1753.6-5014,bcu,J1753.5-5010
4238,J1753.7+2847,fsrq,
4239,J1753.8-2538,,
4240,J1753.9+2443,,
4241,J1754.1-4333,,
4242,J1754.2+3212,bll,J1754.1+3212
4243,J1754.3-4443,,J1753.8-4446
4244,J1754.3-2915,,
4245,J1754.3-3236,,
4246,J1754.4-2649,unk,
4247,J1754.5-6425,bll,J1754.3-6424
4248,J1754.6-2933,,J1754.1-2930
4249,J1754.7+3444,bcu,
4250,J1754.8-3200,,
4251,J1755.3-3937,,
4252,J1755.4-2552,snr,
4253,J1755.5-3734,,
4254,J1755.6-2050,,
4255,J1755.9-4009,,
4256,J1755.9+0953,,
4257,J1756.1-2516,unk,
4258,J1756.3+5522,bll,J1756.3+5523
4259,J1756.3+0236,,
4260,J1756.6-2352,,
4261,J1756.6+1553,fsrq,
4262,J1756.9+1531,bcu,J1757.1+1533
4263,J1757.0+7032,bll,J1756.9+7032
4264,J1757.1-1926,,
4265,J1757.1-3554,,
4266,J1757.1-2848c,,
4267,J1757.4-3125,,J1757.8-3126
4268,J1757.6-2731,,
4269,J1757.7-2337,spp,
4270,J1757.7-6032,,J1757.7-6030
4271,J1757.9-2419,PSR,
4272,J1758.0-2953,,
4273,J1758.2+6532,bcu,J1757.4+6536
4274,J1758.3+1429,bcu,
4275,J1758.3-1920,,
4276,J1758.3-3028,bcu,
4277,J1758.5-3219,,
4278,J1758.6-2404,unk,J1758.8-2402
4279,J1758.7-1621,bcu,
4280,J1758.7-4109,,J1758.8-4108
4281,J1758.8-2326,,
4282,J1759.0-0107,,
4283,J1759.1-2347c,unk,J1758.8-2346
4284,J1759.1-4822,bcu,J1759.1-4822
4285,J1759.1-3849,bcu,J1759.2-3848
4286,J1759.2-0243,,
4287,J1759.5-2312,unk,
4288,J1759.6-1850,,
4289,J1759.7-2141,unk,J1759.6-2141
4290,J1759.7-2354,,
4291,J1759.8-1250,,
4292,J1800.1+2812,bcu,
4293,J1800.1+7037,bll,
4294,J1800.1-0323,,
4295,J1800.2-2952,,J1800.0-2955
4296,J1800.2-2403c,,J1800.5-2359c
4297,J1800.3-5237,,
4298,J1800.5-2910,,
4299,J1800.6+7828,bll,J1800.5+7827
4300,J1800.7-2355,unk,J1800.5-2359c
4301,J1800.9-2407,,
4302,J1801.0-2802,,
4303,J1801.1-2626,,
4304,J1801.2-2450,PSR,
4305,J1801.3-2326e,SNR,J1801.3-2326e
4306,J1801.4-4307,,
4307,J1801.5+4404,fsrq,J1801.5+4403
4308,J1801.5+2123,bcu,
4309,J1801.6-1418,psr,
4310,J1801.6-2326,,J1801.6-2327
4311,J1801.8-2358,,
4312,J1802.1-2652,,
4313,J1802.4+3634,,
4314,J1802.4-3041,,J1802.4-3043
4315,J1802.6-3940,fsrq,J1802.6-3940
4316,J1802.8-4719,psr,
4317,J1803.1-2724,,J1803.1-2728
4318,J1803.1-2148,PSR,J1803.1-2147
4319,J1803.1-6708,,J1803.3-6706
4320,J1803.2+1402,psr,
4321,J1803.3+2425,,
4322,J1803.4-6510,fsrq,
4323,J1803.5-1639,,
4324,J1803.7-3207,,
4325,J1803.8-2908,,
4326,J1804.0-1124,,
4327,J1804.4-0852,,J1804.5-0850
4328,J1804.7-2144e,spp,J1805.6-2136e
4329,J1804.9-1745,,
4330,J1804.9-3001,,
4331,J1805.1-3618,,
4332,J1805.6-2136e,SNR,J1805.6-2136e
4333,J1805.6+0615,PSR,J1805.9+0614
4334,J1805.7+3401,,J1805.9+3407
4335,J1805.8-0803,unk,
4336,J1806.1-3344,,
4337,J1806.2-1347,,
4338,J1806.2-2126,,
4339,J1806.2+6143,bcu,
4340,J1806.3+5345,bcu,J1806.8+5346
4341,J1806.8+6949,bll,J1806.7+6949
4342,J1806.9-2455c,unk,J1806.7-2451
4343,J1806.9-2824,,
4344,J1806.9-8038,bcu,
4345,J1807.1+2822,psr,
4346,J1807.2+6429,bll,J1807.8+6427
4347,J1807.8-4340,glc,J1807.5-4343
4348,J1807.9-6412,fsrq,
4349,J1807.9+4650,bll,J1808.0+4652
4350,J1808.1-5013,fsrq,J1807.8-5011
4351,J1808.1-1234,,
4352,J1808.2-2028e,,J1809.2-2016c
4353,J1808.2-1055,,
4354,J1808.2+3500,bll,
4355,J1808.2-3005,,
4356,J1808.4-3358,,J1808.3-3357
4357,J1808.4-4521,,
4358,J1808.4-3522,,J1808.4-3519
4359,J1808.5-3701,,J1808.4-3703
4360,J1808.8-1949c,glc,J1808.5-1952
4361,J1808.8+2419,bcu,
4362,J1808.8+3522,bll,J1809.0+3517
4363,J1809.0-2853,,
4364,J1809.2-2726,,J1809.2-2725
4365,J1809.3+2042,bll,J1809.4+2040
4366,J1809.5-0816,,
4367,J1809.7+2910,bll,J1809.7+2909
4368,J1809.8-2408c,,
4369,J1809.8-2332,PSR,J1809.8-2332
4370,J1810.2-3054,,
4371,J1810.3-1925e,spp,J1810.1-1910
4372,J1810.3+1332,,
4373,J1810.4+1700,,
4374,J1810.5-1415,,
4375,J1810.5+1744,PSR,J1810.5+1743
4376,J1810.7+5335,bll,J1810.7+5335
4377,J1810.8-3347,,
4378,J1811.0+1608,bll,J1810.8+1609
4379,J1811.0-2725,,
4380,J1811.2-2759,bcu,
4381,J1811.3+0340,bll,J1811.2+0340
4382,J1811.3-2403,PSR,
4383,J1811.5-1925,psr,J1811.3-1927c
4384,J1811.5-1844,spp,
4385,J1811.7-1442,,
4386,J1811.9-2336,,
4387,J1812.2-0856,,
4388,J1812.4+4441,,
4389,J1812.8-3144,,
4390,J1812.9+4249,bcu,
4391,J1813.1-1737e,spp,J1814.1-1734c
4392,J1813.1-1611,,
4393,J1813.2-1128,,
4394,J1813.4-1246,PSR,J1813.4-1246
4395,J1813.5+3144,bll,J1813.6+3143
4396,J1813.5+2819,,J1813.6+2820
4397,J1813.6+0614,bll,J1813.6+0614
4398,J1813.7-1536,unk,
4399,J1813.7-1152,,J1813.6-1148
4400,J1813.7-6846,,J1813.6-6845
4401,J1814.0+3828,bll,
4402,J1814.1-1710,spp,
4403,J1814.2+4114,fsrq,
4404,J1814.2-1012,,
4405,J1814.2-3000,,
4406,J1814.4+2429,,
4407,J1814.4+2953,fsrq,
4408,J1814.4+3132,psr,
4409,J1814.6-3621,,
4410,J1814.6-2537,,
4411,J1814.7-3420,,
4412,J1815.1+5917,,J1815.1+5919
4413,J1815.2-2715,bcu,
4414,J1815.3-1336,,
4415,J1815.8-1416,,
4416,J1816.1-3908,,
4417,J1816.2-1654c,unk,J1817.6-1651c
4418,J1816.3-2903,,
4419,J1816.4-0057,,
4420,J1816.4-2727,,J1816.2-2726
4421,J1816.4-6405,,J1816.0-6407
4422,J1816.5-1208c,,
4423,J1816.5+4510,PSR,J1816.5+4512
4424,J1816.7+1749,,
4425,J1816.8-2800,,
4426,J1816.9-4942,fsrq,J1816.9-4944
4427,J1817.1-1742,PSR,J1817.2-1739
4428,J1817.2-3035,,J1817.3-3033
4429,J1817.5-1034,,
4430,J1817.6-3251,,
4431,J1817.7-2517,,
4432,J1817.9-3334,,
4433,J1817.9-1135,,
4434,J1818.0-1339c,,
4435,J1818.1-2000,,
4436,J1818.3-1233,,
4437,J1818.5-2036,,J1819.5-2045c
4438,J1818.5-1656,glc,
4439,J1818.5+2533,,J1817.7+2530
4440,J1818.6+1316,,J1818.5+1320
4441,J1818.6-1533,spp,J1818.7-1528
4442,J1818.6-3206,,
4443,J1818.6+0903,fsrq,J1818.6+0903
4444,J1818.8-2255,,
4445,J1818.8-0828,,
4446,J1819.0-1203,,
4447,J1819.1+2133,bll,J1819.1+2134
4448,J1819.3-0935,,
4449,J1819.4-1102,,
4450,J1819.9-1300,,
4451,J1819.9-2926,,
4452,J1819.9-1530,,J1820.3-1529c
4453,J1820.3-1009,unk,
4454,J1820.3-2646,,
4455,J1820.3+3624,bll,J1820.3+3625
4456,J1820.4-1609c,bin,
4457,J1820.7-3217,,J1820.4-3217
4458,J1821.1-1422,spp,J1821.1-1425c
4459,J1821.4-1516,spp,
4460,J1821.5-2531,,
4461,J1821.6+6819,bcu,
4462,J1821.6+6636,,J1821.9+6636
4463,J1822.0-3146,,
4464,J1822.0+1600,bcu,
4465,J1822.6-2502,,
4466,J1822.8-1118,,
4467,J1822.9-4718,,J1823.2-4722
4468,J1823.2+1209,,
4469,J1823.3-1340,,J1823.2-1339
4470,J1823.3-3720,bcu,
4471,J1823.5+6858,bll,J1823.4+6857
4472,J1823.5-3020,PSR,J1823.7-3019
4473,J1823.6-2345,spp,
4474,J1823.6-3453,bcu,J1823.6-3453
4475,J1823.8-3544,,
4476,J1824.1-1304,spp,
4477,J1824.1+5651,bll,J1824.2+5649
4478,J1824.1+1013,PSR,J1824.0+1017
4479,J1824.2+1231,,
4480,J1824.2-0621,,J1824.3-0620
4481,J1824.2-5427,,J1824.2-5427
4482,J1824.5+0107,bcu,
4483,J1824.5+4311,bcu,J1824.4+4310
4484,J1824.5-1351e,PWN,J1824.5-1351e
4485,J1824.6-2452,PSR,J1824.6-2451
4486,J1824.7-3243,agn,
4487,J1824.7+2403,,
4488,J1825.1-5231,bcu,J1825.2-5230
4489,J1825.9-3153,,
4490,J1825.9-5614,,
4491,J1826.0-5037,bcu,
4492,J1826.1-1256,PSR,J1826.1-1256
4493,J1826.2-1450,HMB,J1826.2-1450
4494,J1826.2-2830,,
4495,J1826.5-1202c,,
4496,J1827.2+4303,,
4497,J1827.4-1445,PSR,J1827.3-1446
4498,J1827.5+2015,bcu,
4499,J1827.5+1141,,J1827.7+1141
4500,J1827.6-0849,PSR,J1827.6-0846
4501,J1827.6-4029,bcu,
4502,J1828.0-1133,spp,J1828.4-1121
4503,J1828.0+2634,bcu,
4504,J1828.1-1312,,
4505,J1828.2-3252,,
4506,J1828.4-1059,PSR,
4507,J1828.7+3230,bcu,J1829.2+3229
4508,J1829.0-2417,bll,J1828.9-2417
4509,J1829.1+2729,bcu,J1829.2+2731
4510,J1829.2-5813,fsrq,
4511,J1829.3+5402,bll,J1829.4+5402
4512,J1829.4-1256,spp,J1829.7-1304
4513,J1829.5+4845,css,J1829.6+4844
4514,J1829.6-2545,,
4515,J1829.6-4310,,
4516,J1829.9+3934,bcu,
4517,J1830.0-5225,bll,
4518,J1830.0+1324,bll,J1829.8+1328
4519,J1830.0-1515c,,
4520,J1830.1-0212c,,J1829.9-0203c
4521,J1830.1-1440,,
4522,J1830.1+0617,fsrq,J1830.1+0617
4523,J1830.2-4443,bcu,J1830.0-4439
4524,J1830.2-1005,spp,J1829.6-1006c
4525,J1830.3-1601,,
4526,J1830.7-1634,,J1830.7-1630
4527,J1830.7-2713,bcu,J1831.0-2714
4528,J1830.7-3219,,
4529,J1830.8-3132,,J1830.8-3136
4530,J1831.1-6503,,J1831.6-6503
4531,J1831.2+0202,,
4532,J1831.5-0935,PSR,
4533,J1831.6-0223c,,J1831.7-0230
4534,J1831.8-1503,spp,
4535,J1831.9+3820,bll,
4536,J1832.3-1433,spp,
4537,J1832.4-0847,PSR,
4538,J1832.4-0152c,,
4539,J1832.6-5658,bll,J1832.4-5659
4540,J1832.9-0913,spp,
4541,J1833.0-3840,psr,
4542,J1833.5-1033,PSR,J1833.5-1033
4543,J1833.6-2103,FSRQ,J1833.6-2103
4544,J1834.1-0706e,SNR,J1833.9-0711
4545,J1834.2+3136,fsrq,
4546,J1834.2-0827c,,
4547,J1834.3+0613,,
4548,J1834.5-0846e,spp,J1834.5-0841
4549,J1834.7-0724c,,
4550,J1834.7-5858,bll,
4551,J1834.9-0800,,
4552,J1834.9-2819,,
4553,J1835.1-0517,,
4554,J1835.3-2439,,
4555,J1835.5+1349,bll,J1835.4+1349
4556,J1835.7-3258,glc,J1835.7-3258
4557,J1836.1+1143,unk,
4558,J1836.2+5925,PSR,J1836.2+5925
4559,J1836.4+3137,bll,J1836.3+3137
4560,J1836.5+1948,bcu,
4561,J1836.5-0651e,pwn,J1836.5-0655e
4562,J1836.8-2354,,J1837.3-2403
4563,J1836.8-0727,unk,J1836.1-0727
4564,J1836.9+4439,,
4565,J1837.0+5347,bcu,
4566,J1837.3+1052,bcu,
4567,J1837.4-1646,bcu,
4568,J1837.6-2904,NOV,
4569,J1837.8-0604,PSR,J1837.9-0607
4570,J1837.9-0620,,
4571,J1838.0-0516,,
4572,J1838.0-5959,bll,J1838.5-6006
4573,J1838.1-3352,,
4574,J1838.2+3223,,
4575,J1838.3-2148,unk,
4576,J1838.4-6023,bll,
4577,J1838.4-0630c,,
4578,J1838.4-0545,,
4579,J1838.5+3837,,J1838.1+3827
4580,J1838.7-0601,,
4581,J1838.8+4802,bll,J1838.8+4802
4582,J1838.9-3457,bcu,
4583,J1838.9-0704e,pwn,J1838.9-0646
4584,J1838.9-0537,PSR,J1838.9-0537
4585,J1839.0-1502,,
4586,J1839.4-0553,unk,J1839.3-0552
4587,J1839.6-7107,fsrq,
4588,J1840.0-0341,spp,J1839.7-0334c
4589,J1840.0-0411,spp,J1840.1-0412
4590,J1840.4-1705,,
4591,J1840.4-1139,,
4592,J1840.6-5545,bcu,
4593,J1840.8-0453e,spp,J1841.2-0459c
4594,J1840.9-0532e,PWN,J1840.9-0532e
4595,J1841.0+6115,bcu,J1840.5+6116
4596,J1841.3-4442,,
4597,J1841.3+2909,bll,J1841.2+2910
4598,J1841.6+7113,,
4599,J1841.8+3218,bll,J1841.7+3218
4600,J1842.1+2737,,J1842.2+2742
4601,J1842.2-0328,,
4602,J1842.2-0751,spp,
4603,J1842.3+6810,fsrq,J1842.8+6810
4604,J1842.4-5840,bll,J1842.3-5841
4605,J1842.4+7613,bcu,
4606,J1842.5-0359c,unk,J1843.0-0359c
4607,J1843.3-1242,,
4608,J1843.4-4835,rdg,
4609,J1843.7-0326,,J1843.7-0322
4610,J1843.7-1114,PSR,J1843.6-1114
4611,J1843.8-2011,bcu,
4612,J1844.4+1547,bll,J1844.3+1547
4613,J1844.4-0345,PSR,J1844.3-0344
4614,J1844.4-0306,unk,J1844.3-0309c
4615,J1844.7-2110,,
4616,J1844.8-0957,,
4617,J1844.8-3248,bcu,
4618,J1844.9+5709,bll,J1844.1+5709
4619,J1845.0+1613,bcu,
4620,J1845.0+0159,,
4621,J1845.8-0831,spp,J1846.0-0831
4622,J1845.8-2521,,J1845.5-2524
4623,J1846.0+0507,,
4624,J1846.3+0919,PSR,J1846.3+0919
4625,J1846.7+7238,bcu,
4626,J1846.9-0227,unk,J1846.8-0233c
4627,J1846.9-0247c,,J1847.2-0236
4628,J1847.0-0625,,
4629,J1847.2-0141,,
4630,J1847.2-0200c,,
4631,J1847.6+5219,bcu,
4632,J1847.7-0125,,
4633,J1847.7+3543,,
4634,J1847.7-3433,,
4635,J1848.1-4230,bcu,J1848.1-4230
4636,J1848.2-0016,,
4637,J1848.4+3217,FSRQ,J1848.4+3216
4638,J1848.5+6537,bll,
4639,J1848.5+3243,fsrq,J1848.6+3241
4640,J1848.6-2711,bcu,
4641,J1848.6-0202c,unk,
4642,J1848.7-6307,,
4643,J1848.7-0129,glc,J1848.6-0138
4644,J1848.9+4247,bll,J1848.9+4247
4645,J1849.0-1826,,
4646,J1849.2-1647,bcu,J1849.3-1645
4647,J1849.2+6705,FSRQ,J1849.2+6705
4648,J1849.3-6447,bcu,
4649,J1849.4+2745,bll,J1849.5+2751
4650,J1849.4-0056,snr,J1849.4-0057
4651,J1849.4-0117,,J1849.5-0124c
4652,J1849.4-4313,bll,J1849.4-4312
4653,J1849.8-0952,,
4654,J1850.1-0758,bcu,
4655,J1850.2-0201,,
4656,J1850.3-0031,spp,J1850.5-0024
4657,J1850.5+2631,bll,
4658,J1850.7-3126,,
4659,J1850.8-1105,,
4660,J1851.0-3003,,
4661,J1851.5+3406,bcu,
4662,J1851.5+0718,,
4663,J1851.8-0007c,spp,
4664,J1851.9-1522,,
4665,J1852.2-1309,psr,
4666,J1852.4+0037e,spp,J1852.7+0047c
4667,J1852.4+4856,fsrq,J1852.4+4856
4668,J1852.6+0203,,J1852.8+0158
4669,J1852.6-1159,,
4670,J1853.2-0922c,,
4671,J1853.3-0005,PSR,J1853.2+0006
4672,J1853.3-2447,,
4673,J1853.6-0620,,
4674,J1853.8+6714,bll,
4675,J1853.8-1107,,
4676,J1854.3-3640,,
4677,J1854.6-6007,bll,J1855.1-6008
4678,J1854.7+0153,,
4679,J1854.9+4054,,
4680,J1855.1-2243,glc,J1855.1-2243
4681,J1855.2+0756,,J1855.6+0753
4682,J1855.2+0456,,J1855.4+0454
4683,J1855.3-0740,,
4684,J1855.6-3603,,
4685,J1855.8+0150,,
4686,J1855.8-2028,bcu,
4687,J1855.9+0121e,SNR,J1855.9+0121e
4688,J1855.9-1435,PSR,
4689,J1856.1-1222,,J1856.1-1217
4690,J1856.2+0749,unk,J1855.6+0753
4691,J1856.5+1735,,
4692,J1856.7+0125c,,
4693,J1857.1+0056,,J1857.2+0059
4694,J1857.2+0941,psr,
4695,J1857.4+0106,,
4696,J1857.6+0143,PSR,
4697,J1857.6+0212,spp,J1857.6+0211
4698,J1857.7+0246e,PWN,
4699,J1857.8-3220,,
4700,J1857.9+0313c,bcu,
4701,J1858.0+0354,,J1857.9+0355
4702,J1858.0-1052,,
4703,J1858.1-1821,bcu,
4704,J1858.1+7318,bcu,J1857.9+7319
4705,J1858.3-2511,bcu,J1858.4-2509
4706,J1858.3-2216,PSR,J1858.2-2215
4707,J1858.3-5424,,J1858.0-5423
4708,J1858.3+0209,spp,
4709,J1858.3-1318,,
4710,J1858.3+4321,bll,
4711,J1858.5+0640,bcu,
4712,J1858.5-4446,,
4713,J1858.7+5708,fsrq,
4714,J1858.9+3636,,
4715,J1859.0+2329,bcu,
4716,J1859.2-0706,,
4717,J1859.3+0058,,J1859.6+0102
4718,J1859.8+1545,,
4719,J1900.4-4941,,
4720,J1900.4+0339,,J1900.8+0337
4721,J1900.7+0426,,J1901.1+0427
4722,J1900.8+0118,unk,
4723,J1900.9+0538,,
4724,J1901.1+0730,,J1901.1+0728
4725,J1901.2-7307,,
4726,J1901.4-0126,PSR,J1901.5-0126
4727,J1901.5-2208,,
4728,J1901.5-1112,,
4729,J1901.7-5140,bcu,
4730,J1901.8-0718,,
4731,J1902.0-5105,PSR,J1902.0-5107
4732,J1902.2+0448,,
4733,J1902.4-0629,bcu,
4734,J1902.4-3417,,
4735,J1902.5+0654,,J1902.6+0655
4736,J1902.7-3246,,
4737,J1902.8+1451,unk,
4738,J1902.9-6748,fsrq,J1902.9-6745
4739,J1903.2+5540,bll,J1903.2+5541
4740,J1903.4-7053,PSR,J1903.6-7052
4741,J1903.5-0825,,
4742,J1903.8+0531,spp,
4743,J1904.0-5925,,
4744,J1904.1+3627,bll,J1904.5+3627
4745,J1904.4-1129,psr,
4746,J1904.6-2713,,J1904.4-2725
4747,J1904.7+0615,,
4748,J1904.7-0708,,J1904.7-0708
4749,J1905.2-5120,,
4750,J1905.8+4942,,
4751,J1906.0-1718,,
4752,J1906.1+1651,,
4753,J1906.2+0631,spp,
4754,J1906.4-2001,,
4755,J1906.4-1757,,
4756,J1906.4+0723,PSR,
4757,J1906.7+5419,bcu,
4758,J1906.9+0712,,
4759,J1907.0+3556,,
4760,J1907.2+0126,bcu,
4761,J1907.6+0703,snr,
4762,J1907.7-1232,bcu,
4763,J1907.7-4037,,
4764,J1907.9+0602,PSR,J1907.9+0602
4765,J1908.6+0915e,spp,
4766,J1908.7+0812,,
4767,J1908.8-0131,,J1908.8-0130
4768,J1908.9+2103,PSR,
4769,J1909.2+4646,,
4770,J1909.5+3511,bcu,
4771,J1909.7-2140,bcu,
4772,J1910.0-2453,bcu,
4773,J1910.1-4704,,
4774,J1910.2+0904c,,
4775,J1910.7-5320,,J1911.1-5318
4776,J1910.8+6300,,
4777,J1910.8+2856,unk,J1910.8+2855
4778,J1910.8-6001,glc,J1910.7-6000
4779,J1911.0+0905,snr,J1910.9+0906
4780,J1911.1-3221,,
4781,J1911.2-2006,fsrq,J1911.2-2006
4782,J1911.3+1055,,
4783,J1911.4-1908,bll,J1911.4-1908
4784,J1911.4-4856,,
4785,J1911.5+0311,bcu,J1911.7+0307
4786,J1911.7+1014c,unk,
4787,J1911.8+1447,,
4788,J1912.0+0927,,
4789,J1912.0+1612,bcu,J1912.0+1609
4790,J1912.1-0803,bcu,J1912.0-0804
4791,J1912.2-3636,,
4792,J1912.2+3621,,
4793,J1912.4-1222,bcu,J1912.6-1223
4794,J1912.4+3738,fsrq,
4795,J1912.5+1320,,
4796,J1912.7+4610,,J1912.7+4610
4797,J1912.7+0957,,
4798,J1912.7-1250,bcu,
4799,J1913.0-8009,fsrq,J1912.9-8008
4800,J1913.2+0512,bcu,
4801,J1913.3+0905,PSR,J1913.0+0910
4802,J1913.3+1019,PSR,J1913.7+1007c
4803,J1913.4-3629,bcu,J1913.5-3631
4804,J1913.4-1526,,
4805,J1913.4-2652,,
4806,J1913.5-0923,,
4807,J1913.9+4439,bll,J1913.9+4441
4808,J1914.5+1107c,unk,
4809,J1914.6-1157,,
4810,J1914.7+1012c,,
4811,J1915.3+1149,bcu,
4812,J1916.3+1108,spp,J1915.9+1112
4813,J1916.7-1516,bcu,
4814,J1916.8-3025,,J1917.1-3024
4815,J1917.0+2245,unk,
4816,J1917.6+2609,,
4817,J1917.6-3204,,
4818,J1917.7-6442,bcu,
4819,J1917.7-1921,bll,J1917.7-1921
4820,J1917.7-6930,bcu,
4821,J1918.0+0331,unk,
4822,J1918.1+3752,bcu,J1918.0+3750
4823,J1918.1+1215c,spp,
4824,J1918.2-4111,bll,J1918.2-4110
4825,J1918.6-7813c,,J1925.8-7826
4826,J1919.1+2354,psr,
4827,J1919.2+0618,bcu,
4828,J1919.4+1313,,
4829,J1920.0-2622,,
4830,J1920.7+1334,,
4831,J1920.8+0418,unk,
4832,J1920.9+1408,unk,
4833,J1921.1+1930,PSR,J1921.6+1934
4834,J1921.3-1231,bll,J1921.2-1232
4835,J1921.4+0136,PSR,J1921.2+0136
4836,J1921.7+5817,bcu,
4837,J1921.8-1607,bll,J1921.9-1607
4838,J1922.2+2314,bcu,J1922.2+2313
4839,J1922.4+1453c,,
4840,J1922.5-7453,bcu,J1923.2-7452
4841,J1922.5-5233,,
4842,J1922.7+1428c,,
4843,J1923.2+1408e,SNR,J1923.2+1408e
4844,J1923.4-2503,bcu,
4845,J1923.5-2104,fsrq,J1923.5-2104
4846,J1924.2-1549,bcu,
4847,J1924.3-5458,bcu,
4848,J1924.3+1601c,,
4849,J1924.3+1628,,
4850,J1924.8-1035,,J1924.8-1034
4851,J1924.8-2914,fsrq,J1924.8-2914
4852,J1925.0+2815,bcu,J1924.9+2817
4853,J1925.1-3358,fsrq,
4854,J1925.1-1019,bll,J1925.1-1018
4855,J1925.1+1707,unk,
4856,J1925.2+1729,PSR,J1925.4+1727
4857,J1925.3+1522c,,
4858,J1925.3+3705,unk,
4859,J1925.4+1616,,
4860,J1925.7+1227,bcu,J1925.7+1228
4861,J1925.8-2220,bll,
4862,J1926.1+2059,bll,
4863,J1926.4+1602,,J1926.1+1601c
4864,J1926.7+3027,spp,
4865,J1926.8+6154,bll,J1926.8+6154
4866,J1927.4+0253,,
4867,J1927.5+0154,unk,
4868,J1927.5+6117,bll,J1927.7+6118
4869,J1928.4+1801c,unk,
4870,J1928.8+3126,spp,
4871,J1929.0+1729,,
4872,J1929.4+6146,bll,
4873,J1929.8+1832,unk,
4874,J1930.3+0911,bcu,
4875,J1931.0+1754c,,
4876,J1931.1+0937,bll,J1931.1+0937
4877,J1931.1+1656,,J1931.1+1659
4878,J1931.3-1556,bcu,
4879,J1932.2+2221,PSR,
4880,J1932.3+1916,PSR,J1932.2+1916
4881,J1933.2-4539,fsrq,J1932.6-4537
4882,J1933.3+0726,bll,J1933.4+0727
4883,J1933.4-2711,,
4884,J1933.9-1025,bcu,
4885,J1934.2-1446,,
4886,J1934.2+6002,bcu,J1934.2+6002
4887,J1934.2+1036,,
4888,J1934.3-2419,bcu,
4889,J1934.3+1859,spp,
4890,J1934.3+6541,fsrq,
4891,J1934.5+6139,fsrq,
4892,J1935.0-0553,,
4893,J1935.2+2029,PSR,J1934.9+2031c
4894,J1936.6+1921,,
4895,J1936.9-4720,bll,J1936.9-4719
4896,J1937.0+3003,spp,
4897,J1937.0+8354,bcu,J1935.5+8355
4898,J1937.1-0444,,
4899,J1937.2-3958,fsrq,J1937.0-3956
4900,J1937.2-4217,bcu,J1936.6-4215
4901,J1939.5-1525,fsrq,
4902,J1939.6+2135,PSR,
4903,J1939.7-1242,,
4904,J1939.8-4928,bcu,J1939.6-4925
4905,J1940.2-2511,,
4906,J1941.3-6210,bll,J1941.2-6210
4907,J1941.7+7218,bcu,J1941.8+7218
4908,J1942.1+4011,bcu,
4909,J1942.5-5827,bcu,
4910,J1942.7+1033,bll,J1942.7+1033
4911,J1942.8-3512,bll,J1943.2-3510
4912,J1943.9+2841,,
4913,J1944.0+2117,bcu,
4914,J1944.2+3921,bcu,J1944.1+3919
4915,J1944.4-4523,bcu,J1944.1-4523
4916,J1944.8+4301,,J1944.8+4300
4917,J1944.9-2143,bcu,
4918,J1945.1-4007,bcu,
4919,J1945.5-0153,bcu,
4920,J1946.0-3112,bll,J1945.9-3115
4921,J1946.0+0937,bcu,
4922,J1946.1+2436c,unk,
4923,J1946.5-1527,,
4924,J1946.5-5402,PSR,J1946.4-5403
4925,J1947.0+0031,,
4926,J1947.1+1729,,
4927,J1947.6-1121,,J1947.4-1121
4928,J1947.7+2744,pwn,
4929,J1948.0-2845,,
4930,J1948.1+2511,,
4931,J1948.3+1207,bcu,
4932,J1948.9+3414,,
4933,J1949.0+1314,bcu,J1949.0+1312
4934,J1949.2-1453,,J1949.5-1454
4935,J1949.4+1247,bcu,
4936,J1949.5+7311,bcu,
4937,J1949.5+0906,bll,J1949.9+0907
4938,J1950.6+2416,psr,
4939,J1950.6+3456,bcu,
4940,J1950.8+1211,bcu,J1950.2+1215
4941,J1951.0+2523,,
4942,J1951.3-8015c,,
4943,J1951.6+2621,,
4944,J1951.8-0511,fsrq,
4945,J1952.8+2924,spp,J1951.6+2926
4946,J1952.9+3252,PSR,J1952.9+3253
4947,J1953.0+7651,bcu,J1953.4+7653
4948,J1953.0-7025,bcu,
4949,J1953.5+3841,,J1953.3+3847
4950,J1953.6+1846,glc,
4951,J1954.3+2836,PSR,J1954.2+2836
4952,J1954.4-3729,,
4953,J1954.5+2420,,
4954,J1954.6-1122,bll,J1954.8-1122
4955,J1954.8+2543c,,
4956,J1954.9-5640,bll,J1954.9-5640
4957,J1955.1-1604,bll,J1955.0-1605
4958,J1955.1+3321,spp,
4959,J1955.2+1358,fsrq,J1955.1+1357
4960,J1955.3-5032,,
4961,J1955.4+5132,fsrq,
4962,J1955.7+0214,bll,J1955.9+0212
4963,J1955.8-1657,,
4964,J1955.8+1154,,
4965,J1956.1+0234,bcu,J1955.9+0212
4966,J1956.6-7011,,
4967,J1957.1-3231,fsrq,J1957.0-3234
4968,J1957.6+1230,,
4969,J1957.6+5033,PSR,J1957.7+5034
4970,J1958.0-3845,fsrq,J1958.0-3847
4971,J1958.1+2438,bcu,J1958.1+2436
4972,J1958.1-0711,bcu,J1957.9-0712
4973,J1958.3-3010,bll,J1958.2-3011
4974,J1958.5+3512,hmb,
4975,J1958.7+2846,PSR,J1958.6+2845
4976,J1959.0+3844,bcu,J1958.6+3844
4977,J1959.1-4247,fsrq,J1959.1-4245
4978,J1959.3-6121,,
4979,J1959.5+2048,PSR,J1959.5+2047
4980,J1959.7-4725,bll,J1959.8-4725
4981,J1959.9-4605,,
4982,J1959.9+1833,,
4983,J2000.0+4214,bcu,J2000.1+4212
4984,J2000.0+6508,bll,J2000.0+6509
4985,J2000.3-2930,fsrq,J2000.4-2926
4986,J2000.6-1328,fsrq,
4987,J2000.9-1748,fsrq,J2001.0-1750
4988,J2001.2+4353,bll,J2001.1+4352
4989,J2001.5-0818,bcu,
4990,J2001.5+1611,,
4991,J2001.5-0958,,
4992,J2001.7+7040,bll,J2001.8+7041
4993,J2001.9-5737,bcu,
4994,J2002.3+3246,spp,
4995,J2002.4-7119,bcu,
4996,J2002.6+6302,bll,J2002.7+6303
4997,J2004.1+2517,unk,
4998,J2004.3+3339,unk,J2004.4+3338
4999,J2005.1+7003,bll,J2004.8+7003
5000,J2005.2-1822,fsrq,
5001,J2005.5+7752,bll,J2005.2+7752
5002,J2005.8+6424,fsrq,
5003,J2005.8+3357,,
5004,J2005.9-2309,fsrq,J2006.0-2311
5005,J2006.0-6538,,
5006,J2006.2+3102,PSR,
5007,J2006.4-0354,,
5008,J2006.4+1834,,
5009,J2006.4+0147,PSR,J2006.6+0150
5010,J2007.0+0707,,
5011,J2007.2-1433,bcu,
5012,J2007.2-3157,,
5013,J2007.2+6607,fsrq,J2007.3+6605
5014,J2007.3-7728,bcu,J2007.7-7728
5015,J2007.9-4432,nlsy1,J2007.8-4429
5016,J2007.9+2511,,
5017,J2008.4+1619,,
5018,J2009.4-4849,BLL,J2009.3-4849
5019,J2009.5+2425,,
5020,J2009.9-2116,,J2010.0-2120
5021,J2009.9+3544,bcu,
5022,J2010.0+0726,fsrq,
5023,J2010.0+7229,bll,J2010.3+7228
5024,J2011.6-1546,fsrq,
5025,J2012.0+4629,bll,J2012.0+4629
5026,J2012.1-5234,,
5027,J2012.2-1646,bll,J2012.1-1643
5028,J2013.0-3717,bcu,
5029,J2013.5+3613,spp,J2014.4+3606
5030,J2013.9-8717,,
5031,J2014.3-0047,bll,J2014.3-0047
5032,J2014.5+0648,bll,J2014.5+0648
5033,J2014.9+1225,,
5034,J2015.0+1621,bcu,J2014.9+1623
5035,J2015.2-0137,bll,J2015.2-0138
5036,J2015.3-1432,bll,J2015.3-1431
5037,J2015.3+0758,,
5038,J2015.4+6556,fsrq,
5039,J2015.5+3710,FSRQ,J2015.6+3709
5040,J2016.2+3712,snr,
5041,J2016.3+4953,unk,
5042,J2016.3-2331,bcu,
5043,J2016.3-0903,bll,J2016.4-0905
5044,J2017.3+3525,,
5045,J2017.4+0602,PSR,J2017.3+0602
5046,J2017.5-4113,bcu,J2017.6-4110
5047,J2017.5-3753,bll,
5048,J2017.7-1612,PSR,J2017.6-1616
5049,J2017.9-0114,,
5050,J2017.9+3625,PSR,J2017.9+3627
5051,J2018.0+7903,,
5052,J2018.5+3852,bcu,J2018.5+3851
5053,J2019.6+0616,,
5054,J2021.0+4031e,SNR,J2021.0+4031e
5055,J2021.1+3651,PSR,J2021.1+3651
5056,J2021.5+4026,PSR,J2021.5+4026
5057,J2021.9+3609,,
5058,J2021.9+0629,bll,J2021.9+0630
5059,J2022.0-7224,bcu,J2022.2-7220
5060,J2022.3+3840,PSR,J2022.2+3840
5061,J2022.3-4513,bll,J2022.2-4515
5062,J2022.5+7612,bll,J2022.5+7612
5063,J2023.2+3153,bcu,J2023.2+3154
5064,J2023.3-1947,,
5065,J2023.4+4127,bcu,J2023.5+4126
5066,J2023.6-1139,fsrq,J2023.6-1139
5067,J2023.6-0123,bcu,
5068,J2023.8-4828,bll,
5069,J2024.0+3202,unk,
5070,J2024.2+3616,,
5071,J2024.4-0847,bll,J2024.4-0848
5072,J2024.6-3252,fsrq,J2024.4-3254
5073,J2024.7-2328,bcu,J2024.8-2331
5074,J2024.8-6459,bcu,
5075,J2025.2+0317,fsrq,
5076,J2025.3-2231,bcu,
5077,J2025.3+3341,bll,J2025.2+3340
5078,J2025.6-0735,fsrq,J2025.6-0736
5079,J2026.0+4718,,J2026.4+4709
5080,J2026.0-2845,fsrq,J2025.9-2852
5081,J2026.1+7645,bcu,J2026.3+7644
5082,J2026.3+1431,,J2026.3+1430
5083,J2026.5+3718c,unk,
5084,J2026.6+3449,bcu,
5085,J2027.0+2811,,J2026.8+2813
5086,J2027.0+3343,unk,
5087,J2028.3+3331,PSR,J2028.3+3332
5088,J2028.6+4110e,SFR,J2028.6+4110e
5089,J2029.1-1839,bcu,J2029.0-1840
5090,J2029.1-3050,,
5091,J2029.4+1013,,J2028.7+1012
5092,J2029.5+4925,bll,J2029.4+4923
5093,J2029.5-4237,,J2029.5-4232
5094,J2030.0+3641,PSR,J2030.0+3642
5095,J2030.2-0620,fsrq,J2030.2-0622
5096,J2030.3-5038,,
5097,J2030.4-0502,fsrq,
5098,J2030.5-1439,fsrq,J2030.5-1439
5099,J2030.5+2235,,
5100,J2030.8-6959,bcu,
5101,J2030.9+4416,PSR,J2030.8+4416
5102,J2030.9-1621,bcu,
5103,J2030.9+1935,bll,J2031.0+1937
5104,J2031.1-2615,bcu,
5105,J2031.2-4121,bcu,
5106,J2031.8+1619,bcu,
5107,J2032.0+1219,bll,J2031.8+1223
5108,J2032.2+4127,PSR,J2032.2+4126
5109,J2032.6+4053,HMB,J2032.1+4049
5110,J2032.9-0005,,
5111,J2033.7+6308,bcu,J2033.6+6309
5112,J2034.6+1154,fsrq,J2034.3+1155
5113,J2034.8-4200,bll,J2034.6-4202
5114,J2034.9-0450,bcu,
5115,J2035.0+3632,psr,J2035.0+3634
5116,J2035.3+0557,,
5117,J2035.3+0354,,
5118,J2035.4+1056,fsrq,J2035.3+1055
5119,J2035.9+4901,bcu,J2035.8+4902
5120,J2036.2-0207,,
5121,J2036.3+5642c,,
5122,J2036.4+6553,bll,J2036.4+6551
5123,J2036.9-3329,bll,J2036.6-3325
5124,J2037.0-2826,,J2036.8-2830
5125,J2037.9-0504,bcu,
5126,J2038.4+4212,,J2038.4+4212
5127,J2038.7+5117,fsrq,J2038.8+5113
5128,J2039.0-1046,bll,J2039.0-1047
5129,J2039.3+2150,bcu,
5130,J2039.4-3616,PSR,J2038.8-3613
5131,J2039.5+5218,bll,J2039.5+5217
5132,J2039.5-5617,PSR,J2039.6-5618
5133,J2040.0-5737,bcu,J2040.0-5734
5134,J2040.1-3137,,
5135,J2040.1-4621,bcu,
5136,J2040.2-7115,bll,J2040.2-7115
5137,J2040.2-2506,fsrq,
5138,J2040.4+0312,,
5139,J2040.5-1705,bcu,
5140,J2041.1-6138,,
5141,J2041.1+4736,,J2041.1+4736
5142,J2041.5+5554,unk,
5143,J2041.8-7319,bll,J2041.9-7318
5144,J2041.9-3735,bll,J2041.7-3732
5145,J2042.1+2427,bll,J2042.1+2428
5146,J2042.1-5320,,
5147,J2042.2+0245,PSR,J2042.1+0247
5148,J2042.6+1629,bcu,
5149,J2042.7-5415,bcu,J2042.3-5416
5150,J2042.7-0155,bcu,
5151,J2042.7+1519,,
5152,J2043.1+4256c,unk,J2042.0+4252c
5153,J2043.3+1711,PSR,J2043.2+1711
5154,J2043.3-1520,,
5155,J2043.7+2741,PSR,J2043.8+2741
5156,J2043.7+0000,bll,J2043.6+0001
5157,J2043.9+2051,,
5158,J2043.9-4802,,J2043.8-4801
5159,J2044.0+1036,bcu,J2044.0+1035
5160,J2045.0+4202,,
5161,J2045.1-2346,bcu,
5162,J2045.2+5026e,SNR,J2045.2+5026e
5163,J2045.6+2455,,
5164,J2045.9-6835,psr,J2045.6-6838
5165,J2046.1-1626,,
5166,J2046.6-1012,bll,J2046.7-1011
5167,J2046.8-4258,bll,J2046.7-4259
5168,J2046.9-5409,,
5169,J2047.1-7400,fsrq,
5170,J2047.3+1051,PSR,J2047.1+1054
5171,J2047.5+4356,,
5172,J2047.9-3122,bcu,J2047.9-3119
5173,J2048.4-2517,,
5174,J2048.6-6804,bll,J2049.0-6801
5175,J2049.0+1647,bcu,
5176,J2049.7-0036,bll,
5177,J2049.9+1002,bll,J2049.7+1002
5178,J2049.9-2453,bcu,
5179,J2050.0+4114c,,
5180,J2050.0+0408,bll,J2050.2+0409
5181,J2050.4-3015,,
5182,J2050.4-2627,fsrq,
5183,J2051.0+3049e,SNR,J2051.0+3040e
5184,J2051.0-0826,PSR,J2051.3-0828
5185,J2052.1+5539,,
5186,J2052.2+1635,,
5187,J2052.2-5533,bcu,J2051.8-5535
5188,J2052.3+4437,,
5189,J2052.5+0810,bll,
5190,J2052.7+1218,PSR,J2052.7+1217
5191,J2052.8+5739,,
5192,J2053.8+2922,bll,J2053.9+2922
5193,J2054.0+7024,bcu,
5194,J2054.1-4054,,J2053.4-4052
5195,J2054.2+6904,,J2054.3+6907
5196,J2054.5+4731,bcu,
5197,J2054.8+0015,bll,J2055.0+0016
5198,J2055.0-5218,,
5199,J2055.4-0020,bll,J2055.2-0019
5200,J2055.4-0504,bll,
5201,J2055.8+1545,bcu,
5202,J2055.8+2540,PSR,J2055.8+2539
5203,J2056.2-4714,fsrq,J2056.2-4714
5204,J2056.4+4351c,unk,J2058.0+4347
5205,J2056.4+3142,,
5206,J2056.4-4904,bcu,J2054.8-4908
5207,J2056.4-5922,,J2056.3-5925
5208,J2056.5-0202,bcu,
5209,J2056.7-3209,bll,
5210,J2056.7+4939,bcu,J2056.7+4938
5211,J2057.4-0723,bcu,
5212,J2058.0+3338,,
5213,J2058.5-1833,,
5214,J2058.7+4454,spp,
5215,J2058.8-1442,bcu,
5216,J2059.7+4837,unk,
5217,J2100.0+2103,bcu,
5218,J2100.0+1445,,
5219,J2100.0-4356,,
5220,J2101.3+0912,bcu,
5221,J2101.4-2935,fsrq,
5222,J2101.8+5044c,,
5223,J2102.3+4702,bcu,J2103.4+4706
5224,J2103.0+0342,bcu,
5225,J2103.2-2114,bcu,
5226,J2103.4-7816,bcu,
5227,J2103.7-1112,bcu,J2103.7-1113
5228,J2103.8-6233,bll,J2103.9-6233
5229,J2104.0+4623,,
5230,J2104.0-3546,bcu,J2103.9-3546
5231,J2104.3-0212,bll,J2104.2-0211
5232,J2104.4+2116,,J2104.7+2113
5233,J2104.7+0108,bcu,
5234,J2105.2-5143,bcu,
5235,J2105.9+7508,,
5236,J2106.9+2455,bcu,J2106.1+2505
5237,J2107.5-1507,,
5238,J2107.6-4148,bcu,
5239,J2107.7+3529,,J2110.3+3540
5240,J2107.9+6006,bcu,
5241,J2108.0+3655,bll,J2108.0+3654
5242,J2108.0+5155,,J2108.1+5202
5243,J2108.2-2454,bcu,
5244,J2108.3-4824,bcu,J2107.7-4822
5245,J2108.5+1434,fsrq,
5246,J2108.7-0250,bll,J2108.6-0250
5247,J2108.9-6638,bll,J2109.1-6638
5248,J2109.5+5238c,,
5249,J2109.6+0440,bll,J2110.0+0442
5250,J2109.6+3954,,
5251,J2109.8-8618,bcu,J2108.6-8619
5252,J2110.2-1021c,fsrq,J2110.3-1013
5253,J2110.3+0808,fsrq,J2110.0+0812
5254,J2110.3+0404,bcu,J2110.6+0403
5255,J2110.7+5129,,
5256,J2111.4+4606,PSR,J2111.4+4605
5257,J2112.5-3043,,J2112.5-3044
5258,J2112.7+0819,bll,J2112.7+0819
5259,J2114.3+5023,,
5260,J2114.7+3130,bcu,J2114.7+3130
5261,J2114.8+2831,fsrq,
5262,J2114.8+2026,agn,
5263,J2114.9-3326,,
5264,J2115.1+5449,PSR,J2114.9+5448
5265,J2115.2+1218,bll,J2115.2+1215
5266,J2115.4+2932,fsrq,J2115.4+2933
5267,J2115.6-4938,bcu,
5268,J2115.8+6753,bcu,
5269,J2115.9-0113,bll,
5270,J2116.2+3701,,
5271,J2116.2+3339,bll,J2116.1+3339
5272,J2116.3+1015,bcu,
5273,J2117.0+1344,,J2116.9+1343
5274,J2117.1-5307,,
5275,J2117.4+6159c,bcu,
5276,J2117.8-1521,bcu,
5277,J2117.8-3243,bll,J2118.0-3241
5278,J2117.9+3729,,J2117.6+3725
5279,J2118.0+0019,fsrq,J2118.4+0013
5280,J2118.2+5752,bcu,J2118.3+5751
5281,J2118.3+4055,,
5282,J2118.8-0723c,nlsy1,
5283,J2119.0-3317,bcu,J2119.2-3313
5284,J2119.4+4652c,bcu,
5285,J2119.6-1105,fsrq,
5286,J2120.0+5257,,
5287,J2120.5-0138,,
5288,J2120.6-1254,bcu,J2120.4-1256
5289,J2120.6-6114,fsrq,
5290,J2120.7+4428,bcu,
5291,J2121.0+1901,fsrq,J2121.0+1901
5292,J2121.8-3412,,
5293,J2122.3+7653,,
5294,J2123.5-8315,,
5295,J2123.6+0535,fsrq,J2123.6+0533
5296,J2123.8-3148,bcu,
5297,J2123.9+5158,spp,
5298,J2124.7-3358,PSR,J2124.7-3358
5299,J2124.9-2433,,
5300,J2125.6+0458,,
5301,J2126.1-3922,bll,J2126.5-3926
5302,J2126.3-4605,FSRQ,J2126.5-4605
5303,J2126.5+1842,bcu,
5304,J2127.6-5959,bcu,J2127.5-6001
5305,J2127.7+3612,bll,J2127.7+3612
5306,J2129.1-0240,,
5307,J2129.8-0428,PSR,J2129.6-0427
5308,J2129.9+1208,glc,
5309,J2129.9+5833e,,J2125.8+5832
5310,J2130.2-7320,bll,
5311,J2130.4-4241,bcu,J2130.4-4237
5312,J2130.8-6623,bcu,J2131.1-6625
5313,J2130.8+2649,,
5314,J2131.0-2746,bll,J2130.8-2745
5315,J2131.4-1124,,
5316,J2131.5-0916,bll,J2131.5-0915
5317,J2131.6-3714,,
5318,J2131.7-2515,bll,J2131.8-2516
5319,J2132.0-5418,bcu,J2132.4-5420
5320,J2133.0+2610,bcu,J2131.5+2605
5321,J2133.1+2529c,bll,J2133.3+2533
5322,J2133.1-6432,,J2133.0-6433
5323,J2133.6+1439,bcu,
5324,J2133.9+6646,bll,J2133.8+6648
5325,J2134.2-0154,bll,J2134.1-0152
5326,J2134.3-6511,bcu,J2134.5-6513
5327,J2134.5-2130,bll,J2134.5-2131
5328,J2135.3-5006,fsrq,J2135.3-5008
5329,J2136.2+0032,fsrq,
5330,J2136.2-0642,bcu,
5331,J2136.5+4259,bcu,
5332,J2137.4-3209,bcu,
5333,J2138.3+3556,bcu,
5334,J2138.8-2055,bll,J2139.1-2054
5335,J2138.9-0408,,
5336,J2139.2-2214,bcu,
5337,J2139.4-4235,bll,J2139.4-4235
5338,J2139.9+3910,bcu,J2139.5+3919
5339,J2140.0+4716,PSR,J2140.0+4715
5340,J2140.5-6731,bcu,J2140.8-6743
5341,J2141.4+2947,bll,
5342,J2141.4+0733,,
5343,J2141.7-6410,bcu,J2141.6-6412
5344,J2141.8-3727,fsrq,J2141.7-3734
5345,J2142.1+4501,bcu,
5346,J2142.4+3659,bcu,
5347,J2142.5-2029,,J2142.6-2029
5348,J2142.5-2552,bcu,J2142.2-2546
5349,J2142.7-0437,fsrq,
5350,J2142.8+1958,bcu,J2142.7+1957
5351,J2143.0-5501,bcu,
5352,J2143.1-3929,bll,J2143.1-3928
5353,J2143.4+6608c,,
5354,J2143.5+1743,fsrq,J2143.5+1744
5355,J2143.9+3337,bcu,
5356,J2144.2+3132,bll,J2144.2+3132
5357,J2144.2+7709c,,
5358,J2144.3-7802,fsrq,
5359,J2144.8-1817,bcu,
5360,J2144.8-1600,,
5361,J2145.0-3356,fsrq,J2144.9-3356
5362,J2145.5+1006,bll,J2145.5+1007
5363,J2145.7+0718,bll,J2145.7+0717
5364,J2146.4-1528,fsrq,J2146.7-1527
5365,J2146.5-1344,bll,J2146.6-1344
5366,J2146.8+0425,bcu,
5367,J2146.8+4808,,
5368,J2147.1+0931,FSRQ,J2147.2+0929
5369,J2147.3-7536,FSRQ,J2147.3-7536
5370,J2147.4-3854,,
5371,J2147.4-3713,,
5372,J2148.0-0733,bll,
5373,J2148.6+0652,fsrq,J2148.2+0659
5374,J2148.9-0121,bcu,
5375,J2149.1+6104,bcu,
5376,J2149.6+0323,bll,J2149.7+0323
5377,J2149.7+1917,bcu,J2149.6+1915
5378,J2150.1-1410,bll,J2150.2-1411
5379,J2150.7-1750,bll,J2150.5-1754
5380,J2150.7-2810,fsrq,
5381,J2150.8+1118,bll,
5382,J2151.2-4034,,
5383,J2151.4+4156,bll,J2151.6+4154
5384,J2151.7-2749,fsrq,J2151.6-2744
5385,J2151.8-3027,fsrq,J2151.8-3025
5386,J2152.0+4718c,,
5387,J2152.0-1205,bll,
5388,J2152.5-0607,,
5389,J2152.5+1737,bll,J2152.4+1735
5390,J2153.1-0041,bll,J2152.9-0045
5391,J2153.8-1137,fsrq,J2154.0-1137
5392,J2155.3+6602,bcu,
5393,J2156.0+1818,bll,J2156.0+1818
5394,J2156.0-6942,rdg,
5395,J2156.3-0036,fsrq,
5396,J2156.9-0854,bll,J2156.9-0855
5397,J2157.5+3127,fsrq,J2157.5+3126
5398,J2157.8+7142c,,
5399,J2158.1-1501,fsrq,J2158.0-1501
5400,J2158.8-3013,bll,J2158.8-3013
5401,J2159.1-2840,bll,J2159.2-2841
5402,J2159.6-4620,,
5403,J2159.8-4751,bcu,
5404,J2200.1+2138,bll,J2200.2+2139
5405,J2200.3+1029,bll,J2159.8+1025
5406,J2200.7-2414,bcu,J2200.9-2412
5407,J2201.0-5907,bcu,
5408,J2201.0-6928,,J2200.0-6930
5409,J2201.5-8339,fsrq,J2202.4-8339
5410,J2201.5+2950,bcu,
5411,J2201.8+5048,fsrq,J2201.7+5047
5412,J2201.9-1706,bll,
5413,J2202.7+4216,BLL,J2202.7+4217
5414,J2202.7-5637,bll,
5415,J2203.3-5009,,J2204.3-5017
5416,J2203.4+1725,fsrq,J2203.4+1725
5417,J2203.6+6751,bcu,
5418,J2204.3+0438,bll,J2204.4+0439
5419,J2204.5+3634,bll,
5420,J2205.0+0943,,
5421,J2205.0+7432,bcu,
5422,J2205.5+6016,PSR,
5423,J2205.8-8254c,,
5424,J2206.8-0032,bll,J2206.9-0031
5425,J2207.0+3607,bcu,
5426,J2207.1+4316,bcu,
5427,J2207.1+2222,,
5428,J2207.5-5346,fsrq,J2207.8-5345
5429,J2207.6+0053,bcu,
5430,J2208.1+4058,PSR,
5431,J2208.1-4507,bcu,
5432,J2208.2+0350,bll,
5433,J2208.4+6443e,,J2206.5+6451
5434,J2209.2+3710,,J2209.0+3652
5435,J2209.4+4329,bcu,
5436,J2209.7-0451,bll,J2209.8-0450
5437,J2209.8-5028,bcu,
5438,J2210.2+5919,,J2210.1+5925
5439,J2210.2+1624,,
5440,J2210.8+3203,bcu,
5441,J2211.0-0003,bll,
5442,J2211.2-1325,bcu,
5443,J2211.4-7040,bll,J2212.3-7039
5444,J2211.9-2924,,
5445,J2212.0+2356,fsrq,J2212.0+2355
5446,J2212.2-7251,bcu,
5447,J2212.4+0708,,J2212.5+0703
5448,J2212.6+2800,bll,J2212.6+2801
5449,J2212.8+0647,fsrq,J2212.9+0654
5450,J2212.9-2526,fsrq,J2213.1-2532
5451,J2213.5-4754,bll,J2213.6-4755
5452,J2213.9+5948c,bcu,J2214.5+5949
5453,J2214.6+3000,PSR,J2214.6+3000
5454,J2215.4+0544,bcu,
5455,J2215.4+6105,bcu,
5456,J2215.6+5135,PSR,J2215.6+5134
5457,J2216.8+3103,fsrq,
5458,J2216.9+2421,bll,J2217.0+2421
5459,J2217.5+6346,unk,J2217.2+6346
5460,J2218.5+6822,,
5461,J2218.6+1941,bcu,
5462,J2218.8+4736,,
5463,J2219.2+1806,fsrq,J2219.2+1806
5464,J2219.2-0342,fsrq,
5465,J2219.4+3229,,
5466,J2219.5+4653,unk,
5467,J2219.7-6837,,J2220.6-6833
5468,J2220.5+2813,bll,J2220.3+2812
5469,J2220.8+6319,,J2221.7+6318
5470,J2221.5-5225,bll,J2221.6-5225
5471,J2221.9-3504,fsrq,J2222.3-3500
5472,J2222.1-3907,,
5473,J2222.8+1209,bcu,
5474,J2222.9+1507,,
5475,J2223.0+2704,,
5476,J2223.0+6746,bcu,
5477,J2223.3+0102,bll,J2223.3+0103
5478,J2223.4+5814,bcu,
5479,J2224.0-1127,bll,J2224.6-1122
5480,J2224.3+7737,bcu,
5481,J2224.5+0353,bcu,J2224.4+0351
5482,J2225.5-1114,bll,J2224.6-1122
5483,J2225.6+2120,fsrq,
5484,J2225.7-0457,fsrq,J2225.8-0454
5485,J2225.8-0804,,
5486,J2226.5+6901c,bcu,
5487,J2226.6+0210,bcu,
5488,J2226.8+0051,fsrq,
5489,J2227.1+6455,,
5490,J2227.9-3031,rdg,J2227.7-3036
5491,J2227.9+0036,bll,J2227.8+0040
5492,J2228.0-4155,bcu,
5493,J2228.5+2211,bcu,
5494,J2228.6-1636,bll,J2228.5-1636
5495,J2229.0+6114,PSR,J2229.0+6114
5496,J2229.1+2254,bll,J2229.1+2255
5497,J2229.2-6911,bcu,
5498,J2229.2+6421c,,
5499,J2229.7-0832,FSRQ,J2229.7-0833
5500,J2230.9-7815,bcu,J2230.5-7817
5501,J2231.0-4416,fsrq,J2230.6-4419
5502,J2232.3+6246,bcu,
5503,J2232.6+1143,FSRQ,J2232.5+1143
5504,J2232.6-2023,bll,J2232.9-2021
5505,J2232.8+1334,bll,
5506,J2233.3+6530c,,
5507,J2233.9-1229,bcu,J2233.5-1235
5508,J2234.1-2656,bll,J2234.1-2655
5509,J2234.2-4156,,
5510,J2234.7+0943,PSR,J2234.8+0945
5511,J2234.8-2610,,
5512,J2235.1-0623,bcu,
5513,J2235.3+1818,bll,
5514,J2235.3-4836,fsrq,J2235.3-4835
5515,J2235.8-3627,bll,J2236.0-3629
5516,J2236.2-1706,bll,J2236.0-1706
5517,J2236.3+2828,fsrq,J2236.3+2829
5518,J2236.4-2309,bcu,J2235.6-2319
5519,J2236.5-1433,BLL,J2236.5-1432
5520,J2236.6+3706,bll,
5521,J2236.9+1839,,
5522,J2237.0-3921,fsrq,J2237.1-3921
5523,J2237.2-6726,,
5524,J2237.6-5126,,
5525,J2238.5+5903,PSR,J2238.4+5903
5526,J2239.2-5657,fsrq,
5527,J2239.4+5130,bcu,
5528,J2240.3-5241,,
5529,J2240.3-1246,bcu,
5530,J2240.6+5833,PSR,J2240.9+5831
5531,J2240.7-4746,bcu,
5532,J2241.1-4122,bcu,
5533,J2241.2+4303,,
5534,J2241.2+4120,bll,J2240.9+4121
5535,J2241.3+2943,bcu,
5536,J2241.4-8327,,J2237.5-8326
5537,J2241.7-5236,PSR,J2241.6-5237
5538,J2241.9+5729,unk,
5539,J2243.4-2544,bll,J2243.4-2541
5540,J2243.5-3931,bcu,J2243.2-3933
5541,J2243.7-1231,bll,J2243.6-1230
5542,J2243.8-2510,bcu,
5543,J2243.9+2021,bll,J2243.9+2021
5544,J2244.2+4057,fsrq,J2244.1+4057
5545,J2244.6+2502,bll,J2244.6+2503
5546,J2244.9-0007,bll,
5547,J2245.5-1734,bcu,
5548,J2245.8-4148,,
5549,J2245.9+1544,bll,J2246.3+1549
5550,J2246.7-5207,bcu,J2246.7-5205
5551,J2247.4-0001,bll,J2247.2-0004
5552,J2247.5-3700,fsrq,
5553,J2247.7-5857,,
5554,J2247.8+4413,bll,J2247.8+4413
5555,J2248.7-3235,fsrq,J2248.6-3235
5556,J2248.9+2106,fsrq,
5557,J2249.4+6222,,
5558,J2249.4-1300,bll,
5559,J2249.7-5944,bcu,J2249.3-5943
5560,J2249.9+0452,bcu,
5561,J2250.0-1250,bcu,
5562,J2250.0+3825,bll,J2250.1+3825
5563,J2250.4-4206,bll,J2250.3-4206
5564,J2250.4+1748,bll,J2250.3+1747
5565,J2250.5+3305,,J2250.6+3308
5566,J2250.6+5809,,
5567,J2250.7-2806,bll,J2250.7-2806
5568,J2251.2+5550,bcu,
5569,J2251.5-4928,bll,J2251.5-4928
5570,J2251.7-3208,bcu,
5571,J2252.0+4031,bll,J2251.9+4031
5572,J2252.6+1245,bll,
5573,J2253.2-1232,bcu,J2253.1-1237
5574,J2253.3+3233,bcu,
5575,J2253.7+1405,bll,J2254.0+1403
5576,J2253.9+1609,FSRQ,J2254.0+1608
5577,J2254.2+4305,bcu,J2254.6+4253
5578,J2254.8-2725,bll,
5579,J2254.9+5802,unk,
5580,J2255.2+2411,bll,J2255.1+2411
5581,J2255.4-3252,,
5582,J2256.0-2740,fsrq,
5583,J2256.4-7119,bcu,
5584,J2256.5+6212c,,J2257.5+6222c
5585,J2256.6-2011,bll,J2256.7-2011
5586,J2256.7+1307,bll,
5587,J2256.8-1024,PSR,J2256.7-1022
5588,J2257.5+0748,bll,
5589,J2258.1-2759,fsrq,J2258.0-2759
5590,J2258.3-3643,bll,J2258.2-3645
5591,J2258.4-5524,bll,J2258.3-5526
5592,J2258.5-8247,bcu,J2258.1-8248
5593,J2258.6+5847c,sfr,
5594,J2259.7-3549,fsrq,J2300.1-3547
5595,J2259.8-1552,bcu,J2259.9-1553
5596,J2300.1+4053,bll,J2300.0+4053
5597,J2300.3+3136,bll,J2300.3+3136
5598,J2300.7-2645,fsrq,
5599,J2300.8-0736,bcu,
5600,J2300.9+7108,bcu,
5601,J2301.0-0158,fsrq,
5602,J2301.9+5855e,SNR,J2301.2+5853
5603,J2302.7+4443,PSR,J2302.7+4443
5604,J2302.8-1841,rdg,
5605,J2303.9+5554,,J2303.7+5555
5606,J2304.0+5406e,,J2309.0+5428
5607,J2304.3+0618,bcu,
5608,J2304.6+3704,bll,J2304.6+3704
5609,J2306.6+0940,,
5610,J2306.6-1105,bll,
5611,J2307.4-1206,bll,J2307.4-1208
5612,J2307.6+1451,bll,J2307.7+1449
5613,J2308.9+1111,bcu,
5614,J2309.7-3632,bcu,J2309.6-3633
5615,J2310.0-0555,PSR,J2310.1-0557
5616,J2311.0+0205,bll,J2311.0+0204
5617,J2311.0+3425,FSRQ,J2311.0+3425
5618,J2311.6-4427,,
5619,J2311.7+2604,bcu,
5620,J2311.8+4541,fsrq,
5621,J2312.4+8253,,
5622,J2312.5+7241,bcu,
5623,J2313.4-6922,bcu,J2312.9-6923
5624,J2313.4+5947,,
5625,J2313.5+3945,bcu,J2313.1+3935
5626,J2313.9-4501,bcu,
5627,J2314.0+1445,bll,J2314.0+1443
5628,J2315.6-5018,bll,J2315.7-5018
5629,J2315.9+5955c,unk,
5630,J2316.7-3144,,
5631,J2316.8-2518,,
5632,J2316.9-5210,bll,J2316.8-5209
5633,J2317.0+3756,bcu,
5634,J2317.3+1433,PSR,
5635,J2317.4-4533,bll,J2317.3-4534
5636,J2317.7+2839,,
5637,J2317.8+6140c,,
5638,J2318.2+1915,bcu,J2318.6+1912
5639,J2318.6-3827,,J2318.6-3829
5640,J2318.9+4151,,
5641,J2319.1-4207,bll,J2319.2-4207
5642,J2319.6-0456,bcu,
5643,J2319.7+1609,bll,
5644,J2320.1-2440,,
5645,J2320.2+0707,,
5646,J2320.8-0823,fsrq,
5647,J2321.0-6308,bll,
5648,J2321.4+5111,bcu,J2321.3+5113
5649,J2321.5-1619,bll,J2321.6-1619
5650,J2321.7-6438,bll,J2321.2-6439
5651,J2321.9+3204,fsrq,J2321.9+3204
5652,J2321.9+2734,fsrq,J2321.9+2732
5653,J2321.9-4842,,
5654,J2322.1+4440,fsrq,J2321.6+4438
5655,J2322.6-0735,bcu,
5656,J2322.7+3436,bll,J2322.5+3436
5657,J2322.8-4916,bll,J2322.9-4917
5658,J2323.1+2040,,
5659,J2323.4+5849,snr,J2323.4+5849
5660,J2323.5-0317,fsrq,J2323.5-0315
5661,J2323.6-0617,fsrq,
5662,J2323.8+4210,bll,J2323.9+4211
5663,J2323.9+2519,,J2323.7+2523
5664,J2323.9+6219,,
5665,J2324.6+3115,,
5666,J2324.7-4041,bll,J2324.7-4040
5667,J2324.7+0801,bll,J2324.7+0801
5668,J2325.2-2010,bcu,
5669,J2325.2+3957,bll,J2325.2+3957
5670,J2325.4-4800,bll,J2325.4-4758
5671,J2325.4-3559,fsrq,J2325.3-3557
5672,J2325.6+1644,bll,J2325.6+1650
5673,J2325.7+1821,bcu,
5674,J2325.9+6206c,bcu,
5675,J2326.2+0113,bcu,
5676,J2326.5+8555c,,
5677,J2326.5+6122,spp,
5678,J2326.9-0201,rdg,
5679,J2326.9-4130,,J2327.2-4130
5680,J2327.3+4717,bcu,
5681,J2327.4+0444,bcu,
5682,J2327.5-3259,bcu,
5683,J2327.5+0939,fsrq,J2327.7+0941
5684,J2328.0-2557,,
5685,J2328.2-4422,,
5686,J2328.3-4036,fsrq,J2328.4-4034
5687,J2329.0+0832,fsrq,
5688,J2329.2+3755,bll,J2329.2+3754
5689,J2329.3-4955,FSRQ,J2329.3-4955
5690,J2329.3-4733,fsrq,J2329.9-4734
5691,J2329.7+6101,bcu,J2329.8+6102
5692,J2329.7-2118,rdg,
5693,J2330.2+7759,bcu,
5694,J2330.3-2332,bcu,
5695,J2330.3-2948,bll,
5696,J2330.5+1102,fsrq,J2330.5+1104
5697,J2330.5-2445,,
5698,J2330.6-3726,bll,J2330.4-3726
5699,J2331.0-2147,fsrq,J2330.8-2144
5700,J2331.1-1653,bcu,
5701,J2331.3-1558,fsrq,J2331.8-1607
5702,J2331.5-0258,bcu,
5703,J2331.6+4430,,
5704,J2332.1-4118,fsrq,
5705,J2333.1-5527,bin,J2333.0-5525
5706,J2333.4-0133,fsrq,
5707,J2334.2+0736,fsrq,J2334.1+0732
5708,J2334.8+1432,bll,J2334.8+1432
5709,J2334.9-2346,agn,J2335.6-2342
5710,J2335.4-0128,fsrq,J2335.1-0133
5711,J2336.2-0715,,
5712,J2336.5-7622,bll,J2336.5-7620
5713,J2336.6+2356,bcu,J2336.5+2356
5714,J2336.6-4115,fsrq,J2336.5-4116
5715,J2336.9-8427,,J2337.2-8425
5716,J2336.9-5859,bcu,
5717,J2337.7-2903,,
5718,J2338.0-0230,fsrq,J2338.1-0229
5719,J2338.1+0325,agn,
5720,J2338.1+0411,,
5721,J2338.9+2124,bll,J2339.0+2122
5722,J2339.2-7403,bll,J2338.7-7401
5723,J2339.3-2656,bcu,
5724,J2339.4+3008,,
5725,J2339.6+0242,bcu,J2338.7+0251
5726,J2339.6-0533,PSR,J2339.6-0533
5727,J2340.5+3854,bcu,J2340.7+3847
5728,J2340.8+8015,bll,J2340.7+8016
5729,J2341.8-2917,rdg,
5730,J2342.4-4739,,
5731,J2343.0-4756,,J2343.0-4748
5732,J2343.6+3438,bll,J2343.7+3437
5733,J2343.7-5624,bcu,
5734,J2343.9+0546,bcu,J2344.4+0549
5735,J2345.2-1555,FSRQ,J2345.2-1554
5736,J2346.2-4322,,
5737,J2346.7+0705,bll,J2346.7+0705
5738,J2346.7+8008,bll,
5739,J2347.0-5720,,
5740,J2347.0+5141,bll,J2347.0+5142
5741,J2347.9+5436,bcu,J2347.9+5436
5742,J2347.9-5106,,J2348.4-5100
5743,J2348.0-1630,fsrq,J2348.0-1630
5744,J2348.1-4934,bcu,
5745,J2348.3-6049,bcu,
5746,J2349.2+4535,bcu,
5747,J2349.4+0534,fsrq,
5748,J2350.5-3930,,
5749,J2350.6-3005,bll,J2350.4-3004
5750,J2350.9-1416,bcu,
5751,J2351.3-7559,bll,J2351.9-7601
5752,J2351.4-2818,,
5753,J2352.0+1750,bll,J2352.0+1752
5754,J2352.9+3031,bcu,
5755,J2353.1-4806,bcu,J2353.3-4805
5756,J2353.2+3135,,
5757,J2353.5+6646,bcu,J2353.3+6639
5758,J2353.5-1457,bll,
5759,J2353.7-3037,bll,J2353.6-3037
5760,J2353.8-3911,bcu,J2353.7-3911
5761,J2354.1+2720,bll,J2354.0+2722
5762,J2354.1-0958,fsrq,
5763,J2354.6+4554,fsrq,J2354.1+4605
5764,J2354.9+8151,fsrq,J2355.5+8154
5765,J2355.2-5247,,J2354.8-5245
5766,J2355.5-6614,,J2354.4-6612
5767,J2355.7-3351,bcu,
5768,J2356.2+4036,bll,J2356.0+4037
5769,J2357.0-4840,bcu,
5770,J2357.4-0152,bll,J2357.3-0150
5771,J2357.4-1718,bll,J2357.4-1716
5772,J2357.8-5311,fsrq,J2357.8-5310
5773,J2357.8+6231,spp,
5774,J2357.8+6839,,
5775,J2358.0-4601,bcu,J2358.0-4552
5776,J2358.1-2853,bcu,J2358.3-2853
5777,J2358.3-1021,fsrq,J2358.2-1022
5778,J2358.3+3830,bll,J2358.5+3827
5779,J2358.5-1808,bll,J2358.6-1809
5780,J2359.0+3922,fsrq,J2358.9+3926
5781,J2359.0-3038,bll,J2359.3-3038
5782,J2359.1+1719,bcu,
5783,J2359.2-3134,fsrq,
5784,J2359.3+0215,bcu,
5785,J2359.3-2049,bll,J2359.5-2052
5786,J2359.3+1444,,
5787,J2359.9-3736,bcu,J0000.2-3738
