,3FGL,4FGLDR1,4FGLDR2,4FGLDR3,4FGLDR4,status
3,J0001.2-0748,J0001.2-0747,J0001.2-0747,J0001.2-0747,J0001.2-0747,2
4,J0001.4+2120,J0001.5+2113,J0001.5+2113,J0001.5+2113,J0001.5+2113,2
7,J0002.2-4152,J0001.6-4156,J0001.6-4156,J0001.6-4156,J0001.6-4156,2
9,J0003.2-5246,J0003.1-5248,J0003.1-5248,J0003.1-5248,J0003.1-5248,2
12,J0003.8-1151,J0003.9-1149,J0003.9-1149,J0003.9-1149,J0003.9-1149,3
15,J0004.7-4740,J0004.4-4737,J0004.4-4737,J0004.4-4737,J0004.4-4737,2
17,J0006.4+3825,J0005.9+3824,J0005.9+3824,J0005.9+3824,J0005.9+3824,2
19,J0007.0+7302,J0007.0+7303,J0007.0+7303,J0007.0+7303,J0007.0+7303,2
22,J0008.0+4713,J0008.0+4711,J0008.0+4711,J0008.0+4711,J0008.0+4711,2
25,J0008.6-2340,J0008.4-2339,J0008.4-2339,J0008.4-2339,J0008.4-2339,2
27,J0009.1+0630,J0009.1+0628,J0009.1+0628,J0009.1+0628,J0009.1+0628,2
28,J0009.3+5030,J0009.3+5030,J0009.3+5030,J0009.3+5030,J0009.3+5030,2
29,J0009.6-3211,J0009.7-3217,J0009.7-3217,J0009.7-3217,J0009.7-3217,3
31,J0012.4+7040,J0012.0+7043,J0012.0+7043,J0012.0+7043,J0012.0+7043,2
32,J0013.2-3954,J0013.1-3955,J0013.1-3955,J0013.1-3955,J0013.1-3955,2
33,J0013.9-1853,J0013.9-1854,J0013.9-1854,J0013.9-1854,J0013.9-1854,2
34,J0014.0-5025,J0014.1-5022,J0014.1-5022,J0014.1-5022,J0014.1-5022,2
36,J0014.6+6119,J0014.8+6118,J0014.8+6118,J0014.8+6118,J0014.8+6118,2
37,J0014.7+5802,J0014.7+5801,J0014.7+5801,J0014.7+5801,J0014.7+5801,2
38,J0015.7+5552,J0015.6+5551,J0015.6+5551,J0015.6+5551,J0015.6+5551,3
39,J0016.3-0013,J0016.2-0016,J0016.2-0016,J0016.2-0016,J0016.2-0016,2
42,J0017.2-0643,J0017.0-0649,J0017.0-0649,J0017.0-0649,J0017.0-0649,2
43,J0017.6-0512,J0017.5-0514,J0017.5-0514,J0017.5-0514,J0017.5-0514,2
44,J0018.4+2947,J0018.4+2946,J0018.4+2946,J0018.4+2946,J0018.4+2946,2
45,J0018.9-8152,J0019.3-8152,J0019.3-8152,J0019.3-8152,J0019.3-8152,2
46,J0019.1-5645,J0019.2-5640,J0019.2-5640,J0019.2-5640,J0019.2-5640,2
47,J0019.4+2021,J0019.6+2022,J0019.6+2022,J0019.6+2022,J0019.6+2022,2
49,J0021.6-6835,J0023.7-6820,J0023.7-6820,J0023.7-6820,J0023.7-6820,3
50,J0021.6-2553,J0021.5-2552,J0021.5-2552,J0021.5-2552,J0021.5-2552,2
51,J0022.1-1855,J0022.1-1854,J0022.1-1854,J0022.1-1854,J0022.1-1854,2
52,J0022.1-5141,J0021.9-5140,J0021.9-5140,J0021.9-5140,J0021.9-5140,2
53,J0022.5+0608,J0022.5+0608,J0022.5+0608,J0022.5+0608,J0022.5+0608,2
55,J0023.4+0923,J0023.4+0920,J0023.4+0920,J0023.4+0920,J0023.4+0920,3
56,J0023.5+4454,J0023.7+4457,J0023.7+4457,J0023.7+4457,J0023.7+4457,2
57,J0023.9-7203,J0024.0-7204,J0024.0-7204,J0024.0-7204,J0024.0-7204,2
58,J0024.4+0350,J0024.7+0349,J0024.7+0349,J0024.7+0349,J0024.7+0349,2
59,J0025.7+6404,J0025.3+6408,J0025.3+6408,J0025.3+6408,J0025.3+6408,2
61,J0026.7-4603,J0026.6-4600,J0026.6-4600,J0026.6-4600,J0026.6-4600,2
62,J0028.6+7507,J0028.1+7505,J0028.1+7505,J0028.1+7505,J0028.1+7505,2
63,J0028.8+1951,J0028.4+2001,J0028.4+2001,J0028.5+2001,J0028.5+2001,3
64,J0029.1-7045,J0029.0-7044,J0029.0-7044,J0029.0-7044,J0029.0-7044,2
65,J0030.2-1646,J0030.2-1647,J0030.2-1647,J0030.2-1647,J0030.2-1647,3
66,J0030.3-4223,J0030.3-4224,J0030.3-4224,J0030.3-4224,J0030.3-4224,2
67,J0030.4+0451,J0030.4+0451,J0030.4+0451,J0030.4+0451,J0030.4+0451,3
68,J0030.7-0209,J0030.6-0212,J0030.6-0212,J0030.6-0212,J0030.6-0212,3
70,J0031.3+0724,J0031.3+0726,J0031.3+0726,J0031.3+0726,J0031.3+0726,3
72,J0032.3-2852,J0032.4-2849,J0032.4-2849,J0032.4-2849,J0032.4-2849,2
75,J0033.6-1921,J0033.5-1921,J0033.5-1921,J0033.5-1921,J0033.5-1921,2
76,J0034.3-0534,J0034.3-0534,J0034.3-0534,J0034.3-0534,J0034.3-0534,3
77,J0035.2+1513,J0035.2+1514,J0035.2+1514,J0035.2+1514,J0035.2+1514,2
78,J0035.9+5949,J0035.9+5950,J0035.9+5950,J0035.9+5950,J0035.9+5950,2
79,J0037.9+1239,J0037.8+1239,J0037.8+1239,J0037.8+1239,J0037.8+1239,2
80,J0038.0-2501,J0038.2-2459,J0038.2-2459,J0038.2-2459,J0038.2-2459,2
81,J0038.0+0012,J0038.1+0012,J0038.1+0012,J0038.1+0012,J0038.1+0012,2
82,J0039.0-2218,J0039.1-2219,J0039.1-2219,J0039.1-2219,J0039.1-2219,3
83,J0039.1-0939,J0039.0-0946,J0039.0-0946,J0039.0-0946,J0039.0-0946,2
84,J0039.1+4330,J0039.1+4330,J0039.1+4330,J0039.1+4330,J0039.1+4330,2
86,J0040.3+4049,J0040.3+4050,J0040.3+4050,J0040.3+4050,J0040.3+4050,3
87,J0040.5-2339,J0040.4-2340,J0040.4-2340,J0040.4-2340,J0040.4-2340,3
88,J0041.9+3639,J0042.0+3640,J0042.0+3640,J0042.0+3640,J0042.0+3640,2
89,J0042.0+2318,J0042.2+2319,J0042.2+2319,J0042.2+2319,J0042.2+2319,2
90,J0042.5+4117,J0043.2+4114,J0043.2+4114,J0043.2+4114,J0043.2+4114,2
91,J0043.5-0444,J0043.5-0442,J0043.5-0442,J0043.5-0442,J0043.5-0442,3
92,J0043.7-1117,J0043.7-1116,J0043.7-1116,J0043.7-1116,J0043.7-1116,3
93,J0043.8+3425,J0043.8+3425,J0043.8+3425,J0043.8+3425,J0043.8+3425,2
94,J0045.2-3704,J0045.1-3706,J0045.1-3706,J0045.1-3706,J0045.1-3706,3
95,J0045.3+2126,J0045.3+2128,J0045.3+2128,J0045.3+2128,J0045.3+2128,2
96,J0045.7+1217,J0045.7+1217,J0045.7+1217,J0045.7+1217,J0045.7+1217,2
97,J0046.7-8419,J0044.2-8424,J0044.2-8424,J0044.2-8424,J0044.2-8424,2
98,J0047.0+5658,J0047.0+5657,J0047.0+5657,J0047.0+5657,J0047.0+5657,2
99,J0047.5-2516,J0047.5-2517,J0047.5-2517,J0047.5-2517,J0047.5-2517,2
100,J0047.9+5447,J0047.9+5448,J0047.9+5448,J0047.9+5448,J0047.9+5448,2
101,J0048.0+3950,J0047.9+3947,J0047.9+3947,J0047.9+3947,J0047.9+3947,2
102,J0048.0+2236,J0047.9+2233,J0047.9+2233,J0047.9+2233,J0047.9+2233,2
105,J0049.4-5401,J0049.4-5402,J0049.4-5402,J0049.4-5402,J0049.4-5402,3
106,J0049.4-4149,J0049.5-4150,J0049.5-4150,J0049.5-4150,J0049.5-4150,2
107,J0049.7+0237,J0049.7+0237,J0049.7+0237,J0049.7+0237,J0049.7+0237,2
108,J0049.8-5737,J0050.0-5736,J0050.0-5736,J0050.0-5736,J0050.0-5736,2
109,J0050.0-4458,J0049.6-4500,J0049.6-4500,J0049.6-4500,J0049.6-4500,3
110,J0050.4-0449,J0050.4-0452,J0050.4-0452,J0050.4-0452,J0050.4-0452,2
111,J0050.6-0929,J0050.7-0929,J0050.7-0929,J0050.7-0929,J0050.7-0929,2
112,J0051.0-0649,J0051.1-0648,J0051.1-0648,J0051.1-0648,J0051.1-0648,2
113,J0051.2-6241,J0051.2-6242,J0051.2-6242,J0051.2-6242,J0051.2-6242,3
115,J0054.8-2455,J0054.7-2455,J0054.7-2455,J0054.7-2455,J0054.7-2455,2
116,J0055.2-1213,J0055.1-1219,J0055.1-1219,J0055.1-1219,J0055.1-1219,2
117,J0056.3-2116,J0056.4-2118,J0056.4-2118,J0056.4-2118,J0056.4-2118,2
118,J0056.3-0935,J0056.3-0935,J0056.3-0935,J0056.3-0935,J0056.3-0935,2
119,J0057.9-0542,J0058.0-0539,J0058.0-0539,J0058.0-0539,J0058.0-0539,2
120,J0058.0-3233,J0058.0-3233,J0058.0-3233,J0058.0-3233,J0058.0-3233,2
121,J0058.3+3315,J0058.4+3315,J0058.4+3315,J0058.4+3315,J0058.4+3315,2
124,J0059.2-0152,J0059.3-0152,J0059.3-0152,J0059.3-0152,J0059.3-0152,2
125,J0059.6+0003,J0059.2+0006,J0059.2+0006,J0059.2+0006,J0059.2+0006,2
126,J0100.2+0745,J0100.3+0745,J0100.3+0745,J0100.3+0745,J0100.3+0745,2
127,J0101.0-6422,J0101.1-6422,J0101.1-6422,J0101.1-6422,J0101.1-6422,3
130,J0102.3+4217,J0102.4+4214,J0102.4+4214,J0102.4+4214,J0102.4+4214,2
131,J0102.8+4840,J0102.8+4839,J0102.8+4839,J0102.8+4839,J0102.8+4839,3
132,J0102.8+5825,J0102.8+5824,J0102.8+5824,J0102.8+5824,J0102.8+5824,2
133,J0103.4+5336,J0103.5+5337,J0103.5+5337,J0103.5+5337,J0103.5+5337,2
134,J0103.7+1323,J0103.8+1321,J0103.8+1321,J0103.8+1321,J0103.8+1321,3
135,J0105.1-2415,J0104.8-2416,J0104.8-2416,J0104.8-2416,J0104.8-2416,2
136,J0105.3+3928,J0105.1+3929,J0105.1+3929,J0105.1+3929,J0105.1+3929,2
137,J0106.5+4855,J0106.4+4855,J0106.4+4855,J0106.4+4855,J0106.4+4855,2
138,J0107.0-1208,J0107.3-1210,J0107.3-1210,J0107.3-1210,J0107.3-1210,3
139,J0108.5-0035,J0108.1-0039,J0108.1-0039,J0108.1-0039,J0108.1-0039,2
140,J0108.7+0134,J0108.6+0134,J0108.6+0134,J0108.6+0134,J0108.6+0134,2
141,J0109.1+1816,J0109.1+1815,J0109.1+1815,J0109.1+1815,J0109.1+1815,2
142,J0109.8+6132,J0109.7+6133,J0109.7+6133,J0109.7+6133,J0109.7+6133,2
143,J0109.9-4020,J0110.0-4019,J0110.0-4019,J0110.0-4019,J0110.0-4019,2
144,J0110.2+6806,J0110.1+6805,J0110.1+6805,J0110.1+6805,J0110.1+6805,2
145,J0110.9-1254,J0110.7-1254,J0110.7-1254,J0110.7-1254,J0110.7-1254,2
146,J0111.5+0535,J0111.4+0534,J0111.4+0534,J0111.4+0534,J0111.4+0534,2
147,J0112.1+2245,J0112.1+2245,J0112.1+2245,J0112.1+2245,J0112.1+2245,2
148,J0112.8+3207,J0112.8+3208,J0112.8+3208,J0112.8+3208,J0112.8+3208,2
150,J0113.0-3554,J0113.1-3553,J0113.1-3553,J0113.1-3553,J0113.1-3553,2
151,J0113.4+4948,J0113.4+4948,J0113.4+4948,J0113.4+4948,J0113.4+4948,2
153,J0114.8+1326,J0114.8+1326,J0114.8+1326,J0114.8+1326,J0114.8+1326,2
154,J0115.7+0356,J0115.6+0356,J0115.6+0356,J0115.6+0356,J0115.6+0356,2
155,J0115.8+2519,J0115.8+2519,J0115.8+2519,J0115.8+2519,J0115.8+2519,2
156,J0116.0-1134,J0116.0-1136,J0116.0-1136,J0116.0-1136,J0116.0-1136,2
157,J0116.2-2744,J0116.0-2745,J0116.0-2745,J0116.0-2745,J0116.0-2745,3
158,J0116.3-6153,J0116.2-6153,J0116.2-6153,J0116.2-6153,J0116.2-6153,2
160,J0117.8-2113,J0117.8-2109,J0117.8-2109,J0117.8-2109,J0117.8-2109,2
161,J0118.8-2142,J0118.9-2141,J0118.9-2141,J0118.9-2141,J0118.9-2141,2
162,J0118.9-1457,J0119.0-1458,J0119.0-1458,J0119.0-1458,J0119.0-1458,2
163,J0120.4-2700,J0120.4-2701,J0120.4-2701,J0120.4-2701,J0120.4-2701,2
164,J0121.7+5154,J0121.7+5153,J0121.7+5153,J0121.7+5153,J0121.7+5153,2
167,J0123.7-2312,J0123.7-2311,J0123.7-2311,J0123.7-2311,J0123.7-2311,2
168,J0125.2-0627,J0124.8-0625,J0124.8-0625,J0124.8-0625,J0124.8-0625,2
169,J0125.4-2548,J0125.3-2548,J0125.3-2548,J0125.3-2548,J0125.3-2548,2
170,J0126.1-2227,J0126.0-2221,J0126.0-2221,J0126.0-2221,J0126.0-2221,2
171,J0127.1-0818,J0127.2-0819,J0127.2-0819,J0127.2-0819,J0127.2-0819,2
172,J0127.2+0325,J0127.2+0324,J0127.2+0324,J0127.2+0324,J0127.2+0324,3
178,J0128.5+4430,J0128.5+4440,J0128.5+4440,J0128.5+4440,J0128.5+4440,2
179,J0130.8+1441,J0129.8+1440,J0129.8+1440,J0129.8+1440,J0129.8+1440,2
180,J0131.2+6120,J0131.1+6120,J0131.1+6120,J0131.1+6120,J0131.1+6120,2
181,J0131.3+5548,J0131.2+5547,J0131.2+5547,J0131.2+5547,J0131.2+5547,2
183,J0132.5-0802,J0132.7-0804,J0132.7-0804,J0132.7-0804,J0132.7-0804,3
184,J0132.6-1655,J0132.7-1654,J0132.7-1654,J0132.7-1654,J0132.7-1654,2
185,J0133.0-4413,J0132.8-4413,J0132.8-4413,J0132.8-4413,J0132.8-4413,2
187,J0133.2-5159,J0133.1-5201,J0133.1-5201,J0133.1-5201,J0133.1-5201,3
189,J0133.3+4324,J0132.8+4324,J0132.8+4324,J0132.8+4324,J0132.8+4324,2
190,J0134.3-3842,J0134.3-3842,J0134.3-3842,J0134.3-3842,J0134.3-3842,2
191,J0134.5+2638,J0134.5+2637,J0134.5+2637,J0134.5+2637,J0134.5+2637,3
193,J0136.5+3905,J0136.5+3906,J0136.5+3906,J0136.5+3906,J0136.5+3906,2
194,J0137.0+4752,J0137.0+4751,J0137.0+4751,J0137.0+4751,J0137.0+4751,2
195,J0137.6-2430,J0137.6-2430,J0137.6-2430,J0137.6-2430,J0137.6-2430,2
196,J0137.8+5813,J0137.9+5814,J0137.9+5814,J0137.9+5814,J0137.9+5814,3
198,J0139.9+8735,J0140.6+8736,J0140.6+8736,J0140.6+8736,J0140.6+8736,2
199,J0141.4-0929,J0141.4-0928,J0141.4-0928,J0141.4-0928,J0141.4-0928,2
200,J0143.7-5845,J0143.7-5846,J0143.7-5846,J0143.7-5846,J0143.7-5846,2
201,J0144.6+2705,J0144.6+2705,J0144.6+2705,J0144.6+2705,J0144.6+2705,2
202,J0145.1-2732,J0145.0-2732,J0145.0-2732,J0145.0-2732,J0145.0-2732,2
203,J0145.6+8600,J0151.3+8601,J0151.3+8601,J0151.3+8601,J0151.3+8601,3
204,J0146.4-6746,J0146.0-6746,J0146.0-6746,J0146.0-6746,J0146.0-6746,3
205,J0147.0-5204,J0146.9-5202,J0146.9-5202,J0146.9-5202,J0146.9-5202,3
206,J0148.3+5200,J0148.2+5201,J0148.2+5201,J0148.2+5201,J0148.2+5201,3
207,J0148.6+0128,J0148.6+0127,J0148.6+0127,J0148.6+0127,J0148.6+0127,2
209,J0150.5-5447,J0150.6-5448,J0150.6-5448,J0150.6-5448,J0150.6-5448,2
210,J0151.0-3609,J0151.4-3607,J0151.4-3607,J0151.4-3607,J0151.4-3607,2
211,J0151.0+0537,J0151.0+0539,J0151.0+0539,J0151.0+0539,J0151.0+0539,2
212,J0151.6+2205,J0152.2+2206,J0152.2+2206,J0152.2+2206,J0152.2+2206,2
213,J0152.2+3707,J0152.2+3714,J0152.2+3714,J0152.2+3714,J0152.2+3714,2
214,J0152.6+0148,J0152.6+0147,J0152.6+0147,J0152.6+0147,J0152.6+0147,2
215,J0152.8+7517,J0153.0+7517,J0153.0+7517,J0153.0+7517,J0153.0+7517,2
216,J0153.4+7114,J0153.4+7114,J0153.4+7114,J0153.4+7114,J0153.4+7114,3
217,J0154.0+0824,J0153.9+0823,J0153.9+0823,J0153.9+0823,J0153.9+0823,2
219,J0154.9+4433,J0155.0+4433,J0155.0+4433,J0155.0+4433,J0155.0+4433,2
220,J0156.3+3913,J0156.5+3914,J0156.5+3914,J0156.5+3914,J0156.5+3914,3
222,J0156.9-4742,J0156.8-4744,J0156.8-4744,J0156.8-4744,J0156.8-4744,3
223,J0157.0-5301,J0156.9-5301,J0156.9-5301,J0156.9-5301,J0156.9-5301,2
224,J0157.9-4615,J0157.7-4614,J0157.7-4614,J0157.7-4614,J0157.7-4614,2
225,J0158.6-3931,J0158.5-3932,J0158.5-3932,J0158.5-3932,J0158.5-3932,2
227,J0159.4+1046,J0159.5+1046,J0159.5+1046,J0159.5+1046,J0159.5+1046,2
228,J0159.8-2741,J0159.7-2740,J0159.7-2740,J0159.7-2740,J0159.7-2740,2
230,J0200.9-6635,J0200.6-6637,J0200.6-6637,J0200.6-6637,J0200.6-6637,3
231,J0202.3+0851,J0202.4+0849,J0202.4+0849,J0202.4+0849,J0202.4+0849,3
232,J0202.5+4206,J0202.7+4204,J0202.7+4204,J0202.7+4204,J0202.7+4204,2
233,J0203.1-0227,J0202.9-0225,J0202.9-0225,J0202.9-0225,J0202.9-0225,2
235,J0203.6+3043,J0203.7+3042,J0203.7+3042,J0203.7+3042,J0203.7+3042,2
236,J0204.0+7234,J0203.6+7233,J0203.6+7233,J0203.6+7233,J0203.6+7233,2
237,J0204.2+2420,J0204.3+2417,J0204.3+2417,J0204.3+2417,J0204.3+2417,3
238,J0204.8+3212,J0205.2+3212,J0205.2+3212,J0205.2+3212,J0205.2+3212,2
239,J0205.0+1510,J0204.8+1513,J0204.8+1513,J0204.8+1513,J0204.8+1513,2
240,J0205.2-1700,J0205.0-1700,J0205.0-1700,J0205.0-1700,J0205.0-1700,2
241,J0205.5+6448,J0205.7+6449,J0205.7+6449,J0205.7+6449,J0205.6+6449e,3
242,J0205.5+6448,J0205.7+6449,J0205.7+6449,J0205.7+6449,J0205.7+6449,2
243,J0206.4-1150,J0206.4-1151,J0206.4-1151,J0206.4-1151,J0206.4-1151,2
244,J0207.9-3846,J0207.4-3855,J0207.4-3855,J0207.4-3855,J0207.4-3855,3
245,J0208.0-6838,J0208.3-6838,J0208.3-6838,J0208.3-6838,J0208.3-6838,2
246,J0208.6+3522,J0208.6+3523,J0208.6+3523,J0208.6+3523,J0208.6+3523,2
247,J0209.4-5229,J0209.3-5228,J0209.3-5228,J0209.3-5228,J0209.3-5228,2
248,J0209.5+4449,J0209.3+4449,J0209.3+4449,J0209.3+4449,J0209.3+4449,2
249,J0210.7-5101,J0210.7-5101,J0210.7-5101,J0210.7-5101,J0210.7-5101,3
251,J0211.2+1051,J0211.2+1051,J0211.2+1051,J0211.2+1051,J0211.2+1051,2
252,J0211.2-0649,J0211.1-0646,J0211.1-0646,J0211.1-0646,J0211.1-0646,3
255,J0212.8-3504,J0212.4-3502,J0212.4-3502,J0212.4-3502,J0212.4-3502,2
256,J0213.0+2245,J0212.9+2244,J0212.9+2244,J0212.9+2244,J0212.9+2244,2
257,J0213.1-2720,J0212.8-2721,J0212.8-2721,J0212.8-2721,J0212.8-2721,2
258,J0214.4+5143,J0214.3+5145,J0214.3+5145,J0214.3+5145,J0214.3+5145,2
259,J0214.7-5823,J0214.4-5822,J0214.4-5822,J0214.4-5822,J0214.4-5822,2
263,J0216.6-1019,J0216.6-1015,J0216.6-1015,J0216.6-1015,J0216.6-1015,2
264,J0217.0-6635,J0216.8-6635,J0216.8-6635,J0216.8-6635,J0216.8-6635,2
265,J0217.1-0833,J0217.0-0821,J0217.0-0821,J0217.0-0821,J0217.0-0821,2
266,J0217.2+0837,J0217.2+0837,J0217.2+0837,J0217.2+0837,J0217.2+0837,2
268,J0217.5+7349,J0217.4+7352,J0217.4+7352,J0217.4+7352,J0217.4+7352,2
269,J0217.8+0143,J0217.8+0144,J0217.8+0144,J0217.8+0144,J0217.8+0144,2
270,J0218.1+4233,J0218.1+4232,J0218.1+4232,J0218.1+4232,J0218.1+4232,3
271,J0218.9+3642,J0218.9+3643,J0218.9+3643,J0218.9+3643,J0218.9+3643,2
272,J0219.0+2440,J0219.0+2443,J0219.0+2443,J0219.0+2443,J0219.0+2443,3
274,J0221.1+3556,J0221.1+3556,J0221.1+3556,J0221.1+3556,J0221.1+3556,2
278,J0222.1-1616,J0222.0-1616,J0222.0-1616,J0222.0-1616,J0222.0-1616,2
279,J0222.6+4301,J0222.6+4302,J0222.6+4302,J0222.6+4302,J0222.6+4302,2
280,J0222.9-1117,J0223.1-1117,J0223.1-1117,J0223.1-1117,J0223.1-1117,2
281,J0223.3+6820,J0223.0+6821,J0223.0+6821,J0223.0+6821,J0223.0+6821,3
286,J0224.1-7941,J0224.0-7941,J0224.0-7941,J0224.0-7941,J0224.0-7941,3
289,J0225.2-2602,J0225.1-2604,J0225.1-2604,J0225.1-2604,J0225.1-2604,2
291,J0226.3+0941,J0226.5+0938,J0226.5+0938,J0226.5+0938,J0226.5+0938,2
292,J0226.5-4442,J0226.5-4441,J0226.5-4441,J0226.5-4441,J0226.5-4441,3
294,J0227.2+0201,J0227.3+0201,J0227.3+0201,J0227.3+0201,J0227.3+0201,2
295,J0228.0+2248,J0227.8+2246,J0227.8+2246,J0227.8+2246,J0227.8+2246,2
296,J0228.3-5545,J0228.3-5547,J0228.3-5547,J0228.3-5547,J0228.3-5547,2
299,J0228.7-3106,J0228.2-3102,J0228.2-3102,J0228.2-3102,J0228.2-3102,2
300,J0229.3-3643,J0229.5-3644,J0229.5-3644,J0229.5-3644,J0229.5-3644,2
301,J0230.6-5757,J0231.2-5754,J0231.2-5754,J0231.2-5754,J0231.2-5754,2
302,J0230.8+4032,J0230.8+4032,J0230.8+4032,J0230.8+4032,J0230.8+4032,2
305,J0232.8+2016,J0232.8+2018,J0232.8+2018,J0232.8+2018,J0232.8+2018,2
306,J0232.9+2606,J0232.9+2608,J0232.9+2608,J0232.9+2608,J0232.9+2608,3
310,J0236.7-6136,J0236.8-6136,J0236.8-6136,J0236.8-6136,J0236.8-6136,2
311,J0237.5-3603,J0237.6-3602,J0237.6-3602,J0237.6-3602,J0237.6-3602,2
312,J0237.9+2848,J0237.8+2848,J0237.8+2848,J0237.8+2848,J0237.8+2848,2
314,J0238.3-3904,J0238.1-3905,J0238.1-3905,J0238.1-3905,J0238.1-3905,2
315,J0238.4-3117,J0238.4-3116,J0238.4-3116,J0238.4-3116,J0238.4-3116,2
316,J0238.6+1636,J0238.6+1637,J0238.6+1637,J0238.6+1637,J0238.6+1637,2
320,J0240.5+6113,J0240.5+6113,J0240.5+6113,J0240.5+6113,J0240.5+6113,2
321,J0241.3+6542,J0241.3+6543,J0241.3+6543,J0241.3+6543,J0241.3+6543,3
323,J0242.3+1059,J0242.3+1102,J0242.3+1102,J0242.3+1102,J0242.3+1102,2
324,J0242.7-0001,J0242.6-0000,J0242.6-0000,J0242.6-0000,J0242.6-0000,2
325,J0243.5+7119,J0243.4+7119,J0243.4+7119,J0243.4+7119,J0243.4+7119,2
326,J0244.4-8224,J0250.2-8224,J0250.2-8224,J0250.2-8224,J0250.2-8224,2
328,J0244.8-5818,J0244.6-5819,J0244.6-5819,J0244.6-5819,J0244.6-5819,2
329,J0245.4+2410,J0245.4+2408,J0245.4+2408,J0245.4+2408,J0245.4+2408,2
330,J0245.9-4651,J0245.9-4650,J0245.9-4650,J0245.9-4650,J0245.9-4650,2
332,J0248.5+4232,J0248.6+4230,J0248.6+4230,J0248.6+4230,J0248.6+4230,3
333,J0248.5+6022,J0248.4+6021,J0248.4+6021,J0248.4+6021,J0248.4+6021,2
334,J0249.1+8438,J0250.6+8435,J0250.6+8435,J0250.6+8435,J0250.6+8435,2
335,J0250.6+1713,J0250.6+1712,J0250.6+1712,J0250.6+1712,J0250.6+1712,3
336,J0250.6+5630,J0250.7+5630,J0250.7+5630,J0250.7+5630,J0250.7+5630,2
337,J0251.1+2603,J0251.0+2605,J0251.0+2605,J0251.0+2605,J0251.0+2605,3
339,J0251.5-5959,J0251.5-5958,J0251.5-5958,J0251.5-5958,J0251.5-5958,2
340,J0252.3+3830,J0252.9+3834,J0252.9+3834,J0252.9+3834,J0252.9+3834,2
341,J0252.8-2218,J0252.8-2219,J0252.8-2219,J0252.8-2219,J0252.8-2219,2
342,J0253.0-0125,J0253.2-0124,J0253.2-0124,J0253.2-0124,J0253.2-0124,2
343,J0253.1-5438,J0253.2-5441,J0253.2-5441,J0253.2-5441,J0253.2-5441,2
344,J0253.5+3216,J0253.5+3216,J0253.5+3216,J0253.5+3216,J0253.5+3216,3
345,J0253.8+5104,J0253.9+5103,J0253.9+5103,J0253.9+5103,J0253.9+5103,2
347,J0255.8+0532,J0255.8+0534,J0255.8+0534,J0255.8+0534,J0255.8+0534,3
348,J0256.3+0335,J0256.3+0334,J0256.3+0334,J0256.3+0334,J0256.3+0334,3
349,J0257.8-1216,J0257.9-1215,J0257.9-1215,J0257.9-1215,J0257.9-1215,2
350,J0258.0+2030,J0258.1+2030,J0258.1+2030,J0258.1+2030,J0258.1+2030,2
353,J0259.5+0746,J0259.4+0746,J0259.4+0746,J0259.4+0746,J0259.4+0746,2
354,J0301.4-1652,J0301.0-1652,J0301.0-1652,J0301.0-1652,J0301.0-1652,3
355,J0301.8-7157,J0301.6-7155,J0301.6-7155,J0301.6-7155,J0301.5-7156,3
356,J0301.8-2721,J0301.9-2731,J0301.9-2731,J0301.9-2731,J0301.9-2731,2
358,J0302.5-7915,J0303.3-7913,J0303.3-7913,J0303.3-7913,J0303.3-7913,2
359,J0303.0+3150,J0303.2+3149,J0303.2+3149,J0303.2+3149,J0303.2+3149,2
360,J0303.4-2407,J0303.4-2407,J0303.4-2407,J0303.4-2407,J0303.4-2407,2
361,J0303.6+4716,J0303.6+4716,J0303.6+4716,J0303.6+4716,J0303.6+4716,2
362,J0303.7-6211,J0303.6-6211,J0303.6-6211,J0303.6-6211,J0303.6-6211,2
363,J0304.3-2836,J0304.4-2833,J0304.4-2833,J0304.4-2833,J0304.4-2833,2
364,J0304.9+6817,J0304.5+6821,J0304.5+6821,J0304.5+6821,J0304.5+6821,2
365,J0305.2-1607,J0305.1-1608,J0305.1-1608,J0305.1-1608,J0305.1-1608,3
367,J0308.0+7442,J0307.8+7443,J0307.8+7443,J0307.8+7443,J0307.8+7443,3
369,J0308.6+0408,J0308.4+0407,J0308.4+0407,J0308.4+0407,J0308.4+0407,2
370,J0309.0+1029,J0309.0+1029,J0309.0+1029,J0309.0+1029,J0309.0+1029,2
371,J0309.5-0749,J0309.7-0745,J0309.7-0745,J0309.7-0745,J0309.7-0745,2
372,J0309.9-6057,J0309.9-6058,J0309.9-6058,J0309.9-6058,J0309.9-6058,2
373,J0310.4-5015,J0310.6-5017,J0310.6-5017,J0310.6-5017,J0310.6-5017,3
374,J0310.8+3814,J0310.9+3815,J0310.9+3815,J0310.9+3815,J0310.9+3815,2
378,J0312.7+0133,J0312.8+0134,J0312.8+0134,J0312.8+0134,J0312.8+0134,2
379,J0312.7+3613,J0312.9+3614,J0312.9+3614,J0312.9+3614,J0312.9+3614,2
380,J0314.3-5103,J0314.3-5103,J0314.3-5103,J0314.3-5103,J0314.3-5103,2
381,J0315.5-1026,J0315.9-1033,J0315.9-1033,J0315.9-1033,J0315.9-1033,2
382,J0316.1+0904,J0316.2+0905,J0316.2+0905,J0316.2+0905,J0316.2+0905,2
383,J0316.1-2611,J0316.2-2608,J0316.2-2608,J0316.2-2608,J0316.2-2608,2
384,J0316.2-6436,J0316.2-6437,J0316.2-6437,J0316.2-6437,J0316.2-6437,2
385,J0316.6+4119,J0316.8+4120,J0316.8+4120,J0316.8+4120,J0316.8+4120,3
387,J0318.7+2134,J0318.7+2135,J0318.7+2135,J0318.7+2135,J0318.7+2135,3
388,J0319.8+4130,J0319.8+4130,J0319.8+4130,J0319.8+4130,J0319.8+4130,2
389,J0319.8+1847,J0319.8+1845,J0319.8+1845,J0319.8+1845,J0319.8+1845,2
390,J0322.0+2335,J0322.0+2335,J0322.0+2335,J0322.0+2335,J0322.0+2335,2
392,J0323.6-0109,J0323.7-0111,J0323.7-0111,J0323.7-0111,J0323.7-0111,2
395,J0325.2+3410,J0324.8+3412,J0324.8+3412,J0324.8+3412,J0324.8+3412,2
396,J0325.2-5634,J0325.5-5635,J0325.5-5635,J0325.5-5635,J0325.5-5635,2
397,J0325.5+2223,J0325.7+2225,J0325.7+2225,J0325.7+2225,J0325.7+2225,2
398,J0325.6-1648,J0325.6-1646,J0325.6-1646,J0325.6-1646,J0325.6-1646,2
399,J0326.0-1842,J0325.9-1843,J0325.9-1843,J0325.9-1843,J0325.9-1843,2
400,J0326.2+0225,J0326.2+0225,J0326.2+0225,J0326.2+0225,J0326.2+0225,2
403,J0331.3-6155,J0331.3-6156,J0331.3-6156,J0331.3-6156,J0331.3-6156,3
404,J0332.0+6308,J0331.9+6307,J0331.9+6307,J0331.9+6307,J0331.9+6307,3
407,J0333.4+7853,J0333.7+7851,J0333.7+7851,J0333.7+7851,J0333.7+7851,3
408,J0333.4+4003,J0333.8+4007,J0333.8+4007,J0333.8+4007,J0333.8+4007,2
410,J0333.6+2916,J0333.7+2916,J0333.7+2916,J0333.7+2916,J0333.7+2916,2
411,J0333.9+6538,J0333.9+6537,J0333.9+6537,J0333.9+6537,J0333.9+6537,2
412,J0334.2+3915,J0334.3+3920,J0334.3+3920,J0334.3+3920,J0334.3+3920,2
413,J0334.3-4008,J0334.2-4008,J0334.2-4008,J0334.2-4008,J0334.2-4008,2
414,J0334.3-3726,J0334.2-3725,J0334.2-3725,J0334.2-3725,J0334.2-3725,2
415,J0335.3-4459,J0335.1-4459,J0335.1-4459,J0335.1-4459,J0335.1-4459,2
418,J0336.9-3622,J0336.8-3612,J0336.8-3612,J0336.8-3612,J0336.8-3612,2
420,J0338.1-2443,J0338.1-2443,J0338.1-2443,J0338.1-2443,J0338.1-2443,2
421,J0338.5+1303,J0338.5+1302,J0338.5+1302,J0338.5+1302,J0338.5+1302,3
422,J0339.2-1738,J0339.2-1736,J0339.2-1736,J0339.2-1736,J0339.2-1736,3
423,J0339.5-0146,J0339.5-0146,J0339.5-0146,J0339.5-0146,J0339.5-0146,2
424,J0340.3+4130,J0340.3+4130,J0340.3+4130,J0340.3+4130,J0340.3+4130,3
427,J0340.5-2119,J0340.5-2118,J0340.5-2118,J0340.5-2118,J0340.5-2118,2
428,J0342.2+3857,J0342.2+3858,J0342.2+3858,J0342.2+3858,J0342.2+3858,2
430,J0342.6-3006,J0342.8-3007,J0342.8-3007,J0342.8-3007,J0342.8-3007,2
432,J0343.2-2534,J0343.2-2529,J0343.2-2529,J0343.2-2529,J0343.2-2529,2
433,J0343.3-6443,J0343.2-6444,J0343.2-6444,J0343.2-6444,J0343.2-6444,3
434,J0343.3+3622,J0343.4+3621,J0343.4+3621,J0343.4+3621,J0343.4+3621,3
435,J0345.1-2353,J0345.2-2353,J0345.2-2353,J0345.2-2353,J0345.2-2353,2
439,J0348.6-2748,J0348.5-2749,J0348.5-2749,J0348.6-2749,J0348.6-2749,2
440,J0348.7-1606,J0348.6-1609,J0348.6-1609,J0348.6-1609,J0348.6-1609,2
441,J0349.2-1158,J0349.4-1159,J0349.4-1159,J0349.4-1159,J0349.4-1159,2
442,J0349.9-2102,J0349.8-2103,J0349.8-2103,J0349.8-2103,J0349.8-2103,2
446,J0352.9+5655,J0353.0+5654,J0353.0+5654,J0353.0+5654,J0353.0+5654,3
447,J0353.0-3622,J0352.9-3623,J0352.9-3623,J0352.9-3623,J0352.9-3623,2
448,J0353.0-6831,J0353.0-6831,J0353.0-6831,J0353.0-6831,J0353.0-6831,2
449,J0354.1+4643,J0354.4+4643,J0354.4+4643,J0354.4+4643,J0354.4+4643,2
450,J0354.6+8011,J0354.7+8009,J0354.7+8009,J0354.7+8009,J0354.7+8009,2
451,J0356.3-6948,J0358.0-6946,J0358.0-6946,J0358.0-6946,J0358.0-6946,2
452,J0357.1+2325,J0357.2+2320,J0357.2+2320,J0357.2+2320,J0357.2+2320,2
453,J0357.1-4957,J0357.0-4955,J0357.0-4955,J0357.0-4955,J0357.0-4955,2
455,J0358.7+0633,J0358.6+0634,J0358.6+0634,J0358.6+0634,J0358.6+0634,2
456,J0358.8+6002,J0358.9+6004,J0358.9+6004,J0358.9+6004,J0358.9+6004,2
457,J0359.3-2612,J0359.4-2616,J0359.4-2616,J0359.4-2616,J0359.4-2616,2
461,J0401.4+2109,J0401.7+2112,J0401.7+2112,J0401.7+2112,J0401.7+2112,2
462,J0401.8-3144,J0402.1-3147,J0402.1-3147,J0402.1-3147,J0402.1-3147,2
463,J0402.1-2618,J0402.0-2616,J0402.0-2616,J0402.0-2616,J0402.0-2616,2
465,J0403.7-2442,J0403.5-2437,J0403.5-2437,J0403.5-2437,J0403.5-2437,3
466,J0403.9-3604,J0403.9-3605,J0403.9-3605,J0403.9-3605,J0403.9-3605,2
467,J0405.5-1307,J0405.6-1308,J0405.6-1308,J0405.6-1308,J0405.6-1308,2
468,J0407.1-3825,J0407.0-3826,J0407.0-3826,J0407.0-3826,J0407.0-3826,2
469,J0407.5+0740,J0407.5+0741,J0407.5+0741,J0407.5+0741,J0407.5+0741,2
470,J0409.4+3158,J0409.4+3201,J0409.4+3201,J0409.4+3201,J0409.4+3201,2
471,J0409.8-0358,J0409.8-0359,J0409.8-0359,J0409.8-0359,J0409.8-0359,2
476,J0416.6-1850,J0416.5-1852,J0416.5-1852,J0416.5-1852,J0416.5-1852,2
477,J0416.8+0104,J0416.9+0105,J0416.9+0105,J0416.9+0105,J0416.9+0105,2
478,J0418.0-0251,J0418.1-0252,J0418.1-0252,J0418.1-0252,J0418.1-0252,2
480,J0418.5+3813c,J0418.2+3807,J0418.2+3807,J0418.2+3807,J0418.2+3807,2
486,J0422.1-0642,J0422.1-0644,J0422.1-0644,J0422.1-0644,J0422.1-0644,2
487,J0423.2-0119,J0423.3-0120,J0423.3-0120,J0423.3-0120,J0423.3-0120,2
489,J0423.8+4150,J0423.9+4150,J0423.9+4150,J0423.9+4150,J0423.9+4150,2
490,J0424.7+0035,J0424.7+0036,J0424.7+0036,J0424.7+0036,J0424.7+0036,2
491,J0425.0-5331,J0424.9-5331,J0424.9-5331,J0424.9-5331,J0424.9-5331,2
492,J0425.2+6319,J0425.3+6319,J0425.3+6319,J0425.3+6319,J0425.3+6319,2
495,J0426.3+6827,J0426.7+6826,J0426.7+6826,J0426.7+6826,J0426.7+6826,2
498,J0427.3-3900,J0427.3-3900,J0427.3-3900,J0427.3-3900,J0427.3-3900,2
500,J0428.6-3756,J0428.6-3756,J0428.6-3756,J0428.6-3756,J0428.6-3756,2
501,J0429.8+2843,J0429.8+2843,J0429.8+2843,J0429.8+2843,J0429.8+2843,2
504,J0430.2-2508,J0430.3-2507,J0430.3-2507,J0430.3-2507,J0430.3-2507,2
505,J0430.5+1655,J0430.3+1654,J0430.3+1654,J0430.3+1654,J0430.3+1654,2
506,J0431.6+7403,J0431.8+7403,J0431.8+7403,J0431.8+7403,J0431.8+7403,3
509,J0433.1+3228,J0433.1+3227,J0433.1+3227,J0433.1+3227,J0433.1+3227,3
510,J0433.6+2905,J0433.6+2905,J0433.6+2905,J0433.6+2905,J0433.6+2905,2
511,J0433.7-6028,J0433.6-6030,J0433.6-6030,J0433.6-6030,J0433.6-6030,3
512,J0434.0-5726,J0433.7-5725,J0433.7-5725,J0433.7-5725,J0433.7-5725,3
513,J0434.0-2010,J0434.1-2014,J0434.1-2014,J0434.1-2014,J0434.1-2014,2
515,J0434.4-2341,J0434.4-2342,J0434.4-2342,J0434.4-2342,J0434.4-2342,3
516,J0434.6+0921,J0434.7+0922,J0434.7+0922,J0434.7+0922,J0434.7+0922,3
517,J0437.2-4713,J0437.2-4715,J0437.2-4715,J0437.2-4715,J0437.2-4715,3
519,J0438.3-1258,J0438.4-1254,J0438.4-1254,J0438.4-1254,J0438.4-1254,2
520,J0438.8-4519,J0438.9-4521,J0438.9-4521,J0438.9-4521,J0438.9-4521,2
521,J0439.6-3159,J0439.4-3202,J0439.4-3202,J0439.4-3202,J0439.4-3202,2
522,J0439.9-1859,J0439.8-1859,J0439.8-1859,J0439.8-1859,J0439.8-1859,3
523,J0440.3-2500,J0440.2-2458,J0440.2-2458,J0440.2-2458,J0440.2-2458,2
524,J0440.3+1444,J0440.4+1440,J0440.4+1440,J0440.4+1440,J0440.4+1440,2
525,J0440.8+2751,J0440.8+2749,J0440.8+2749,J0440.8+2749,J0440.8+2749,2
526,J0442.6-0017,J0442.6-0017,J0442.6-0017,J0442.6-0017,J0442.6-0017,2
527,J0444.5+3425,J0444.6+3425,J0444.6+3425,J0444.6+3425,J0444.6+3425,2
528,J0444.6-6012,J0445.1-6012,J0445.1-6012,J0445.1-6012,J0445.1-6012,2
531,J0448.6-1632,J0448.6-1632,J0448.6-1632,J0448.6-1632,J0448.6-1632,2
532,J0449.0+1121,J0449.1+1121,J0449.1+1121,J0449.1+1121,J0449.1+1121,2
533,J0449.4-4350,J0449.4-4350,J0449.4-4350,J0449.4-4350,J0449.4-4350,2
536,J0453.2-2808,J0453.1-2806,J0453.1-2806,J0453.1-2806,J0453.1-2806,2
537,J0453.2+6321,J0453.1+6322,J0453.1+6322,J0453.1+6322,J0453.1+6322,3
539,J0455.7-4617,J0455.7-4617,J0455.7-4617,J0455.7-4617,J0455.7-4617,2
541,J0456.3+2702,J0456.2+2702,J0456.2+2702,J0456.2+2702,J0456.2+2702,2
542,J0456.3-3131,J0456.6-3136,J0456.6-3136,J0456.6-3136,J0456.6-3136,2
543,J0457.0-2324,J0457.0-2324,J0457.0-2324,J0457.0-2324,J0457.0-2324,2
544,J0457.0+0643,J0457.0+0646,J0457.0+0646,J0457.0+0646,J0457.0+0646,2
545,J0500.3+5237,J0500.2+5237,J0500.2+5237,J0500.2+5237,J0500.2+5237,3
546,J0501.2-0157,J0501.2-0158,J0501.2-0158,J0501.2-0158,J0501.2-0158,2
547,J0501.8+3046,J0501.7+3048,J0501.7+3048,J0501.7+3048,J0501.7+3048,2
548,J0502.5+0612,J0502.4+0609,J0502.4+0609,J0502.4+0609,J0502.4+0609,2
550,J0502.7+3438,J0502.5+3438,J0502.5+3438,J0502.5+3438,J0502.5+3438,2
551,J0503.4+4522,J0503.6+4518,J0503.6+4518,J0503.6+4518,J0503.6+4518,2
552,J0503.5+6538,J0502.9+6533,J0502.9+6533,J0502.9+6533,J0502.9+6533,2
553,J0505.3+0459,J0505.3+0459,J0505.3+0459,J0505.3+0459,J0505.3+0459,2
554,J0505.3-0422,J0505.8-0419,J0505.8-0419,J0505.8-0419,J0505.8-0419,2
555,J0505.5+0416,J0505.6+0415,J0505.6+0415,J0505.6+0415,J0505.6+0415,2
556,J0505.5-1558,J0505.6-1558,J0505.6-1558,J0505.6-1558,J0505.6-1558,3
557,J0505.9+6114,J0506.0+6113,J0506.0+6113,J0506.0+6113,J0506.0+6113,2
560,J0506.9-5435,J0506.9-5435,J0506.9-5435,J0506.9-5435,J0506.9-5435,3
563,J0508.0+6736,J0507.9+6737,J0507.9+6737,J0507.9+6737,J0507.9+6737,2
564,J0508.2-1936,J0508.2-1937,J0508.2-1937,J0508.2-1937,J0508.2-1937,3
565,J0509.3+1012,J0509.4+1012,J0509.4+1012,J0509.4+1012,J0509.4+1012,2
566,J0509.4+0541,J0509.4+0542,J0509.4+0542,J0509.4+0542,J0509.4+0542,2
567,J0509.7-0400,J0509.6-0402,J0509.6-0402,J0509.6-0402,J0509.6-0402,2
568,J0509.7-6418,J0509.9-6417,J0509.9-6417,J0509.9-6417,J0509.9-6417,3
569,J0510.0+1802,J0510.0+1800,J0510.0+1800,J0510.0+1800,J0510.0+1800,2
572,J0512.9+4038,J0512.8+4041,J0512.8+4041,J0512.8+4041,J0512.8+4041,2
575,J0515.3-4557,J0515.6-4556,J0515.6-4556,J0515.6-4556,J0515.6-4556,2
576,J0515.5-0123,J0515.5-0125,J0515.5-0125,J0515.5-0125,J0515.5-0125,2
577,J0515.8+1526,J0515.8+1527,J0515.8+1527,J0515.8+1527,J0515.8+1527,2
578,J0516.3+7351,J0516.4+7350,J0516.4+7350,J0516.4+7350,J0516.4+7350,2
580,J0516.7-6207,J0516.7-6207,J0516.7-6207,J0516.7-6207,J0516.7-6207,2
583,J0517.5+0902,J0517.5+0858,J0517.5+0858,J0517.5+0858,J0517.5+0858,2
584,J0519.2-4542,J0519.6-4544,J0519.6-4544,J0519.6-4544,J0519.6-4544,2
585,J0519.3+2746,J0519.6+2744,J0519.6+2744,J0519.6+2744,J0519.6+2744,2
586,J0519.5+0852,J0519.0+0851,J0519.0+0851,J0519.0+0851,J0519.0+0851,2
587,J0521.4-1740,J0521.3-1734,J0521.3-1734,J0521.3-1734,J0521.3-1734,2
588,J0521.7+0103,J0521.6+0103,J0521.6+0103,J0521.6+0103,J0521.6+0103,3
589,J0521.7+2113,J0521.7+2112,J0521.7+2112,J0521.7+2112,J0521.7+2112,2
590,J0521.9-3847,J0521.8-3848,J0521.8-3848,J0521.8-3848,J0521.8-3848,2
591,J0522.9-3628,J0522.9-3628,J0522.9-3628,J0522.9-3628,J0522.9-3628,3
604,J0525.3-4558,J0525.4-4600,J0525.4-4600,J0525.4-4600,J0525.4-4600,2
605,J0525.6-6013,J0525.6-6013,J0525.6-6013,J0525.6-6013,J0525.6-6013,2
606,J0525.8-2014,J0525.6-2008,J0525.6-2008,J0525.6-2008,J0525.6-2008,3
607,J0526.0+4253,J0526.7+4254,J0526.7+4254,J0526.7+4254,J0526.7+4254,3
608,J0526.2-4829,J0526.2-4830,J0526.2-4830,J0526.2-4830,J0526.2-4830,2
611,J0526.6+6321,J0526.1+6318,J0526.1+6318,J0526.1+6318,J0526.1+6318,2
614,J0529.1+0933,J0529.1+0935,J0529.1+0935,J0529.1+0935,J0529.1+0935,2
615,J0529.2-5917,J0528.7-5920,J0528.7-5920,J0528.7-5920,J0528.7-5920,2
617,J0529.8-7242,J0529.3-7243,J0529.3-7243,J0529.3-7243,J0529.3-7243,2
618,J0530.8+1330,J0530.9+1332,J0530.9+1332,J0530.9+1332,J0530.9+1332,2
619,J0532.0-4827,J0532.0-4827,J0532.0-4827,J0532.0-4827,J0532.0-4827,3
620,J0532.7+0732,J0532.6+0732,J0532.6+0732,J0532.6+0732,J0532.6+0732,2
621,J0533.0-3939,J0532.8-3941,J0532.8-3941,J0532.8-3941,J0532.8-3941,2
622,J0533.2+4822,J0533.3+4823,J0533.3+4823,J0533.3+4823,J0533.3+4823,2
624,J0533.6-8323,J0532.9-8325,J0532.9-8325,J0532.9-8325,J0532.9-8325,2
626,J0534.0+6759,J0533.8+6800,J0533.8+6800,J0533.8+6800,J0533.8+6800,3
627,J0534.5+2201i,J0534.5+2201i,J0534.5+2201i,J0534.5+2201i,J0534.5+2201i,2
628,J0534.5+2201s,J0534.5+2201s,J0534.5+2201s,J0534.5+2201s,J0534.5+2201s,2
629,J0534.5+2201,J0534.5+2200,J0534.5+2200,J0534.5+2200,J0534.5+2200,2
631,J0535.6-2749,J0536.0-2754,J0536.0-2754,J0536.0-2754,J0536.0-2754,2
637,J0537.4-5717,J0537.7-5717,J0537.7-5717,J0537.7-5717,J0537.7-5717,2
638,J0538.4-3909,J0538.2-3910,J0538.2-3910,J0538.2-3910,J0538.2-3910,3
639,J0538.8-4405,J0538.8-4405,J0538.8-4405,J0538.8-4405,J0538.8-4405,2
643,J0539.8+1434,J0539.6+1432,J0539.6+1432,J0539.6+1432,J0539.6+1432,3
646,J0540.0-2837,J0539.9-2839,J0539.9-2839,J0539.9-2839,J0539.9-2839,2
647,J0540.3+2756e,J0540.3+2756e,J0540.3+2756e,J0540.3+2756e,J0540.3+2756e,2
648,J0540.4+5823,J0540.5+5823,J0540.5+5823,J0540.5+5823,J0540.5+5823,2
649,J0540.5-5416,J0540.8-5415,J0540.8-5415,J0540.8-5415,J0540.8-5415,2
653,J0542.5-0907c,J0542.9-0913,J0542.9-0913,J0542.9-0913,J0542.9-0913,2
654,J0543.9-5531,J0543.9-5531,J0543.9-5531,J0543.9-5531,J0543.9-5531,2
659,J0550.6-3217,J0550.5-3216,J0550.5-3216,J0550.5-3216,J0550.5-3216,2
660,J0553.5-2036,J0553.5-2034,J0553.5-2034,J0553.5-2034,J0553.5-2034,3
661,J0554.1+3104,J0554.1+3107,J0554.1+3107,J0554.1+3107,J0554.1+3107,2
662,J0556.0-4353,J0556.2-4352,J0556.2-4352,J0556.2-4352,J0556.2-4352,2
665,J0558.1-3838,J0558.0-3837,J0558.0-3837,J0558.0-3837,J0558.0-3837,2
666,J0558.6-7459,J0558.8-7459,J0558.8-7459,J0558.8-7459,J0558.8-7459,2
669,J0600.9-3943,J0600.6-3939,J0600.6-3939,J0600.6-3939,J0600.6-3939,2
670,J0601.0+3837,J0601.0+3838,J0601.0+3838,J0601.0+3838,J0601.0+3838,2
671,J0601.2-7036,J0601.1-7035,J0601.1-7035,J0601.1-7035,J0601.1-7035,2
673,J0602.2+5314,J0602.0+5315,J0602.0+5315,J0602.0+5315,J0602.0+5315,3
676,J0603.8+2155,J0603.9+2159,J0603.9+2159,J0603.9+2159,J0603.9+2159,2
677,J0604.1-4817,J0604.1-4816,J0604.1-4816,J0604.1-4816,J0604.1-4816,2
678,J0604.7-4849,J0604.5-4851,J0604.5-4851,J0604.5-4851,J0604.5-4851,2
679,J0605.0+3756,J0605.1+3757,J0605.1+3757,J0605.1+3757,J0605.1+3757,3
682,J0606.4-4729,J0606.5-4730,J0606.5-4730,J0606.5-4730,J0606.5-4730,2
683,J0607.4+4739,J0607.4+4739,J0607.4+4739,J0607.4+4739,J0607.4+4739,2
684,J0608.0-0835,J0608.0-0835,J0608.0-0835,J0608.0-0835,J0608.0-0835,2
685,J0608.1-1522,J0608.1-1521,J0608.1-1521,J0608.1-1521,J0608.1-1521,2
690,J0609.4-0248,J0609.2-0247,J0609.2-0247,J0609.2-0247,J0609.2-0247,2
693,J0610.2-2059,J0610.2-2100,J0610.2-2100,J0610.2-2100,J0610.2-2100,3
695,J0611.1-6100,J0610.9-6054,J0610.9-6054,J0610.9-6054,J0610.9-6054,2
696,J0611.2+4323,J0611.1+4325,J0611.1+4325,J0611.1+4325,J0611.1+4325,2
698,J0611.7+2759,J0611.6+2803,J0611.6+2803,J0611.6+2803,J0611.6+2803,3
699,J0612.8+4122,J0612.8+4122,J0612.8+4122,J0612.8+4122,J0612.8+4122,2
700,J0613.8-0201,J0613.7-0201,J0613.7-0201,J0613.7-0201,J0613.7-0201,3
701,J0614.1-3329,J0614.1-3329,J0614.1-3329,J0614.1-3329,J0614.1-3329,3
702,J0615.4-3116,J0615.3-3117,J0615.3-3117,J0615.3-3117,J0615.3-3117,2
703,J0617.2+5701,J0617.2+5701,J0617.2+5701,J0617.2+5701,J0617.2+5701,2
704,J0617.2+2234e,J0617.2+2234e,J0617.2+2234e,J0617.2+2234e,J0617.2+2234e,2
705,J0617.6-1717,J0617.7-1715,J0617.7-1715,J0617.7-1715,J0617.7-1715,2
706,J0618.0+7819,J0618.1+7819,J0618.1+7819,J0618.1+7819,J0618.1+7819,3
707,J0618.2-2429,J0618.1-2428,J0618.1-2428,J0618.1-2428,J0618.1-2428,3
710,J0620.4+2644,J0620.7+2643,J0620.7+2643,J0620.7+2643,J0620.7+2643,3
711,J0621.0+2514,J0621.2+2512,J0621.2+2512,J0621.2+2512,J0621.2+2512,3
712,J0622.2+3747,J0622.2+3749,J0622.2+3749,J0622.2+3749,J0622.2+3749,2
713,J0622.4-2606,J0622.3-2605,J0622.3-2605,J0622.3-2605,J0622.3-2605,2
714,J0622.9+3326,J0622.9+3326,J0622.9+3326,J0622.9+3326,J0622.9+3326,2
716,J0623.3+3043,J0623.2+3044,J0623.2+3044,J0623.2+3044,J0623.2+3044,3
717,J0625.2+4440,J0625.3+4439,J0625.3+4439,J0625.3+4439,J0625.3+4439,2
718,J0626.0-5436,J0625.8-5441,J0625.8-5441,J0625.8-5441,J0625.8-5441,2
719,J0626.6-4259,J0626.4-4259,J0626.4-4259,J0626.4-4259,J0626.4-4259,3
721,J0627.0-3529,J0627.0-3529,J0627.0-3529,J0627.0-3529,J0627.0-3529,2
724,J0629.0-6248,J0628.8-6250,J0628.8-6250,J0628.8-6250,J0628.8-6250,2
725,J0629.4-1959,J0629.3-1959,J0629.3-1959,J0629.3-1959,J0629.3-1959,2
727,J0630.3+6906,J0628.6+6900,J0628.6+6900,J0628.6+6900,J0628.6+6900,2
728,J0630.9-2406,J0630.9-2406,J0630.9-2406,J0630.9-2406,J0630.9-2406,2
729,J0631.2+2019,J0631.1+2020,J0631.1+2020,J0631.1+2020,J0631.1+2020,2
730,J0631.5+1036,J0631.5+1036,J0631.5+1036,J0631.5+1036,J0631.5+1036,2
732,J0633.7+0632,J0633.7+0632,J0633.7+0632,J0633.7+0632,J0633.7+0632,2
733,J0633.9+1746,J0633.9+1746,J0633.9+1746,J0633.9+1746,J0633.9+1746,2
735,J0634.7-2334,J0634.9-2335,J0634.9-2335,J0634.9-2335,J0634.9-2335,2
736,J0635.7-7517,J0635.6-7518,J0635.6-7518,J0635.6-7518,J0635.6-7518,2
740,J0638.6+7324,J0638.6+7320,J0638.6+7320,J0638.6+7320,J0638.6+7320,2
742,J0640.0-1252,J0640.0-1253,J0640.0-1253,J0640.0-1253,J0640.0-1253,3
745,J0641.8-0319,J0641.7-0320,J0641.7-0320,J0641.7-0320,J0641.7-0320,3
746,J0643.2+0859,J0643.3+0857,J0643.3+0857,J0643.3+0857,J0643.3+0857,2
747,J0643.4-5358,J0643.2-5356,J0643.2-5356,J0643.2-5356,J0643.2-5356,2
748,J0644.3-6713,J0644.4-6712,J0644.4-6712,J0644.4-6712,J0644.4-6712,3
750,J0644.6-2853,J0644.6-2853,J0644.6-2853,J0644.6-2853,J0644.6-2853,2
751,J0645.9-3914,J0646.7-3913,J0646.7-3913,J0646.7-3913,J0646.7-3913,2
752,J0646.4-5452,J0646.4-5455,J0646.4-5455,J0646.4-5455,J0646.4-5455,3
753,J0647.0-5134,J0647.0-5138,J0647.0-5138,J0647.0-5138,J0647.0-5138,3
754,J0647.1-4415,J0647.7-4418,J0647.7-4418,J0647.7-4418,J0647.7-4418,3
755,J0647.6-6058,J0647.7-6058,J0647.7-6058,J0647.7-6058,J0647.7-6058,3
758,J0648.1+1606,J0648.1+1605,J0648.1+1605,J0648.1+1605,J0648.1+1605,2
759,J0648.1-3045,J0648.0-3045,J0648.0-3045,J0648.0-3045,J0648.0-3045,2
760,J0648.8+1516,J0648.7+1516,J0648.7+1516,J0648.7+1516,J0648.7+1516,2
761,J0648.8-1740,J0648.4-1743,J0648.4-1743,J0648.4-1743,J0648.4-1744,2
762,J0649.6-3138,J0649.5-3139,J0649.5-3139,J0649.5-3139,J0649.5-3139,3
763,J0650.4-1636,J0650.2-1636,J0650.2-1636,J0650.2-1636,J0650.2-1636,2
764,J0650.5+2055,J0650.6+2055,J0650.6+2055,J0650.6+2055,J0650.6+2055,3
765,J0650.7+2503,J0650.7+2503,J0650.7+2503,J0650.7+2503,J0650.7+2503,2
767,J0651.3+4014,J0651.0+4013,J0651.0+4013,J0651.0+4013,J0651.0+4013,3
768,J0652.0-4808,J0652.1-4813,J0652.1-4813,J0652.1-4813,J0652.1-4813,3
769,J0653.6+2817,J0653.7+2815,J0653.7+2815,J0653.7+2815,J0653.7+2815,3
770,J0654.4+4514,J0654.4+4514,J0654.4+4514,J0654.4+4514,J0654.4+4514,2
771,J0654.4+5042,J0654.3+5042,J0654.3+5042,J0654.3+5042,J0654.3+5042,2
772,J0654.5+0926,J0654.3+0923,J0654.3+0923,J0654.3+0923,J0654.3+0923,2
773,J0656.2-0323,J0656.3-0322,J0656.3-0322,J0656.3-0322,J0656.3-0322,2
774,J0656.4+4232,J0656.3+4235,J0656.3+4235,J0656.3+4235,J0656.3+4235,2
776,J0658.3-5832,J0658.1-5840,J0658.1-5840,J0658.1-5840,J0658.1-5840,2
777,J0658.6+0636,J0658.6+0636,J0658.6+0636,J0658.6+0636,J0658.6+0636,2
780,J0659.5+1414,J0659.7+1416,J0659.7+1416,J0659.7+1416,J0659.7+1416,2
781,J0700.0+1709,J0659.9+1709,J0659.9+1709,J0659.9+1709,J0659.9+1709,3
782,J0700.2+1304,J0700.2+1304,J0700.2+1304,J0700.2+1304,J0700.2+1304,3
783,J0700.3-6310,J0700.1-6311,J0700.1-6311,J0700.1-6311,J0700.1-6311,2
784,J0700.6-6610,J0700.5-6610,J0700.5-6610,J0700.5-6610,J0700.5-6610,2
786,J0701.4-4634,J0701.5-4634,J0701.5-4634,J0701.5-4634,J0701.5-4634,2
787,J0702.7-1952,J0702.7-1951,J0702.7-1951,J0702.7-1951,J0702.7-1951,2
788,J0703.4-3914,J0703.2-3914,J0703.2-3914,J0703.2-3914,J0703.2-3914,3
795,J0706.1-4849,J0705.7-4848,J0705.7-4848,J0705.7-4848,J0705.7-4848,2
796,J0706.5+3744,J0706.5+3744,J0706.5+3744,J0706.5+3744,J0706.5+3744,2
797,J0707.0+7741,J0706.8+7742,J0706.8+7742,J0706.8+7742,J0706.8+7742,2
798,J0707.2+6101,J0706.9+6109,J0706.9+6109,J0706.9+6109,J0706.9+6109,2
802,J0708.9+2239,J0709.1+2241,J0709.1+2241,J0709.1+2241,J0709.1+2241,3
803,J0709.7-0256,J0709.7-0255,J0709.7-0255,J0709.7-0255,J0709.7-0255,3
804,J0710.3+5908,J0710.4+5908,J0710.4+5908,J0710.4+5908,J0710.4+5908,2
805,J0710.5+4732,J0710.9+4733,J0710.9+4733,J0710.9+4733,J0710.9+4733,2
809,J0712.6+5033,J0712.7+5033,J0712.7+5033,J0712.7+5033,J0712.7+5033,2
810,J0713.9+1933,J0713.8+1935,J0713.8+1935,J0713.8+1935,J0713.8+1935,2
813,J0718.7-4319,J0718.6-4319,J0718.6-4319,J0718.6-4319,J0718.6-4319,2
815,J0719.3+3307,J0719.3+3307,J0719.3+3307,J0719.3+3307,J0719.3+3307,2
816,J0720.0-4010,J0719.7-4012,J0719.7-4012,J0719.7-4012,J0719.7-4012,3
817,J0721.4+0404,J0721.3+0405,J0721.3+0405,J0721.3+0405,J0721.3+0405,2
819,J0721.9+7120,J0721.9+7120,J0721.9+7120,J0721.9+7120,J0721.9+7120,2
821,J0723.2-0728,J0723.0-0732,J0723.0-0732,J0723.0-0732,J0723.0-0732,3
822,J0723.7+2050,J0723.7+2050,J0723.7+2050,J0723.7+2050,J0723.7+2050,3
823,J0724.1+2857,J0723.5+2900,J0723.5+2900,J0723.5+2900,J0723.5+2900,2
824,J0725.2+1425,J0725.2+1425,J0725.2+1425,J0725.2+1425,J0725.2+1425,2
829,J0725.8-0054,J0725.8-0054,J0725.8-0054,J0725.8-0054,J0725.8-0054,2
830,J0726.6-4727,J0726.4-4727,J0726.4-4727,J0726.4-4727,J0726.4-4727,2
831,J0728.0+4828,J0728.2+4827,J0728.2+4827,J0728.2+4827,J0728.2+4827,3
832,J0729.5-3127,J0729.1-3131,J0729.1-3131,J0729.1-3131,J0729.1-3131,2
833,J0729.7-1448,J0729.3-1445,J0729.3-1445,J0729.3-1445,J0729.3-1445,2
834,J0730.2-1141,J0730.3-1141,J0730.3-1141,J0730.3-1141,J0730.3-1141,2
836,J0730.5+3307,J0730.4+3308,J0730.4+3308,J0730.4+3308,J0730.4+3308,2
837,J0730.5-0537,J0730.5-0535,J0730.5-0535,J0730.5-0535,J0730.5-0535,3
838,J0730.5-6606,J0730.7-6602,J0730.7-6602,J0730.7-6602,J0730.7-6602,3
841,J0732.2-4638,J0732.7-4638,J0732.7-4638,J0732.7-4638,J0732.7-4638,2
843,J0733.5+5153,J0733.4+5152,J0733.4+5152,J0733.4+5152,J0733.4+5152,2
844,J0733.8+5021,J0734.0+5021,J0734.0+5021,J0734.0+5021,J0734.0+5021,2
845,J0733.8+4108,J0733.7+4110,J0733.7+4110,J0733.7+4110,J0733.7+4110,2
846,J0734.3-7709,J0734.4-7711,J0734.4-7711,J0734.4-7711,J0734.4-7711,3
847,J0734.7-1558,J0734.7-1559,J0734.7-1559,J0734.7-1559,J0734.7-1559,2
850,J0738.1+1741,J0738.1+1742,J0738.1+1742,J0738.1+1742,J0738.1+1742,2
851,J0739.4+0137,J0739.2+0137,J0739.2+0137,J0739.2+0137,J0739.2+0137,2
854,J0740.8+6621,J0741.0+6618,J0741.0+6618,J0741.0+6618,J0741.0+6618,3
856,J0742.6+5444,J0742.6+5443,J0742.6+5443,J0742.6+5443,J0742.6+5443,2
857,J0742.6-5623,J0743.0-5622,J0743.0-5622,J0743.0-5622,J0743.0-5622,2
858,J0742.7-2824,J0742.8-2822,J0742.8-2822,J0742.8-2822,J0742.8-2822,2
863,J0744.3+7434,J0744.1+7434,J0744.1+7434,J0744.1+7434,J0744.1+7434,2
865,J0746.4+2540,J0746.4+2546,J0746.4+2546,J0746.4+2546,J0746.4+2546,2
867,J0746.6-0706,J0746.5-0710,J0746.5-0710,J0746.5-0710,J0746.5-0710,2
868,J0746.6-4756,J0746.6-4754,J0746.6-4754,J0746.6-4754,J0746.6-4754,3
869,J0746.9+8511,J0748.3+8511,J0748.3+8511,J0748.3+8511,J0748.3+8511,2
870,J0747.2-3311,J0747.3-3310,J0747.3-3310,J0747.3-3310,J0747.3-3310,3
872,J0747.4+0904,J0747.5+0905,J0747.5+0905,J0747.5+0905,J0747.5+0905,2
874,J0748.0-1639,J0748.0-1638,J0748.0-1638,J0748.0-1638,J0748.0-1638,2
875,J0748.3+2401,J0748.6+2400,J0748.6+2400,J0748.6+2400,J0748.6+2400,2
876,J0748.5+7910,J0751.0+7908,J0751.0+7908,J0751.0+7908,J0751.0+7908,2
879,J0748.8+4929,J0748.3+4928,J0748.3+4928,J0748.3+4928,J0748.3+4928,3
881,J0749.4+1059,J0749.4+1058,J0749.4+1058,J0749.4+1058,J0749.4+1058,3
883,J0750.6+1232,J0750.8+1229,J0750.8+1229,J0750.8+1229,J0750.8+1229,2
884,J0751.2+1806,J0751.2+1808,J0751.2+1808,J0751.2+1808,J0751.2+1808,3
887,J0753.1+5353,J0753.0+5353,J0753.0+5353,J0753.0+5353,J0753.0+5353,2
888,J0754.4-1148,J0754.4-1148,J0754.4-1148,J0754.4-1148,J0754.4-1148,2
889,J0754.8+4824,J0754.7+4823,J0754.7+4823,J0754.7+4823,J0754.7+4823,2
891,J0756.3-6433,J0756.3-6431,J0756.3-6431,J0756.3-6431,J0756.3-6431,3
892,J0757.0+0956,J0757.1+0956,J0757.1+0956,J0757.1+0956,J0757.1+0956,2
894,J0758.1+1130,J0758.1+1134,J0758.1+1134,J0758.1+1134,J0758.1+1134,2
896,J0758.7+3747,J0758.7+3746,J0758.7+3746,J0758.7+3746,J0758.7+3746,2
897,J0758.9+2705,J0758.9+2703,J0758.9+2703,J0758.9+2703,J0758.9+2703,2
899,J0800.9+4401,J0800.9+4401,J0800.9+4401,J0800.9+4401,J0800.9+4401,2
900,J0802.0+1005,J0802.0+1006,J0802.0+1006,J0802.0+1006,J0802.0+1006,2
903,J0803.3-0339,J0803.2-0337,J0803.2-0337,J0803.2-0337,J0803.2-0337,3
904,J0804.0-3629,J0804.0-3629,J0804.0-3629,J0804.0-3629,J0804.0-3629,3
905,J0804.4+0418,J0804.5+0414,J0804.5+0414,J0804.5+0414,J0804.5+0414,2
909,J0805.0-0622,J0804.9-0624,J0804.9-0624,J0804.9-0624,J0804.9-0624,2
910,J0805.2-0112,J0805.2-0110,J0805.2-0110,J0805.2-0110,J0805.2-0110,2
911,J0805.4+7534,J0805.4+7534,J0805.4+7534,J0805.4+7534,J0805.4+7534,2
912,J0805.4+6144,J0805.4+6147,J0805.4+6147,J0805.4+6147,J0805.4+6147,2
913,J0806.6+5933,J0806.5+5930,J0806.5+5930,J0806.5+5930,J0806.5+5930,2
914,J0807.1-0541,J0807.1-0541,J0807.1-0541,J0807.1-0541,J0807.1-0541,2
915,J0807.1+7744,J0805.1+7744,J0805.1+7744,J0805.1+7744,J0805.1+7744,2
916,J0807.9+4946,J0808.5+4950,J0808.5+4950,J0808.5+4950,J0808.5+4950,2
917,J0808.2-0751,J0808.2-0751,J0808.2-0751,J0808.2-0751,J0808.2-0751,2
918,J0809.5+4045,J0809.3+4053,J0809.3+4053,J0809.3+4053,J0809.3+4053,2
919,J0809.5+5342,J0809.5+5341,J0809.5+5341,J0809.5+5341,J0809.5+5341,2
920,J0809.6+3456,J0809.6+3455,J0809.6+3455,J0809.6+3455,J0809.6+3455,2
921,J0809.8+5218,J0809.8+5218,J0809.8+5218,J0809.8+5218,J0809.8+5218,3
923,J0811.2-7529,J0811.0-7529,J0811.0-7529,J0811.0-7529,J0811.0-7529,2
924,J0811.3+0146,J0811.4+0146,J0811.4+0146,J0811.4+0146,J0811.4+0146,2
925,J0812.0+0237,J0812.0+0237,J0812.0+0237,J0812.0+0237,J0812.0+0237,2
926,J0812.9+5555,J0812.9+5555,J0812.9+5555,J0812.9+5555,J0812.9+5555,2
927,J0813.3+6509,J0812.8+6507,J0812.8+6507,J0812.8+6507,J0812.8+6507,3
929,J0814.1-1012,J0814.2-1013,J0814.2-1013,J0814.2-1013,J0814.2-1013,2
930,J0814.5+2943,J0814.4+2941,J0814.4+2941,J0814.4+2941,J0814.4+2941,2
931,J0814.7+6428,J0814.6+6430,J0814.6+6430,J0814.6+6430,J0814.6+6430,2
933,J0816.4-1311,J0816.4-1311,J0816.4-1311,J0816.4-1311,J0816.4-1311,2
934,J0816.5+2049,J0816.9+2050,J0816.9+2050,J0816.9+2050,J0816.9+2050,2
935,J0816.7-2421,J0816.7-2420,J0816.7-2420,J0816.7-2420,J0816.7-2420,2
936,J0816.7+5739,J0816.3+5739,J0816.3+5739,J0816.3+5739,J0816.3+5739,2
937,J0817.8-0935,J0817.8-0934,J0817.8-0934,J0817.8-0934,J0817.8-0934,2
939,J0818.2+4223,J0818.2+4222,J0818.2+4222,J0818.2+4222,J0818.2+4222,2
940,J0818.8+2751,J0819.0+2746,J0819.0+2746,J0819.0+2746,J0819.0+2746,2
941,J0820.4+3640,J0820.3+3639,J0820.3+3639,J0820.3+3639,J0820.3+3639,2
942,J0820.9-1258,J0820.9-1258,J0820.9-1258,J0820.9-1258,J0820.9-1258,2
944,J0822.9+4041,J0823.1+4042,J0823.1+4042,J0823.1+4042,J0823.1+4042,2
947,J0824.1+2434,J0824.4+2440,J0824.4+2440,J0824.4+2440,J0824.4+2440,2
948,J0824.9+5551,J0824.7+5552,J0824.7+5552,J0824.7+5552,J0824.7+5552,2
949,J0824.9+3916,J0824.9+3915,J0824.9+3915,J0824.9+3915,J0824.9+3915,2
951,J0825.8-3217,J0825.9-3218,J0825.9-3218,J0825.9-3218,J0825.9-3218,2
952,J0825.9-2230,J0825.9-2230,J0825.9-2230,J0825.9-2230,J0825.9-2230,2
953,J0826.0+0307,J0825.8+0309,J0825.8+0309,J0825.8+0309,J0825.8+0309,2
956,J0827.2-0711,J0827.0-0708,J0827.0-0708,J0827.0-0708,J0827.0-0708,3
957,J0828.5+5217,J0827.8+5221,J0827.8+5221,J0827.8+5221,J0827.8+5221,2
958,J0828.8-2420,J0828.7-2422,J0828.7-2422,J0828.7-2422,J0828.7-2422,3
959,J0829.3+0901,J0829.4+0857,J0829.4+0857,J0829.4+0857,J0829.4+0857,2
960,J0829.6-1137,J0829.6-1140,J0829.6-1140,J0829.6-1140,J0829.6-1140,2
962,J0830.3-5855,J0829.7-5856,J0829.7-5856,J0829.7-5856,J0829.7-5856,2
964,J0830.7+2408,J0830.8+2410,J0830.8+2410,J0830.8+2410,J0830.8+2410,2
966,J0831.9+0430,J0831.8+0429,J0831.8+0429,J0831.8+0429,J0831.8+0429,2
967,J0832.6+4914,J0832.4+4912,J0832.4+4912,J0832.4+4912,J0832.4+4912,2
970,J0834.1+4223,J0833.9+4223,J0833.9+4223,J0833.9+4223,J0833.9+4223,2
973,J0834.7+4403,J0834.6+4402,J0834.6+4402,J0834.6+4402,J0834.6+4402,2
974,J0835.3-4510,J0835.3-4510,J0835.3-4510,J0835.3-4510,J0835.3-4510,2
975,J0835.4+0930,J0835.7+0936,J0835.7+0936,J0835.7+0936,J0835.7+0936,2
976,J0836.3+2143,J0836.2+2141,J0836.2+2141,J0836.2+2141,J0836.2+2141,2
977,J0836.5-2020,J0836.5-2026,J0836.5-2026,J0836.5-2026,J0836.5-2026,2
982,J0839.5+0102,J0839.8+0105,J0839.8+0105,J0839.8+0105,J0839.8+0105,2
983,J0839.6+3538,J0839.7+3540,J0839.7+3540,J0839.7+3540,J0839.7+3540,2
985,J0839.6+1803,J0839.4+1803,J0839.4+1803,J0839.4+1803,J0839.4+1803,2
986,J0840.8+1315,J0840.8+1317,J0840.8+1317,J0840.8+1317,J0840.8+1317,2
987,J0841.3-3554,J0841.3-3554,J0841.3-3554,J0841.3-3554,J0841.3-3554,3
988,J0841.4+7053,J0841.3+7053,J0841.3+7053,J0841.3+7053,J0841.3+7053,2
989,J0842.0-6055,J0842.3-6053,J0842.3-6053,J0842.3-6053,J0842.3-6053,2
992,J0843.9+5311,J0844.2+5312,J0844.2+5312,J0844.2+5312,J0844.2+5312,2
994,J0845.1-5458,J0844.9-5458,J0844.9-5458,J0844.9-5458,J0844.9-5458,3
997,J0846.9-2336,J0847.0-2336,J0847.0-2336,J0847.0-2336,J0847.0-2336,3
998,J0847.1+1134,J0847.2+1134,J0847.2+1134,J0847.2+1134,J0847.2+1134,2
1003,J0849.1+6607,J0849.1+6607,J0849.1+6607,J0849.1+6607,J0849.1+6607,2
1004,J0849.3+0458,J0849.5+0456,J0849.5+0456,J0849.5+0456,J0849.5+0456,2
1005,J0849.5-2912,J0849.4-2911,J0849.4-2911,J0849.4-2911,J0849.4-2911,2
1006,J0849.9-3540,J0849.8-3541,J0849.8-3541,J0849.8-3541,J0849.8-3541,2
1007,J0849.9+5108,J0850.0+5108,J0850.0+5108,J0850.0+5108,J0850.0+5108,2
1008,J0850.0+4855,J0850.0+4855,J0850.0+4855,J0850.0+4855,J0850.0+4855,2
1009,J0850.2-1214,J0850.1-1212,J0850.1-1212,J0850.1-1212,J0850.1-1212,2
1010,J0850.2+3500,J0850.5+3455,J0850.5+3455,J0850.5+3455,J0850.5+3455,2
1012,J0851.8+5531,J0851.5+5528,J0851.5+5528,J0851.5+5528,J0851.5+5528,2
1013,J0852.6-5756,J0852.5-5755,J0852.5-5755,J0852.5-5755,J0852.5-5755,2
1015,J0853.0-3654,J0853.1-3657,J0853.1-3657,J0853.1-3657,J0853.1-3657,2
1016,J0854.2+4408,J0854.3+4408,J0854.3+4408,J0854.3+4408,J0854.3+4408,2
1018,J0854.8+2006,J0854.8+2006,J0854.8+2006,J0854.8+2006,J0854.8+2006,2
1020,J0855.2-0718,J0855.4-0714,J0855.4-0714,J0855.4-0714,J0855.4-0714,2
1024,J0856.5+2057,J0856.8+2056,J0856.8+2056,J0856.8+2056,J0856.8+2056,2
1025,J0856.7-1105,J0856.6-1105,J0856.6-1105,J0856.6-1105,J0856.6-1105,2
1028,J0858.1-1951,J0857.9-1949,J0857.9-1949,J0857.9-1949,J0857.9-1949,3
1029,J0858.1-3130,J0858.0-3130,J0858.0-3130,J0858.0-3130,J0858.0-3130,3
1031,J0859.1+6219,J0859.4+6218,J0859.4+6218,J0859.4+6218,J0859.4+6218,2
1036,J0902.4+2050,J0902.4+2051,J0902.4+2051,J0902.4+2051,J0902.4+2051,2
1038,J0903.1+4649,J0903.1+4652,J0903.1+4652,J0903.1+4652,J0903.1+4652,2
1040,J0904.3+4240,J0904.6+4238,J0904.6+4238,J0904.6+4238,J0904.6+4238,3
1041,J0904.8-5734,J0904.9-5734,J0904.9-5734,J0904.9-5734,J0904.9-5734,2
1042,J0904.8-3516,J0904.5-3513,J0904.5-3513,J0904.5-3513,J0904.5-3513,2
1044,J0905.5+1358,J0905.6+1358,J0905.6+1358,J0905.6+1358,J0905.6+1358,2
1048,J0906.3-0906,J0906.3-0905,J0906.3-0905,J0906.3-0905,J0906.3-0905,2
1050,J0908.4-4916,J0908.7-4911,J0908.7-4911,J0908.7-4911,J0908.7-4911,2
1051,J0909.0+2310,J0908.9+2311,J0908.9+2311,J0908.9+2311,J0908.9+2311,2
1052,J0909.1+0121,J0909.1+0121,J0909.1+0121,J0909.1+0121,J0909.1+0121,2
1053,J0909.6+0157,J0909.6+0159,J0909.6+0159,J0909.6+0159,J0909.6+0159,2
1054,J0909.8-0229,J0909.7-0230,J0909.7-0230,J0909.7-0230,J0909.7-0230,2
1055,J0910.5+3329,J0910.6+3329,J0910.6+3329,J0910.6+3329,J0910.6+3329,2
1056,J0910.7+3858,J0910.8+3859,J0910.8+3859,J0910.8+3859,J0910.8+3859,2
1057,J0910.9+2248,J0910.6+2247,J0910.6+2247,J0910.6+2247,J0910.6+2247,2
1058,J0911.8+3351,J0911.7+3349,J0911.7+3349,J0911.7+3349,J0911.7+3349,2
1059,J0912.2+4126,J0912.2+4127,J0912.2+4127,J0912.2+4127,J0912.2+4127,2
1060,J0912.2-6452,J0912.1-6449,J0912.1-6449,J0912.1-6449,J0912.1-6449,2
1061,J0912.4+2800,J0912.2+2800,J0912.2+2800,J0912.2+2800,J0912.2+2800,2
1062,J0912.6-2757,J0912.2-2751,J0912.2-2751,J0912.2-2751,J0912.2-2751,2
1063,J0912.7+1556,J0912.5+1556,J0912.5+1556,J0912.5+1556,J0912.5+1556,2
1064,J0912.9-2104,J0912.9-2102,J0912.9-2102,J0912.9-2102,J0912.9-2102,2
1066,J0915.0+5844,J0914.8+5846,J0914.8+5846,J0914.8+5846,J0914.8+5846,3
1068,J0915.8+2933,J0915.9+2933,J0915.9+2933,J0915.9+2933,J0915.9+2933,2
1069,J0916.3+3857,J0916.7+3856,J0916.7+3856,J0916.7+3856,J0916.7+3856,2
1070,J0917.3-0344,J0917.3-0342,J0917.3-0342,J0917.3-0342,J0917.3-0342,3
1074,J0920.9+4442,J0920.9+4441,J0920.9+4441,J0920.9+4441,J0920.9+4441,2
1075,J0921.0-2258,J0920.9-2256,J0920.9-2256,J0920.9-2256,J0920.9-2256,3
1077,J0921.8+6215,J0921.6+6216,J0921.6+6216,J0921.6+6216,J0921.6+6216,2
1078,J0922.4-0529,J0922.4-0528,J0922.4-0528,J0922.4-0528,J0922.4-0528,2
1079,J0922.8-3959,J0922.7-3959,J0922.7-3959,J0922.7-3959,J0922.7-3959,3
1080,J0923.1+3853,J0923.5+3852,J0923.5+3852,J0923.5+3852,J0923.5+3852,2
1081,J0923.3+4127,J0923.5+4125,J0923.5+4125,J0923.5+4125,J0923.5+4125,2
1083,J0924.0+2816,J0924.0+2816,J0924.0+2816,J0924.0+2816,J0924.0+2816,2
1084,J0924.2+0534,J0924.0+0534,J0924.0+0534,J0924.0+0534,J0924.0+0534,2
1085,J0925.6+5959,J0925.7+5959,J0925.7+5959,J0925.7+5959,J0925.7+5959,2
1086,J0925.7+3129,J0925.7+3126,J0925.7+3126,J0925.7+3126,J0925.7+3126,2
1087,J0926.3+5409,J0926.4+5412,J0926.4+5412,J0926.4+5412,J0926.4+5412,2
1088,J0927.9-2037,J0928.1-2035,J0928.1-2035,J0928.1-2035,J0928.1-2035,2
1090,J0928.5+4048,J0928.5+4048,J0928.5+4048,J0928.5+4048,J0928.5+4048,2
1092,J0928.9-3530,J0928.7-3529,J0928.7-3529,J0928.7-3529,J0928.7-3529,3
1093,J0929.4+5013,J0929.3+5014,J0929.3+5014,J0929.3+5014,J0929.3+5014,2
1094,J0930.0+4951,J0930.5+4951,J0930.5+4951,J0930.5+4951,J0930.5+4951,2
1095,J0930.2+8612,J0930.3+8612,J0930.3+8612,J0930.3+8612,J0930.3+8612,2
1097,J0930.9-1904,J0931.2-1906,J0931.2-1906,J0931.2-1906,J0931.2-1906,3
1100,J0934.1+3933,J0934.3+3926,J0934.3+3926,J0934.3+3926,J0934.3+3926,2
1105,J0937.7+5008,J0937.1+5008,J0937.1+5008,J0937.1+5008,J0937.1+5008,2
1108,J0939.2-1732,J0939.3-1732,J0939.3-1732,J0939.3-1732,J0939.3-1732,2
1109,J0939.9-2831,J0940.0-2828,J0940.0-2828,J0940.0-2828,J0940.0-2828,2
1111,J0940.7-6102,J0940.7-6105,J0940.7-6105,J0940.7-6105,J0940.7-6105,2
1112,J0940.9-1337,J0940.9-1335,J0940.9-1335,J0940.9-1335,J0940.9-1335,2
1114,J0941.6+2727,J0941.9+2724,J0941.9+2724,J0941.9+2724,J0941.9+2724,3
1115,J0942.1-0756,J0942.3-0800,J0942.3-0800,J0942.3-0800,J0942.3-0800,2
1116,J0945.9+5756,J0945.7+5759,J0945.7+5759,J0945.7+5759,J0945.7+5759,2
1117,J0946.2+0103,J0946.2+0104,J0946.2+0104,J0946.2+0104,J0946.2+0104,2
1119,J0946.5+1017,J0946.6+1016,J0946.6+1016,J0946.6+1016,J0946.6+1016,2
1120,J0947.1-2542,J0947.1-2541,J0947.1-2541,J0947.1-2541,J0947.1-2541,3
1122,J0948.6+4041,J0949.0+4038,J0949.0+4038,J0949.0+4038,J0949.0+4038,2
1124,J0948.8+0021,J0948.9+0022,J0948.9+0022,J0948.9+0022,J0948.9+0022,2
1125,J0950.1+4554,J0950.2+4553,J0950.2+4553,J0950.2+4553,J0950.2+4553,2
1128,J0953.0-0839,J0953.0-0840,J0953.0-0840,J0953.0-0840,J0953.0-0840,2
1129,J0953.1-7657c,J0953.4-7659,J0953.4-7659,J0953.4-7659,J0953.4-7659,3
1131,J0954.2+4913,J0954.2+4913,J0954.2+4913,J0954.2+4913,J0954.2+4913,2
1133,J0955.4+6940,J0955.7+6940,J0955.7+6940,J0955.7+6940,J0955.7+6940,2
1134,J0955.6-6148,J0955.4-6151,J0955.4-6151,J0955.4-6151,J0955.4-6151,3
1135,J0956.6+2515,J0956.7+2516,J0956.7+2516,J0956.7+2516,J0956.7+2516,2
1137,J0957.4+4728,J0958.0+4728,J0958.0+4728,J0958.0+4728,J0958.0+4728,2
1138,J0957.5-1351,J0957.3-1348,J0957.3-1348,J0957.3-1348,J0957.3-1348,2
1139,J0957.6+5523,J0957.6+5523,J0957.6+5523,J0957.6+5523,J0957.6+5523,2
1140,J0958.3-0318,J0958.0-0319,J0958.0-0319,J0958.0-0319,J0958.0-0319,2
1141,J0958.4-6752,J0958.1-6753,J0958.1-6753,J0958.1-6753,J0958.1-6753,2
1142,J0958.6+6534,J0958.7+6534,J0958.7+6534,J0958.7+6534,J0958.7+6534,3
1143,J0958.6-2447,J0958.4-2441,J0958.4-2441,J0958.4-2441,J0958.4-2441,2
1144,J0959.7+2124,J0959.4+2120,J0959.4+2120,J0959.4+2120,J0959.4+2120,2
1145,J1001.0+2913,J1001.1+2911,J1001.1+2911,J1001.1+2911,J1001.1+2911,2
1147,J1002.3+2220,J1002.5+2215,J1002.5+2215,J1002.5+2215,J1002.5+2215,2
1149,J1003.6+2608,J1003.6+2605,J1003.6+2605,J1003.6+2605,J1003.6+2605,3
1152,J1006.7+3453,J1007.0+3455,J1007.0+3455,J1007.0+3455,J1007.0+3455,2
1153,J1006.7-2159,J1006.7-2159,J1006.7-2159,J1006.7-2159,J1006.7-2159,2
1154,J1007.4-3334,J1007.6-3332,J1007.6-3332,J1007.6-3332,J1007.6-3332,2
1155,J1007.8+0026,J1008.0+0028,J1008.0+0028,J1008.0+0028,J1008.0+0028,3
1156,J1007.9+0621,J1008.0+0620,J1008.0+0620,J1008.0+0620,J1008.0+0620,2
1158,J1008.9-2910,J1008.7-2909,J1008.7-2909,J1008.7-2909,J1008.7-2909,2
1159,J1009.0-3137,J1008.8-3139,J1008.8-3139,J1008.8-3139,J1008.8-3139,3
1160,J1010.2-3120,J1010.2-3119,J1010.2-3119,J1010.2-3119,J1010.2-3119,2
1162,J1010.8-0158,J1010.8-0158,J1010.8-0158,J1010.8-0158,J1010.8-0158,2
1163,J1012.0-4235,J1012.1-4235,J1012.1-4235,J1012.1-4235,J1012.1-4235,3
1164,J1012.2+0631,J1012.3+0629,J1012.3+0629,J1012.3+0629,J1012.3+0629,2
1166,J1012.7+4229,J1012.7+4228,J1012.7+4228,J1012.7+4228,J1012.7+4228,3
1168,J1013.5+3440,J1013.7+3444,J1013.7+3444,J1013.7+3444,J1013.7+3444,2
1170,J1014.2+4115,J1014.3+4112,J1014.3+4112,J1014.3+4112,J1014.3+4112,2
1171,J1015.0+4925,J1015.0+4926,J1015.0+4926,J1015.0+4926,J1015.0+4926,2
1172,J1015.2-4512,J1014.9-4508,J1014.9-4508,J1014.9-4508,J1014.9-4508,2
1173,J1016.0+0513,J1016.0+0512,J1016.0+0512,J1016.0+0512,J1016.0+0512,2
1175,J1016.1+5555,J1015.6+5553,J1015.6+5553,J1015.6+5553,J1015.6+5553,3
1176,J1016.3-5858,J1016.3-5857,J1016.3-5857,J1016.3-5857,J1016.3-5857,2
1180,J1018.1+1904,J1018.1+1905,J1018.1+1905,J1018.1+1905,J1018.1+1905,2
1182,J1018.3+3542,J1018.4+3540,J1018.4+3540,J1018.4+3540,J1018.4+3540,2
1183,J1018.4-3119,J1018.3-3124,J1018.3-3124,J1018.3-3124,J1018.3-3124,2
1184,J1018.5+0530,J1018.4+0528,J1018.4+0528,J1018.4+0528,J1018.4+0528,2
1185,J1018.8+5913,J1018.8+5913,J1018.8+5913,J1018.8+5913,J1018.8+5913,2
1186,J1018.9-5856,J1018.9-5856,J1018.9-5856,J1018.9-5856,J1018.9-5856,2
1187,J1020.0-5749,J1019.8-5749,J1019.8-5749,J1019.8-5749,J1019.8-5749,2
1188,J1020.0+6323,J1019.7+6321,J1019.7+6321,J1019.7+6321,J1019.7+6321,2
1189,J1021.8+8023,J1021.4+8021,J1021.4+8021,J1021.4+8021,J1021.4+8021,2
1191,J1022.3-4234,J1022.4-4231,J1022.4-4231,J1022.4-4231,J1022.4-4231,3
1192,J1022.8-0113,J1022.7-0112,J1022.7-0112,J1022.7-0112,J1022.7-0112,2
1193,J1023.1+3952,J1023.1+3949,J1023.1+3949,J1023.1+3949,J1023.1+3949,2
1194,J1023.1-5745,J1023.0-5745,J1023.0-5745,J1023.0-5745,J1023.0-5745,2
1195,J1023.1-5745,J1023.0-5745,J1023.0-5745,J1023.3-5747e,J1023.0-5745,3
1196,J1023.1-5745,J1023.0-5745,J1023.3-5747e,J1023.0-5745,J1023.0-5745,3
1197,J1023.1-5745,J1023.0-5745,J1023.3-5747e,J1023.3-5747e,J1023.0-5745,3
1198,J1023.1-5745,J1023.3-5747e,J1023.0-5745,J1023.0-5745,J1023.0-5745,3
1199,J1023.1-5745,J1023.3-5747e,J1023.0-5745,J1023.3-5747e,J1023.0-5745,3
1200,J1023.1-5745,J1023.3-5747e,J1023.3-5747e,J1023.0-5745,J1023.0-5745,3
1201,J1023.1-5745,J1023.3-5747e,J1023.3-5747e,J1023.3-5747e,J1023.0-5745,3
1202,J1023.7+3000,J1023.8+3002,J1023.8+3002,J1023.8+3002,J1023.8+3002,2
1203,J1023.9-4335,J1023.8-4335,J1023.8-4335,J1023.8-4335,J1023.8-4335,2
1207,J1024.6-0718,J1024.5-0719,J1024.5-0719,J1024.5-0719,J1024.5-0719,3
1209,J1025.1+2333,J1024.8+2332,J1024.8+2332,J1024.8+2332,J1024.8+2332,2
1214,J1026.4-8542,J1027.0-8542,J1027.0-8542,J1027.0-8542,J1027.0-8542,2
1215,J1026.5+7423,J1027.2+7427,J1027.2+7427,J1027.2+7427,J1027.2+7427,2
1216,J1026.9-1750,J1026.9-1749,J1026.9-1749,J1026.9-1749,J1026.9-1749,2
1217,J1027.0+0609,J1026.9+0608,J1026.9+0608,J1026.9+0608,J1026.9+0608,2
1218,J1027.7+6316,J1027.6+6317,J1027.6+6317,J1027.6+6317,J1027.6+6317,2
1220,J1028.0+1829,J1027.6+1828,J1027.6+1828,J1027.6+1828,J1027.6+1828,2
1222,J1028.4-5819,J1028.5-5819,J1028.5-5819,J1028.5-5819,J1028.5-5819,2
1223,J1028.5-0235,J1028.4-0234,J1028.4-0234,J1028.4-0234,J1028.4-0234,2
1225,J1030.4-2030,J1030.6-2028,J1030.6-2028,J1030.6-2028,J1030.6-2028,3
1226,J1031.0+7440,J1031.1+7442,J1031.1+7442,J1031.1+7442,J1031.1+7442,3
1227,J1031.2+5053,J1031.3+5053,J1031.3+5053,J1031.3+5053,J1031.3+5053,2
1229,J1031.6+6021,J1031.6+6019,J1031.6+6019,J1031.6+6019,J1031.6+6019,2
1230,J1032.5+6623,J1032.7+6624,J1032.7+6624,J1032.7+6624,J1032.7+6624,2
1231,J1032.7+3735,J1032.6+3737,J1032.6+3737,J1032.6+3737,J1032.6+3737,2
1233,J1033.2+4116,J1033.1+4115,J1033.1+4115,J1033.1+4115,J1033.1+4115,2
1235,J1033.8+6051,J1033.9+6050,J1033.9+6050,J1033.9+6050,J1033.9+6050,2
1237,J1035.2+5545,J1035.3+5541,J1035.3+5541,J1035.3+5541,J1035.3+5541,2
1239,J1036.0-8317,J1036.5-8318,J1036.5-8318,J1036.5-8318,J1036.5-8318,3
1241,J1037.0-2934,J1037.4-2933,J1037.4-2933,J1037.4-2933,J1037.4-2933,2
1244,J1037.5-2821,J1037.7-2822,J1037.7-2822,J1037.7-2822,J1037.7-2822,2
1245,J1037.5+5711,J1037.7+5711,J1037.7+5711,J1037.7+5711,J1037.7+5711,2
1248,J1038.9-5311,J1038.8-5312,J1038.8-5312,J1038.8-5312,J1038.8-5312,3
1251,J1040.4+0615,J1040.5+0617,J1040.5+0617,J1040.5+0617,J1040.5+0617,3
1253,J1040.8+1342,J1041.0+1342,J1041.0+1342,J1041.0+1342,J1041.0+1342,3
1254,J1040.9-1205,J1041.1-1201,J1041.1-1201,J1041.1-1201,J1041.1-1201,2
1255,J1041.8+3901,J1041.7+3902,J1041.7+3902,J1041.7+3902,J1041.7+3902,2
1256,J1042.0-0557,J1041.9-0557,J1041.9-0557,J1041.9-0557,J1041.9-0557,3
1257,J1042.1-4126,J1042.1-4128,J1042.1-4128,J1042.1-4128,J1042.1-4128,3
1258,J1043.1+2407,J1043.2+2408,J1043.2+2408,J1043.2+2408,J1043.2+2408,2
1261,J1044.4+8058,J1044.6+8053,J1044.6+8053,J1044.6+8053,J1044.6+8053,2
1262,J1044.5-5737,J1044.4-5737,J1044.4-5737,J1044.4-5737,J1044.4-5737,2
1263,J1045.1-5941,J1045.1-5940,J1045.1-5940,J1045.1-5940,J1045.1-5940,2
1266,J1045.7-2926,J1045.8-2928,J1045.8-2928,J1045.8-2928,J1045.8-2928,2
1267,J1046.9-2531,J1046.8-2534,J1046.8-2534,J1046.8-2534,J1046.8-2534,2
1269,J1047.6+7240,J1047.7+7238,J1047.7+7238,J1047.7+7238,J1047.7+7238,2
1270,J1047.8-6216,J1047.8-6216,J1047.8-6216,J1047.8-6216,J1047.8-6216,2
1273,J1048.2-5832,J1048.2-5832,J1048.2-5832,J1048.2-5832,J1048.2-5832,2
1274,J1048.4+7144,J1048.4+7143,J1048.4+7143,J1048.4+7143,J1048.4+7143,2
1275,J1048.6+2338,J1048.6+2340,J1048.6+2340,J1048.6+2340,J1048.6+2340,3
1278,J1049.8+1425,J1049.8+1429,J1049.8+1429,J1049.8+1429,J1049.8+1429,2
1282,J1051.4+3941,J1051.4+3942,J1051.4+3942,J1051.4+3942,J1051.4+3942,2
1283,J1051.5-6517,J1051.2-6517,J1051.2-6517,J1051.2-6517,J1051.2-6517,2
1284,J1051.8+0105,J1051.9+0103,J1051.9+0103,J1051.9+0103,J1051.9+0103,2
1286,J1052.8-3741,J1052.9-3743,J1052.9-3743,J1052.9-3743,J1052.9-3743,3
1287,J1053.7+4929,J1053.7+4930,J1053.7+4930,J1053.7+4930,J1053.7+4930,2
1289,J1054.5+2210,J1054.5+2211,J1054.5+2211,J1054.5+2211,J1054.5+2211,2
1291,J1055.8-6025,J1055.7-6028,J1055.7-6028,J1055.7-6028,J1055.7-6028,2
1293,J1057.3-2341,J1057.3-2341,J1057.3-2341,J1057.3-2341,J1057.3-2341,2
1295,J1057.6-2754,J1057.8-2754,J1057.8-2754,J1057.8-2754,J1057.8-2754,2
1297,J1057.9-5227,J1057.9-5227,J1057.9-5227,J1057.9-5227,J1057.9-5227,2
1298,J1058.1+7010,J1056.8+7012,J1056.8+7012,J1056.8+7012,J1056.8+7012,2
1299,J1058.4+8112,J1058.5+8115,J1058.5+8115,J1058.5+8115,J1058.5+8115,2
1300,J1058.5+0133,J1058.4+0133,J1058.4+0133,J1058.4+0133,J1058.4+0133,2
1301,J1058.5-8003,J1058.6-8003,J1058.6-8003,J1058.6-8003,J1058.6-8003,2
1303,J1058.6+5627,J1058.6+5627,J1058.6+5627,J1058.6+5627,J1058.6+5627,2
1304,J1059.2-1133,J1059.2-1134,J1059.2-1134,J1059.2-1134,J1059.2-1134,2
1306,J1059.9+2056,J1059.5+2057,J1059.5+2057,J1059.5+2057,J1059.5+2057,2
1308,J1100.5+4020,J1100.3+4020,J1100.3+4020,J1100.3+4020,J1100.3+4020,2
1310,J1101.5+4106,J1101.4+4108,J1101.4+4108,J1101.4+4108,J1101.4+4108,2
1311,J1101.9-6053,J1102.0-6054,J1102.0-6054,J1102.0-6054,J1102.0-6054,3
1312,J1103.1+1155,J1103.0+1157,J1103.0+1157,J1103.0+1157,J1103.0+1157,2
1314,J1103.5-2329,J1103.6-2329,J1103.6-2329,J1103.6-2329,J1103.6-2329,2
1315,J1103.9-5357,J1103.9-5357,J1103.9-5357,J1103.9-5357,J1103.9-5357,2
1316,J1104.3+0730,J1104.4+0730,J1104.4+0730,J1104.4+0730,J1104.4+0730,2
1318,J1104.4+3812,J1104.4+3812,J1104.4+3812,J1104.4+3812,J1104.4+3812,2
1320,J1105.2-6113,J1105.4-6108,J1105.4-6108,J1105.4-6108,J1105.4-6108,2
1322,J1105.9+2814,J1106.0+2813,J1106.0+2813,J1106.0+2813,J1106.0+2813,2
1323,J1106.4-3643,J1106.5-3646,J1106.5-3646,J1106.5-3646,J1106.5-3646,3
1325,J1107.4-4447,J1107.0-4449,J1107.0-4449,J1107.0-4449,J1107.0-4449,2
1326,J1107.5+0223,J1107.6+0222,J1107.6+0222,J1107.6+0222,J1107.6+0222,2
1327,J1107.8+1502,J1107.8+1501,J1107.8+1501,J1107.8+1501,J1107.8+1501,2
1328,J1109.4+2411,J1109.3+2411,J1109.3+2411,J1109.3+2411,J1109.3+2411,2
1329,J1109.4-4815,J1109.7-4814,J1109.7-4814,J1109.7-4814,J1109.7-4814,2
1330,J1109.6+3734,J1109.6+3735,J1109.6+3735,J1109.6+3735,J1109.6+3735,2
1331,J1110.0+7134,J1110.2+7135,J1110.2+7135,J1110.2+7135,J1110.2+7135,2
1332,J1110.4-1835,J1110.5-1836,J1110.5-1836,J1110.5-1836,J1110.5-1836,2
1341,J1111.9-6038,J1111.8-6039,J1111.8-6039,J1111.8-6039,J1111.8-6039,3
1345,J1112.4+3449,J1112.5+3448,J1112.5+3448,J1112.5+3448,J1112.5+3448,2
1346,J1112.6+1749,J1112.4+1751,J1112.4+1751,J1112.4+1751,J1112.4+1751,2
1350,J1117.0+2014,J1117.0+2013,J1117.0+2013,J1117.0+2013,J1117.0+2013,2
1352,J1117.3+2546,J1117.6+2550,J1117.6+2550,J1117.6+2550,J1117.6+2550,2
1354,J1117.7-4632,J1118.2-4634,J1118.2-4634,J1118.2-4634,J1118.2-4634,2
1355,J1117.9+5355,J1118.0+5356,J1118.0+5356,J1118.0+5356,J1118.0+5356,2
1356,J1118.2-0411,J1118.2-0415,J1118.2-0415,J1118.2-0415,J1118.2-0415,2
1357,J1119.1-6127,J1119.1-6127,J1119.1-6127,J1119.1-6127,J1119.0-6127e,3
1358,J1119.1-6127,J1119.1-6127,J1119.1-6127,J1119.1-6127,J1119.1-6127,2
1359,J1119.7-3046,J1119.6-3047,J1119.6-3047,J1119.6-3047,J1119.6-3047,2
1363,J1120.8+4212,J1120.8+4212,J1120.8+4212,J1120.8+4212,J1120.8+4212,2
1364,J1121.4-0554,J1121.4-0553,J1121.4-0553,J1121.4-0553,J1121.4-0553,2
1367,J1123.6+7231,J1123.8+7230,J1123.8+7230,J1123.8+7230,J1123.8+7230,2
1369,J1123.9-3653,J1124.0-3653,J1124.0-3653,J1124.0-3653,J1124.0-3653,3
1370,J1124.1+2337,J1124.0+2336,J1124.0+2336,J1124.0+2336,J1124.0+2336,2
1371,J1124.5-5915,J1124.7-5915,J1124.7-5915,J1124.7-5915,J1124.7-5915,2
1372,J1124.9+4932,J1124.9+4934,J1124.9+4934,J1124.9+4934,J1124.9+4934,2
1373,J1125.0-2101,J1125.1-2101,J1125.1-2101,J1125.1-2101,J1125.1-2101,3
1375,J1125.3-5824,J1125.6-5825,J1125.6-5825,J1125.6-5825,J1125.6-5825,3
1376,J1125.5-3558,J1125.5-3557,J1125.5-3557,J1125.5-3557,J1125.5-3557,2
1377,J1125.6-6012,J1126.4-6011,J1126.4-6011,J1126.4-6011,J1126.4-6011,3
1378,J1125.8-0745,J1125.9-0742,J1125.9-0742,J1125.9-0742,J1125.9-0742,2
1379,J1125.9+2007,J1125.9+2005,J1125.9+2005,J1125.9+2005,J1125.9+2005,2
1380,J1126.7-3834,J1126.8-3829,J1126.8-3829,J1126.8-3829,J1126.8-3829,2
1382,J1127.0-1857,J1127.0-1857,J1127.0-1857,J1127.0-1857,J1127.0-1857,2
1383,J1127.8+3618,J1127.8+3618,J1127.8+3618,J1127.8+3618,J1127.8+3618,2
1384,J1128.0+5921,J1128.0+5924,J1128.0+5924,J1128.0+5924,J1128.0+5924,2
1388,J1129.0+3705,J1129.1+3703,J1129.1+3703,J1129.1+3703,J1129.1+3703,2
1389,J1129.4-4215,J1129.8-4217,J1129.8-4217,J1129.8-4217,J1129.8-4217,3
1390,J1129.9-1446,J1129.8-1447,J1129.8-1447,J1129.8-1447,J1129.8-1447,2
1392,J1131.1+5810,J1131.4+5809,J1131.4+5809,J1131.4+5809,J1131.4+5809,2
1393,J1131.4+3819,J1131.0+3815,J1131.0+3815,J1131.0+3815,J1131.0+3815,2
1394,J1131.9-0503,J1131.4-0504,J1131.4-0504,J1131.4-0504,J1131.4-0504,2
1396,J1132.7+0034,J1132.7+0034,J1132.7+0034,J1132.7+0034,J1132.7+0034,2
1397,J1132.8+1015,J1130.8+1016,J1130.8+1016,J1130.8+1016,J1130.8+1016,3
1398,J1135.2-6054,J1135.2-6055,J1135.2-6055,J1135.2-6055,J1135.2-6055,2
1399,J1136.1-7411,J1136.8-7413,J1136.8-7413,J1136.8-7413,J1136.8-7413,2
1400,J1136.1+7523,J1137.6+7527,J1137.6+7527,J1137.6+7527,J1137.6+7527,3
1401,J1136.4+3405,J1136.2+3407,J1136.2+3407,J1136.2+3407,J1136.2+3407,2
1402,J1136.6+7009,J1136.4+7009,J1136.4+7009,J1136.4+7009,J1136.4+7009,2
1403,J1136.6+6736,J1136.4+6736,J1136.4+6736,J1136.4+6736,J1136.4+6736,2
1404,J1136.6-6826,J1136.0-6824,J1136.0-6824,J1136.0-6824,J1136.0-6824,2
1405,J1136.9+2551,J1136.8+2550,J1136.8+2550,J1136.8+2550,J1136.8+2550,2
1406,J1138.2+4905,J1138.4+4857,J1138.4+4857,J1138.4+4857,J1138.4+4857,3
1408,J1140.4+1529,J1140.5+1528,J1140.5+1528,J1140.5+1528,J1140.5+1528,2
1409,J1141.2+6805,J1141.4+6805,J1141.4+6805,J1141.4+6805,J1141.4+6805,2
1410,J1141.6-1406,J1141.5-1408,J1141.5-1408,J1141.5-1408,J1141.5-1408,3
1411,J1142.0+1546,J1142.0+1548,J1142.0+1548,J1142.0+1548,J1142.0+1548,2
1413,J1142.9+0120,J1142.8+0120,J1142.8+0120,J1142.8+0120,J1142.8+0120,3
1414,J1143.0+6123,J1143.1+6122,J1143.1+6122,J1143.1+6122,J1143.1+6122,2
1415,J1145.1+1935,J1144.9+1937,J1144.9+1937,J1144.9+1937,J1144.9+1937,2
1416,J1145.8+4425,J1145.5+4423,J1145.5+4423,J1145.5+4423,J1145.5+4423,2
1418,J1146.8+3958,J1146.9+3958,J1146.9+3958,J1146.9+3958,J1146.9+3958,2
1419,J1147.0-3811,J1147.0-3812,J1147.0-3812,J1147.0-3812,J1147.0-3812,3
1420,J1147.8-0725,J1147.8-0724,J1147.8-0724,J1147.8-0724,J1147.8-0724,2
1422,J1149.5+2443,J1149.4+2441,J1149.4+2441,J1149.4+2441,J1149.4+2441,2
1423,J1150.3+2417,J1150.4+2418,J1150.4+2418,J1150.4+2418,J1150.4+2418,2
1424,J1150.5+4155,J1150.6+4154,J1150.6+4154,J1150.6+4154,J1150.6+4154,2
1426,J1151.4-1346,J1151.5-1347,J1151.5-1347,J1151.5-1347,J1151.5-1347,2
1427,J1151.4+5858,J1151.5+5859,J1151.5+5859,J1151.5+5859,J1151.5+5859,2
1430,J1152.3-0841,J1152.3-0839,J1152.3-0839,J1152.3-0839,J1152.3-0839,2
1431,J1153.4+4932,J1153.4+4931,J1153.4+4931,J1153.4+4931,J1153.4+4931,2
1432,J1153.4+4033,J1154.0+4037,J1154.0+4037,J1154.0+4037,J1154.0+4037,2
1433,J1153.7-2555,J1153.6-2553,J1153.6-2553,J1153.6-2553,J1153.6-2553,2
1434,J1154.0-3243,J1154.1-3243,J1154.1-3243,J1154.1-3243,J1154.1-3243,3
1435,J1154.2-0010,J1154.0-0010,J1154.0-0010,J1154.0-0010,J1154.0-0010,2
1436,J1154.3+6023,J1154.0+6018,J1154.0+6018,J1154.0+6018,J1154.0+6018,2
1438,J1155.4-3417,J1155.5-3418,J1155.5-3418,J1155.5-3418,J1155.5-3418,3
1439,J1155.9+6136,J1155.8+6137,J1155.8+6137,J1155.8+6137,J1155.8+6137,2
1440,J1156.7-2250,J1156.6-2248,J1156.6-2248,J1156.6-2248,J1156.6-2248,3
1441,J1158.8+0941,J1159.0+0939,J1159.0+0939,J1159.0+0939,J1159.0+0939,2
1442,J1158.9+0818,J1158.9+0818,J1158.9+0818,J1158.9+0818,J1158.9+0818,2
1443,J1159.2-2141,J1159.3-2142,J1159.3-2142,J1159.3-2142,J1159.3-2142,2
1444,J1159.3-2226,J1159.2-2227,J1159.2-2227,J1159.2-2227,J1159.2-2227,2
1445,J1159.5+2914,J1159.5+2914,J1159.5+2914,J1159.5+2914,J1159.5+2914,2
1446,J1159.6-0723,J1159.5-0723,J1159.5-0723,J1159.5-0723,J1159.5-0723,3
1448,J1200.8+1228,J1200.6+1229,J1200.6+1229,J1200.6+1229,J1200.6+1229,3
1450,J1200.9+2010,J1200.7+2008,J1200.7+2008,J1200.7+2008,J1200.7+2008,2
1451,J1203.1+6029,J1203.1+6031,J1203.1+6031,J1203.1+6031,J1203.1+6031,2
1452,J1203.2+3847,J1202.5+3852,J1202.5+3852,J1202.5+3852,J1202.5+3852,2
1453,J1203.5-3925,J1203.4-3925,J1203.4-3925,J1203.4-3925,J1203.4-3925,3
1456,J1204.0+1144,J1204.0+1146,J1204.0+1146,J1204.0+1146,J1204.0+1146,2
1457,J1204.3-0708,J1204.2-0709,J1204.2-0709,J1204.2-0709,J1204.2-0709,2
1459,J1205.8-2636,J1205.7-2635,J1205.7-2635,J1205.7-2635,J1205.7-2635,2
1462,J1207.2-5052,J1207.4-5050,J1207.4-5050,J1207.4-5050,J1207.4-5050,3
1464,J1207.6-2232,J1207.7-2229,J1207.7-2229,J1207.7-2229,J1207.7-2229,3
1466,J1208.2-7810c,J1208.2-7810,J1208.2-7810,J1208.2-7810,J1208.2-7810,2
1468,J1208.7+5442,J1208.9+5441,J1208.9+5441,J1208.9+5441,J1208.9+5441,2
1470,J1209.4+4119,J1209.4+4118,J1209.4+4118,J1209.4+4118,J1209.4+4118,2
1471,J1209.8+1810,J1209.8+1810,J1209.8+1810,J1209.8+1810,J1209.8+1810,2
1476,J1212.6+5135,J1213.0+5129,J1213.0+5129,J1213.0+5129,J1213.0+5129,2
1477,J1213.1-2619,J1213.3-2618,J1213.3-2618,J1213.3-2618,J1213.3-2618,2
1478,J1213.7+1306,J1213.6+1306,J1213.6+1306,J1213.6+1306,J1213.6+1306,2
1482,J1215.0+5002,J1215.1+5002,J1215.1+5002,J1215.1+5002,J1215.1+5002,2
1483,J1215.1+1658,J1215.0+1656,J1215.0+1656,J1215.0+1656,J1215.0+1656,2
1486,J1217.8+3007,J1217.9+3007,J1217.9+3007,J1217.9+3007,J1217.9+3007,3
1487,J1218.0-0029,J1218.0-0028,J1218.0-0028,J1218.0-0028,J1218.0-0028,2
1488,J1218.4-0121,J1218.5-0119,J1218.5-0119,J1218.5-0119,J1218.5-0119,2
1490,J1218.8-4827,J1219.0-4827,J1219.0-4827,J1219.0-4827,J1219.0-4827,3
1491,J1219.7-0314,J1219.7-0313,J1219.7-0313,J1219.7-0313,J1219.7-0313,2
1494,J1220.2+3434,J1220.1+3432,J1220.1+3432,J1220.1+3432,J1220.1+3432,2
1495,J1220.2+7105,J1220.1+7105,J1220.1+7105,J1220.1+7105,J1220.1+7105,2
1497,J1221.3+3010,J1221.3+3010,J1221.3+3010,J1221.3+3010,J1221.3+3010,2
1498,J1221.4+2814,J1221.5+2814,J1221.5+2814,J1221.5+2814,J1221.5+2814,2
1500,J1222.4+0414,J1222.5+0414,J1222.5+0414,J1222.5+0414,J1222.5+0414,2
1502,J1222.7+8041,J1223.8+8039,J1223.8+8039,J1223.8+8039,J1223.8+8039,2
1506,J1223.3-3028,J1223.6-3032,J1223.6-3032,J1223.6-3032,J1223.6-3032,3
1507,J1224.5+4957,J1223.9+5000,J1223.9+5000,J1223.9+5000,J1223.9+5000,2
1508,J1224.5+2436,J1224.4+2436,J1224.4+2436,J1224.4+2436,J1224.4+2436,2
1509,J1224.6+4332,J1224.9+4334,J1224.9+4334,J1224.9+4334,J1224.9+4334,2
1510,J1224.6-8312,J1224.7-8313,J1224.7-8313,J1224.7-8313,J1224.7-8313,2
1511,J1224.9+2122,J1224.9+2122,J1224.9+2122,J1224.9+2122,J1224.9+2122,2
1513,J1225.7-7314,J1225.6-7313,J1225.6-7313,J1225.6-7313,J1225.6-7313,2
1515,J1226.8+0638,J1226.7+0637,J1226.7+0637,J1226.7+0637,J1226.7+0637,2
1516,J1226.9-1329,J1226.8-1329,J1226.8-1329,J1226.8-1329,J1226.8-1329,2
1517,J1227.9-4854,J1228.0-4853,J1228.0-4853,J1228.0-4853,J1228.0-4853,3
1519,J1228.7+4857,J1228.7+4858,J1228.7+4858,J1228.7+4858,J1228.7+4858,2
1520,J1229.1+0202,J1229.0+0202,J1229.0+0202,J1229.0+0202,J1229.0+0202,2
1521,J1229.8-5305,J1229.7-5304,J1229.7-5304,J1229.7-5304,J1229.7-5304,3
1522,J1230.3+2519,J1230.2+2517,J1230.2+2517,J1230.2+2517,J1230.2+2517,2
1523,J1230.9+1224,J1230.8+1223,J1230.8+1223,J1230.8+1223,J1230.8+1223,2
1524,J1231.2-1411,J1231.1-1412,J1231.1-1412,J1231.1-1412,J1231.1-1412,3
1525,J1231.5+6414,J1231.6+6415,J1231.6+6415,J1231.6+6415,J1231.6+6415,2
1529,J1231.7+2847,J1231.7+2847,J1231.7+2847,J1231.7+2847,J1231.7+2847,2
1530,J1231.8+1421,J1231.5+1421,J1231.5+1421,J1231.5+1421,J1231.5+1421,2
1534,J1233.7-0145,J1233.7-0144,J1233.7-0144,J1233.7-0144,J1233.7-0144,2
1535,J1233.9-5736,J1234.0-5735,J1234.0-5735,J1234.0-5735,J1234.0-5735,2
1539,J1236.6+3901,J1236.3+3858,J1236.3+3858,J1236.3+3858,J1236.3+3858,2
1540,J1237.9+6258,J1237.8+6256,J1237.8+6256,J1237.8+6256,J1237.8+6256,2
1541,J1238.2-1958,J1238.3-1959,J1238.3-1959,J1238.3-1959,J1238.3-1959,3
1542,J1238.3-4543,J1238.1-4541,J1238.1-4541,J1238.1-4541,J1238.1-4541,3
1544,J1239.4+0727,J1239.4+0728,J1239.4+0728,J1239.4+0728,J1239.4+0728,3
1545,J1239.5+0443,J1239.5+0443,J1239.5+0443,J1239.5+0443,J1239.5+0443,2
1547,J1241.6-1456,J1241.8-1456,J1241.8-1456,J1241.8-1456,J1241.8-1456,2
1548,J1241.9+0639,J1241.9+0636,J1241.9+0636,J1241.9+0636,J1241.9+0636,2
1549,J1243.1+3627,J1243.2+3627,J1243.2+3627,J1243.2+3627,J1243.2+3627,2
1550,J1243.9-0217,J1243.9-0218,J1243.9-0218,J1243.9-0218,J1243.9-0218,2
1551,J1244.1+1615,J1244.5+1616,J1244.5+1616,J1244.5+1616,J1244.5+1616,2
1554,J1244.3-4955,J1244.2-4956,J1244.2-4956,J1244.2-4956,J1244.2-4956,2
1555,J1244.8+5707,J1245.1+5709,J1245.1+5709,J1245.1+5709,J1245.1+5709,2
1556,J1246.7-2547,J1246.7-2548,J1246.7-2548,J1246.7-2548,J1246.7-2548,2
1557,J1247.0+4421,J1247.0+4421,J1247.0+4421,J1247.0+4421,J1247.0+4421,2
1558,J1248.0+5130,J1248.7+5127,J1248.7+5127,J1248.7+5127,J1248.7+5127,2
1559,J1248.2+5820,J1248.3+5820,J1248.3+5820,J1248.3+5820,J1248.3+5820,2
1562,J1249.7+3705,J1249.8+3707,J1249.8+3707,J1249.8+3707,J1249.8+3707,2
1564,J1250.5+0217,J1250.6+0217,J1250.6+0217,J1250.6+0217,J1250.6+0217,2
1565,J1251.0-0203,J1251.3-0201,J1251.3-0201,J1251.3-0201,J1251.3-0201,2
1567,J1251.3+1041,J1251.2+1039,J1251.2+1039,J1251.2+1039,J1251.2+1039,2
1568,J1253.2+5300,J1253.2+5301,J1253.2+5301,J1253.2+5301,J1253.2+5301,2
1569,J1253.7+0327,J1253.8+0327,J1253.8+0327,J1253.8+0327,J1253.8+0327,2
1570,J1254.1-2203,J1254.2-2205,J1254.2-2205,J1254.2-2205,J1254.2-2205,2
1571,J1254.1+6240,J1253.8+6242,J1253.8+6242,J1253.8+6242,J1253.8+6242,2
1572,J1254.5+2210,J1254.5+2210,J1254.5+2210,J1254.5+2210,J1254.5+2210,2
1573,J1254.9-4423,J1254.9-4426,J1254.9-4426,J1254.9-4426,J1254.9-4426,2
1574,J1256.1-0547,J1256.1-0547,J1256.1-0547,J1256.1-0547,J1256.1-0547,2
1576,J1256.1-5919,J1256.1-5919,J1256.1-5919,J1256.1-5919,J1256.1-5919,2
1577,J1256.3-1146,J1256.2-1146,J1256.2-1146,J1256.2-1146,J1256.2-1146,3
1581,J1258.0+6120,J1258.3+6121,J1258.3+6121,J1258.3+6121,J1258.3+6121,2
1584,J1258.6-1800,J1258.6-1759,J1258.6-1759,J1258.6-1759,J1258.6-1759,2
1585,J1258.7-2219,J1258.8-2219,J1258.8-2219,J1258.8-2219,J1258.8-2219,2
1586,J1258.7+5137,J1258.7+5143,J1258.7+5143,J1258.7+5143,J1258.7+5143,2
1587,J1259.0-2310,J1259.1-2311,J1259.1-2311,J1259.1-2311,J1259.1-2311,3
1590,J1259.8-3749,J1259.8-3749,J1259.8-3749,J1259.8-3749,J1259.8-3749,3
1591,J1300.2+1416,J1300.4+1416,J1300.4+1416,J1300.4+1416,J1300.4+1416,2
1593,J1301.6+0832,J1301.6+0834,J1301.6+0834,J1301.6+0834,J1301.6+0834,3
1594,J1302.3-3259,J1302.4-3258,J1302.4-3258,J1302.4-3258,J1302.4-3258,3
1595,J1302.6+5748,J1302.8+5748,J1302.8+5748,J1302.8+5748,J1302.8+5748,3
1596,J1303.0-6312e,J1303.0-6312e,J1303.0-6312e,J1303.0-6312e,J1303.0-6312e,2
1597,J1303.0+2435,J1303.0+2434,J1303.0+2434,J1303.0+2434,J1303.0+2434,2
1598,J1303.7-4619,J1303.6-4622,J1303.6-4622,J1303.6-4622,J1303.6-4622,2
1599,J1304.2-2411,J1304.2-2412,J1304.2-2412,J1304.2-2412,J1304.2-2412,3
1600,J1304.3-5535,J1304.0-5539,J1304.0-5539,J1304.0-5539,J1304.0-5539,2
1601,J1304.3-4353,J1304.3-4353,J1304.3-4353,J1304.3-4353,J1304.3-4353,2
1603,J1304.8-0338,J1304.6-0348,J1304.6-0348,J1304.6-0348,J1304.6-0348,2
1604,J1304.9-2109,J1304.9-2107,J1304.9-2107,J1304.9-2107,J1304.9-2107,2
1605,J1305.4-4926,J1305.4-4928,J1305.4-4928,J1305.4-4928,J1305.4-4928,2
1606,J1305.5+7854,J1305.6+7853,J1305.6+7853,J1305.6+7853,J1305.6+7853,2
1607,J1305.7-6241,J1305.5-6241,J1305.5-6241,J1305.5-6241,J1305.5-6241,2
1609,J1306.8-2146,J1306.7-2148,J1306.7-2148,J1306.7-2148,J1306.7-2148,3
1611,J1307.6-4300,J1307.6-4259,J1307.6-4259,J1307.6-4259,J1307.6-4259,3
1612,J1308.1-6707,J1308.4-6706,J1308.4-6706,J1308.4-6706,J1308.4-6706,2
1613,J1308.7+3545,J1308.5+3547,J1308.5+3547,J1308.5+3547,J1308.5+3547,2
1616,J1309.3+4304,J1309.4+4305,J1309.4+4305,J1309.4+4305,J1309.4+4305,2
1617,J1309.5+1154,J1309.7+1153,J1309.7+1153,J1309.7+1153,J1309.7+1153,2
1618,J1310.2-1159,J1310.2-1158,J1310.2-1158,J1310.2-1158,J1310.2-1158,2
1619,J1310.6+2446,J1310.6+2449,J1310.6+2449,J1310.6+2449,J1310.6+2449,3
1620,J1310.6+3222,J1310.5+3221,J1310.5+3221,J1310.5+3221,J1310.5+3221,2
1621,J1310.7+5515,J1310.9+5514,J1310.9+5514,J1310.9+5514,J1310.9+5514,2
1622,J1311.0+0036,J1311.0+0034,J1311.0+0034,J1311.0+0034,J1311.0+0034,2
1623,J1311.8-3430,J1311.7-3430,J1311.7-3430,J1311.7-3430,J1311.7-3430,3
1626,J1312.5-2155,J1312.4-2156,J1312.4-2156,J1312.4-2156,J1312.4-2156,2
1627,J1312.7+4828,J1312.6+4828,J1312.6+4828,J1312.6+4828,J1312.6+4828,3
1628,J1312.7+0051,J1312.7+0050,J1312.7+0050,J1312.7+0050,J1312.7+0050,3
1629,J1312.7-2349,J1312.8-2350,J1312.8-2350,J1312.8-2350,J1312.8-2350,3
1630,J1312.8-0424,J1312.8-0425,J1312.8-0425,J1312.8-0425,J1312.8-0425,2
1631,J1314.7-4237,J1315.0-4236,J1315.0-4236,J1315.0-4236,J1315.0-4236,3
1632,J1314.8+2349,J1314.7+2348,J1314.7+2348,J1314.7+2348,J1314.7+2348,2
1633,J1315.1-5329,J1315.1-5333,J1315.1-5333,J1315.1-5333,J1315.1-5333,3
1634,J1315.4+1130,J1315.5+1135,J1315.5+1135,J1315.5+1135,J1315.5+1135,3
1636,J1316.0-3338,J1316.1-3338,J1316.1-3338,J1316.1-3338,J1316.1-3338,2
1639,J1317.8+3429,J1317.6+3428,J1317.6+3428,J1317.6+3428,J1317.6+3428,2
1640,J1318.7-1232,J1318.7-1234,J1318.7-1234,J1318.7-1234,J1318.7-1234,2
1641,J1319.3+1402,J1319.5+1404,J1319.5+1404,J1319.5+1404,J1319.5+1404,2
1642,J1319.6+7759,J1319.8+7759,J1319.8+7759,J1319.8+7759,J1319.8+7759,3
1643,J1321.0+2215,J1321.1+2216,J1321.1+2216,J1321.1+2216,J1321.1+2216,2
1644,J1321.7+8312,J1322.0+8317,J1322.0+8317,J1322.0+8317,J1322.0+8317,2
1645,J1322.3+0839,J1322.2+0842,J1322.2+0842,J1322.2+0842,J1322.2+0842,3
1646,J1322.6-1619,J1322.6-1617,J1322.6-1617,J1322.6-1617,J1322.6-1617,2
1647,J1322.8-0938,J1322.6-0936,J1322.6-0936,J1322.6-0936,J1322.6-0936,2
1648,J1322.9+0435,J1322.9+0437,J1322.9+0437,J1322.9+0437,J1322.9+0437,2
1649,J1323.0+2942,J1323.0+2941,J1323.0+2941,J1323.0+2941,J1323.0+2941,2
1651,J1323.9+1405,J1323.9+1405,J1323.9+1405,J1323.9+1405,J1323.9+1405,2
1652,J1324.0-4330e,J1324.0-4330e,J1324.0-4330e,J1324.0-4330e,J1324.0-4330e,2
1654,J1325.4-4301,J1325.5-4300,J1325.5-4300,J1325.5-4300,J1325.5-4300,2
1657,J1326.6-5256,J1326.8-5256,J1326.8-5256,J1326.8-5256,J1326.8-5256,2
1658,J1326.7-4727,J1326.6-4729,J1326.6-4729,J1326.6-4729,J1326.6-4729,2
1659,J1326.8+2211,J1326.9+2210,J1326.9+2210,J1326.9+2210,J1326.9+2210,2
1660,J1327.9+2524,J1327.8+2522,J1327.8+2522,J1327.8+2522,J1327.8+2522,2
1661,J1328.5-4728,J1328.5-4727,J1328.5-4727,J1328.5-4727,J1328.5-4727,3
1662,J1328.9-5607,J1329.0-5607,J1329.0-5607,J1329.0-5607,J1329.0-5607,3
1666,J1330.0+4437,J1330.3+4441,J1330.3+4441,J1330.3+4441,J1330.3+4441,2
1667,J1330.1-7002,J1330.2-7003,J1330.2-7003,J1330.2-7003,J1330.2-7003,2
1669,J1330.5+3023,J1331.0+3032,J1331.0+3032,J1331.0+3032,J1331.0+3032,2
1670,J1330.6+7002,J1330.2+7002,J1330.2+7002,J1330.2+7002,J1330.2+7002,2
1671,J1330.9+5201,J1330.7+5200,J1330.7+5200,J1330.7+5200,J1330.7+5200,2
1672,J1331.1-1328,J1331.2-1325,J1331.2-1325,J1331.2-1325,J1331.2-1325,3
1673,J1331.5+1711,J1331.6+1711,J1331.6+1711,J1331.6+1711,J1331.6+1711,2
1674,J1331.8+4718,J1332.2+4722,J1332.2+4722,J1332.2+4722,J1332.2+4722,2
1675,J1332.0-0508,J1332.0-0509,J1332.0-0509,J1332.0-0509,J1332.0-0509,2
1676,J1332.6-1256,J1332.6-1256,J1332.6-1256,J1332.6-1256,J1332.6-1256,2
1677,J1332.8+2723,J1333.2+2725,J1333.2+2725,J1333.2+2725,J1333.2+2725,2
1678,J1333.7+5057,J1333.7+5056,J1333.7+5056,J1333.7+5056,J1333.7+5056,2
1683,J1335.4-2949,J1335.3-2949,J1335.3-2949,J1335.3-2949,J1335.3-2949,2
1684,J1337.6-1257,J1337.6-1257,J1337.6-1257,J1337.6-1257,J1337.6-1257,2
1685,J1338.6-2403,J1339.0-2400,J1339.0-2400,J1339.0-2400,J1339.0-2400,2
1686,J1338.9+6532,J1338.0+6534,J1338.0+6534,J1338.0+6534,J1338.0+6534,2
1687,J1339.0+1153,J1338.9+1153,J1338.9+1153,J1338.9+1153,J1338.9+1153,2
1688,J1339.8-0133,J1339.9-0138,J1339.9-0138,J1339.9-0138,J1339.9-0138,2
1689,J1340.6+4412,J1340.5+4409,J1340.5+4409,J1340.5+4409,J1340.5+4409,2
1690,J1340.6-0408,J1340.8-0409,J1340.8-0409,J1340.8-0409,J1340.8-0409,3
1691,J1341.0+3955,J1341.2+3958,J1341.2+3958,J1341.2+3958,J1341.2+3958,2
1692,J1341.5+5517,J1341.6+5515,J1341.6+5515,J1341.6+5515,J1341.6+5515,2
1693,J1341.9-2053,J1341.8-2053,J1341.8-2053,J1341.8-2053,J1341.8-2053,2
1695,J1342.7+0945,J1342.6+0944,J1342.6+0944,J1342.6+0944,J1342.6+0944,3
1696,J1343.6+5753,J1343.6+5755,J1343.6+5755,J1343.6+5755,J1343.6+5755,2
1697,J1344.2-1724,J1344.2-1723,J1344.2-1723,J1344.2-1723,J1344.2-1723,2
1698,J1344.5-3655,J1344.4-3656,J1344.4-3656,J1344.4-3656,J1344.4-3656,2
1699,J1345.1-6224,J1344.9-6228,J1344.9-6228,J1344.9-6228,J1344.9-6228,2
1701,J1345.6+4453,J1345.5+4453,J1345.5+4453,J1345.5+4453,J1345.5+4453,2
1702,J1345.8+0704,J1345.8+0706,J1345.8+0706,J1345.8+0706,J1345.8+0706,2
1703,J1345.9-3357,J1345.6-3356,J1345.6-3356,J1345.6-3356,J1345.6-3356,3
1705,J1346.6-6027,J1346.3-6026,J1346.3-6026,J1346.3-6026,J1346.3-6026,2
1706,J1346.9-2958,J1347.1-2959,J1347.1-2959,J1347.1-2959,J1347.1-2959,3
1707,J1347.6-3754,J1347.6-3751,J1347.6-3751,J1347.6-3751,J1347.6-3751,2
1710,J1349.6-1133,J1349.5-1131,J1349.5-1131,J1349.5-1131,J1349.5-1131,2
1712,J1350.8+3035,J1350.8+3033,J1350.8+3033,J1350.8+3033,J1350.8+3033,2
1714,J1351.1+0030,J1351.0+0029,J1351.0+0029,J1351.0+0029,J1351.0+0029,2
1715,J1351.4+1115,J1351.3+1115,J1351.3+1115,J1351.3+1115,J1351.3+1115,2
1716,J1351.7-2913,J1351.7-2912,J1351.7-2912,J1351.7-2912,J1351.7-2912,2
1718,J1353.1-4414,J1353.0-4413,J1353.0-4413,J1353.0-4413,J1353.0-4413,2
1719,J1353.2+1435,J1353.3+1434,J1353.3+1434,J1353.3+1434,J1353.3+1434,2
1720,J1353.5-6640,J1353.6-6640,J1353.6-6640,J1353.6-6640,J1353.6-6640,2
1721,J1354.5+3705,J1354.4+3707,J1354.4+3707,J1354.4+3707,J1354.4+3707,2
1722,J1355.0-1044,J1354.8-1041,J1354.8-1041,J1354.8-1041,J1354.8-1041,2
1724,J1356.6-6428,J1355.2-6420e,J1355.2-6420e,J1355.2-6420e,J1356.9-6432,3
1725,J1356.6-6428,J1355.2-6420e,J1355.2-6420e,J1356.9-6432,J1356.9-6432,3
1726,J1356.6-6428,J1355.2-6420e,J1356.9-6432,J1355.2-6420e,J1356.9-6432,3
1727,J1356.6-6428,J1355.2-6420e,J1356.9-6432,J1356.9-6432,J1356.9-6432,3
1728,J1356.6-6428,J1356.9-6432,J1355.2-6420e,J1355.2-6420e,J1356.9-6432,3
1729,J1356.6-6428,J1356.9-6432,J1355.2-6420e,J1356.9-6432,J1356.9-6432,3
1730,J1356.6-6428,J1356.9-6432,J1356.9-6432,J1355.2-6420e,J1356.9-6432,3
1731,J1356.6-6428,J1356.9-6432,J1356.9-6432,J1356.9-6432,J1356.9-6432,2
1732,J1357.5+0125,J1357.5+0127,J1357.5+0127,J1357.5+0127,J1357.5+0127,2
1733,J1357.6+7643,J1358.1+7642,J1358.1+7642,J1358.1+7642,J1358.1+7642,2
1735,J1359.0+5544,J1359.1+5544,J1359.1+5544,J1359.1+5544,J1359.1+5544,2
1736,J1359.2+0204,J1359.4+0202,J1359.4+0202,J1359.4+0202,J1359.4+0202,2
1737,J1359.9-3746,J1359.8-3746,J1359.8-3746,J1359.8-3746,J1359.8-3746,2
1740,J1400.7-5605,J1400.6-5605,J1400.6-5605,J1400.6-5605,J1400.6-5605,2
1745,J1404.8+6554,J1404.8+6554,J1404.8+6554,J1404.8+6554,J1404.8+6554,2
1746,J1404.8+0401,J1404.8+0402,J1404.8+0402,J1404.8+0402,J1404.8+0402,2
1755,J1406.0-2508,J1406.1-2508,J1406.1-2508,J1406.1-2508,J1406.1-2508,3
1756,J1406.6+1644,J1406.9+1643,J1406.9+1643,J1406.9+1643,J1406.9+1643,2
1757,J1407.7-4256,J1407.6-4301,J1407.6-4301,J1407.6-4301,J1407.6-4301,3
1759,J1408.8-0751,J1408.9-0751,J1408.9-0751,J1408.9-0751,J1408.9-0751,2
1762,J1410.4+2821,J1410.4+2820,J1410.4+2820,J1410.4+2820,J1410.4+2820,2
1767,J1412.0+5249,J1411.8+5249,J1411.8+5249,J1411.8+5249,J1411.8+5249,3
1769,J1413.2-6518,J1413.1-6519,J1413.1-6519,J1413.1-6519,J1413.1-6519,2
1770,J1413.4-6205,J1413.5-6205,J1413.5-6205,J1413.5-6205,J1413.5-6205,2
1772,J1415.2+4832,J1415.5+4830,J1415.5+4830,J1415.5+4830,J1415.5+4830,2
1774,J1416.1-2417,J1416.1-2417,J1416.1-2417,J1416.1-2417,J1416.1-2417,2
1777,J1417.8+2540,J1417.9+2543,J1417.9+2543,J1417.9+2543,J1417.9+2543,2
1778,J1418.4-0233,J1418.4-0233,J1418.4-0233,J1418.4-0233,J1418.4-0233,2
1779,J1418.5+3543,J1418.4+3543,J1418.4+3543,J1418.4+3543,J1418.4+3543,3
1780,J1418.6-6058,J1418.7-6057,J1418.7-6057,J1418.7-6057,J1418.7-6057,2
1781,J1418.9+7731,J1418.9+7731,J1418.9+7731,J1418.9+7731,J1418.9+7731,3
1782,J1419.1-5156,J1419.6-5153,J1419.6-5153,J1419.6-5153,J1419.6-5153,2
1784,J1419.5-0836,J1419.4-0838,J1419.4-0838,J1419.4-0838,J1419.4-0838,3
1785,J1419.5+0449,J1419.3+0444,J1419.3+0444,J1419.3+0444,J1419.3+0444,2
1786,J1419.8+3819,J1419.5+3821,J1419.5+3821,J1419.5+3821,J1419.5+3821,2
1787,J1419.9+5425,J1419.8+5423,J1419.8+5423,J1419.8+5423,J1419.8+5423,2
1788,J1420.0-6048,J1420.0-6048,J1420.0-6048,J1420.0-6048,J1420.0-6048,2
1789,J1420.0-6048,J1420.0-6048,J1420.0-6048,J1420.3-6046e,J1420.0-6048,3
1790,J1420.0-6048,J1420.0-6048,J1420.3-6046e,J1420.0-6048,J1420.0-6048,3
1791,J1420.0-6048,J1420.0-6048,J1420.3-6046e,J1420.3-6046e,J1420.0-6048,3
1792,J1420.0-6048,J1420.3-6046e,J1420.0-6048,J1420.0-6048,J1420.0-6048,3
1793,J1420.0-6048,J1420.3-6046e,J1420.0-6048,J1420.3-6046e,J1420.0-6048,3
1794,J1420.0-6048,J1420.3-6046e,J1420.3-6046e,J1420.0-6048,J1420.0-6048,3
1795,J1420.0-6048,J1420.3-6046e,J1420.3-6046e,J1420.3-6046e,J1420.0-6048,3
1798,J1421.0-1122,J1421.1-1120,J1421.1-1120,J1421.1-1120,J1421.1-1120,2
1800,J1422.4+3227,J1422.3+3223,J1422.3+3223,J1422.5+3223,J1422.5+3223,2
1801,J1422.4-6137,J1422.5-6137,J1422.5-6137,J1422.5-6137,J1422.5-6137,2
1802,J1422.8-7828,J1423.5-7829,J1423.5-7829,J1423.5-7829,J1423.6-7829,2
1803,J1422.8+5801,J1422.6+5801,J1422.6+5801,J1422.6+5801,J1422.6+5801,2
1804,J1424.3+0434,J1424.2+0433,J1424.2+0433,J1424.2+0433,J1424.2+0433,2
1806,J1424.6-6807,J1424.8-6808,J1424.8-6808,J1424.8-6808,J1424.8-6808,2
1807,J1424.9+3615,J1425.0+3615,J1425.0+3615,J1425.0+3615,J1425.0+3615,2
1808,J1426.2+3402,J1426.1+3403,J1426.1+3403,J1426.1+3403,J1426.1+3403,2
1809,J1427.0+2347,J1427.0+2348,J1427.0+2348,J1427.0+2348,J1427.0+2348,2
1811,J1427.6-3305,J1427.6-3305,J1427.6-3305,J1427.6-3305,J1427.6-3305,2
1812,J1427.8-3215,J1427.7-3215,J1427.7-3215,J1427.7-3215,J1427.7-3215,3
1813,J1427.9-4206,J1427.9-4206,J1427.9-4206,J1427.9-4206,J1427.9-4206,2
1814,J1428.5+4240,J1428.5+4240,J1428.5+4240,J1428.5+4240,J1428.5+4240,2
1815,J1429.8-5910,J1429.9-5911,J1429.9-5911,J1429.9-5911,J1429.9-5911,2
1818,J1434.1+4203,J1434.2+4204,J1434.2+4204,J1434.2+4204,J1434.2+4204,2
1819,J1434.6+6640,J1434.8+6640,J1434.8+6640,J1434.8+6640,J1434.8+6640,3
1820,J1434.6+1951,J1434.7+1950,J1434.7+1950,J1434.7+1950,J1434.7+1950,2
1821,J1435.2+2023,J1435.5+2021,J1435.5+2021,J1435.5+2021,J1435.5+2021,3
1822,J1436.8+5639,J1436.9+5638,J1436.9+5638,J1436.9+5638,J1436.9+5638,2
1823,J1436.8+2322,J1436.9+2321,J1436.9+2321,J1436.9+2321,J1436.9+2321,2
1825,J1438.7+3710,J1438.9+3710,J1438.9+3710,J1438.9+3710,J1438.9+3710,2
1826,J1439.2+3931,J1439.3+3932,J1439.3+3932,J1439.3+3932,J1439.3+3932,2
1827,J1440.0-3955,J1439.9-3953,J1439.9-3953,J1439.9-3953,J1439.9-3953,3
1828,J1440.1+4955,J1439.7+4958,J1439.7+4958,J1439.7+4958,J1439.7+4958,2
1830,J1440.4-3845,J1440.6-3846,J1440.6-3846,J1440.6-3846,J1440.6-3846,2
1831,J1440.9+0610,J1440.9+0609,J1440.9+0609,J1440.9+0609,J1440.9+0609,2
1832,J1441.5-5955c,J1441.6-5951c,J1441.6-5951c,J1441.6-5951c,J1441.6-5951c,2
1833,J1442.0+4348,J1442.0+4348,J1442.0+4348,J1442.0+4348,J1442.0+4348,2
1834,J1442.6+5156,J1443.1+5201,J1443.1+5201,J1443.1+5201,J1443.1+5201,2
1835,J1442.8+1200,J1442.7+1200,J1442.7+1200,J1442.7+1200,J1442.7+1200,2
1836,J1443.9+2502,J1443.9+2501,J1443.9+2501,J1443.9+2501,J1443.9+2501,2
1839,J1445.0-0328,J1445.0-0326,J1445.0-0326,J1445.0-0326,J1445.0-0326,2
1841,J1446.1-1628,J1445.9-1626,J1445.9-1626,J1445.9-1626,J1445.9-1626,2
1842,J1446.6-4701,J1446.6-4701,J1446.6-4701,J1446.6-4701,J1446.6-4701,3
1843,J1446.8-1831,J1446.8-1830,J1446.8-1830,J1446.8-1830,J1446.8-1830,2
1845,J1448.0+3608,J1448.0+3608,J1448.0+3608,J1448.0+3608,J1448.0+3608,2
1846,J1450.4+0911,J1450.4+0910,J1450.4+0910,J1450.4+0910,J1450.4+0910,2
1847,J1450.9+5200,J1450.8+5201,J1450.8+5201,J1450.8+5201,J1450.8+5201,2
1848,J1451.2+6355,J1451.4+6355,J1451.4+6355,J1451.4+6355,J1451.4+6355,2
1849,J1454.0+1622,J1454.1+1622,J1454.1+1622,J1454.1+1622,J1454.1+1622,2
1850,J1454.2-3751,J1454.4-3744,J1454.4-3744,J1454.4-3744,J1454.4-3744,2
1851,J1454.5+5124,J1454.4+5124,J1454.4+5124,J1454.4+5124,J1454.4+5124,2
1853,J1457.4-3539,J1457.4-3539,J1457.4-3539,J1457.4-3539,J1457.4-3539,2
1856,J1458.7+3719,J1458.6+3722,J1458.6+3722,J1458.6+3722,J1458.6+3722,2
1858,J1459.4-6053,J1459.5-6053,J1459.5-6053,J1459.5-6053,J1459.5-6053,2
1859,J1500.6+4750,J1500.7+4752,J1500.7+4752,J1500.7+4752,J1500.7+4752,2
1860,J1500.9+2238,J1501.0+2238,J1501.0+2238,J1501.0+2238,J1501.0+2238,2
1863,J1503.7+4759,J1503.5+4759,J1503.5+4759,J1503.5+4759,J1503.5+4759,2
1864,J1503.7-6426,J1503.6-6427,J1503.6-6427,J1503.6-6427,J1503.6-6427,2
1865,J1503.7-1540,J1503.7-1540,J1503.7-1540,J1503.7-1540,J1503.7-1540,2
1866,J1504.4+1029,J1504.4+1029,J1504.4+1029,J1504.4+1029,J1504.4+1029,2
1867,J1504.5-8242,J1505.5-8241,J1505.5-8241,J1505.5-8241,J1505.5-8241,2
1868,J1505.0-3432,J1505.0-3433,J1505.0-3433,J1505.0-3433,J1505.0-3433,2
1869,J1505.1+0326,J1505.0+0326,J1505.0+0326,J1505.0+0326,J1505.0+0326,3
1870,J1506.1+3728,J1506.1+3731,J1506.1+3731,J1506.1+3731,J1506.1+3731,2
1871,J1506.3+4332,J1506.4+4331,J1506.4+4331,J1506.4+4331,J1506.4+4331,2
1874,J1506.6+0811,J1506.6+0813,J1506.6+0813,J1506.6+0813,J1506.6+0813,2
1875,J1507.4+1725,J1507.2+1721,J1507.2+1721,J1507.2+1721,J1507.2+1721,2
1876,J1507.6-3710,J1507.3-3710,J1507.3-3710,J1507.3-3710,J1507.3-3710,2
1877,J1508.6+2709,J1508.8+2708,J1508.8+2708,J1508.8+2708,J1508.8+2708,2
1878,J1508.7-4956,J1508.5-4951,J1508.5-4951,J1508.5-4951,J1508.5-4951,2
1879,J1509.4-5850,J1509.4-5850,J1509.4-5850,J1509.4-5850,J1509.4-5850,2
1880,J1509.7+5556,J1509.7+5556,J1509.7+5556,J1509.7+5556,J1509.7+5556,2
1883,J1510.9-0542,J1510.8-0542,J1510.8-0542,J1510.8-0542,J1510.8-0542,2
1884,J1511.8-0513,J1511.8-0513,J1511.8-0513,J1511.8-0513,J1511.8-0513,3
1885,J1512.2+0202,J1512.2+0202,J1512.2+0202,J1512.2+0202,J1512.2+0202,2
1886,J1512.2-2255,J1512.1-2255,J1512.1-2255,J1512.1-2255,J1512.1-2255,3
1888,J1512.3+8005,J1510.8+7959,J1510.8+7959,J1510.8+7959,J1510.8+7959,2
1890,J1512.8-0906,J1512.8-0906,J1512.8-0906,J1512.8-0906,J1512.8-0906,2
1893,J1513.4-2549,J1513.4-2549,J1513.4-2549,J1513.4-2549,J1513.4-2549,3
1894,J1513.5-3233,J1513.4-3231,J1513.4-3231,J1513.4-3231,J1513.4-3231,2
1899,J1514.2-4947,J1514.3-4946,J1514.3-4946,J1514.3-4946,J1514.3-4946,3
1900,J1514.5-4750,J1514.8-4748,J1514.8-4748,J1514.8-4748,J1514.8-4748,2
1902,J1514.8-3623,J1514.7-3617,J1514.7-3617,J1514.7-3617,J1514.7-3617,2
1903,J1516.7+3648,J1516.8+3651,J1516.8+3651,J1516.8+3651,J1516.8+3651,2
1904,J1516.9+1926,J1516.9+1934,J1516.9+1934,J1516.9+1934,J1516.9+1934,2
1907,J1517.6+6524,J1517.7+6525,J1517.7+6525,J1517.7+6525,J1517.7+6525,2
1908,J1517.6-2422,J1517.7-2422,J1517.7-2422,J1517.7-2422,J1517.7-2422,2
1909,J1518.0-2732,J1518.0-2731,J1518.0-2731,J1518.0-2731,J1518.0-2731,3
1911,J1520.3+4209,J1520.5+4209,J1520.5+4209,J1520.5+4209,J1520.5+4209,2
1912,J1520.8-0348,J1520.8-0348,J1520.8-0348,J1520.8-0348,J1520.8-0348,2
1913,J1521.1+5543,J1520.4+5546,J1520.4+5546,J1520.4+5546,J1520.4+5546,2
1914,J1521.8+4340,J1521.8+4338,J1521.8+4338,J1521.8+4338,J1521.8+4338,2
1915,J1521.9-5736,J1521.9-5735,J1521.9-5735,J1521.9-5735,J1521.9-5735,2
1916,J1522.1+3144,J1522.1+3144,J1522.1+3144,J1522.1+3144,J1522.1+3144,2
1917,J1522.6-2730,J1522.6-2730,J1522.6-2730,J1522.6-2730,J1522.6-2730,2
1918,J1525.2-5905,J1524.8-5904,J1524.8-5904,J1524.8-5904,J1524.8-5904,2
1926,J1531.0+5737,J1530.9+5736,J1530.9+5736,J1530.9+5736,J1530.9+5736,2
1927,J1531.8+4704,J1531.7+4710,J1531.7+4710,J1531.7+4710,J1531.7+4710,2
1929,J1532.0+3018,J1532.0+3016,J1532.0+3016,J1532.0+3016,J1532.0+3016,2
1930,J1532.7-1319,J1532.7-1319,J1532.7-1319,J1532.7-1319,J1532.7-1319,3
1931,J1533.2+1852,J1533.2+1855,J1533.2+1855,J1533.2+1855,J1533.2+1855,2
1932,J1533.5+3416,J1533.2+3416,J1533.2+3416,J1533.2+3416,J1533.2+3416,2
1934,J1534.4+5323,J1535.0+5320,J1535.0+5320,J1535.0+5320,J1535.0+5320,2
1935,J1534.5+0128,J1534.8+0131,J1534.8+0131,J1534.8+0131,J1534.8+0131,2
1936,J1535.0+3721,J1534.8+3716,J1534.8+3716,J1534.8+3716,J1534.8+3716,2
1937,J1535.7+3920,J1535.4+3919,J1535.4+3919,J1535.4+3919,J1535.4+3919,2
1938,J1536.3-4949,J1536.4-4948,J1536.4-4948,J1536.4-4948,J1536.4-4948,3
1940,J1537.8-8000,J1537.7-7957,J1537.7-7957,J1537.7-7957,J1537.7-7957,2
1943,J1539.5+2746,J1539.6+2743,J1539.6+2743,J1539.6+2743,J1539.6+2743,2
1944,J1539.8-1128,J1539.7-1127,J1539.7-1127,J1539.7-1127,J1539.7-1127,3
1945,J1540.1+8155,J1540.1+8155,J1540.1+8155,J1540.1+8155,J1540.1+8155,2
1946,J1540.8+1449,J1540.7+1449,J1540.7+1449,J1540.7+1449,J1540.7+1449,2
1950,J1542.9+6129,J1543.0+6130,J1543.0+6130,J1543.0+6130,J1543.0+6130,2
1951,J1542.9-5141,J1543.6-5148,J1543.6-5148,J1543.6-5148,J1543.6-5148,3
1952,J1543.5+0451,J1543.6+0452,J1543.6+0452,J1543.6+0452,J1543.6+0452,3
1954,J1544.0+4938,J1544.0+4939,J1544.0+4939,J1544.0+4939,J1544.0+4939,3
1958,J1546.0+0818,J1546.0+0819,J1546.0+0819,J1546.0+0819,J1546.0+0819,2
1959,J1546.6+1812,J1546.5+1816,J1546.5+1816,J1546.5+1816,J1546.5+1816,2
1960,J1547.1-2801,J1547.3-2802,J1547.3-2802,J1547.3-2802,J1547.3-2802,3
1962,J1548.8-2250,J1548.8-2250,J1548.8-2250,J1548.8-2250,J1548.8-2250,2
1963,J1549.0+6309,J1549.3+6310,J1549.3+6310,J1549.3+6310,J1549.3+6310,3
1965,J1549.4+0237,J1549.5+0236,J1549.5+0236,J1549.5+0236,J1549.5+0236,2
1967,J1549.5+1709,J1549.6+1710,J1549.6+1710,J1549.6+1710,J1549.6+1710,3
1968,J1549.7-0658,J1549.8-0659,J1549.8-0659,J1549.8-0659,J1549.8-0659,3
1970,J1550.3+7409,J1549.4+7409,J1549.4+7409,J1549.4+7409,J1549.4+7409,2
1972,J1550.5+0526,J1550.7+0528,J1550.7+0528,J1550.7+0528,J1550.7+0528,2
1974,J1552.1+0852,J1552.0+0850,J1552.0+0850,J1552.0+0850,J1552.0+0850,2
1979,J1553.3-2421,J1553.6-2422,J1553.6-2422,J1553.6-2422,J1553.6-2422,2
1980,J1553.5-3118,J1553.5-3118,J1553.5-3118,J1553.5-3118,J1553.5-3118,2
1981,J1553.5+1256,J1553.6+1257,J1553.6+1257,J1553.6+1257,J1553.6+1257,2
1984,J1555.7+1111,J1555.7+1111,J1555.7+1111,J1555.7+1111,J1555.7+1111,2
1986,J1557.4-7040,J1557.5-7040,J1557.5-7040,J1557.5-7040,J1557.5-7040,3
1987,J1558.9-6432,J1558.9-6432,J1558.9-6432,J1558.9-6432,J1558.9-6432,2
1988,J1558.9+5625,J1558.8+5625,J1558.8+5625,J1558.8+5625,J1558.8+5625,2
1989,J1559.7+8512,J1600.0+8510,J1600.0+8510,J1600.0+8510,J1600.0+8510,2
1990,J1559.8-2525,J1559.8-2525,J1559.8-2525,J1559.8-2525,J1559.8-2525,2
1991,J1559.9+2319,J1559.9+2319,J1559.9+2319,J1559.9+2319,J1559.9+2319,2
1992,J1600.3-5810,J1600.3-5811,J1600.3-5811,J1600.3-5811,J1600.3-5811,3
1993,J1600.8-3053,J1600.9-3054,J1600.9-3054,J1600.9-3054,J1600.9-3054,3
1997,J1603.7+1106,J1603.8+1104,J1603.8+1104,J1603.8+1104,J1603.8+1104,2
1998,J1603.9-4903,J1603.8-4903,J1603.8-4903,J1603.8-4903,J1603.8-4903,2
1999,J1604.4-4442,J1604.5-4441,J1604.5-4441,J1604.5-4441,J1604.5-4441,3
2000,J1604.6+5714,J1604.6+5714,J1604.6+5714,J1604.6+5714,J1604.6+5714,2
2001,J1606.1+5630,J1606.3+5629,J1606.3+5629,J1606.3+5629,J1606.3+5629,2
2002,J1607.0+1551,J1607.0+1550,J1607.0+1550,J1607.0+1550,J1607.0+1550,3
2003,J1607.9-2040,J1608.0-2038,J1608.0-2038,J1608.0-2038,J1608.0-2038,3
2004,J1608.6+1029,J1608.7+1029,J1608.7+1029,J1608.7+1029,J1608.7+1029,2
2005,J1610.6-3956,J1610.3-3958,J1610.3-3958,J1610.3-3958,J1610.3-3958,2
2006,J1610.8-6649,J1610.7-6648,J1610.7-6648,J1610.7-6648,J1610.7-6648,2
2008,J1612.4-3100,J1612.4-3100,J1612.4-3100,J1612.4-3100,J1612.4-3100,3
2010,J1613.8+3410,J1613.6+3411,J1613.6+3411,J1613.6+3411,J1613.6+3411,2
2011,J1614.5-2231,J1614.5-2230,J1614.5-2230,J1614.5-2230,J1614.5-2230,3
2012,J1615.3-5146e,J1615.3-5146e,J1615.3-5146e,J1615.3-5146e,J1615.3-5146e,3
2014,J1615.8+4712,J1615.6+4712,J1615.6+4712,J1615.6+4712,J1615.6+4712,2
2015,J1616.2-5054e,J1616.2-5054e,J1616.2-5054e,J1616.2-5054e,J1616.2-5054e,2
2016,J1616.4+4631,J1616.6+4630,J1616.6+4630,J1616.6+4630,J1616.6+4630,2
2018,J1616.8+4111,J1616.7+4107,J1616.7+4107,J1616.7+4107,J1616.7+4107,2
2020,J1616.8-2300,J1616.9-2257,J1616.9-2257,J1616.9-2257,J1616.9-2257,2
2021,J1617.3-2519,J1617.2-2535,J1617.2-2535,J1617.2-2535,J1617.2-2535,2
2022,J1617.4-5846,J1617.3-5849,J1617.3-5849,J1617.3-5849,J1617.3-5849,2
2023,J1617.7-7717,J1617.9-7718,J1617.9-7718,J1617.9-7718,J1617.9-7718,2
2024,J1617.8+5137,J1618.0+5139,J1618.0+5139,J1618.0+5139,J1618.0+5139,2
2030,J1620.8-4928,J1620.7-4927,J1620.7-4927,J1620.7-4927,J1620.7-4927,2
2033,J1622.9-0312,J1623.0-0315,J1623.0-0315,J1623.0-0315,J1623.0-0315,3
2038,J1625.0+5651,J1624.6+5651,J1624.6+5651,J1624.6+5651,J1624.6+5651,2
2042,J1625.7-2527,J1625.7-2527,J1625.7-2527,J1625.7-2527,J1625.7-2527,2
2043,J1625.9+4125,J1625.7+4134,J1625.7+4134,J1625.7+4134,J1625.7+4134,2
2044,J1626.0-2951,J1626.0-2950,J1626.0-2950,J1626.0-2950,J1626.0-2950,2
2045,J1626.1+3512,J1626.3+3514,J1626.3+3514,J1626.3+3514,J1626.3+3514,2
2049,J1626.4-7640,J1626.6-7639,J1626.6-7639,J1626.6-7639,J1626.6-7639,3
2051,J1628.0-3203,J1628.1-3204,J1628.1-3204,J1628.1-3204,J1628.1-3204,3
2056,J1628.2+7703,J1628.6+7706,J1628.6+7706,J1628.6+7706,J1628.6+7706,3
2059,J1628.9-4852,J1628.2-4848c,J1628.2-4848c,J1628.2-4848c,J1628.2-4848c,2
2064,J1630.6+8232,J1630.6+8234,J1630.6+8234,J1630.6+8234,J1630.6+8234,2
2065,J1630.7+5222,J1630.7+5221,J1630.7+5221,J1630.7+5221,J1630.7+5221,2
2066,J1630.8+1047,J1631.2+1046,J1631.2+1046,J1631.2+1046,J1631.2+1046,2
2077,J1635.2+3809,J1635.2+3808,J1635.2+3808,J1635.2+3808,J1635.2+3808,2
2081,J1636.7+2624,J1636.7+2627,J1636.7+2627,J1636.7+2627,J1636.7+2627,3
2082,J1637.1+1314,J1637.1+1316,J1637.1+1316,J1637.1+1316,J1637.1+1316,2
2083,J1637.6-3449,J1637.8-3449,J1637.8-3449,J1637.8-3449,J1637.8-3449,3
2084,J1637.7+4715,J1637.7+4717,J1637.7+4717,J1637.7+4717,J1637.7+4717,2
2085,J1637.8+7325,J1637.7+7326,J1637.7+7326,J1637.7+7326,J1637.7+7326,2
2086,J1637.9+5719,J1638.1+5721,J1638.1+5721,J1638.1+5721,J1638.1+5721,2
2087,J1638.6-4654,J1638.5-4657,J1638.5-4657c,J1638.5-4657c,J1638.5-4657c,2
2089,J1639.8+4125,J1639.2+4129,J1639.2+4129,J1639.2+4129,J1639.2+4129,2
2092,J1640.6+3945,J1640.4+3945,J1640.4+3945,J1640.4+3945,J1640.4+3945,2
2093,J1640.9+1142,J1640.9+1143,J1640.9+1143,J1640.9+1143,J1640.9+1143,3
2094,J1641.1-4619c,J1641.0-4619,J1641.0-4619,J1641.0-4619,J1641.0-4619,2
2097,J1641.8-0619,J1641.9-0621,J1641.9-0621,J1641.9-0621,J1641.9-0621,2
2099,J1642.9+3950,J1642.9+3948,J1642.9+3948,J1642.9+3948,J1642.9+3948,2
2108,J1645.9+6336,J1645.6+6329,J1645.6+6329,J1645.6+6329,J1645.6+6329,2
2110,J1647.1-6438,J1647.4-6438,J1647.4-6438,J1647.4-6438,J1647.4-6438,3
2111,J1647.4+4950,J1647.5+4950,J1647.5+4950,J1647.5+4950,J1647.5+4950,3
2113,J1648.3-4611,J1648.4-4611,J1648.4-4611,J1648.4-4611,J1648.4-4611,2
2116,J1649.4+5238,J1649.4+5235,J1649.4+5235,J1649.4+5235,J1649.4+5235,2
2120,J1650.2-5044,J1650.3-5045,J1650.3-5045,J1650.3-5045,J1650.3-5045,3
2129,J1650.8+0830,J1650.7+0831,J1650.7+0831,J1650.7+0831,J1650.7+0831,2
2131,J1651.6+7219,J1651.6+7219,J1651.6+7219,J1651.6+7219,J1651.6+7219,2
2135,J1653.9+3945,J1653.8+3945,J1653.8+3945,J1653.8+3945,J1653.8+3945,2
2142,J1656.0+2044,J1656.0+2047,J1656.0+2047,J1656.0+2047,J1656.0+2047,2
2143,J1656.2-3303,J1656.3-3301,J1656.3-3301,J1656.3-3301,J1656.3-3301,2
2144,J1656.8-2010,J1656.9-2010,J1656.9-2010,J1656.9-2010,J1656.9-2010,3
2146,J1656.9+6008,J1657.0+6010,J1657.0+6010,J1657.0+6010,J1657.0+6010,2
2148,J1657.7+4807,J1657.7+4808,J1657.7+4808,J1657.7+4808,J1657.7+4808,2
2149,J1658.3+6149,J1658.4+6150,J1658.4+6150,J1658.4+6150,J1658.4+6150,2
2150,J1658.4-5323,J1658.6-5323,J1658.6-5323,J1658.6-5323,J1658.6-5323,3
2152,J1659.4+2631,J1659.0+2627,J1659.0+2627,J1659.0+2627,J1659.0+2627,2
2153,J1659.7-3132,J1659.7-3131,J1659.7-3131,J1659.7-3131,J1659.7-3131,2
2154,J1700.1+6829,J1700.0+6830,J1700.0+6830,J1700.0+6830,J1700.0+6830,2
2157,J1701.2-3006,J1701.2-3006,J1701.2-3006,J1701.2-3006,J1701.2-3006,2
2163,J1702.6+3116,J1702.6+3114,J1702.6+3114,J1702.6+3114,J1702.6+3114,2
2165,J1703.6-6211,J1703.6-6213,J1703.6-6213,J1703.6-6213,J1703.6-6213,2
2168,J1704.0+7646,J1704.1+7647,J1704.1+7647,J1704.1+7647,J1704.1+7647,2
2172,J1705.5+7134,J1705.0+7134,J1705.0+7134,J1705.0+7134,J1705.0+7134,2
2177,J1709.6+4318,J1709.7+4318,J1709.7+4318,J1709.7+4318,J1709.7+4318,2
2178,J1709.7-4429,J1709.7-4429,J1709.7-4429,J1709.7-4429,J1709.7-4429,2
2181,J1711.5-5029,J1711.6-5027,J1711.6-5027,J1711.6-5027,J1711.6-5027,2
2182,J1711.6+8846,J1713.7+8844,J1713.7+8844,J1713.7+8844,J1713.7+8844,2
2183,J1712.6+2932,J1712.7+2932,J1712.7+2932,J1712.7+2932,J1712.7+2932,2
2184,J1713.5-3945e,J1713.5-3945e,J1713.5-3945e,J1713.5-3945e,J1713.5-3945e,2
2185,J1714.0+0748,J1713.8+0747,J1713.8+0747,J1713.8+0747,J1713.8+0747,3
2186,J1714.1-2029,J1714.0-2029,J1714.0-2029,J1714.0-2029,J1714.0-2029,2
2190,J1715.7+6837,J1716.1+6836,J1716.1+6836,J1716.1+6836,J1716.1+6836,2
2191,J1716.6-2812,J1716.7-2808,J1716.7-2808,J1716.7-2808,J1716.7-2808,2
2192,J1716.7-8112,J1717.5-8114,J1717.5-8114,J1717.5-8114,J1717.5-8114,3
2193,J1717.4-5157,J1717.6-5154,J1717.6-5154,J1717.6-5154,J1717.6-5154,2
2196,J1717.8-3342,J1717.5-3342,J1717.5-3342,J1717.5-3342,J1717.5-3342,2
2197,J1718.0-3726,J1718.0-3726,J1718.0-3726,J1718.0-3726,J1718.0-3726,2
2198,J1718.1-3056,J1718.0-3055,J1718.0-3055,J1718.0-3055,J1718.0-3055,2
2199,J1718.1-3825,J1718.2-3825,J1718.2-3825,J1718.2-3825,J1718.2-3825,2
2200,J1719.2+1744,J1719.2+1745,J1719.2+1745,J1719.2+1745,J1719.2+1745,2
2202,J1719.3+1206,J1719.3+1205,J1719.3+1205,J1719.3+1205,J1719.3+1205,2
2207,J1722.7+6104,J1722.6+6104,J1722.6+6104,J1722.6+6104,J1722.6+6104,2
2209,J1722.7+1014,J1722.7+1014,J1722.7+1014,J1722.7+1014,J1722.7+1014,2
2210,J1722.9-4529,J1722.6-4529,J1722.6-4529,J1722.6-4529,J1722.6-4529,2
2213,J1723.7-7713,J1723.6-7714,J1723.6-7714,J1723.6-7714,J1723.6-7714,2
2214,J1723.9+4004,J1724.2+4005,J1724.2+4005,J1724.2+4005,J1724.2+4005,2
2216,J1725.0+1152,J1725.0+1152,J1725.0+1152,J1725.0+1152,J1725.0+1152,2
2218,J1725.3+5853,J1725.5+5851,J1725.5+5851,J1725.5+5851,J1725.5+5851,2
2221,J1727.1+4531,J1727.4+4530,J1727.4+4530,J1727.4+4530,J1727.4+4530,2
2225,J1728.0-4606,J1728.0-4606,J1728.0-4606,J1728.0-4606,J1728.0-4606,2
2226,J1728.0+1217,J1728.0+1216,J1728.0+1216,J1728.0+1216,J1728.0+1216,2
2228,J1728.3+5013,J1728.3+5013,J1728.3+5013,J1728.3+5013,J1728.3+5013,2
2229,J1728.5+0428,J1728.4+0427,J1728.4+0427,J1728.4+0427,J1728.4+0427,2
2234,J1730.5+0023,J1730.6+0024,J1730.6+0024,J1730.6+0024,J1730.6+0024,2
2235,J1730.6+3711,J1730.8+3715,J1730.8+3715,J1730.8+3715,J1730.8+3715,2
2237,J1731.8-3001,J1731.6-3002,J1731.6-3002,J1731.6-3002,J1731.6-3002,2
2240,J1732.5-3130,J1732.5-3131,J1732.5-3131,J1732.5-3131,J1732.5-3131,2
2241,J1732.5-5048,J1732.7-5050,J1732.7-5050,J1732.7-5050,J1732.7-5050,3
2243,J1733.0-1305,J1733.0-1305,J1733.0-1305,J1733.0-1305,J1733.0-1305,2
2247,J1734.3+3858,J1734.3+3858,J1734.3+3858,J1734.3+3858,J1734.3+3858,2
2249,J1735.4-1118,J1735.4-1118,J1735.4-1118,J1735.4-1118,J1735.4-1118,2
2251,J1736.0+2033,J1736.0+2033,J1736.0+2033,J1736.0+2033,J1736.0+2033,3
2252,J1736.2-4444,J1736.2-4443,J1736.2-4443,J1736.2-4443,J1736.2-4443,2
2253,J1736.4+0634,J1736.6+0628,J1736.6+0628,J1736.6+0628,J1736.6+0628,2
2257,J1739.0+8716,J1738.0+8717,J1738.0+8717,J1738.0+8717,J1738.0+8717,2
2258,J1739.4+4955,J1739.5+4955,J1739.5+4955,J1739.5+4955,J1739.5+4955,2
2260,J1740.3+5211,J1740.5+5211,J1740.5+5211,J1740.5+5211,J1740.5+5211,2
2261,J1740.3+4736,J1740.0+4737,J1740.0+4737,J1740.0+4737,J1740.0+4737,2
2262,J1740.4+5347,J1740.6+5346,J1740.6+5346,J1740.6+5346,J1740.6+5346,3
2268,J1741.1-3053,J1740.3-3058c,J1740.3-3058c,J1740.3-3058c,J1741.4-3046c,3
2269,J1741.1-3053,J1740.3-3058c,J1740.3-3058c,J1741.4-3046c,J1741.4-3046c,3
2270,J1741.1-3053,J1740.3-3058c,J1741.4-3046c,J1740.3-3058c,J1741.4-3046c,3
2271,J1741.1-3053,J1740.3-3058c,J1741.4-3046c,J1741.4-3046c,J1741.4-3046c,3
2272,J1741.1-3053,J1741.4-3046c,J1740.3-3058c,J1740.3-3058c,J1741.4-3046c,3
2273,J1741.1-3053,J1741.4-3046c,J1740.3-3058c,J1741.4-3046c,J1741.4-3046c,3
2274,J1741.1-3053,J1741.4-3046c,J1741.4-3046c,J1740.3-3058c,J1741.4-3046c,3
2275,J1741.1-3053,J1741.4-3046c,J1741.4-3046c,J1741.4-3046c,J1741.4-3046c,3
2277,J1741.5+1351,J1741.4+1354,J1741.4+1354,J1741.4+1354,J1741.4+1354,3
2278,J1741.9-2539,J1741.8-2537,J1741.8-2537,J1741.8-2537,J1741.8-2537,2
2279,J1741.9-2054,J1741.9-2054,J1741.9-2054,J1741.9-2054,J1741.9-2054,2
2280,J1742.2+5947,J1742.5+5944,J1742.5+5944,J1742.5+5944,J1742.5+5944,2
2283,J1743.9+1934,J1744.0+1935,J1744.0+1935,J1744.0+1935,J1744.0+1935,2
2286,J1744.3-0353,J1744.2-0353,J1744.2-0353,J1744.2-0353,J1744.2-0353,2
2287,J1744.5-1133,J1744.4-1135,J1744.4-1135,J1744.4-1135,J1744.4-1135,3
2292,J1744.9-1725,J1744.9-1727,J1744.9-1727,J1744.9-1727,J1744.9-1727,2
2295,J1745.4-0754,J1745.4-0753,J1745.4-0753,J1745.4-0753,J1745.4-0753,2
2297,J1745.5+1017,J1745.5+1017,J1745.5+1017,J1745.5+1017,J1745.5+1017,3
2298,J1745.6-2859c,J1745.6-2859,J1745.6-2859,J1745.6-2859,J1745.6-2859,3
2299,J1745.7+3952,J1745.6+3950,J1745.6+3950,J1745.6+3950,J1745.6+3950,2
2300,J1746.3-2851c,J1746.4-2852,J1746.4-2852,J1746.4-2852,J1746.4-2852,2
2302,J1746.8-3240,J1746.8-3239,J1746.8-3239,J1746.8-3239,J1746.8-3239,2
2306,J1747.2-2958,J1747.2-2957,J1747.2-2957,J1747.2-2957,J1747.2-2957,2
2308,J1747.6-4037,J1747.7-4037,J1747.7-4037,J1747.7-4037,J1747.7-4037,3
2310,J1748.0-2447,J1748.0-2446,J1748.0-2446,J1748.0-2446,J1748.0-2446,2
2311,J1748.0+3405,J1748.0+3403,J1748.0+3403,J1748.0+3403,J1748.0+3403,2
2316,J1748.6+7005,J1748.6+7005,J1748.6+7005,J1748.6+7005,J1748.6+7005,2
2317,J1748.9-2021,J1748.9-2021,J1748.9-2021,J1748.9-2021,J1748.9-2021,2
2318,J1749.1+4322,J1749.0+4321,J1749.0+4321,J1749.0+4321,J1749.0+4321,2
2322,J1750.2-3704,J1750.3-3702,J1750.3-3702,J1750.3-3702,J1750.3-3702,2
2324,J1751.5+0939,J1751.5+0938,J1751.5+0938,J1751.5+0938,J1751.5+0938,2
2325,J1753.5-5010,J1753.6-5014,J1753.6-5014,J1753.6-5014,J1753.6-5014,2
2330,J1754.1+3212,J1754.2+3212,J1754.2+3212,J1754.2+3212,J1754.2+3212,2
2331,J1754.3-6424,J1754.5-6425,J1754.5-6425,J1754.5-6425,J1754.5-6425,2
2332,J1756.3+5523,J1756.3+5522,J1756.3+5522,J1756.3+5522,J1756.3+5522,2
2333,J1756.9+7032,J1757.0+7032,J1757.0+7032,J1757.0+7032,J1757.0+7032,2
2334,J1757.1+1533,J1756.9+1531,J1756.9+1531,J1756.9+1531,J1756.9+1531,2
2341,J1759.1-4822,J1759.1-4822,J1759.1-4822,J1759.1-4822,J1759.1-4822,2
2345,J1800.5+7827,J1800.6+7828,J1800.6+7828,J1800.6+7828,J1800.6+7828,2
2347,J1801.3-2326e,J1801.3-2326e,J1801.3-2326e,J1801.3-2326e,J1801.3-2326e,2
2349,J1801.5+4403,J1801.5+4404,J1801.5+4404,J1801.5+4404,J1801.5+4404,2
2352,J1802.6-3940,J1802.6-3940,J1802.6-3940,J1802.6-3940,J1802.6-3940,2
2353,J1803.1-2147,J1803.1-2148,J1803.1-2148,J1803.1-2148,J1803.1-2148,2
2359,J1805.6-2136e,J1804.7-2144e,J1804.7-2144e,J1804.7-2144e,J1805.6-2136e,3
2360,J1805.6-2136e,J1804.7-2144e,J1804.7-2144e,J1805.6-2136e,J1805.6-2136e,3
2361,J1805.6-2136e,J1804.7-2144e,J1805.6-2136e,J1804.7-2144e,J1805.6-2136e,3
2362,J1805.6-2136e,J1804.7-2144e,J1805.6-2136e,J1805.6-2136e,J1805.6-2136e,3
2363,J1805.6-2136e,J1805.6-2136e,J1804.7-2144e,J1804.7-2144e,J1805.6-2136e,3
2364,J1805.6-2136e,J1805.6-2136e,J1804.7-2144e,J1805.6-2136e,J1805.6-2136e,3
2365,J1805.6-2136e,J1805.6-2136e,J1805.6-2136e,J1804.7-2144e,J1805.6-2136e,3
2366,J1805.6-2136e,J1805.6-2136e,J1805.6-2136e,J1805.6-2136e,J1805.6-2136e,2
2367,J1805.9+0614,J1805.6+0615,J1805.6+0615,J1805.6+0615,J1805.6+0615,3
2371,J1806.7+6949,J1806.8+6949,J1806.8+6949,J1806.8+6949,J1806.8+6949,2
2373,J1807.5-4343,J1807.8-4340,J1807.8-4340,J1807.8-4340,J1807.8-4340,2
2374,J1807.8+6427,J1807.2+6429,J1807.2+6429,J1807.2+6429,J1807.2+6429,3
2375,J1807.8-5011,J1808.1-5013,J1808.1-5013,J1808.1-5013,J1808.1-5013,2
2376,J1808.0+4652,J1807.9+4650,J1807.9+4650,J1807.9+4650,J1807.9+4650,2
2380,J1808.5-1952,J1808.8-1949c,J1808.8-1949c,J1808.8-1949c,J1808.8-1949c,2
2384,J1809.4+2040,J1809.3+2042,J1809.3+2042,J1809.3+2042,J1809.3+2042,2
2385,J1809.7+2909,J1809.7+2910,J1809.7+2910,J1809.7+2910,J1809.7+2910,2
2386,J1809.8-2332,J1809.8-2332,J1809.8-2332,J1809.8-2332,J1809.8-2332,2
2388,J1810.5+1743,J1810.5+1744,J1810.5+1744,J1810.5+1744,J1810.5+1744,3
2391,J1810.8+1609,J1811.0+1608,J1811.0+1608,J1811.0+1608,J1811.0+1608,2
2392,J1811.2+0340,J1811.3+0340,J1811.3+0340,J1811.3+0340,J1811.3+0340,2
2393,J1811.3-1927c,J1811.5-1925,J1811.5-1925,J1811.5-1925,J1811.5-1925,3
2394,J1813.4-1246,J1813.4-1246,J1813.4-1246,J1813.4-1246,J1813.4-1246,2
2395,J1813.6+0614,J1813.6+0614,J1813.6+0614,J1813.6+0614,J1813.6+0614,2
2396,J1813.6+3143,J1813.5+3144,J1813.5+3144,J1813.5+3144,J1813.5+3144,2
2406,J1816.5+4512,J1816.5+4510,J1816.5+4510,J1816.5+4510,J1816.5+4510,3
2407,J1816.9-4944,J1816.9-4942,J1816.9-4942,J1816.9-4942,J1816.9-4942,3
2408,J1817.2-1739,J1817.1-1742,J1817.1-1742,J1817.1-1742,J1817.1-1742,3
2412,J1818.6+0903,J1818.6+0903,J1818.6+0903,J1818.6+0903,J1818.6+0903,2
2414,J1819.1+2134,J1819.1+2133,J1819.1+2133,J1819.1+2133,J1819.1+2133,3
2418,J1820.3+3625,J1820.3+3624,J1820.3+3624,J1820.3+3624,J1820.3+3624,3
2426,J1823.4+6857,J1823.5+6858,J1823.5+6858,J1823.5+6858,J1823.5+6858,2
2427,J1823.6-3453,J1823.6-3453,J1823.6-3453,J1823.6-3453,J1823.6-3453,2
2428,J1823.7-3019,J1823.5-3020,J1823.5-3020,J1823.5-3020,J1823.5-3020,3
2429,J1824.0+1017,J1824.1+1013,J1824.1+1013,J1824.1+1013,J1824.1+1013,3
2431,J1824.2+5649,J1824.1+5651,J1824.1+5651,J1824.1+5651,J1824.1+5651,2
2433,J1824.4+4310,J1824.5+4311,J1824.5+4311,J1824.5+4311,J1824.5+4311,2
2435,J1824.6-2451,J1824.6-2452,J1824.6-2452,J1824.6-2452,J1824.6-2452,3
2436,J1825.2-5230,J1825.1-5231,J1825.1-5231,J1825.1-5231,J1825.1-5231,2
2437,J1826.1-1256,J1826.1-1256,J1826.1-1256,J1826.1-1256,J1826.1-1256,2
2438,J1826.2-1450,J1826.2-1450,J1826.2-1450,J1826.2-1450,J1826.2-1450,2
2442,J1828.4-1121,J1828.0-1133,J1828.0-1133,J1828.0-1133,J1828.0-1133,2
2443,J1828.9-2417,J1829.0-2417,J1829.0-2417,J1829.0-2417,J1829.0-2417,3
2448,J1829.4+5402,J1829.3+5402,J1829.3+5402,J1829.3+5402,J1829.3+5402,2
2449,J1829.6+4844,J1829.5+4845,J1829.5+4845,J1829.5+4845,J1829.5+4845,3
2451,J1829.8+1328,J1830.0+1324,J1830.0+1324,J1830.0+1324,J1830.0+1324,2
2453,J1830.0-4439,J1830.2-4443,J1830.2-4443,J1830.2-4443,J1830.2-4443,2
2454,J1830.1+0617,J1830.1+0617,J1830.1+0617,J1830.1+0617,J1830.1+0617,2
2457,J1831.0-2714,J1830.7-2713,J1830.7-2713,J1830.7-2713,J1830.7-2713,2
2461,J1832.4-5659,J1832.6-5658,J1832.6-5658,J1832.6-5658,J1832.6-5658,2
2462,J1833.5-1033,J1833.5-1033,J1833.5-1033,J1833.5-1033,J1833.5-1033,2
2463,J1833.6-2103,J1833.6-2103,J1833.6-2103,J1833.6-2103,J1833.6-2103,3
2464,J1833.9-0711,J1834.1-0706e,J1834.1-0706e,J1834.1-0706e,J1834.1-0706e,3
2468,J1835.4+1349,J1835.5+1349,J1835.5+1349,J1835.5+1349,J1835.5+1349,3
2469,J1835.7-3258,J1835.7-3258,J1835.7-3258,J1835.7-3258,J1835.7-3258,3
2470,J1836.2+5925,J1836.2+5925,J1836.2+5925,J1836.2+5925,J1836.2+5925,2
2471,J1836.3+3137,J1836.4+3137,J1836.4+3137,J1836.4+3137,J1836.4+3137,2
2475,J1837.9-0607,J1837.8-0604,J1837.8-0604,J1837.8-0604,J1837.8-0604,2
2478,J1838.8+4802,J1838.8+4802,J1838.8+4802,J1838.8+4802,J1838.8+4802,2
2480,J1838.9-0537,J1838.9-0537,J1838.9-0537,J1838.9-0537,J1838.9-0537,2
2483,J1840.1-0412,J1840.0-0411,J1840.0-0411,J1840.0-0411,J1840.0-0411,2
2485,J1840.9-0532e,J1840.9-0532e,J1840.9-0532e,J1840.9-0532e,J1840.9-0532e,2
2486,J1841.2+2910,J1841.3+2909,J1841.3+2909,J1841.3+2909,J1841.3+2909,3
2487,J1841.7+3218,J1841.8+3218,J1841.8+3218,J1841.8+3218,J1841.8+3218,2
2489,J1842.3-5841,J1842.4-5840,J1842.4-5840,J1842.4-5840,J1842.4-5840,3
2490,J1842.8+6810,J1842.3+6810,J1842.3+6810,J1842.3+6810,J1842.3+6810,2
2492,J1843.6-1114,J1843.7-1114,J1843.7-1114,J1843.7-1114,J1843.7-1114,3
2494,J1844.1+5709,J1844.9+5709,J1844.9+5709,J1844.9+5709,J1844.9+5709,2
2495,J1844.3+1547,J1844.4+1547,J1844.4+1547,J1844.4+1547,J1844.4+1547,3
2499,J1846.3+0919,J1846.3+0919,J1846.3+0919,J1846.3+0919,J1846.3+0919,2
2500,J1848.1-4230,J1848.1-4230,J1848.1-4230,J1848.1-4230,J1848.1-4230,2
2501,J1848.4+3216,J1848.4+3217,J1848.4+3217,J1848.4+3217,J1848.4+3217,2
2504,J1848.9+4247,J1848.9+4247,J1848.9+4247,J1848.9+4247,J1848.9+4247,2
2505,J1849.2+6705,J1849.2+6705,J1849.2+6705,J1849.2+6705,J1849.2+6705,2
2506,J1849.3-1645,J1849.2-1647,J1849.2-1647,J1849.2-1647,J1849.2-1647,3
2507,J1849.4-0057,J1849.4-0056,J1849.4-0056,J1849.4-0056,J1849.4-0056,2
2508,J1849.4-4312,J1849.4-4313,J1849.4-4313,J1849.4-4313,J1849.4-4313,2
2509,J1849.5+2751,J1849.4+2745,J1849.4+2745,J1849.4+2745,J1849.4+2745,2
2513,J1852.4+4856,J1852.4+4856,J1852.4+4856,J1852.4+4856,J1852.4+4856,2
2516,J1855.1-6008,J1854.6-6007,J1854.6-6007,J1854.6-6007,J1854.6-6007,3
2517,J1855.1-2243,J1855.1-2243,J1855.1-2243,J1855.1-2243,J1855.1-2243,2
2535,J1855.9+0121e,J1855.9+0121e,J1855.9+0121e,J1855.9+0121e,J1855.9+0121e,2
2545,J1858.2-2215,J1858.3-2216,J1858.3-2216,J1858.3-2216,J1858.3-2216,3
2546,J1858.4-2509,J1858.3-2511,J1858.3-2511,J1858.3-2511,J1858.3-2511,2
2552,J1902.0-5107,J1902.0-5105,J1902.0-5105,J1902.0-5105,J1902.0-5105,3
2555,J1902.9-6745,J1902.9-6748,J1902.9-6748,J1902.9-6748,J1902.9-6748,2
2556,J1903.2+5541,J1903.2+5540,J1903.2+5540,J1903.2+5540,J1903.2+5540,2
2557,J1903.6-7052,J1903.4-7053,J1903.4-7053,J1903.4-7053,J1903.4-7053,3
2559,J1904.5+3627,J1904.1+3627,J1904.1+3627,J1904.1+3627,J1904.1+3627,3
2563,J1907.9+0602,J1907.9+0602,J1907.9+0602,J1907.9+0602,J1907.9+0602,2
2566,J1910.7-6000,J1910.8-6001,J1910.8-6001,J1910.8-6001,J1910.8-6001,2
2567,J1910.8+2855,J1910.8+2856,J1910.8+2856,J1910.8+2856,J1910.8+2856,3
2568,J1910.9+0906,J1911.0+0905,J1911.0+0905,J1911.0+0905,J1911.0+0905,2
2570,J1911.2-2006,J1911.2-2006,J1911.2-2006,J1911.2-2006,J1911.2-2006,2
2571,J1911.4-1908,J1911.4-1908,J1911.4-1908,J1911.4-1908,J1911.4-1908,3
2573,J1912.0-0804,J1912.1-0803,J1912.1-0803,J1912.1-0803,J1912.1-0803,2
2574,J1912.6-1223,J1912.4-1222,J1912.4-1222,J1912.4-1222,J1912.4-1222,2
2576,J1912.9-8008,J1913.0-8009,J1913.0-8009,J1913.0-8009,J1913.0-8009,2
2578,J1913.5-3631,J1913.4-3629,J1913.4-3629,J1913.4-3629,J1913.4-3629,2
2579,J1913.9+4441,J1913.9+4439,J1913.9+4439,J1913.9+4439,J1913.9+4439,3
2581,J1915.9+1112,J1916.3+1108,J1916.3+1108,J1916.3+1108,J1916.3+1108,2
2583,J1917.7-1921,J1917.7-1921,J1917.7-1921,J1917.7-1921,J1917.7-1921,2
2584,J1918.0+3750,J1918.1+3752,J1918.1+3752,J1918.1+3752,J1918.1+3752,2
2585,J1918.2-4110,J1918.2-4111,J1918.2-4111,J1918.2-4111,J1918.2-4111,2
2588,J1921.2+0136,J1921.4+0136,J1921.4+0136,J1921.4+0136,J1921.4+0136,3
2590,J1921.2-1232,J1921.3-1231,J1921.3-1231,J1921.3-1231,J1921.3-1231,2
2592,J1921.9-1607,J1921.8-1607,J1921.8-1607,J1921.8-1607,J1921.8-1607,2
2594,J1923.2+1408e,J1923.2+1408e,J1923.2+1408e,J1923.2+1408e,J1923.2+1408e,2
2596,J1923.5-2104,J1923.5-2104,J1923.5-2104,J1923.5-2104,J1923.5-2104,2
2598,J1924.8-2914,J1924.8-2914,J1924.8-2914,J1924.8-2914,J1924.8-2914,2
2599,J1924.9+2817,J1925.0+2815,J1925.0+2815,J1925.0+2815,J1925.0+2815,2
2602,J1925.7+1228,J1925.7+1227,J1925.7+1227,J1925.7+1227,J1925.7+1227,2
2604,J1926.8+6154,J1926.8+6154,J1926.8+6154,J1926.8+6154,J1926.8+6154,2
2605,J1927.7+6118,J1927.5+6117,J1927.5+6117,J1927.5+6117,J1927.5+6117,2
2609,J1931.1+0937,J1931.1+0937,J1931.1+0937,J1931.1+0937,J1931.1+0937,2
2610,J1932.2+1916,J1932.3+1916,J1932.3+1916,J1932.3+1916,J1932.3+1916,2
2611,J1932.6-4537,J1933.2-4539,J1933.2-4539,J1933.2-4539,J1933.2-4539,2
2612,J1933.4+0727,J1933.3+0726,J1933.3+0726,J1933.3+0726,J1933.3+0726,3
2615,J1935.5+8355,J1937.0+8354,J1937.0+8354,J1937.0+8354,J1937.0+8354,2
2617,J1936.9-4719,J1936.9-4720,J1936.9-4720,J1936.9-4720,J1936.9-4720,2
2618,J1937.0-3956,J1937.2-3958,J1937.2-3958,J1937.2-3958,J1937.2-3958,2
2619,J1939.6-4925,J1939.8-4928,J1939.8-4928,J1939.8-4928,J1939.8-4928,2
2620,J1941.2-6210,J1941.3-6210,J1941.3-6210,J1941.3-6210,J1941.3-6210,3
2621,J1941.8+7218,J1941.7+7218,J1941.7+7218,J1941.7+7218,J1941.7+7218,2
2622,J1942.7+1033,J1942.7+1033,J1942.7+1033,J1942.7+1033,J1942.7+1033,3
2623,J1943.2-3510,J1942.8-3512,J1942.8-3512,J1942.8-3512,J1942.8-3512,2
2627,J1944.1-4523,J1944.4-4523,J1944.4-4523,J1944.4-4523,J1944.4-4523,3
2630,J1945.9-3115,J1946.0-3112,J1946.0-3112,J1946.0-3112,J1946.0-3112,2
2635,J1949.0+1312,J1949.0+1314,J1949.0+1314,J1949.0+1314,J1949.0+1314,2
2645,J1952.9+3253,J1952.9+3252,J1952.9+3252,J1952.9+3252,J1952.9+3252,2
2648,J1954.2+2836,J1954.3+2836,J1954.3+2836,J1954.3+2836,J1954.3+2836,2
2649,J1954.8-1122,J1954.6-1122,J1954.6-1122,J1954.6-1122,J1954.6-1122,3
2650,J1954.9-5640,J1954.9-5640,J1954.9-5640,J1954.9-5640,J1954.9-5640,3
2651,J1955.0-1605,J1955.1-1604,J1955.1-1604,J1955.1-1604,J1955.1-1604,3
2652,J1955.1+1357,J1955.2+1358,J1955.2+1358,J1955.2+1358,J1955.2+1358,2
2654,J1955.9+0212,J1955.7+0214,J1955.7+0214,J1955.7+0214,J1955.7+0214,3
2655,J1955.9+0212,J1955.7+0214,J1955.7+0214,J1956.1+0234,J1955.7+0214,3
2656,J1955.9+0212,J1955.7+0214,J1956.1+0234,J1955.7+0214,J1955.7+0214,3
2657,J1955.9+0212,J1955.7+0214,J1956.1+0234,J1956.1+0234,J1955.7+0214,3
2658,J1955.9+0212,J1956.1+0234,J1955.7+0214,J1955.7+0214,J1955.7+0214,3
2659,J1955.9+0212,J1956.1+0234,J1955.7+0214,J1956.1+0234,J1955.7+0214,3
2660,J1955.9+0212,J1956.1+0234,J1956.1+0234,J1955.7+0214,J1955.7+0214,3
2661,J1955.9+0212,J1956.1+0234,J1956.1+0234,J1956.1+0234,J1955.7+0214,3
2662,J1957.0-3234,J1957.1-3231,J1957.1-3231,J1957.1-3231,J1957.1-3231,2
2663,J1957.7+5034,J1957.6+5033,J1957.6+5033,J1957.6+5033,J1957.6+5033,2
2665,J1958.0-3847,J1958.0-3845,J1958.0-3845,J1958.0-3845,J1958.0-3845,2
2669,J1958.2-3011,J1958.3-3010,J1958.3-3010,J1958.3-3010,J1958.3-3010,2
2670,J1958.6+2845,J1958.7+2846,J1958.7+2846,J1958.7+2846,J1958.7+2846,2
2672,J1959.1-4245,J1959.1-4247,J1959.1-4247,J1959.1-4247,J1959.1-4247,2
2673,J1959.5+2047,J1959.5+2048,J1959.5+2048,J1959.5+2048,J1959.5+2048,3
2674,J1959.8-4725,J1959.7-4725,J1959.7-4725,J1959.7-4725,J1959.7-4725,3
2675,J2000.0+6509,J2000.0+6508,J2000.0+6508,J2000.0+6508,J2000.0+6508,2
2676,J2000.1+4212,J2000.0+4214,J2000.0+4214,J2000.0+4214,J2000.0+4214,2
2677,J2000.4-2926,J2000.3-2930,J2000.3-2930,J2000.3-2930,J2000.3-2930,2
2678,J2001.0-1750,J2000.9-1748,J2000.9-1748,J2000.9-1748,J2000.9-1748,2
2679,J2001.1+4352,J2001.2+4353,J2001.2+4353,J2001.2+4353,J2001.2+4353,2
2680,J2001.8+7041,J2001.7+7040,J2001.7+7040,J2001.7+7040,J2001.7+7040,2
2681,J2002.7+6303,J2002.6+6302,J2002.6+6302,J2002.6+6302,J2002.6+6302,3
2683,J2004.8+7003,J2005.1+7003,J2005.1+7003,J2005.1+7003,J2005.1+7003,2
2684,J2005.2+7752,J2005.5+7752,J2005.5+7752,J2005.5+7752,J2005.5+7752,2
2686,J2006.0-2311,J2005.9-2309,J2005.9-2309,J2005.9-2309,J2005.9-2309,2
2689,J2007.3+6605,J2007.2+6607,J2007.2+6607,J2007.2+6607,J2007.2+6607,2
2690,J2007.7-7728,J2007.3-7728,J2007.3-7728,J2007.3-7728,J2007.3-7728,2
2691,J2007.8-4429,J2007.9-4432,J2007.9-4432,J2007.9-4432,J2007.9-4432,2
2693,J2009.3-4849,J2009.4-4849,J2009.4-4849,J2009.4-4849,J2009.4-4849,2
2695,J2010.3+7228,J2010.0+7229,J2010.0+7229,J2010.0+7229,J2010.0+7229,2
2697,J2012.0+4629,J2012.0+4629,J2012.0+4629,J2012.0+4629,J2012.0+4629,2
2698,J2012.1-1643,J2012.2-1646,J2012.2-1646,J2012.2-1646,J2012.2-1646,2
2699,J2014.3-0047,J2014.3-0047,J2014.3-0047,J2014.3-0047,J2014.3-0047,2
2701,J2014.5+0648,J2014.5+0648,J2014.5+0648,J2014.5+0648,J2014.5+0648,3
2703,J2014.9+1623,J2015.0+1621,J2015.0+1621,J2015.0+1621,J2015.0+1621,2
2704,J2015.2-0138,J2015.2-0137,J2015.2-0137,J2015.2-0137,J2015.2-0137,2
2706,J2015.6+3709,J2015.5+3710,J2015.5+3710,J2015.5+3710,J2015.5+3710,2
2707,J2016.4-0905,J2016.3-0903,J2016.3-0903,J2016.3-0903,J2016.3-0903,2
2708,J2017.3+0602,J2017.4+0602,J2017.4+0602,J2017.4+0602,J2017.4+0602,3
2709,J2017.6-4110,J2017.5-4113,J2017.5-4113,J2017.5-4113,J2017.5-4113,2
2710,J2017.6-1616,J2017.7-1612,J2017.7-1612,J2017.7-1612,J2017.7-1612,3
2712,J2018.5+3851,J2018.5+3852,J2018.5+3852,J2018.5+3852,J2018.5+3852,2
2714,J2021.0+4031e,J2021.0+4031e,J2021.0+4031e,J2021.0+4031e,J2021.0+4031e,2
2715,J2021.1+3651,J2021.1+3651,J2021.1+3651,J2021.1+3651,J2021.1+3651,2
2716,J2021.5+4026,J2021.5+4026,J2021.5+4026,J2021.5+4026,J2021.5+4026,2
2717,J2021.9+0630,J2021.9+0629,J2021.9+0629,J2021.9+0629,J2021.9+0629,2
2718,J2022.2+3840,J2022.3+3840,J2022.3+3840,J2022.3+3840,J2022.3+3840,3
2720,J2022.2-4515,J2022.3-4513,J2022.3-4513,J2022.3-4513,J2022.3-4513,2
2721,J2022.5+7612,J2022.5+7612,J2022.5+7612,J2022.5+7612,J2022.5+7612,2
2722,J2023.2+3154,J2023.2+3153,J2023.2+3153,J2023.2+3153,J2023.2+3153,2
2724,J2023.6-1139,J2023.6-1139,J2023.6-1139,J2023.6-1139,J2023.6-1139,2
2725,J2024.4-0848,J2024.4-0847,J2024.4-0847,J2024.4-0847,J2024.4-0847,3
2726,J2024.4-3254,J2024.6-3252,J2024.6-3252,J2024.6-3252,J2024.6-3252,2
2731,J2025.2+3340,J2025.3+3341,J2025.3+3341,J2025.3+3341,J2025.3+3341,3
2732,J2025.6-0736,J2025.6-0735,J2025.6-0735,J2025.6-0735,J2025.6-0735,2
2733,J2026.3+7644,J2026.1+7645,J2026.1+7645,J2026.1+7645,J2026.1+7645,2
2738,J2028.3+3332,J2028.3+3331,J2028.3+3331,J2028.3+3331,J2028.3+3331,2
2740,J2028.6+4110e,J2028.6+4110e,J2028.6+4110e,J2028.6+4110e,J2028.6+4110e,2
2742,J2029.4+4923,J2029.5+4925,J2029.5+4925,J2029.5+4925,J2029.5+4925,2
2744,J2030.0+3642,J2030.0+3641,J2030.0+3641,J2030.0+3641,J2030.0+3641,2
2745,J2030.2-0622,J2030.2-0620,J2030.2-0620,J2030.2-0620,J2030.2-0620,2
2747,J2030.8+4416,J2030.9+4416,J2030.9+4416,J2030.9+4416,J2030.9+4416,2
2748,J2031.0+1937,J2030.9+1935,J2030.9+1935,J2030.9+1935,J2030.9+1935,3
2749,J2031.8+1223,J2032.0+1219,J2032.0+1219,J2032.0+1219,J2032.0+1219,2
2750,J2032.2+4126,J2032.2+4127,J2032.2+4127,J2032.2+4127,J2032.2+4127,2
2754,J2033.6+6309,J2033.7+6308,J2033.7+6308,J2033.7+6308,J2033.7+6308,2
2755,J2034.3+1155,J2034.6+1154,J2034.6+1154,J2034.6+1154,J2034.6+1154,2
2760,J2035.3+1055,J2035.4+1056,J2035.4+1056,J2035.4+1056,J2035.4+1056,2
2763,J2036.4+6551,J2036.4+6553,J2036.4+6553,J2036.4+6553,J2036.4+6553,2
2764,J2036.6-3325,J2036.9-3329,J2036.9-3329,J2036.9-3329,J2036.9-3329,3
2769,J2038.8+5113,J2038.7+5117,J2038.7+5117,J2038.7+5117,J2038.7+5117,2
2771,J2039.0-1047,J2039.0-1046,J2039.0-1046,J2039.0-1046,J2039.0-1046,2
2773,J2039.5+5217,J2039.5+5218,J2039.5+5218,J2039.5+5218,J2039.5+5218,2
2776,J2040.0-5734,J2040.0-5737,J2040.0-5737,J2040.0-5737,J2040.0-5737,2
2777,J2040.2-7115,J2040.2-7115,J2040.2-7115,J2040.2-7115,J2040.2-7115,3
2779,J2041.7-3732,J2041.9-3735,J2041.9-3735,J2041.9-3735,J2041.9-3735,2
2780,J2041.9-7318,J2041.8-7319,J2041.8-7319,J2041.8-7319,J2041.8-7319,3
2781,J2042.1+2428,J2042.1+2427,J2042.1+2427,J2042.1+2427,J2042.1+2427,2
2782,J2042.1+0247,J2042.2+0245,J2042.2+0245,J2042.2+0245,J2042.2+0245,3
2786,J2043.2+1711,J2043.3+1711,J2043.3+1711,J2043.3+1711,J2043.3+1711,3
2788,J2043.8+2741,J2043.7+2741,J2043.7+2741,J2043.7+2741,J2043.7+2741,2
2793,J2046.7-1011,J2046.6-1012,J2046.6-1012,J2046.6-1012,J2046.6-1012,3
2795,J2047.1+1054,J2047.3+1051,J2047.3+1051,J2047.3+1051,J2047.3+1051,3
2798,J2049.0-6801,J2048.6-6804,J2048.6-6804,J2048.6-6804,J2048.6-6804,3
2799,J2049.7+1002,J2049.9+1002,J2049.9+1002,J2049.9+1002,J2049.9+1002,3
2800,J2050.2+0409,J2050.0+0408,J2050.0+0408,J2050.0+0408,J2050.0+0408,2
2802,J2051.3-0828,J2051.0-0826,J2051.0-0826,J2051.0-0826,J2051.0-0826,3
2803,J2051.8-5535,J2052.2-5533,J2052.2-5533,J2052.2-5533,J2052.2-5533,2
2804,J2052.7+1217,J2052.7+1218,J2052.7+1218,J2052.7+1218,J2052.7+1218,3
2810,J2055.0+0016,J2054.8+0015,J2054.8+0015,J2054.8+0015,J2054.8+0015,2
2811,J2055.2-0019,J2055.4-0020,J2055.4-0020,J2055.4-0020,J2055.4-0020,2
2813,J2055.8+2539,J2055.8+2540,J2055.8+2540,J2055.8+2540,J2055.8+2540,2
2814,J2056.2-4714,J2056.2-4714,J2056.2-4714,J2056.2-4714,J2056.2-4714,2
2816,J2056.7+4938,J2056.7+4939,J2056.7+4939,J2056.7+4939,J2056.7+4939,2
2825,J2103.9-6233,J2103.8-6233,J2103.8-6233,J2103.8-6233,J2103.8-6233,3
2826,J2103.9-3546,J2104.0-3546,J2104.0-3546,J2104.0-3546,J2104.0-3546,2
2827,J2104.2-0211,J2104.3-0212,J2104.3-0212,J2104.3-0212,J2104.3-0212,3
2829,J2106.1+2505,J2106.9+2455,J2106.9+2455,J2106.9+2455,J2106.9+2455,2
2832,J2108.0+3654,J2108.0+3655,J2108.0+3655,J2108.0+3655,J2108.0+3655,3
2834,J2108.6-8619,J2109.8-8618,J2109.8-8618,J2109.8-8618,J2109.8-8618,2
2835,J2108.6-0250,J2108.7-0250,J2108.7-0250,J2108.7-0250,J2108.7-0250,2
2836,J2109.1-6638,J2108.9-6638,J2108.9-6638,J2108.9-6638,J2108.9-6638,3
2839,J2110.0+0812,J2110.3+0808,J2110.3+0808,J2110.3+0808,J2110.3+0808,2
2840,J2110.3-1013,J2110.2-1021,J2110.2-1021c,J2110.2-1021c,J2110.2-1021c,2
2843,J2111.4+4605,J2111.4+4606,J2111.4+4606,J2111.4+4606,J2111.4+4606,2
2845,J2112.7+0819,J2112.7+0819,J2112.7+0819,J2112.7+0819,J2112.7+0819,3
2847,J2114.7+3130,J2114.7+3130,J2114.7+3130,J2114.7+3130,J2114.7+3130,2
2848,J2114.9+5448,J2115.1+5449,J2115.1+5449,J2115.1+5449,J2115.1+5449,3
2850,J2115.4+2933,J2115.4+2932,J2115.4+2932,J2115.4+2932,J2115.4+2932,2
2851,J2116.1+3339,J2116.2+3339,J2116.2+3339,J2116.2+3339,J2116.2+3339,2
2855,J2118.0-3241,J2117.8-3243,J2117.8-3243,J2117.8-3243,J2117.8-3243,3
2857,J2118.4+0013,J2118.0+0019,J2118.0+0019,J2118.0+0019,J2118.0+0019,2
2858,J2119.2-3313,J2119.0-3317,J2119.0-3317,J2119.0-3317,J2119.0-3317,2
2860,J2121.0+1901,J2121.0+1901,J2121.0+1901,J2121.0+1901,J2121.0+1901,2
2862,J2123.6+0533,J2123.6+0535,J2123.6+0535,J2123.6+0535,J2123.6+0535,2
2863,J2124.7-3358,J2124.7-3358,J2124.7-3358,J2124.7-3358,J2124.7-3358,3
2865,J2126.5-4605,J2126.3-4605,J2126.3-4605,J2126.3-4605,J2126.3-4605,2
2866,J2126.5-3926,J2126.1-3922,J2126.1-3922,J2126.1-3922,J2126.1-3922,3
2869,J2127.7+3612,J2127.7+3612,J2127.7+3612,J2127.7+3612,J2127.7+3612,2
2870,J2129.6-0427,J2129.8-0428,J2129.8-0428,J2129.8-0428,J2129.8-0428,3
2872,J2130.8-2745,J2131.0-2746,J2131.0-2746,J2131.0-2746,J2131.0-2746,2
2874,J2131.5-0915,J2131.5-0916,J2131.5-0916,J2131.5-0916,J2131.5-0916,2
2879,J2131.8-2516,J2131.7-2515,J2131.7-2515,J2131.7-2515,J2131.7-2515,2
2880,J2132.4-5420,J2132.0-5418,J2132.0-5418,J2132.0-5418,J2132.0-5418,2
2882,J2133.3+2533,J2133.1+2529c,J2133.1+2529c,J2133.1+2529c,J2133.1+2529c,3
2884,J2133.8+6648,J2133.9+6646,J2133.9+6646,J2133.9+6646,J2133.9+6646,3
2885,J2134.1-0152,J2134.2-0154,J2134.2-0154,J2134.2-0154,J2134.2-0154,2
2887,J2135.3-5008,J2135.3-5006,J2135.3-5006,J2135.3-5006,J2135.3-5006,2
2890,J2139.4-4235,J2139.4-4235,J2139.4-4235,J2139.4-4235,J2139.4-4235,2
2892,J2140.0+4715,J2140.0+4716,J2140.0+4716,J2140.0+4716,J2140.0+4716,2
2893,J2141.6-6412,J2141.7-6410,J2141.7-6410,J2141.7-6410,J2141.7-6410,2
2894,J2141.7-3734,J2141.8-3727,J2141.8-3727,J2141.8-3727,J2141.8-3727,2
2895,J2142.2-2546,J2142.5-2552,J2142.5-2552,J2142.5-2552,J2142.5-2552,2
2898,J2143.1-3928,J2143.1-3929,J2143.1-3929,J2143.1-3929,J2143.1-3929,2
2899,J2143.5+1744,J2143.5+1743,J2143.5+1743,J2143.5+1743,J2143.5+1743,2
2900,J2144.2+3132,J2144.2+3132,J2144.2+3132,J2144.2+3132,J2144.2+3132,3
2903,J2144.9-3356,J2145.0-3356,J2145.0-3356,J2145.0-3356,J2145.0-3356,2
2905,J2145.7+0717,J2145.7+0718,J2145.7+0718,J2145.7+0718,J2145.7+0718,2
2906,J2146.6-1344,J2146.5-1344,J2146.5-1344,J2146.5-1344,J2146.5-1344,2
2907,J2146.7-1527,J2146.4-1528,J2146.4-1528,J2146.4-1528,J2146.4-1528,2
2908,J2147.2+0929,J2147.1+0931,J2147.1+0931,J2147.1+0931,J2147.1+0931,2
2910,J2147.3-7536,J2147.3-7536,J2147.3-7536,J2147.3-7536,J2147.3-7536,2
2911,J2149.6+1915,J2149.7+1917,J2149.7+1917,J2149.7+1917,J2149.7+1917,2
2912,J2149.7+0323,J2149.6+0323,J2149.6+0323,J2149.6+0323,J2149.6+0323,2
2913,J2150.2-1411,J2150.1-1410,J2150.1-1410,J2150.1-1410,J2150.1-1410,2
2917,J2151.8-3025,J2151.8-3027,J2151.8-3027,J2151.8-3027,J2151.8-3027,2
2918,J2152.4+1735,J2152.5+1737,J2152.5+1737,J2152.5+1737,J2152.5+1737,2
2919,J2152.9-0045,J2153.1-0041,J2153.1-0041,J2153.1-0041,J2153.1-0041,2
2921,J2154.0-1137,J2153.8-1137,J2153.8-1137,J2153.8-1137,J2153.8-1137,2
2922,J2156.0+1818,J2156.0+1818,J2156.0+1818,J2156.0+1818,J2156.0+1818,3
2923,J2156.9-0855,J2156.9-0854,J2156.9-0854,J2156.9-0854,J2156.9-0854,2
2924,J2157.5+3126,J2157.5+3127,J2157.5+3127,J2157.5+3127,J2157.5+3127,2
2925,J2158.0-1501,J2158.1-1501,J2158.1-1501,J2158.1-1501,J2158.1-1501,2
2926,J2158.8-3013,J2158.8-3013,J2158.8-3013,J2158.8-3013,J2158.8-3013,2
2927,J2159.2-2841,J2159.1-2840,J2159.1-2840,J2159.1-2840,J2159.1-2840,3
2928,J2159.8+1025,J2200.3+1029,J2200.3+1029,J2200.3+1029,J2200.3+1029,2
2930,J2200.2+2139,J2200.1+2138,J2200.1+2138,J2200.1+2138,J2200.1+2138,2
2931,J2200.9-2412,J2200.7-2414,J2200.7-2414,J2200.7-2414,J2200.7-2414,2
2932,J2201.7+5047,J2201.8+5048,J2201.8+5048,J2201.8+5048,J2201.8+5048,2
2933,J2202.4-8339,J2201.5-8339,J2201.5-8339,J2201.5-8339,J2201.5-8339,2
2934,J2202.7+4217,J2202.7+4216,J2202.7+4216,J2202.7+4216,J2202.7+4216,2
2935,J2203.4+1725,J2203.4+1725,J2203.4+1725,J2203.4+1725,J2203.4+1725,2
2937,J2204.4+0439,J2204.3+0438,J2204.3+0438,J2204.3+0438,J2204.3+0438,2
2940,J2206.9-0031,J2206.8-0032,J2206.8-0032,J2206.8-0032,J2206.8-0032,2
2941,J2207.8-5345,J2207.5-5346,J2207.5-5346,J2207.5-5346,J2207.5-5346,2
2947,J2212.0+2355,J2212.0+2356,J2212.0+2356,J2212.0+2356,J2212.0+2356,2
2948,J2212.3-7039,J2211.4-7040,J2211.4-7040,J2211.4-7040,J2211.4-7040,3
2950,J2212.6+2801,J2212.6+2800,J2212.6+2800,J2212.6+2800,J2212.6+2800,3
2951,J2213.1-2532,J2212.9-2526,J2212.9-2526,J2212.9-2526,J2212.9-2526,2
2952,J2213.6-4755,J2213.5-4754,J2213.5-4754,J2213.5-4754,J2213.5-4754,3
2953,J2214.6+3000,J2214.6+3000,J2214.6+3000,J2214.6+3000,J2214.6+3000,3
2955,J2215.6+5134,J2215.6+5135,J2215.6+5135,J2215.6+5135,J2215.6+5135,3
2956,J2217.0+2421,J2216.9+2421,J2216.9+2421,J2216.9+2421,J2216.9+2421,2
2959,J2219.2+1806,J2219.2+1806,J2219.2+1806,J2219.2+1806,J2219.2+1806,2
2960,J2220.3+2812,J2220.5+2813,J2220.5+2813,J2220.5+2813,J2220.5+2813,3
2962,J2221.6-5225,J2221.5-5225,J2221.5-5225,J2221.5-5225,J2221.5-5225,2
2965,J2222.3-3500,J2221.9-3504,J2221.9-3504,J2221.9-3504,J2221.9-3504,2
2968,J2224.6-1122,J2224.0-1127,J2224.0-1127,J2224.0-1127,J2224.0-1127,2
2969,J2224.6-1122,J2224.0-1127,J2224.0-1127,J2224.0-1127,J2225.5-1114,2
2970,J2224.6-1122,J2224.0-1127,J2224.0-1127,J2225.5-1114,J2224.0-1127,2
2971,J2224.6-1122,J2224.0-1127,J2224.0-1127,J2225.5-1114,J2225.5-1114,2
2972,J2224.6-1122,J2224.0-1127,J2225.5-1114,J2224.0-1127,J2224.0-1127,2
2973,J2224.6-1122,J2224.0-1127,J2225.5-1114,J2224.0-1127,J2225.5-1114,2
2974,J2224.6-1122,J2224.0-1127,J2225.5-1114,J2225.5-1114,J2224.0-1127,2
2975,J2224.6-1122,J2224.0-1127,J2225.5-1114,J2225.5-1114,J2225.5-1114,2
2976,J2224.6-1122,J2225.5-1114,J2224.0-1127,J2224.0-1127,J2224.0-1127,2
2977,J2224.6-1122,J2225.5-1114,J2224.0-1127,J2224.0-1127,J2225.5-1114,2
2978,J2224.6-1122,J2225.5-1114,J2224.0-1127,J2225.5-1114,J2224.0-1127,2
2979,J2224.6-1122,J2225.5-1114,J2224.0-1127,J2225.5-1114,J2225.5-1114,2
2980,J2224.6-1122,J2225.5-1114,J2225.5-1114,J2224.0-1127,J2224.0-1127,2
2981,J2224.6-1122,J2225.5-1114,J2225.5-1114,J2224.0-1127,J2225.5-1114,2
2982,J2224.6-1122,J2225.5-1114,J2225.5-1114,J2225.5-1114,J2224.0-1127,2
2983,J2224.6-1122,J2225.5-1114,J2225.5-1114,J2225.5-1114,J2225.5-1114,2
2986,J2227.8+0040,J2227.9+0036,J2227.9+0036,J2227.9+0036,J2227.9+0036,2
2988,J2229.0+6114,J2229.0+6114,J2229.0+6114,J2229.0+6114,J2229.0+6114,2
2990,J2229.7-0833,J2229.7-0832,J2229.7-0832,J2229.7-0832,J2229.7-0832,2
2991,J2230.5-7817,J2230.9-7815,J2230.9-7815,J2230.9-7815,J2230.9-7815,3
2992,J2230.6-4419,J2231.0-4416,J2231.0-4416,J2231.0-4416,J2231.0-4416,2
2993,J2232.5+1143,J2232.6+1143,J2232.6+1143,J2232.6+1143,J2232.6+1143,2
2994,J2232.9-2021,J2232.6-2023,J2232.6-2023,J2232.6-2023,J2232.6-2023,3
2996,J2233.5-1235,J2233.9-1229,J2233.9-1229,J2233.9-1229,J2233.9-1229,2
2997,J2234.1-2655,J2234.1-2656,J2234.1-2656,J2234.1-2656,J2234.1-2656,3
2998,J2234.8+0945,J2234.7+0943,J2234.7+0943,J2234.7+0943,J2234.7+0943,3
2999,J2235.3-4835,J2235.3-4836,J2235.3-4836,J2235.3-4836,J2235.3-4836,2
3000,J2235.6-2319,J2236.4-2309,J2236.4-2309,J2236.4-2309,J2236.4-2309,2
3001,J2236.0-3629,J2235.8-3627,J2235.8-3627,J2235.8-3627,J2235.8-3627,2
3002,J2236.0-1706,J2236.2-1706,J2236.2-1706,J2236.2-1706,J2236.2-1706,3
3004,J2236.3+2829,J2236.3+2828,J2236.3+2828,J2236.3+2828,J2236.3+2828,3
3005,J2236.5-1432,J2236.5-1433,J2236.5-1433,J2236.5-1433,J2236.5-1433,2
3006,J2237.1-3921,J2237.0-3921,J2237.0-3921,J2237.0-3921,J2237.0-3921,2
3009,J2238.4+5903,J2238.5+5903,J2238.5+5903,J2238.5+5903,J2238.5+5903,2
3010,J2240.9+5831,J2240.6+5833,J2240.6+5833,J2240.6+5833,J2240.6+5833,2
3011,J2240.9+4121,J2241.2+4120,J2241.2+4120,J2241.2+4120,J2241.2+4120,2
3012,J2241.6-5237,J2241.7-5236,J2241.7-5236,J2241.7-5236,J2241.7-5236,3
3013,J2243.2-3933,J2243.5-3931,J2243.5-3931,J2243.5-3931,J2243.5-3931,2
3014,J2243.4-2541,J2243.4-2544,J2243.4-2544,J2243.4-2544,J2243.4-2544,2
3015,J2243.6-1230,J2243.7-1231,J2243.7-1231,J2243.7-1231,J2243.7-1231,2
3016,J2243.9+2021,J2243.9+2021,J2243.9+2021,J2243.9+2021,J2243.9+2021,2
3017,J2244.1+4057,J2244.2+4057,J2244.2+4057,J2244.2+4057,J2244.2+4057,3
3020,J2246.7-5205,J2246.7-5207,J2246.7-5207,J2246.7-5207,J2246.7-5207,3
3022,J2247.8+4413,J2247.8+4413,J2247.8+4413,J2247.8+4413,J2247.8+4413,2
3023,J2248.6-3235,J2248.7-3235,J2248.7-3235,J2248.7-3235,J2248.7-3235,2
3025,J2250.1+3825,J2250.0+3825,J2250.0+3825,J2250.0+3825,J2250.0+3825,2
3027,J2250.3-4206,J2250.4-4206,J2250.4-4206,J2250.4-4206,J2250.4-4206,3
3029,J2250.7-2806,J2250.7-2806,J2250.7-2806,J2250.7-2806,J2250.7-2806,3
3030,J2251.5-4928,J2251.5-4928,J2251.5-4928,J2251.5-4928,J2251.5-4928,3
3031,J2251.9+4031,J2252.0+4031,J2252.0+4031,J2252.0+4031,J2252.0+4031,2
3033,J2254.0+1608,J2253.9+1609,J2253.9+1609,J2253.9+1609,J2253.9+1609,2
3034,J2254.0+1403,J2253.7+1405,J2253.7+1405,J2253.7+1405,J2253.7+1405,2
3037,J2255.1+2411,J2255.2+2411,J2255.2+2411,J2255.2+2411,J2255.2+2411,2
3038,J2256.7-1022,J2256.8-1024,J2256.8-1024,J2256.8-1024,J2256.8-1024,3
3039,J2256.7-2011,J2256.6-2011,J2256.6-2011,J2256.6-2011,J2256.6-2011,2
3040,J2258.0-2759,J2258.1-2759,J2258.1-2759,J2258.1-2759,J2258.1-2759,2
3041,J2258.1-8248,J2258.5-8247,J2258.5-8247,J2258.5-8247,J2258.5-8247,2
3043,J2258.3-5526,J2258.4-5524,J2258.4-5524,J2258.4-5524,J2258.4-5524,2
3048,J2300.3+3136,J2300.3+3136,J2300.3+3136,J2300.3+3136,J2300.3+3136,2
3050,J2302.7+4443,J2302.7+4443,J2302.7+4443,J2302.7+4443,J2302.7+4443,3
3052,J2304.6+3704,J2304.6+3704,J2304.6+3704,J2304.6+3704,J2304.6+3704,2
3055,J2307.4-1208,J2307.4-1206,J2307.4-1206,J2307.4-1206,J2307.4-1206,2
3056,J2307.7+1449,J2307.6+1451,J2307.6+1451,J2307.6+1451,J2307.6+1451,2
3058,J2309.6-3633,J2309.7-3632,J2309.7-3632,J2309.7-3632,J2309.7-3632,3
3060,J2311.0+3425,J2311.0+3425,J2311.0+3425,J2311.0+3425,J2311.0+3425,2
3061,J2311.0+0204,J2311.0+0205,J2311.0+0205,J2311.0+0205,J2311.0+0205,2
3062,J2312.9-6923,J2313.4-6922,J2313.4-6922,J2313.4-6922,J2313.4-6922,2
3064,J2314.0+1443,J2314.0+1445,J2314.0+1445,J2314.0+1445,J2314.0+1445,2
3065,J2315.7-5018,J2315.6-5018,J2315.6-5018,J2315.6-5018,J2315.6-5018,2
3066,J2316.8-5209,J2316.9-5210,J2316.9-5210,J2316.9-5210,J2316.9-5210,3
3067,J2317.3-4534,J2317.4-4533,J2317.4-4533,J2317.4-4533,J2317.4-4533,3
3068,J2318.6+1912,J2318.2+1915,J2318.2+1915,J2318.2+1915,J2318.2+1915,2
3070,J2319.2-4207,J2319.1-4207,J2319.1-4207,J2319.1-4207,J2319.1-4207,2
3071,J2321.2-6439,J2321.7-6438,J2321.7-6438,J2321.7-6438,J2321.7-6438,3
3074,J2321.6+4438,J2322.1+4440,J2322.1+4440,J2322.1+4440,J2322.1+4440,2
3075,J2321.9+2732,J2321.9+2734,J2321.9+2734,J2321.9+2734,J2321.9+2734,2
3076,J2321.9+3204,J2321.9+3204,J2321.9+3204,J2321.9+3204,J2321.9+3204,2
3077,J2322.5+3436,J2322.7+3436,J2322.7+3436,J2322.7+3436,J2322.7+3436,2
3078,J2322.9-4917,J2322.8-4916,J2322.8-4916,J2322.8-4916,J2322.8-4916,3
3079,J2323.4+5849,J2323.4+5849,J2323.4+5849,J2323.4+5849,J2323.4+5849,2
3080,J2323.5-0315,J2323.5-0317,J2323.5-0317,J2323.5-0317,J2323.5-0317,2
3082,J2323.9+4211,J2323.8+4210,J2323.8+4210,J2323.8+4210,J2323.8+4210,2
3083,J2324.7-4040,J2324.7-4041,J2324.7-4041,J2324.7-4041,J2324.7-4041,2
3084,J2324.7+0801,J2324.7+0801,J2324.7+0801,J2324.7+0801,J2324.7+0801,2
3085,J2325.2+3957,J2325.2+3957,J2325.2+3957,J2325.2+3957,J2325.2+3957,2
3086,J2325.3-3557,J2325.4-3559,J2325.4-3559,J2325.4-3559,J2325.4-3559,2
3087,J2325.4-4758,J2325.4-4800,J2325.4-4800,J2325.4-4800,J2325.4-4800,2
3088,J2325.6+1650,J2325.6+1644,J2325.6+1644,J2325.6+1644,J2325.6+1644,2
3090,J2327.7+0941,J2327.5+0939,J2327.5+0939,J2327.5+0939,J2327.5+0939,2
3091,J2328.4-4034,J2328.3-4036,J2328.3-4036,J2328.3-4036,J2328.3-4036,3
3092,J2329.2+3754,J2329.2+3755,J2329.2+3755,J2329.2+3755,J2329.2+3755,2
3093,J2329.3-4955,J2329.3-4955,J2329.3-4955,J2329.3-4955,J2329.3-4955,3
3095,J2329.9-4734,J2329.3-4733,J2329.3-4733,J2329.3-4733,J2329.3-4733,2
3096,J2330.4-3726,J2330.6-3726,J2330.6-3726,J2330.6-3726,J2330.6-3726,2
3097,J2330.5+1104,J2330.5+1102,J2330.5+1102,J2330.5+1102,J2330.5+1102,2
3101,J2334.1+0732,J2334.2+0736,J2334.2+0736,J2334.2+0736,J2334.2+0736,2
3103,J2334.8+1432,J2334.8+1432,J2334.8+1432,J2334.8+1432,J2334.8+1432,2
3104,J2335.1-0133,J2335.4-0128,J2335.4-0128,J2335.4-0128,J2335.4-0128,2
3106,J2336.5+2356,J2336.6+2356,J2336.6+2356,J2336.6+2356,J2336.6+2356,2
3107,J2336.5-7620,J2336.5-7622,J2336.5-7622,J2336.5-7622,J2336.5-7622,3
3108,J2336.5-4116,J2336.6-4115,J2336.6-4115,J2336.6-4115,J2336.6-4115,2
3111,J2338.1-0229,J2338.0-0230,J2338.0-0230,J2338.0-0230,J2338.0-0230,2
3112,J2338.7-7401,J2339.2-7403,J2339.2-7403,J2339.2-7403,J2339.2-7403,3
3114,J2339.0+2122,J2338.9+2124,J2338.9+2124,J2338.9+2124,J2338.9+2124,2
3115,J2339.6-0533,J2339.6-0533,J2339.6-0533,J2339.6-0533,J2339.6-0533,3
3117,J2340.7+8016,J2340.8+8015,J2340.8+8015,J2340.8+8015,J2340.8+8015,2
3120,J2343.7+3437,J2343.6+3438,J2343.6+3438,J2343.6+3438,J2343.6+3438,2
3121,J2344.4+0549,J2343.9+0546,J2343.9+0546,J2343.9+0546,J2343.9+0546,3
3123,J2345.2-1554,J2345.2-1555,J2345.2-1555,J2345.2-1555,J2345.2-1555,2
3124,J2346.7+0705,J2346.7+0705,J2346.7+0705,J2346.7+0705,J2346.7+0705,3
3125,J2347.0+5142,J2347.0+5141,J2347.0+5141,J2347.0+5141,J2347.0+5141,2
3126,J2347.9+5436,J2347.9+5436,J2347.9+5436,J2347.9+5436,J2347.9+5436,2
3127,J2348.0-1630,J2348.0-1630,J2348.0-1630,J2348.0-1630,J2348.0-1630,2
3129,J2350.4-3004,J2350.6-3005,J2350.6-3005,J2350.6-3005,J2350.6-3005,2
3131,J2352.0+1752,J2352.0+1750,J2352.0+1750,J2352.0+1750,J2352.0+1750,2
3132,J2353.3-4805,J2353.1-4806,J2353.1-4806,J2353.1-4806,J2353.1-4806,2
3134,J2353.6-3037,J2353.7-3037,J2353.7-3037,J2353.7-3037,J2353.7-3037,2
3135,J2353.7-3911,J2353.8-3911,J2353.8-3911,J2353.8-3911,J2353.8-3911,2
3141,J2355.5+8154,J2354.9+8151,J2354.9+8151,J2354.9+8151,J2354.9+8151,2
3142,J2356.0+4037,J2356.2+4036,J2356.2+4036,J2356.2+4036,J2356.2+4036,2
3144,J2357.3-0150,J2357.4-0152,J2357.4-0152,J2357.4-0152,J2357.4-0152,2
3145,J2357.4-1716,J2357.4-1718,J2357.4-1718,J2357.4-1718,J2357.4-1718,2
3146,J2357.8-5310,J2357.8-5311,J2357.8-5311,J2357.8-5311,J2357.8-5311,2
3147,J2358.0-4552,J2358.0-4601,J2358.0-4601,J2358.0-4601,J2358.0-4601,3
3148,J2358.2-1022,J2358.3-1021,J2358.3-1021,J2358.3-1021,J2358.3-1021,2
3149,J2358.3-2853,J2358.1-2853,J2358.1-2853,J2358.1-2853,J2358.1-2853,2
3152,J2358.9+3926,J2359.0+3922,J2359.0+3922,J2359.0+3922,J2359.0+3922,2
3153,J2359.3-3038,J2359.0-3038,J2359.0-3038,J2359.0-3038,J2359.0-3038,2
3154,J2359.5-2052,J2359.3-2049,J2359.3-2049,J2359.3-2049,J2359.3-2049,2
