,3fgl,3fgl-cls1,4fgldr1,4fgldr1-cls1,4fgldr2,4fgldr2-cls1,4fgldr3,4fgldr3-cls1,4fgldr4,4fgldr4-cls1
0,J0001.2-0748,bll,J0001.2-0747,bll,J0001.2-0747,bll,J0001.2-0747,bll,J0001.2-0747,bll
1,J0001.4+2120,fsrq,J0001.5+2113,fsrq,J0001.5+2113,fsrq,J0001.5+2113,fsrq,J0001.5+2113,fsrq
2,J0002.2-4152,bcu,J0001.6-4156,bcu,J0001.6-4156,bcu,J0001.6-4156,bcu,J0001.6-4156,bcu
3,J0003.2-5246,bcu,J0003.1-5248,bcu,J0003.1-5248,bcu,J0003.1-5248,bcu,J0003.1-5248,bcu
4,J0003.8-1151,bcu,J0003.9-1149,bll,J0003.9-1149,bll,J0003.9-1149,bll,J0003.9-1149,bll
5,J0004.7-4740,fsrq,J0004.4-4737,fsrq,J0004.4-4737,fsrq,J0004.4-4737,fsrq,J0004.4-4737,fsrq
6,J0006.4+3825,fsrq,J0005.9+3824,fsrq,J0005.9+3824,fsrq,J0005.9+3824,fsrq,J0005.9+3824,fsrq
7,J0007.0+7302,PSR,J0007.0+7303,PSR,J0007.0+7303,PSR,J0007.0+7303,PSR,J0007.0+7303,PSR
8,J0008.0+4713,bll,J0008.0+4711,bll,J0008.0+4711,bll,J0008.0+4711,bll,J0008.0+4711,bll
9,J0008.6-2340,bll,J0008.4-2339,bll,J0008.4-2339,bll,J0008.4-2339,bll,J0008.4-2339,bll
10,J0009.1+0630,bll,J0009.1+0628,bll,J0009.1+0628,bll,J0009.1+0628,bll,J0009.1+0628,bll
11,J0009.3+5030,bll,J0009.3+5030,bll,J0009.3+5030,bll,J0009.3+5030,bll,J0009.3+5030,bll
12,J0009.6-3211,bcu,J0009.7-3217,rdg,J0009.7-3217,rdg,J0009.7-3217,rdg,J0009.7-3217,rdg
13,J0012.4+7040,bcu,J0012.0+7043,bcu,J0012.0+7043,bcu,J0012.0+7043,bcu,J0012.0+7043,bcu
14,J0013.2-3954,bll,J0013.1-3955,bll,J0013.1-3955,bll,J0013.1-3955,bll,J0013.1-3955,bll
15,J0013.9-1853,bll,J0013.9-1854,bll,J0013.9-1854,bll,J0013.9-1854,bll,J0013.9-1854,bll
16,J0014.0-5025,bll,J0014.1-5022,bll,J0014.1-5022,bll,J0014.1-5022,bll,J0014.1-5022,bll
17,J0014.6+6119,bcu,J0014.8+6118,bcu,J0014.8+6118,bcu,J0014.8+6118,bcu,J0014.8+6118,bcu
18,J0014.7+5802,bll,J0014.7+5801,bll,J0014.7+5801,bll,J0014.7+5801,bll,J0014.7+5801,bll
19,J0015.7+5552,bcu,J0015.6+5551,bll,J0015.6+5551,bll,J0015.6+5551,bll,J0015.6+5551,bll
20,J0016.3-0013,fsrq,J0016.2-0016,fsrq,J0016.2-0016,fsrq,J0016.2-0016,fsrq,J0016.2-0016,fsrq
21,J0017.2-0643,bcu,J0017.0-0649,bcu,J0017.0-0649,bcu,J0017.0-0649,bcu,J0017.0-0649,bcu
22,J0017.6-0512,FSRQ,J0017.5-0514,FSRQ,J0017.5-0514,FSRQ,J0017.5-0514,FSRQ,J0017.5-0514,FSRQ
23,J0018.4+2947,bll,J0018.4+2946,bll,J0018.4+2946,bll,J0018.4+2946,bll,J0018.4+2946,bll
24,J0018.9-8152,bll,J0019.3-8152,bll,J0019.3-8152,bll,J0019.3-8152,bll,J0019.3-8152,bll
25,J0019.1-5645,bcu,J0019.2-5640,bcu,J0019.2-5640,bcu,J0019.2-5640,bcu,J0019.2-5640,bcu
26,J0019.4+2021,bll,J0019.6+2022,bll,J0019.6+2022,bll,J0019.6+2022,bll,J0019.6+2022,bll
27,J0021.6-6835,bcu,J0023.7-6820,bcu,J0023.7-6820,fsrq,J0023.7-6820,fsrq,J0023.7-6820,fsrq
28,J0021.6-2553,bll,J0021.5-2552,bll,J0021.5-2552,bll,J0021.5-2552,bll,J0021.5-2552,bll
29,J0022.1-1855,bll,J0022.1-1854,bll,J0022.1-1854,bll,J0022.1-1854,bll,J0022.1-1854,bll
30,J0022.1-5141,bll,J0021.9-5140,bll,J0021.9-5140,bll,J0021.9-5140,bll,J0021.9-5140,bll
31,J0022.5+0608,bll,J0022.5+0608,bll,J0022.5+0608,bll,J0022.5+0608,bll,J0022.5+0608,bll
32,J0023.4+0923,PSR,J0023.4+0920,PSR,J0023.4+0920,PSR,J0023.4+0920,MSP,J0023.4+0920,MSP
33,J0023.5+4454,fsrq,J0023.7+4457,fsrq,J0023.7+4457,fsrq,J0023.7+4457,fsrq,J0023.7+4457,fsrq
34,J0023.9-7203,glc,J0024.0-7204,glc,J0024.0-7204,glc,J0024.0-7204,glc,J0024.0-7204,glc
35,J0024.4+0350,fsrq,J0024.7+0349,fsrq,J0024.7+0349,fsrq,J0024.7+0349,fsrq,J0024.7+0349,fsrq
36,J0025.7+6404,snr,J0025.3+6408,snr,J0025.3+6408,snr,J0025.3+6408,snr,J0025.3+6408,snr
37,J0026.7-4603,bll,J0026.6-4600,bll,J0026.6-4600,bll,J0026.6-4600,bll,J0026.6-4600,bll
38,J0028.6+7507,bcu,J0028.1+7505,bcu,J0028.1+7505,bcu,J0028.1+7505,bcu,J0028.1+7505,bcu
39,J0028.8+1951,bcu,J0028.4+2001,fsrq,J0028.4+2001,fsrq,J0028.5+2001,fsrq,J0028.5+2001,fsrq
40,J0029.1-7045,bll,J0029.0-7044,bll,J0029.0-7044,bll,J0029.0-7044,bll,J0029.0-7044,bll
41,J0030.2-1646,bcu,J0030.2-1647,bll,J0030.2-1647,bll,J0030.2-1647,bll,J0030.2-1647,bll
42,J0030.3-4223,fsrq,J0030.3-4224,fsrq,J0030.3-4224,fsrq,J0030.3-4224,fsrq,J0030.3-4224,fsrq
43,J0030.4+0451,PSR,J0030.4+0451,PSR,J0030.4+0451,PSR,J0030.4+0451,MSP,J0030.4+0451,MSP
44,J0030.7-0209,bcu,J0030.6-0212,bcu,J0030.6-0212,bcu,J0030.6-0212,fsrq,J0030.6-0212,fsrq
45,J0031.3+0724,bcu,J0031.3+0726,bll,J0031.3+0726,bll,J0031.3+0726,bll,J0031.3+0726,bll
46,J0032.3-2852,bll,J0032.4-2849,bll,J0032.4-2849,bll,J0032.4-2849,bll,J0032.4-2849,bll
47,J0033.6-1921,bll,J0033.5-1921,bll,J0033.5-1921,bll,J0033.5-1921,bll,J0033.5-1921,bll
48,J0034.3-0534,PSR,J0034.3-0534,PSR,J0034.3-0534,PSR,J0034.3-0534,MSP,J0034.3-0534,MSP
49,J0035.2+1513,bll,J0035.2+1514,bll,J0035.2+1514,bll,J0035.2+1514,bll,J0035.2+1514,bll
50,J0035.9+5949,bll,J0035.9+5950,bll,J0035.9+5950,bll,J0035.9+5950,bll,J0035.9+5950,bll
51,J0037.9+1239,bll,J0037.8+1239,bll,J0037.8+1239,bll,J0037.8+1239,bll,J0037.8+1239,bll
52,J0038.0-2501,fsrq,J0038.2-2459,fsrq,J0038.2-2459,fsrq,J0038.2-2459,fsrq,J0038.2-2459,fsrq
53,J0038.0+0012,bll,J0038.1+0012,bll,J0038.1+0012,bll,J0038.1+0012,bll,J0038.1+0012,bll
54,J0039.0-2218,bcu,J0039.1-2219,bcu,J0039.1-2219,bcu,J0039.1-2219,bll,J0039.1-2219,bll
55,J0039.1-0939,fsrq,J0039.0-0946,fsrq,J0039.0-0946,fsrq,J0039.0-0946,fsrq,J0039.0-0946,fsrq
56,J0039.1+4330,bcu,J0039.1+4330,bcu,J0039.1+4330,bcu,J0039.1+4330,bcu,J0039.1+4330,bcu
57,J0040.3+4049,bcu,J0040.3+4050,bll,J0040.3+4050,bll,J0040.3+4050,bll,J0040.3+4050,bll
58,J0040.5-2339,bcu,J0040.4-2340,bll,J0040.4-2340,bll,J0040.4-2340,bll,J0040.4-2340,bll
59,J0041.9+3639,bll,J0042.0+3640,bll,J0042.0+3640,bll,J0042.0+3640,bll,J0042.0+3640,bll
60,J0042.0+2318,fsrq,J0042.2+2319,fsrq,J0042.2+2319,fsrq,J0042.2+2319,fsrq,J0042.2+2319,fsrq
61,J0042.5+4117,gal,J0043.2+4114,gal,J0043.2+4114,gal,J0043.2+4114,gal,J0043.2+4114,gal
62,J0043.5-0444,bcu,J0043.5-0442,bll,J0043.5-0442,bll,J0043.5-0442,bll,J0043.5-0442,bll
63,J0043.7-1117,bcu,J0043.7-1116,bll,J0043.7-1116,bll,J0043.7-1116,bll,J0043.7-1116,bll
64,J0043.8+3425,fsrq,J0043.8+3425,fsrq,J0043.8+3425,fsrq,J0043.8+3425,fsrq,J0043.8+3425,fsrq
65,J0045.2-3704,bcu,J0045.1-3706,bcu,J0045.1-3706,fsrq,J0045.1-3706,fsrq,J0045.1-3706,fsrq
66,J0045.3+2126,bll,J0045.3+2128,bll,J0045.3+2128,bll,J0045.3+2128,bll,J0045.3+2128,bll
67,J0045.7+1217,bll,J0045.7+1217,bll,J0045.7+1217,bll,J0045.7+1217,bll,J0045.7+1217,bll
68,J0046.7-8419,fsrq,J0044.2-8424,fsrq,J0044.2-8424,fsrq,J0044.2-8424,fsrq,J0044.2-8424,fsrq
69,J0047.0+5658,bll,J0047.0+5657,bll,J0047.0+5657,bll,J0047.0+5657,bll,J0047.0+5657,bll
70,J0047.5-2516,sbg,J0047.5-2517,sbg,J0047.5-2517,sbg,J0047.5-2517,sbg,J0047.5-2517,sbg
71,J0047.9+5447,bcu,J0047.9+5448,bcu,J0047.9+5448,bcu,J0047.9+5448,bcu,J0047.9+5448,bcu
72,J0048.0+3950,bll,J0047.9+3947,bll,J0047.9+3947,bll,J0047.9+3947,bll,J0047.9+3947,bll
73,J0048.0+2236,fsrq,J0047.9+2233,fsrq,J0047.9+2233,fsrq,J0047.9+2233,fsrq,J0047.9+2233,fsrq
74,J0049.4-5401,bcu,J0049.4-5402,bcu,J0049.4-5402,bcu,J0049.4-5402,bll,J0049.4-5402,bll
75,J0049.4-4149,bcu,J0049.5-4150,bcu,J0049.5-4150,bcu,J0049.5-4150,bcu,J0049.5-4150,bcu
76,J0049.7+0237,bll,J0049.7+0237,bll,J0049.7+0237,bll,J0049.7+0237,bll,J0049.7+0237,bll
77,J0049.8-5737,fsrq,J0050.0-5736,fsrq,J0050.0-5736,fsrq,J0050.0-5736,fsrq,J0050.0-5736,fsrq
78,J0050.0-4458,bcu,J0049.6-4500,bcu,J0049.6-4500,fsrq,J0049.6-4500,fsrq,J0049.6-4500,fsrq
79,J0050.4-0449,fsrq,J0050.4-0452,fsrq,J0050.4-0452,fsrq,J0050.4-0452,fsrq,J0050.4-0452,fsrq
80,J0050.6-0929,BLL,J0050.7-0929,BLL,J0050.7-0929,BLL,J0050.7-0929,BLL,J0050.7-0929,BLL
81,J0051.0-0649,fsrq,J0051.1-0648,fsrq,J0051.1-0648,fsrq,J0051.1-0648,fsrq,J0051.1-0648,fsrq
82,J0051.2-6241,bcu,J0051.2-6242,bll,J0051.2-6242,bll,J0051.2-6242,bll,J0051.2-6242,bll
83,J0054.8-2455,bll,J0054.7-2455,bll,J0054.7-2455,bll,J0054.7-2455,bll,J0054.7-2455,bll
84,J0055.2-1213,bcu,J0055.1-1219,bcu,J0055.1-1219,bcu,J0055.1-1219,bcu,J0055.1-1219,bcu
85,J0056.3-2116,bll,J0056.4-2118,bll,J0056.4-2118,bll,J0056.4-2118,bll,J0056.4-2118,bll
86,J0056.3-0935,bll,J0056.3-0935,bll,J0056.3-0935,bll,J0056.3-0935,bll,J0056.3-0935,bll
87,J0057.9-0542,fsrq,J0058.0-0539,fsrq,J0058.0-0539,fsrq,J0058.0-0539,fsrq,J0058.0-0539,fsrq
88,J0058.0-3233,bll,J0058.0-3233,bll,J0058.0-3233,bll,J0058.0-3233,bll,J0058.0-3233,bll
89,J0058.3+3315,fsrq,J0058.4+3315,fsrq,J0058.4+3315,fsrq,J0058.4+3315,fsrq,J0058.4+3315,fsrq
90,J0059.2-0152,bll,J0059.3-0152,bll,J0059.3-0152,bll,J0059.3-0152,bll,J0059.3-0152,bll
91,J0059.6+0003,fsrq,J0059.2+0006,fsrq,J0059.2+0006,fsrq,J0059.2+0006,fsrq,J0059.2+0006,fsrq
92,J0100.2+0745,bll,J0100.3+0745,bll,J0100.3+0745,bll,J0100.3+0745,bll,J0100.3+0745,bll
93,J0101.0-6422,PSR,J0101.1-6422,PSR,J0101.1-6422,PSR,J0101.1-6422,MSP,J0101.1-6422,MSP
94,J0102.3+4217,fsrq,J0102.4+4214,fsrq,J0102.4+4214,fsrq,J0102.4+4214,fsrq,J0102.4+4214,fsrq
95,J0102.8+4840,PSR,J0102.8+4839,PSR,J0102.8+4839,PSR,J0102.8+4839,MSP,J0102.8+4839,MSP
96,J0102.8+5825,fsrq,J0102.8+5824,fsrq,J0102.8+5824,fsrq,J0102.8+5824,fsrq,J0102.8+5824,fsrq
97,J0103.4+5336,bll,J0103.5+5337,bll,J0103.5+5337,bll,J0103.5+5337,bll,J0103.5+5337,bll
98,J0103.7+1323,bcu,J0103.8+1321,bll,J0103.8+1321,bll,J0103.8+1321,bll,J0103.8+1321,bll
99,J0105.1-2415,fsrq,J0104.8-2416,fsrq,J0104.8-2416,fsrq,J0104.8-2416,fsrq,J0104.8-2416,fsrq
100,J0105.3+3928,bll,J0105.1+3929,bll,J0105.1+3929,bll,J0105.1+3929,bll,J0105.1+3929,bll
101,J0106.5+4855,PSR,J0106.4+4855,PSR,J0106.4+4855,PSR,J0106.4+4855,PSR,J0106.4+4855,PSR
102,J0107.0-1208,bcu,J0107.3-1210,bcu,J0107.3-1210,bcu,J0107.3-1210,bll,J0107.3-1210,bll
103,J0108.5-0035,fsrq,J0108.1-0039,fsrq,J0108.1-0039,fsrq,J0108.1-0039,fsrq,J0108.1-0039,fsrq
104,J0108.7+0134,fsrq,J0108.6+0134,fsrq,J0108.6+0134,fsrq,J0108.6+0134,fsrq,J0108.6+0134,fsrq
105,J0109.1+1816,bll,J0109.1+1815,bll,J0109.1+1815,bll,J0109.1+1815,bll,J0109.1+1815,bll
106,J0109.8+6132,fsrq,J0109.7+6133,fsrq,J0109.7+6133,fsrq,J0109.7+6133,fsrq,J0109.7+6133,fsrq
107,J0109.9-4020,bll,J0110.0-4019,bll,J0110.0-4019,bll,J0110.0-4019,bll,J0110.0-4019,bll
108,J0110.2+6806,bll,J0110.1+6805,bll,J0110.1+6805,bll,J0110.1+6805,bll,J0110.1+6805,bll
109,J0110.9-1254,bll,J0110.7-1254,bll,J0110.7-1254,bll,J0110.7-1254,bll,J0110.7-1254,bll
110,J0111.5+0535,bll,J0111.4+0534,bll,J0111.4+0534,bll,J0111.4+0534,bll,J0111.4+0534,bll
111,J0112.1+2245,BLL,J0112.1+2245,BLL,J0112.1+2245,BLL,J0112.1+2245,BLL,J0112.1+2245,BLL
112,J0112.8+3207,fsrq,J0112.8+3208,fsrq,J0112.8+3208,fsrq,J0112.8+3208,fsrq,J0112.8+3208,fsrq
113,J0113.0-3554,fsrq,J0113.1-3553,fsrq,J0113.1-3553,fsrq,J0113.1-3553,fsrq,J0113.1-3553,fsrq
114,J0113.4+4948,fsrq,J0113.4+4948,fsrq,J0113.4+4948,fsrq,J0113.4+4948,fsrq,J0113.4+4948,fsrq
115,J0114.8+1326,bll,J0114.8+1326,bll,J0114.8+1326,bll,J0114.8+1326,bll,J0114.8+1326,bll
116,J0115.7+0356,bll,J0115.6+0356,bll,J0115.6+0356,bll,J0115.6+0356,bll,J0115.6+0356,bll
117,J0115.8+2519,bll,J0115.8+2519,bll,J0115.8+2519,bll,J0115.8+2519,bll,J0115.8+2519,bll
118,J0116.0-1134,fsrq,J0116.0-1136,fsrq,J0116.0-1136,fsrq,J0116.0-1136,fsrq,J0116.0-1136,fsrq
119,J0116.2-2744,bcu,J0116.0-2745,bll,J0116.0-2745,bll,J0116.0-2745,bll,J0116.0-2745,bll
120,J0116.3-6153,bll,J0116.2-6153,bll,J0116.2-6153,bll,J0116.2-6153,bll,J0116.2-6153,bll
121,J0117.8-2113,fsrq,J0117.8-2109,fsrq,J0117.8-2109,fsrq,J0117.8-2109,fsrq,J0117.8-2109,fsrq
122,J0118.8-2142,fsrq,J0118.9-2141,fsrq,J0118.9-2141,fsrq,J0118.9-2141,fsrq,J0118.9-2141,fsrq
123,J0118.9-1457,bll,J0119.0-1458,bll,J0119.0-1458,bll,J0119.0-1458,bll,J0119.0-1458,bll
124,J0120.4-2700,bll,J0120.4-2701,bll,J0120.4-2701,bll,J0120.4-2701,bll,J0120.4-2701,bll
125,J0121.7+5154,bcu,J0121.7+5153,bcu,J0121.7+5153,bcu,J0121.7+5153,bcu,J0121.7+5153,bcu
126,J0123.7-2312,bll,J0123.7-2311,bll,J0123.7-2311,bll,J0123.7-2311,bll,J0123.7-2311,bll
127,J0125.2-0627,bll,J0124.8-0625,bll,J0124.8-0625,bll,J0124.8-0625,bll,J0124.8-0625,bll
128,J0125.4-2548,bll,J0125.3-2548,bll,J0125.3-2548,bll,J0125.3-2548,bll,J0125.3-2548,bll
129,J0126.1-2227,fsrq,J0126.0-2221,fsrq,J0126.0-2221,fsrq,J0126.0-2221,fsrq,J0126.0-2221,fsrq
130,J0127.1-0818,bll,J0127.2-0819,bll,J0127.2-0819,bll,J0127.2-0819,bll,J0127.2-0819,bll
131,J0127.2+0325,bcu,J0127.2+0324,bll,J0127.2+0324,bll,J0127.2+0324,bll,J0127.2+0324,bll
132,J0128.5+4430,fsrq,J0128.5+4440,fsrq,J0128.5+4440,fsrq,J0128.5+4440,fsrq,J0128.5+4440,fsrq
133,J0130.8+1441,fsrq,J0129.8+1440,fsrq,J0129.8+1440,fsrq,J0129.8+1440,fsrq,J0129.8+1440,fsrq
134,J0131.2+6120,bll,J0131.1+6120,bll,J0131.1+6120,bll,J0131.1+6120,bll,J0131.1+6120,bll
135,J0131.3+5548,bcu,J0131.2+5547,bcu,J0131.2+5547,bcu,J0131.2+5547,bcu,J0131.2+5547,bcu
136,J0132.5-0802,bcu,J0132.7-0804,bcu,J0132.7-0804,bcu,J0132.7-0804,fsrq,J0132.7-0804,fsrq
137,J0132.6-1655,fsrq,J0132.7-1654,fsrq,J0132.7-1654,fsrq,J0132.7-1654,fsrq,J0132.7-1654,fsrq
138,J0133.0-4413,bll,J0132.8-4413,bll,J0132.8-4413,bll,J0132.8-4413,bll,J0132.8-4413,bll
139,J0133.2-5159,bcu,J0133.1-5201,bcu,J0133.1-5201,fsrq,J0133.1-5201,fsrq,J0133.1-5201,fsrq
140,J0133.3+4324,bcu,J0132.8+4324,bcu,J0132.8+4324,bcu,J0132.8+4324,bcu,J0132.8+4324,bcu
141,J0134.3-3842,fsrq,J0134.3-3842,fsrq,J0134.3-3842,fsrq,J0134.3-3842,fsrq,J0134.3-3842,fsrq
142,J0134.5+2638,bcu,J0134.5+2637,fsrq,J0134.5+2637,fsrq,J0134.5+2637,fsrq,J0134.5+2637,bll
143,J0136.5+3905,bll,J0136.5+3906,bll,J0136.5+3906,bll,J0136.5+3906,bll,J0136.5+3906,bll
144,J0137.0+4752,fsrq,J0137.0+4751,fsrq,J0137.0+4751,fsrq,J0137.0+4751,fsrq,J0137.0+4751,fsrq
145,J0137.6-2430,fsrq,J0137.6-2430,fsrq,J0137.6-2430,fsrq,J0137.6-2430,fsrq,J0137.6-2430,fsrq
146,J0137.8+5813,bcu,J0137.9+5814,bll,J0137.9+5814,bll,J0137.9+5814,bll,J0137.9+5814,bll
147,J0139.9+8735,bcu,J0140.6+8736,bcu,J0140.6+8736,bcu,J0140.6+8736,bcu,J0140.6+8736,bcu
148,J0141.4-0929,bll,J0141.4-0928,bll,J0141.4-0928,bll,J0141.4-0928,bll,J0141.4-0928,bll
149,J0143.7-5845,bll,J0143.7-5846,bll,J0143.7-5846,bll,J0143.7-5846,bll,J0143.7-5846,bll
150,J0144.6+2705,bll,J0144.6+2705,bll,J0144.6+2705,bll,J0144.6+2705,bll,J0144.6+2705,bll
151,J0145.1-2732,fsrq,J0145.0-2732,fsrq,J0145.0-2732,fsrq,J0145.0-2732,fsrq,J0145.0-2732,fsrq
152,J0145.6+8600,bcu,J0151.3+8601,bll,J0151.3+8601,bll,J0151.3+8601,bll,J0151.3+8601,bll
153,J0146.4-6746,bcu,J0146.0-6746,bcu,J0146.0-6746,bcu,J0146.0-6746,bll,J0146.0-6746,bll
154,J0147.0-5204,bcu,J0146.9-5202,bll,J0146.9-5202,bll,J0146.9-5202,bll,J0146.9-5202,bll
155,J0148.3+5200,bcu,J0148.2+5201,bll,J0148.2+5201,bll,J0148.2+5201,bll,J0148.2+5201,bll
156,J0148.6+0128,bll,J0148.6+0127,bll,J0148.6+0127,bll,J0148.6+0127,bll,J0148.6+0127,bll
157,J0150.5-5447,bcu,J0150.6-5448,bcu,J0150.6-5448,bcu,J0150.6-5448,bcu,J0150.6-5448,bcu
158,J0151.0-3609,bcu,J0151.4-3607,bcu,J0151.4-3607,bcu,J0151.4-3607,bcu,J0151.4-3607,bcu
159,J0151.0+0537,bcu,J0151.0+0539,bcu,J0151.0+0539,bcu,J0151.0+0539,bcu,J0151.0+0539,bcu
160,J0151.6+2205,fsrq,J0152.2+2206,fsrq,J0152.2+2206,fsrq,J0152.2+2206,fsrq,J0152.2+2206,fsrq
161,J0152.2+3707,bcu,J0152.2+3714,bcu,J0152.2+3714,bcu,J0152.2+3714,bcu,J0152.2+3714,bcu
162,J0152.6+0148,bll,J0152.6+0147,bll,J0152.6+0147,bll,J0152.6+0147,bll,J0152.6+0147,bll
163,J0152.8+7517,bll,J0153.0+7517,bll,J0153.0+7517,bll,J0153.0+7517,bll,J0153.0+7517,bll
164,J0153.4+7114,bcu,J0153.4+7114,rdg,J0153.4+7114,rdg,J0153.4+7114,rdg,J0153.4+7114,rdg
165,J0154.0+0824,bll,J0153.9+0823,bll,J0153.9+0823,bll,J0153.9+0823,bll,J0153.9+0823,bll
166,J0154.9+4433,bll,J0155.0+4433,bll,J0155.0+4433,bll,J0155.0+4433,bll,J0155.0+4433,bll
167,J0156.3+3913,bcu,J0156.5+3914,bcu,J0156.5+3914,bcu,J0156.5+3914,fsrq,J0156.5+3914,fsrq
168,J0156.9-4742,bcu,J0156.8-4744,bll,J0156.8-4744,bll,J0156.8-4744,bll,J0156.8-4744,bll
169,J0157.0-5301,bll,J0156.9-5301,bll,J0156.9-5301,bll,J0156.9-5301,bll,J0156.9-5301,bll
170,J0157.9-4615,fsrq,J0157.7-4614,fsrq,J0157.7-4614,fsrq,J0157.7-4614,fsrq,J0157.7-4614,fsrq
171,J0158.6-3931,bll,J0158.5-3932,bll,J0158.5-3932,bll,J0158.5-3932,bll,J0158.5-3932,bll
172,J0159.4+1046,bll,J0159.5+1046,bll,J0159.5+1046,bll,J0159.5+1046,bll,J0159.5+1046,bll
173,J0159.8-2741,bll,J0159.7-2740,bll,J0159.7-2740,bll,J0159.7-2740,bll,J0159.7-2740,bll
174,J0200.9-6635,bcu,J0200.6-6637,bcu,J0200.6-6637,fsrq,J0200.6-6637,fsrq,J0200.6-6637,fsrq
175,J0202.3+0851,fsrq,J0202.4+0849,fsrq,J0202.4+0849,fsrq,J0202.4+0849,fsrq,J0202.4+0849,bll
176,J0202.5+4206,bll,J0202.7+4204,bll,J0202.7+4204,bll,J0202.7+4204,bll,J0202.7+4204,bll
177,J0203.1-0227,bcu,J0202.9-0225,bcu,J0202.9-0225,bcu,J0202.9-0225,bcu,J0202.9-0225,bcu
178,J0203.6+3043,bll,J0203.7+3042,bll,J0203.7+3042,bll,J0203.7+3042,bll,J0203.7+3042,bll
179,J0204.0+7234,bll,J0203.6+7233,bll,J0203.6+7233,bll,J0203.6+7233,bll,J0203.6+7233,bll
180,J0204.2+2420,bcu,J0204.3+2417,bcu,J0204.3+2417,bll,J0204.3+2417,bll,J0204.3+2417,bll
181,J0204.8+3212,fsrq,J0205.2+3212,fsrq,J0205.2+3212,fsrq,J0205.2+3212,fsrq,J0205.2+3212,fsrq
182,J0205.0+1510,bcu,J0204.8+1513,bcu,J0204.8+1513,bcu,J0204.8+1513,bcu,J0204.8+1513,bcu
183,J0205.2-1700,fsrq,J0205.0-1700,fsrq,J0205.0-1700,fsrq,J0205.0-1700,fsrq,J0205.0-1700,fsrq
184,J0205.5+6448,PSR,J0205.7+6449,PSR,J0205.7+6449,PSR,J0205.7+6449,PSR,J0205.6+6449e,PWN
185,J0205.5+6448,PSR,J0205.7+6449,PSR,J0205.7+6449,PSR,J0205.7+6449,PSR,J0205.7+6449,PSR
186,J0206.4-1150,fsrq,J0206.4-1151,fsrq,J0206.4-1151,fsrq,J0206.4-1151,fsrq,J0206.4-1151,fsrq
187,J0207.9-3846,bcu,J0207.4-3855,bcu,J0207.4-3855,bcu,J0207.4-3855,bll,J0207.4-3855,bll
188,J0208.0-6838,bll,J0208.3-6838,bll,J0208.3-6838,bll,J0208.3-6838,bll,J0208.3-6838,bll
189,J0208.6+3522,bll,J0208.6+3523,bll,J0208.6+3523,bll,J0208.6+3523,bll,J0208.6+3523,bll
190,J0209.4-5229,bll,J0209.3-5228,bll,J0209.3-5228,bll,J0209.3-5228,bll,J0209.3-5228,bll
191,J0209.5+4449,bll,J0209.3+4449,bll,J0209.3+4449,bll,J0209.3+4449,bll,J0209.3+4449,bll
192,J0210.7-5101,BCU,J0210.7-5101,FSRQ,J0210.7-5101,FSRQ,J0210.7-5101,FSRQ,J0210.7-5101,FSRQ
193,J0211.2+1051,BLL,J0211.2+1051,BLL,J0211.2+1051,BLL,J0211.2+1051,BLL,J0211.2+1051,BLL
194,J0211.2-0649,bcu,J0211.1-0646,bcu,J0211.1-0646,bll,J0211.1-0646,bll,J0211.1-0646,bll
195,J0212.8-3504,bll,J0212.4-3502,bll,J0212.4-3502,bll,J0212.4-3502,bll,J0212.4-3502,bll
196,J0213.0+2245,bll,J0212.9+2244,bll,J0212.9+2244,bll,J0212.9+2244,bll,J0212.9+2244,bll
197,J0213.1-2720,bcu,J0212.8-2721,bcu,J0212.8-2721,bcu,J0212.8-2721,bcu,J0212.8-2721,bcu
198,J0214.4+5143,bll,J0214.3+5145,bll,J0214.3+5145,bll,J0214.3+5145,bll,J0214.3+5145,bll
199,J0214.7-5823,bcu,J0214.4-5822,bcu,J0214.4-5822,bcu,J0214.4-5822,bcu,J0214.4-5822,bcu
200,J0216.6-1019,bcu,J0216.6-1015,bcu,J0216.6-1015,bcu,J0216.6-1015,bcu,J0216.6-1015,bcu
201,J0217.0-6635,bll,J0216.8-6635,bll,J0216.8-6635,bll,J0216.8-6635,bll,J0216.8-6635,bll
202,J0217.1-0833,fsrq,J0217.0-0821,fsrq,J0217.0-0821,fsrq,J0217.0-0821,fsrq,J0217.0-0821,fsrq
203,J0217.2+0837,bll,J0217.2+0837,bll,J0217.2+0837,bll,J0217.2+0837,bll,J0217.2+0837,bll
204,J0217.5+7349,fsrq,J0217.4+7352,fsrq,J0217.4+7352,fsrq,J0217.4+7352,fsrq,J0217.4+7352,fsrq
205,J0217.8+0143,fsrq,J0217.8+0144,fsrq,J0217.8+0144,fsrq,J0217.8+0144,fsrq,J0217.8+0144,fsrq
206,J0218.1+4233,PSR,J0218.1+4232,PSR,J0218.1+4232,PSR,J0218.1+4232,MSP,J0218.1+4232,MSP
207,J0218.9+3642,bcu,J0218.9+3643,bcu,J0218.9+3643,bcu,J0218.9+3643,bcu,J0218.9+3643,bcu
208,J0219.0+2440,bcu,J0219.0+2443,bll,J0219.0+2443,bll,J0219.0+2443,bll,J0219.0+2443,bll
209,J0221.1+3556,FSRQ,J0221.1+3556,FSRQ,J0221.1+3556,FSRQ,J0221.1+3556,FSRQ,J0221.1+3556,FSRQ
210,J0222.1-1616,fsrq,J0222.0-1616,fsrq,J0222.0-1616,fsrq,J0222.0-1616,fsrq,J0222.0-1616,fsrq
211,J0222.6+4301,BLL,J0222.6+4302,BLL,J0222.6+4302,BLL,J0222.6+4302,BLL,J0222.6+4302,BLL
212,J0222.9-1117,bll,J0223.1-1117,bll,J0223.1-1117,bll,J0223.1-1117,bll,J0223.1-1117,bll
213,J0223.3+6820,bcu,J0223.0+6821,bll,J0223.0+6821,bll,J0223.0+6821,bll,J0223.0+6821,bll
214,J0224.1-7941,bcu,J0224.0-7941,bll,J0224.0-7941,bll,J0224.0-7941,bll,J0224.0-7941,bll
215,J0225.2-2602,bcu,J0225.1-2604,bcu,J0225.1-2604,bcu,J0225.1-2604,bcu,J0225.1-2604,bcu
216,J0226.3+0941,fsrq,J0226.5+0938,fsrq,J0226.5+0938,fsrq,J0226.5+0938,fsrq,J0226.5+0938,fsrq
217,J0226.5-4442,bcu,J0226.5-4441,bll,J0226.5-4441,bll,J0226.5-4441,bll,J0226.5-4441,bll
218,J0227.2+0201,bll,J0227.3+0201,bll,J0227.3+0201,bll,J0227.3+0201,bll,J0227.3+0201,bll
219,J0228.0+2248,bcu,J0227.8+2246,bcu,J0227.8+2246,bcu,J0227.8+2246,bcu,J0227.8+2246,bcu
220,J0228.3-5545,fsrq,J0228.3-5547,fsrq,J0228.3-5547,fsrq,J0228.3-5547,fsrq,J0228.3-5547,fsrq
221,J0228.7-3106,bcu,J0228.2-3102,bcu,J0228.2-3102,bcu,J0228.2-3102,bcu,J0228.2-3102,bcu
222,J0229.3-3643,fsrq,J0229.5-3644,fsrq,J0229.5-3644,fsrq,J0229.5-3644,fsrq,J0229.5-3644,fsrq
223,J0230.6-5757,bll,J0231.2-5754,bll,J0231.2-5754,bll,J0231.2-5754,bll,J0231.2-5754,bll
224,J0230.8+4032,fsrq,J0230.8+4032,fsrq,J0230.8+4032,fsrq,J0230.8+4032,fsrq,J0230.8+4032,fsrq
225,J0232.8+2016,bll,J0232.8+2018,bll,J0232.8+2018,bll,J0232.8+2018,bll,J0232.8+2018,bll
226,J0232.9+2606,bcu,J0232.9+2608,bll,J0232.9+2608,bll,J0232.9+2608,bll,J0232.9+2608,bll
227,J0236.7-6136,fsrq,J0236.8-6136,fsrq,J0236.8-6136,fsrq,J0236.8-6136,fsrq,J0236.8-6136,fsrq
228,J0237.5-3603,bll,J0237.6-3602,bll,J0237.6-3602,bll,J0237.6-3602,bll,J0237.6-3602,bll
229,J0237.9+2848,FSRQ,J0237.8+2848,FSRQ,J0237.8+2848,FSRQ,J0237.8+2848,FSRQ,J0237.8+2848,FSRQ
230,J0238.3-3904,bll,J0238.1-3905,bll,J0238.1-3905,bll,J0238.1-3905,bll,J0238.1-3905,bll
231,J0238.4-3117,bll,J0238.4-3116,bll,J0238.4-3116,bll,J0238.4-3116,bll,J0238.4-3116,bll
232,J0238.6+1636,BLL,J0238.6+1637,BLL,J0238.6+1637,BLL,J0238.6+1637,BLL,J0238.6+1637,BLL
233,J0240.5+6113,HMB,J0240.5+6113,HMB,J0240.5+6113,HMB,J0240.5+6113,HMB,J0240.5+6113,HMB
234,J0241.3+6542,bcu,J0241.3+6543,bll,J0241.3+6543,bll,J0241.3+6543,bll,J0241.3+6543,bll
235,J0242.3+1059,fsrq,J0242.3+1102,fsrq,J0242.3+1102,fsrq,J0242.3+1102,fsrq,J0242.3+1102,fsrq
236,J0242.7-0001,sbg,J0242.6-0000,sbg,J0242.6-0000,sbg,J0242.6-0000,sbg,J0242.6-0000,sbg
237,J0243.5+7119,bll,J0243.4+7119,bll,J0243.4+7119,bll,J0243.4+7119,bll,J0243.4+7119,bll
238,J0244.4-8224,bcu,J0250.2-8224,bcu,J0250.2-8224,bcu,J0250.2-8224,bcu,J0250.2-8224,bcu
239,J0244.8-5818,bll,J0244.6-5819,bll,J0244.6-5819,bll,J0244.6-5819,bll,J0244.6-5819,bll
240,J0245.4+2410,fsrq,J0245.4+2408,fsrq,J0245.4+2408,fsrq,J0245.4+2408,fsrq,J0245.4+2408,fsrq
241,J0245.9-4651,fsrq,J0245.9-4650,fsrq,J0245.9-4650,fsrq,J0245.9-4650,fsrq,J0245.9-4650,fsrq
242,J0248.5+4232,psr,J0248.6+4230,PSR,J0248.6+4230,PSR,J0248.6+4230,MSP,J0248.6+4230,MSP
243,J0248.5+6022,PSR,J0248.4+6021,PSR,J0248.4+6021,PSR,J0248.4+6021,PSR,J0248.4+6021,PSR
244,J0249.1+8438,bcu,J0250.6+8435,bcu,J0250.6+8435,bcu,J0250.6+8435,bcu,J0250.6+8435,bcu
245,J0250.6+1713,fsrq,J0250.6+1712,bll,J0250.6+1712,bll,J0250.6+1712,bll,J0250.6+1712,bll
246,J0250.6+5630,bcu,J0250.7+5630,bcu,J0250.7+5630,bcu,J0250.7+5630,bcu,J0250.7+5630,bcu
247,J0251.1+2603,psr,J0251.0+2605,PSR,J0251.0+2605,PSR,J0251.0+2605,MSP,J0251.0+2605,MSP
248,J0251.5-5959,fsrq,J0251.5-5958,fsrq,J0251.5-5958,fsrq,J0251.5-5958,fsrq,J0251.5-5958,fsrq
249,J0252.3+3830,fsrq,J0252.9+3834,fsrq,J0252.9+3834,fsrq,J0252.9+3834,fsrq,J0252.9+3834,fsrq
250,J0252.8-2218,fsrq,J0252.8-2219,fsrq,J0252.8-2219,fsrq,J0252.8-2219,fsrq,J0252.8-2219,fsrq
251,J0253.0-0125,bll,J0253.2-0124,bll,J0253.2-0124,bll,J0253.2-0124,bll,J0253.2-0124,bll
252,J0253.1-5438,fsrq,J0253.2-5441,fsrq,J0253.2-5441,fsrq,J0253.2-5441,fsrq,J0253.2-5441,fsrq
253,J0253.5+3216,bcu,J0253.5+3216,fsrq,J0253.5+3216,fsrq,J0253.5+3216,fsrq,J0253.5+3216,fsrq
254,J0253.8+5104,fsrq,J0253.9+5103,fsrq,J0253.9+5103,fsrq,J0253.9+5103,fsrq,J0253.9+5103,fsrq
255,J0255.8+0532,bcu,J0255.8+0534,bll,J0255.8+0534,bll,J0255.8+0534,bll,J0255.8+0534,bll
256,J0256.3+0335,bcu,J0256.3+0334,bll,J0256.3+0334,bll,J0256.3+0334,bll,J0256.3+0334,bll
257,J0257.8-1216,fsrq,J0257.9-1215,fsrq,J0257.9-1215,fsrq,J0257.9-1215,fsrq,J0257.9-1215,fsrq
258,J0258.0+2030,bll,J0258.1+2030,bll,J0258.1+2030,bll,J0258.1+2030,bll,J0258.1+2030,bll
259,J0259.5+0746,fsrq,J0259.4+0746,fsrq,J0259.4+0746,fsrq,J0259.4+0746,fsrq,J0259.4+0746,fsrq
260,J0301.4-1652,bcu,J0301.0-1652,bcu,J0301.0-1652,bll,J0301.0-1652,bll,J0301.0-1652,bll
261,J0301.8-7157,bcu,J0301.6-7155,fsrq,J0301.6-7155,fsrq,J0301.6-7155,fsrq,J0301.5-7156,fsrq
262,J0301.8-2721,bcu,J0301.9-2731,bcu,J0301.9-2731,bcu,J0301.9-2731,bcu,J0301.9-2731,bcu
263,J0302.5-7915,fsrq,J0303.3-7913,fsrq,J0303.3-7913,fsrq,J0303.3-7913,fsrq,J0303.3-7913,fsrq
264,J0303.0+3150,bcu,J0303.2+3149,bcu,J0303.2+3149,bcu,J0303.2+3149,bcu,J0303.2+3149,bcu
265,J0303.4-2407,BLL,J0303.4-2407,BLL,J0303.4-2407,BLL,J0303.4-2407,BLL,J0303.4-2407,BLL
266,J0303.6+4716,bll,J0303.6+4716,bll,J0303.6+4716,bll,J0303.6+4716,bll,J0303.6+4716,bll
267,J0303.7-6211,fsrq,J0303.6-6211,fsrq,J0303.6-6211,fsrq,J0303.6-6211,fsrq,J0303.6-6211,fsrq
268,J0304.3-2836,bll,J0304.4-2833,bll,J0304.4-2833,bll,J0304.4-2833,bll,J0304.4-2833,bll
269,J0304.9+6817,bcu,J0304.5+6821,bcu,J0304.5+6821,bcu,J0304.5+6821,bcu,J0304.5+6821,bcu
270,J0305.2-1607,bcu,J0305.1-1608,bll,J0305.1-1608,bll,J0305.1-1608,bll,J0305.1-1608,bll
271,J0308.0+7442,PSR,J0307.8+7443,PSR,J0307.8+7443,PSR,J0307.8+7443,MSP,J0307.8+7443,MSP
272,J0308.6+0408,rdg,J0308.4+0407,rdg,J0308.4+0407,rdg,J0308.4+0407,rdg,J0308.4+0407,rdg
273,J0309.0+1029,fsrq,J0309.0+1029,fsrq,J0309.0+1029,fsrq,J0309.0+1029,fsrq,J0309.0+1029,fsrq
274,J0309.5-0749,bll,J0309.7-0745,bll,J0309.7-0745,bll,J0309.7-0745,bll,J0309.7-0745,bll
275,J0309.9-6057,fsrq,J0309.9-6058,fsrq,J0309.9-6058,fsrq,J0309.9-6058,fsrq,J0309.9-6058,fsrq
276,J0310.4-5015,bcu,J0310.6-5017,bll,J0310.6-5017,bll,J0310.6-5017,bll,J0310.6-5017,bll
277,J0310.8+3814,fsrq,J0310.9+3815,fsrq,J0310.9+3815,fsrq,J0310.9+3815,fsrq,J0310.9+3815,fsrq
278,J0312.7+0133,fsrq,J0312.8+0134,fsrq,J0312.8+0134,fsrq,J0312.8+0134,fsrq,J0312.8+0134,fsrq
279,J0312.7+3613,bll,J0312.9+3614,bll,J0312.9+3614,bll,J0312.9+3614,bll,J0312.9+3614,bll
280,J0314.3-5103,bll,J0314.3-5103,bll,J0314.3-5103,bll,J0314.3-5103,bll,J0314.3-5103,bll
281,J0315.5-1026,fsrq,J0315.9-1033,fsrq,J0315.9-1033,fsrq,J0315.9-1033,fsrq,J0315.9-1033,fsrq
282,J0316.1+0904,bll,J0316.2+0905,bll,J0316.2+0905,bll,J0316.2+0905,bll,J0316.2+0905,bll
283,J0316.1-2611,bll,J0316.2-2608,bll,J0316.2-2608,bll,J0316.2-2608,bll,J0316.2-2608,bll
284,J0316.2-6436,bll,J0316.2-6437,bll,J0316.2-6437,bll,J0316.2-6437,bll,J0316.2-6437,bll
285,J0316.6+4119,rdg,J0316.8+4120,RDG,J0316.8+4120,RDG,J0316.8+4120,RDG,J0316.8+4120,RDG
286,J0318.7+2134,bcu,J0318.7+2135,bll,J0318.7+2135,bll,J0318.7+2135,bll,J0318.7+2135,bll
287,J0319.8+4130,RDG,J0319.8+4130,RDG,J0319.8+4130,RDG,J0319.8+4130,RDG,J0319.8+4130,RDG
288,J0319.8+1847,bll,J0319.8+1845,bll,J0319.8+1845,bll,J0319.8+1845,bll,J0319.8+1845,bll
289,J0322.0+2335,bll,J0322.0+2335,bll,J0322.0+2335,bll,J0322.0+2335,bll,J0322.0+2335,bll
290,J0323.6-0109,bll,J0323.7-0111,bll,J0323.7-0111,bll,J0323.7-0111,bll,J0323.7-0111,bll
291,J0325.2+3410,nlsy1,J0324.8+3412,nlsy1,J0324.8+3412,nlsy1,J0324.8+3412,nlsy1,J0324.8+3412,nlsy1
292,J0325.2-5634,bll,J0325.5-5635,bll,J0325.5-5635,bll,J0325.5-5635,bll,J0325.5-5635,bll
293,J0325.5+2223,fsrq,J0325.7+2225,fsrq,J0325.7+2225,fsrq,J0325.7+2225,fsrq,J0325.7+2225,fsrq
294,J0325.6-1648,bll,J0325.6-1646,bll,J0325.6-1646,bll,J0325.6-1646,bll,J0325.6-1646,bll
295,J0326.0-1842,bcu,J0325.9-1843,bcu,J0325.9-1843,bcu,J0325.9-1843,bcu,J0325.9-1843,bcu
296,J0326.2+0225,bll,J0326.2+0225,bll,J0326.2+0225,bll,J0326.2+0225,bll,J0326.2+0225,bll
297,J0331.3-6155,bcu,J0331.3-6156,bll,J0331.3-6156,bll,J0331.3-6156,bll,J0331.3-6156,bll
298,J0332.0+6308,bcu,J0331.9+6307,bll,J0331.9+6307,bll,J0331.9+6307,bll,J0331.9+6307,bll
299,J0333.4+7853,bcu,J0333.7+7851,bll,J0333.7+7851,bll,J0333.7+7851,bll,J0333.7+7851,bll
300,J0333.4+4003,bcu,J0333.8+4007,bcu,J0333.8+4007,bcu,J0333.8+4007,bcu,J0333.8+4007,bcu
301,J0333.6+2916,bll,J0333.7+2916,bll,J0333.7+2916,bll,J0333.7+2916,bll,J0333.7+2916,bll
302,J0333.9+6538,bll,J0333.9+6537,bll,J0333.9+6537,bll,J0333.9+6537,bll,J0333.9+6537,bll
303,J0334.2+3915,rdg,J0334.3+3920,rdg,J0334.3+3920,rdg,J0334.3+3920,rdg,J0334.3+3920,rdg
304,J0334.3-4008,bll,J0334.2-4008,bll,J0334.2-4008,bll,J0334.2-4008,bll,J0334.2-4008,bll
305,J0334.3-3726,bll,J0334.2-3725,bll,J0334.2-3725,bll,J0334.2-3725,bll,J0334.2-3725,bll
306,J0335.3-4459,bll,J0335.1-4459,bll,J0335.1-4459,bll,J0335.1-4459,bll,J0335.1-4459,bll
307,J0336.9-3622,fsrq,J0336.8-3612,fsrq,J0336.8-3612,fsrq,J0336.8-3612,fsrq,J0336.8-3612,fsrq
308,J0338.1-2443,bll,J0338.1-2443,bll,J0338.1-2443,bll,J0338.1-2443,bll,J0338.1-2443,bll
309,J0338.5+1303,bcu,J0338.5+1302,bll,J0338.5+1302,bll,J0338.5+1302,bll,J0338.5+1302,bll
310,J0339.2-1738,bcu,J0339.2-1736,bll,J0339.2-1736,bll,J0339.2-1736,bll,J0339.2-1736,bll
311,J0339.5-0146,fsrq,J0339.5-0146,fsrq,J0339.5-0146,fsrq,J0339.5-0146,fsrq,J0339.5-0146,fsrq
312,J0340.3+4130,PSR,J0340.3+4130,PSR,J0340.3+4130,PSR,J0340.3+4130,MSP,J0340.3+4130,MSP
313,J0340.5-2119,bll,J0340.5-2118,bll,J0340.5-2118,bll,J0340.5-2118,bll,J0340.5-2118,bll
314,J0342.2+3857,fsrq,J0342.2+3858,fsrq,J0342.2+3858,fsrq,J0342.2+3858,fsrq,J0342.2+3858,fsrq
315,J0342.6-3006,bcu,J0342.8-3007,bcu,J0342.8-3007,bcu,J0342.8-3007,bcu,J0342.8-3007,bcu
316,J0343.2-2534,fsrq,J0343.2-2529,fsrq,J0343.2-2529,fsrq,J0343.2-2529,fsrq,J0343.2-2529,fsrq
317,J0343.3-6443,bcu,J0343.2-6444,bll,J0343.2-6444,bll,J0343.2-6444,bll,J0343.2-6444,bll
318,J0343.3+3622,bcu,J0343.4+3621,fsrq,J0343.4+3621,fsrq,J0343.4+3621,fsrq,J0343.4+3621,fsrq
319,J0345.1-2353,bll,J0345.2-2353,bll,J0345.2-2353,bll,J0345.2-2353,bll,J0345.2-2353,bll
320,J0348.6-2748,fsrq,J0348.5-2749,fsrq,J0348.5-2749,fsrq,J0348.6-2749,fsrq,J0348.6-2749,fsrq
321,J0348.7-1606,bll,J0348.6-1609,bll,J0348.6-1609,bll,J0348.6-1609,bll,J0348.6-1609,bll
322,J0349.2-1158,bll,J0349.4-1159,bll,J0349.4-1159,bll,J0349.4-1159,bll,J0349.4-1159,bll
323,J0349.9-2102,fsrq,J0349.8-2103,fsrq,J0349.8-2103,fsrq,J0349.8-2103,fsrq,J0349.8-2103,fsrq
324,J0352.9+5655,bcu,J0353.0+5654,bll,J0353.0+5654,bll,J0353.0+5654,bll,J0353.0+5654,bll
325,J0353.0-3622,bll,J0352.9-3623,bll,J0352.9-3623,bll,J0352.9-3623,bll,J0352.9-3623,bll
326,J0353.0-6831,bll,J0353.0-6831,bll,J0353.0-6831,bll,J0353.0-6831,bll,J0353.0-6831,bll
327,J0354.1+4643,bcu,J0354.4+4643,bcu,J0354.4+4643,bcu,J0354.4+4643,bcu,J0354.4+4643,bcu
328,J0354.6+8011,bll,J0354.7+8009,bll,J0354.7+8009,bll,J0354.7+8009,bll,J0354.7+8009,bll
329,J0356.3-6948,bcu,J0358.0-6946,bcu,J0358.0-6946,bcu,J0358.0-6946,bcu,J0358.0-6946,bcu
330,J0357.1+2325,bcu,J0357.2+2320,bcu,J0357.2+2320,bcu,J0357.2+2320,bcu,J0357.2+2320,bcu
331,J0357.1-4957,bll,J0357.0-4955,bll,J0357.0-4955,bll,J0357.0-4955,bll,J0357.0-4955,bll
332,J0358.7+0633,bcu,J0358.6+0634,bcu,J0358.6+0634,bcu,J0358.6+0634,bcu,J0358.6+0634,bcu
333,J0358.8+6002,fsrq,J0358.9+6004,fsrq,J0358.9+6004,fsrq,J0358.9+6004,fsrq,J0358.9+6004,fsrq
334,J0359.3-2612,bll,J0359.4-2616,bll,J0359.4-2616,bll,J0359.4-2616,bll,J0359.4-2616,bll
335,J0401.4+2109,fsrq,J0401.7+2112,fsrq,J0401.7+2112,fsrq,J0401.7+2112,fsrq,J0401.7+2112,fsrq
336,J0401.8-3144,fsrq,J0402.1-3147,fsrq,J0402.1-3147,fsrq,J0402.1-3147,fsrq,J0402.1-3147,fsrq
337,J0402.1-2618,bll,J0402.0-2616,bll,J0402.0-2616,bll,J0402.0-2616,bll,J0402.0-2616,bll
338,J0403.7-2442,fsrq,J0403.5-2437,bll,J0403.5-2437,bll,J0403.5-2437,bll,J0403.5-2437,bll
339,J0403.9-3604,FSRQ,J0403.9-3605,FSRQ,J0403.9-3605,FSRQ,J0403.9-3605,FSRQ,J0403.9-3605,FSRQ
340,J0405.5-1307,fsrq,J0405.6-1308,fsrq,J0405.6-1308,fsrq,J0405.6-1308,fsrq,J0405.6-1308,fsrq
341,J0407.1-3825,fsrq,J0407.0-3826,fsrq,J0407.0-3826,fsrq,J0407.0-3826,fsrq,J0407.0-3826,fsrq
342,J0407.5+0740,bll,J0407.5+0741,bll,J0407.5+0741,bll,J0407.5+0741,bll,J0407.5+0741,bll
343,J0409.4+3158,bcu,J0409.4+3201,bcu,J0409.4+3201,bcu,J0409.4+3201,bcu,J0409.4+3201,bcu
344,J0409.8-0358,bll,J0409.8-0359,bll,J0409.8-0359,bll,J0409.8-0359,bll,J0409.8-0359,bll
345,J0416.6-1850,fsrq,J0416.5-1852,fsrq,J0416.5-1852,fsrq,J0416.5-1852,fsrq,J0416.5-1852,fsrq
346,J0416.8+0104,bll,J0416.9+0105,bll,J0416.9+0105,bll,J0416.9+0105,bll,J0416.9+0105,bll
347,J0418.0-0251,bcu,J0418.1-0252,bcu,J0418.1-0252,bcu,J0418.1-0252,bcu,J0418.1-0252,bcu
348,J0418.5+3813c,rdg,J0418.2+3807,rdg,J0418.2+3807,rdg,J0418.2+3807,rdg,J0418.2+3807,rdg
349,J0422.1-0642,fsrq,J0422.1-0644,fsrq,J0422.1-0644,fsrq,J0422.1-0644,fsrq,J0422.1-0644,fsrq
350,J0423.2-0119,FSRQ,J0423.3-0120,FSRQ,J0423.3-0120,FSRQ,J0423.3-0120,FSRQ,J0423.3-0120,FSRQ
351,J0423.8+4150,bll,J0423.9+4150,bll,J0423.9+4150,bll,J0423.9+4150,bll,J0423.9+4150,bll
352,J0424.7+0035,bll,J0424.7+0036,bll,J0424.7+0036,bll,J0424.7+0036,bll,J0424.7+0036,bll
353,J0425.0-5331,bll,J0424.9-5331,bll,J0424.9-5331,bll,J0424.9-5331,bll,J0424.9-5331,bll
354,J0425.2+6319,bcu,J0425.3+6319,bcu,J0425.3+6319,bcu,J0425.3+6319,bcu,J0425.3+6319,bcu
355,J0426.3+6827,bcu,J0426.7+6826,bcu,J0426.7+6826,bcu,J0426.7+6826,bcu,J0426.7+6826,bcu
356,J0427.3-3900,bcu,J0427.3-3900,bcu,J0427.3-3900,bcu,J0427.3-3900,bcu,J0427.3-3900,bcu
357,J0428.6-3756,bll,J0428.6-3756,bll,J0428.6-3756,bll,J0428.6-3756,bll,J0428.6-3756,bll
358,J0429.8+2843,bcu,J0429.8+2843,bcu,J0429.8+2843,bcu,J0429.8+2843,bcu,J0429.8+2843,bcu
359,J0430.2-2508,bll,J0430.3-2507,bll,J0430.3-2507,bll,J0430.3-2507,bll,J0430.3-2507,bll
360,J0430.5+1655,bcu,J0430.3+1654,bcu,J0430.3+1654,bcu,J0430.3+1654,bcu,J0430.3+1654,bcu
361,J0431.6+7403,bcu,J0431.8+7403,bll,J0431.8+7403,bll,J0431.8+7403,bll,J0431.8+7403,bll
362,J0433.1+3228,bcu,J0433.1+3227,bll,J0433.1+3227,bll,J0433.1+3227,bll,J0433.1+3227,bll
363,J0433.6+2905,bll,J0433.6+2905,bll,J0433.6+2905,bll,J0433.6+2905,bll,J0433.6+2905,bll
364,J0433.7-6028,bcu,J0433.6-6030,fsrq,J0433.6-6030,fsrq,J0433.6-6030,fsrq,J0433.6-6030,fsrq
365,J0434.0-5726,bcu,J0433.7-5725,bcu,J0433.7-5725,bcu,J0433.7-5725,bll,J0433.7-5725,bll
366,J0434.0-2010,bll,J0434.1-2014,bll,J0434.1-2014,bll,J0434.1-2014,bll,J0434.1-2014,bll
367,J0434.4-2341,bcu,J0434.4-2342,bll,J0434.4-2342,bll,J0434.4-2342,bll,J0434.4-2342,bll
368,J0434.6+0921,bcu,J0434.7+0922,bll,J0434.7+0922,bll,J0434.7+0922,bll,J0434.7+0922,bll
369,J0437.2-4713,PSR,J0437.2-4715,PSR,J0437.2-4715,PSR,J0437.2-4715,MSP,J0437.2-4715,MSP
370,J0438.3-1258,fsrq,J0438.4-1254,fsrq,J0438.4-1254,fsrq,J0438.4-1254,fsrq,J0438.4-1254,fsrq
371,J0438.8-4519,bll,J0438.9-4521,bll,J0438.9-4521,bll,J0438.9-4521,bll,J0438.9-4521,bll
372,J0439.6-3159,bcu,J0439.4-3202,bcu,J0439.4-3202,bcu,J0439.4-3202,bcu,J0439.4-3202,bcu
373,J0439.9-1859,bcu,J0439.8-1859,bll,J0439.8-1859,bll,J0439.8-1859,bll,J0439.8-1859,bll
374,J0440.3-2500,bll,J0440.2-2458,bll,J0440.2-2458,bll,J0440.2-2458,bll,J0440.2-2458,bll
375,J0440.3+1444,bcu,J0440.4+1440,bcu,J0440.4+1440,bcu,J0440.4+1440,bcu,J0440.4+1440,bcu
376,J0440.8+2751,bll,J0440.8+2749,bll,J0440.8+2749,bll,J0440.8+2749,bll,J0440.8+2749,bll
377,J0442.6-0017,fsrq,J0442.6-0017,fsrq,J0442.6-0017,fsrq,J0442.6-0017,fsrq,J0442.6-0017,fsrq
378,J0444.5+3425,bcu,J0444.6+3425,bcu,J0444.6+3425,bcu,J0444.6+3425,bcu,J0444.6+3425,bcu
379,J0444.6-6012,fsrq,J0445.1-6012,fsrq,J0445.1-6012,fsrq,J0445.1-6012,fsrq,J0445.1-6012,fsrq
380,J0448.6-1632,bll,J0448.6-1632,bll,J0448.6-1632,bll,J0448.6-1632,bll,J0448.6-1632,bll
381,J0449.0+1121,fsrq,J0449.1+1121,fsrq,J0449.1+1121,fsrq,J0449.1+1121,fsrq,J0449.1+1121,fsrq
382,J0449.4-4350,bll,J0449.4-4350,bll,J0449.4-4350,bll,J0449.4-4350,bll,J0449.4-4350,bll
383,J0453.2-2808,fsrq,J0453.1-2806,fsrq,J0453.1-2806,fsrq,J0453.1-2806,fsrq,J0453.1-2806,fsrq
384,J0453.2+6321,bcu,J0453.1+6322,bll,J0453.1+6322,bll,J0453.1+6322,bll,J0453.1+6322,bll
385,J0455.7-4617,fsrq,J0455.7-4617,fsrq,J0455.7-4617,fsrq,J0455.7-4617,fsrq,J0455.7-4617,fsrq
386,J0456.3+2702,bcu,J0456.2+2702,bcu,J0456.2+2702,bcu,J0456.2+2702,bcu,J0456.2+2702,bcu
387,J0456.3-3131,fsrq,J0456.6-3136,fsrq,J0456.6-3136,fsrq,J0456.6-3136,fsrq,J0456.6-3136,fsrq
388,J0457.0-2324,FSRQ,J0457.0-2324,FSRQ,J0457.0-2324,FSRQ,J0457.0-2324,FSRQ,J0457.0-2324,FSRQ
389,J0457.0+0643,fsrq,J0457.0+0646,fsrq,J0457.0+0646,fsrq,J0457.0+0646,fsrq,J0457.0+0646,fsrq
390,J0500.3+5237,spp,J0500.2+5237,bcu,J0500.2+5237,bcu,J0500.2+5237,bcu,J0500.2+5237,bll
391,J0501.2-0157,fsrq,J0501.2-0158,fsrq,J0501.2-0158,fsrq,J0501.2-0158,fsrq,J0501.2-0158,fsrq
392,J0501.8+3046,bcu,J0501.7+3048,bcu,J0501.7+3048,bcu,J0501.7+3048,bcu,J0501.7+3048,bcu
393,J0502.5+0612,fsrq,J0502.4+0609,fsrq,J0502.4+0609,fsrq,J0502.4+0609,fsrq,J0502.4+0609,fsrq
394,J0502.7+3438,bcu,J0502.5+3438,bcu,J0502.5+3438,bcu,J0502.5+3438,bcu,J0502.5+3438,bcu
395,J0503.4+4522,bcu,J0503.6+4518,bcu,J0503.6+4518,bcu,J0503.6+4518,bcu,J0503.6+4518,bcu
396,J0503.5+6538,bll,J0502.9+6533,bll,J0502.9+6533,bll,J0502.9+6533,bll,J0502.9+6533,bll
397,J0505.3+0459,fsrq,J0505.3+0459,fsrq,J0505.3+0459,fsrq,J0505.3+0459,fsrq,J0505.3+0459,fsrq
398,J0505.3-0422,fsrq,J0505.8-0419,fsrq,J0505.8-0419,fsrq,J0505.8-0419,fsrq,J0505.8-0419,fsrq
399,J0505.5+0416,bll,J0505.6+0415,bll,J0505.6+0415,bll,J0505.6+0415,bll,J0505.6+0415,bll
400,J0505.5-1558,bcu,J0505.6-1558,bll,J0505.6-1558,bll,J0505.6-1558,bll,J0505.6-1558,bll
401,J0505.9+6114,bll,J0506.0+6113,bll,J0506.0+6113,bll,J0506.0+6113,bll,J0506.0+6113,bll
402,J0506.9-5435,bcu,J0506.9-5435,bll,J0506.9-5435,bll,J0506.9-5435,bll,J0506.9-5435,bll
403,J0508.0+6736,bll,J0507.9+6737,bll,J0507.9+6737,bll,J0507.9+6737,bll,J0507.9+6737,bll
404,J0508.2-1936,bcu,J0508.2-1937,fsrq,J0508.2-1937,fsrq,J0508.2-1937,fsrq,J0508.2-1937,fsrq
405,J0509.3+1012,fsrq,J0509.4+1012,fsrq,J0509.4+1012,fsrq,J0509.4+1012,fsrq,J0509.4+1012,fsrq
406,J0509.4+0541,bll,J0509.4+0542,bll,J0509.4+0542,bll,J0509.4+0542,bll,J0509.4+0542,bll
407,J0509.7-0400,bll,J0509.6-0402,bll,J0509.6-0402,bll,J0509.6-0402,bll,J0509.6-0402,bll
408,J0509.7-6418,bcu,J0509.9-6417,bcu,J0509.9-6417,bcu,J0509.9-6417,bll,J0509.9-6417,bll
409,J0510.0+1802,fsrq,J0510.0+1800,fsrq,J0510.0+1800,fsrq,J0510.0+1800,fsrq,J0510.0+1800,fsrq
410,J0512.9+4038,bcu,J0512.8+4041,bcu,J0512.8+4041,bcu,J0512.8+4041,bcu,J0512.8+4041,bcu
411,J0515.3-4557,fsrq,J0515.6-4556,fsrq,J0515.6-4556,fsrq,J0515.6-4556,fsrq,J0515.6-4556,fsrq
412,J0515.5-0123,bcu,J0515.5-0125,bcu,J0515.5-0125,bcu,J0515.5-0125,bcu,J0515.5-0125,bcu
413,J0515.8+1526,bll,J0515.8+1527,bll,J0515.8+1527,bll,J0515.8+1527,bll,J0515.8+1527,bll
414,J0516.3+7351,bll,J0516.4+7350,bll,J0516.4+7350,bll,J0516.4+7350,bll,J0516.4+7350,bll
415,J0516.7-6207,bll,J0516.7-6207,bll,J0516.7-6207,bll,J0516.7-6207,bll,J0516.7-6207,bll
416,J0517.5+0902,fsrq,J0517.5+0858,fsrq,J0517.5+0858,fsrq,J0517.5+0858,fsrq,J0517.5+0858,fsrq
417,J0519.2-4542,rdg,J0519.6-4544,rdg,J0519.6-4544,rdg,J0519.6-4544,rdg,J0519.6-4544,rdg
418,J0519.3+2746,bcu,J0519.6+2744,bcu,J0519.6+2744,bcu,J0519.6+2744,bcu,J0519.6+2744,bcu
419,J0519.5+0852,bcu,J0519.0+0851,bcu,J0519.0+0851,bcu,J0519.0+0851,bcu,J0519.0+0851,bcu
420,J0521.4-1740,fsrq,J0521.3-1734,fsrq,J0521.3-1734,fsrq,J0521.3-1734,fsrq,J0521.3-1734,fsrq
421,J0521.7+0103,bcu,J0521.6+0103,bll,J0521.6+0103,bll,J0521.6+0103,bll,J0521.6+0103,bll
422,J0521.7+2113,bll,J0521.7+2112,bll,J0521.7+2112,bll,J0521.7+2112,bll,J0521.7+2112,bll
423,J0521.9-3847,bcu,J0521.8-3848,bcu,J0521.8-3848,bcu,J0521.8-3848,bcu,J0521.8-3848,bcu
424,J0522.9-3628,BCU,J0522.9-3628,AGN,J0522.9-3628,AGN,J0522.9-3628,AGN,J0522.9-3628,AGN
425,J0525.3-4558,fsrq,J0525.4-4600,fsrq,J0525.4-4600,fsrq,J0525.4-4600,fsrq,J0525.4-4600,fsrq
426,J0525.6-6013,bcu,J0525.6-6013,bcu,J0525.6-6013,bcu,J0525.6-6013,bcu,J0525.6-6013,bcu
427,J0525.8-2014,bcu,J0525.6-2008,bcu,J0525.6-2008,bcu,J0525.6-2008,bll,J0525.6-2008,bll
428,J0526.0+4253,bcu,J0526.7+4254,snr,J0526.7+4254,snr,J0526.7+4254,snr,J0526.7+4254,snr
429,J0526.2-4829,fsrq,J0526.2-4830,fsrq,J0526.2-4830,fsrq,J0526.2-4830,fsrq,J0526.2-4830,fsrq
430,J0526.6+6321,bcu,J0526.1+6318,bcu,J0526.1+6318,bcu,J0526.1+6318,bcu,J0526.1+6318,bcu
431,J0529.1+0933,bcu,J0529.1+0935,bcu,J0529.1+0935,bcu,J0529.1+0935,bcu,J0529.1+0935,bcu
432,J0529.2-5917,bll,J0528.7-5920,bll,J0528.7-5920,bll,J0528.7-5920,bll,J0528.7-5920,bll
433,J0529.8-7242,bcu,J0529.3-7243,bcu,J0529.3-7243,bcu,J0529.3-7243,bcu,J0529.3-7243,bcu
434,J0530.8+1330,FSRQ,J0530.9+1332,FSRQ,J0530.9+1332,FSRQ,J0530.9+1332,FSRQ,J0530.9+1332,FSRQ
435,J0532.0-4827,BCU,J0532.0-4827,BLL,J0532.0-4827,BLL,J0532.0-4827,BLL,J0532.0-4827,BLL
436,J0532.7+0732,FSRQ,J0532.6+0732,FSRQ,J0532.6+0732,FSRQ,J0532.6+0732,FSRQ,J0532.6+0732,FSRQ
437,J0533.0-3939,bcu,J0532.8-3941,bcu,J0532.8-3941,bcu,J0532.8-3941,bcu,J0532.8-3941,bcu
438,J0533.2+4822,fsrq,J0533.3+4823,fsrq,J0533.3+4823,fsrq,J0533.3+4823,fsrq,J0533.3+4823,fsrq
439,J0533.6-8323,fsrq,J0532.9-8325,fsrq,J0532.9-8325,fsrq,J0532.9-8325,fsrq,J0532.9-8325,fsrq
440,J0534.0+6759,PSR,J0533.8+6800,PSR,J0533.8+6800,PSR,J0533.8+6800,MSP,J0533.8+6800,MSP
441,J0534.5+2201i,PWN,J0534.5+2201i,PWN,J0534.5+2201i,PWN,J0534.5+2201i,PWN,J0534.5+2201i,PWN
442,J0534.5+2201s,PWN,J0534.5+2201s,PWN,J0534.5+2201s,PWN,J0534.5+2201s,PWN,J0534.5+2201s,PWN
443,J0534.5+2201,PSR,J0534.5+2200,PSR,J0534.5+2200,PSR,J0534.5+2200,PSR,J0534.5+2200,PSR
444,J0535.6-2749,bcu,J0536.0-2754,bcu,J0536.0-2754,bcu,J0536.0-2754,bcu,J0536.0-2754,bcu
445,J0537.4-5717,bll,J0537.7-5717,bll,J0537.7-5717,bll,J0537.7-5717,bll,J0537.7-5717,bll
446,J0538.4-3909,bcu,J0538.2-3910,bcu,J0538.2-3910,bll,J0538.2-3910,bll,J0538.2-3910,bll
447,J0538.8-4405,BLL,J0538.8-4405,BLL,J0538.8-4405,BLL,J0538.8-4405,BLL,J0538.8-4405,BLL
448,J0539.8+1434,fsrq,J0539.6+1432,FSRQ,J0539.6+1432,FSRQ,J0539.6+1432,FSRQ,J0539.6+1432,FSRQ
449,J0540.0-2837,fsrq,J0539.9-2839,fsrq,J0539.9-2839,fsrq,J0539.9-2839,fsrq,J0539.9-2839,fsrq
450,J0540.3+2756e,SNR,J0540.3+2756e,SNR,J0540.3+2756e,SNR,J0540.3+2756e,SNR,J0540.3+2756e,SNR
451,J0540.4+5823,bll,J0540.5+5823,bll,J0540.5+5823,bll,J0540.5+5823,bll,J0540.5+5823,bll
452,J0540.5-5416,fsrq,J0540.8-5415,fsrq,J0540.8-5415,fsrq,J0540.8-5415,fsrq,J0540.8-5415,fsrq
453,J0542.5-0907c,bcu,J0542.9-0913,bcu,J0542.9-0913,bcu,J0542.9-0913,bcu,J0542.9-0913,bcu
454,J0543.9-5531,bll,J0543.9-5531,bll,J0543.9-5531,bll,J0543.9-5531,bll,J0543.9-5531,bll
455,J0550.6-3217,bll,J0550.5-3216,bll,J0550.5-3216,bll,J0550.5-3216,bll,J0550.5-3216,bll
456,J0553.5-2036,bcu,J0553.5-2034,bll,J0553.5-2034,bll,J0553.5-2034,bll,J0553.5-2034,bll
457,J0554.1+3104,PSR,J0554.1+3107,PSR,J0554.1+3107,PSR,J0554.1+3107,PSR,J0554.1+3107,PSR
458,J0556.0-4353,bll,J0556.2-4352,bll,J0556.2-4352,bll,J0556.2-4352,bll,J0556.2-4352,bll
459,J0558.1-3838,bll,J0558.0-3837,bll,J0558.0-3837,bll,J0558.0-3837,bll,J0558.0-3837,bll
460,J0558.6-7459,bll,J0558.8-7459,bll,J0558.8-7459,bll,J0558.8-7459,bll,J0558.8-7459,bll
461,J0600.9-3943,fsrq,J0600.6-3939,fsrq,J0600.6-3939,fsrq,J0600.6-3939,fsrq,J0600.6-3939,fsrq
462,J0601.0+3837,bll,J0601.0+3838,bll,J0601.0+3838,bll,J0601.0+3838,bll,J0601.0+3838,bll
463,J0601.2-7036,fsrq,J0601.1-7035,fsrq,J0601.1-7035,fsrq,J0601.1-7035,fsrq,J0601.1-7035,fsrq
464,J0602.2+5314,bcu,J0602.0+5315,bcu,J0602.0+5315,bll,J0602.0+5315,bll,J0602.0+5315,bll
465,J0603.8+2155,bcu,J0603.9+2159,bcu,J0603.9+2159,bcu,J0603.9+2159,bcu,J0603.9+2159,bcu
466,J0604.1-4817,bll,J0604.1-4816,bll,J0604.1-4816,bll,J0604.1-4816,bll,J0604.1-4816,bll
467,J0604.7-4849,bcu,J0604.5-4851,bcu,J0604.5-4851,bcu,J0604.5-4851,bcu,J0604.5-4851,bcu
468,J0605.0+3756,PSR,J0605.1+3757,PSR,J0605.1+3757,PSR,J0605.1+3757,MSP,J0605.1+3757,MSP
469,J0606.4-4729,bcu,J0606.5-4730,bcu,J0606.5-4730,bcu,J0606.5-4730,bcu,J0606.5-4730,bcu
470,J0607.4+4739,bll,J0607.4+4739,bll,J0607.4+4739,bll,J0607.4+4739,bll,J0607.4+4739,bll
471,J0608.0-0835,fsrq,J0608.0-0835,fsrq,J0608.0-0835,fsrq,J0608.0-0835,fsrq,J0608.0-0835,fsrq
472,J0608.1-1522,fsrq,J0608.1-1521,fsrq,J0608.1-1521,fsrq,J0608.1-1521,fsrq,J0608.1-1521,fsrq
473,J0609.4-0248,bll,J0609.2-0247,bll,J0609.2-0247,bll,J0609.2-0247,bll,J0609.2-0247,bll
474,J0610.2-2059,PSR,J0610.2-2100,PSR,J0610.2-2100,PSR,J0610.2-2100,MSP,J0610.2-2100,MSP
475,J0611.1-6100,fsrq,J0610.9-6054,fsrq,J0610.9-6054,fsrq,J0610.9-6054,fsrq,J0610.9-6054,fsrq
476,J0611.2+4323,bcu,J0611.1+4325,bcu,J0611.1+4325,bcu,J0611.1+4325,bcu,J0611.1+4325,bcu
477,J0611.7+2759,bcu,J0611.6+2803,bll,J0611.6+2803,bll,J0611.6+2803,bll,J0611.6+2803,bll
478,J0612.8+4122,bll,J0612.8+4122,bll,J0612.8+4122,bll,J0612.8+4122,bll,J0612.8+4122,bll
479,J0613.8-0201,PSR,J0613.7-0201,PSR,J0613.7-0201,PSR,J0613.7-0201,MSP,J0613.7-0201,MSP
480,J0614.1-3329,PSR,J0614.1-3329,PSR,J0614.1-3329,PSR,J0614.1-3329,MSP,J0614.1-3329,MSP
481,J0615.4-3116,bll,J0615.3-3117,bll,J0615.3-3117,bll,J0615.3-3117,bll,J0615.3-3117,bll
482,J0617.2+5701,bll,J0617.2+5701,bll,J0617.2+5701,bll,J0617.2+5701,bll,J0617.2+5701,bll
483,J0617.2+2234e,SNR,J0617.2+2234e,SNR,J0617.2+2234e,SNR,J0617.2+2234e,SNR,J0617.2+2234e,SNR
484,J0617.6-1717,bll,J0617.7-1715,bll,J0617.7-1715,bll,J0617.7-1715,bll,J0617.7-1715,bll
485,J0618.0+7819,fsrq,J0618.1+7819,sbg,J0618.1+7819,sbg,J0618.1+7819,sbg,J0618.1+7819,sbg
486,J0618.2-2429,bcu,J0618.1-2428,fsrq,J0618.1-2428,fsrq,J0618.1-2428,fsrq,J0618.1-2428,fsrq
487,J0620.4+2644,bcu,J0620.7+2643,bcu,J0620.7+2643,bcu,J0620.7+2643,bll,J0620.7+2643,bll
488,J0621.0+2514,PSR,J0621.2+2512,PSR,J0621.2+2512,PSR,J0621.2+2512,MSP,J0621.2+2512,MSP
489,J0622.2+3747,PSR,J0622.2+3749,PSR,J0622.2+3749,PSR,J0622.2+3749,PSR,J0622.2+3749,PSR
490,J0622.4-2606,bll,J0622.3-2605,bll,J0622.3-2605,bll,J0622.3-2605,bll,J0622.3-2605,bll
491,J0622.9+3326,BCU,J0622.9+3326,BCU,J0622.9+3326,BCU,J0622.9+3326,BCU,J0622.9+3326,BCU
492,J0623.3+3043,bcu,J0623.2+3044,bll,J0623.2+3044,bll,J0623.2+3044,bll,J0623.2+3044,bll
493,J0625.2+4440,bll,J0625.3+4439,bll,J0625.3+4439,bll,J0625.3+4439,bll,J0625.3+4439,bll
494,J0626.0-5436,fsrq,J0625.8-5441,fsrq,J0625.8-5441,fsrq,J0625.8-5441,fsrq,J0625.8-5441,fsrq
495,J0626.6-4259,bcu,J0626.4-4259,bll,J0626.4-4259,bll,J0626.4-4259,bll,J0626.4-4259,bll
496,J0627.0-3529,rdg,J0627.0-3529,rdg,J0627.0-3529,rdg,J0627.0-3529,rdg,J0627.0-3529,rdg
497,J0629.0-6248,bll,J0628.8-6250,bll,J0628.8-6250,bll,J0628.8-6250,bll,J0628.8-6250,bll
498,J0629.4-1959,bll,J0629.3-1959,bll,J0629.3-1959,bll,J0629.3-1959,bll,J0629.3-1959,bll
499,J0630.3+6906,bcu,J0628.6+6900,bcu,J0628.6+6900,bcu,J0628.6+6900,bcu,J0628.6+6900,bcu
500,J0630.9-2406,bll,J0630.9-2406,bll,J0630.9-2406,bll,J0630.9-2406,bll,J0630.9-2406,bll
501,J0631.2+2019,bcu,J0631.1+2020,bcu,J0631.1+2020,bcu,J0631.1+2020,bcu,J0631.1+2020,bcu
502,J0631.5+1036,PSR,J0631.5+1036,PSR,J0631.5+1036,PSR,J0631.5+1036,PSR,J0631.5+1036,PSR
503,J0633.7+0632,PSR,J0633.7+0632,PSR,J0633.7+0632,PSR,J0633.7+0632,PSR,J0633.7+0632,PSR
504,J0633.9+1746,PSR,J0633.9+1746,PSR,J0633.9+1746,PSR,J0633.9+1746,PSR,J0633.9+1746,PSR
505,J0634.7-2334,fsrq,J0634.9-2335,fsrq,J0634.9-2335,fsrq,J0634.9-2335,fsrq,J0634.9-2335,fsrq
506,J0635.7-7517,fsrq,J0635.6-7518,fsrq,J0635.6-7518,fsrq,J0635.6-7518,fsrq,J0635.6-7518,fsrq
507,J0638.6+7324,fsrq,J0638.6+7320,fsrq,J0638.6+7320,fsrq,J0638.6+7320,fsrq,J0638.6+7320,fsrq
508,J0640.0-1252,bcu,J0640.0-1253,bll,J0640.0-1253,bll,J0640.0-1253,bll,J0640.0-1253,bll
509,J0641.8-0319,bcu,J0641.7-0320,FSRQ,J0641.7-0320,FSRQ,J0641.7-0320,FSRQ,J0641.7-0320,FSRQ
510,J0643.2+0859,fsrq,J0643.3+0857,fsrq,J0643.3+0857,fsrq,J0643.3+0857,fsrq,J0643.3+0857,fsrq
511,J0643.4-5358,bcu,J0643.2-5356,bcu,J0643.2-5356,bcu,J0643.2-5356,bcu,J0643.2-5356,bcu
512,J0644.3-6713,bcu,J0644.4-6712,bcu,J0644.4-6712,fsrq,J0644.4-6712,fsrq,J0644.4-6712,fsrq
513,J0644.6-2853,bcu,J0644.6-2853,bcu,J0644.6-2853,bcu,J0644.6-2853,bcu,J0644.6-2853,bcu
514,J0645.9-3914,fsrq,J0646.7-3913,fsrq,J0646.7-3913,fsrq,J0646.7-3913,fsrq,J0646.7-3913,fsrq
515,J0646.4-5452,bcu,J0646.4-5455,bcu,J0646.4-5455,psr,J0646.4-5455,msp,J0646.4-5455,msp
516,J0647.0-5134,bcu,J0647.0-5138,bcu,J0647.0-5138,bcu,J0647.0-5138,bll,J0647.0-5138,bll
517,J0647.1-4415,bcu,J0647.7-4418,hmb,J0647.7-4418,bcu,J0647.7-4418,bcu,J0647.7-4418,bcu
518,J0647.6-6058,bcu,J0647.7-6058,bcu,J0647.7-6058,bll,J0647.7-6058,bll,J0647.7-6058,bll
519,J0648.1+1606,bcu,J0648.1+1605,bcu,J0648.1+1605,bcu,J0648.1+1605,bcu,J0648.1+1605,bcu
520,J0648.1-3045,fsrq,J0648.0-3045,fsrq,J0648.0-3045,fsrq,J0648.0-3045,fsrq,J0648.0-3045,fsrq
521,J0648.8+1516,bll,J0648.7+1516,bll,J0648.7+1516,bll,J0648.7+1516,bll,J0648.7+1516,bll
522,J0648.8-1740,fsrq,J0648.4-1743,fsrq,J0648.4-1743,fsrq,J0648.4-1743,fsrq,J0648.4-1744,fsrq
523,J0649.6-3138,bcu,J0649.5-3139,bll,J0649.5-3139,bll,J0649.5-3139,bll,J0649.5-3139,bll
524,J0650.4-1636,bcu,J0650.2-1636,bcu,J0650.2-1636,bcu,J0650.2-1636,bcu,J0650.2-1636,bcu
525,J0650.5+2055,bcu,J0650.6+2055,unk,J0650.6+2055,unk,J0650.6+2055,unk,J0650.6+2055,unk
526,J0650.7+2503,bll,J0650.7+2503,bll,J0650.7+2503,bll,J0650.7+2503,bll,J0650.7+2503,bll
527,J0651.3+4014,bcu,J0651.0+4013,bcu,J0651.0+4013,bcu,J0651.0+4013,bll,J0651.0+4013,bll
528,J0652.0-4808,bcu,J0652.1-4813,bcu,J0652.1-4813,bcu,J0652.1-4813,bll,J0652.1-4813,bll
529,J0653.6+2817,bcu,J0653.7+2815,bll,J0653.7+2815,bll,J0653.7+2815,bll,J0653.7+2815,bll
530,J0654.4+4514,FSRQ,J0654.4+4514,FSRQ,J0654.4+4514,FSRQ,J0654.4+4514,FSRQ,J0654.4+4514,FSRQ
531,J0654.4+5042,fsrq,J0654.3+5042,fsrq,J0654.3+5042,fsrq,J0654.3+5042,fsrq,J0654.3+5042,fsrq
532,J0654.5+0926,bcu,J0654.3+0923,bcu,J0654.3+0923,bcu,J0654.3+0923,bcu,J0654.3+0923,bcu
533,J0656.2-0323,fsrq,J0656.3-0322,fsrq,J0656.3-0322,fsrq,J0656.3-0322,fsrq,J0656.3-0322,fsrq
534,J0656.4+4232,bll,J0656.3+4235,bll,J0656.3+4235,bll,J0656.3+4235,bll,J0656.3+4235,bll
535,J0658.3-5832,bcu,J0658.1-5840,bcu,J0658.1-5840,bcu,J0658.1-5840,bcu,J0658.1-5840,bcu
536,J0658.6+0636,bcu,J0658.6+0636,bcu,J0658.6+0636,bcu,J0658.6+0636,bcu,J0658.6+0636,bcu
537,J0659.5+1414,PSR,J0659.7+1416,PSR,J0659.7+1416,PSR,J0659.7+1416,PSR,J0659.7+1416,PSR
538,J0700.0+1709,bcu,J0659.9+1709,fsrq,J0659.9+1709,fsrq,J0659.9+1709,fsrq,J0659.9+1709,fsrq
539,J0700.2+1304,bcu,J0700.2+1304,bll,J0700.2+1304,bll,J0700.2+1304,bll,J0700.2+1304,bll
540,J0700.3-6310,bcu,J0700.1-6311,bcu,J0700.1-6311,bcu,J0700.1-6311,bcu,J0700.1-6311,bcu
541,J0700.6-6610,bll,J0700.5-6610,bll,J0700.5-6610,bll,J0700.5-6610,bll,J0700.5-6610,bll
542,J0701.4-4634,fsrq,J0701.5-4634,fsrq,J0701.5-4634,fsrq,J0701.5-4634,fsrq,J0701.5-4634,fsrq
543,J0702.7-1952,bll,J0702.7-1951,bll,J0702.7-1951,bll,J0702.7-1951,bll,J0702.7-1951,bll
544,J0703.4-3914,bcu,J0703.2-3914,bll,J0703.2-3914,bll,J0703.2-3914,bll,J0703.2-3914,bll
545,J0706.1-4849,bcu,J0705.7-4848,bcu,J0705.7-4848,bcu,J0705.7-4848,bcu,J0705.7-4848,bcu
546,J0706.5+3744,bll,J0706.5+3744,bll,J0706.5+3744,bll,J0706.5+3744,bll,J0706.5+3744,bll
547,J0707.0+7741,bll,J0706.8+7742,bll,J0706.8+7742,bll,J0706.8+7742,bll,J0706.8+7742,bll
548,J0707.2+6101,bll,J0706.9+6109,bll,J0706.9+6109,bll,J0706.9+6109,bll,J0706.9+6109,bll
549,J0708.9+2239,bcu,J0709.1+2241,bll,J0709.1+2241,bll,J0709.1+2241,bll,J0709.1+2241,bll
550,J0709.7-0256,bll,J0709.7-0255,fsrq,J0709.7-0255,fsrq,J0709.7-0255,fsrq,J0709.7-0255,fsrq
551,J0710.3+5908,bll,J0710.4+5908,bll,J0710.4+5908,bll,J0710.4+5908,bll,J0710.4+5908,bll
552,J0710.5+4732,bll,J0710.9+4733,bll,J0710.9+4733,bll,J0710.9+4733,bll,J0710.9+4733,bll
553,J0712.6+5033,bll,J0712.7+5033,bll,J0712.7+5033,bll,J0712.7+5033,bll,J0712.7+5033,bll
554,J0713.9+1933,fsrq,J0713.8+1935,fsrq,J0713.8+1935,fsrq,J0713.8+1935,fsrq,J0713.8+1935,fsrq
555,J0718.7-4319,bll,J0718.6-4319,bll,J0718.6-4319,bll,J0718.6-4319,bll,J0718.6-4319,bll
556,J0719.3+3307,fsrq,J0719.3+3307,fsrq,J0719.3+3307,fsrq,J0719.3+3307,fsrq,J0719.3+3307,fsrq
557,J0720.0-4010,bcu,J0719.7-4012,bll,J0719.7-4012,bll,J0719.7-4012,bll,J0719.7-4012,bll
558,J0721.4+0404,fsrq,J0721.3+0405,fsrq,J0721.3+0405,fsrq,J0721.3+0405,fsrq,J0721.3+0405,fsrq
559,J0721.9+7120,BLL,J0721.9+7120,BLL,J0721.9+7120,BLL,J0721.9+7120,BLL,J0721.9+7120,BLL
560,J0723.2-0728,bcu,J0723.0-0732,bll,J0723.0-0732,bll,J0723.0-0732,bll,J0723.0-0732,bll
561,J0723.7+2050,bcu,J0723.7+2050,bcu,J0723.7+2050,bll,J0723.7+2050,bll,J0723.7+2050,bll
562,J0724.1+2857,fsrq,J0723.5+2900,fsrq,J0723.5+2900,fsrq,J0723.5+2900,fsrq,J0723.5+2900,fsrq
563,J0725.2+1425,FSRQ,J0725.2+1425,FSRQ,J0725.2+1425,FSRQ,J0725.2+1425,FSRQ,J0725.2+1425,FSRQ
564,J0725.8-0054,bcu,J0725.8-0054,bcu,J0725.8-0054,bcu,J0725.8-0054,bcu,J0725.8-0054,bcu
565,J0726.6-4727,fsrq,J0726.4-4727,fsrq,J0726.4-4727,fsrq,J0726.4-4727,fsrq,J0726.4-4727,fsrq
566,J0728.0+4828,bcu,J0728.2+4827,bll,J0728.2+4827,bll,J0728.2+4827,bll,J0728.2+4827,bll
567,J0729.5-3127,bcu,J0729.1-3131,bcu,J0729.1-3131,bcu,J0729.1-3131,bcu,J0729.1-3131,bcu
568,J0729.7-1448,PSR,J0729.3-1445,PSR,J0729.3-1445,PSR,J0729.3-1445,PSR,J0729.3-1445,PSR
569,J0730.2-1141,fsrq,J0730.3-1141,fsrq,J0730.3-1141,fsrq,J0730.3-1141,fsrq,J0730.3-1141,fsrq
570,J0730.5+3307,bll,J0730.4+3308,bll,J0730.4+3308,bll,J0730.4+3308,bll,J0730.4+3308,bll
571,J0730.5-0537,bcu,J0730.5-0535,bll,J0730.5-0535,bll,J0730.5-0535,bll,J0730.5-0535,bll
572,J0730.5-6606,bcu,J0730.7-6602,bll,J0730.7-6602,bll,J0730.7-6602,bll,J0730.7-6602,bll
573,J0732.2-4638,bcu,J0732.7-4638,bcu,J0732.7-4638,bcu,J0732.7-4638,bcu,J0732.7-4638,bcu
574,J0733.5+5153,bcu,J0733.4+5152,bcu,J0733.4+5152,bcu,J0733.4+5152,bcu,J0733.4+5152,bcu
575,J0733.8+5021,fsrq,J0734.0+5021,fsrq,J0734.0+5021,fsrq,J0734.0+5021,fsrq,J0734.0+5021,fsrq
576,J0733.8+4108,bll,J0733.7+4110,bll,J0733.7+4110,bll,J0733.7+4110,bll,J0733.7+4110,bll
577,J0734.3-7709,bcu,J0734.4-7711,fsrq,J0734.4-7711,bcu,J0734.4-7711,bcu,J0734.4-7711,bcu
578,J0734.7-1558,PSR,J0734.7-1559,PSR,J0734.7-1559,PSR,J0734.7-1559,PSR,J0734.7-1559,PSR
579,J0738.1+1741,bll,J0738.1+1742,bll,J0738.1+1742,bll,J0738.1+1742,bll,J0738.1+1742,bll
580,J0739.4+0137,fsrq,J0739.2+0137,fsrq,J0739.2+0137,fsrq,J0739.2+0137,fsrq,J0739.2+0137,fsrq
581,J0740.8+6621,PSR,J0741.0+6618,PSR,J0741.0+6618,PSR,J0741.0+6618,MSP,J0741.0+6618,MSP
582,J0742.6+5444,fsrq,J0742.6+5443,fsrq,J0742.6+5443,fsrq,J0742.6+5443,fsrq,J0742.6+5443,fsrq
583,J0742.6-5623,fsrq,J0743.0-5622,fsrq,J0743.0-5622,fsrq,J0743.0-5622,fsrq,J0743.0-5622,fsrq
584,J0742.7-2824,PSR,J0742.8-2822,PSR,J0742.8-2822,PSR,J0742.8-2822,PSR,J0742.8-2822,PSR
585,J0744.3+7434,bll,J0744.1+7434,bll,J0744.1+7434,bll,J0744.1+7434,bll,J0744.1+7434,bll
586,J0746.4+2540,fsrq,J0746.4+2546,fsrq,J0746.4+2546,fsrq,J0746.4+2546,fsrq,J0746.4+2546,fsrq
587,J0746.6-0706,bcu,J0746.5-0710,bcu,J0746.5-0710,bcu,J0746.5-0710,bcu,J0746.5-0710,bcu
588,J0746.6-4756,bcu,J0746.6-4754,bll,J0746.6-4754,bll,J0746.6-4754,bll,J0746.6-4754,bll
589,J0746.9+8511,bcu,J0748.3+8511,bcu,J0748.3+8511,bcu,J0748.3+8511,bcu,J0748.3+8511,bcu
590,J0747.2-3311,bcu,J0747.3-3310,bll,J0747.3-3310,bll,J0747.3-3310,bll,J0747.3-3310,bll
591,J0747.4+0904,bll,J0747.5+0905,bll,J0747.5+0905,bll,J0747.5+0905,bll,J0747.5+0905,bll
592,J0748.0-1639,bcu,J0748.0-1638,bcu,J0748.0-1638,bcu,J0748.0-1638,bcu,J0748.0-1638,bcu
593,J0748.3+2401,fsrq,J0748.6+2400,fsrq,J0748.6+2400,fsrq,J0748.6+2400,fsrq,J0748.6+2400,fsrq
594,J0748.5+7910,bcu,J0751.0+7908,bcu,J0751.0+7908,bcu,J0751.0+7908,bcu,J0751.0+7908,bcu
595,J0748.8+4929,bcu,J0748.3+4928,bcu,J0748.3+4928,bll,J0748.3+4928,bll,J0748.3+4928,bll
596,J0749.4+1059,bcu,J0749.4+1058,bcu,J0749.4+1058,bcu,J0749.4+1058,bll,J0749.4+1058,bll
597,J0750.6+1232,fsrq,J0750.8+1229,fsrq,J0750.8+1229,fsrq,J0750.8+1229,fsrq,J0750.8+1229,fsrq
598,J0751.2+1806,PSR,J0751.2+1808,PSR,J0751.2+1808,PSR,J0751.2+1808,MSP,J0751.2+1808,MSP
599,J0753.1+5353,bll,J0753.0+5353,bll,J0753.0+5353,bll,J0753.0+5353,bll,J0753.0+5353,bll
600,J0754.4-1148,bll,J0754.4-1148,bll,J0754.4-1148,bll,J0754.4-1148,bll,J0754.4-1148,bll
601,J0754.8+4824,bll,J0754.7+4823,bll,J0754.7+4823,bll,J0754.7+4823,bll,J0754.7+4823,bll
602,J0756.3-6433,bcu,J0756.3-6431,bll,J0756.3-6431,bll,J0756.3-6431,bll,J0756.3-6431,bll
603,J0757.0+0956,bll,J0757.1+0956,bll,J0757.1+0956,bll,J0757.1+0956,bll,J0757.1+0956,bll
604,J0758.1+1130,fsrq,J0758.1+1134,fsrq,J0758.1+1134,fsrq,J0758.1+1134,fsrq,J0758.1+1134,fsrq
605,J0758.7+3747,rdg,J0758.7+3746,rdg,J0758.7+3746,rdg,J0758.7+3746,rdg,J0758.7+3746,rdg
606,J0758.9+2705,bll,J0758.9+2703,bll,J0758.9+2703,bll,J0758.9+2703,bll,J0758.9+2703,bll
607,J0800.9+4401,bll,J0800.9+4401,bll,J0800.9+4401,bll,J0800.9+4401,bll,J0800.9+4401,bll
608,J0802.0+1005,bll,J0802.0+1006,bll,J0802.0+1006,bll,J0802.0+1006,bll,J0802.0+1006,bll
609,J0803.3-0339,bcu,J0803.2-0337,fsrq,J0803.2-0337,fsrq,J0803.2-0337,fsrq,J0803.2-0337,fsrq
610,J0804.0-3629,bcu,J0804.0-3629,bll,J0804.0-3629,bll,J0804.0-3629,bll,J0804.0-3629,bll
611,J0804.4+0418,bcu,J0804.5+0414,bcu,J0804.5+0414,bcu,J0804.5+0414,bcu,J0804.5+0414,bcu
612,J0805.0-0622,bcu,J0804.9-0624,bcu,J0804.9-0624,bcu,J0804.9-0624,bcu,J0804.9-0624,bcu
613,J0805.2-0112,fsrq,J0805.2-0110,fsrq,J0805.2-0110,fsrq,J0805.2-0110,fsrq,J0805.2-0110,fsrq
614,J0805.4+7534,bll,J0805.4+7534,bll,J0805.4+7534,bll,J0805.4+7534,bll,J0805.4+7534,bll
615,J0805.4+6144,fsrq,J0805.4+6147,fsrq,J0805.4+6147,fsrq,J0805.4+6147,fsrq,J0805.4+6147,fsrq
616,J0806.6+5933,bll,J0806.5+5930,bll,J0806.5+5930,bll,J0806.5+5930,bll,J0806.5+5930,bll
617,J0807.1-0541,bll,J0807.1-0541,bll,J0807.1-0541,bll,J0807.1-0541,bll,J0807.1-0541,bll
618,J0807.1+7744,bcu,J0805.1+7744,bcu,J0805.1+7744,bcu,J0805.1+7744,bcu,J0805.1+7744,bcu
619,J0807.9+4946,fsrq,J0808.5+4950,fsrq,J0808.5+4950,fsrq,J0808.5+4950,fsrq,J0808.5+4950,fsrq
620,J0808.2-0751,fsrq,J0808.2-0751,fsrq,J0808.2-0751,fsrq,J0808.2-0751,fsrq,J0808.2-0751,fsrq
621,J0809.5+4045,fsrq,J0809.3+4053,fsrq,J0809.3+4053,fsrq,J0809.3+4053,fsrq,J0809.3+4053,fsrq
622,J0809.5+5342,fsrq,J0809.5+5341,fsrq,J0809.5+5341,fsrq,J0809.5+5341,fsrq,J0809.5+5341,fsrq
623,J0809.6+3456,bll,J0809.6+3455,bll,J0809.6+3455,bll,J0809.6+3455,bll,J0809.6+3455,bll
624,J0809.8+5218,bll,J0809.8+5218,BLL,J0809.8+5218,BLL,J0809.8+5218,BLL,J0809.8+5218,BLL
625,J0811.2-7529,bll,J0811.0-7529,bll,J0811.0-7529,bll,J0811.0-7529,bll,J0811.0-7529,bll
626,J0811.3+0146,bll,J0811.4+0146,bll,J0811.4+0146,bll,J0811.4+0146,bll,J0811.4+0146,bll
627,J0812.0+0237,bll,J0812.0+0237,bll,J0812.0+0237,bll,J0812.0+0237,bll,J0812.0+0237,bll
628,J0812.9+5555,bll,J0812.9+5555,bll,J0812.9+5555,bll,J0812.9+5555,bll,J0812.9+5555,bll
629,J0813.3+6509,bcu,J0812.8+6507,bll,J0812.8+6507,bll,J0812.8+6507,bll,J0812.8+6507,bll
630,J0814.1-1012,bll,J0814.2-1013,bll,J0814.2-1013,bll,J0814.2-1013,bll,J0814.2-1013,bll
631,J0814.5+2943,bll,J0814.4+2941,bll,J0814.4+2941,bll,J0814.4+2941,bll,J0814.4+2941,bll
632,J0814.7+6428,bll,J0814.6+6430,bll,J0814.6+6430,bll,J0814.6+6430,bll,J0814.6+6430,bll
633,J0816.4-1311,bll,J0816.4-1311,bll,J0816.4-1311,bll,J0816.4-1311,bll,J0816.4-1311,bll
634,J0816.5+2049,bll,J0816.9+2050,bll,J0816.9+2050,bll,J0816.9+2050,bll,J0816.9+2050,bll
635,J0816.7-2421,bcu,J0816.7-2420,bcu,J0816.7-2420,bcu,J0816.7-2420,bcu,J0816.7-2420,bcu
636,J0816.7+5739,bll,J0816.3+5739,bll,J0816.3+5739,bll,J0816.3+5739,bll,J0816.3+5739,bll
637,J0817.8-0935,bll,J0817.8-0934,bll,J0817.8-0934,bll,J0817.8-0934,bll,J0817.8-0934,bll
638,J0818.2+4223,bll,J0818.2+4222,bll,J0818.2+4222,bll,J0818.2+4222,bll,J0818.2+4222,bll
639,J0818.8+2751,bll,J0819.0+2746,bll,J0819.0+2746,bll,J0819.0+2746,bll,J0819.0+2746,bll
640,J0820.4+3640,bll,J0820.3+3639,bll,J0820.3+3639,bll,J0820.3+3639,bll,J0820.3+3639,bll
641,J0820.9-1258,bll,J0820.9-1258,bll,J0820.9-1258,bll,J0820.9-1258,bll,J0820.9-1258,bll
642,J0822.9+4041,fsrq,J0823.1+4042,fsrq,J0823.1+4042,fsrq,J0823.1+4042,fsrq,J0823.1+4042,fsrq
643,J0824.1+2434,fsrq,J0824.4+2440,fsrq,J0824.4+2440,fsrq,J0824.4+2440,fsrq,J0824.4+2440,fsrq
644,J0824.9+5551,fsrq,J0824.7+5552,fsrq,J0824.7+5552,fsrq,J0824.7+5552,fsrq,J0824.7+5552,fsrq
645,J0824.9+3916,fsrq,J0824.9+3915,fsrq,J0824.9+3915,fsrq,J0824.9+3915,fsrq,J0824.9+3915,fsrq
646,J0825.8-3217,bcu,J0825.9-3218,bcu,J0825.9-3218,bcu,J0825.9-3218,bcu,J0825.9-3218,bcu
647,J0825.9-2230,bll,J0825.9-2230,bll,J0825.9-2230,bll,J0825.9-2230,bll,J0825.9-2230,bll
648,J0826.0+0307,bll,J0825.8+0309,bll,J0825.8+0309,bll,J0825.8+0309,bll,J0825.8+0309,bll
649,J0827.2-0711,bcu,J0827.0-0708,bll,J0827.0-0708,bll,J0827.0-0708,bll,J0827.0-0708,bll
650,J0828.5+5217,fsrq,J0827.8+5221,fsrq,J0827.8+5221,fsrq,J0827.8+5221,fsrq,J0827.8+5221,fsrq
651,J0828.8-2420,bcu,J0828.7-2422,bll,J0828.7-2422,bll,J0828.7-2422,bll,J0828.7-2422,bll
652,J0829.3+0901,fsrq,J0829.4+0857,fsrq,J0829.4+0857,fsrq,J0829.4+0857,fsrq,J0829.4+0857,fsrq
653,J0829.6-1137,bcu,J0829.6-1140,bcu,J0829.6-1140,bcu,J0829.6-1140,bcu,J0829.6-1140,bcu
654,J0830.3-5855,bcu,J0829.7-5856,bcu,J0829.7-5856,bcu,J0829.7-5856,bcu,J0829.7-5856,bcu
655,J0830.7+2408,FSRQ,J0830.8+2410,FSRQ,J0830.8+2410,FSRQ,J0830.8+2410,FSRQ,J0830.8+2410,FSRQ
656,J0831.9+0430,bll,J0831.8+0429,bll,J0831.8+0429,bll,J0831.8+0429,bll,J0831.8+0429,bll
657,J0832.6+4914,bll,J0832.4+4912,bll,J0832.4+4912,bll,J0832.4+4912,bll,J0832.4+4912,bll
658,J0834.1+4223,fsrq,J0833.9+4223,fsrq,J0833.9+4223,fsrq,J0833.9+4223,fsrq,J0833.9+4223,fsrq
659,J0834.7+4403,bll,J0834.6+4402,bll,J0834.6+4402,bll,J0834.6+4402,bll,J0834.6+4402,bll
660,J0835.3-4510,PSR,J0835.3-4510,PSR,J0835.3-4510,PSR,J0835.3-4510,PSR,J0835.3-4510,PSR
661,J0835.4+0930,bll,J0835.7+0936,bll,J0835.7+0936,bll,J0835.7+0936,bll,J0835.7+0936,bll
662,J0836.3+2143,bcu,J0836.2+2141,bcu,J0836.2+2141,bcu,J0836.2+2141,bcu,J0836.2+2141,bcu
663,J0836.5-2020,fsrq,J0836.5-2026,fsrq,J0836.5-2026,fsrq,J0836.5-2026,fsrq,J0836.5-2026,fsrq
664,J0839.5+0102,fsrq,J0839.8+0105,fsrq,J0839.8+0105,fsrq,J0839.8+0105,fsrq,J0839.8+0105,fsrq
665,J0839.6+3538,bll,J0839.7+3540,bll,J0839.7+3540,bll,J0839.7+3540,bll,J0839.7+3540,bll
666,J0839.6+1803,bll,J0839.4+1803,bll,J0839.4+1803,bll,J0839.4+1803,bll,J0839.4+1803,bll
667,J0840.8+1315,ssrq,J0840.8+1317,ssrq,J0840.8+1317,ssrq,J0840.8+1317,ssrq,J0840.8+1317,ssrq
668,J0841.3-3554,bcu,J0841.3-3554,bll,J0841.3-3554,bll,J0841.3-3554,bll,J0841.3-3554,bll
669,J0841.4+7053,FSRQ,J0841.3+7053,FSRQ,J0841.3+7053,FSRQ,J0841.3+7053,FSRQ,J0841.3+7053,FSRQ
670,J0842.0-6055,bcu,J0842.3-6053,bcu,J0842.3-6053,bcu,J0842.3-6053,bcu,J0842.3-6053,bcu
671,J0843.9+5311,bll,J0844.2+5312,bll,J0844.2+5312,bll,J0844.2+5312,bll,J0844.2+5312,bll
672,J0845.1-5458,bcu,J0844.9-5458,bll,J0844.9-5458,bll,J0844.9-5458,bll,J0844.9-5458,bll
673,J0846.9-2336,bll,J0847.0-2336,bcu,J0847.0-2336,bcu,J0847.0-2336,bll,J0847.0-2336,bll
674,J0847.1+1134,bll,J0847.2+1134,bll,J0847.2+1134,bll,J0847.2+1134,bll,J0847.2+1134,bll
675,J0849.1+6607,bll,J0849.1+6607,bll,J0849.1+6607,bll,J0849.1+6607,bll,J0849.1+6607,bll
676,J0849.3+0458,bll,J0849.5+0456,bll,J0849.5+0456,bll,J0849.5+0456,bll,J0849.5+0456,bll
677,J0849.5-2912,bcu,J0849.4-2911,bcu,J0849.4-2911,bcu,J0849.4-2911,bcu,J0849.4-2911,bcu
678,J0849.9-3540,bcu,J0849.8-3541,bcu,J0849.8-3541,bcu,J0849.8-3541,bcu,J0849.8-3541,bcu
679,J0849.9+5108,NLSY1,J0850.0+5108,NLSY1,J0850.0+5108,NLSY1,J0850.0+5108,NLSY1,J0850.0+5108,NLSY1
680,J0850.0+4855,bll,J0850.0+4855,bll,J0850.0+4855,bll,J0850.0+4855,bll,J0850.0+4855,bll
681,J0850.2-1214,fsrq,J0850.1-1212,fsrq,J0850.1-1212,fsrq,J0850.1-1212,fsrq,J0850.1-1212,fsrq
682,J0850.2+3500,bll,J0850.5+3455,bll,J0850.5+3455,bll,J0850.5+3455,bll,J0850.5+3455,bll
683,J0851.8+5531,bll,J0851.5+5528,bll,J0851.5+5528,bll,J0851.5+5528,bll,J0851.5+5528,bll
684,J0852.6-5756,bcu,J0852.5-5755,bcu,J0852.5-5755,bcu,J0852.5-5755,bcu,J0852.5-5755,bcu
685,J0853.0-3654,bcu,J0853.1-3657,bcu,J0853.1-3657,bcu,J0853.1-3657,bcu,J0853.1-3657,bcu
686,J0854.2+4408,bll,J0854.3+4408,bll,J0854.3+4408,bll,J0854.3+4408,bll,J0854.3+4408,bll
687,J0854.8+2006,BLL,J0854.8+2006,BLL,J0854.8+2006,BLL,J0854.8+2006,BLL,J0854.8+2006,BLL
688,J0855.2-0718,bcu,J0855.4-0714,bcu,J0855.4-0714,bcu,J0855.4-0714,bcu,J0855.4-0714,bcu
689,J0856.5+2057,bll,J0856.8+2056,bll,J0856.8+2056,bll,J0856.8+2056,bll,J0856.8+2056,bll
690,J0856.7-1105,bll,J0856.6-1105,bll,J0856.6-1105,bll,J0856.6-1105,bll,J0856.6-1105,bll
691,J0858.1-1951,bcu,J0857.9-1949,fsrq,J0857.9-1949,fsrq,J0857.9-1949,fsrq,J0857.9-1949,fsrq
692,J0858.1-3130,bcu,J0858.0-3130,unk,J0858.0-3130,unk,J0858.0-3130,bll,J0858.0-3130,bll
693,J0859.1+6219,bll,J0859.4+6218,bll,J0859.4+6218,bll,J0859.4+6218,bll,J0859.4+6218,bll
694,J0902.4+2050,bll,J0902.4+2051,bll,J0902.4+2051,bll,J0902.4+2051,bll,J0902.4+2051,bll
695,J0903.1+4649,fsrq,J0903.1+4652,fsrq,J0903.1+4652,fsrq,J0903.1+4652,fsrq,J0903.1+4652,fsrq
696,J0904.3+4240,bcu,J0904.6+4238,fsrq,J0904.6+4238,fsrq,J0904.6+4238,fsrq,J0904.6+4238,fsrq
697,J0904.8-5734,bcu,J0904.9-5734,bcu,J0904.9-5734,bcu,J0904.9-5734,bcu,J0904.9-5734,bcu
698,J0904.8-3516,bcu,J0904.5-3513,bcu,J0904.5-3513,bcu,J0904.5-3513,bcu,J0904.5-3513,bcu
699,J0905.5+1358,bll,J0905.6+1358,bll,J0905.6+1358,bll,J0905.6+1358,bll,J0905.6+1358,bll
700,J0906.3-0906,bll,J0906.3-0905,bll,J0906.3-0905,bll,J0906.3-0905,bll,J0906.3-0905,bll
701,J0908.4-4916,PSR,J0908.7-4911,PSR,J0908.7-4911,PSR,J0908.7-4911,PSR,J0908.7-4911,PSR
702,J0909.0+2310,bll,J0908.9+2311,bll,J0908.9+2311,bll,J0908.9+2311,bll,J0908.9+2311,bll
703,J0909.1+0121,fsrq,J0909.1+0121,fsrq,J0909.1+0121,fsrq,J0909.1+0121,fsrq,J0909.1+0121,fsrq
704,J0909.6+0157,bll,J0909.6+0159,bll,J0909.6+0159,bll,J0909.6+0159,bll,J0909.6+0159,bll
705,J0909.8-0229,fsrq,J0909.7-0230,fsrq,J0909.7-0230,fsrq,J0909.7-0230,fsrq,J0909.7-0230,fsrq
706,J0910.5+3329,bll,J0910.6+3329,bll,J0910.6+3329,bll,J0910.6+3329,bll,J0910.6+3329,bll
707,J0910.7+3858,bll,J0910.8+3859,bll,J0910.8+3859,bll,J0910.8+3859,bll,J0910.8+3859,bll
708,J0910.9+2248,fsrq,J0910.6+2247,fsrq,J0910.6+2247,fsrq,J0910.6+2247,fsrq,J0910.6+2247,fsrq
709,J0911.8+3351,bll,J0911.7+3349,bll,J0911.7+3349,bll,J0911.7+3349,bll,J0911.7+3349,bll
710,J0912.2+4126,fsrq,J0912.2+4127,fsrq,J0912.2+4127,fsrq,J0912.2+4127,fsrq,J0912.2+4127,fsrq
711,J0912.2-6452,glc,J0912.1-6449,glc,J0912.1-6449,glc,J0912.1-6449,glc,J0912.1-6449,glc
712,J0912.4+2800,bll,J0912.2+2800,bll,J0912.2+2800,bll,J0912.2+2800,bll,J0912.2+2800,bll
713,J0912.6-2757,bcu,J0912.2-2751,bcu,J0912.2-2751,bcu,J0912.2-2751,bcu,J0912.2-2751,bcu
714,J0912.7+1556,bll,J0912.5+1556,bll,J0912.5+1556,bll,J0912.5+1556,bll,J0912.5+1556,bll
715,J0912.9-2104,bll,J0912.9-2102,bll,J0912.9-2102,bll,J0912.9-2102,bll,J0912.9-2102,bll
716,J0915.0+5844,bcu,J0914.8+5846,bll,J0914.8+5846,bll,J0914.8+5846,bll,J0914.8+5846,bll
717,J0915.8+2933,bll,J0915.9+2933,bll,J0915.9+2933,bll,J0915.9+2933,bll,J0915.9+2933,bll
718,J0916.3+3857,fsrq,J0916.7+3856,fsrq,J0916.7+3856,fsrq,J0916.7+3856,fsrq,J0916.7+3856,fsrq
719,J0917.3-0344,bcu,J0917.3-0342,bll,J0917.3-0342,bll,J0917.3-0342,bll,J0917.3-0342,bll
720,J0920.9+4442,fsrq,J0920.9+4441,fsrq,J0920.9+4441,fsrq,J0920.9+4441,fsrq,J0920.9+4441,fsrq
721,J0921.0-2258,bcu,J0920.9-2256,bll,J0920.9-2256,bll,J0920.9-2256,bll,J0920.9-2256,bll
722,J0921.8+6215,fsrq,J0921.6+6216,fsrq,J0921.6+6216,fsrq,J0921.6+6216,fsrq,J0921.6+6216,fsrq
723,J0922.4-0529,fsrq,J0922.4-0528,fsrq,J0922.4-0528,fsrq,J0922.4-0528,fsrq,J0922.4-0528,fsrq
724,J0922.8-3959,bcu,J0922.7-3959,bcu,J0922.7-3959,fsrq,J0922.7-3959,fsrq,J0922.7-3959,fsrq
725,J0923.1+3853,bcu,J0923.5+3852,bcu,J0923.5+3852,bcu,J0923.5+3852,bcu,J0923.5+3852,bcu
726,J0923.3+4127,fsrq,J0923.5+4125,fsrq,J0923.5+4125,fsrq,J0923.5+4125,fsrq,J0923.5+4125,fsrq
727,J0924.0+2816,fsrq,J0924.0+2816,fsrq,J0924.0+2816,fsrq,J0924.0+2816,fsrq,J0924.0+2816,fsrq
728,J0924.2+0534,bll,J0924.0+0534,bll,J0924.0+0534,bll,J0924.0+0534,bll,J0924.0+0534,bll
729,J0925.6+5959,bll,J0925.7+5959,bll,J0925.7+5959,bll,J0925.7+5959,bll,J0925.7+5959,bll
730,J0925.7+3129,bll,J0925.7+3126,bll,J0925.7+3126,bll,J0925.7+3126,bll,J0925.7+3126,bll
731,J0926.3+5409,bll,J0926.4+5412,bll,J0926.4+5412,bll,J0926.4+5412,bll,J0926.4+5412,bll
732,J0927.9-2037,fsrq,J0928.1-2035,fsrq,J0928.1-2035,fsrq,J0928.1-2035,fsrq,J0928.1-2035,fsrq
733,J0928.5+4048,bll,J0928.5+4048,bll,J0928.5+4048,bll,J0928.5+4048,bll,J0928.5+4048,bll
734,J0928.9-3530,bcu,J0928.7-3529,bcu,J0928.7-3529,bll,J0928.7-3529,bll,J0928.7-3529,bll
735,J0929.4+5013,bll,J0929.3+5014,bll,J0929.3+5014,bll,J0929.3+5014,bll,J0929.3+5014,bll
736,J0930.0+4951,bll,J0930.5+4951,bll,J0930.5+4951,bll,J0930.5+4951,bll,J0930.5+4951,bll
737,J0930.2+8612,bll,J0930.3+8612,bll,J0930.3+8612,bll,J0930.3+8612,bll,J0930.3+8612,bll
738,J0930.9-1904,PSR,J0931.2-1906,PSR,J0931.2-1906,PSR,J0931.2-1906,MSP,J0931.2-1906,MSP
739,J0934.1+3933,bll,J0934.3+3926,bll,J0934.3+3926,bll,J0934.3+3926,bll,J0934.3+3926,bll
740,J0937.7+5008,fsrq,J0937.1+5008,fsrq,J0937.1+5008,fsrq,J0937.1+5008,fsrq,J0937.1+5008,fsrq
741,J0939.2-1732,bcu,J0939.3-1732,bcu,J0939.3-1732,bcu,J0939.3-1732,bcu,J0939.3-1732,bcu
742,J0939.9-2831,bcu,J0940.0-2828,bcu,J0940.0-2828,bcu,J0940.0-2828,bcu,J0940.0-2828,bcu
743,J0940.7-6102,bcu,J0940.7-6105,bcu,J0940.7-6105,bcu,J0940.7-6105,bcu,J0940.7-6105,bcu
744,J0940.9-1337,fsrq,J0940.9-1335,fsrq,J0940.9-1335,fsrq,J0940.9-1335,fsrq,J0940.9-1335,fsrq
745,J0941.6+2727,fsrq,J0941.9+2724,bll,J0941.9+2724,bll,J0941.9+2724,bll,J0941.9+2724,bll
746,J0942.1-0756,bll,J0942.3-0800,bll,J0942.3-0800,bll,J0942.3-0800,bll,J0942.3-0800,bll
747,J0945.9+5756,bll,J0945.7+5759,bll,J0945.7+5759,bll,J0945.7+5759,bll,J0945.7+5759,bll
748,J0946.2+0103,bll,J0946.2+0104,bll,J0946.2+0104,bll,J0946.2+0104,bll,J0946.2+0104,bll
749,J0946.5+1017,fsrq,J0946.6+1016,fsrq,J0946.6+1016,fsrq,J0946.6+1016,fsrq,J0946.6+1016,fsrq
750,J0947.1-2542,bcu,J0947.1-2541,bll,J0947.1-2541,bll,J0947.1-2541,bll,J0947.1-2541,bll
751,J0948.6+4041,fsrq,J0949.0+4038,fsrq,J0949.0+4038,fsrq,J0949.0+4038,fsrq,J0949.0+4038,fsrq
752,J0948.8+0021,NLSY1,J0948.9+0022,NLSY1,J0948.9+0022,NLSY1,J0948.9+0022,NLSY1,J0948.9+0022,NLSY1
753,J0950.1+4554,bll,J0950.2+4553,bll,J0950.2+4553,bll,J0950.2+4553,bll,J0950.2+4553,bll
754,J0953.0-0839,bll,J0953.0-0840,bll,J0953.0-0840,bll,J0953.0-0840,bll,J0953.0-0840,bll
755,J0953.1-7657c,bcu,J0953.4-7659,bcu,J0953.4-7659,bcu,J0953.4-7659,bll,J0953.4-7659,bll
756,J0954.2+4913,bll,J0954.2+4913,bll,J0954.2+4913,bll,J0954.2+4913,bll,J0954.2+4913,bll
757,J0955.4+6940,sbg,J0955.7+6940,sbg,J0955.7+6940,sbg,J0955.7+6940,sbg,J0955.7+6940,sbg
758,J0955.6-6148,psr,J0955.4-6151,PSR,J0955.4-6151,PSR,J0955.4-6151,MSP,J0955.4-6151,MSP
759,J0956.6+2515,fsrq,J0956.7+2516,fsrq,J0956.7+2516,fsrq,J0956.7+2516,fsrq,J0956.7+2516,fsrq
760,J0957.4+4728,fsrq,J0958.0+4728,fsrq,J0958.0+4728,fsrq,J0958.0+4728,fsrq,J0958.0+4728,fsrq
761,J0957.5-1351,fsrq,J0957.3-1348,fsrq,J0957.3-1348,fsrq,J0957.3-1348,fsrq,J0957.3-1348,fsrq
762,J0957.6+5523,fsrq,J0957.6+5523,fsrq,J0957.6+5523,fsrq,J0957.6+5523,fsrq,J0957.6+5523,fsrq
763,J0958.3-0318,bll,J0958.0-0319,bll,J0958.0-0319,bll,J0958.0-0319,bll,J0958.0-0319,bll
764,J0958.4-6752,bcu,J0958.1-6753,bcu,J0958.1-6753,bcu,J0958.1-6753,bcu,J0958.1-6753,bcu
765,J0958.6+6534,bll,J0958.7+6534,BLL,J0958.7+6534,BLL,J0958.7+6534,BLL,J0958.7+6534,BLL
766,J0958.6-2447,bcu,J0958.4-2441,bcu,J0958.4-2441,bcu,J0958.4-2441,bcu,J0958.4-2441,bcu
767,J0959.7+2124,bll,J0959.4+2120,bll,J0959.4+2120,bll,J0959.4+2120,bll,J0959.4+2120,bll
768,J1001.0+2913,bll,J1001.1+2911,bll,J1001.1+2911,bll,J1001.1+2911,bll,J1001.1+2911,bll
769,J1002.3+2220,bll,J1002.5+2215,bll,J1002.5+2215,bll,J1002.5+2215,bll,J1002.5+2215,bll
770,J1003.6+2608,bcu,J1003.6+2605,bll,J1003.6+2605,bll,J1003.6+2605,bll,J1003.6+2605,bll
771,J1006.7+3453,bll,J1007.0+3455,bll,J1007.0+3455,bll,J1007.0+3455,bll,J1007.0+3455,bll
772,J1006.7-2159,fsrq,J1006.7-2159,fsrq,J1006.7-2159,fsrq,J1006.7-2159,fsrq,J1006.7-2159,fsrq
773,J1007.4-3334,fsrq,J1007.6-3332,fsrq,J1007.6-3332,fsrq,J1007.6-3332,fsrq,J1007.6-3332,fsrq
774,J1007.8+0026,bcu,J1008.0+0028,bcu,J1008.0+0028,bcu,J1008.0+0028,bll,J1008.0+0028,bll
775,J1007.9+0621,bll,J1008.0+0620,bll,J1008.0+0620,bll,J1008.0+0620,bll,J1008.0+0620,bll
776,J1008.9-2910,bcu,J1008.7-2909,bcu,J1008.7-2909,bcu,J1008.7-2909,bcu,J1008.7-2909,bcu
777,J1009.0-3137,bcu,J1008.8-3139,bcu,J1008.8-3139,bll,J1008.8-3139,bll,J1008.8-3139,bll
778,J1010.2-3120,bll,J1010.2-3119,bll,J1010.2-3119,bll,J1010.2-3119,bll,J1010.2-3119,bll
779,J1010.8-0158,fsrq,J1010.8-0158,fsrq,J1010.8-0158,fsrq,J1010.8-0158,fsrq,J1010.8-0158,fsrq
780,J1012.0-4235,psr,J1012.1-4235,PSR,J1012.1-4235,PSR,J1012.1-4235,MSP,J1012.1-4235,MSP
781,J1012.2+0631,bll,J1012.3+0629,bll,J1012.3+0629,bll,J1012.3+0629,bll,J1012.3+0629,bll
782,J1012.7+4229,bll,J1012.7+4228,agn,J1012.7+4228,agn,J1012.7+4228,bll,J1012.7+4228,bll
783,J1013.5+3440,fsrq,J1013.7+3444,fsrq,J1013.7+3444,fsrq,J1013.7+3444,fsrq,J1013.7+3444,fsrq
784,J1014.2+4115,bcu,J1014.3+4112,bcu,J1014.3+4112,bcu,J1014.3+4112,bcu,J1014.3+4112,bcu
785,J1015.0+4925,bll,J1015.0+4926,bll,J1015.0+4926,bll,J1015.0+4926,bll,J1015.0+4926,bll
786,J1015.2-4512,bcu,J1014.9-4508,bcu,J1014.9-4508,bcu,J1014.9-4508,bcu,J1014.9-4508,bcu
787,J1016.0+0513,fsrq,J1016.0+0512,fsrq,J1016.0+0512,fsrq,J1016.0+0512,fsrq,J1016.0+0512,fsrq
788,J1016.1+5555,bcu,J1015.6+5553,fsrq,J1015.6+5553,fsrq,J1015.6+5553,fsrq,J1015.6+5553,fsrq
789,J1016.3-5858,PSR,J1016.3-5857,PSR,J1016.3-5857,PSR,J1016.3-5857,PSR,J1016.3-5857,PSR
790,J1018.1+1904,bll,J1018.1+1905,bll,J1018.1+1905,bll,J1018.1+1905,bll,J1018.1+1905,bll
791,J1018.3+3542,fsrq,J1018.4+3540,fsrq,J1018.4+3540,fsrq,J1018.4+3540,fsrq,J1018.4+3540,fsrq
792,J1018.4-3119,fsrq,J1018.3-3124,fsrq,J1018.3-3124,fsrq,J1018.3-3124,fsrq,J1018.3-3124,fsrq
793,J1018.5+0530,fsrq,J1018.4+0528,fsrq,J1018.4+0528,fsrq,J1018.4+0528,fsrq,J1018.4+0528,fsrq
794,J1018.8+5913,bll,J1018.8+5913,bll,J1018.8+5913,bll,J1018.8+5913,bll,J1018.8+5913,bll
795,J1018.9-5856,HMB,J1018.9-5856,HMB,J1018.9-5856,HMB,J1018.9-5856,HMB,J1018.9-5856,HMB
796,J1020.0-5749,PSR,J1019.8-5749,PSR,J1019.8-5749,PSR,J1019.8-5749,PSR,J1019.8-5749,PSR
797,J1020.0+6323,bll,J1019.7+6321,bll,J1019.7+6321,bll,J1019.7+6321,bll,J1019.7+6321,bll
798,J1021.8+8023,bcu,J1021.4+8021,bcu,J1021.4+8021,bcu,J1021.4+8021,bcu,J1021.4+8021,bcu
799,J1022.3-4234,bcu,J1022.4-4231,bll,J1022.4-4231,bll,J1022.4-4231,bll,J1022.4-4231,bll
800,J1022.8-0113,bll,J1022.7-0112,bll,J1022.7-0112,bll,J1022.7-0112,bll,J1022.7-0112,bll
801,J1023.1+3952,fsrq,J1023.1+3949,fsrq,J1023.1+3949,fsrq,J1023.1+3949,fsrq,J1023.1+3949,fsrq
802,J1023.1-5745,PSR,J1023.0-5745,PSR,J1023.0-5745,PSR,J1023.0-5745,PSR,J1023.0-5745,PSR
803,J1023.1-5745,PSR,J1023.0-5745,PSR,J1023.0-5745,PSR,J1023.3-5747e,SFR,J1023.0-5745,PSR
804,J1023.1-5745,PSR,J1023.0-5745,PSR,J1023.3-5747e,SFR,J1023.0-5745,PSR,J1023.0-5745,PSR
805,J1023.1-5745,PSR,J1023.0-5745,PSR,J1023.3-5747e,SFR,J1023.3-5747e,SFR,J1023.0-5745,PSR
806,J1023.1-5745,PSR,J1023.3-5747e,SFR,J1023.0-5745,PSR,J1023.0-5745,PSR,J1023.0-5745,PSR
807,J1023.1-5745,PSR,J1023.3-5747e,SFR,J1023.0-5745,PSR,J1023.3-5747e,SFR,J1023.0-5745,PSR
808,J1023.1-5745,PSR,J1023.3-5747e,SFR,J1023.3-5747e,SFR,J1023.0-5745,PSR,J1023.0-5745,PSR
809,J1023.1-5745,PSR,J1023.3-5747e,SFR,J1023.3-5747e,SFR,J1023.3-5747e,SFR,J1023.0-5745,PSR
810,J1023.7+3000,bll,J1023.8+3002,bll,J1023.8+3002,bll,J1023.8+3002,bll,J1023.8+3002,bll
811,J1023.9-4335,bll,J1023.8-4335,bll,J1023.8-4335,bll,J1023.8-4335,bll,J1023.8-4335,bll
812,J1024.6-0718,PSR,J1024.5-0719,PSR,J1024.5-0719,PSR,J1024.5-0719,MSP,J1024.5-0719,MSP
813,J1025.1+2333,bll,J1024.8+2332,bll,J1024.8+2332,bll,J1024.8+2332,bll,J1024.8+2332,bll
814,J1026.4-8542,bll,J1027.0-8542,bll,J1027.0-8542,bll,J1027.0-8542,bll,J1027.0-8542,bll
815,J1026.5+7423,bcu,J1027.2+7427,bcu,J1027.2+7427,bcu,J1027.2+7427,bcu,J1027.2+7427,bcu
816,J1026.9-1750,bll,J1026.9-1749,bll,J1026.9-1749,bll,J1026.9-1749,bll,J1026.9-1749,bll
817,J1027.0+0609,bll,J1026.9+0608,bll,J1026.9+0608,bll,J1026.9+0608,bll,J1026.9+0608,bll
818,J1027.7+6316,bll,J1027.6+6317,bll,J1027.6+6317,bll,J1027.6+6317,bll,J1027.6+6317,bll
819,J1028.0+1829,bcu,J1027.6+1828,bcu,J1027.6+1828,bcu,J1027.6+1828,bcu,J1027.6+1828,bcu
820,J1028.4-5819,PSR,J1028.5-5819,PSR,J1028.5-5819,PSR,J1028.5-5819,PSR,J1028.5-5819,PSR
821,J1028.5-0235,fsrq,J1028.4-0234,fsrq,J1028.4-0234,fsrq,J1028.4-0234,fsrq,J1028.4-0234,fsrq
822,J1030.4-2030,bcu,J1030.6-2028,bcu,J1030.6-2028,bll,J1030.6-2028,bll,J1030.6-2028,bll
823,J1031.0+7440,bcu,J1031.1+7442,bll,J1031.1+7442,bll,J1031.1+7442,bll,J1031.1+7442,bll
824,J1031.2+5053,bll,J1031.3+5053,bll,J1031.3+5053,bll,J1031.3+5053,bll,J1031.3+5053,bll
825,J1031.6+6021,fsrq,J1031.6+6019,fsrq,J1031.6+6019,fsrq,J1031.6+6019,fsrq,J1031.6+6019,fsrq
826,J1032.5+6623,bll,J1032.7+6624,bll,J1032.7+6624,bll,J1032.7+6624,bll,J1032.7+6624,bll
827,J1032.7+3735,bll,J1032.6+3737,bll,J1032.6+3737,bll,J1032.6+3737,bll,J1032.6+3737,bll
828,J1033.2+4116,fsrq,J1033.1+4115,fsrq,J1033.1+4115,fsrq,J1033.1+4115,fsrq,J1033.1+4115,fsrq
829,J1033.8+6051,FSRQ,J1033.9+6050,FSRQ,J1033.9+6050,FSRQ,J1033.9+6050,FSRQ,J1033.9+6050,FSRQ
830,J1035.2+5545,bcu,J1035.3+5541,bcu,J1035.3+5541,bcu,J1035.3+5541,bcu,J1035.3+5541,bcu
831,J1036.0-8317,psr,J1036.5-8318,PSR,J1036.5-8318,PSR,J1036.5-8318,MSP,J1036.5-8318,MSP
832,J1037.0-2934,fsrq,J1037.4-2933,fsrq,J1037.4-2933,fsrq,J1037.4-2933,fsrq,J1037.4-2933,fsrq
833,J1037.5-2821,fsrq,J1037.7-2822,fsrq,J1037.7-2822,fsrq,J1037.7-2822,fsrq,J1037.7-2822,fsrq
834,J1037.5+5711,bll,J1037.7+5711,bll,J1037.7+5711,bll,J1037.7+5711,bll,J1037.7+5711,bll
835,J1038.9-5311,bcu,J1038.8-5312,fsrq,J1038.8-5312,fsrq,J1038.8-5312,fsrq,J1038.8-5312,fsrq
836,J1040.4+0615,bcu,J1040.5+0617,bll,J1040.5+0617,bll,J1040.5+0617,bll,J1040.5+0617,bll
837,J1040.8+1342,bcu,J1041.0+1342,bll,J1041.0+1342,bll,J1041.0+1342,bll,J1041.0+1342,bll
838,J1040.9-1205,bcu,J1041.1-1201,bcu,J1041.1-1201,bcu,J1041.1-1201,bcu,J1041.1-1201,bcu
839,J1041.8+3901,bll,J1041.7+3902,bll,J1041.7+3902,bll,J1041.7+3902,bll,J1041.7+3902,bll
840,J1042.0-0557,bcu,J1041.9-0557,bll,J1041.9-0557,bll,J1041.9-0557,bll,J1041.9-0557,bll
841,J1042.1-4126,bcu,J1042.1-4128,bcu,J1042.1-4128,bll,J1042.1-4128,bll,J1042.1-4128,bll
842,J1043.1+2407,fsrq,J1043.2+2408,fsrq,J1043.2+2408,fsrq,J1043.2+2408,fsrq,J1043.2+2408,fsrq
843,J1044.4+8058,fsrq,J1044.6+8053,fsrq,J1044.6+8053,fsrq,J1044.6+8053,fsrq,J1044.6+8053,fsrq
844,J1044.5-5737,PSR,J1044.4-5737,PSR,J1044.4-5737,PSR,J1044.4-5737,PSR,J1044.4-5737,PSR
845,J1045.1-5941,BIN,J1045.1-5940,BIN,J1045.1-5940,BIN,J1045.1-5940,BIN,J1045.1-5940,BIN
846,J1045.7-2926,fsrq,J1045.8-2928,fsrq,J1045.8-2928,fsrq,J1045.8-2928,fsrq,J1045.8-2928,fsrq
847,J1046.9-2531,bll,J1046.8-2534,bll,J1046.8-2534,bll,J1046.8-2534,bll,J1046.8-2534,bll
848,J1047.6+7240,bll,J1047.7+7238,bll,J1047.7+7238,bll,J1047.7+7238,bll,J1047.7+7238,bll
849,J1047.8-6216,bcu,J1047.8-6216,bcu,J1047.8-6216,bcu,J1047.8-6216,bcu,J1047.8-6216,bcu
850,J1048.2-5832,PSR,J1048.2-5832,PSR,J1048.2-5832,PSR,J1048.2-5832,PSR,J1048.2-5832,PSR
851,J1048.4+7144,FSRQ,J1048.4+7143,FSRQ,J1048.4+7143,FSRQ,J1048.4+7143,FSRQ,J1048.4+7143,FSRQ
852,J1048.6+2338,bll,J1048.6+2340,PSR,J1048.6+2340,PSR,J1048.6+2340,MSP,J1048.6+2340,MSP
853,J1049.8+1425,bcu,J1049.8+1429,bcu,J1049.8+1429,bcu,J1049.8+1429,bcu,J1049.8+1429,bcu
854,J1051.4+3941,bll,J1051.4+3942,bll,J1051.4+3942,bll,J1051.4+3942,bll,J1051.4+3942,bll
855,J1051.5-6517,bcu,J1051.2-6517,bcu,J1051.2-6517,bcu,J1051.2-6517,bcu,J1051.2-6517,bcu
856,J1051.8+0105,bll,J1051.9+0103,bll,J1051.9+0103,bll,J1051.9+0103,bll,J1051.9+0103,bll
857,J1052.8-3741,bcu,J1052.9-3743,bll,J1052.9-3743,bll,J1052.9-3743,bll,J1052.9-3743,bll
858,J1053.7+4929,bll,J1053.7+4930,bll,J1053.7+4930,bll,J1053.7+4930,bll,J1053.7+4930,bll
859,J1054.5+2210,bll,J1054.5+2211,bll,J1054.5+2211,bll,J1054.5+2211,bll,J1054.5+2211,bll
860,J1055.8-6025,PSR,J1055.7-6028,PSR,J1055.7-6028,PSR,J1055.7-6028,PSR,J1055.7-6028,PSR
861,J1057.3-2341,fsrq,J1057.3-2341,fsrq,J1057.3-2341,fsrq,J1057.3-2341,fsrq,J1057.3-2341,fsrq
862,J1057.6-2754,bll,J1057.8-2754,bll,J1057.8-2754,bll,J1057.8-2754,bll,J1057.8-2754,bll
863,J1057.9-5227,PSR,J1057.9-5227,PSR,J1057.9-5227,PSR,J1057.9-5227,PSR,J1057.9-5227,PSR
864,J1058.1+7010,fsrq,J1056.8+7012,fsrq,J1056.8+7012,fsrq,J1056.8+7012,fsrq,J1056.8+7012,fsrq
865,J1058.4+8112,fsrq,J1058.5+8115,fsrq,J1058.5+8115,fsrq,J1058.5+8115,fsrq,J1058.5+8115,fsrq
866,J1058.5+0133,BLL,J1058.4+0133,BLL,J1058.4+0133,BLL,J1058.4+0133,BLL,J1058.4+0133,BLL
867,J1058.5-8003,bll,J1058.6-8003,bll,J1058.6-8003,bll,J1058.6-8003,bll,J1058.6-8003,bll
868,J1058.6+5627,BLL,J1058.6+5627,BLL,J1058.6+5627,BLL,J1058.6+5627,BLL,J1058.6+5627,BLL
869,J1059.2-1133,bll,J1059.2-1134,bll,J1059.2-1134,bll,J1059.2-1134,bll,J1059.2-1134,bll
870,J1059.9+2056,fsrq,J1059.5+2057,fsrq,J1059.5+2057,fsrq,J1059.5+2057,fsrq,J1059.5+2057,fsrq
871,J1100.5+4020,bll,J1100.3+4020,bll,J1100.3+4020,bll,J1100.3+4020,bll,J1100.3+4020,bll
872,J1101.5+4106,bll,J1101.4+4108,bll,J1101.4+4108,bll,J1101.4+4108,bll,J1101.4+4108,bll
873,J1101.9-6053,spp,J1102.0-6054,spp,J1102.0-6054,bcu,J1102.0-6054,bcu,J1102.0-6054,bcu
874,J1103.1+1155,fsrq,J1103.0+1157,fsrq,J1103.0+1157,fsrq,J1103.0+1157,fsrq,J1103.0+1157,fsrq
875,J1103.5-2329,bll,J1103.6-2329,bll,J1103.6-2329,bll,J1103.6-2329,bll,J1103.6-2329,bll
876,J1103.9-5357,bll,J1103.9-5357,bll,J1103.9-5357,bll,J1103.9-5357,bll,J1103.9-5357,bll
877,J1104.3+0730,bll,J1104.4+0730,bll,J1104.4+0730,bll,J1104.4+0730,bll,J1104.4+0730,bll
878,J1104.4+3812,BLL,J1104.4+3812,BLL,J1104.4+3812,BLL,J1104.4+3812,BLL,J1104.4+3812,BLL
879,J1105.2-6113,PSR,J1105.4-6108,PSR,J1105.4-6108,PSR,J1105.4-6108,PSR,J1105.4-6108,PSR
880,J1105.9+2814,fsrq,J1106.0+2813,fsrq,J1106.0+2813,fsrq,J1106.0+2813,fsrq,J1106.0+2813,fsrq
881,J1106.4-3643,bcu,J1106.5-3646,bll,J1106.5-3646,bll,J1106.5-3646,bll,J1106.5-3646,bll
882,J1107.4-4447,fsrq,J1107.0-4449,fsrq,J1107.0-4449,fsrq,J1107.0-4449,fsrq,J1107.0-4449,fsrq
883,J1107.5+0223,bll,J1107.6+0222,bll,J1107.6+0222,bll,J1107.6+0222,bll,J1107.6+0222,bll
884,J1107.8+1502,bll,J1107.8+1501,bll,J1107.8+1501,bll,J1107.8+1501,bll,J1107.8+1501,bll
885,J1109.4+2411,bll,J1109.3+2411,bll,J1109.3+2411,bll,J1109.3+2411,bll,J1109.3+2411,bll
886,J1109.4-4815,bcu,J1109.7-4814,bcu,J1109.7-4814,bcu,J1109.7-4814,bcu,J1109.7-4814,bcu
887,J1109.6+3734,bll,J1109.6+3735,bll,J1109.6+3735,bll,J1109.6+3735,bll,J1109.6+3735,bll
888,J1110.0+7134,bll,J1110.2+7135,bll,J1110.2+7135,bll,J1110.2+7135,bll,J1110.2+7135,bll
889,J1110.4-1835,bll,J1110.5-1836,bll,J1110.5-1836,bll,J1110.5-1836,bll,J1110.5-1836,bll
890,J1111.9-6038,spp,J1111.8-6039,PSR,J1111.8-6039,PSR,J1111.8-6039,PSR,J1111.8-6039,PSR
891,J1112.4+3449,fsrq,J1112.5+3448,fsrq,J1112.5+3448,fsrq,J1112.5+3448,fsrq,J1112.5+3448,fsrq
892,J1112.6+1749,bll,J1112.4+1751,bll,J1112.4+1751,bll,J1112.4+1751,bll,J1112.4+1751,bll
893,J1117.0+2014,bll,J1117.0+2013,bll,J1117.0+2013,bll,J1117.0+2013,bll,J1117.0+2013,bll
894,J1117.3+2546,bll,J1117.6+2550,bll,J1117.6+2550,bll,J1117.6+2550,bll,J1117.6+2550,bll
895,J1117.7-4632,fsrq,J1118.2-4634,fsrq,J1118.2-4634,fsrq,J1118.2-4634,fsrq,J1118.2-4634,fsrq
896,J1117.9+5355,bll,J1118.0+5356,bll,J1118.0+5356,bll,J1118.0+5356,bll,J1118.0+5356,bll
897,J1118.2-0411,agn,J1118.2-0415,agn,J1118.2-0415,agn,J1118.2-0415,agn,J1118.2-0415,agn
898,J1119.1-6127,PSR,J1119.1-6127,PSR,J1119.1-6127,PSR,J1119.1-6127,PSR,J1119.0-6127e,SPP
899,J1119.1-6127,PSR,J1119.1-6127,PSR,J1119.1-6127,PSR,J1119.1-6127,PSR,J1119.1-6127,PSR
900,J1119.7-3046,bll,J1119.6-3047,bll,J1119.6-3047,bll,J1119.6-3047,bll,J1119.6-3047,bll
901,J1120.8+4212,bll,J1120.8+4212,bll,J1120.8+4212,bll,J1120.8+4212,bll,J1120.8+4212,bll
902,J1121.4-0554,fsrq,J1121.4-0553,fsrq,J1121.4-0553,fsrq,J1121.4-0553,fsrq,J1121.4-0553,fsrq
903,J1123.6+7231,bll,J1123.8+7230,bll,J1123.8+7230,bll,J1123.8+7230,bll,J1123.8+7230,bll
904,J1123.9-3653,PSR,J1124.0-3653,PSR,J1124.0-3653,PSR,J1124.0-3653,MSP,J1124.0-3653,MSP
905,J1124.1+2337,fsrq,J1124.0+2336,fsrq,J1124.0+2336,fsrq,J1124.0+2336,fsrq,J1124.0+2336,fsrq
906,J1124.5-5915,PSR,J1124.7-5915,PSR,J1124.7-5915,PSR,J1124.7-5915,PSR,J1124.7-5915,PSR
907,J1124.9+4932,bll,J1124.9+4934,bll,J1124.9+4934,bll,J1124.9+4934,bll,J1124.9+4934,bll
908,J1125.0-2101,bcu,J1125.1-2101,bll,J1125.1-2101,bll,J1125.1-2101,bll,J1125.1-2101,bll
909,J1125.3-5824,PSR,J1125.6-5825,PSR,J1125.6-5825,PSR,J1125.6-5825,MSP,J1125.6-5825,MSP
910,J1125.5-3558,bll,J1125.5-3557,bll,J1125.5-3557,bll,J1125.5-3557,bll,J1125.5-3557,bll
911,J1125.6-6012,psr,J1126.4-6011,PSR,J1126.4-6011,PSR,J1126.4-6011,MSP,J1126.4-6011,MSP
912,J1125.8-0745,bll,J1125.9-0742,bll,J1125.9-0742,bll,J1125.9-0742,bll,J1125.9-0742,bll
913,J1125.9+2007,fsrq,J1125.9+2005,fsrq,J1125.9+2005,fsrq,J1125.9+2005,fsrq,J1125.9+2005,fsrq
914,J1126.7-3834,bcu,J1126.8-3829,bcu,J1126.8-3829,bcu,J1126.8-3829,bcu,J1126.8-3829,bcu
915,J1127.0-1857,fsrq,J1127.0-1857,fsrq,J1127.0-1857,fsrq,J1127.0-1857,fsrq,J1127.0-1857,fsrq
916,J1127.8+3618,fsrq,J1127.8+3618,fsrq,J1127.8+3618,fsrq,J1127.8+3618,fsrq,J1127.8+3618,fsrq
917,J1128.0+5921,fsrq,J1128.0+5924,fsrq,J1128.0+5924,fsrq,J1128.0+5924,fsrq,J1128.0+5924,fsrq
918,J1129.0+3705,bll,J1129.1+3703,bll,J1129.1+3703,bll,J1129.1+3703,bll,J1129.1+3703,bll
919,J1129.4-4215,bcu,J1129.8-4217,bll,J1129.8-4217,bll,J1129.8-4217,bll,J1129.8-4217,bll
920,J1129.9-1446,fsrq,J1129.8-1447,fsrq,J1129.8-1447,fsrq,J1129.8-1447,fsrq,J1129.8-1447,fsrq
921,J1131.1+5810,bll,J1131.4+5809,bll,J1131.4+5809,bll,J1131.4+5809,bll,J1131.4+5809,bll
922,J1131.4+3819,fsrq,J1131.0+3815,fsrq,J1131.0+3815,fsrq,J1131.0+3815,fsrq,J1131.0+3815,fsrq
923,J1131.9-0503,bcu,J1131.4-0504,bcu,J1131.4-0504,bcu,J1131.4-0504,bcu,J1131.4-0504,bcu
924,J1132.7+0034,bll,J1132.7+0034,bll,J1132.7+0034,bll,J1132.7+0034,bll,J1132.7+0034,bll
925,J1132.8+1015,fsrq,J1130.8+1016,bll,J1130.8+1016,bll,J1130.8+1016,bll,J1130.8+1016,bll
926,J1135.2-6054,PSR,J1135.2-6055,PSR,J1135.2-6055,PSR,J1135.2-6055,PSR,J1135.2-6055,PSR
927,J1136.1-7411,bcu,J1136.8-7413,bcu,J1136.8-7413,bcu,J1136.8-7413,bcu,J1136.8-7413,bcu
928,J1136.1+7523,PSR,J1137.6+7527,PSR,J1137.6+7527,PSR,J1137.6+7527,MSP,J1137.6+7527,MSP
929,J1136.4+3405,fsrq,J1136.2+3407,fsrq,J1136.2+3407,fsrq,J1136.2+3407,fsrq,J1136.2+3407,fsrq
930,J1136.6+7009,bll,J1136.4+7009,bll,J1136.4+7009,bll,J1136.4+7009,bll,J1136.4+7009,bll
931,J1136.6+6736,bll,J1136.4+6736,bll,J1136.4+6736,bll,J1136.4+6736,bll,J1136.4+6736,bll
932,J1136.6-6826,bcu,J1136.0-6824,bcu,J1136.0-6824,bcu,J1136.0-6824,bcu,J1136.0-6824,bcu
933,J1136.9+2551,bll,J1136.8+2550,bll,J1136.8+2550,bll,J1136.8+2550,bll,J1136.8+2550,bll
934,J1138.2+4905,bcu,J1138.4+4857,fsrq,J1138.4+4857,fsrq,J1138.4+4857,fsrq,J1138.4+4857,fsrq
935,J1140.4+1529,bll,J1140.5+1528,bll,J1140.5+1528,bll,J1140.5+1528,bll,J1140.5+1528,bll
936,J1141.2+6805,bcu,J1141.4+6805,bcu,J1141.4+6805,bcu,J1141.4+6805,bcu,J1141.4+6805,bcu
937,J1141.6-1406,bcu,J1141.5-1408,bll,J1141.5-1408,bll,J1141.5-1408,bll,J1141.5-1408,bll
938,J1142.0+1546,bll,J1142.0+1548,bll,J1142.0+1548,bll,J1142.0+1548,bll,J1142.0+1548,bll
939,J1142.9+0120,PSR,J1142.8+0120,PSR,J1142.8+0120,PSR,J1142.8+0120,MSP,J1142.8+0120,MSP
940,J1143.0+6123,bll,J1143.1+6122,bll,J1143.1+6122,bll,J1143.1+6122,bll,J1143.1+6122,bll
941,J1145.1+1935,rdg,J1144.9+1937,rdg,J1144.9+1937,rdg,J1144.9+1937,rdg,J1144.9+1937,rdg
942,J1145.8+4425,fsrq,J1145.5+4423,fsrq,J1145.5+4423,fsrq,J1145.5+4423,fsrq,J1145.5+4423,fsrq
943,J1146.8+3958,fsrq,J1146.9+3958,fsrq,J1146.9+3958,fsrq,J1146.9+3958,fsrq,J1146.9+3958,fsrq
944,J1147.0-3811,fsrq,J1147.0-3812,bll,J1147.0-3812,bll,J1147.0-3812,bll,J1147.0-3812,bll
945,J1147.8-0725,fsrq,J1147.8-0724,fsrq,J1147.8-0724,fsrq,J1147.8-0724,fsrq,J1147.8-0724,fsrq
946,J1149.5+2443,bll,J1149.4+2441,bll,J1149.4+2441,bll,J1149.4+2441,bll,J1149.4+2441,bll
947,J1150.3+2417,bll,J1150.4+2418,bll,J1150.4+2418,bll,J1150.4+2418,bll,J1150.4+2418,bll
948,J1150.5+4155,bll,J1150.6+4154,bll,J1150.6+4154,bll,J1150.6+4154,bll,J1150.6+4154,bll
949,J1151.4-1346,bll,J1151.5-1347,bll,J1151.5-1347,bll,J1151.5-1347,bll,J1151.5-1347,bll
950,J1151.4+5858,bll,J1151.5+5859,bll,J1151.5+5859,bll,J1151.5+5859,bll,J1151.5+5859,bll
951,J1152.3-0841,fsrq,J1152.3-0839,fsrq,J1152.3-0839,fsrq,J1152.3-0839,fsrq,J1152.3-0839,fsrq
952,J1153.4+4932,FSRQ,J1153.4+4931,FSRQ,J1153.4+4931,FSRQ,J1153.4+4931,FSRQ,J1153.4+4931,FSRQ
953,J1153.4+4033,fsrq,J1154.0+4037,fsrq,J1154.0+4037,fsrq,J1154.0+4037,fsrq,J1154.0+4037,fsrq
954,J1153.7-2555,bcu,J1153.6-2553,bcu,J1153.6-2553,bcu,J1153.6-2553,bcu,J1153.6-2553,bcu
955,J1154.0-3243,bcu,J1154.1-3243,bll,J1154.1-3243,bll,J1154.1-3243,bll,J1154.1-3243,bll
956,J1154.2-0010,bll,J1154.0-0010,bll,J1154.0-0010,bll,J1154.0-0010,bll,J1154.0-0010,bll
957,J1154.3+6023,fsrq,J1154.0+6018,fsrq,J1154.0+6018,fsrq,J1154.0+6018,fsrq,J1154.0+6018,fsrq
958,J1155.4-3417,bcu,J1155.5-3418,bcu,J1155.5-3418,bll,J1155.5-3418,bll,J1155.5-3418,bll
959,J1155.9+6136,bll,J1155.8+6137,bll,J1155.8+6137,bll,J1155.8+6137,bll,J1155.8+6137,bll
960,J1156.7-2250,bcu,J1156.6-2248,bcu,J1156.6-2248,bll,J1156.6-2248,bll,J1156.6-2248,bll
961,J1158.8+0941,bll,J1159.0+0939,bll,J1159.0+0939,bll,J1159.0+0939,bll,J1159.0+0939,bll
962,J1158.9+0818,bcu,J1158.9+0818,bcu,J1158.9+0818,bcu,J1158.9+0818,bcu,J1158.9+0818,bcu
963,J1159.2-2141,fsrq,J1159.3-2142,fsrq,J1159.3-2142,fsrq,J1159.3-2142,fsrq,J1159.3-2142,fsrq
964,J1159.3-2226,bcu,J1159.2-2227,bcu,J1159.2-2227,bcu,J1159.2-2227,bcu,J1159.2-2227,bcu
965,J1159.5+2914,fsrq,J1159.5+2914,fsrq,J1159.5+2914,fsrq,J1159.5+2914,fsrq,J1159.5+2914,fsrq
966,J1159.6-0723,bcu,J1159.5-0723,bll,J1159.5-0723,bll,J1159.5-0723,bll,J1159.5-0723,bll
967,J1200.8+1228,bcu,J1200.6+1229,bll,J1200.6+1229,bll,J1200.6+1229,bll,J1200.6+1229,bll
968,J1200.9+2010,bcu,J1200.7+2008,bcu,J1200.7+2008,bcu,J1200.7+2008,bcu,J1200.7+2008,bcu
969,J1203.1+6029,bll,J1203.1+6031,bll,J1203.1+6031,bll,J1203.1+6031,bll,J1203.1+6031,bll
970,J1203.2+3847,bll,J1202.5+3852,bll,J1202.5+3852,bll,J1202.5+3852,bll,J1202.5+3852,bll
971,J1203.5-3925,bcu,J1203.4-3925,bll,J1203.4-3925,bll,J1203.4-3925,bll,J1203.4-3925,bll
972,J1204.0+1144,bll,J1204.0+1146,bll,J1204.0+1146,bll,J1204.0+1146,bll,J1204.0+1146,bll
973,J1204.3-0708,bll,J1204.2-0709,bll,J1204.2-0709,bll,J1204.2-0709,bll,J1204.2-0709,bll
974,J1205.8-2636,fsrq,J1205.7-2635,fsrq,J1205.7-2635,fsrq,J1205.7-2635,fsrq,J1205.7-2635,fsrq
975,J1207.2-5052,psr,J1207.4-5050,PSR,J1207.4-5050,PSR,J1207.4-5050,MSP,J1207.4-5050,MSP
976,J1207.6-2232,bcu,J1207.7-2229,bll,J1207.7-2229,bll,J1207.7-2229,bll,J1207.7-2229,bll
977,J1208.2-7810c,bcu,J1208.2-7810,bcu,J1208.2-7810,bcu,J1208.2-7810,bcu,J1208.2-7810,bcu
978,J1208.7+5442,fsrq,J1208.9+5441,fsrq,J1208.9+5441,fsrq,J1208.9+5441,fsrq,J1208.9+5441,fsrq
979,J1209.4+4119,bll,J1209.4+4118,bll,J1209.4+4118,bll,J1209.4+4118,bll,J1209.4+4118,bll
980,J1209.8+1810,fsrq,J1209.8+1810,fsrq,J1209.8+1810,fsrq,J1209.8+1810,fsrq,J1209.8+1810,fsrq
981,J1212.6+5135,bll,J1213.0+5129,bll,J1213.0+5129,bll,J1213.0+5129,bll,J1213.0+5129,bll
982,J1213.1-2619,bll,J1213.3-2618,bll,J1213.3-2618,bll,J1213.3-2618,bll,J1213.3-2618,bll
983,J1213.7+1306,fsrq,J1213.6+1306,fsrq,J1213.6+1306,fsrq,J1213.6+1306,fsrq,J1213.6+1306,fsrq
984,J1215.0+5002,bll,J1215.1+5002,bll,J1215.1+5002,bll,J1215.1+5002,bll,J1215.1+5002,bll
985,J1215.1+1658,fsrq,J1215.0+1656,fsrq,J1215.0+1656,fsrq,J1215.0+1656,fsrq,J1215.0+1656,fsrq
986,J1217.8+3007,bll,J1217.9+3007,BLL,J1217.9+3007,BLL,J1217.9+3007,BLL,J1217.9+3007,BLL
987,J1218.0-0029,bll,J1218.0-0028,bll,J1218.0-0028,bll,J1218.0-0028,bll,J1218.0-0028,bll
988,J1218.4-0121,bll,J1218.5-0119,bll,J1218.5-0119,bll,J1218.5-0119,bll,J1218.5-0119,bll
989,J1218.8-4827,bcu,J1219.0-4827,bcu,J1219.0-4827,bll,J1219.0-4827,bll,J1219.0-4827,bll
990,J1219.7-0314,bll,J1219.7-0313,bll,J1219.7-0313,bll,J1219.7-0313,bll,J1219.7-0313,bll
991,J1220.2+3434,bll,J1220.1+3432,bll,J1220.1+3432,bll,J1220.1+3432,bll,J1220.1+3432,bll
992,J1220.2+7105,fsrq,J1220.1+7105,fsrq,J1220.1+7105,fsrq,J1220.1+7105,fsrq,J1220.1+7105,fsrq
993,J1221.3+3010,bll,J1221.3+3010,bll,J1221.3+3010,bll,J1221.3+3010,bll,J1221.3+3010,bll
994,J1221.4+2814,bll,J1221.5+2814,bll,J1221.5+2814,bll,J1221.5+2814,bll,J1221.5+2814,bll
995,J1222.4+0414,fsrq,J1222.5+0414,fsrq,J1222.5+0414,fsrq,J1222.5+0414,fsrq,J1222.5+0414,fsrq
996,J1222.7+8041,bll,J1223.8+8039,bll,J1223.8+8039,bll,J1223.8+8039,bll,J1223.8+8039,bll
997,J1223.3-3028,bcu,J1223.6-3032,bcu,J1223.6-3032,bll,J1223.6-3032,bll,J1223.6-3032,bll
998,J1224.5+4957,fsrq,J1223.9+5000,fsrq,J1223.9+5000,fsrq,J1223.9+5000,fsrq,J1223.9+5000,fsrq
999,J1224.5+2436,bll,J1224.4+2436,bll,J1224.4+2436,bll,J1224.4+2436,bll,J1224.4+2436,bll
1000,J1224.6+4332,bll,J1224.9+4334,bll,J1224.9+4334,bll,J1224.9+4334,bll,J1224.9+4334,bll
1001,J1224.6-8312,bcu,J1224.7-8313,bcu,J1224.7-8313,bcu,J1224.7-8313,bcu,J1224.7-8313,bcu
1002,J1224.9+2122,FSRQ,J1224.9+2122,FSRQ,J1224.9+2122,FSRQ,J1224.9+2122,FSRQ,J1224.9+2122,FSRQ
1003,J1225.7-7314,bcu,J1225.6-7313,bcu,J1225.6-7313,bcu,J1225.6-7313,bcu,J1225.6-7313,bcu
1004,J1226.8+0638,bll,J1226.7+0637,bll,J1226.7+0637,bll,J1226.7+0637,bll,J1226.7+0637,bll
1005,J1226.9-1329,bll,J1226.8-1329,bll,J1226.8-1329,bll,J1226.8-1329,bll,J1226.8-1329,bll
1006,J1227.9-4854,psr,J1228.0-4853,PSR,J1228.0-4853,PSR,J1228.0-4853,MSP,J1228.0-4853,MSP
1007,J1228.7+4857,fsrq,J1228.7+4858,fsrq,J1228.7+4858,fsrq,J1228.7+4858,fsrq,J1228.7+4858,fsrq
1008,J1229.1+0202,FSRQ,J1229.0+0202,FSRQ,J1229.0+0202,FSRQ,J1229.0+0202,FSRQ,J1229.0+0202,FSRQ
1009,J1229.8-5305,bcu,J1229.7-5304,bcu,J1229.7-5304,bll,J1229.7-5304,bll,J1229.7-5304,bll
1010,J1230.3+2519,bll,J1230.2+2517,bll,J1230.2+2517,bll,J1230.2+2517,bll,J1230.2+2517,bll
1011,J1230.9+1224,rdg,J1230.8+1223,rdg,J1230.8+1223,rdg,J1230.8+1223,rdg,J1230.8+1223,rdg
1012,J1231.2-1411,PSR,J1231.1-1412,PSR,J1231.1-1412,PSR,J1231.1-1412,MSP,J1231.1-1412,MSP
1013,J1231.5+6414,bll,J1231.6+6415,bll,J1231.6+6415,bll,J1231.6+6415,bll,J1231.6+6415,bll
1014,J1231.7+2847,bll,J1231.7+2847,bll,J1231.7+2847,bll,J1231.7+2847,bll,J1231.7+2847,bll
1015,J1231.8+1421,bll,J1231.5+1421,bll,J1231.5+1421,bll,J1231.5+1421,bll,J1231.5+1421,bll
1016,J1233.7-0145,bll,J1233.7-0144,bll,J1233.7-0144,bll,J1233.7-0144,bll,J1233.7-0144,bll
1017,J1233.9-5736,bcu,J1234.0-5735,bcu,J1234.0-5735,bcu,J1234.0-5735,bcu,J1234.0-5735,bcu
1018,J1236.6+3901,bll,J1236.3+3858,bll,J1236.3+3858,bll,J1236.3+3858,bll,J1236.3+3858,bll
1019,J1237.9+6258,bll,J1237.8+6256,bll,J1237.8+6256,bll,J1237.8+6256,bll,J1237.8+6256,bll
1020,J1238.2-1958,bcu,J1238.3-1959,bll,J1238.3-1959,bll,J1238.3-1959,bll,J1238.3-1959,bll
1021,J1238.3-4543,bcu,J1238.1-4541,bcu,J1238.1-4541,bll,J1238.1-4541,bll,J1238.1-4541,bll
1022,J1239.4+0727,bcu,J1239.4+0728,bcu,J1239.4+0728,bll,J1239.4+0728,bll,J1239.4+0728,bll
1023,J1239.5+0443,fsrq,J1239.5+0443,fsrq,J1239.5+0443,fsrq,J1239.5+0443,fsrq,J1239.5+0443,fsrq
1024,J1241.6-1456,bll,J1241.8-1456,bll,J1241.8-1456,bll,J1241.8-1456,bll,J1241.8-1456,bll
1025,J1241.9+0639,bll,J1241.9+0636,bll,J1241.9+0636,bll,J1241.9+0636,bll,J1241.9+0636,bll
1026,J1243.1+3627,bll,J1243.2+3627,bll,J1243.2+3627,bll,J1243.2+3627,bll,J1243.2+3627,bll
1027,J1243.9-0217,bcu,J1243.9-0218,bcu,J1243.9-0218,bcu,J1243.9-0218,bcu,J1243.9-0218,bcu
1028,J1244.1+1615,bll,J1244.5+1616,bll,J1244.5+1616,bll,J1244.5+1616,bll,J1244.5+1616,bll
1029,J1244.3-4955,bcu,J1244.2-4956,bcu,J1244.2-4956,bcu,J1244.2-4956,bcu,J1244.2-4956,bcu
1030,J1244.8+5707,bll,J1245.1+5709,bll,J1245.1+5709,bll,J1245.1+5709,bll,J1245.1+5709,bll
1031,J1246.7-2547,fsrq,J1246.7-2548,fsrq,J1246.7-2548,fsrq,J1246.7-2548,fsrq,J1246.7-2548,fsrq
1032,J1247.0+4421,bll,J1247.0+4421,bll,J1247.0+4421,bll,J1247.0+4421,bll,J1247.0+4421,bll
1033,J1248.0+5130,bll,J1248.7+5127,bll,J1248.7+5127,bll,J1248.7+5127,bll,J1248.7+5127,bll
1034,J1248.2+5820,bll,J1248.3+5820,bll,J1248.3+5820,bll,J1248.3+5820,bll,J1248.3+5820,bll
1035,J1249.7+3705,bll,J1249.8+3707,bll,J1249.8+3707,bll,J1249.8+3707,bll,J1249.8+3707,bll
1036,J1250.5+0217,bll,J1250.6+0217,bll,J1250.6+0217,bll,J1250.6+0217,bll,J1250.6+0217,bll
1037,J1251.0-0203,bcu,J1251.3-0201,bcu,J1251.3-0201,bcu,J1251.3-0201,bcu,J1251.3-0201,bcu
1038,J1251.3+1041,bll,J1251.2+1039,bll,J1251.2+1039,bll,J1251.2+1039,bll,J1251.2+1039,bll
1039,J1253.2+5300,bll,J1253.2+5301,bll,J1253.2+5301,bll,J1253.2+5301,bll,J1253.2+5301,bll
1040,J1253.7+0327,bll,J1253.8+0327,bll,J1253.8+0327,bll,J1253.8+0327,bll,J1253.8+0327,bll
1041,J1254.1-2203,bcu,J1254.2-2205,bcu,J1254.2-2205,bcu,J1254.2-2205,bcu,J1254.2-2205,bcu
1042,J1254.1+6240,bll,J1253.8+6242,bll,J1253.8+6242,bll,J1253.8+6242,bll,J1253.8+6242,bll
1043,J1254.5+2210,bll,J1254.5+2210,bll,J1254.5+2210,bll,J1254.5+2210,bll,J1254.5+2210,bll
1044,J1254.9-4423,bll,J1254.9-4426,bll,J1254.9-4426,bll,J1254.9-4426,bll,J1254.9-4426,bll
1045,J1256.1-0547,FSRQ,J1256.1-0547,FSRQ,J1256.1-0547,FSRQ,J1256.1-0547,FSRQ,J1256.1-0547,FSRQ
1046,J1256.1-5919,bcu,J1256.1-5919,bcu,J1256.1-5919,bcu,J1256.1-5919,bcu,J1256.1-5919,bcu
1047,J1256.3-1146,bcu,J1256.2-1146,bll,J1256.2-1146,bll,J1256.2-1146,bll,J1256.2-1146,bll
1048,J1258.0+6120,bll,J1258.3+6121,bll,J1258.3+6121,bll,J1258.3+6121,bll,J1258.3+6121,bll
1049,J1258.6-1800,fsrq,J1258.6-1759,fsrq,J1258.6-1759,fsrq,J1258.6-1759,fsrq,J1258.6-1759,fsrq
1050,J1258.7-2219,fsrq,J1258.8-2219,fsrq,J1258.8-2219,fsrq,J1258.8-2219,fsrq,J1258.8-2219,fsrq
1051,J1258.7+5137,bcu,J1258.7+5143,bcu,J1258.7+5143,bcu,J1258.7+5143,bcu,J1258.7+5143,bcu
1052,J1259.0-2310,bcu,J1259.1-2311,bll,J1259.1-2311,bll,J1259.1-2311,bll,J1259.1-2311,bll
1053,J1259.8-3749,bcu,J1259.8-3749,bll,J1259.8-3749,bll,J1259.8-3749,bll,J1259.8-3749,bll
1054,J1300.2+1416,fsrq,J1300.4+1416,fsrq,J1300.4+1416,fsrq,J1300.4+1416,fsrq,J1300.4+1416,fsrq
1055,J1301.6+0832,PSR,J1301.6+0834,PSR,J1301.6+0834,PSR,J1301.6+0834,MSP,J1301.6+0834,MSP
1056,J1302.3-3259,PSR,J1302.4-3258,PSR,J1302.4-3258,PSR,J1302.4-3258,MSP,J1302.4-3258,MSP
1057,J1302.6+5748,bcu,J1302.8+5748,bcu,J1302.8+5748,bll,J1302.8+5748,bll,J1302.8+5748,bll
1058,J1303.0-6312e,PWN,J1303.0-6312e,PWN,J1303.0-6312e,PWN,J1303.0-6312e,PWN,J1303.0-6312e,PWN
1059,J1303.0+2435,bll,J1303.0+2434,bll,J1303.0+2434,bll,J1303.0+2434,bll,J1303.0+2434,bll
1060,J1303.7-4619,fsrq,J1303.6-4622,fsrq,J1303.6-4622,fsrq,J1303.6-4622,fsrq,J1303.6-4622,fsrq
1061,J1304.2-2411,bcu,J1304.2-2412,bll,J1304.2-2412,bll,J1304.2-2412,bll,J1304.2-2412,bll
1062,J1304.3-5535,bcu,J1304.0-5539,bcu,J1304.0-5539,bcu,J1304.0-5539,bcu,J1304.0-5539,bcu
1063,J1304.3-4353,bll,J1304.3-4353,bll,J1304.3-4353,bll,J1304.3-4353,bll,J1304.3-4353,bll
1064,J1304.8-0338,fsrq,J1304.6-0348,fsrq,J1304.6-0348,fsrq,J1304.6-0348,fsrq,J1304.6-0348,fsrq
1065,J1304.9-2109,bcu,J1304.9-2107,bcu,J1304.9-2107,bcu,J1304.9-2107,bcu,J1304.9-2107,bcu
1066,J1305.4-4926,sbg,J1305.4-4928,sbg,J1305.4-4928,sbg,J1305.4-4928,sbg,J1305.4-4928,sbg
1067,J1305.5+7854,bll,J1305.6+7853,bll,J1305.6+7853,bll,J1305.6+7853,bll,J1305.6+7853,bll
1068,J1305.7-6241,snr,J1305.5-6241,snr,J1305.5-6241,snr,J1305.5-6241,snr,J1305.5-6241,snr
1069,J1306.8-2146,bcu,J1306.7-2148,rdg,J1306.7-2148,rdg,J1306.7-2148,rdg,J1306.7-2148,rdg
1070,J1307.6-4300,bcu,J1307.6-4259,bll,J1307.6-4259,bll,J1307.6-4259,bll,J1307.6-4259,bll
1071,J1308.1-6707,bcu,J1308.4-6706,bcu,J1308.4-6706,bcu,J1308.4-6706,bcu,J1308.4-6706,bcu
1072,J1308.7+3545,fsrq,J1308.5+3547,fsrq,J1308.5+3547,fsrq,J1308.5+3547,fsrq,J1308.5+3547,fsrq
1073,J1309.3+4304,bll,J1309.4+4305,bll,J1309.4+4305,bll,J1309.4+4305,bll,J1309.4+4305,bll
1074,J1309.5+1154,bll,J1309.7+1153,bll,J1309.7+1153,bll,J1309.7+1153,bll,J1309.7+1153,bll
1075,J1310.2-1159,bll,J1310.2-1158,bll,J1310.2-1158,bll,J1310.2-1158,bll,J1310.2-1158,bll
1076,J1310.6+2446,bcu,J1310.6+2449,bcu,J1310.6+2449,bll,J1310.6+2449,bll,J1310.6+2449,bll
1077,J1310.6+3222,fsrq,J1310.5+3221,fsrq,J1310.5+3221,fsrq,J1310.5+3221,fsrq,J1310.5+3221,fsrq
1078,J1310.7+5515,fsrq,J1310.9+5514,fsrq,J1310.9+5514,fsrq,J1310.9+5514,fsrq,J1310.9+5514,fsrq
1079,J1311.0+0036,bll,J1311.0+0034,bll,J1311.0+0034,bll,J1311.0+0034,bll,J1311.0+0034,bll
1080,J1311.8-3430,PSR,J1311.7-3430,PSR,J1311.7-3430,PSR,J1311.7-3430,MSP,J1311.7-3430,MSP
1081,J1312.5-2155,bll,J1312.4-2156,bll,J1312.4-2156,bll,J1312.4-2156,bll,J1312.4-2156,bll
1082,J1312.7+4828,agn,J1312.6+4828,bcu,J1312.6+4828,bcu,J1312.6+4828,bcu,J1312.6+4828,bcu
1083,J1312.7+0051,PSR,J1312.7+0050,PSR,J1312.7+0050,PSR,J1312.7+0050,MSP,J1312.7+0050,MSP
1084,J1312.7-2349,bcu,J1312.8-2350,bll,J1312.8-2350,bll,J1312.8-2350,bll,J1312.8-2350,bll
1085,J1312.8-0424,fsrq,J1312.8-0425,fsrq,J1312.8-0425,fsrq,J1312.8-0425,fsrq,J1312.8-0425,fsrq
1086,J1314.7-4237,bcu,J1315.0-4236,bll,J1315.0-4236,bll,J1315.0-4236,bll,J1315.0-4236,bll
1087,J1314.8+2349,bll,J1314.7+2348,bll,J1314.7+2348,bll,J1314.7+2348,bll,J1314.7+2348,bll
1088,J1315.1-5329,bcu,J1315.1-5333,bcu,J1315.1-5333,bll,J1315.1-5333,bll,J1315.1-5333,bll
1089,J1315.4+1130,bcu,J1315.5+1135,bll,J1315.5+1135,bll,J1315.5+1135,bll,J1315.5+1135,bll
1090,J1316.0-3338,fsrq,J1316.1-3338,fsrq,J1316.1-3338,fsrq,J1316.1-3338,fsrq,J1316.1-3338,fsrq
1091,J1317.8+3429,fsrq,J1317.6+3428,fsrq,J1317.6+3428,fsrq,J1317.6+3428,fsrq,J1317.6+3428,fsrq
1092,J1318.7-1232,bcu,J1318.7-1234,bcu,J1318.7-1234,bcu,J1318.7-1234,bcu,J1318.7-1234,bcu
1093,J1319.3+1402,bll,J1319.5+1404,bll,J1319.5+1404,bll,J1319.5+1404,bll,J1319.5+1404,bll
1094,J1319.6+7759,bcu,J1319.8+7759,bll,J1319.8+7759,bll,J1319.8+7759,bll,J1319.8+7759,bll
1095,J1321.0+2215,fsrq,J1321.1+2216,fsrq,J1321.1+2216,fsrq,J1321.1+2216,fsrq,J1321.1+2216,fsrq
1096,J1321.7+8312,fsrq,J1322.0+8317,fsrq,J1322.0+8317,fsrq,J1322.0+8317,fsrq,J1322.0+8317,fsrq
1097,J1322.3+0839,bcu,J1322.2+0842,fsrq,J1322.2+0842,fsrq,J1322.2+0842,fsrq,J1322.2+0842,fsrq
1098,J1322.6-1619,bcu,J1322.6-1617,bcu,J1322.6-1617,bcu,J1322.6-1617,bcu,J1322.6-1617,bcu
1099,J1322.8-0938,fsrq,J1322.6-0936,fsrq,J1322.6-0936,fsrq,J1322.6-0936,fsrq,J1322.6-0936,fsrq
1100,J1322.9+0435,bll,J1322.9+0437,bll,J1322.9+0437,bll,J1322.9+0437,bll,J1322.9+0437,bll
1101,J1323.0+2942,bcu,J1323.0+2941,bcu,J1323.0+2941,bcu,J1323.0+2941,bcu,J1323.0+2941,bcu
1102,J1323.9+1405,bll,J1323.9+1405,bll,J1323.9+1405,bll,J1323.9+1405,bll,J1323.9+1405,bll
1103,J1324.0-4330e,RDG,J1324.0-4330e,RDG,J1324.0-4330e,RDG,J1324.0-4330e,RDG,J1324.0-4330e,RDG
1104,J1325.4-4301,RDG,J1325.5-4300,RDG,J1325.5-4300,RDG,J1325.5-4300,RDG,J1325.5-4300,RDG
1105,J1326.6-5256,bll,J1326.8-5256,bll,J1326.8-5256,bll,J1326.8-5256,bll,J1326.8-5256,bll
1106,J1326.7-4727,glc,J1326.6-4729,glc,J1326.6-4729,glc,J1326.6-4729,glc,J1326.6-4729,glc
1107,J1326.8+2211,fsrq,J1326.9+2210,fsrq,J1326.9+2210,fsrq,J1326.9+2210,fsrq,J1326.9+2210,fsrq
1108,J1327.9+2524,bll,J1327.8+2522,bll,J1327.8+2522,bll,J1327.8+2522,bll,J1327.8+2522,bll
1109,J1328.5-4728,bcu,J1328.5-4727,bll,J1328.5-4727,bll,J1328.5-4727,bll,J1328.5-4727,bll
1110,J1328.9-5607,bcu,J1329.0-5607,bcu,J1329.0-5607,bll,J1329.0-5607,bll,J1329.0-5607,bll
1111,J1330.0+4437,bll,J1330.3+4441,bll,J1330.3+4441,bll,J1330.3+4441,bll,J1330.3+4441,bll
1112,J1330.1-7002,bcu,J1330.2-7003,bcu,J1330.2-7003,bcu,J1330.2-7003,bcu,J1330.2-7003,bcu
1113,J1330.5+3023,css,J1331.0+3032,css,J1331.0+3032,css,J1331.0+3032,css,J1331.0+3032,css
1114,J1330.6+7002,bll,J1330.2+7002,bll,J1330.2+7002,bll,J1330.2+7002,bll,J1330.2+7002,bll
1115,J1330.9+5201,bcu,J1330.7+5200,bcu,J1330.7+5200,bcu,J1330.7+5200,bcu,J1330.7+5200,bcu
1116,J1331.1-1328,bcu,J1331.2-1325,bll,J1331.2-1325,bll,J1331.2-1325,bll,J1331.2-1325,bll
1117,J1331.5+1711,bll,J1331.6+1711,bll,J1331.6+1711,bll,J1331.6+1711,bll,J1331.6+1711,bll
1118,J1331.8+4718,fsrq,J1332.2+4722,fsrq,J1332.2+4722,fsrq,J1332.2+4722,fsrq,J1332.2+4722,fsrq
1119,J1332.0-0508,fsrq,J1332.0-0509,fsrq,J1332.0-0509,fsrq,J1332.0-0509,fsrq,J1332.0-0509,fsrq
1120,J1332.6-1256,fsrq,J1332.6-1256,fsrq,J1332.6-1256,fsrq,J1332.6-1256,fsrq,J1332.6-1256,fsrq
1121,J1332.8+2723,fsrq,J1333.2+2725,fsrq,J1333.2+2725,fsrq,J1333.2+2725,fsrq,J1333.2+2725,fsrq
1122,J1333.7+5057,fsrq,J1333.7+5056,fsrq,J1333.7+5056,fsrq,J1333.7+5056,fsrq,J1333.7+5056,fsrq
1123,J1335.4-2949,bll,J1335.3-2949,bll,J1335.3-2949,bll,J1335.3-2949,bll,J1335.3-2949,bll
1124,J1337.6-1257,fsrq,J1337.6-1257,fsrq,J1337.6-1257,fsrq,J1337.6-1257,fsrq,J1337.6-1257,fsrq
1125,J1338.6-2403,bcu,J1339.0-2400,bcu,J1339.0-2400,bcu,J1339.0-2400,bcu,J1339.0-2400,bcu
1126,J1338.9+6532,fsrq,J1338.0+6534,fsrq,J1338.0+6534,fsrq,J1338.0+6534,fsrq,J1338.0+6534,fsrq
1127,J1339.0+1153,bll,J1338.9+1153,bll,J1338.9+1153,bll,J1338.9+1153,bll,J1338.9+1153,bll
1128,J1339.8-0133,fsrq,J1339.9-0138,fsrq,J1339.9-0138,fsrq,J1339.9-0138,fsrq,J1339.9-0138,fsrq
1129,J1340.6+4412,bll,J1340.5+4409,bll,J1340.5+4409,bll,J1340.5+4409,bll,J1340.5+4409,bll
1130,J1340.6-0408,bcu,J1340.8-0409,bll,J1340.8-0409,bll,J1340.8-0409,bll,J1340.8-0409,bll
1131,J1341.0+3955,bll,J1341.2+3958,bll,J1341.2+3958,bll,J1341.2+3958,bll,J1341.2+3958,bll
1132,J1341.5+5517,bll,J1341.6+5515,bll,J1341.6+5515,bll,J1341.6+5515,bll,J1341.6+5515,bll
1133,J1341.9-2053,fsrq,J1341.8-2053,fsrq,J1341.8-2053,fsrq,J1341.8-2053,fsrq,J1341.8-2053,fsrq
1134,J1342.7+0945,bcu,J1342.6+0944,fsrq,J1342.6+0944,fsrq,J1342.6+0944,fsrq,J1342.6+0944,fsrq
1135,J1343.6+5753,fsrq,J1343.6+5755,fsrq,J1343.6+5755,fsrq,J1343.6+5755,fsrq,J1343.6+5755,fsrq
1136,J1344.2-1724,fsrq,J1344.2-1723,fsrq,J1344.2-1723,fsrq,J1344.2-1723,fsrq,J1344.2-1723,fsrq
1137,J1344.5-3655,bcu,J1344.4-3656,bcu,J1344.4-3656,bcu,J1344.4-3656,bcu,J1344.4-3656,bcu
1138,J1345.1-6224,spp,J1344.9-6228,spp,J1344.9-6228,spp,J1344.9-6228,spp,J1344.9-6228,spp
1139,J1345.6+4453,fsrq,J1345.5+4453,fsrq,J1345.5+4453,fsrq,J1345.5+4453,fsrq,J1345.5+4453,fsrq
1140,J1345.8+0704,fsrq,J1345.8+0706,fsrq,J1345.8+0706,fsrq,J1345.8+0706,fsrq,J1345.8+0706,fsrq
1141,J1345.9-3357,bcu,J1345.6-3356,bll,J1345.6-3356,bll,J1345.6-3356,bll,J1345.6-3356,bll
1142,J1346.6-6027,rdg,J1346.3-6026,rdg,J1346.3-6026,rdg,J1346.3-6026,rdg,J1346.3-6026,rdg
1143,J1346.9-2958,bcu,J1347.1-2959,bll,J1347.1-2959,bll,J1347.1-2959,bll,J1347.1-2959,bll
1144,J1347.6-3754,fsrq,J1347.6-3751,fsrq,J1347.6-3751,fsrq,J1347.6-3751,fsrq,J1347.6-3751,fsrq
1145,J1349.6-1133,fsrq,J1349.5-1131,fsrq,J1349.5-1131,fsrq,J1349.5-1131,fsrq,J1349.5-1131,fsrq
1146,J1350.8+3035,fsrq,J1350.8+3033,fsrq,J1350.8+3033,fsrq,J1350.8+3033,fsrq,J1350.8+3033,fsrq
1147,J1351.1+0030,fsrq,J1351.0+0029,fsrq,J1351.0+0029,fsrq,J1351.0+0029,fsrq,J1351.0+0029,fsrq
1148,J1351.4+1115,bll,J1351.3+1115,bll,J1351.3+1115,bll,J1351.3+1115,bll,J1351.3+1115,bll
1149,J1351.7-2913,bcu,J1351.7-2912,bcu,J1351.7-2912,bcu,J1351.7-2912,bcu,J1351.7-2912,bcu
1150,J1353.1-4414,bll,J1353.0-4413,bll,J1353.0-4413,bll,J1353.0-4413,bll,J1353.0-4413,bll
1151,J1353.2+1435,bll,J1353.3+1434,bll,J1353.3+1434,bll,J1353.3+1434,bll,J1353.3+1434,bll
1152,J1353.5-6640,bll,J1353.6-6640,bll,J1353.6-6640,bll,J1353.6-6640,bll,J1353.6-6640,bll
1153,J1354.5+3705,bll,J1354.4+3707,bll,J1354.4+3707,bll,J1354.4+3707,bll,J1354.4+3707,bll
1154,J1355.0-1044,fsrq,J1354.8-1041,fsrq,J1354.8-1041,fsrq,J1354.8-1041,fsrq,J1354.8-1041,fsrq
1155,J1356.6-6428,PSR,J1355.2-6420e,PWN,J1355.2-6420e,PWN,J1355.2-6420e,PWN,J1356.9-6432,PSR
1156,J1356.6-6428,PSR,J1355.2-6420e,PWN,J1355.2-6420e,PWN,J1356.9-6432,PSR,J1356.9-6432,PSR
1157,J1356.6-6428,PSR,J1355.2-6420e,PWN,J1356.9-6432,PSR,J1355.2-6420e,PWN,J1356.9-6432,PSR
1158,J1356.6-6428,PSR,J1355.2-6420e,PWN,J1356.9-6432,PSR,J1356.9-6432,PSR,J1356.9-6432,PSR
1159,J1356.6-6428,PSR,J1356.9-6432,PSR,J1355.2-6420e,PWN,J1355.2-6420e,PWN,J1356.9-6432,PSR
1160,J1356.6-6428,PSR,J1356.9-6432,PSR,J1355.2-6420e,PWN,J1356.9-6432,PSR,J1356.9-6432,PSR
1161,J1356.6-6428,PSR,J1356.9-6432,PSR,J1356.9-6432,PSR,J1355.2-6420e,PWN,J1356.9-6432,PSR
1162,J1356.6-6428,PSR,J1356.9-6432,PSR,J1356.9-6432,PSR,J1356.9-6432,PSR,J1356.9-6432,PSR
1163,J1357.5+0125,bll,J1357.5+0127,bll,J1357.5+0127,bll,J1357.5+0127,bll,J1357.5+0127,bll
1164,J1357.6+7643,fsrq,J1358.1+7642,fsrq,J1358.1+7642,fsrq,J1358.1+7642,fsrq,J1358.1+7642,fsrq
1165,J1359.0+5544,fsrq,J1359.1+5544,fsrq,J1359.1+5544,fsrq,J1359.1+5544,fsrq,J1359.1+5544,fsrq
1166,J1359.2+0204,fsrq,J1359.4+0202,fsrq,J1359.4+0202,fsrq,J1359.4+0202,fsrq,J1359.4+0202,fsrq
1167,J1359.9-3746,bll,J1359.8-3746,bll,J1359.8-3746,bll,J1359.8-3746,bll,J1359.8-3746,bll
1168,J1400.7-5605,bcu,J1400.6-5605,bcu,J1400.6-5605,bcu,J1400.6-5605,bcu,J1400.6-5605,bcu
1169,J1404.8+6554,bll,J1404.8+6554,bll,J1404.8+6554,bll,J1404.8+6554,bll,J1404.8+6554,bll
1170,J1404.8+0401,bll,J1404.8+0402,bll,J1404.8+0402,bll,J1404.8+0402,bll,J1404.8+0402,bll
1171,J1406.0-2508,bcu,J1406.1-2508,bll,J1406.1-2508,bll,J1406.1-2508,bll,J1406.1-2508,bll
1172,J1406.6+1644,bll,J1406.9+1643,bll,J1406.9+1643,bll,J1406.9+1643,bll,J1406.9+1643,bll
1173,J1407.7-4256,bcu,J1407.6-4301,bcu,J1407.6-4301,bll,J1407.6-4301,bll,J1407.6-4301,bll
1174,J1408.8-0751,fsrq,J1408.9-0751,fsrq,J1408.9-0751,fsrq,J1408.9-0751,fsrq,J1408.9-0751,fsrq
1175,J1410.4+2821,bll,J1410.4+2820,bll,J1410.4+2820,bll,J1410.4+2820,bll,J1410.4+2820,bll
1176,J1412.0+5249,bcu,J1411.8+5249,bll,J1411.8+5249,bll,J1411.8+5249,bll,J1411.8+5249,bll
1177,J1413.2-6518,sey,J1413.1-6519,sey,J1413.1-6519,sey,J1413.1-6519,sey,J1413.1-6519,sey
1178,J1413.4-6205,PSR,J1413.5-6205,PSR,J1413.5-6205,PSR,J1413.5-6205,PSR,J1413.5-6205,PSR
1179,J1415.2+4832,bll,J1415.5+4830,bll,J1415.5+4830,bll,J1415.5+4830,bll,J1415.5+4830,bll
1180,J1416.1-2417,bll,J1416.1-2417,bll,J1416.1-2417,bll,J1416.1-2417,bll,J1416.1-2417,bll
1181,J1417.8+2540,bll,J1417.9+2543,bll,J1417.9+2543,bll,J1417.9+2543,bll,J1417.9+2543,bll
1182,J1418.4-0233,bll,J1418.4-0233,bll,J1418.4-0233,bll,J1418.4-0233,bll,J1418.4-0233,bll
1183,J1418.5+3543,BCU,J1418.4+3543,BCU,J1418.4+3543,BCU,J1418.4+3543,FSRQ,J1418.4+3543,FSRQ
1184,J1418.6-6058,PSR,J1418.7-6057,PSR,J1418.7-6057,PSR,J1418.7-6057,PSR,J1418.7-6057,PSR
1185,J1418.9+7731,bcu,J1418.9+7731,bll,J1418.9+7731,bll,J1418.9+7731,bll,J1418.9+7731,bll
1186,J1419.1-5156,bcu,J1419.6-5153,bcu,J1419.6-5153,bcu,J1419.6-5153,bcu,J1419.6-5153,bcu
1187,J1419.5-0836,bcu,J1419.4-0838,fsrq,J1419.4-0838,fsrq,J1419.4-0838,fsrq,J1419.4-0838,fsrq
1188,J1419.5+0449,bll,J1419.3+0444,bll,J1419.3+0444,bll,J1419.3+0444,bll,J1419.3+0444,bll
1189,J1419.8+3819,fsrq,J1419.5+3821,fsrq,J1419.5+3821,fsrq,J1419.5+3821,fsrq,J1419.5+3821,fsrq
1190,J1419.9+5425,bll,J1419.8+5423,bll,J1419.8+5423,bll,J1419.8+5423,bll,J1419.8+5423,bll
1191,J1420.0-6048,PSR,J1420.0-6048,PSR,J1420.0-6048,PSR,J1420.0-6048,PSR,J1420.0-6048,PSR
1192,J1420.0-6048,PSR,J1420.0-6048,PSR,J1420.0-6048,PSR,J1420.3-6046e,PWN,J1420.0-6048,PSR
1193,J1420.0-6048,PSR,J1420.0-6048,PSR,J1420.3-6046e,PWN,J1420.0-6048,PSR,J1420.0-6048,PSR
1194,J1420.0-6048,PSR,J1420.0-6048,PSR,J1420.3-6046e,PWN,J1420.3-6046e,PWN,J1420.0-6048,PSR
1195,J1420.0-6048,PSR,J1420.3-6046e,PWN,J1420.0-6048,PSR,J1420.0-6048,PSR,J1420.0-6048,PSR
1196,J1420.0-6048,PSR,J1420.3-6046e,PWN,J1420.0-6048,PSR,J1420.3-6046e,PWN,J1420.0-6048,PSR
1197,J1420.0-6048,PSR,J1420.3-6046e,PWN,J1420.3-6046e,PWN,J1420.0-6048,PSR,J1420.0-6048,PSR
1198,J1420.0-6048,PSR,J1420.3-6046e,PWN,J1420.3-6046e,PWN,J1420.3-6046e,PWN,J1420.0-6048,PSR
1199,J1421.0-1122,bcu,J1421.1-1120,bcu,J1421.1-1120,bcu,J1421.1-1120,bcu,J1421.1-1120,bcu
1200,J1422.4+3227,fsrq,J1422.3+3223,fsrq,J1422.3+3223,fsrq,J1422.5+3223,fsrq,J1422.5+3223,fsrq
1201,J1422.4-6137,PSR,J1422.5-6137,PSR,J1422.5-6137,PSR,J1422.5-6137,PSR,J1422.5-6137,PSR
1202,J1422.8-7828,fsrq,J1423.5-7829,fsrq,J1423.5-7829,fsrq,J1423.5-7829,fsrq,J1423.6-7829,fsrq
1203,J1422.8+5801,bll,J1422.6+5801,bll,J1422.6+5801,bll,J1422.6+5801,bll,J1422.6+5801,bll
1204,J1424.3+0434,bll,J1424.2+0433,bll,J1424.2+0433,bll,J1424.2+0433,bll,J1424.2+0433,bll
1205,J1424.6-6807,bcu,J1424.8-6808,bcu,J1424.8-6808,bcu,J1424.8-6808,bcu,J1424.8-6808,bcu
1206,J1424.9+3615,bll,J1425.0+3615,bll,J1425.0+3615,bll,J1425.0+3615,bll,J1425.0+3615,bll
1207,J1426.2+3402,bll,J1426.1+3403,bll,J1426.1+3403,bll,J1426.1+3403,bll,J1426.1+3403,bll
1208,J1427.0+2347,BLL,J1427.0+2348,BLL,J1427.0+2348,BLL,J1427.0+2348,BLL,J1427.0+2348,BLL
1209,J1427.6-3305,bll,J1427.6-3305,bll,J1427.6-3305,bll,J1427.6-3305,bll,J1427.6-3305,bll
1210,J1427.8-3215,bcu,J1427.7-3215,bll,J1427.7-3215,bll,J1427.7-3215,bll,J1427.7-3215,bll
1211,J1427.9-4206,FSRQ,J1427.9-4206,FSRQ,J1427.9-4206,FSRQ,J1427.9-4206,FSRQ,J1427.9-4206,FSRQ
1212,J1428.5+4240,bll,J1428.5+4240,bll,J1428.5+4240,bll,J1428.5+4240,bll,J1428.5+4240,bll
1213,J1429.8-5910,PSR,J1429.9-5911,PSR,J1429.9-5911,PSR,J1429.9-5911,PSR,J1429.9-5911,PSR
1214,J1434.1+4203,fsrq,J1434.2+4204,fsrq,J1434.2+4204,fsrq,J1434.2+4204,fsrq,J1434.2+4204,fsrq
1215,J1434.6+6640,bcu,J1434.8+6640,bll,J1434.8+6640,bll,J1434.8+6640,bll,J1434.8+6640,bll
1216,J1434.6+1951,fsrq,J1434.7+1950,fsrq,J1434.7+1950,fsrq,J1434.7+1950,fsrq,J1434.7+1950,fsrq
1217,J1435.2+2023,bll,J1435.5+2021,bll,J1435.5+2021,bll,J1435.5+2021,bll,J1435.5+2021,rdg
1218,J1436.8+5639,bll,J1436.9+5638,bll,J1436.9+5638,bll,J1436.9+5638,bll,J1436.9+5638,bll
1219,J1436.8+2322,fsrq,J1436.9+2321,fsrq,J1436.9+2321,fsrq,J1436.9+2321,fsrq,J1436.9+2321,fsrq
1220,J1438.7+3710,fsrq,J1438.9+3710,fsrq,J1438.9+3710,fsrq,J1438.9+3710,fsrq,J1438.9+3710,fsrq
1221,J1439.2+3931,bll,J1439.3+3932,bll,J1439.3+3932,bll,J1439.3+3932,bll,J1439.3+3932,bll
1222,J1440.0-3955,bcu,J1439.9-3953,bcu,J1439.9-3953,bll,J1439.9-3953,bll,J1439.9-3953,bll
1223,J1440.1+4955,bll,J1439.7+4958,bll,J1439.7+4958,bll,J1439.7+4958,bll,J1439.7+4958,bll
1224,J1440.4-3845,bll,J1440.6-3846,bll,J1440.6-3846,bll,J1440.6-3846,bll,J1440.6-3846,bll
1225,J1440.9+0610,bll,J1440.9+0609,bll,J1440.9+0609,bll,J1440.9+0609,bll,J1440.9+0609,bll
1226,J1441.5-5955c,spp,J1441.6-5951c,spp,J1441.6-5951c,spp,J1441.6-5951c,spp,J1441.6-5951c,spp
1227,J1442.0+4348,bll,J1442.0+4348,bll,J1442.0+4348,bll,J1442.0+4348,bll,J1442.0+4348,bll
1228,J1442.6+5156,rdg,J1443.1+5201,rdg,J1443.1+5201,rdg,J1443.1+5201,rdg,J1443.1+5201,rdg
1229,J1442.8+1200,bll,J1442.7+1200,bll,J1442.7+1200,bll,J1442.7+1200,bll,J1442.7+1200,bll
1230,J1443.9+2502,fsrq,J1443.9+2501,fsrq,J1443.9+2501,fsrq,J1443.9+2501,fsrq,J1443.9+2501,fsrq
1231,J1445.0-0328,bll,J1445.0-0326,bll,J1445.0-0326,bll,J1445.0-0326,bll,J1445.0-0326,bll
1232,J1446.1-1628,bll,J1445.9-1626,bll,J1445.9-1626,bll,J1445.9-1626,bll,J1445.9-1626,bll
1233,J1446.6-4701,PSR,J1446.6-4701,PSR,J1446.6-4701,PSR,J1446.6-4701,MSP,J1446.6-4701,MSP
1234,J1446.8-1831,bcu,J1446.8-1830,bcu,J1446.8-1830,bcu,J1446.8-1830,bcu,J1446.8-1830,bcu
1235,J1448.0+3608,bll,J1448.0+3608,bll,J1448.0+3608,bll,J1448.0+3608,bll,J1448.0+3608,bll
1236,J1450.4+0911,fsrq,J1450.4+0910,fsrq,J1450.4+0910,fsrq,J1450.4+0910,fsrq,J1450.4+0910,fsrq
1237,J1450.9+5200,bll,J1450.8+5201,bll,J1450.8+5201,bll,J1450.8+5201,bll,J1450.8+5201,bll
1238,J1451.2+6355,bll,J1451.4+6355,bll,J1451.4+6355,bll,J1451.4+6355,bll,J1451.4+6355,bll
1239,J1454.0+1622,fsrq,J1454.1+1622,fsrq,J1454.1+1622,fsrq,J1454.1+1622,fsrq,J1454.1+1622,fsrq
1240,J1454.2-3751,fsrq,J1454.4-3744,fsrq,J1454.4-3744,fsrq,J1454.4-3744,fsrq,J1454.4-3744,fsrq
1241,J1454.5+5124,bll,J1454.4+5124,bll,J1454.4+5124,bll,J1454.4+5124,bll,J1454.4+5124,bll
1242,J1457.4-3539,FSRQ,J1457.4-3539,FSRQ,J1457.4-3539,FSRQ,J1457.4-3539,FSRQ,J1457.4-3539,FSRQ
1243,J1458.7+3719,bll,J1458.6+3722,bll,J1458.6+3722,bll,J1458.6+3722,bll,J1458.6+3722,bll
1244,J1459.4-6053,PSR,J1459.5-6053,PSR,J1459.5-6053,PSR,J1459.5-6053,PSR,J1459.5-6053,PSR
1245,J1500.6+4750,bll,J1500.7+4752,bll,J1500.7+4752,bll,J1500.7+4752,bll,J1500.7+4752,bll
1246,J1500.9+2238,bll,J1501.0+2238,bll,J1501.0+2238,bll,J1501.0+2238,bll,J1501.0+2238,bll
1247,J1503.7+4759,bll,J1503.5+4759,bll,J1503.5+4759,bll,J1503.5+4759,bll,J1503.5+4759,bll
1248,J1503.7-6426,bcu,J1503.6-6427,bcu,J1503.6-6427,bcu,J1503.6-6427,bcu,J1503.6-6427,bcu
1249,J1503.7-1540,bll,J1503.7-1540,bll,J1503.7-1540,bll,J1503.7-1540,bll,J1503.7-1540,bll
1250,J1504.4+1029,FSRQ,J1504.4+1029,FSRQ,J1504.4+1029,FSRQ,J1504.4+1029,FSRQ,J1504.4+1029,FSRQ
1251,J1504.5-8242,bcu,J1505.5-8241,bcu,J1505.5-8241,bcu,J1505.5-8241,bcu,J1505.5-8241,bcu
1252,J1505.0-3432,bll,J1505.0-3433,bll,J1505.0-3433,bll,J1505.0-3433,bll,J1505.0-3433,bll
1253,J1505.1+0326,nlsy1,J1505.0+0326,NLSY1,J1505.0+0326,NLSY1,J1505.0+0326,NLSY1,J1505.0+0326,NLSY1
1254,J1506.1+3728,fsrq,J1506.1+3731,fsrq,J1506.1+3731,fsrq,J1506.1+3731,fsrq,J1506.1+3731,fsrq
1255,J1506.3+4332,bll,J1506.4+4331,bll,J1506.4+4331,bll,J1506.4+4331,bll,J1506.4+4331,bll
1256,J1506.6+0811,bll,J1506.6+0813,bll,J1506.6+0813,bll,J1506.6+0813,bll,J1506.6+0813,bll
1257,J1507.4+1725,bll,J1507.2+1721,bll,J1507.2+1721,bll,J1507.2+1721,bll,J1507.2+1721,bll
1258,J1507.6-3710,bcu,J1507.3-3710,bcu,J1507.3-3710,bcu,J1507.3-3710,bcu,J1507.3-3710,bcu
1259,J1508.6+2709,bll,J1508.8+2708,bll,J1508.8+2708,bll,J1508.8+2708,bll,J1508.8+2708,bll
1260,J1508.7-4956,bcu,J1508.5-4951,bcu,J1508.5-4951,bcu,J1508.5-4951,bcu,J1508.5-4951,bcu
1261,J1509.4-5850,PSR,J1509.4-5850,PSR,J1509.4-5850,PSR,J1509.4-5850,PSR,J1509.4-5850,PSR
1262,J1509.7+5556,bll,J1509.7+5556,bll,J1509.7+5556,bll,J1509.7+5556,bll,J1509.7+5556,bll
1263,J1510.9-0542,fsrq,J1510.8-0542,fsrq,J1510.8-0542,fsrq,J1510.8-0542,fsrq,J1510.8-0542,fsrq
1264,J1511.8-0513,bcu,J1511.8-0513,bll,J1511.8-0513,bll,J1511.8-0513,bll,J1511.8-0513,bll
1265,J1512.2+0202,fsrq,J1512.2+0202,fsrq,J1512.2+0202,fsrq,J1512.2+0202,fsrq,J1512.2+0202,fsrq
1266,J1512.2-2255,bcu,J1512.1-2255,bll,J1512.1-2255,bll,J1512.1-2255,bll,J1512.1-2255,bll
1267,J1512.3+8005,bcu,J1510.8+7959,bcu,J1510.8+7959,bcu,J1510.8+7959,bcu,J1510.8+7959,bcu
1268,J1512.8-0906,FSRQ,J1512.8-0906,FSRQ,J1512.8-0906,FSRQ,J1512.8-0906,FSRQ,J1512.8-0906,FSRQ
1269,J1513.4-2549,psr,J1513.4-2549,PSR,J1513.4-2549,PSR,J1513.4-2549,MSP,J1513.4-2549,MSP
1270,J1513.5-3233,fsrq,J1513.4-3231,fsrq,J1513.4-3231,fsrq,J1513.4-3231,fsrq,J1513.4-3231,fsrq
1271,J1514.2-4947,PSR,J1514.3-4946,PSR,J1514.3-4946,PSR,J1514.3-4946,MSP,J1514.3-4946,MSP
1272,J1514.5-4750,fsrq,J1514.8-4748,fsrq,J1514.8-4748,fsrq,J1514.8-4748,fsrq,J1514.8-4748,fsrq
1273,J1514.8-3623,bcu,J1514.7-3617,bcu,J1514.7-3617,bcu,J1514.7-3617,bcu,J1514.7-3617,bcu
1274,J1516.7+3648,bll,J1516.8+3651,bll,J1516.8+3651,bll,J1516.8+3651,bll,J1516.8+3651,bll
1275,J1516.9+1926,bll,J1516.9+1934,bll,J1516.9+1934,bll,J1516.9+1934,bll,J1516.9+1934,bll
1276,J1517.6+6524,bll,J1517.7+6525,bll,J1517.7+6525,bll,J1517.7+6525,bll,J1517.7+6525,bll
1277,J1517.6-2422,bll,J1517.7-2422,bll,J1517.7-2422,bll,J1517.7-2422,bll,J1517.7-2422,bll
1278,J1518.0-2732,bcu,J1518.0-2731,bll,J1518.0-2731,bll,J1518.0-2731,bll,J1518.0-2731,bll
1279,J1520.3+4209,fsrq,J1520.5+4209,fsrq,J1520.5+4209,fsrq,J1520.5+4209,fsrq,J1520.5+4209,fsrq
1280,J1520.8-0348,bll,J1520.8-0348,bll,J1520.8-0348,bll,J1520.8-0348,bll,J1520.8-0348,bll
1281,J1521.1+5543,bll,J1520.4+5546,bll,J1520.4+5546,bll,J1520.4+5546,bll,J1520.4+5546,bll
1282,J1521.8+4340,fsrq,J1521.8+4338,fsrq,J1521.8+4338,fsrq,J1521.8+4338,fsrq,J1521.8+4338,fsrq
1283,J1521.9-5736,PSR,J1521.9-5735,PSR,J1521.9-5735,PSR,J1521.9-5735,PSR,J1521.9-5735,PSR
1284,J1522.1+3144,fsrq,J1522.1+3144,fsrq,J1522.1+3144,fsrq,J1522.1+3144,fsrq,J1522.1+3144,fsrq
1285,J1522.6-2730,bll,J1522.6-2730,bll,J1522.6-2730,bll,J1522.6-2730,bll,J1522.6-2730,bll
1286,J1525.2-5905,bcu,J1524.8-5904,bcu,J1524.8-5904,bcu,J1524.8-5904,bcu,J1524.8-5904,bcu
1287,J1531.0+5737,bll,J1530.9+5736,bll,J1530.9+5736,bll,J1530.9+5736,bll,J1530.9+5736,bll
1288,J1531.8+4704,bll,J1531.7+4710,bll,J1531.7+4710,bll,J1531.7+4710,bll,J1531.7+4710,bll
1289,J1532.0+3018,bll,J1532.0+3016,bll,J1532.0+3016,bll,J1532.0+3016,bll,J1532.0+3016,bll
1290,J1532.7-1319,bcu,J1532.7-1319,fsrq,J1532.7-1319,bcu,J1532.7-1319,bcu,J1532.7-1319,bcu
1291,J1533.2+1852,bll,J1533.2+1855,bll,J1533.2+1855,bll,J1533.2+1855,bll,J1533.2+1855,bll
1292,J1533.5+3416,bll,J1533.2+3416,bll,J1533.2+3416,bll,J1533.2+3416,bll,J1533.2+3416,bll
1293,J1534.4+5323,bll,J1535.0+5320,bll,J1535.0+5320,bll,J1535.0+5320,bll,J1535.0+5320,bll
1294,J1534.5+0128,fsrq,J1534.8+0131,fsrq,J1534.8+0131,fsrq,J1534.8+0131,fsrq,J1534.8+0131,fsrq
1295,J1535.0+3721,bll,J1534.8+3716,bll,J1534.8+3716,bll,J1534.8+3716,bll,J1534.8+3716,bll
1296,J1535.7+3920,bll,J1535.4+3919,bll,J1535.4+3919,bll,J1535.4+3919,bll,J1535.4+3919,bll
1297,J1536.3-4949,psr,J1536.4-4948,PSR,J1536.4-4948,PSR,J1536.4-4948,MSP,J1536.4-4948,MSP
1298,J1537.8-8000,bcu,J1537.7-7957,bcu,J1537.7-7957,bcu,J1537.7-7957,bcu,J1537.7-7957,bcu
1299,J1539.5+2746,fsrq,J1539.6+2743,fsrq,J1539.6+2743,fsrq,J1539.6+2743,fsrq,J1539.6+2743,fsrq
1300,J1539.8-1128,bcu,J1539.7-1127,bll,J1539.7-1127,bll,J1539.7-1127,bll,J1539.7-1127,bll
1301,J1540.1+8155,bll,J1540.1+8155,bll,J1540.1+8155,bll,J1540.1+8155,bll,J1540.1+8155,bll
1302,J1540.8+1449,bll,J1540.7+1449,bll,J1540.7+1449,bll,J1540.7+1449,bll,J1540.7+1449,bll
1303,J1542.9+6129,bll,J1543.0+6130,bll,J1543.0+6130,bll,J1543.0+6130,bll,J1543.0+6130,bll
1304,J1542.9-5141,PSR,J1543.6-5148,PSR,J1543.6-5148,PSR,J1543.6-5148,MSP,J1543.6-5148,MSP
1305,J1543.5+0451,bcu,J1543.6+0452,agn,J1543.6+0452,agn,J1543.6+0452,agn,J1543.6+0452,agn
1306,J1544.0+4938,PSR,J1544.0+4939,PSR,J1544.0+4939,PSR,J1544.0+4939,MSP,J1544.0+4939,MSP
1307,J1546.0+0818,bll,J1546.0+0819,bll,J1546.0+0819,bll,J1546.0+0819,bll,J1546.0+0819,bll
1308,J1546.6+1812,bll,J1546.5+1816,bll,J1546.5+1816,bll,J1546.5+1816,bll,J1546.5+1816,bll
1309,J1547.1-2801,bcu,J1547.3-2802,bll,J1547.3-2802,bll,J1547.3-2802,bll,J1547.3-2802,bll
1310,J1548.8-2250,bll,J1548.8-2250,bll,J1548.8-2250,bll,J1548.8-2250,bll,J1548.8-2250,bll
1311,J1549.0+6309,bcu,J1549.3+6310,bcu,J1549.3+6310,bll,J1549.3+6310,bll,J1549.3+6310,bll
1312,J1549.4+0237,fsrq,J1549.5+0236,fsrq,J1549.5+0236,fsrq,J1549.5+0236,fsrq,J1549.5+0236,fsrq
1313,J1549.5+1709,bcu,J1549.6+1710,bll,J1549.6+1710,bll,J1549.6+1710,bll,J1549.6+1710,bll
1314,J1549.7-0658,bcu,J1549.8-0659,bcu,J1549.8-0659,bll,J1549.8-0659,bll,J1549.8-0659,bll
1315,J1550.3+7409,bcu,J1549.4+7409,bcu,J1549.4+7409,bcu,J1549.4+7409,bcu,J1549.4+7409,bcu
1316,J1550.5+0526,fsrq,J1550.7+0528,fsrq,J1550.7+0528,fsrq,J1550.7+0528,fsrq,J1550.7+0528,fsrq
1317,J1552.1+0852,bll,J1552.0+0850,bll,J1552.0+0850,bll,J1552.0+0850,bll,J1552.0+0850,bll
1318,J1553.3-2421,fsrq,J1553.6-2422,fsrq,J1553.6-2422,fsrq,J1553.6-2422,fsrq,J1553.6-2422,fsrq
1319,J1553.5-3118,bll,J1553.5-3118,bll,J1553.5-3118,bll,J1553.5-3118,bll,J1553.5-3118,bll
1320,J1553.5+1256,fsrq,J1553.6+1257,fsrq,J1553.6+1257,fsrq,J1553.6+1257,fsrq,J1553.6+1257,fsrq
1321,J1555.7+1111,BLL,J1555.7+1111,BLL,J1555.7+1111,BLL,J1555.7+1111,BLL,J1555.7+1111,BLL
1322,J1557.4-7040,bcu,J1557.5-7040,bll,J1557.5-7040,bll,J1557.5-7040,bll,J1557.5-7040,bll
1323,J1558.9-6432,bll,J1558.9-6432,bll,J1558.9-6432,bll,J1558.9-6432,bll,J1558.9-6432,bll
1324,J1558.9+5625,bll,J1558.8+5625,bll,J1558.8+5625,bll,J1558.8+5625,bll,J1558.8+5625,bll
1325,J1559.7+8512,bcu,J1600.0+8510,bcu,J1600.0+8510,bcu,J1600.0+8510,bcu,J1600.0+8510,bcu
1326,J1559.8-2525,bcu,J1559.8-2525,bcu,J1559.8-2525,bcu,J1559.8-2525,bcu,J1559.8-2525,bcu
1327,J1559.9+2319,bll,J1559.9+2319,bll,J1559.9+2319,bll,J1559.9+2319,bll,J1559.9+2319,bll
1328,J1600.3-5810,bcu,J1600.3-5811,bcu,J1600.3-5811,bll,J1600.3-5811,bll,J1600.3-5811,bll
1329,J1600.8-3053,PSR,J1600.9-3054,PSR,J1600.9-3054,PSR,J1600.9-3054,MSP,J1600.9-3054,MSP
1330,J1603.7+1106,bll,J1603.8+1104,bll,J1603.8+1104,bll,J1603.8+1104,bll,J1603.8+1104,bll
1331,J1603.9-4903,bll,J1603.8-4903,bll,J1603.8-4903,bll,J1603.8-4903,bll,J1603.8-4903,bll
1332,J1604.4-4442,bcu,J1604.5-4441,bll,J1604.5-4441,bll,J1604.5-4441,bll,J1604.5-4441,bll
1333,J1604.6+5714,fsrq,J1604.6+5714,fsrq,J1604.6+5714,fsrq,J1604.6+5714,fsrq,J1604.6+5714,fsrq
1334,J1606.1+5630,bll,J1606.3+5629,bll,J1606.3+5629,bll,J1606.3+5629,bll,J1606.3+5629,bll
1335,J1607.0+1551,fsrq,J1607.0+1550,bll,J1607.0+1550,bll,J1607.0+1550,bll,J1607.0+1550,bll
1336,J1607.9-2040,bcu,J1608.0-2038,bcu,J1608.0-2038,bll,J1608.0-2038,bll,J1608.0-2038,bll
1337,J1608.6+1029,fsrq,J1608.7+1029,fsrq,J1608.7+1029,fsrq,J1608.7+1029,fsrq,J1608.7+1029,fsrq
1338,J1610.6-3956,fsrq,J1610.3-3958,fsrq,J1610.3-3958,fsrq,J1610.3-3958,fsrq,J1610.3-3958,fsrq
1339,J1610.8-6649,bll,J1610.7-6648,bll,J1610.7-6648,bll,J1610.7-6648,bll,J1610.7-6648,bll
1340,J1612.4-3100,bcu,J1612.4-3100,bcu,J1612.4-3100,bll,J1612.4-3100,bll,J1612.4-3100,bll
1341,J1613.8+3410,fsrq,J1613.6+3411,fsrq,J1613.6+3411,fsrq,J1613.6+3411,fsrq,J1613.6+3411,fsrq
1342,J1614.5-2231,PSR,J1614.5-2230,PSR,J1614.5-2230,PSR,J1614.5-2230,MSP,J1614.5-2230,MSP
1343,J1615.3-5146e,spp,J1615.3-5146e,SNR,J1615.3-5146e,SNR,J1615.3-5146e,SNR,J1615.3-5146e,SNR
1344,J1615.8+4712,fsrq,J1615.6+4712,fsrq,J1615.6+4712,fsrq,J1615.6+4712,fsrq,J1615.6+4712,fsrq
1345,J1616.2-5054e,PWN,J1616.2-5054e,PWN,J1616.2-5054e,PWN,J1616.2-5054e,PWN,J1616.2-5054e,PWN
1346,J1616.4+4631,fsrq,J1616.6+4630,fsrq,J1616.6+4630,fsrq,J1616.6+4630,fsrq,J1616.6+4630,fsrq
1347,J1616.8+4111,bll,J1616.7+4107,bll,J1616.7+4107,bll,J1616.7+4107,bll,J1616.7+4107,bll
1348,J1616.8-2300,glc,J1616.9-2257,glc,J1616.9-2257,glc,J1616.9-2257,glc,J1616.9-2257,glc
1349,J1617.3-2519,bcu,J1617.2-2535,bcu,J1617.2-2535,bcu,J1617.2-2535,bcu,J1617.2-2535,bcu
1350,J1617.4-5846,fsrq,J1617.3-5849,fsrq,J1617.3-5849,fsrq,J1617.3-5849,fsrq,J1617.3-5849,fsrq
1351,J1617.7-7717,fsrq,J1617.9-7718,fsrq,J1617.9-7718,fsrq,J1617.9-7718,fsrq,J1617.9-7718,fsrq
1352,J1617.8+5137,fsrq,J1618.0+5139,fsrq,J1618.0+5139,fsrq,J1618.0+5139,fsrq,J1618.0+5139,fsrq
1353,J1620.8-4928,PSR,J1620.7-4927,PSR,J1620.7-4927,PSR,J1620.7-4927,PSR,J1620.7-4927,PSR
1354,J1622.9-0312,psr,J1623.0-0315,PSR,J1623.0-0315,PSR,J1623.0-0315,MSP,J1623.0-0315,MSP
1355,J1625.0+5651,bll,J1624.6+5651,bll,J1624.6+5651,bll,J1624.6+5651,bll,J1624.6+5651,bll
1356,J1625.7-2527,fsrq,J1625.7-2527,fsrq,J1625.7-2527,fsrq,J1625.7-2527,fsrq,J1625.7-2527,fsrq
1357,J1625.9+4125,fsrq,J1625.7+4134,fsrq,J1625.7+4134,fsrq,J1625.7+4134,fsrq,J1625.7+4134,fsrq
1358,J1626.0-2951,FSRQ,J1626.0-2950,FSRQ,J1626.0-2950,FSRQ,J1626.0-2950,FSRQ,J1626.0-2950,FSRQ
1359,J1626.1+3512,bll,J1626.3+3514,bll,J1626.3+3514,bll,J1626.3+3514,bll,J1626.3+3514,bll
1360,J1626.4-7640,bcu,J1626.6-7639,bll,J1626.6-7639,bll,J1626.6-7639,bll,J1626.6-7639,bll
1361,J1628.0-3203,psr,J1628.1-3204,PSR,J1628.1-3204,PSR,J1628.1-3204,MSP,J1628.1-3204,MSP
1362,J1628.2+7703,bcu,J1628.6+7706,bll,J1628.6+7706,bll,J1628.6+7706,bll,J1628.6+7706,bll
1363,J1628.9-4852,spp,J1628.2-4848c,spp,J1628.2-4848c,spp,J1628.2-4848c,spp,J1628.2-4848c,spp
1364,J1630.6+8232,rdg,J1630.6+8234,rdg,J1630.6+8234,rdg,J1630.6+8234,rdg,J1630.6+8234,rdg
1365,J1630.7+5222,bll,J1630.7+5221,bll,J1630.7+5221,bll,J1630.7+5221,bll,J1630.7+5221,bll
1366,J1630.8+1047,bcu,J1631.2+1046,bcu,J1631.2+1046,bcu,J1631.2+1046,bcu,J1631.2+1046,bcu
1367,J1635.2+3809,FSRQ,J1635.2+3808,FSRQ,J1635.2+3808,FSRQ,J1635.2+3808,FSRQ,J1635.2+3808,FSRQ
1368,J1636.7+2624,bcu,J1636.7+2627,bll,J1636.7+2627,bll,J1636.7+2627,bll,J1636.7+2627,bll
1369,J1637.1+1314,bll,J1637.1+1316,bll,J1637.1+1316,bll,J1637.1+1316,bll,J1637.1+1316,bll
1370,J1637.6-3449,bcu,J1637.8-3449,bll,J1637.8-3449,bll,J1637.8-3449,bll,J1637.8-3449,bll
1371,J1637.7+4715,fsrq,J1637.7+4717,fsrq,J1637.7+4717,fsrq,J1637.7+4717,fsrq,J1637.7+4717,fsrq
1372,J1637.8+7325,bll,J1637.7+7326,bll,J1637.7+7326,bll,J1637.7+7326,bll,J1637.7+7326,bll
1373,J1637.9+5719,fsrq,J1638.1+5721,fsrq,J1638.1+5721,fsrq,J1638.1+5721,fsrq,J1638.1+5721,fsrq
1374,J1638.6-4654,spp,J1638.5-4657,spp,J1638.5-4657c,spp,J1638.5-4657c,spp,J1638.5-4657c,spp
1375,J1639.8+4125,fsrq,J1639.2+4129,fsrq,J1639.2+4129,fsrq,J1639.2+4129,fsrq,J1639.2+4129,fsrq
1376,J1640.6+3945,FSRQ,J1640.4+3945,FSRQ,J1640.4+3945,FSRQ,J1640.4+3945,FSRQ,J1640.4+3945,FSRQ
1377,J1640.9+1142,bcu,J1640.9+1143,bcu,J1640.9+1143,bll,J1640.9+1143,bll,J1640.9+1143,bll
1378,J1641.1-4619c,spp,J1641.0-4619,spp,J1641.0-4619,spp,J1641.0-4619,spp,J1641.0-4619,spp
1379,J1641.8-0619,bll,J1641.9-0621,bll,J1641.9-0621,bll,J1641.9-0621,bll,J1641.9-0621,bll
1380,J1642.9+3950,FSRQ,J1642.9+3948,FSRQ,J1642.9+3948,FSRQ,J1642.9+3948,FSRQ,J1642.9+3948,FSRQ
1381,J1645.9+6336,fsrq,J1645.6+6329,fsrq,J1645.6+6329,fsrq,J1645.6+6329,fsrq,J1645.6+6329,fsrq
1382,J1647.1-6438,bcu,J1647.4-6438,bcu,J1647.4-6438,bcu,J1647.4-6438,bll,J1647.4-6438,bll
1383,J1647.4+4950,bcu,J1647.5+4950,bll,J1647.5+4950,bll,J1647.5+4950,bll,J1647.5+4950,bll
1384,J1648.3-4611,PSR,J1648.4-4611,PSR,J1648.4-4611,PSR,J1648.4-4611,PSR,J1648.4-4611,PSR
1385,J1649.4+5238,bll,J1649.4+5235,bll,J1649.4+5235,bll,J1649.4+5235,bll,J1649.4+5235,bll
1386,J1650.2-5044,bcu,J1650.3-5045,bcu,J1650.3-5045,bll,J1650.3-5045,bll,J1650.3-5045,bll
1387,J1650.8+0830,fsrq,J1650.7+0831,fsrq,J1650.7+0831,fsrq,J1650.7+0831,fsrq,J1650.7+0831,fsrq
1388,J1651.6+7219,bll,J1651.6+7219,bll,J1651.6+7219,bll,J1651.6+7219,bll,J1651.6+7219,bll
1389,J1653.9+3945,BLL,J1653.8+3945,BLL,J1653.8+3945,BLL,J1653.8+3945,BLL,J1653.8+3945,BLL
1390,J1656.0+2044,bcu,J1656.0+2047,bcu,J1656.0+2047,bcu,J1656.0+2047,bcu,J1656.0+2047,bcu
1391,J1656.2-3303,fsrq,J1656.3-3301,fsrq,J1656.3-3301,fsrq,J1656.3-3301,fsrq,J1656.3-3301,fsrq
1392,J1656.8-2010,bcu,J1656.9-2010,bll,J1656.9-2010,bll,J1656.9-2010,bll,J1656.9-2010,bll
1393,J1656.9+6008,fsrq,J1657.0+6010,fsrq,J1657.0+6010,fsrq,J1657.0+6010,fsrq,J1657.0+6010,fsrq
1394,J1657.7+4807,fsrq,J1657.7+4808,fsrq,J1657.7+4808,fsrq,J1657.7+4808,fsrq,J1657.7+4808,fsrq
1395,J1658.3+6149,bll,J1658.4+6150,bll,J1658.4+6150,bll,J1658.4+6150,bll,J1658.4+6150,bll
1396,J1658.4-5323,PSR,J1658.6-5323,PSR,J1658.6-5323,PSR,J1658.6-5323,MSP,J1658.6-5323,MSP
1397,J1659.4+2631,fsrq,J1659.0+2627,fsrq,J1659.0+2627,fsrq,J1659.0+2627,fsrq,J1659.0+2627,fsrq
1398,J1659.7-3132,bcu,J1659.7-3131,bcu,J1659.7-3131,bcu,J1659.7-3131,bcu,J1659.7-3131,bcu
1399,J1700.1+6829,fsrq,J1700.0+6830,fsrq,J1700.0+6830,fsrq,J1700.0+6830,fsrq,J1700.0+6830,fsrq
1400,J1701.2-3006,glc,J1701.2-3006,glc,J1701.2-3006,glc,J1701.2-3006,glc,J1701.2-3006,glc
1401,J1702.6+3116,bll,J1702.6+3114,bll,J1702.6+3114,bll,J1702.6+3114,bll,J1702.6+3114,bll
1402,J1703.6-6211,fsrq,J1703.6-6213,fsrq,J1703.6-6213,fsrq,J1703.6-6213,fsrq,J1703.6-6213,fsrq
1403,J1704.0+7646,bcu,J1704.1+7647,bcu,J1704.1+7647,bcu,J1704.1+7647,bcu,J1704.1+7647,bcu
1404,J1705.5+7134,bll,J1705.0+7134,bll,J1705.0+7134,bll,J1705.0+7134,bll,J1705.0+7134,bll
1405,J1709.6+4318,fsrq,J1709.7+4318,fsrq,J1709.7+4318,fsrq,J1709.7+4318,fsrq,J1709.7+4318,fsrq
1406,J1709.7-4429,PSR,J1709.7-4429,PSR,J1709.7-4429,PSR,J1709.7-4429,PSR,J1709.7-4429,PSR
1407,J1711.5-5029,bcu,J1711.6-5027,bcu,J1711.6-5027,bcu,J1711.6-5027,bcu,J1711.6-5027,bcu
1408,J1711.6+8846,bcu,J1713.7+8844,bcu,J1713.7+8844,bcu,J1713.7+8844,bcu,J1713.7+8844,bcu
1409,J1712.6+2932,bll,J1712.7+2932,bll,J1712.7+2932,bll,J1712.7+2932,bll,J1712.7+2932,bll
1410,J1713.5-3945e,SNR,J1713.5-3945e,SNR,J1713.5-3945e,SNR,J1713.5-3945e,SNR,J1713.5-3945e,SNR
1411,J1714.0+0748,PSR,J1713.8+0747,PSR,J1713.8+0747,PSR,J1713.8+0747,MSP,J1713.8+0747,MSP
1412,J1714.1-2029,bcu,J1714.0-2029,bcu,J1714.0-2029,bcu,J1714.0-2029,bcu,J1714.0-2029,bcu
1413,J1715.7+6837,fsrq,J1716.1+6836,fsrq,J1716.1+6836,fsrq,J1716.1+6836,fsrq,J1716.1+6836,fsrq
1414,J1716.6-2812,glc,J1716.7-2808,glc,J1716.7-2808,glc,J1716.7-2808,glc,J1716.7-2808,glc
1415,J1716.7-8112,bcu,J1717.5-8114,bll,J1717.5-8114,bll,J1717.5-8114,bll,J1717.5-8114,bll
1416,J1717.4-5157,fsrq,J1717.6-5154,fsrq,J1717.6-5154,fsrq,J1717.6-5154,fsrq,J1717.6-5154,fsrq
1417,J1717.8-3342,bll,J1717.5-3342,bll,J1717.5-3342,bll,J1717.5-3342,bll,J1717.5-3342,bll
1418,J1718.0-3726,snr,J1718.0-3726,snr,J1718.0-3726,snr,J1718.0-3726,snr,J1718.0-3726,snr
1419,J1718.1-3056,bcu,J1718.0-3055,bcu,J1718.0-3055,bcu,J1718.0-3055,bcu,J1718.0-3055,bcu
1420,J1718.1-3825,PSR,J1718.2-3825,PSR,J1718.2-3825,PSR,J1718.2-3825,PSR,J1718.2-3825,PSR
1421,J1719.2+1744,bll,J1719.2+1745,bll,J1719.2+1745,bll,J1719.2+1745,bll,J1719.2+1745,bll
1422,J1719.3+1206,bcu,J1719.3+1205,bcu,J1719.3+1205,bcu,J1719.3+1205,bcu,J1719.3+1205,bcu
1423,J1722.7+6104,fsrq,J1722.6+6104,fsrq,J1722.6+6104,fsrq,J1722.6+6104,fsrq,J1722.6+6104,fsrq
1424,J1722.7+1014,fsrq,J1722.7+1014,fsrq,J1722.7+1014,fsrq,J1722.7+1014,fsrq,J1722.7+1014,fsrq
1425,J1722.9-4529,spp,J1722.6-4529,spp,J1722.6-4529,spp,J1722.6-4529,spp,J1722.6-4529,spp
1426,J1723.7-7713,bcu,J1723.6-7714,bcu,J1723.6-7714,bcu,J1723.6-7714,bcu,J1723.6-7714,bcu
1427,J1723.9+4004,fsrq,J1724.2+4005,fsrq,J1724.2+4005,fsrq,J1724.2+4005,fsrq,J1724.2+4005,fsrq
1428,J1725.0+1152,bll,J1725.0+1152,bll,J1725.0+1152,bll,J1725.0+1152,bll,J1725.0+1152,bll
1429,J1725.3+5853,bll,J1725.5+5851,bll,J1725.5+5851,bll,J1725.5+5851,bll,J1725.5+5851,bll
1430,J1727.1+4531,fsrq,J1727.4+4530,fsrq,J1727.4+4530,fsrq,J1727.4+4530,fsrq,J1727.4+4530,fsrq
1431,J1728.0-4606,spp,J1728.0-4606,spp,J1728.0-4606,spp,J1728.0-4606,spp,J1728.0-4606,spp
1432,J1728.0+1217,fsrq,J1728.0+1216,fsrq,J1728.0+1216,fsrq,J1728.0+1216,fsrq,J1728.0+1216,fsrq
1433,J1728.3+5013,bll,J1728.3+5013,bll,J1728.3+5013,bll,J1728.3+5013,bll,J1728.3+5013,bll
1434,J1728.5+0428,fsrq,J1728.4+0427,fsrq,J1728.4+0427,fsrq,J1728.4+0427,fsrq,J1728.4+0427,fsrq
1435,J1730.5+0023,fsrq,J1730.6+0024,fsrq,J1730.6+0024,fsrq,J1730.6+0024,fsrq,J1730.6+0024,fsrq
1436,J1730.6+3711,bll,J1730.8+3715,bll,J1730.8+3715,bll,J1730.8+3715,bll,J1730.8+3715,bll
1437,J1731.8-3001,bll,J1731.6-3002,bll,J1731.6-3002,bll,J1731.6-3002,bll,J1731.6-3002,bll
1438,J1732.5-3130,PSR,J1732.5-3131,PSR,J1732.5-3131,PSR,J1732.5-3131,PSR,J1732.5-3131,PSR
1439,J1732.5-5048,PSR,J1732.7-5050,PSR,J1732.7-5050,PSR,J1732.7-5050,MSP,J1732.7-5050,MSP
1440,J1733.0-1305,FSRQ,J1733.0-1305,FSRQ,J1733.0-1305,FSRQ,J1733.0-1305,FSRQ,J1733.0-1305,FSRQ
1441,J1734.3+3858,fsrq,J1734.3+3858,fsrq,J1734.3+3858,fsrq,J1734.3+3858,fsrq,J1734.3+3858,fsrq
1442,J1735.4-1118,bcu,J1735.4-1118,bcu,J1735.4-1118,bcu,J1735.4-1118,bcu,J1735.4-1118,bcu
1443,J1736.0+2033,bcu,J1736.0+2033,bll,J1736.0+2033,bll,J1736.0+2033,bll,J1736.0+2033,bll
1444,J1736.2-4444,glc,J1736.2-4443,glc,J1736.2-4443,glc,J1736.2-4443,glc,J1736.2-4443,glc
1445,J1736.4+0634,fsrq,J1736.6+0628,fsrq,J1736.6+0628,fsrq,J1736.6+0628,fsrq,J1736.6+0628,fsrq
1446,J1739.0+8716,bcu,J1738.0+8717,bcu,J1738.0+8717,bcu,J1738.0+8717,bcu,J1738.0+8717,bcu
1447,J1739.4+4955,fsrq,J1739.5+4955,fsrq,J1739.5+4955,fsrq,J1739.5+4955,fsrq,J1739.5+4955,fsrq
1448,J1740.3+5211,fsrq,J1740.5+5211,fsrq,J1740.5+5211,fsrq,J1740.5+5211,fsrq,J1740.5+5211,fsrq
1449,J1740.3+4736,fsrq,J1740.0+4737,fsrq,J1740.0+4737,fsrq,J1740.0+4737,fsrq,J1740.0+4737,fsrq
1450,J1740.4+5347,bcu,J1740.6+5346,bll,J1740.6+5346,bll,J1740.6+5346,bll,J1740.6+5346,bll
1451,J1741.1-3053,snr,J1740.3-3058c,snr,J1740.3-3058c,snr,J1740.3-3058c,snr,J1741.4-3046c,unk
1452,J1741.1-3053,snr,J1740.3-3058c,snr,J1740.3-3058c,snr,J1741.4-3046c,unk,J1741.4-3046c,unk
1453,J1741.1-3053,snr,J1740.3-3058c,snr,J1741.4-3046c,unk,J1740.3-3058c,snr,J1741.4-3046c,unk
1454,J1741.1-3053,snr,J1740.3-3058c,snr,J1741.4-3046c,unk,J1741.4-3046c,unk,J1741.4-3046c,unk
1455,J1741.1-3053,snr,J1741.4-3046c,unk,J1740.3-3058c,snr,J1740.3-3058c,snr,J1741.4-3046c,unk
1456,J1741.1-3053,snr,J1741.4-3046c,unk,J1740.3-3058c,snr,J1741.4-3046c,unk,J1741.4-3046c,unk
1457,J1741.1-3053,snr,J1741.4-3046c,unk,J1741.4-3046c,unk,J1740.3-3058c,snr,J1741.4-3046c,unk
1458,J1741.1-3053,snr,J1741.4-3046c,unk,J1741.4-3046c,unk,J1741.4-3046c,unk,J1741.4-3046c,unk
1459,J1741.5+1351,PSR,J1741.4+1354,PSR,J1741.4+1354,PSR,J1741.4+1354,MSP,J1741.4+1354,MSP
1460,J1741.9-2539,bcu,J1741.8-2537,bcu,J1741.8-2537,bcu,J1741.8-2537,bcu,J1741.8-2537,bcu
1461,J1741.9-2054,PSR,J1741.9-2054,PSR,J1741.9-2054,PSR,J1741.9-2054,PSR,J1741.9-2054,PSR
1462,J1742.2+5947,bll,J1742.5+5944,bll,J1742.5+5944,bll,J1742.5+5944,bll,J1742.5+5944,bll
1463,J1743.9+1934,bll,J1744.0+1935,bll,J1744.0+1935,bll,J1744.0+1935,bll,J1744.0+1935,bll
1464,J1744.3-0353,fsrq,J1744.2-0353,fsrq,J1744.2-0353,fsrq,J1744.2-0353,fsrq,J1744.2-0353,fsrq
1465,J1744.5-1133,PSR,J1744.4-1135,PSR,J1744.4-1135,PSR,J1744.4-1135,MSP,J1744.4-1135,MSP
1466,J1744.9-1725,bcu,J1744.9-1727,bcu,J1744.9-1727,bcu,J1744.9-1727,bcu,J1744.9-1727,bcu
1467,J1745.4-0754,bll,J1745.4-0753,bll,J1745.4-0753,bll,J1745.4-0753,bll,J1745.4-0753,bll
1468,J1745.5+1017,PSR,J1745.5+1017,PSR,J1745.5+1017,PSR,J1745.5+1017,MSP,J1745.5+1017,MSP
1469,J1745.6-2859c,spp,J1745.6-2859,spp,J1745.6-2859,spp,J1745.6-2859,GC,J1745.6-2859,GC
1470,J1745.7+3952,bll,J1745.6+3950,bll,J1745.6+3950,bll,J1745.6+3950,bll,J1745.6+3950,bll
1471,J1746.3-2851c,pwn,J1746.4-2852,pwn,J1746.4-2852,pwn,J1746.4-2852,pwn,J1746.4-2852,pwn
1472,J1746.8-3240,PSR,J1746.8-3239,PSR,J1746.8-3239,PSR,J1746.8-3239,PSR,J1746.8-3239,PSR
1473,J1747.2-2958,PSR,J1747.2-2957,PSR,J1747.2-2957,PSR,J1747.2-2957,PSR,J1747.2-2957,PSR
1474,J1747.6-4037,PSR,J1747.7-4037,PSR,J1747.7-4037,PSR,J1747.7-4037,MSP,J1747.7-4037,MSP
1475,J1748.0-2447,glc,J1748.0-2446,glc,J1748.0-2446,glc,J1748.0-2446,glc,J1748.0-2446,glc
1476,J1748.0+3405,fsrq,J1748.0+3403,fsrq,J1748.0+3403,fsrq,J1748.0+3403,fsrq,J1748.0+3403,fsrq
1477,J1748.6+7005,bll,J1748.6+7005,bll,J1748.6+7005,bll,J1748.6+7005,bll,J1748.6+7005,bll
1478,J1748.9-2021,glc,J1748.9-2021,glc,J1748.9-2021,glc,J1748.9-2021,glc,J1748.9-2021,glc
1479,J1749.1+4322,bll,J1749.0+4321,bll,J1749.0+4321,bll,J1749.0+4321,bll,J1749.0+4321,bll
1480,J1750.2-3704,glc,J1750.3-3702,glc,J1750.3-3702,glc,J1750.3-3702,glc,J1750.3-3702,glc
1481,J1751.5+0939,bll,J1751.5+0938,bll,J1751.5+0938,bll,J1751.5+0938,bll,J1751.5+0938,bll
1482,J1753.5-5010,bcu,J1753.6-5014,bcu,J1753.6-5014,bcu,J1753.6-5014,bcu,J1753.6-5014,bcu
1483,J1754.1+3212,bll,J1754.2+3212,bll,J1754.2+3212,bll,J1754.2+3212,bll,J1754.2+3212,bll
1484,J1754.3-6424,bll,J1754.5-6425,bll,J1754.5-6425,bll,J1754.5-6425,bll,J1754.5-6425,bll
1485,J1756.3+5523,bll,J1756.3+5522,bll,J1756.3+5522,bll,J1756.3+5522,bll,J1756.3+5522,bll
1486,J1756.9+7032,bll,J1757.0+7032,bll,J1757.0+7032,bll,J1757.0+7032,bll,J1757.0+7032,bll
1487,J1757.1+1533,bcu,J1756.9+1531,bcu,J1756.9+1531,bcu,J1756.9+1531,bcu,J1756.9+1531,bcu
1488,J1759.1-4822,bcu,J1759.1-4822,bcu,J1759.1-4822,bcu,J1759.1-4822,bcu,J1759.1-4822,bcu
1489,J1800.5+7827,bll,J1800.6+7828,bll,J1800.6+7828,bll,J1800.6+7828,bll,J1800.6+7828,bll
1490,J1801.3-2326e,SNR,J1801.3-2326e,SNR,J1801.3-2326e,SNR,J1801.3-2326e,SNR,J1801.3-2326e,SNR
1491,J1801.5+4403,fsrq,J1801.5+4404,fsrq,J1801.5+4404,fsrq,J1801.5+4404,fsrq,J1801.5+4404,fsrq
1492,J1802.6-3940,fsrq,J1802.6-3940,fsrq,J1802.6-3940,fsrq,J1802.6-3940,fsrq,J1802.6-3940,fsrq
1493,J1803.1-2147,PSR,J1803.1-2148,PSR,J1803.1-2148,PSR,J1803.1-2148,PSR,J1803.1-2148,PSR
1494,J1805.6-2136e,SNR,J1804.7-2144e,spp,J1804.7-2144e,spp,J1804.7-2144e,spp,J1805.6-2136e,SNR
1495,J1805.6-2136e,SNR,J1804.7-2144e,spp,J1804.7-2144e,spp,J1805.6-2136e,SNR,J1805.6-2136e,SNR
1496,J1805.6-2136e,SNR,J1804.7-2144e,spp,J1805.6-2136e,SNR,J1804.7-2144e,spp,J1805.6-2136e,SNR
1497,J1805.6-2136e,SNR,J1804.7-2144e,spp,J1805.6-2136e,SNR,J1805.6-2136e,SNR,J1805.6-2136e,SNR
1498,J1805.6-2136e,SNR,J1805.6-2136e,SNR,J1804.7-2144e,spp,J1804.7-2144e,spp,J1805.6-2136e,SNR
1499,J1805.6-2136e,SNR,J1805.6-2136e,SNR,J1804.7-2144e,spp,J1805.6-2136e,SNR,J1805.6-2136e,SNR
1500,J1805.6-2136e,SNR,J1805.6-2136e,SNR,J1805.6-2136e,SNR,J1804.7-2144e,spp,J1805.6-2136e,SNR
1501,J1805.6-2136e,SNR,J1805.6-2136e,SNR,J1805.6-2136e,SNR,J1805.6-2136e,SNR,J1805.6-2136e,SNR
1502,J1805.9+0614,psr,J1805.6+0615,PSR,J1805.6+0615,PSR,J1805.6+0615,MSP,J1805.6+0615,MSP
1503,J1806.7+6949,bll,J1806.8+6949,bll,J1806.8+6949,bll,J1806.8+6949,bll,J1806.8+6949,bll
1504,J1807.5-4343,glc,J1807.8-4340,glc,J1807.8-4340,glc,J1807.8-4340,glc,J1807.8-4340,glc
1505,J1807.8+6427,bcu,J1807.2+6429,bll,J1807.2+6429,bll,J1807.2+6429,bll,J1807.2+6429,bll
1506,J1807.8-5011,fsrq,J1808.1-5013,fsrq,J1808.1-5013,fsrq,J1808.1-5013,fsrq,J1808.1-5013,fsrq
1507,J1808.0+4652,bll,J1807.9+4650,bll,J1807.9+4650,bll,J1807.9+4650,bll,J1807.9+4650,bll
1508,J1808.5-1952,glc,J1808.8-1949c,glc,J1808.8-1949c,glc,J1808.8-1949c,glc,J1808.8-1949c,glc
1509,J1809.4+2040,bll,J1809.3+2042,bll,J1809.3+2042,bll,J1809.3+2042,bll,J1809.3+2042,bll
1510,J1809.7+2909,bll,J1809.7+2910,bll,J1809.7+2910,bll,J1809.7+2910,bll,J1809.7+2910,bll
1511,J1809.8-2332,PSR,J1809.8-2332,PSR,J1809.8-2332,PSR,J1809.8-2332,PSR,J1809.8-2332,PSR
1512,J1810.5+1743,PSR,J1810.5+1744,PSR,J1810.5+1744,PSR,J1810.5+1744,MSP,J1810.5+1744,MSP
1513,J1810.8+1609,bll,J1811.0+1608,bll,J1811.0+1608,bll,J1811.0+1608,bll,J1811.0+1608,bll
1514,J1811.2+0340,bll,J1811.3+0340,bll,J1811.3+0340,bll,J1811.3+0340,bll,J1811.3+0340,bll
1515,J1811.3-1927c,spp,J1811.5-1925,psr,J1811.5-1925,psr,J1811.5-1925,psr,J1811.5-1925,psr
1516,J1813.4-1246,PSR,J1813.4-1246,PSR,J1813.4-1246,PSR,J1813.4-1246,PSR,J1813.4-1246,PSR
1517,J1813.6+0614,bll,J1813.6+0614,bll,J1813.6+0614,bll,J1813.6+0614,bll,J1813.6+0614,bll
1518,J1813.6+3143,bll,J1813.5+3144,bll,J1813.5+3144,bll,J1813.5+3144,bll,J1813.5+3144,bll
1519,J1816.5+4512,PSR,J1816.5+4510,PSR,J1816.5+4510,PSR,J1816.5+4510,MSP,J1816.5+4510,MSP
1520,J1816.9-4944,bcu,J1816.9-4942,bcu,J1816.9-4942,fsrq,J1816.9-4942,fsrq,J1816.9-4942,fsrq
1521,J1817.2-1739,spp,J1817.1-1742,PSR,J1817.1-1742,PSR,J1817.1-1742,PSR,J1817.1-1742,PSR
1522,J1818.6+0903,fsrq,J1818.6+0903,fsrq,J1818.6+0903,fsrq,J1818.6+0903,fsrq,J1818.6+0903,fsrq
1523,J1819.1+2134,bcu,J1819.1+2133,bll,J1819.1+2133,bll,J1819.1+2133,bll,J1819.1+2133,bll
1524,J1820.3+3625,bcu,J1820.3+3624,bll,J1820.3+3624,bll,J1820.3+3624,bll,J1820.3+3624,bll
1525,J1823.4+6857,bll,J1823.5+6858,bll,J1823.5+6858,bll,J1823.5+6858,bll,J1823.5+6858,bll
1526,J1823.6-3453,bcu,J1823.6-3453,bcu,J1823.6-3453,bcu,J1823.6-3453,bcu,J1823.6-3453,bcu
1527,J1823.7-3019,PSR,J1823.5-3020,PSR,J1823.5-3020,PSR,J1823.5-3020,MSP,J1823.5-3020,MSP
1528,J1824.0+1017,psr,J1824.1+1013,PSR,J1824.1+1013,PSR,J1824.1+1013,MSP,J1824.1+1013,MSP
1529,J1824.2+5649,bll,J1824.1+5651,bll,J1824.1+5651,bll,J1824.1+5651,bll,J1824.1+5651,bll
1530,J1824.4+4310,bcu,J1824.5+4311,bcu,J1824.5+4311,bcu,J1824.5+4311,bcu,J1824.5+4311,bcu
1531,J1824.6-2451,PSR,J1824.6-2452,PSR,J1824.6-2452,PSR,J1824.6-2452,MSP,J1824.6-2452,MSP
1532,J1825.2-5230,bcu,J1825.1-5231,bcu,J1825.1-5231,bcu,J1825.1-5231,bcu,J1825.1-5231,bcu
1533,J1826.1-1256,PSR,J1826.1-1256,PSR,J1826.1-1256,PSR,J1826.1-1256,PSR,J1826.1-1256,PSR
1534,J1826.2-1450,HMB,J1826.2-1450,HMB,J1826.2-1450,HMB,J1826.2-1450,HMB,J1826.2-1450,HMB
1535,J1828.4-1121,spp,J1828.0-1133,spp,J1828.0-1133,spp,J1828.0-1133,spp,J1828.0-1133,spp
1536,J1828.9-2417,bcu,J1829.0-2417,bcu,J1829.0-2417,bll,J1829.0-2417,bll,J1829.0-2417,bll
1537,J1829.4+5402,bll,J1829.3+5402,bll,J1829.3+5402,bll,J1829.3+5402,bll,J1829.3+5402,bll
1538,J1829.6+4844,ssrq,J1829.5+4845,css,J1829.5+4845,css,J1829.5+4845,css,J1829.5+4845,css
1539,J1829.8+1328,bll,J1830.0+1324,bll,J1830.0+1324,bll,J1830.0+1324,bll,J1830.0+1324,bll
1540,J1830.0-4439,bcu,J1830.2-4443,bcu,J1830.2-4443,bcu,J1830.2-4443,bcu,J1830.2-4443,bcu
1541,J1830.1+0617,fsrq,J1830.1+0617,fsrq,J1830.1+0617,fsrq,J1830.1+0617,fsrq,J1830.1+0617,fsrq
1542,J1831.0-2714,bcu,J1830.7-2713,bcu,J1830.7-2713,bcu,J1830.7-2713,bcu,J1830.7-2713,bcu
1543,J1832.4-5659,bll,J1832.6-5658,bll,J1832.6-5658,bll,J1832.6-5658,bll,J1832.6-5658,bll
1544,J1833.5-1033,PSR,J1833.5-1033,PSR,J1833.5-1033,PSR,J1833.5-1033,PSR,J1833.5-1033,PSR
1545,J1833.6-2103,fsrq,J1833.6-2103,FSRQ,J1833.6-2103,FSRQ,J1833.6-2103,FSRQ,J1833.6-2103,FSRQ
1546,J1833.9-0711,spp,J1834.1-0706e,SNR,J1834.1-0706e,SNR,J1834.1-0706e,SNR,J1834.1-0706e,SNR
1547,J1835.4+1349,bcu,J1835.5+1349,bll,J1835.5+1349,bll,J1835.5+1349,bll,J1835.5+1349,bll
1548,J1835.7-3258,glc,J1835.7-3258,glc,J1835.7-3258,glc,J1835.7-3258,glc,J1835.7-3258,MSP
1549,J1836.2+5925,PSR,J1836.2+5925,PSR,J1836.2+5925,PSR,J1836.2+5925,PSR,J1836.2+5925,PSR
1550,J1836.3+3137,bll,J1836.4+3137,bll,J1836.4+3137,bll,J1836.4+3137,bll,J1836.4+3137,bll
1551,J1837.9-0607,PSR,J1837.8-0604,PSR,J1837.8-0604,PSR,J1837.8-0604,PSR,J1837.8-0604,PSR
1552,J1838.8+4802,bll,J1838.8+4802,bll,J1838.8+4802,bll,J1838.8+4802,bll,J1838.8+4802,bll
1553,J1838.9-0537,PSR,J1838.9-0537,PSR,J1838.9-0537,PSR,J1838.9-0537,PSR,J1838.9-0537,PSR
1554,J1840.1-0412,spp,J1840.0-0411,spp,J1840.0-0411,spp,J1840.0-0411,spp,J1840.0-0411,spp
1555,J1840.9-0532e,PWN,J1840.9-0532e,PWN,J1840.9-0532e,PWN,J1840.9-0532e,PWN,J1840.9-0532e,PWN
1556,J1841.2+2910,bcu,J1841.3+2909,bll,J1841.3+2909,bll,J1841.3+2909,bll,J1841.3+2909,bll
1557,J1841.7+3218,bll,J1841.8+3218,bll,J1841.8+3218,bll,J1841.8+3218,bll,J1841.8+3218,bll
1558,J1842.3-5841,bcu,J1842.4-5840,bcu,J1842.4-5840,bll,J1842.4-5840,bll,J1842.4-5840,bll
1559,J1842.8+6810,fsrq,J1842.3+6810,fsrq,J1842.3+6810,fsrq,J1842.3+6810,fsrq,J1842.3+6810,fsrq
1560,J1843.6-1114,PSR,J1843.7-1114,PSR,J1843.7-1114,PSR,J1843.7-1114,MSP,J1843.7-1114,MSP
1561,J1844.1+5709,bll,J1844.9+5709,bll,J1844.9+5709,bll,J1844.9+5709,bll,J1844.9+5709,bll
1562,J1844.3+1547,bcu,J1844.4+1547,bll,J1844.4+1547,bll,J1844.4+1547,bll,J1844.4+1547,bll
1563,J1846.3+0919,PSR,J1846.3+0919,PSR,J1846.3+0919,PSR,J1846.3+0919,PSR,J1846.3+0919,PSR
1564,J1848.1-4230,bcu,J1848.1-4230,bcu,J1848.1-4230,bcu,J1848.1-4230,bcu,J1848.1-4230,bcu
1565,J1848.4+3216,FSRQ,J1848.4+3217,FSRQ,J1848.4+3217,FSRQ,J1848.4+3217,FSRQ,J1848.4+3217,FSRQ
1566,J1848.9+4247,bll,J1848.9+4247,bll,J1848.9+4247,bll,J1848.9+4247,bll,J1848.9+4247,bll
1567,J1849.2+6705,FSRQ,J1849.2+6705,FSRQ,J1849.2+6705,FSRQ,J1849.2+6705,FSRQ,J1849.2+6705,FSRQ
1568,J1849.3-1645,bcu,J1849.2-1647,bcu,J1849.2-1647,bcu,J1849.2-1647,bll,J1849.2-1647,bll
1569,J1849.4-0057,snr,J1849.4-0056,snr,J1849.4-0056,snr,J1849.4-0056,snr,J1849.4-0056,snr
1570,J1849.4-4312,bll,J1849.4-4313,bll,J1849.4-4313,bll,J1849.4-4313,bll,J1849.4-4313,bll
1571,J1849.5+2751,bll,J1849.4+2745,bll,J1849.4+2745,bll,J1849.4+2745,bll,J1849.4+2745,bll
1572,J1852.4+4856,fsrq,J1852.4+4856,fsrq,J1852.4+4856,fsrq,J1852.4+4856,fsrq,J1852.4+4856,fsrq
1573,J1855.1-6008,bcu,J1854.6-6007,bll,J1854.6-6007,bll,J1854.6-6007,bll,J1854.6-6007,bll
1574,J1855.1-2243,glc,J1855.1-2243,glc,J1855.1-2243,glc,J1855.1-2243,glc,J1855.1-2243,glc
1575,J1855.9+0121e,SNR,J1855.9+0121e,SNR,J1855.9+0121e,SNR,J1855.9+0121e,SNR,J1855.9+0121e,SNR
1576,J1858.2-2215,PSR,J1858.3-2216,PSR,J1858.3-2216,PSR,J1858.3-2216,MSP,J1858.3-2216,MSP
1577,J1858.4-2509,bcu,J1858.3-2511,bcu,J1858.3-2511,bcu,J1858.3-2511,bcu,J1858.3-2511,bcu
1578,J1902.0-5107,PSR,J1902.0-5105,PSR,J1902.0-5105,PSR,J1902.0-5105,MSP,J1902.0-5105,MSP
1579,J1902.9-6745,fsrq,J1902.9-6748,fsrq,J1902.9-6748,fsrq,J1902.9-6748,fsrq,J1902.9-6748,fsrq
1580,J1903.2+5541,bll,J1903.2+5540,bll,J1903.2+5540,bll,J1903.2+5540,bll,J1903.2+5540,bll
1581,J1903.6-7052,PSR,J1903.4-7053,PSR,J1903.4-7053,PSR,J1903.4-7053,MSP,J1903.4-7053,MSP
1582,J1904.5+3627,bcu,J1904.1+3627,bll,J1904.1+3627,bll,J1904.1+3627,bll,J1904.1+3627,bll
1583,J1907.9+0602,PSR,J1907.9+0602,PSR,J1907.9+0602,PSR,J1907.9+0602,PSR,J1907.9+0602,PSR
1584,J1910.7-6000,glc,J1910.8-6001,glc,J1910.8-6001,glc,J1910.8-6001,glc,J1910.8-6001,glc
1585,J1910.8+2855,bcu,J1910.8+2856,unk,J1910.8+2856,unk,J1910.8+2856,unk,J1910.8+2856,unk
1586,J1910.9+0906,snr,J1911.0+0905,snr,J1911.0+0905,snr,J1911.0+0905,snr,J1911.0+0905,snr
1587,J1911.2-2006,fsrq,J1911.2-2006,fsrq,J1911.2-2006,fsrq,J1911.2-2006,fsrq,J1911.2-2006,fsrq
1588,J1911.4-1908,bcu,J1911.4-1908,bll,J1911.4-1908,bll,J1911.4-1908,bll,J1911.4-1908,bll
1589,J1912.0-0804,bcu,J1912.1-0803,bcu,J1912.1-0803,bcu,J1912.1-0803,bcu,J1912.1-0803,bcu
1590,J1912.6-1223,bcu,J1912.4-1222,bcu,J1912.4-1222,bcu,J1912.4-1222,bcu,J1912.4-1222,bcu
1591,J1912.9-8008,fsrq,J1913.0-8009,fsrq,J1913.0-8009,fsrq,J1913.0-8009,fsrq,J1913.0-8009,fsrq
1592,J1913.5-3631,bcu,J1913.4-3629,bcu,J1913.4-3629,bcu,J1913.4-3629,bcu,J1913.4-3629,bcu
1593,J1913.9+4441,bcu,J1913.9+4439,bll,J1913.9+4439,bll,J1913.9+4439,bll,J1913.9+4439,bll
1594,J1915.9+1112,spp,J1916.3+1108,spp,J1916.3+1108,spp,J1916.3+1108,spp,J1916.3+1108,spp
1595,J1917.7-1921,bll,J1917.7-1921,bll,J1917.7-1921,bll,J1917.7-1921,bll,J1917.7-1921,bll
1596,J1918.0+3750,bcu,J1918.1+3752,bcu,J1918.1+3752,bcu,J1918.1+3752,bcu,J1918.1+3752,bcu
1597,J1918.2-4110,bll,J1918.2-4111,bll,J1918.2-4111,bll,J1918.2-4111,bll,J1918.2-4111,bll
1598,J1921.2+0136,psr,J1921.4+0136,PSR,J1921.4+0136,PSR,J1921.4+0136,MSP,J1921.4+0136,MSP
1599,J1921.2-1232,bll,J1921.3-1231,bll,J1921.3-1231,bll,J1921.3-1231,bll,J1921.3-1231,bll
1600,J1921.9-1607,bll,J1921.8-1607,bll,J1921.8-1607,bll,J1921.8-1607,bll,J1921.8-1607,bll
1601,J1923.2+1408e,SNR,J1923.2+1408e,SNR,J1923.2+1408e,SNR,J1923.2+1408e,SNR,J1923.2+1408e,SNR
1602,J1923.5-2104,fsrq,J1923.5-2104,fsrq,J1923.5-2104,fsrq,J1923.5-2104,fsrq,J1923.5-2104,fsrq
1603,J1924.8-2914,fsrq,J1924.8-2914,fsrq,J1924.8-2914,fsrq,J1924.8-2914,fsrq,J1924.8-2914,fsrq
1604,J1924.9+2817,bcu,J1925.0+2815,bcu,J1925.0+2815,bcu,J1925.0+2815,bcu,J1925.0+2815,bcu
1605,J1925.7+1228,bcu,J1925.7+1227,bcu,J1925.7+1227,bcu,J1925.7+1227,bcu,J1925.7+1227,bcu
1606,J1926.8+6154,bll,J1926.8+6154,bll,J1926.8+6154,bll,J1926.8+6154,bll,J1926.8+6154,bll
1607,J1927.7+6118,bll,J1927.5+6117,bll,J1927.5+6117,bll,J1927.5+6117,bll,J1927.5+6117,bll
1608,J1931.1+0937,bll,J1931.1+0937,bll,J1931.1+0937,bll,J1931.1+0937,bll,J1931.1+0937,bll
1609,J1932.2+1916,PSR,J1932.3+1916,PSR,J1932.3+1916,PSR,J1932.3+1916,PSR,J1932.3+1916,PSR
1610,J1932.6-4537,fsrq,J1933.2-4539,fsrq,J1933.2-4539,fsrq,J1933.2-4539,fsrq,J1933.2-4539,fsrq
1611,J1933.4+0727,bcu,J1933.3+0726,bll,J1933.3+0726,bll,J1933.3+0726,bll,J1933.3+0726,bll
1612,J1935.5+8355,bcu,J1937.0+8354,bcu,J1937.0+8354,bcu,J1937.0+8354,bcu,J1937.0+8354,bcu
1613,J1936.9-4719,bll,J1936.9-4720,bll,J1936.9-4720,bll,J1936.9-4720,bll,J1936.9-4720,bll
1614,J1937.0-3956,fsrq,J1937.2-3958,fsrq,J1937.2-3958,fsrq,J1937.2-3958,fsrq,J1937.2-3958,fsrq
1615,J1939.6-4925,bcu,J1939.8-4928,bcu,J1939.8-4928,bcu,J1939.8-4928,bcu,J1939.8-4928,bcu
1616,J1941.2-6210,bcu,J1941.3-6210,fsrq,J1941.3-6210,bll,J1941.3-6210,bll,J1941.3-6210,bll
1617,J1941.8+7218,bcu,J1941.7+7218,bcu,J1941.7+7218,bcu,J1941.7+7218,bcu,J1941.7+7218,bcu
1618,J1942.7+1033,bcu,J1942.7+1033,bll,J1942.7+1033,bll,J1942.7+1033,bll,J1942.7+1033,bll
1619,J1943.2-3510,bll,J1942.8-3512,bll,J1942.8-3512,bll,J1942.8-3512,bll,J1942.8-3512,bll
1620,J1944.1-4523,bcu,J1944.4-4523,bcu,J1944.4-4523,bcu,J1944.4-4523,bll,J1944.4-4523,bll
1621,J1945.9-3115,bll,J1946.0-3112,bll,J1946.0-3112,bll,J1946.0-3112,bll,J1946.0-3112,bll
1622,J1949.0+1312,bcu,J1949.0+1314,bcu,J1949.0+1314,bcu,J1949.0+1314,bcu,J1949.0+1314,bcu
1623,J1952.9+3253,PSR,J1952.9+3252,PSR,J1952.9+3252,PSR,J1952.9+3252,PSR,J1952.9+3252,PSR
1624,J1954.2+2836,PSR,J1954.3+2836,PSR,J1954.3+2836,PSR,J1954.3+2836,PSR,J1954.3+2836,PSR
1625,J1954.8-1122,fsrq,J1954.6-1122,bll,J1954.6-1122,bll,J1954.6-1122,bll,J1954.6-1122,bll
1626,J1954.9-5640,bcu,J1954.9-5640,bcu,J1954.9-5640,bll,J1954.9-5640,bll,J1954.9-5640,bll
1627,J1955.0-1605,bcu,J1955.1-1604,bll,J1955.1-1604,bll,J1955.1-1604,bll,J1955.1-1604,bll
1628,J1955.1+1357,fsrq,J1955.2+1358,fsrq,J1955.2+1358,fsrq,J1955.2+1358,fsrq,J1955.2+1358,fsrq
1629,J1955.9+0212,bcu,J1955.7+0214,bll,J1955.7+0214,bll,J1955.7+0214,bll,J1955.7+0214,bll
1630,J1955.9+0212,bcu,J1955.7+0214,bll,J1955.7+0214,bll,J1956.1+0234,bcu,J1955.7+0214,bll
1631,J1955.9+0212,bcu,J1955.7+0214,bll,J1956.1+0234,bcu,J1955.7+0214,bll,J1955.7+0214,bll
1632,J1955.9+0212,bcu,J1955.7+0214,bll,J1956.1+0234,bcu,J1956.1+0234,bcu,J1955.7+0214,bll
1633,J1955.9+0212,bcu,J1956.1+0234,bcu,J1955.7+0214,bll,J1955.7+0214,bll,J1955.7+0214,bll
1634,J1955.9+0212,bcu,J1956.1+0234,bcu,J1955.7+0214,bll,J1956.1+0234,bcu,J1955.7+0214,bll
1635,J1955.9+0212,bcu,J1956.1+0234,bcu,J1956.1+0234,bcu,J1955.7+0214,bll,J1955.7+0214,bll
1636,J1955.9+0212,bcu,J1956.1+0234,bcu,J1956.1+0234,bcu,J1956.1+0234,bcu,J1955.7+0214,bll
1637,J1957.0-3234,fsrq,J1957.1-3231,fsrq,J1957.1-3231,fsrq,J1957.1-3231,fsrq,J1957.1-3231,fsrq
1638,J1957.7+5034,PSR,J1957.6+5033,PSR,J1957.6+5033,PSR,J1957.6+5033,PSR,J1957.6+5033,PSR
1639,J1958.0-3847,fsrq,J1958.0-3845,fsrq,J1958.0-3845,fsrq,J1958.0-3845,fsrq,J1958.0-3845,fsrq
1640,J1958.2-3011,bll,J1958.3-3010,bll,J1958.3-3010,bll,J1958.3-3010,bll,J1958.3-3010,bll
1641,J1958.6+2845,PSR,J1958.7+2846,PSR,J1958.7+2846,PSR,J1958.7+2846,PSR,J1958.7+2846,PSR
1642,J1959.1-4245,fsrq,J1959.1-4247,fsrq,J1959.1-4247,fsrq,J1959.1-4247,fsrq,J1959.1-4247,fsrq
1643,J1959.5+2047,PSR,J1959.5+2048,PSR,J1959.5+2048,PSR,J1959.5+2048,MSP,J1959.5+2048,MSP
1644,J1959.8-4725,bcu,J1959.7-4725,bll,J1959.7-4725,bll,J1959.7-4725,bll,J1959.7-4725,bll
1645,J2000.0+6509,bll,J2000.0+6508,bll,J2000.0+6508,bll,J2000.0+6508,bll,J2000.0+6508,bll
1646,J2000.1+4212,bcu,J2000.0+4214,bcu,J2000.0+4214,bcu,J2000.0+4214,bcu,J2000.0+4214,bcu
1647,J2000.4-2926,fsrq,J2000.3-2930,fsrq,J2000.3-2930,fsrq,J2000.3-2930,fsrq,J2000.3-2930,fsrq
1648,J2001.0-1750,fsrq,J2000.9-1748,fsrq,J2000.9-1748,fsrq,J2000.9-1748,fsrq,J2000.9-1748,fsrq
1649,J2001.1+4352,bll,J2001.2+4353,bll,J2001.2+4353,bll,J2001.2+4353,bll,J2001.2+4353,bll
1650,J2001.8+7041,bll,J2001.7+7040,bll,J2001.7+7040,bll,J2001.7+7040,bll,J2001.7+7040,bll
1651,J2002.7+6303,bcu,J2002.6+6302,bcu,J2002.6+6302,bll,J2002.6+6302,bll,J2002.6+6302,bll
1652,J2004.8+7003,bll,J2005.1+7003,bll,J2005.1+7003,bll,J2005.1+7003,bll,J2005.1+7003,bll
1653,J2005.2+7752,bll,J2005.5+7752,bll,J2005.5+7752,bll,J2005.5+7752,bll,J2005.5+7752,bll
1654,J2006.0-2311,fsrq,J2005.9-2309,fsrq,J2005.9-2309,fsrq,J2005.9-2309,fsrq,J2005.9-2309,fsrq
1655,J2007.3+6605,fsrq,J2007.2+6607,fsrq,J2007.2+6607,fsrq,J2007.2+6607,fsrq,J2007.2+6607,fsrq
1656,J2007.7-7728,bcu,J2007.3-7728,bcu,J2007.3-7728,bcu,J2007.3-7728,bcu,J2007.3-7728,bcu
1657,J2007.8-4429,nlsy1,J2007.9-4432,nlsy1,J2007.9-4432,nlsy1,J2007.9-4432,nlsy1,J2007.9-4432,nlsy1
1658,J2009.3-4849,BLL,J2009.4-4849,BLL,J2009.4-4849,BLL,J2009.4-4849,BLL,J2009.4-4849,BLL
1659,J2010.3+7228,bll,J2010.0+7229,bll,J2010.0+7229,bll,J2010.0+7229,bll,J2010.0+7229,bll
1660,J2012.0+4629,bll,J2012.0+4629,bll,J2012.0+4629,bll,J2012.0+4629,bll,J2012.0+4629,bll
1661,J2012.1-1643,bll,J2012.2-1646,bll,J2012.2-1646,bll,J2012.2-1646,bll,J2012.2-1646,bll
1662,J2014.3-0047,bll,J2014.3-0047,bll,J2014.3-0047,bll,J2014.3-0047,bll,J2014.3-0047,bll
1663,J2014.5+0648,bcu,J2014.5+0648,bll,J2014.5+0648,bll,J2014.5+0648,bll,J2014.5+0648,bll
1664,J2014.9+1623,bcu,J2015.0+1621,bcu,J2015.0+1621,bcu,J2015.0+1621,bcu,J2015.0+1621,bcu
1665,J2015.2-0138,bll,J2015.2-0137,bll,J2015.2-0137,bll,J2015.2-0137,bll,J2015.2-0137,bll
1666,J2015.6+3709,FSRQ,J2015.5+3710,FSRQ,J2015.5+3710,FSRQ,J2015.5+3710,FSRQ,J2015.5+3710,FSRQ
1667,J2016.4-0905,bll,J2016.3-0903,bll,J2016.3-0903,bll,J2016.3-0903,bll,J2016.3-0903,bll
1668,J2017.3+0602,PSR,J2017.4+0602,PSR,J2017.4+0602,PSR,J2017.4+0602,MSP,J2017.4+0602,MSP
1669,J2017.6-4110,bcu,J2017.5-4113,bcu,J2017.5-4113,bcu,J2017.5-4113,bcu,J2017.5-4113,bcu
1670,J2017.6-1616,psr,J2017.7-1612,PSR,J2017.7-1612,PSR,J2017.7-1612,MSP,J2017.7-1612,MSP
1671,J2018.5+3851,bcu,J2018.5+3852,bcu,J2018.5+3852,bcu,J2018.5+3852,bcu,J2018.5+3852,bcu
1672,J2021.0+4031e,SNR,J2021.0+4031e,SNR,J2021.0+4031e,SNR,J2021.0+4031e,SNR,J2021.0+4031e,SNR
1673,J2021.1+3651,PSR,J2021.1+3651,PSR,J2021.1+3651,PSR,J2021.1+3651,PSR,J2021.1+3651,PSR
1674,J2021.5+4026,PSR,J2021.5+4026,PSR,J2021.5+4026,PSR,J2021.5+4026,PSR,J2021.5+4026,PSR
1675,J2021.9+0630,bll,J2021.9+0629,bll,J2021.9+0629,bll,J2021.9+0629,bll,J2021.9+0629,bll
1676,J2022.2+3840,spp,J2022.3+3840,PSR,J2022.3+3840,PSR,J2022.3+3840,PSR,J2022.3+3840,PSR
1677,J2022.2-4515,bll,J2022.3-4513,bll,J2022.3-4513,bll,J2022.3-4513,bll,J2022.3-4513,bll
1678,J2022.5+7612,bll,J2022.5+7612,bll,J2022.5+7612,bll,J2022.5+7612,bll,J2022.5+7612,bll
1679,J2023.2+3154,bcu,J2023.2+3153,bcu,J2023.2+3153,bcu,J2023.2+3153,bcu,J2023.2+3153,bcu
1680,J2023.6-1139,fsrq,J2023.6-1139,fsrq,J2023.6-1139,fsrq,J2023.6-1139,fsrq,J2023.6-1139,fsrq
1681,J2024.4-0848,bcu,J2024.4-0847,bll,J2024.4-0847,bll,J2024.4-0847,bll,J2024.4-0847,bll
1682,J2024.4-3254,fsrq,J2024.6-3252,fsrq,J2024.6-3252,fsrq,J2024.6-3252,fsrq,J2024.6-3252,fsrq
1683,J2025.2+3340,bcu,J2025.3+3341,bcu,J2025.3+3341,bll,J2025.3+3341,bll,J2025.3+3341,bll
1684,J2025.6-0736,fsrq,J2025.6-0735,fsrq,J2025.6-0735,fsrq,J2025.6-0735,fsrq,J2025.6-0735,fsrq
1685,J2026.3+7644,bcu,J2026.1+7645,bcu,J2026.1+7645,bcu,J2026.1+7645,bcu,J2026.1+7645,bcu
1686,J2028.3+3332,PSR,J2028.3+3331,PSR,J2028.3+3331,PSR,J2028.3+3331,PSR,J2028.3+3331,PSR
1687,J2028.6+4110e,SFR,J2028.6+4110e,SFR,J2028.6+4110e,SFR,J2028.6+4110e,SFR,J2028.6+4110e,SFR
1688,J2029.4+4923,bll,J2029.5+4925,bll,J2029.5+4925,bll,J2029.5+4925,bll,J2029.5+4925,bll
1689,J2030.0+3642,PSR,J2030.0+3641,PSR,J2030.0+3641,PSR,J2030.0+3641,PSR,J2030.0+3641,PSR
1690,J2030.2-0622,fsrq,J2030.2-0620,fsrq,J2030.2-0620,fsrq,J2030.2-0620,fsrq,J2030.2-0620,fsrq
1691,J2030.8+4416,PSR,J2030.9+4416,PSR,J2030.9+4416,PSR,J2030.9+4416,PSR,J2030.9+4416,PSR
1692,J2031.0+1937,bcu,J2030.9+1935,bll,J2030.9+1935,bll,J2030.9+1935,bll,J2030.9+1935,bll
1693,J2031.8+1223,bll,J2032.0+1219,bll,J2032.0+1219,bll,J2032.0+1219,bll,J2032.0+1219,bll
1694,J2032.2+4126,PSR,J2032.2+4127,PSR,J2032.2+4127,PSR,J2032.2+4127,PSR,J2032.2+4127,PSR
1695,J2033.6+6309,bcu,J2033.7+6308,bcu,J2033.7+6308,bcu,J2033.7+6308,bcu,J2033.7+6308,bcu
1696,J2034.3+1155,fsrq,J2034.6+1154,fsrq,J2034.6+1154,fsrq,J2034.6+1154,fsrq,J2034.6+1154,fsrq
1697,J2035.3+1055,fsrq,J2035.4+1056,fsrq,J2035.4+1056,fsrq,J2035.4+1056,fsrq,J2035.4+1056,fsrq
1698,J2036.4+6551,bll,J2036.4+6553,bll,J2036.4+6553,bll,J2036.4+6553,bll,J2036.4+6553,bll
1699,J2036.6-3325,bcu,J2036.9-3329,bll,J2036.9-3329,bll,J2036.9-3329,bll,J2036.9-3329,bll
1700,J2038.8+5113,fsrq,J2038.7+5117,fsrq,J2038.7+5117,fsrq,J2038.7+5117,fsrq,J2038.7+5117,fsrq
1701,J2039.0-1047,bll,J2039.0-1046,bll,J2039.0-1046,bll,J2039.0-1046,bll,J2039.0-1046,bll
1702,J2039.5+5217,bll,J2039.5+5218,bll,J2039.5+5218,bll,J2039.5+5218,bll,J2039.5+5218,bll
1703,J2040.0-5734,bcu,J2040.0-5737,bcu,J2040.0-5737,bcu,J2040.0-5737,bcu,J2040.0-5737,bcu
1704,J2040.2-7115,bcu,J2040.2-7115,bll,J2040.2-7115,bll,J2040.2-7115,bll,J2040.2-7115,bll
1705,J2041.7-3732,bll,J2041.9-3735,bll,J2041.9-3735,bll,J2041.9-3735,bll,J2041.9-3735,bll
1706,J2041.9-7318,bcu,J2041.8-7319,bcu,J2041.8-7319,bll,J2041.8-7319,bll,J2041.8-7319,bll
1707,J2042.1+2428,bll,J2042.1+2427,bll,J2042.1+2427,bll,J2042.1+2427,bll,J2042.1+2427,bll
1708,J2042.1+0247,PSR,J2042.2+0245,PSR,J2042.2+0245,PSR,J2042.2+0245,MSP,J2042.2+0245,MSP
1709,J2043.2+1711,PSR,J2043.3+1711,PSR,J2043.3+1711,PSR,J2043.3+1711,MSP,J2043.3+1711,MSP
1710,J2043.8+2741,PSR,J2043.7+2741,PSR,J2043.7+2741,PSR,J2043.7+2741,PSR,J2043.7+2741,PSR
1711,J2046.7-1011,bcu,J2046.6-1012,bcu,J2046.6-1012,bll,J2046.6-1012,bll,J2046.6-1012,bll
1712,J2047.1+1054,PSR,J2047.3+1051,PSR,J2047.3+1051,PSR,J2047.3+1051,MSP,J2047.3+1051,MSP
1713,J2049.0-6801,bcu,J2048.6-6804,bll,J2048.6-6804,bll,J2048.6-6804,bll,J2048.6-6804,bll
1714,J2049.7+1002,bcu,J2049.9+1002,bcu,J2049.9+1002,bll,J2049.9+1002,bll,J2049.9+1002,bll
1715,J2050.2+0409,bll,J2050.0+0408,bll,J2050.0+0408,bll,J2050.0+0408,bll,J2050.0+0408,bll
1716,J2051.3-0828,PSR,J2051.0-0826,PSR,J2051.0-0826,PSR,J2051.0-0826,MSP,J2051.0-0826,MSP
1717,J2051.8-5535,bcu,J2052.2-5533,bcu,J2052.2-5533,bcu,J2052.2-5533,bcu,J2052.2-5533,bcu
1718,J2052.7+1217,psr,J2052.7+1218,PSR,J2052.7+1218,PSR,J2052.7+1218,MSP,J2052.7+1218,MSP
1719,J2055.0+0016,bll,J2054.8+0015,bll,J2054.8+0015,bll,J2054.8+0015,bll,J2054.8+0015,bll
1720,J2055.2-0019,bll,J2055.4-0020,bll,J2055.4-0020,bll,J2055.4-0020,bll,J2055.4-0020,bll
1721,J2055.8+2539,PSR,J2055.8+2540,PSR,J2055.8+2540,PSR,J2055.8+2540,PSR,J2055.8+2540,PSR
1722,J2056.2-4714,fsrq,J2056.2-4714,fsrq,J2056.2-4714,fsrq,J2056.2-4714,fsrq,J2056.2-4714,fsrq
1723,J2056.7+4938,bcu,J2056.7+4939,bcu,J2056.7+4939,bcu,J2056.7+4939,bcu,J2056.7+4939,bcu
1724,J2103.9-6233,bcu,J2103.8-6233,bll,J2103.8-6233,bll,J2103.8-6233,bll,J2103.8-6233,bll
1725,J2103.9-3546,bcu,J2104.0-3546,bcu,J2104.0-3546,bcu,J2104.0-3546,bcu,J2104.0-3546,bcu
1726,J2104.2-0211,bcu,J2104.3-0212,bll,J2104.3-0212,bll,J2104.3-0212,bll,J2104.3-0212,bll
1727,J2106.1+2505,bcu,J2106.9+2455,bcu,J2106.9+2455,bcu,J2106.9+2455,bcu,J2106.9+2455,bcu
1728,J2108.0+3654,bcu,J2108.0+3655,bll,J2108.0+3655,bll,J2108.0+3655,bll,J2108.0+3655,bll
1729,J2108.6-8619,bcu,J2109.8-8618,bcu,J2109.8-8618,bcu,J2109.8-8618,bcu,J2109.8-8618,bcu
1730,J2108.6-0250,bll,J2108.7-0250,bll,J2108.7-0250,bll,J2108.7-0250,bll,J2108.7-0250,bll
1731,J2109.1-6638,bcu,J2108.9-6638,bll,J2108.9-6638,bll,J2108.9-6638,bll,J2108.9-6638,bll
1732,J2110.0+0812,fsrq,J2110.3+0808,fsrq,J2110.3+0808,fsrq,J2110.3+0808,fsrq,J2110.3+0808,fsrq
1733,J2110.3-1013,fsrq,J2110.2-1021,fsrq,J2110.2-1021c,fsrq,J2110.2-1021c,fsrq,J2110.2-1021c,fsrq
1734,J2111.4+4605,PSR,J2111.4+4606,PSR,J2111.4+4606,PSR,J2111.4+4606,PSR,J2111.4+4606,PSR
1735,J2112.7+0819,bcu,J2112.7+0819,bll,J2112.7+0819,bll,J2112.7+0819,bll,J2112.7+0819,bll
1736,J2114.7+3130,bcu,J2114.7+3130,bcu,J2114.7+3130,bcu,J2114.7+3130,bcu,J2114.7+3130,bcu
1737,J2114.9+5448,psr,J2115.1+5449,PSR,J2115.1+5449,PSR,J2115.1+5449,MSP,J2115.1+5449,MSP
1738,J2115.4+2933,fsrq,J2115.4+2932,fsrq,J2115.4+2932,fsrq,J2115.4+2932,fsrq,J2115.4+2932,fsrq
1739,J2116.1+3339,bll,J2116.2+3339,bll,J2116.2+3339,bll,J2116.2+3339,bll,J2116.2+3339,bll
1740,J2118.0-3241,bcu,J2117.8-3243,bll,J2117.8-3243,bll,J2117.8-3243,bll,J2117.8-3243,bll
1741,J2118.4+0013,fsrq,J2118.0+0019,fsrq,J2118.0+0019,fsrq,J2118.0+0019,fsrq,J2118.0+0019,fsrq
1742,J2119.2-3313,bcu,J2119.0-3317,bcu,J2119.0-3317,bcu,J2119.0-3317,bcu,J2119.0-3317,bcu
1743,J2121.0+1901,fsrq,J2121.0+1901,fsrq,J2121.0+1901,fsrq,J2121.0+1901,fsrq,J2121.0+1901,fsrq
1744,J2123.6+0533,fsrq,J2123.6+0535,fsrq,J2123.6+0535,fsrq,J2123.6+0535,fsrq,J2123.6+0535,fsrq
1745,J2124.7-3358,PSR,J2124.7-3358,PSR,J2124.7-3358,PSR,J2124.7-3358,MSP,J2124.7-3358,MSP
1746,J2126.5-4605,FSRQ,J2126.3-4605,FSRQ,J2126.3-4605,FSRQ,J2126.3-4605,FSRQ,J2126.3-4605,FSRQ
1747,J2126.5-3926,bcu,J2126.1-3922,bcu,J2126.1-3922,bll,J2126.1-3922,bll,J2126.1-3922,bll
1748,J2127.7+3612,bll,J2127.7+3612,bll,J2127.7+3612,bll,J2127.7+3612,bll,J2127.7+3612,bll
1749,J2129.6-0427,PSR,J2129.8-0428,PSR,J2129.8-0428,PSR,J2129.8-0428,MSP,J2129.8-0428,MSP
1750,J2130.8-2745,bll,J2131.0-2746,bll,J2131.0-2746,bll,J2131.0-2746,bll,J2131.0-2746,bll
1751,J2131.5-0915,bll,J2131.5-0916,bll,J2131.5-0916,bll,J2131.5-0916,bll,J2131.5-0916,bll
1752,J2131.8-2516,bll,J2131.7-2515,bll,J2131.7-2515,bll,J2131.7-2515,bll,J2131.7-2515,bll
1753,J2132.4-5420,bcu,J2132.0-5418,bcu,J2132.0-5418,bcu,J2132.0-5418,bcu,J2132.0-5418,bcu
1754,J2133.3+2533,bcu,J2133.1+2529c,bll,J2133.1+2529c,bll,J2133.1+2529c,bll,J2133.1+2529c,bll
1755,J2133.8+6648,bcu,J2133.9+6646,bll,J2133.9+6646,bll,J2133.9+6646,bll,J2133.9+6646,bll
1756,J2134.1-0152,bll,J2134.2-0154,bll,J2134.2-0154,bll,J2134.2-0154,bll,J2134.2-0154,bll
1757,J2135.3-5008,fsrq,J2135.3-5006,fsrq,J2135.3-5006,fsrq,J2135.3-5006,fsrq,J2135.3-5006,fsrq
1758,J2139.4-4235,bll,J2139.4-4235,bll,J2139.4-4235,bll,J2139.4-4235,bll,J2139.4-4235,bll
1759,J2140.0+4715,PSR,J2140.0+4716,PSR,J2140.0+4716,PSR,J2140.0+4716,PSR,J2140.0+4716,PSR
1760,J2141.6-6412,bcu,J2141.7-6410,bcu,J2141.7-6410,bcu,J2141.7-6410,bcu,J2141.7-6410,bcu
1761,J2141.7-3734,fsrq,J2141.8-3727,fsrq,J2141.8-3727,fsrq,J2141.8-3727,fsrq,J2141.8-3727,fsrq
1762,J2142.2-2546,bcu,J2142.5-2552,bcu,J2142.5-2552,bcu,J2142.5-2552,bcu,J2142.5-2552,bcu
1763,J2143.1-3928,bll,J2143.1-3929,bll,J2143.1-3929,bll,J2143.1-3929,bll,J2143.1-3929,bll
1764,J2143.5+1744,fsrq,J2143.5+1743,fsrq,J2143.5+1743,fsrq,J2143.5+1743,fsrq,J2143.5+1743,fsrq
1765,J2144.2+3132,bcu,J2144.2+3132,bll,J2144.2+3132,bll,J2144.2+3132,bll,J2144.2+3132,bll
1766,J2144.9-3356,fsrq,J2145.0-3356,fsrq,J2145.0-3356,fsrq,J2145.0-3356,fsrq,J2145.0-3356,fsrq
1767,J2145.7+0717,bll,J2145.7+0718,bll,J2145.7+0718,bll,J2145.7+0718,bll,J2145.7+0718,bll
1768,J2146.6-1344,bll,J2146.5-1344,bll,J2146.5-1344,bll,J2146.5-1344,bll,J2146.5-1344,bll
1769,J2146.7-1527,fsrq,J2146.4-1528,fsrq,J2146.4-1528,fsrq,J2146.4-1528,fsrq,J2146.4-1528,fsrq
1770,J2147.2+0929,FSRQ,J2147.1+0931,FSRQ,J2147.1+0931,FSRQ,J2147.1+0931,FSRQ,J2147.1+0931,FSRQ
1771,J2147.3-7536,FSRQ,J2147.3-7536,FSRQ,J2147.3-7536,FSRQ,J2147.3-7536,FSRQ,J2147.3-7536,FSRQ
1772,J2149.6+1915,bcu,J2149.7+1917,bcu,J2149.7+1917,bcu,J2149.7+1917,bcu,J2149.7+1917,bcu
1773,J2149.7+0323,bll,J2149.6+0323,bll,J2149.6+0323,bll,J2149.6+0323,bll,J2149.6+0323,bll
1774,J2150.2-1411,bll,J2150.1-1410,bll,J2150.1-1410,bll,J2150.1-1410,bll,J2150.1-1410,bll
1775,J2151.8-3025,fsrq,J2151.8-3027,fsrq,J2151.8-3027,fsrq,J2151.8-3027,fsrq,J2151.8-3027,fsrq
1776,J2152.4+1735,bll,J2152.5+1737,bll,J2152.5+1737,bll,J2152.5+1737,bll,J2152.5+1737,bll
1777,J2152.9-0045,bll,J2153.1-0041,bll,J2153.1-0041,bll,J2153.1-0041,bll,J2153.1-0041,bll
1778,J2154.0-1137,fsrq,J2153.8-1137,fsrq,J2153.8-1137,fsrq,J2153.8-1137,fsrq,J2153.8-1137,fsrq
1779,J2156.0+1818,bcu,J2156.0+1818,bll,J2156.0+1818,bll,J2156.0+1818,bll,J2156.0+1818,bll
1780,J2156.9-0855,bll,J2156.9-0854,bll,J2156.9-0854,bll,J2156.9-0854,bll,J2156.9-0854,bll
1781,J2157.5+3126,fsrq,J2157.5+3127,fsrq,J2157.5+3127,fsrq,J2157.5+3127,fsrq,J2157.5+3127,fsrq
1782,J2158.0-1501,fsrq,J2158.1-1501,fsrq,J2158.1-1501,fsrq,J2158.1-1501,fsrq,J2158.1-1501,fsrq
1783,J2158.8-3013,bll,J2158.8-3013,bll,J2158.8-3013,bll,J2158.8-3013,bll,J2158.8-3013,bll
1784,J2159.2-2841,bcu,J2159.1-2840,bcu,J2159.1-2840,bll,J2159.1-2840,bll,J2159.1-2840,bll
1785,J2159.8+1025,bll,J2200.3+1029,bll,J2200.3+1029,bll,J2200.3+1029,bll,J2200.3+1029,bll
1786,J2200.2+2139,bll,J2200.1+2138,bll,J2200.1+2138,bll,J2200.1+2138,bll,J2200.1+2138,bll
1787,J2200.9-2412,bcu,J2200.7-2414,bcu,J2200.7-2414,bcu,J2200.7-2414,bcu,J2200.7-2414,bcu
1788,J2201.7+5047,fsrq,J2201.8+5048,fsrq,J2201.8+5048,fsrq,J2201.8+5048,fsrq,J2201.8+5048,fsrq
1789,J2202.4-8339,fsrq,J2201.5-8339,fsrq,J2201.5-8339,fsrq,J2201.5-8339,fsrq,J2201.5-8339,fsrq
1790,J2202.7+4217,BLL,J2202.7+4216,BLL,J2202.7+4216,BLL,J2202.7+4216,BLL,J2202.7+4216,BLL
1791,J2203.4+1725,fsrq,J2203.4+1725,fsrq,J2203.4+1725,fsrq,J2203.4+1725,fsrq,J2203.4+1725,fsrq
1792,J2204.4+0439,bll,J2204.3+0438,bll,J2204.3+0438,bll,J2204.3+0438,bll,J2204.3+0438,bll
1793,J2206.9-0031,bll,J2206.8-0032,bll,J2206.8-0032,bll,J2206.8-0032,bll,J2206.8-0032,bll
1794,J2207.8-5345,fsrq,J2207.5-5346,fsrq,J2207.5-5346,fsrq,J2207.5-5346,fsrq,J2207.5-5346,fsrq
1795,J2212.0+2355,fsrq,J2212.0+2356,fsrq,J2212.0+2356,fsrq,J2212.0+2356,fsrq,J2212.0+2356,fsrq
1796,J2212.3-7039,bcu,J2211.4-7040,bcu,J2211.4-7040,bll,J2211.4-7040,bll,J2211.4-7040,bll
1797,J2212.6+2801,bcu,J2212.6+2800,bll,J2212.6+2800,bll,J2212.6+2800,bll,J2212.6+2800,bll
1798,J2213.1-2532,fsrq,J2212.9-2526,fsrq,J2212.9-2526,fsrq,J2212.9-2526,fsrq,J2212.9-2526,fsrq
1799,J2213.6-4755,bcu,J2213.5-4754,bcu,J2213.5-4754,bll,J2213.5-4754,bll,J2213.5-4754,bll
1800,J2214.6+3000,PSR,J2214.6+3000,PSR,J2214.6+3000,PSR,J2214.6+3000,MSP,J2214.6+3000,MSP
1801,J2215.6+5134,PSR,J2215.6+5135,PSR,J2215.6+5135,PSR,J2215.6+5135,MSP,J2215.6+5135,MSP
1802,J2217.0+2421,bll,J2216.9+2421,bll,J2216.9+2421,bll,J2216.9+2421,bll,J2216.9+2421,bll
1803,J2219.2+1806,fsrq,J2219.2+1806,fsrq,J2219.2+1806,fsrq,J2219.2+1806,fsrq,J2219.2+1806,fsrq
1804,J2220.3+2812,bcu,J2220.5+2813,bll,J2220.5+2813,bll,J2220.5+2813,bll,J2220.5+2813,bll
1805,J2221.6-5225,bll,J2221.5-5225,bll,J2221.5-5225,bll,J2221.5-5225,bll,J2221.5-5225,bll
1806,J2222.3-3500,fsrq,J2221.9-3504,fsrq,J2221.9-3504,fsrq,J2221.9-3504,fsrq,J2221.9-3504,fsrq
1807,J2224.6-1122,bll,J2224.0-1127,bll,J2224.0-1127,bll,J2224.0-1127,bll,J2224.0-1127,bll
1808,J2224.6-1122,bll,J2224.0-1127,bll,J2224.0-1127,bll,J2224.0-1127,bll,J2225.5-1114,bll
1809,J2224.6-1122,bll,J2224.0-1127,bll,J2224.0-1127,bll,J2225.5-1114,bll,J2224.0-1127,bll
1810,J2224.6-1122,bll,J2224.0-1127,bll,J2224.0-1127,bll,J2225.5-1114,bll,J2225.5-1114,bll
1811,J2224.6-1122,bll,J2224.0-1127,bll,J2225.5-1114,bll,J2224.0-1127,bll,J2224.0-1127,bll
1812,J2224.6-1122,bll,J2224.0-1127,bll,J2225.5-1114,bll,J2224.0-1127,bll,J2225.5-1114,bll
1813,J2224.6-1122,bll,J2224.0-1127,bll,J2225.5-1114,bll,J2225.5-1114,bll,J2224.0-1127,bll
1814,J2224.6-1122,bll,J2224.0-1127,bll,J2225.5-1114,bll,J2225.5-1114,bll,J2225.5-1114,bll
1815,J2224.6-1122,bll,J2225.5-1114,bll,J2224.0-1127,bll,J2224.0-1127,bll,J2224.0-1127,bll
1816,J2224.6-1122,bll,J2225.5-1114,bll,J2224.0-1127,bll,J2224.0-1127,bll,J2225.5-1114,bll
1817,J2224.6-1122,bll,J2225.5-1114,bll,J2224.0-1127,bll,J2225.5-1114,bll,J2224.0-1127,bll
1818,J2224.6-1122,bll,J2225.5-1114,bll,J2224.0-1127,bll,J2225.5-1114,bll,J2225.5-1114,bll
1819,J2224.6-1122,bll,J2225.5-1114,bll,J2225.5-1114,bll,J2224.0-1127,bll,J2224.0-1127,bll
1820,J2224.6-1122,bll,J2225.5-1114,bll,J2225.5-1114,bll,J2224.0-1127,bll,J2225.5-1114,bll
1821,J2224.6-1122,bll,J2225.5-1114,bll,J2225.5-1114,bll,J2225.5-1114,bll,J2224.0-1127,bll
1822,J2224.6-1122,bll,J2225.5-1114,bll,J2225.5-1114,bll,J2225.5-1114,bll,J2225.5-1114,bll
1823,J2227.8+0040,bll,J2227.9+0036,bll,J2227.9+0036,bll,J2227.9+0036,bll,J2227.9+0036,bll
1824,J2229.0+6114,PSR,J2229.0+6114,PSR,J2229.0+6114,PSR,J2229.0+6114,PSR,J2229.0+6114,PSR
1825,J2229.7-0833,FSRQ,J2229.7-0832,FSRQ,J2229.7-0832,FSRQ,J2229.7-0832,FSRQ,J2229.7-0832,FSRQ
1826,J2230.5-7817,bcu,J2230.9-7815,bcu,J2230.9-7815,bcu,J2230.9-7815,fsrq,J2230.9-7815,fsrq
1827,J2230.6-4419,fsrq,J2231.0-4416,fsrq,J2231.0-4416,fsrq,J2231.0-4416,fsrq,J2231.0-4416,fsrq
1828,J2232.5+1143,FSRQ,J2232.6+1143,FSRQ,J2232.6+1143,FSRQ,J2232.6+1143,FSRQ,J2232.6+1143,FSRQ
1829,J2232.9-2021,bcu,J2232.6-2023,bll,J2232.6-2023,bll,J2232.6-2023,bll,J2232.6-2023,bll
1830,J2233.5-1235,bcu,J2233.9-1229,bcu,J2233.9-1229,bcu,J2233.9-1229,bcu,J2233.9-1229,bcu
1831,J2234.1-2655,bcu,J2234.1-2656,bll,J2234.1-2656,bll,J2234.1-2656,bll,J2234.1-2656,bll
1832,J2234.8+0945,PSR,J2234.7+0943,PSR,J2234.7+0943,PSR,J2234.7+0943,MSP,J2234.7+0943,MSP
1833,J2235.3-4835,fsrq,J2235.3-4836,fsrq,J2235.3-4836,fsrq,J2235.3-4836,fsrq,J2235.3-4836,fsrq
1834,J2235.6-2319,bcu,J2236.4-2309,bcu,J2236.4-2309,bcu,J2236.4-2309,bcu,J2236.4-2309,bcu
1835,J2236.0-3629,bll,J2235.8-3627,bll,J2235.8-3627,bll,J2235.8-3627,bll,J2235.8-3627,bll
1836,J2236.0-1706,fsrq,J2236.2-1706,bll,J2236.2-1706,bll,J2236.2-1706,bll,J2236.2-1706,bll
1837,J2236.3+2829,bll,J2236.3+2828,fsrq,J2236.3+2828,fsrq,J2236.3+2828,fsrq,J2236.3+2828,fsrq
1838,J2236.5-1432,BLL,J2236.5-1433,BLL,J2236.5-1433,BLL,J2236.5-1433,BLL,J2236.5-1433,BLL
1839,J2237.1-3921,fsrq,J2237.0-3921,fsrq,J2237.0-3921,fsrq,J2237.0-3921,fsrq,J2237.0-3921,fsrq
1840,J2238.4+5903,PSR,J2238.5+5903,PSR,J2238.5+5903,PSR,J2238.5+5903,PSR,J2238.5+5903,PSR
1841,J2240.9+5831,PSR,J2240.6+5833,PSR,J2240.6+5833,PSR,J2240.6+5833,PSR,J2240.6+5833,PSR
1842,J2240.9+4121,bll,J2241.2+4120,bll,J2241.2+4120,bll,J2241.2+4120,bll,J2241.2+4120,bll
1843,J2241.6-5237,PSR,J2241.7-5236,PSR,J2241.7-5236,PSR,J2241.7-5236,MSP,J2241.7-5236,MSP
1844,J2243.2-3933,bcu,J2243.5-3931,bcu,J2243.5-3931,bcu,J2243.5-3931,bcu,J2243.5-3931,bcu
1845,J2243.4-2541,bll,J2243.4-2544,bll,J2243.4-2544,bll,J2243.4-2544,bll,J2243.4-2544,bll
1846,J2243.6-1230,bll,J2243.7-1231,bll,J2243.7-1231,bll,J2243.7-1231,bll,J2243.7-1231,bll
1847,J2243.9+2021,bll,J2243.9+2021,bll,J2243.9+2021,bll,J2243.9+2021,bll,J2243.9+2021,bll
1848,J2244.1+4057,bll,J2244.2+4057,fsrq,J2244.2+4057,fsrq,J2244.2+4057,fsrq,J2244.2+4057,fsrq
1849,J2246.7-5205,bcu,J2246.7-5207,bcu,J2246.7-5207,bcu,J2246.7-5207,bll,J2246.7-5207,bll
1850,J2247.8+4413,bll,J2247.8+4413,bll,J2247.8+4413,bll,J2247.8+4413,bll,J2247.8+4413,bll
1851,J2248.6-3235,fsrq,J2248.7-3235,fsrq,J2248.7-3235,fsrq,J2248.7-3235,fsrq,J2248.7-3235,fsrq
1852,J2250.1+3825,bll,J2250.0+3825,bll,J2250.0+3825,bll,J2250.0+3825,bll,J2250.0+3825,bll
1853,J2250.3-4206,bcu,J2250.4-4206,bll,J2250.4-4206,bll,J2250.4-4206,bll,J2250.4-4206,bll
1854,J2250.7-2806,bcu,J2250.7-2806,bll,J2250.7-2806,bll,J2250.7-2806,bll,J2250.7-2806,bll
1855,J2251.5-4928,bcu,J2251.5-4928,bll,J2251.5-4928,bll,J2251.5-4928,bll,J2251.5-4928,bll
1856,J2251.9+4031,bll,J2252.0+4031,bll,J2252.0+4031,bll,J2252.0+4031,bll,J2252.0+4031,bll
1857,J2254.0+1608,FSRQ,J2253.9+1609,FSRQ,J2253.9+1609,FSRQ,J2253.9+1609,FSRQ,J2253.9+1609,FSRQ
1858,J2254.0+1403,bll,J2253.7+1405,bll,J2253.7+1405,bll,J2253.7+1405,bll,J2253.7+1405,bll
1859,J2255.1+2411,bll,J2255.2+2411,bll,J2255.2+2411,bll,J2255.2+2411,bll,J2255.2+2411,bll
1860,J2256.7-1022,PSR,J2256.8-1024,PSR,J2256.8-1024,PSR,J2256.8-1024,MSP,J2256.8-1024,MSP
1861,J2256.7-2011,bll,J2256.6-2011,bll,J2256.6-2011,bll,J2256.6-2011,bll,J2256.6-2011,bll
1862,J2258.0-2759,fsrq,J2258.1-2759,fsrq,J2258.1-2759,fsrq,J2258.1-2759,fsrq,J2258.1-2759,fsrq
1863,J2258.1-8248,bcu,J2258.5-8247,bcu,J2258.5-8247,bcu,J2258.5-8247,bcu,J2258.5-8247,bcu
1864,J2258.3-5526,bll,J2258.4-5524,bll,J2258.4-5524,bll,J2258.4-5524,bll,J2258.4-5524,bll
1865,J2300.3+3136,bll,J2300.3+3136,bll,J2300.3+3136,bll,J2300.3+3136,bll,J2300.3+3136,bll
1866,J2302.7+4443,PSR,J2302.7+4443,PSR,J2302.7+4443,PSR,J2302.7+4443,MSP,J2302.7+4443,MSP
1867,J2304.6+3704,bll,J2304.6+3704,bll,J2304.6+3704,bll,J2304.6+3704,bll,J2304.6+3704,bll
1868,J2307.4-1208,bll,J2307.4-1206,bll,J2307.4-1206,bll,J2307.4-1206,bll,J2307.4-1206,bll
1869,J2307.7+1449,bll,J2307.6+1451,bll,J2307.6+1451,bll,J2307.6+1451,bll,J2307.6+1451,bll
1870,J2309.6-3633,bcu,J2309.7-3632,bcu,J2309.7-3632,bcu,J2309.7-3632,bll,J2309.7-3632,bll
1871,J2311.0+3425,FSRQ,J2311.0+3425,FSRQ,J2311.0+3425,FSRQ,J2311.0+3425,FSRQ,J2311.0+3425,FSRQ
1872,J2311.0+0204,bll,J2311.0+0205,bll,J2311.0+0205,bll,J2311.0+0205,bll,J2311.0+0205,bll
1873,J2312.9-6923,bcu,J2313.4-6922,bcu,J2313.4-6922,bcu,J2313.4-6922,bcu,J2313.4-6922,bcu
1874,J2314.0+1443,bll,J2314.0+1445,bll,J2314.0+1445,bll,J2314.0+1445,bll,J2314.0+1445,bll
1875,J2315.7-5018,bll,J2315.6-5018,bll,J2315.6-5018,bll,J2315.6-5018,bll,J2315.6-5018,bll
1876,J2316.8-5209,bcu,J2316.9-5210,bcu,J2316.9-5210,bll,J2316.9-5210,bll,J2316.9-5210,bll
1877,J2317.3-4534,bcu,J2317.4-4533,bll,J2317.4-4533,bll,J2317.4-4533,bll,J2317.4-4533,bll
1878,J2318.6+1912,bcu,J2318.2+1915,bcu,J2318.2+1915,bcu,J2318.2+1915,bcu,J2318.2+1915,bcu
1879,J2319.2-4207,bll,J2319.1-4207,bll,J2319.1-4207,bll,J2319.1-4207,bll,J2319.1-4207,bll
1880,J2321.2-6439,bcu,J2321.7-6438,bcu,J2321.7-6438,bll,J2321.7-6438,bll,J2321.7-6438,bll
1881,J2321.6+4438,fsrq,J2322.1+4440,fsrq,J2322.1+4440,fsrq,J2322.1+4440,fsrq,J2322.1+4440,fsrq
1882,J2321.9+2732,fsrq,J2321.9+2734,fsrq,J2321.9+2734,fsrq,J2321.9+2734,fsrq,J2321.9+2734,fsrq
1883,J2321.9+3204,fsrq,J2321.9+3204,fsrq,J2321.9+3204,fsrq,J2321.9+3204,fsrq,J2321.9+3204,fsrq
1884,J2322.5+3436,bll,J2322.7+3436,bll,J2322.7+3436,bll,J2322.7+3436,bll,J2322.7+3436,bll
1885,J2322.9-4917,bcu,J2322.8-4916,bll,J2322.8-4916,bll,J2322.8-4916,bll,J2322.8-4916,bll
1886,J2323.4+5849,snr,J2323.4+5849,snr,J2323.4+5849,snr,J2323.4+5849,snr,J2323.4+5849,snr
1887,J2323.5-0315,fsrq,J2323.5-0317,fsrq,J2323.5-0317,fsrq,J2323.5-0317,fsrq,J2323.5-0317,fsrq
1888,J2323.9+4211,bll,J2323.8+4210,bll,J2323.8+4210,bll,J2323.8+4210,bll,J2323.8+4210,bll
1889,J2324.7-4040,bll,J2324.7-4041,bll,J2324.7-4041,bll,J2324.7-4041,bll,J2324.7-4041,bll
1890,J2324.7+0801,bll,J2324.7+0801,bll,J2324.7+0801,bll,J2324.7+0801,bll,J2324.7+0801,bll
1891,J2325.2+3957,bll,J2325.2+3957,bll,J2325.2+3957,bll,J2325.2+3957,bll,J2325.2+3957,bll
1892,J2325.3-3557,fsrq,J2325.4-3559,fsrq,J2325.4-3559,fsrq,J2325.4-3559,fsrq,J2325.4-3559,fsrq
1893,J2325.4-4758,bll,J2325.4-4800,bll,J2325.4-4800,bll,J2325.4-4800,bll,J2325.4-4800,bll
1894,J2325.6+1650,bll,J2325.6+1644,bll,J2325.6+1644,bll,J2325.6+1644,bll,J2325.6+1644,bll
1895,J2327.7+0941,fsrq,J2327.5+0939,fsrq,J2327.5+0939,fsrq,J2327.5+0939,fsrq,J2327.5+0939,fsrq
1896,J2328.4-4034,bcu,J2328.3-4036,fsrq,J2328.3-4036,fsrq,J2328.3-4036,fsrq,J2328.3-4036,fsrq
1897,J2329.2+3754,bll,J2329.2+3755,bll,J2329.2+3755,bll,J2329.2+3755,bll,J2329.2+3755,bll
1898,J2329.3-4955,fsrq,J2329.3-4955,FSRQ,J2329.3-4955,FSRQ,J2329.3-4955,FSRQ,J2329.3-4955,FSRQ
1899,J2329.9-4734,fsrq,J2329.3-4733,fsrq,J2329.3-4733,fsrq,J2329.3-4733,fsrq,J2329.3-4733,fsrq
1900,J2330.4-3726,bll,J2330.6-3726,bll,J2330.6-3726,bll,J2330.6-3726,bll,J2330.6-3726,bll
1901,J2330.5+1104,fsrq,J2330.5+1102,fsrq,J2330.5+1102,fsrq,J2330.5+1102,fsrq,J2330.5+1102,fsrq
1902,J2334.1+0732,fsrq,J2334.2+0736,fsrq,J2334.2+0736,fsrq,J2334.2+0736,fsrq,J2334.2+0736,fsrq
1903,J2334.8+1432,bll,J2334.8+1432,bll,J2334.8+1432,bll,J2334.8+1432,bll,J2334.8+1432,bll
1904,J2335.1-0133,fsrq,J2335.4-0128,fsrq,J2335.4-0128,fsrq,J2335.4-0128,fsrq,J2335.4-0128,fsrq
1905,J2336.5+2356,bcu,J2336.6+2356,bcu,J2336.6+2356,bcu,J2336.6+2356,bcu,J2336.6+2356,bcu
1906,J2336.5-7620,bcu,J2336.5-7622,bll,J2336.5-7622,bll,J2336.5-7622,bll,J2336.5-7622,bll
1907,J2336.5-4116,fsrq,J2336.6-4115,fsrq,J2336.6-4115,fsrq,J2336.6-4115,fsrq,J2336.6-4115,fsrq
1908,J2338.1-0229,fsrq,J2338.0-0230,fsrq,J2338.0-0230,fsrq,J2338.0-0230,fsrq,J2338.0-0230,fsrq
1909,J2338.7-7401,bcu,J2339.2-7403,bcu,J2339.2-7403,bll,J2339.2-7403,bll,J2339.2-7403,bll
1910,J2339.0+2122,bll,J2338.9+2124,bll,J2338.9+2124,bll,J2338.9+2124,bll,J2338.9+2124,bll
1911,J2339.6-0533,PSR,J2339.6-0533,PSR,J2339.6-0533,PSR,J2339.6-0533,MSP,J2339.6-0533,MSP
1912,J2340.7+8016,bll,J2340.8+8015,bll,J2340.8+8015,bll,J2340.8+8015,bll,J2340.8+8015,bll
1913,J2343.7+3437,bll,J2343.6+3438,bll,J2343.6+3438,bll,J2343.6+3438,bll,J2343.6+3438,bll
1914,J2344.4+0549,bcu,J2343.9+0546,bcu,J2343.9+0546,bcu,J2343.9+0546,bll,J2343.9+0546,bll
1915,J2345.2-1554,FSRQ,J2345.2-1555,FSRQ,J2345.2-1555,FSRQ,J2345.2-1555,FSRQ,J2345.2-1555,FSRQ
1916,J2346.7+0705,bcu,J2346.7+0705,bll,J2346.7+0705,bll,J2346.7+0705,bll,J2346.7+0705,bll
1917,J2347.0+5142,bll,J2347.0+5141,bll,J2347.0+5141,bll,J2347.0+5141,bll,J2347.0+5141,bll
1918,J2347.9+5436,bcu,J2347.9+5436,bcu,J2347.9+5436,bcu,J2347.9+5436,bcu,J2347.9+5436,bcu
1919,J2348.0-1630,fsrq,J2348.0-1630,fsrq,J2348.0-1630,fsrq,J2348.0-1630,fsrq,J2348.0-1630,fsrq
1920,J2350.4-3004,bll,J2350.6-3005,bll,J2350.6-3005,bll,J2350.6-3005,bll,J2350.6-3005,bll
1921,J2352.0+1752,bll,J2352.0+1750,bll,J2352.0+1750,bll,J2352.0+1750,bll,J2352.0+1750,bll
1922,J2353.3-4805,bcu,J2353.1-4806,bcu,J2353.1-4806,bcu,J2353.1-4806,bcu,J2353.1-4806,bcu
1923,J2353.6-3037,bll,J2353.7-3037,bll,J2353.7-3037,bll,J2353.7-3037,bll,J2353.7-3037,bll
1924,J2353.7-3911,bcu,J2353.8-3911,bcu,J2353.8-3911,bcu,J2353.8-3911,bcu,J2353.8-3911,bcu
1925,J2355.5+8154,fsrq,J2354.9+8151,fsrq,J2354.9+8151,fsrq,J2354.9+8151,fsrq,J2354.9+8151,fsrq
1926,J2356.0+4037,bll,J2356.2+4036,bll,J2356.2+4036,bll,J2356.2+4036,bll,J2356.2+4036,bll
1927,J2357.3-0150,bll,J2357.4-0152,bll,J2357.4-0152,bll,J2357.4-0152,bll,J2357.4-0152,bll
1928,J2357.4-1716,bll,J2357.4-1718,bll,J2357.4-1718,bll,J2357.4-1718,bll,J2357.4-1718,bll
1929,J2357.8-5310,fsrq,J2357.8-5311,fsrq,J2357.8-5311,fsrq,J2357.8-5311,fsrq,J2357.8-5311,fsrq
1930,J2358.0-4552,fsrq,J2358.0-4601,bcu,J2358.0-4601,bcu,J2358.0-4601,bcu,J2358.0-4601,bcu
1931,J2358.2-1022,fsrq,J2358.3-1021,fsrq,J2358.3-1021,fsrq,J2358.3-1021,fsrq,J2358.3-1021,fsrq
1932,J2358.3-2853,bcu,J2358.1-2853,bcu,J2358.1-2853,bcu,J2358.1-2853,bcu,J2358.1-2853,bcu
1933,J2358.9+3926,fsrq,J2359.0+3922,fsrq,J2359.0+3922,fsrq,J2359.0+3922,fsrq,J2359.0+3922,fsrq
1934,J2359.3-3038,bll,J2359.0-3038,bll,J2359.0-3038,bll,J2359.0-3038,bll,J2359.0-3038,bll
1935,J2359.5-2052,bll,J2359.3-2049,bll,J2359.3-2049,bll,J2359.3-2049,bll,J2359.3-2049,bll
